"PartSop_AbsoluteIntervallicTrimRatio","PartSop_Ambitus","PartSop_AscendingIntervallicMean","PartSop_AverageDuration","PartSop_DescendingIntervallicStd","PartSop_DottedRhythm","PartSop_HighestNoteIndex","PartSop_IntervallicKurtosis","PartSop_IntervallicMean","PartSop_IntervallicTrimDiff","PartSop_IntervallicTrimRatio","PartSop_IntervalsAugmentedAsc_Per","PartSop_IntervalsAugmentedDesc_Per","PartSop_IntervalsBeyondOctaveAsc_Per","PartSop_IntervalsBeyondOctaveDesc_Per","PartSop_IntervalsDiminishedAsc_Per","PartSop_IntervalsDiminishedDesc_Per","PartSop_IntervalsMajorAll_Per","PartSop_IntervalsMajorAsc_Per","PartSop_IntervalsMinorAll_Per","PartSop_IntervalsMinorDesc_Per","PartSop_IntervalsPerfectAll_Per","PartSop_IntervalsPerfectAsc_Per","PartSop_IntervalsPerfectDesc_Per","PartSop_LargestSemitonesAsc","PartSop_LargestSemitonesDesc","PartSop_LeapsAsc_Per","PartSop_LeapsDesc_Per","PartSop_RhythmInt","PartSop_StepwiseMotionAll_Per","PartSop_SyllabicRatio","PartSop_TrimmedAbsoluteIntervallicStd","PartSop_VoicePresence","y","PartSop_LargestIntervalAll_P8"
-0.17489086021462,-0.678832642141011,1.1245917338328,-1.01737663813856,0.0855106796485472,-0.680220580804325,0.840089088498078,-0.866419024738141,1.27721687930306,-0.185865646640548,0.382703801418125,-0.107814081985727,-0.495346035019633,-0.695188451283163,-0.350003531611403,0.105348763873707,1.56408678244663,-0.786437866332714,-1.08936357231981,-1.30488173240075,-1.3165475024119,1.54564314039563,0.766489172056849,0.433893600916953,-0.577476313850285,-0.0543277469032874,1.15174117481216,0.176536643793789,-0.0499446578386459,-1.33167993687628,-0.743439931831103,1.03286480416496,0.422814912644273,"Female",1
-0.268653985913012,-0.010535007180063,-0.749112205812198,-1.21535683145158,-0.360340318900878,2.02254058966784,1.2343190590869,-0.537098324328716,0.698997765080795,-0.292054303847473,0.747700481307597,0.341629399640682,-0.495346035019633,-0.695188451283163,-0.350003531611403,-0.729109981122807,-0.688163681552377,0.384662193192512,0.476479105496287,-0.451896063713038,-0.443157706047622,0.0293063283962096,0.224865809577589,-0.687376160977343,-0.577476313850285,1.05342098253682,-0.69704888590591,-0.290373931134109,3.82359435898435,0.305830524699211,-0.168799622758583,-0.265533226458889,1.80359168440962,"Female",1
1.30831112438713,1.66020908022231,-0.134127746225203,-0.182963220082613,-0.690675340091089,-0.0988494650392656,1.2343190590869,1.18256538704647,0.631969651113757,1.2644636838154,1.84302344415355,1.09449520918098,-0.495346035019633,-0.123526908482528,-0.350003531611403,0.454772176665845,-0.288743225600007,-0.647515135732993,-1.23210637769899,1.67722035765045,1.65198020697078,-0.55913358112521,-0.71162063797883,-0.434474856976688,0.1415354629316,-0.0543277469032874,-0.468070555307292,-0.934322617466386,-0.26092432556318,0.680729059122197,0.106131486246044,-0.955004970177255,-0.772453812225709,"Female",0
-1.2022853869171,-0.010535007180063,-0.386500076179171,-1.16286454225604,-0.187614358056314,1.34786080097694,0.0516291473204437,-0.635935441281246,0.277320898855296,-0.0422066041787161,0.0760029925488006,-0.76213734373751,-0.495346035019633,-0.695188451283163,-0.350003531611403,-0.729109981122807,-0.688163681552377,0.323517462286298,0.804129536839335,0.363628871764962,-0.0600438641012788,-0.369562607487218,-0.356200689464948,0.8261475118484,-1.29648809063217,-0.0543277469032874,0.12134352345553,1.18642911950418,0.393679980972595,-0.267113740128755,-0.473566169052424,-0.178249780010971,-1.03527394696165,"Female",0
0.777358426225049,0.323613810300411,1.35800981290629,0.486846461309243,0.834449657089668,-0.0634344051570812,0.0516291473204437,-0.588526366343673,0.277320898855296,0.302274282725935,0.0760029925488006,-0.76213734373751,-0.495346035019633,-0.695188451283163,-0.350003531611403,0.951046010486362,-0.688163681552377,-0.581711049408506,-0.746157274934187,-0.688870433394423,-0.155847660570711,1.14179564060024,0.46579935606922,0.269052763561541,-0.577476313850285,-0.0543277469032874,0.216040696773058,0.350590081842361,-0.215950320935992,-0.869130085235394,-0.955739393109781,1.5403657698975,2.20985458142245,"Female",1
-1.0788757830284,-0.678832642141011,-0.209876566191319,0.109921110346349,0.0250610927791728,-0.680220580804325,0.0516291473204437,-0.76119581608348,0.277320898855296,-0.78747111598329,0.0760029925488006,-0.76213734373751,-0.495346035019633,-0.695188451283163,-0.350003531611403,-0.729109981122807,0.640960440952299,0.0886402955002735,0.346549652222607,0.581998833506147,0.0526201399705039,-0.411823582473349,-0.00029359738127859,0.289719838470574,-0.577476313850285,-0.0543277469032874,1.43713582639379,0.714142438891841,-0.827047322906585,-0.585531131339818,0.32558810952525,-0.0670439729739708,1.22874350360235,"Male",1
-0.572198831841211,-1.68127909458243,-0.62594387888779,-0.83736751605382,0.44810784282161,1.73635428749099,-0.736830793857191,-1.18411533523933,-0.773536388153077,-1.06023511996295,-0.0322389196640421,0.613206454250429,3.42374258411432,-0.695188451283163,-0.350003531611403,-0.729109981122807,-0.688163681552377,0.662206950233836,0.90925228291508,0.948596336752596,0.759044921267205,-1.39524583596457,-0.0587854708808556,-1.14353761068274,-1.29648809063217,1.05342098253682,-0.129516366720727,-0.234037227660857,0.617769331648308,0.918893407809923,0.219561979834987,0.383473792109641,-1.73898071326532,"Male",0
-1.22893988711096,-0.010535007180063,2.03263401546496,0.592827300032351,0.651150919504744,-0.680220580804325,0.0516291473204437,-1.37516949895257,0.277320898855296,0.0853994509803367,0.0760029925488006,1.22408250665625,-0.495346035019633,-0.0836266738961897,-0.350003531611403,-0.729109981122807,-0.260864894283535,-1.2723722730459,-0.5268936970732,-0.919190171152155,-1.06540622952621,1.89307649403602,0.566202280412704,2.86580398204617,0.860547239713484,-0.0543277469032874,2.83717871516703,3.17149100713845,-1.04306952976648,-3.37570512581834,-1.06778630089464,2.03234406227979,1.96873645220826,"Male",0
1.1401480533132,-0.678832642141011,0.357760581033758,-1.11682726166904,-0.129339012166078,0.156395365958572,-0.342600823268373,-0.377339301528298,-0.573403608086644,0.729590373290315,-0.521906670025737,-0.76213734373751,-0.495346035019633,-0.695188451283163,-0.350003531611403,0.285130526007123,0.680582027260036,-0.134077973652227,-0.944569654729275,0.357524250572038,0.733550388970202,-0.106845660071936,-0.0714453383252512,-1.89742681310959,-0.577476313850285,0.684171406056786,-0.244623009510639,-0.807473488550931,0.362927280955787,0.183401083929001,-0.643300235184111,-0.124195975418924,0.140953869151678,"Male",1
0.248046693576666,0.657762627780885,1.18727740756464,-1.55393144346976,0.13427370368704,2.02567635979096,-0.736830793857191,-0.379390829603509,0.277320898855296,0.914891964309004,0.0760029925488006,-0.36245878344377,-0.495346035019633,-0.449064508187688,0.598678180221144,-0.729109981122807,-0.688163681552377,1.95858491106143,0.161891163137441,-0.765043494045859,-0.325388086907063,-1.27856470928416,0.539267184449448,0.512477435097624,0.1415354629316,-1.53132605282344,1.28615630866758,-0.493651832011212,2.2509867917891,0.902322608999349,4.63372798292722,0.194466922545287,-0.236747604037685,"Male",0
0.824670374824796,1.66020908022231,-0.25571139455586,1.09437121369316,1.59325567300394,-0.189089761854447,0.840089088498078,3.28578517704806,0.277320898855296,-0.630916623217329,0.0760029925488006,-0.76213734373751,-0.495346035019633,0.131416489678999,2.83613504775073,2.26663985297279,-0.110614034266182,0.881526478123937,0.806515545157061,0.029293130474111,-0.155847660570711,-0.956757311599435,-0.882023402983645,-0.609802159050338,0.860547239713484,-4.48532266466373,0.407326884828438,-0.295794874045566,-1.04961486829718,0.346324391736786,1.34083712921755,-0.606097113098262,-1.01986484893397,"Male",0
0.0997657349816756,0.323613810300411,0.444978235907696,-0.0616739582056332,0.165153496183678,-0.293687352484853,-0.736830793857191,-0.341955756927015,0.641177570036488,0.569855124360164,1.3770982633034,0.0315448277180077,0.25852868583473,0.282318000199472,-0.350003531611403,-0.729109981122807,0.677805666795901,-0.313452068304669,0.383712935346447,-0.889341532432844,-0.546082952224212,0.885742858384943,0.8086467381442,0.495368581408523,0.501041351322542,-0.0543277469032874,0.0400582991569648,1.83204718262393,-0.385583129967411,-1.23774837275556,-0.940481097123579,0.723083150200966,2.7021374285681,"Male",0
-2.51304088458551,-2.34957672954338,-1.20556215681665,-0.534136433419364,-2.00612117461778,-0.028166046709167,-1.13106076444601,-1.83900751442716,0.469583855867434,-0.0847676317670037,1.78707265740885,-0.76213734373751,-0.495346035019633,-0.695188451283163,-0.350003531611403,-0.729109981122807,-0.688163681552377,-0.588987805933384,-0.864227320924652,1.40564528054326,1.50589383325498,-0.160494902826779,0.303910279577366,-1.552601285633,-2.375005755805,1.7919201354969,0.369003409111185,-1.04133157839655,-0.386575907925753,0.258091858650051,-0.831835094112736,-1.12637420695569,-0.829900836211708,"Male",0
1.08483362451623,0.323613810300411,-0.423085495045568,0.775338037368377,1.34419823668399,-0.426169665033394,-1.52529073503483,0.63136855718644,-0.000466695248194663,-1.56694004550229,0.0689950532756083,-0.534910101851584,-0.495346035019633,-0.135478020875577,-0.350003531611403,-0.729109981122807,1.07165222977786,-0.809999109955318,0.391340398651756,-0.156672688370345,-1.24240291321183,0.929692114275621,-0.0855421378866215,0.7804778204238,2.29857079327725,-0.0543277469032874,0.520375945311448,0.301233733020224,-1.04338892426965,-0.851081265547557,-0.527212402474136,0.286907454339305,0.0619988178118844,"Male",0
0.876329847405156,-0.678832642141011,0.663709071106331,-0.782091016615247,-0.513044309413284,0.32733765818107,-0.342600823268373,-0.157628300451241,0.277320898855296,1.14031044348101,0.0760029925488006,-0.219439270883749,2.59752695289605,-0.695188451283163,-0.350003531611403,2.03930238785319,-0.688163681552377,-1.27768144958251,-1.5457875094409,1.14047953105499,1.73813758759317,0.345361392751786,0.101685258229448,0.631134301687575,-0.577476313850285,-0.0543277469032874,-0.562195924608556,-0.39566426591166,0.388822622025044,0.370706172045044,0.523568676705438,0.340219665167826,0.608196782828136,"Female",1
-0.673070411042459,0.991911445261359,0.405192837457409,-1.5012900960293,0.960662394378943,-0.680220580804325,-0.342600823268373,-1.16067659821495,-1.3387271992738,-0.90777010244359,-0.0151990559133343,-0.76213734373751,-0.495346035019633,-0.695188451283163,-0.350003531611403,1.19755538377265,0.61188050519609,-0.83830186023828,0.014618730516852,0.927690793383008,0.630649722607391,0.159744264455116,-0.506160157231317,-0.448227636822823,-0.577476313850285,-0.0543277469032874,1.26651689204021,1.87305364902012,3.03180545751811,-1.75484629462694,-0.698298056356376,1.28086628209648,-0.94075564030969,"Male",1
-0.265786989136532,0.991911445261359,0.834312455664026,0.702470195842727,1.212716647613,-0.680220580804325,0.840089088498078,-0.873153591150169,0.277320898855296,-0.624807702397435,0.0760029925488006,0.0959444775948892,-0.495346035019633,-0.695188451283163,-0.350003531611403,-0.729109981122807,0.0502386087280041,-0.198964398523429,-0.059171178804225,0.103206225976165,-0.238572978245798,0.187045355744773,0.489458896853512,0.689520839297057,-0.577476313850285,-0.0543277469032874,1.69110309074768,1.10524738471743,-1.07533943650687,-1.07257928056706,-0.966145299167935,1.37064307250512,1.72131059134373,"Male",1
0.662663606994786,-1.34713027710196,-0.786557281008722,-0.968351828647501,-0.908749478573209,0.861744858313786,0.0516291473204437,-0.602099567078834,0.829263480062463,-0.164728053263344,0.640070242950933,-0.76213734373751,-0.495346035019633,-0.695188451283163,-0.350003531611403,-0.729109981122807,0.347871531887165,-1.45314209884679,-0.972125178337476,-0.0392038829301872,-0.167454658989123,1.58525724560491,-0.441562232655036,-1.56745530835507,-2.01549986741405,1.42267055901686,-0.738386831948474,-0.906281721268383,0.782098355384614,-0.776135551277787,-0.940593679766332,-0.555901185894049,0.913638958701943,"Female",0
-1.28128785449918,-2.01542791206291,-1.36633257150083,-0.561786127548472,-0.284877006414211,-0.680220580804325,-1.52529073503483,-1.02772054060619,0.277320898855296,-1.43893493674745,0.0760029925488006,-0.76213734373751,-0.495346035019633,-0.695188451283163,-0.350003531611403,-0.729109981122807,0.771568013683972,0.414065838015533,0.852373797506438,-0.795337126112859,-1.22429534735227,0.182874668801265,0.237136048604874,-1.58748248060896,-2.375005755805,0.684171406056786,-0.223193514555641,-0.625074629940023,-0.155309585112421,0.0192320510640926,-0.424524798347516,-0.576026082964574,-0.886806835143044,"Female",0
-0.577916991674746,-0.010535007180063,-0.61856798056925,0.0680796681924382,-1.43443595344684,-0.185921175925738,0.445859117909261,0.789868976923252,0.022879283405187,0.990580905229023,-2.14942588614938,0.347891905986099,1.08618689000674,0.330153422293297,-0.350003531611403,-0.729109981122807,0.744650975332101,0.494040529097515,0.0494147994885111,1.17307566483513,1.01061452091083,-1.39294928976687,-0.995655512121184,-1.288968719236,0.860547239713484,1.05342098253682,-0.428172676903306,-0.0815096849399237,1.24036842257193,0.639213616251555,0.636475107263778,-1.18882138619597,-0.340436665628295,"Female",0
1.64516596334821,-0.010535007180063,-0.703934417965576,-0.809040430890333,0.006380355373645,0.229380607168601,-1.91952070562364,0.888896170922085,0.277320898855296,-0.11898039337432,0.0760029925488006,3.24419689374618,-0.495346035019633,0.538371311296027,-0.350003531611403,0.122436656262719,-0.113570773074819,-0.779327112999585,-0.585726415766478,0.692573235472686,-0.336092857853216,0.0649025894483839,-1.47347549538298,-0.0673800717235669,0.501041351322542,-0.0543277469032874,-0.804363646709162,-0.737843656912743,0.269585717055239,0.074913639273998,0.527713103997026,-0.522853142380777,0.287304795580525,"Male",0
0.618328101773078,0.657762627780885,-0.911257348450426,0.668724268649243,0.56131770487412,-0.680220580804325,0.840089088498078,1.04951780064855,0.773946975522872,-0.691835102879179,0.46871514865288,-0.112161744854501,-0.495346035019633,0.505585669765692,0.421391315468383,0.0998041874950038,0.989800326925288,0.536529665346156,0.957791246929231,-1.06646873771281,-1.70360812242788,0.113214497572742,-0.549753025768054,-0.116019187773696,0.501041351322542,-1.90057562930347,-0.954881430892868,-0.754824948994356,-0.967943075194169,0.556139665301861,-0.213885498275455,-0.426056991600339,1.79008765068269,"Male",0
0.673414577777376,-0.678832642141011,-1.16258489168703,0.39573959536553,0.0420111443437074,2.06588722407672,-0.736830793857191,0.160424850992489,-0.469252967136236,-0.818263012202952,-0.147867509998235,-0.76213734373751,-0.495346035019633,-0.695188451283163,-0.350003531611403,-0.729109981122807,-0.688163681552377,-0.104048320444663,0.748077299441108,1.43034759667789,0.683387071838866,-0.663883663590633,-1.58745132520618,-0.680165302948175,-0.577476313850285,-0.0543277469032874,-0.747386227265453,-0.26240764717944,1.3086132709524,0.401591355555262,-0.359606752956031,-0.779718307978832,-0.615192584064035,"Female",1
0.545305478422719,-0.678832642141011,-1.33642603942703,-0.969329190903999,-0.621642659822622,0.0582508192552518,1.2343190590869,1.06343380727519,-0.664313426038818,-0.260728161944415,-0.232132690500671,-0.145940004324027,-0.495346035019633,0.0637260063245992,-0.350003531611403,-0.729109981122807,-0.688163681552377,-0.24731369157387,0.0812253789692543,0.489758997829768,0.141181826514634,0.06591941169003,-1.14260230783032,-1.22189459865151,-0.217970425459342,-0.0543277469032874,-1.51208402769377,-1.29349803104872,0.0548469705847609,0.704715023822701,0.197852356173049,-1.17441652467409,0.0187483817632802,"Female",0
-1.10465202943322,0.657762627780885,-0.115498417755856,0.675036991799411,0.783226638483365,-0.499643188786391,-1.13106076444601,-0.925895044820482,-0.18619677270111,-1.57160305344899,0.0740227746411749,0.537813854028508,-0.495346035019633,-0.161511064150346,-0.350003531611403,0.376108910367591,0.0575980999932408,-0.389347239999251,0.67473020202679,-0.730659969050213,-1.63467951886339,0.832825654171551,0.256715042161549,1.78414894591793,0.501041351322542,-0.0543277469032874,1.65819703324004,1.34679358603232,-0.951285207020625,-1.48064391556123,-0.408749497462873,0.831358665927632,0.538494280869425,"Male",0
-0.588125767226255,-0.678832642141011,-1.30675578720045,1.22248448883131,-0.296779910689402,2.72495309724817,0.0516291473204437,-0.485164236357006,0.455014151844229,-1.03092338811049,0.752529431834639,-0.76213734373751,-0.495346035019633,-0.695188451283163,-0.350003531611403,-0.729109981122807,-0.688163681552377,0.73382779446355,1.55029070856858,-1.02796798795054,-1.28809052263422,0.162386866371499,-0.38917840303021,0.174088205594526,-0.577476313850285,-0.0543277469032874,-1.13046189524645,-0.427612209791595,-0.130671135013195,0.527017468821999,1.23041063851091,-0.51783786401441,-0.246685566710283,"Male",1
-0.408716232074475,-2.34957672954338,-0.971551886554107,-0.152120157439908,-1.18998115423848,-0.0721538525806656,-0.736830793857191,-0.55444010596975,-3.07113076046819,0.408551214250301,-0.0547505372227753,0.803003898372787,-0.495346035019633,-0.695188451283163,-0.350003531611403,1.2669153369089,2.00552787339045,0.0903659236644163,-0.0583170296862724,-0.696058233527219,0.266647081859483,0.0565929412509944,-0.0232906710236068,-1.46846385692871,-1.65599397902311,1.42267055901686,-1.41542448682912,-1.15955110157106,-0.621658527356551,0.540767713748176,-0.807438904522632,-0.864652234080463,-0.557027472278212,"Female",0
-0.246246356292091,-0.010535007180063,-0.881857532350284,-0.0362576101220201,0.599481707931651,-0.420283658815586,1.2343190590869,-0.305615854180071,-0.4850770199342,-1.22424079844284,-0.025729131797295,-0.405775494440997,0.858607470922816,-0.695188451283163,-0.350003531611403,-0.729109981122807,-0.074845932248458,0.896840917913874,1.59720132520092,-0.453204855269972,-0.973517357896903,-0.600722198774819,-0.654344148603367,-0.139381910728921,-0.577476313850285,-0.0543277469032874,-0.386432399622681,0.151185859311305,-0.636559626276413,0.321640404350857,0.606636529126011,-0.447844629384417,0.523408312427793,"Female",1
-0.189361064776218,-0.344683824660537,1.44022963759313,-0.780824263503113,3.30680384531207,-0.680220580804325,0.445859117909261,-1.29304649512865,3.23740899938879,-2.23228373346743,0.0270667316757598,-0.76213734373751,-0.495346035019633,-0.695188451283163,-0.350003531611403,-0.729109981122807,0.978724656902345,-2.21575672072429,-0.476731700574934,1.25041227570147,0.105597105784607,1.4143587708214,-0.727016304065447,1.28794167338213,-0.577476313850285,-0.0543277469032874,1.36170000529858,0.363547982504393,-0.0389979313021418,-1.5894651567581,-0.258524638745284,4.51502616294297,-2.81900404172693,"Male",1
0.123469266976738,0.657762627780885,-0.746817699076751,-0.14019979014506,-0.199845747622844,-0.138056056645129,0.0516291473204437,0.081772041447815,0.424415067688694,-0.0846010755445286,2.31274742114911,0.681719890681582,-0.495346035019633,-0.695188451283163,-0.350003531611403,-0.115326057988828,-0.688163681552377,0.237483684197042,0.463640573742488,0.239443236892856,-0.0444890041579053,-0.360890568699675,-0.622364910851012,-0.0507228197109528,-0.577476313850285,-0.0543277469032874,-0.812020758290124,-0.330913363460365,0.288328112643367,0.586297430035102,0.878768317146347,-0.515155948758167,0.682773096399219,"Male",1
-0.128107028573331,0.991911445261359,0.524033519526303,-0.4565194319473,0.267042659816899,-0.0935183592479834,0.445859117909261,-0.187892687754644,0.277320898855296,0.0379793534255806,0.0760029925488006,0.357420054052387,-0.495346035019633,-0.00575972369957326,-0.350003531611403,-0.729109981122807,-0.688163681552377,0.90670901208486,-0.0953717047259769,-0.796841680024402,-0.220607737583309,-0.261974738580826,1.45361056958668,0.557296827410491,1.22005312810443,-0.0543277469032874,0.146589727702771,-0.646913102193512,1.25232027291871,0.947860533756782,0.447124923281339,0.361116432761258,0.391939189768989,"Male",0
-0.947462131786919,1.66020908022231,-0.785838576247474,0.51919059950933,-0.480453735776134,-0.52485143960041,1.2343190590869,-0.495911751871659,0.277320898855296,0.23890402930332,0.0760029925488006,-0.187562732096436,1.6876803225792,0.012463062051551,-0.350003531611403,0.00364527512964803,-0.688163681552377,-0.00226559346977202,1.06354575101382,1.45638709522635,1.31761050869758,-0.976936413670206,0.00636651123597342,0.149753227401237,-0.217970425459342,-0.0543277469032874,-0.406644136845038,1.76040228662565,-0.219567774106339,0.0209993694737307,-0.384608084945263,-0.508210526745662,-0.104632158388469,"Male",0
0.539609936861987,1.66020908022231,1.0487066628939,1.69809275895067,3.33788007591819,-0.680220580804325,0.840089088498078,-0.707797367441913,0.715049885903437,-1.43662256258481,0.146138056104804,0.956538983616387,-0.495346035019633,2.83270818547337,9.16876040863524,-0.729109981122807,-0.688163681552377,1.5145574186888,1.69211589447681,-0.630989173174251,-1.01745061783789,-1.03479982399571,1.56099707413086,1.63539401927324,1.22005312810443,-1.53132605282344,1.53083970723886,1.54617096932315,-0.871041389746274,0.0699426178077867,0.909677516627023,2.67134513536826,1.22170864824282,"Male",0
1.03965036573084,-0.010535007180063,1.30702968850839,0.510755560926136,0.86639038694465,0.0123571164266905,-1.13106076444601,-0.445980974477648,-0.0979538687018756,0.0208505220415792,-0.862719994136835,0.056451172010545,-0.495346035019633,0.312992888844325,-0.350003531611403,3.44667520304392,0.720670813710596,-1.5566631266918,-1.17912506933964,-0.568572523222108,0.45971177438063,1.66753800736632,0.932258586929355,0.906985818826106,-0.217970425459342,-0.0543277469032874,-0.115358622229792,0.399068193831832,-0.100807110388355,-0.930566025758385,-0.79366144208194,1.54018188359311,1.70966646227884,"Female",0
-0.637038473672338,0.657762627780885,-1.39494982032926,0.0212607752253414,-0.209553828167327,-0.680220580804325,0.840089088498078,-0.0345001311263451,-0.202675038547726,-1.01557907775404,-0.181498715697289,0.808388558609401,-0.495346035019633,-0.695188451283163,-0.350003531611403,-0.442982498606816,-0.495095192809356,0.282575570828184,0.56723749198684,2.16626061132707,1.0078471063211,-1.72070337858111,-1.23747052039242,0.00880191991899221,-0.577476313850285,-0.0543277469032874,-0.009778587952694,-0.83923697896731,-0.786144232160727,1.37383229467986,1.97212068999882,-1.3383952607934,0.247883670616527,"Male",1
-1.03091494002484,-1.01298145962149,-0.288850196176882,-0.439996643454287,-1.74397480899445,-0.617740329830885,0.840089088498078,0.000898198416961913,0.277320898855296,1.02036557646159,0.0760029925488006,-0.76213734373751,-0.495346035019633,-0.695188451283163,-0.350003531611403,-0.729109981122807,-0.688163681552377,1.41388982797084,0.0905269660013511,-1.14978655976088,-0.868461038338895,-0.437445984478087,-0.522078731582602,-0.875201397600554,-0.577476313850285,0.684171406056786,0.108759389963901,-1.69625491353732,-0.327627075596743,0.837470355781756,-0.12743017169501,-1.19112845180166,-0.196262129009972,"Female",1
0.288394658358473,-0.010535007180063,-0.595870533754249,0.688956628757064,0.854372849877787,0.210667881476851,-0.736830793857191,0.000970913485043358,0.277320898855296,-1.3048677533535,0.0760029925488006,0.167281446114205,0.387457379187499,-0.409018213408495,0.753036130958744,0.45617821248271,-0.488216268032275,0.800308205237072,1.40135280287069,-0.529876635920169,-1.29380219672261,-0.457017681150657,-1.5736418198497,0.267766255499383,0.860547239713484,-0.423577323383324,0.293378265313081,-0.090291760844804,-0.987263224742038,-0.0389757631675026,1.10182810687684,-0.32844976010759,-0.139344961637651,"Female",0
1.14673324057308,0.657762627780885,1.04218127998225,0.694820804935911,1.21393024715384,-0.680220580804325,0.840089088498078,0.358768163834409,0.684081304506833,0.348838856639206,1.11997593020193,-0.76213734373751,-0.495346035019633,0.616133128528906,0.913614694081186,-0.729109981122807,-0.688163681552377,0.873683720513952,0.506048926289008,-1.01158799037709,-0.812787979218241,0.0109334181719006,0.106174336148021,1.09364141876392,2.65807668166819,-0.792826899863361,0.108213243121588,0.0250527724372313,-0.710973559468466,0.226008705744177,0.555681524760522,0.874412053044887,-0.138846930027189,"Male",0
0.864689249301163,-1.01298145962149,-0.951151478925042,0.915560834142194,0.255971407479935,0.274259919861904,0.0516291473204437,-0.548096754810731,0.277320898855296,-1.10797918631738,0.0760029925488006,-0.253974602792627,0.470005230905538,-0.695188451283163,-0.350003531611403,-0.0810498129307199,0.623699088711973,-1.82916009601232,-0.39722565113622,1.13375031456451,0.275269423541731,1.01202456589535,-1.23891664745335,-0.643963629464156,-0.577476313850285,0.684171406056786,-0.597240909365699,-0.0739281662332492,-0.998106727593708,-0.841310475942111,-0.319021262728842,0.233225198120515,0.70615424832302,"Female",1
0.586691638740469,0.657762627780885,-0.802096173605373,0.0670092595515618,1.94378787907324,-0.680220580804325,-0.736830793857191,0.641677273917093,0.637090932734816,-1.97615152556396,-0.16954907269168,-0.291276560912517,-0.495346035019633,0.174686423411658,1.88527780625636,-0.428865498867754,-0.688163681552377,1.56897384244718,2.51907947551696,-1.10405022445844,-1.9580052669914,-0.683477888796553,0.141228038450809,1.19977864668019,1.93906490488631,-1.90057562930347,-0.163683103432545,0.110740964109363,-0.693353802719569,0.810812761589875,0.848650484925102,-0.373909441415352,-0.260684897326045,"Male",0
0.0713811577986491,-1.68127909458243,0.296789999188749,-0.486023555065356,-1.97906046993038,-0.680220580804325,0.840089088498078,0.451047116879756,-0.715106978833937,1.4119782269729,-0.588246197102401,-0.76213734373751,-0.495346035019633,-0.695188451283163,-0.350003531611403,-0.729109981122807,0.708979241135798,-0.476127013407266,-1.95486831351029,-0.327243559493389,0.219814528904862,0.764867207847446,0.495643756062683,-1.67493565326474,-0.577476313850285,1.7919201354969,0.147277189177344,-1.85706361574259,-0.240012265257652,0.127989354911396,-0.883195493249799,-0.976951979842725,-0.109944040743338,"Female",1
0.0778262442092034,-0.344683824660537,-0.253022114290874,-0.689342297753668,-0.714480036192466,1.74805900928229,-0.342600823268373,-0.0435044042249795,-0.758069224621354,0.663894220176958,-0.40126745900106,-0.76213734373751,-0.495346035019633,-0.695188451283163,-0.350003531611403,-0.00904312757603794,-0.202288581454478,0.451258767943579,0.178862801577204,-0.280472698576481,-0.0360929149839202,-0.155915106448675,-0.468291604765061,-0.349941401201643,-0.577476313850285,-0.0543277469032874,-0.772709201101113,-0.265291314329506,0.393409952074139,0.393880176679644,-0.255299855063833,-0.534750526003759,-0.22994723662622,"Male",1
0.366212156184476,-0.678832642141011,0.119024278631683,0.958562679906621,-0.967202060362873,-0.502042888348091,0.0516291473204437,0.962571995361378,-1.64633957183993,0.647518309353479,-0.179004538853948,-0.76213734373751,-0.495346035019633,0.596797287539727,-0.350003531611403,-0.0602006922382087,-0.688163681552377,-0.664876292260217,-0.627936023767053,-0.332370963001066,0.0868724135944715,1.05017181407006,-0.917744621375605,-0.603637736156526,-0.217970425459342,-0.0543277469032874,-0.311357296557402,0.136558912998452,-1.03383631322357,-1.00361887740067,-0.401827459711547,-0.268197953728295,-0.793471016123025,"Male",0
-0.5110918445611,-1.01298145962149,-0.889332061867269,-0.834687443353768,-0.742224046818877,-0.125029220252288,-0.736830793857191,-0.695642363538057,0.277320898855296,0.198104390685885,0.0760029925488006,1.80872540611514,0.48142200014779,-0.695188451283163,-0.350003531611403,-0.0733855008232997,-0.688163681552377,0.467609555595238,0.0857591823724536,0.794026571663315,0.369593989250955,-1.10867253442651,-0.450984531771945,0.216385388833002,-0.577476313850285,1.05342098253682,-0.397035113013555,-1.2434380323955,-0.0572601031086125,1.47406332953086,-0.0932861299576825,-0.881908551775258,-0.254735672674466,"Female",1
-0.0736203968267874,-0.344683824660537,-0.341199897288352,0.726909351536534,1.22509503291745,-0.517553048413283,-0.736830793857191,-0.0235137417206874,0.754906998142646,-1.87871112672881,-0.0639568786005505,-0.137080937143948,-0.495346035019633,0.459549601227085,-0.350003531611403,-0.729109981122807,-0.15028597489447,-0.0512568759537463,0.519699050094829,-0.28125556963364,-1.07179929295018,0.33872777667996,0.359520396507847,1.10051716978397,0.501041351322542,-0.0543277469032874,1.53937184974392,-0.139483273538009,-1.09407316674027,-0.468145525086367,-0.625287982246741,0.0520472143864183,-0.487038730498035,"Female",0
0.44593456425301,0.657762627780885,0.70616044692564,-1.28254613291592,-2.39506035876757,0.50213139074168,0.0516291473204437,1.06687811126291,0.157852807684919,2.96792389910886,-8.3155719751932,-0.76213734373751,0.247231861845875,0.749099302705658,-0.350003531611403,1.26492130562213,-0.351788612253838,1.86878693186127,-0.329132644530318,-0.848639217564958,0.590316523470055,-1.2953684453209,-0.899410509765501,-1.68315960223004,0.860547239713484,1.7919201354969,-1.07158376394715,-2.12054942120438,0.790135266706719,1.83964387195209,0.654826533254611,-1.62786832938343,-0.0536101305061662,"Female",0
-0.74665214743285,-0.678832642141011,-0.853777543083772,-0.405377732661374,-0.633545609147902,-0.295937657889311,0.445859117909261,0.0282137542598434,0.277320898855296,-0.0941247593129588,0.0760029925488006,0.0196514884853967,0.247231861845875,-0.695188451283163,-0.350003531611403,-0.230602159436592,-0.0154135429552824,-0.0800868339357091,0.303159559667342,1.30823936873728,0.548862957690012,-0.802335750616571,-1.52992190832864,-0.343989534232767,-0.577476313850285,-0.0543277469032874,-0.0303433514512749,0.232151351809309,0.414044507604795,0.013821514334488,1.24322193743803,-0.968816746281684,0.0430887604326715,"Female",1
0.337293704945744,2.66265553266373,-1.62875867314487,-0.536611385122224,1.44350150601359,-0.680220580804325,2.02277900026453,6.45244078649227,-0.115689859281261,-1.42955514482763,-0.00608004105741599,2.91190313069979,-0.495346035019633,-0.468939305470521,1.39414556864035,0.676541651293883,-0.213922210611738,0.328648438048223,0.99678570609956,0.369052262207212,-0.687153926202242,-0.826346982947085,-0.942309876861672,-0.789775987290412,0.1415354629316,-5.59307139410384,-0.988072697999713,-0.6803606778059,-0.408073329131818,0.736272956747843,2.41014743363891,-1.15582946374811,-1.15144459546667,"Female",0
-0.312493240829973,0.657762627780885,-0.805434281574578,-1.65579607589544,-0.333332689426381,0.195395507837745,1.62854902967571,-0.234000412993336,0.277320898855296,-0.372081622907765,0.0760029925488006,-0.76213734373751,0.97511979042529,-0.695188451283163,-0.350003531611403,-0.482321489773685,-0.688163681552377,1.02292883788143,1.32628657075093,-0.246298170024949,-0.435689981489395,-0.739166444595436,-0.489287863009335,-0.147207036407173,-0.577476313850285,1.05342098253682,-0.763411389966344,-0.0919033396653948,2.29022530409961,0.751291987944323,1.51986096380069,-0.666328383705126,-0.299333939049877,"Female",1
-0.897815462535107,-0.344683824660537,1.68661909580902,1.33366284483404,-0.0176633285191691,0.189185464655886,-0.342600823268373,-1.18755523135635,-0.45973647717893,0.725188387830182,-0.612797037363602,-0.76213734373751,-0.495346035019633,0.78989839180141,-0.350003531611403,-0.729109981122807,0.349467888148251,0.449254039355108,-0.293272526039315,-0.662566850473946,0.163836617902498,0.0987720275577218,0.684677449857935,0.250692767149071,-0.217970425459342,-0.0543277469032874,0.784412564541263,1.10478382545961,-0.772826855012383,-0.69617698881546,-0.99337990008766,1.27172976319762,1.52525936969093,"Female",0
-0.76188860971361,-1.34713027710196,-1.2090758245383,-1.62265826851741,0.116907921452039,5.27883335578754,-0.736830793857191,-1.04409558554305,-2.97234103759995,-1.57799795603061,0.0761547357970479,-0.76213734373751,-0.495346035019633,-0.695188451283163,-0.350003531611403,-0.729109981122807,2.97174332244603,-0.183333708630835,0.60000911874509,0.0338159930008052,-1.3859371668698,0.00509460447892129,-0.491897707851362,1.01672370442359,-1.65599397902311,1.05342098253682,-0.252298584308187,-0.569048035539274,1.64612223145922,0.515621206043509,-0.91623272296499,-0.0248669093987632,-0.880166982199457,"Female",0
-0.100802072389206,0.657762627780885,0.134331980591372,1.52722891641821,1.18908436328648,-0.342517406121433,0.0516291473204437,-0.717102859273982,0.277320898855296,-1.4622161369772,0.0760029925488006,-0.76213734373751,-0.495346035019633,-0.695188451283163,-0.350003531611403,-0.729109981122807,0.119297815732634,0.00639362940356821,0.250381064482056,-0.953888244046066,-1.03333117409693,0.763230257731524,1.17728770483418,-0.225808578591761,-0.577476313850285,-0.0543277469032874,1.03517324971857,0.155080969568378,-1.09258545734871,-0.76853918141666,-0.819636999317685,0.834685531733862,0.629263211795085,"Male",1
-1.15600817944628,0.657762627780885,0.391661891817164,-1.00728311958132,-0.822595216963457,1.09046973178297,0.0516291473204437,-0.942890700415329,-1.0344256378345,0.63148076103967,-0.295264891277723,-0.0468077084037369,-0.495346035019633,-0.695188451283163,-0.350003531611403,-0.729109981122807,-0.0726034541888419,0.984184527851043,-0.387284676810626,-1.35738840735418,-0.342047680902637,0.0142477721968896,2.37240366643756,-0.0349276889238551,-0.577476313850285,-0.0543277469032874,0.158477972590102,-0.130602444097222,0.121346835916101,0.53653831939931,-0.82254130760222,-0.224835954887688,-0.771447147085767,"Male",1
-1.7489781879706,0.323613810300411,-0.274009502920614,0.077201256639152,0.61715238788768,-0.680220580804325,-0.342600823268373,-1.34100585001519,0.277320898855296,-0.860759027598895,0.0760029925488006,-0.76213734373751,-0.495346035019633,0.0305806459772746,-0.350003531611403,0.022405575365012,0.833122964687918,-0.672819120303443,1.25035261950051,1.98761086605401,1.29852322559174,-0.669226823301316,0.964074986080521,0.686687380751156,-0.217970425459342,-0.0543277469032874,1.79513787373603,4.01225541578437,-0.513114393389476,-1.87026732617643,-0.997088115569793,0.458572943985767,-0.542504348236808,"Male",0
1.2765144376031,-1.68127909458243,-0.926146908741973,-1.24605783943565,-0.695399738642924,2.31303692651601,-1.52529073503483,1.83532636670886,0.277320898855296,0.412109703285883,0.0760029925488006,-0.76213734373751,-0.495346035019633,-0.695188451283163,-0.350003531611403,-0.729109981122807,0.0736269165649305,-0.404256889393288,-0.339861584646792,-0.961258786843132,-0.894086898212351,1.18477935519665,-0.329525207218048,-0.987578913970275,-0.577476313850285,-0.0543277469032874,-1.54669223647897,-1.53842057488332,0.654976285881768,0.299998436358692,-0.0537792664175841,-0.959991459330465,-0.448472793164043,"Female",1
0.995152976317018,0.991911445261359,1.85132876102732,2.47058152621037,1.79725549789249,-0.680220580804325,1.2343190590869,0.07287477850968,1.39705459980617,-0.61945697380008,0.264441287135064,-0.76213734373751,-0.495346035019633,2.91462938078383,1.38924627341493,-0.729109981122807,-0.688163681552377,-2.11605973256344,-1.08966849947852,-1.15325077905258,-0.240617873738887,3.10721039630478,2.87003403981207,0.713302789114891,1.93906490488631,-1.1620764763434,1.0890009246952,1.98976879777732,-1.23439567287525,-2.76048842132298,-1.12417055048858,2.25226298817385,0.393697036250411,"Male",0
0.659422085751874,0.323613810300411,0.571426244751674,0.525520478584287,0.228057600100002,-0.122229936081437,0.445859117909261,-0.47619572191144,0.0763334042980652,0.631516163361144,-2.34711876974894,-0.104514973102937,-0.495346035019633,-0.695188451283163,-0.350003531611403,0.109556118890507,-0.122262094379518,-0.0683338631286289,-0.136870037643066,-0.0486126064395029,0.110430538439914,0.13732656164344,-0.356200689464948,0.0851750852054151,-0.577476313850285,-0.0543277469032874,0.0132118030583561,0.575852584097659,-0.0191701690717167,-0.47016415901761,-0.749195749194905,0.399477709513434,-0.637812349758523,"Male",1
-0.850263060284515,-0.010535007180063,1.78126675502851,1.21309968417281,0.612890703060046,-0.680220580804325,-0.736830793857191,-0.995253705927096,-0.276325208837076,-0.151060522259999,-0.491775508833912,0.143615689891128,-0.495346035019633,-0.137421459870037,-0.350003531611403,3.31376537368678,0.870685597928418,-0.526514188939312,-1.0022941632087,-0.801179810469356,0.368079351371492,0.77829815619439,1.36486190587222,1.20560383056,0.501041351322542,-0.0543277469032874,1.70873970632782,0.740327527857372,-1.169119840492,-1.09794637167264,-1.06635759240671,1.55235333041623,1.44503253484255,"Male",0
-0.727561634140582,0.991911445261359,-1.16231487900934,-0.517535995281813,0.394969239655245,-0.266077836176319,1.2343190590869,0.0595507683539277,0.277320898855296,-1.3855719751682,0.0760029925488006,0.216075932581426,0.124087693949017,-0.293596217465726,0.423962631625291,-0.729109981122807,-0.407570811245843,0.61495688556365,1.29679054594334,0.77564384366272,-0.0238180535612744,-1.07851623176678,-0.541150699710135,-0.0207138798182227,0.1415354629316,-0.792826899863361,0.215553284851571,-0.0620504535927899,-0.155172238640343,0.521488724507932,1.89091094408689,-0.881059759346562,1.29447458456784,"Female",0
0.415665961579421,0.991911445261359,-0.507183580928447,-0.234853672173378,0.796575701947951,0.0907621387547299,0.840089088498078,0.337451537316422,0.67225999813387,-0.46019376683811,0.699240261865845,-0.76213734373751,0.48658325792936,-0.695188451283163,3.33068099633073,-0.0699206422748399,0.201430623250398,1.37117866518391,1.06874006562377,-1.08291760051599,-1.12258643240806,-0.613784938044704,0.204513013986449,-0.976601444821701,-1.29648809063217,-1.90057562930347,-0.603996057792576,-0.842527576659681,0.58909116680408,0.965567635184485,1.25403911584119,-0.321143997398572,0.83907803467435,"Female",0
-0.255391273148962,-1.34713027710196,-0.267358258536788,-1.40321694764842,-1.81489485121576,-0.680220580804325,-1.52529073503483,-0.756174977425812,0.277320898855296,1.01314959591605,0.0760029925488006,-0.76213734373751,0.637764444801085,-0.695188451283163,-0.350003531611403,-0.729109981122807,-0.688163681552377,0.124152460463567,-0.288984165570065,-1.14632570099233,-0.236353518503292,0.804304480281964,0.273926250928341,-1.2435198677119,-1.29648809063217,1.7919201354969,-1.21558322140022,-0.575109699598891,0.69451591265721,0.036457568378354,-0.106281241875739,-0.474204879194799,-1.49445199115866,"Female",0
0.57113824020068,-0.010535007180063,-0.916647618241634,-0.650446269534168,-0.487064367475433,-0.39110206096968,0.840089088498078,0.67273455570128,0.277320898855296,0.643627268778472,0.0760029925488006,-0.76213734373751,-0.495346035019633,0.50808415940582,-0.350003531611403,-0.106130793222796,-0.688163681552377,1.24040553551842,0.824969130086298,0.633604029240757,0.847266528586045,-1.51381701379851,-0.402957714526935,-0.960241827695681,0.1415354629316,-0.0543277469032874,-1.47730499001192,-1.29291364389717,0.658799425523864,2.03398680546453,0.229258945070654,-1.31339493772057,-0.674727293772706,"Female",0
-1.12125682039819,1.66020908022231,-0.393094066715941,-0.105314397402115,-1.12716495344502,-0.680220580804325,2.02277900026453,0.0484717461034923,0.277320898855296,0.632259911910459,0.0760029925488006,-0.348516508084699,-0.495346035019633,-0.185769127201846,-0.350003531611403,-0.729109981122807,-0.688163681552377,1.4079432233183,0.954115129462964,-1.10676578995232,-0.857666169590963,-0.495432453060311,-0.0512091292297551,-0.0836299582221354,1.22005312810443,-0.0543277469032874,-0.373387673397592,0.0945696177360315,-0.674695435613099,0.423381901883683,1.10006026705147,-0.728198155489639,-1.29462852753323,"Female",0
0.802268185430885,-0.010535007180063,-0.352862283768754,0.406256744999259,-0.18859571340493,-0.569182308693918,0.445859117909261,-0.0380233372981433,1.00297356427734,0.0611447262504626,0.573719927143937,-0.287276529990457,-0.495346035019633,-0.695188451283163,-0.350003531611403,-0.123519775409309,-0.279533287902072,0.0069661469547084,0.057963348293456,0.307738990357906,-0.0459755881634137,-0.133789798897758,-1.00936152661725,-0.726108061402084,-0.577476313850285,-0.0543277469032874,-0.301183798552753,-0.419448520592187,-1.03374277773675,0.0297809115552758,-0.991309890961324,-0.32723681082626,0.84033257062447,"Male",1
-1.0495256967307,-0.010535007180063,-0.789438816920644,-1.61229721094551,-0.646335640502311,-0.473846418498113,0.840089088498078,-0.590815048168975,0.277320898855296,-0.632935525824473,0.0760029925488006,-0.76213734373751,0.777462997107753,-0.695188451283163,-0.350003531611403,0.979815804863227,0.176677357063676,0.475724695333545,0.757682044441939,-0.275018071296378,-0.666138216037705,-0.342734724936716,-0.885873449970218,-0.244744190837354,-0.577476313850285,0.684171406056786,0.200350039026551,-0.260941124673327,1.8261129348324,0.0574725040269674,-0.240979433903085,-0.771388334991648,0.67600486821075,"Female",1
-0.656408952383136,0.657762627780885,-0.707964801528657,-1.20410637899563,-1.60430077829312,-0.402624900528307,0.840089088498078,2.20360417642111,1.02102462560625,0.810602684798325,0.783987978629092,-0.27546407193705,-0.495346035019633,0.50359433623161,-0.350003531611403,1.75350857364299,-0.688163681552377,0.29361229758433,0.203766516087476,0.330295257076623,0.970204424797608,-0.521560580862895,-0.715058918298894,-1.36389079795924,1.57955901649537,1.05342098253682,-0.98502957542915,-0.189455172263568,0.62735393282682,0.419914348361567,1.23057026679106,-1.03911732317335,-0.61714645086821,"Male",0
0.0825846273373965,-0.678832642141011,1.27544306912795,-0.281064825704025,0.390936881714935,-0.680220580804325,0.0516291473204437,-0.803124465186179,1.41408477016283,-0.385530867015085,0.307022379314096,-0.76213734373751,-0.495346035019633,0.220991549821271,-0.350003531611403,-0.729109981122807,0.592107970036407,-0.988236976134102,-0.869882104920477,-0.958754563855863,-1.38936707423844,1.71844231077412,0.0077218592114193,1.16076916726743,0.1415354629316,0.684171406056786,1.72683232565679,0.323952626019338,-0.829387625843624,-1.78150749207297,-1.04810401804663,1.19765133656186,-0.531176311484512,"Male",0
0.531636811986825,2.32850671518326,1.7080669452851,-0.128290980924416,1.62684901400614,-0.680220580804325,-1.52529073503483,0.138091018583931,-0.568247701983967,0.271262589194688,-0.405957098012047,-0.76213734373751,-0.495346035019633,4.1725962010496,1.52627807623518,0.783030411325438,-0.688163681552377,-1.56421516576019,-0.910084883429876,0.0625813986705906,0.430950592804555,1.62922845778447,2.55816310833802,3.30212417090113,1.93906490488631,-1.1620764763434,1.24935397032607,2.18283723545367,-0.726997810956572,-1.3988154461795,0.125693329077209,1.76704707193494,0.854234877173758,"Male",0
-1.8634803353405,-0.678832642141011,0.862307681461011,-0.62061114448486,0.569652173227926,2.51212974236989,0.0516291473204437,-1.43141595207601,0.277320898855296,-1.35631181083086,0.0760029925488006,-0.76213734373751,-0.495346035019633,-0.695188451283163,-0.350003531611403,-0.729109981122807,-0.688163681552377,-0.322544540486737,-0.896637696795463,0.272778607809702,0.728279172081759,0.340370234505437,2.93822136802747,1.03493714515817,-1.29648809063217,-0.0543277469032874,2.57998851598631,0.766791181599132,0.301026315189765,-0.706341902730169,-0.876279637524412,1.0056375113577,-2.04346921791594,"Female",0
-1.56527534222058,-0.678832642141011,-0.273558055702017,0.476490483914867,-1.2861328430828,-0.680220580804325,-0.736830793857191,-0.803978988412811,0.277320898855296,0.73000163091711,0.0760029925488006,0.376975641786714,0.586634277589397,-0.695188451283163,-0.350003531611403,2.17631260698736,0.292073419955196,1.13324817433964,-0.0736245754507788,-0.461309075478399,0.0912445546684068,-1.05373218868779,0.332314086666155,-0.414476273182956,-0.577476313850285,-0.0543277469032874,0.146227984874444,-1.0751484559114,-0.2389397250087,1.24457710260603,1.44374353632768,-0.714564753014462,0.565457141132429,"Male",1
0.705868106384723,-0.010535007180063,0.835429674044589,0.546197566285463,0.446465022983684,-0.267792712965669,-0.736830793857191,0.0339387179087589,0.277320898855296,0.251400057180248,0.0760029925488006,0.151013906035109,-0.495346035019633,-0.695188451283163,0.733729719128449,-0.729109981122807,-0.295268180539719,0.0395595644606408,-0.500074581433949,-0.403706834193655,-0.243882070978738,0.320574497189984,-0.24128134237561,0.167301534902245,-0.577476313850285,-1.90057562930347,0.476979541088529,-0.271220160908759,-0.664269160220043,-0.2717843181744,0.735261319557498,0.220073912809099,-0.382238373729902,"Female",1
0.671443955266656,-0.678832642141011,-1.60991030069573,-1.27749237530041,1.96842230996635,-0.680220580804325,-0.736830793857191,-0.320167831428121,-0.908391445097775,-2.72126161602106,0.289161275701337,-0.76213734373751,-0.495346035019633,-0.695188451283163,-0.350003531611403,-0.729109981122807,-0.688163681552377,1.06450013195038,3.38918367026161,0.782286959224544,-0.529869210172513,-1.39704770927125,-1.06744612546451,0.836756335352132,-1.29648809063217,-0.0543277469032874,-1.62342151797294,0.627126062843045,0.770418761044544,1.26823552304014,-0.170427287447685,-0.282267540640668,-0.66865748479646,"Male",0
-1.11229547426119,-0.010535007180063,-0.320459761331311,-1.26809020632578,-0.124535236012611,0.0110552786499404,1.2343190590869,-0.90730531160747,0.525943683182846,-0.378283885384001,1.13871121265889,-0.355395856702625,0.277336371178269,-0.194241797872637,-0.350003531611403,-0.729109981122807,-0.33815178512011,0.695390530969197,0.62916468781915,0.192793200358075,0.322548895863833,-0.729491280408002,0.705050928573972,0.220633521463382,-0.217970425459342,-0.0543277469032874,0.33784301062497,0.331543853634344,1.61942859866298,0.454192626931276,0.756913252527044,-0.10043006280187,-0.544800571902814,"Female",0
0.550062812253894,0.657762627780885,1.43337798553589,1.96369636075974,-0.187201436621085,-0.244192243980531,0.840089088498078,-0.211160984084046,-1.21752359191412,1.56238958181852,-0.387193272726122,-0.76213734373751,-0.495346035019633,-0.695188451283163,1.30849538961012,0.161972750141328,-0.688163681552377,0.0763143800421149,-1.28243473701294,0.613918340674814,1.33958972494432,-0.34997825322535,-0.0094194202552221,-0.365416255320724,-0.577476313850285,-0.792826899863361,0.0983655328711306,-0.356023841444113,-1.18523820413363,0.334207114745552,-0.898649883620771,0.526712303648188,0.0530116025263817,"Male",1
-0.298500136886377,-0.678832642141011,-0.846620464627354,-0.533807406636992,0.263415425534407,-0.680220580804325,0.0516291473204437,-0.344560456875836,1.74285471333511,-1.15736088473517,0.138994945845612,1.15592790394667,1.32651787371175,-0.695188451283163,-0.350003531611403,-0.729109981122807,0.137109466408045,0.553883182891558,0.80753895558746,-0.266058660877023,-0.987967032478917,-0.496284899769882,-0.98856653331798,-0.583202069908355,-1.29648809063217,0.314921829576749,0.16729950462433,-0.900419004131746,-0.180287076133765,0.234572002285462,0.979847158926319,-0.446397694471879,1.0206536643961,"Male",0
0.306466325566246,-0.010535007180063,0.0875371423327822,0.335718105979829,0.906020205742911,1.85145202331296,-1.13106076444601,-0.490996761894503,0.277320898855296,-1.28253484400599,0.0760029925488006,-0.090979006640475,-0.495346035019633,0.131416489678999,-0.350003531611403,0.126818542904504,-0.110614034266182,-1.08681439521152,-0.446138821649624,0.112513800965315,-0.440547621777042,1.04669189625255,0.0340025911552593,0.677822495008923,0.1415354629316,-0.0543277469032874,1.10257860679896,0.331706925827658,1.41725381135696,-1.16160341161685,0.1059306325703,0.594195618222986,0.392533322238968,"Female",0
-0.864012432042406,-0.678832642141011,-1.69284398494318,-0.215743796653186,-1.63701910820855,-0.660873003088119,0.0516291473204437,1.89957789959165,0.277320898855296,0.608864091284888,0.0760029925488006,0.0331580028632499,-0.495346035019633,-0.042192949140963,-0.350003531611403,-0.729109981122807,-0.688163681552377,1.08765741356228,0.65522386598628,0.604057029517015,0.0588346272495065,-1.36629478374155,-1.88053461536787,-1.31617619497831,0.1415354629316,-0.0543277469032874,-1.75500556133887,-2.34107449563439,-0.593279880351784,2.09562603296143,1.70949192290715,-1.99206106096945,-0.66126602386571,"Female",0
-0.68151535372604,0.323613810300411,0.598455241989793,-0.120690779455347,0.506379549918359,-0.419952528978657,-0.736830793857191,-0.91839950969646,0.726898189312263,-0.309871821436099,0.697271050419668,0.218527594928089,-0.495346035019633,-0.0912903553170679,-0.350003531611403,-0.729109981122807,0.577668816071134,0.0167391219943477,0.352650717350829,-1.00637664226792,-0.316571134910877,0.66119287997943,1.98000996626374,-0.284784120700253,0.501041351322542,0.314921829576749,0.929201297686007,2.1224067676338,-0.152233227424532,-1.47120499794055,-1.00334769971589,0.995270694892159,2.2168249580192,"Male",0
0.838846896582843,0.657762627780885,-0.273430829667685,-0.172055944122672,0.333909621058144,-0.0468582766865611,0.840089088498078,0.162875722529165,-0.121836508559764,0.297514344498016,-0.959484601498861,-0.239727049308189,0.497071154249239,-0.051783003244541,0.88999566182523,-0.0628799016729952,-0.238615691742173,1.23742713574782,1.01863614443163,-0.200647026510596,0.000281189984030012,-1.07972423866517,-0.667331547821337,-0.608819801885308,0.1415354629316,-0.792826899863361,-0.792622158107138,-0.485762875542567,-0.6267598435028,1.02879125980298,-0.123426005704739,-0.699933743350379,-0.551456101417501,"Male",0
0.923854484401264,-0.344683824660537,0.197144192923085,-0.768739363635129,-0.794757195531856,0.934881558983419,0.0516291473204437,0.476164111320421,1.0294439130789,1.19514560098352,0.888871563310985,0.222228217338148,-0.495346035019633,-0.695188451283163,-0.350003531611403,0.526251854117257,-0.264627273542506,0.0829424666564091,-0.858122924510487,-0.58376580881109,0.181047293523447,0.30739092096069,-0.321304461116801,-1.35785076759905,-0.577476313850285,-0.0543277469032874,-0.579268415872584,-1.51157961129994,1.52132958260304,0.351615366485395,-0.392890625472391,-0.630941521058599,0.068291146920739,"Female",1
-1.25063031972554,-0.678832642141011,-1.12424584668681,0.425305663978717,-1.22437562593081,0.0989293285805672,-0.342600823268373,-0.0658916974270892,-1.35766526292375,-0.0111299080317579,-0.135144264760988,0.766320900510827,-0.495346035019633,-0.695188451283163,-0.350003531611403,2.1947552308377,-0.0305241417714122,-0.578692471101597,-0.0408203188482405,1.22038897687946,1.37663884936024,-0.430763714555549,-1.044344770553,-1.4785176762142,-0.577476313850285,1.05342098253682,-0.812855406241471,0.677476350220692,-0.917789409835189,-0.344860854475576,-0.92227950430044,-0.444521262116836,0.178540096358307,"Male",1
-2.25818961540138,-0.010535007180063,-0.703173968236692,-1.16313035274514,-1.7349263086463,-0.680220580804325,-0.736830793857191,-0.775394025092825,-2.47634000519362,0.505836352691128,-0.0907884239585414,0.524985388261079,-0.495346035019633,-0.695188451283163,-0.350003531611403,-0.729109981122807,-0.688163681552377,-0.882025546829722,-0.966704616627402,2.33757172778275,2.67335820391719,-0.606636369604545,0.382990963324207,-1.19189563518051,-0.577476313850285,1.7919201354969,0.675234033332115,0.954822405553742,0.266023819227363,-0.539870367349765,-0.901192856253199,-0.793185338156766,2.02808860709175,"Male",1
0.331269567148988,-0.344683824660537,-0.837128998574039,1.34840575345862,-0.346126949677306,-0.680220580804325,1.2343190590869,-0.639413234724991,0.277320898855296,-0.116763068184081,0.0760029925488006,-0.76213734373751,-0.495346035019633,-0.0332232307049545,-0.350003531611403,0.641786528514328,-0.225647961266871,-2.22957995797649,-0.627039548431138,1.45364691388125,1.4193878390709,1.31770483661203,-0.0627703847490262,-0.5716484457923,-0.217970425459342,1.42267055901686,-0.999275401968273,0.900272687835042,-1.18107937098967,-1.09264994605719,-1.23619828444453,0.365602855882008,1.48521423042406,"Female",0
0.778240725164826,-1.01298145962149,0.206932267290566,-0.546131333840031,-1.08994223454109,0.121579035248733,0.0516291473204437,0.0230948191506025,-0.99941460927516,0.916018204986028,-0.354618774429683,-0.76213734373751,-0.495346035019633,-0.695188451283163,-0.350003531611403,0.158801637218682,-0.688163681552377,-0.180797198100222,-0.640129364456994,-0.0206096559236392,-0.0216030169413922,0.338540735219407,-2.00742253360237,-0.370868250188297,-1.29648809063217,0.684171406056786,-0.536759210435034,-0.934322617466386,-0.172299587956298,-0.0808253201187966,-1.05088611287958,-0.397318667588561,-0.934454419866227,"Male",0
0.39306895964053,-0.678832642141011,1.33407728177679,1.70739693210856,1.13644906679012,-0.680220580804325,0.0516291473204437,-0.416017527845487,-1.4887401028976,-0.565713055654108,-0.0501867834899239,-0.76213734373751,-0.495346035019633,0.321500748254688,1.60940447658283,0.323645988303191,0.0221980154262141,-2.1020701428385,-1.62285872543329,-0.506900809779339,-0.521933370180958,2.51603085590675,1.37624244447732,1.72251374537888,-0.217970425459342,-0.792826899863361,1.4499949283864,1.14967670345776,-1.18022216700691,-2.20221759081326,-1.09206111640718,1.40177244640048,-1.2033064921207,"Female",0
-0.614802295978975,-0.678832642141011,-1.13743398899246,-1.20968148646588,-0.877007492404606,-0.680220580804325,0.0516291473204437,-0.447156960658575,0.277320898855296,0.16818163508372,0.0760029925488006,0.278515077878376,-0.495346035019633,-0.0543497802978666,-0.350003531611403,1.2616067589354,0.655100059276824,-0.319819562501473,0.159477365352173,1.28490712966719,1.18351043485175,-0.69874643444199,-0.354356108245749,-0.756567887096606,-0.217970425459342,0.314921829576749,-1.23154678387809,-0.00853756738817765,0.501970876728074,0.706895174222628,-0.36366772578239,-0.708028256698613,-1.00326774788374,"Male",0
-0.83353094312913,-2.34957672954338,0.31388488476938,1.26262526261716,-1.88941236416252,-0.680220580804325,0.0516291473204437,-0.20938369497805,1.35663100049386,1.39310318179526,0.682922909424315,-0.76213734373751,-0.495346035019633,-0.695188451283163,-0.350003531611403,0.171623465642378,-0.0803812909967003,-0.265674151559611,-0.820427725714725,0.0928352669682967,0.838289658840199,0.286548611105272,0.024382364108183,-1.12312544816215,-0.577476313850285,2.16116971197693,0.0453585437612723,0.165770078027248,-1.16221135888041,-0.511572781964833,-1.01003334851002,-0.292250025320466,-0.0576300478544692,"Female",1
0.0434350505519682,-0.010535007180063,-1.53791872672758,-0.105089978160281,-0.0666811672132557,0.276026821936443,0.840089088498078,0.479944164457427,-0.403258706698258,-1.10682643511165,-0.0760245269531974,1.46468962674462,0.713305143455829,0.088406151287477,-0.350003531611403,0.487978627433108,1.228080310785,-0.467278533801639,0.510087958952292,1.59018814529693,0.328720931937783,-0.916013858110998,-1.39372513718186,-0.415237736874831,0.501041351322542,-0.0543277469032874,-1.03316039371187,-0.352040462204934,-0.55791621293131,0.747664183643489,0.625128042338148,-0.948350234855433,0.340776355286762,"Female",0
-0.221994549059562,-0.010535007180063,-0.547249579593565,-1.47654543419956,-1.03669898980959,-0.680220580804325,0.445859117909261,0.0144369815567203,-0.244569945802349,0.668568689161156,-0.87284004274674,0.213636497977134,-0.495346035019633,-0.0943023158954552,-0.350003531611403,-0.106907575252578,-0.478243828455221,0.0859507254190051,-0.272974714251492,0.653240626314019,0.319214338287606,-0.471147287947771,-0.769570880692506,0.242039302505792,0.501041351322542,-0.0543277469032874,-0.759269342631891,-0.724610591243844,1.42123440025756,0.869616308270061,0.568677819843808,-0.573596131575359,0.425580425237411,"Male",0
-0.0547994529865372,-1.01298145962149,-0.718996170085773,-1.18051820598959,-0.110605119017973,1.53800684375559,0.0516291473204437,-0.514781924050728,-0.357817883262206,-0.060261935052818,-0.450468219789799,-0.76213734373751,-0.495346035019633,-0.695188451283163,-0.350003531611403,0.0281075143368643,0.844665351988681,0.765209607958914,0.916003999676128,-0.0726174629802165,-0.396265761346618,-0.716672255102693,-0.404613249051132,0.218096111909939,-0.577476313850285,-0.0543277469032874,-1.0994537547554,-0.446481004288266,2.17361179380349,1.14809975718897,-0.066170066977153,-0.369809064158755,0.8574700051129,"Male",1
0.637412825044498,-0.678832642141011,1.40444393895024,-0.836190525951706,-0.776537769397535,-0.0862949392835414,-0.736830793857191,-0.387483269391091,-0.811818985129704,2.30512172495003,-0.710198905826927,-0.0494136451444838,-0.495346035019633,-0.695188451283163,-0.350003531611403,-0.729109981122807,-0.688163681552377,0.986422707855682,-1.0632631405488,0.739852133985069,1.52071877764434,-1.34985050387353,-0.477479384707692,-0.530058555702407,-0.577476313850285,0.684171406056786,-0.280959655956582,-1.30648424843154,0.896068746550603,1.52262661931694,0.0278989795435999,-0.0428726291438125,-1.10446381849773,"Male",1
0.305706528593557,-0.010535007180063,0.574711268040291,-0.453978059570437,0.319439510983165,0.211610620590376,-1.91952070562364,-0.691998603555319,-0.397552460408547,0.331360009429917,-0.54750702237902,-0.76213734373751,-0.495346035019633,0.392646042127534,-0.350003531611403,-0.729109981122807,1.59204925999064,-0.899311043394915,-0.51155207451372,1.21354393583877,0.91707916839987,0.0583754269481457,0.0477251229779878,0.765435781692737,-0.217970425459342,0.684171406056786,-0.0178730154350526,0.910340075372154,0.626747927338086,-0.289577917637543,-0.743121677421448,0.970741494305973,0.607389037610413,"Male",0
-0.404925951475334,-0.010535007180063,-0.749976426804832,0.186721763544802,-0.155020865674517,-0.680220580804325,0.0516291473204437,0.496431545883156,0.77643425136595,-0.373486219129541,0.607489555813792,0.217709009837381,0.125121807019105,0.109336891923753,-0.350003531611403,-0.312577151817361,0.99820415334505,0.62699883168404,0.816902050480055,0.952083937490092,0.543188179069039,-1.37526333719508,-0.698929422974395,-0.375646709796777,0.860547239713484,-0.0543277469032874,0.0786865526210548,-0.0956411801586258,-0.423426541790835,0.687532640184766,-0.229582778440669,-1.23115921300032,-1.54130299100384,"Female",0
-0.440140449383181,1.66020908022231,0.0941586640518417,0.606696193648991,1.17205471516628,-0.415195270955901,2.02277900026453,-0.859050619022813,0.568429855188188,-1.00258478992995,0.510434324615111,-0.381138988793437,-0.495346035019633,0.243293886751779,-0.350003531611403,-0.729109981122807,-0.688163681552377,0.489172538564929,1.13462072984158,-0.176206013017313,-0.83169820138963,-0.201751198037925,0.178659612802051,1.39184609820926,0.1415354629316,-0.0543277469032874,1.03652534123965,0.956726519214041,-0.964913013175498,-0.407600870883932,0.759238208866582,0.986992780801614,0.253802294313842,"Male",0
-0.921318298214975,0.657762627780885,-0.957564281524396,-0.171299092770419,-1.23219193048231,-0.42268643708607,-0.736830793857191,0.0339018407676282,-0.859803277958204,0.283156119079682,-0.284691584939961,-0.142033840524249,0.682657886949302,-0.695188451283163,-0.350003531611403,-0.333700845221129,-0.421355880943939,1.29979334335207,0.874673706689596,1.27325091822852,0.91425873085736,-2.12253301748755,-1.51470293272027,-0.792728233404465,-0.577476313850285,-0.0543277469032874,-0.299179194878302,-0.414259457104041,-0.570044202578059,1.28137421007708,1.90220625550648,-1.44628985593785,-0.172918243503902,"Male",1
1.45613458160163,-0.010535007180063,-0.302047599818429,-0.58234083912598,0.681839784220063,-0.571544825121799,-0.736830793857191,0.346701170629121,0.867003143734748,0.293694718944097,0.775497982446663,-0.76213734373751,2.43688463465456,0.255325711598382,-0.350003531611403,-0.729109981122807,-0.688163681552377,1.61473206689527,1.33640234305543,-0.316721018234878,-0.33441686700782,-1.33371543268679,-0.257706601168696,0.323535238122794,-0.217970425459342,-0.0543277469032874,-1.00335433520811,-1.13718258080359,0.167506155819508,1.95075769605248,-0.400592269741551,-0.806487400378558,-1.93742926223305,"Male",0
1.8458087033558,-1.34713027710196,0.520150647049948,-0.565103659995595,-0.192878321067938,5.60625390175413,-1.91952070562364,0.638086592614217,-3.74726042244697,0.810333691291006,-0.0548110423773267,-0.76213734373751,-0.495346035019633,-0.695188451283163,-0.350003531611403,-0.729109981122807,0.930641339446918,-0.765877497320148,-1.26237161899513,-0.17915864513126,0.678405350752644,0.933550195321579,0.137295732102744,-0.350685384572752,-0.577476313850285,1.05342098253682,-0.760657807437967,-1.2668388251715,0.497945119005457,0.16260292480491,-1.09206111640718,-0.141399819525497,0.852410815676155,"Male",1
-1.50909089957795,-0.344683824660537,-1.54834592386101,-0.122707960600545,-1.57391150833655,-0.569182308693918,0.445859117909261,-0.309662814250797,-0.25655213356235,-0.059941239907989,-0.550462520675342,1.27580698192693,-0.495346035019633,-0.336623956803303,-0.350003531611403,0.0134589615973017,1.31607110635151,0.0372823144246126,0.28973348321603,1.50918451792929,0.573907820348788,-1.27533899209853,-1.25205230159008,-1.01971243104305,0.1415354629316,1.05342098253682,-1.08212873340241,-0.117850957768273,-0.197479147334521,0.829952552351851,1.11386510500521,-1.32476758605779,-0.39545771731759,"Female",0
1.0129399476692,-0.344683824660537,-0.265742742164501,-1.00652259238454,0.234442865356569,-0.596486801835821,-0.342600823268373,0.377219928925078,-0.014926313416338,0.439909926248194,-1.44579391477868,-0.76213734373751,-0.495346035019633,-0.22411251718645,-0.350003531611403,-0.729109981122807,-0.35902248471186,1.70272675646174,1.0570464185184,-0.430657672025659,-0.39922020805354,-1.24712546121542,-0.0456907749037426,-0.115322645202698,0.860547239713484,-0.0543277469032874,-0.724192622741093,-0.704851826919914,0.247170015781573,1.51545913457464,2.87638572358313,-1.0606880832891,0.0648636600230533,"Female",0
0.851031545855595,0.657762627780885,-0.997873084556164,0.13931310151958,0.374825775441235,-0.461316558643808,0.0516291473204437,1.38032936137688,0.277320898855296,-0.395468242287968,0.0760029925488006,-0.76213734373751,-0.495346035019633,-0.695188451283163,1.36357468957692,-0.422218019555817,-0.688163681552377,0.479453685073073,0.882835528308956,0.0305726610782181,-0.40176469348233,-0.320421054357811,-0.861230237735941,-0.182630247810856,-0.577476313850285,-1.90057562930347,-1.06130227975926,-0.893388070296298,-0.759977914462398,0.88508619316805,0.217145987856356,-0.992646771991424,-0.0679514572622725,"Male",1
-0.228371394745746,-1.01298145962149,-0.293238332887697,0.506166002007617,-0.827395123700875,-0.680220580804325,0.0516291473204437,-0.367377040410533,-1.29030628247592,0.0293892729529331,-0.14992001822377,-0.76213734373751,-0.495346035019633,-0.695188451283163,-0.350003531611403,0.205358800727235,0.572927870387142,0.278491708690077,-0.360282735834783,-1.06239375490207,-1.01767816111384,0.457821347845562,-0.58479058976799,-1.09412539704052,-0.577476313850285,1.05342098253682,0.00464631284711818,-1.26436857918696,-0.480639593433081,-0.0311034277602131,-0.463181562528937,-0.473275118524581,0.178540096358307,"Male",1
1.04107280734931,-0.010535007180063,-0.0707880294294187,-1.27730811768499,1.22832283477121,-0.680220580804325,-0.736830793857191,-0.331350132616186,-0.381823128570582,-1.01693794662579,-0.111057719485784,-0.454038674030778,-0.495346035019633,-0.695188451283163,-0.350003531611403,0.0567267582597287,0.107217683096081,-0.505478535028216,0.00455372586182152,0.222338874778901,-0.316243583596796,0.402708621988581,-0.45450089176062,0.213611357071922,-0.577476313850285,-0.0543277469032874,0.220492648181919,-0.285295336055562,0.868794074372108,-0.260752468838385,-0.14493978201733,0.415349497850685,-0.464701898014999,"Female",1
-0.284753371621263,0.323613810300411,0.142446130281282,0.0101809896235897,-0.481488080993571,-0.321781246272484,0.840089088498078,-0.628233864303425,0.277320898855296,0.277480527974239,0.0760029925488006,-0.76213734373751,0.113434042590844,-0.695188451283163,-0.350003531611403,-0.320423388569233,-0.136629784143948,-0.529497803018727,-0.0594335096144064,-0.0486793896257556,0.0480590684013897,0.658255100211711,-0.188064316514775,-0.228652004052099,-0.577476313850285,0.684171406056786,0.416274783438097,1.23904060942813,-0.661279147114924,-1.32176264725043,0.935963885860458,0.161263406388634,0.805778286954866,"Female",1
0.295367598218011,2.66265553266373,-0.869638690684793,0.618476475975106,0.357515605441715,-0.200003780053332,1.2343190590869,1.13849407608052,0.277320898855296,-0.78589849786119,0.0760029925488006,2.02052624316536,1.53780624824733,0.622947983566231,1.17421867169942,-0.183151196103201,-0.688163681552377,0.378919650245203,0.65269762929134,-0.657413977671027,-1.02669002002651,-0.0927246894748397,-0.846399157538217,-0.606783345388118,0.860547239713484,-1.53132605282344,-0.540141037000405,-0.629412659467772,0.0378740307930678,0.193999023256244,1.12920067968931,-0.447318034183385,0.778767544086372,"Female",0
0.783782632529583,-0.678832642141011,0.554222112023773,-0.642764952467427,-0.243336311049667,0.712805014762604,0.0516291473204437,-0.325196883086529,-0.226963989597035,0.892137925838249,-1.00378570377391,-0.290709258764542,-0.495346035019633,-0.404880812378988,-0.350003531611403,-0.127897535932552,-0.0796490230562556,0.275236834936134,0.062519343120754,-0.569795431194493,-0.101308752339619,0.173136366034379,-0.615242119477034,-0.0885468774070699,0.1415354629316,-0.0543277469032874,-0.332679423031402,0.279541113549039,-0.25037664068548,-0.309366028652986,0.0168874598110615,0.0860344662128723,0.368220908647368,"Male",0
0.325174368759596,-0.678832642141011,0.0973058343747828,-0.0221556323796677,-0.842472163675893,-0.680220580804325,0.0516291473204437,0.182987352982485,-0.496350926311867,0.803117183592812,-0.602423497986137,-0.0388742928547612,-0.495346035019633,-0.695188451283163,-0.350003531611403,0.65445655170878,-0.376970110047896,0.00770163623020295,-0.804183406222402,-0.791837995370703,-0.107038194023785,0.548476623715979,-0.0792884744952571,-1.10451931554789,-0.577476313850285,0.684171406056786,-0.216233314187368,-1.28431319001961,-0.759049276814416,0.121690239690357,-0.000189191652617752,-0.483619698594391,0.515208174278647,"Female",1
0.476861908145122,-0.344683824660537,0.0938256301552336,-0.963048820040469,-0.675750340769244,0.248463149573628,0.0516291473204437,-0.0990814636784165,0.751874705448759,0.612943693777224,1.09363115110734,-0.141049549249311,0.094590849712406,0.0697491369405397,-0.350003531611403,2.83522094393378,-0.688163681552377,-0.691316243768766,-0.896033945558818,0.671677448884781,1.38898855749887,0.126574367146729,-0.818575715077917,-1.64209172014479,0.1415354629316,0.684171406056786,-0.0624804012196665,-0.301584325175349,1.19433525850567,-0.469084103597988,-0.170286472500556,-0.263282078895214,0.63454947055638,"Male",0
1.72849725937616,0.657762627780885,2.15828277319151,-0.0115846809627959,0.180150155610827,-0.271599739438026,0.0516291473204437,0.661306999753633,0.277320898855296,2.24503966586728,0.0760029925488006,-0.76213734373751,-0.495346035019633,1.89572918624879,-0.350003531611403,-0.729109981122807,-0.688163681552377,0.893469560227892,-1.14407832458905,-1.05115874653937,-0.115285569323571,0.0179127886615365,0.697815497953865,0.408825639475806,1.22005312810443,-0.0543277469032874,0.115413719433751,-1.57652267392123,-0.137178857504048,1.02170593995644,1.19580469675686,0.290004701447476,-1.06779637505695,"Male",0
-0.63964289428679,-1.34713027710196,-1.24654178709847,0.45890865610138,-0.747802386366725,-0.528879528446437,0.0516291473204437,0.3577711294105,-0.165595987298604,-0.16964858890309,-0.624460390069938,2.13627236387415,-0.495346035019633,0.0187532977256278,-0.350003531611403,0.749427291493263,0.309499857315334,1.27069558793769,0.958689853420983,0.533055589180862,-0.200556098923113,-1.87364101479855,-1.62002575947373,-1.10305096833018,-0.217970425459342,0.684171406056786,-0.840668349011339,-0.976634326908014,0.0792838571322173,1.4832960766046,0.488697834811276,-1.75359629091412,0.500249265252129,"Female",0
1.25792724358775,-1.68127909458243,-0.110919520453421,-0.284782282641877,-0.747206309771026,-0.552526567877357,-0.736830793857191,0.368249592355195,0.277320898855296,1.31249833961497,0.0760029925488006,-0.76213734373751,-0.495346035019633,-0.695188451283163,-0.350003531611403,-0.729109981122807,-0.0187572315168958,1.87559172690699,1.27702879572434,-1.79990713384149,-2.00823692108366,-0.52530299923168,-1.58613664228832,0.767601493183179,-0.577476313850285,0.684171406056786,-1.8376786400065,-1.21482615077341,-0.48002938042841,1.53422974378227,0.106771662979336,-0.924502810738198,-1.5393715824388,"Male",1
-0.436642243480076,0.991911445261359,-1.2603239537469,0.0242705182226607,0.0561020877730252,0.833189942774561,0.445859117909261,0.954940315697122,0.277320898855296,-0.694389800516713,0.0760029925488006,0.194550457063395,-0.495346035019633,-0.695188451283163,0.785399152843438,-0.729109981122807,-0.276535998951093,0.53639650312764,0.975884216268088,0.664333992584246,0.111624124499051,-0.907773223387895,-0.518992874521837,-0.848617629293255,-0.577476313850285,-1.53132605282344,-0.62316584384145,-0.122426406109934,1.452010106767,0.614301266840553,0.5201055728075,-1.07403492708532,0.116949219843243,"Male",1
2.14548884119587,0.991911445261359,1.22489200150856,-0.256368986570238,0.964662767991995,0.768789494962693,-0.736830793857191,0.928319800757548,-1.67778906182405,1.19275416745474,-0.23643442665282,-0.76213734373751,-0.495346035019633,1.27447373092777,3.44601579761503,0.630580290015943,-0.688163681552377,0.191496197654528,-0.782114148187329,0.914674895958861,1.57097008778157,-0.700415458777601,-0.484708189771548,-0.290276772922357,1.22005312810443,-1.90057562930347,-0.319182748347839,-0.438350630351916,0.0293402751006435,0.692057874543559,-0.67906195181066,-0.036427036619901,-0.936913432722213,"Female",0
0.849723788775863,-2.01542791206291,-0.586416918284183,-0.671220757476424,-0.418590675576733,-0.680220580804325,-1.52529073503483,0.0118404538834498,0.277320898855296,0.34682058076088,0.0760029925488006,1.80086687369201,-0.495346035019633,-0.695188451283163,-0.350003531611403,1.44995695995982,0.0470141445783025,-1.3007164414592,-0.92404378458999,0.174293338011185,0.0912445546684068,0.957726380041887,0.0496393985184893,0.44407403940615,-0.577476313850285,-0.0543277469032874,-0.991634081619413,-0.509357850148708,-0.146486216245377,0.0154363038829859,-1.07791839780422,-0.121998789111339,0.129885857195094,"Female",1
-1.18117621371822,-0.678832642141011,-0.640898059216394,1.15897170606625,0.275876718377554,-0.607460459478418,-0.736830793857191,-1.04369709861898,-0.40312040562011,-1.32451932993311,-0.00546584839269931,0.907643497774167,-0.495346035019633,-0.695188451283163,-0.350003531611403,-0.729109981122807,0.0302817900717612,0.0478315213482622,0.613182687691163,-0.319511571662919,-0.971474576459116,0.159744264455116,0.460683779683431,0.0856878491775659,-0.577476313850285,-0.0543277469032874,0.572274331567026,0.771873106570877,-0.316166468285378,-0.574835817252058,-0.329230409459967,0.155936082833796,0.116949219843243,"Male",1
-1.72554492278434,-0.344683824660537,-0.460824832229027,1.10715703468801,-0.411431552716357,1.56962631362322,1.2343190590869,-1.40117590181783,0.0397297215144638,-0.44912740805733,-0.970258343606876,1.31089741402447,-0.495346035019633,-0.695188451283163,-0.350003531611403,0.592761090421364,-0.688163681552377,0.827746265804232,0.564612225050552,1.28063440431701,1.86269391868423,-1.75888448068663,0.856385470420723,-1.1872232432737,-1.29648809063217,-0.0543277469032874,0.978985609109024,1.31285377980162,-0.330447285438062,0.157741437451919,0.39494472527537,-0.290364393445242,-1.1020820673261,"Male",0
-0.088820233400206,0.657762627780885,0.161053363647397,1.01605887677195,0.758208787523839,-0.505297275424917,0.840089088498078,-0.289429275434773,-0.473621388501393,-0.748265636493399,-0.167131784304723,-0.76213734373751,-0.495346035019633,0.061343229377657,1.10801749803391,-0.729109981122807,-0.159574286940363,-0.627549572466912,0.299685426677245,-1.89765079324646,-1.96796067895543,2.06664497761527,1.59492029773704,2.14304059204787,0.860547239713484,-0.792826899863361,0.114273372506486,0.927193327748165,-0.225968386226378,-1.09718973944187,-0.71971643557098,1.10047504789857,0.0728900533910504,"Male",0
-0.57310119384948,-1.01298145962149,1.03696097365293,1.15202313635198,0.237478908250891,-0.567962107901497,0.0516291473204437,-0.994479059270595,0.277320898855296,0.266712929755806,0.0760029925488006,-0.150754046038175,-0.495346035019633,-0.695188451283163,-0.350003531611403,2.38967957830173,-0.688163681552377,-0.143240989056336,-0.326092778163981,-0.144169954580992,0.598607236626064,0.186143444693239,0.207318873000862,-0.221790265528013,-0.577476313850285,-0.0543277469032874,1.58475429879949,1.4098579675239,-1.15561601678405,-1.48352615647754,-1.13952226816017,0.786325628361424,1.9893118659012,"Female",1
0.046196964999099,0.657762627780885,-1.24333408482449,-0.0698571074108442,-0.191553111450479,-0.11170462759904,-1.13106076444601,1.3971210197412,0.277320898855296,-0.517512895766319,0.0760029925488006,0.207590811225484,-0.495346035019633,0.200556308160969,0.80087552152869,1.43510582219531,-0.688163681552377,0.267992293353345,0.522301152886548,-0.331484460248906,-0.450337490331535,-0.0666967571921848,-0.844358709071206,-0.83432159333045,0.860547239713484,-0.423577323383324,-0.891054782887615,-1.30416188500975,-0.219579038938686,0.70990680150646,1.01143256380626,-1.03644991252499,-2.87268519809821,"Male",0
-0.42302796182696,-0.678832642141011,0.863884788072653,-1.56032301901248,0.242558265442124,0.532872542001876,0.0516291473204437,-0.81998459392178,0.277320898855296,-0.116157171184424,0.0760029925488006,0.147828494698694,1.23330623186966,-0.134827194793702,-0.350003531611403,3.91280936313694,2.44403580093927,-1.07013908216499,-0.764837397762765,0.867789769783734,1.56360768652891,-0.0780745440547877,-0.759434723429749,-0.276345874053929,-0.217970425459342,-0.0543277469032874,1.40169853369325,0.756821153910376,1.5746171325646,-1.23469269070229,-0.715472196130914,0.613951781319891,2.54741996232232,"Female",0
-0.714517250929214,-0.010535007180063,-1.43151919212321,-0.451186535999887,0.0156135706655809,-0.449661946352855,0.0516291473204437,-0.378302124664308,0.100764462937649,-1.16831062725074,-0.433187570925932,-0.76213734373751,-0.495346035019633,-0.220866915278315,-0.350003531611403,-0.729109981122807,-0.688163681552377,2.22784174504468,2.95641237049798,-0.618124369095251,-1.16574791666088,-1.61478828201139,-0.597855353441806,0.319163265580999,-0.217970425459342,-0.0543277469032874,-1.03904500105666,0.0522725305716132,1.55064443426848,1.47891065473018,1.70736524235501,-1.20154355028659,2.02273270361239,"Male",0
-0.207230519405439,0.991911445261359,-0.353771735925482,-0.113824460545494,1.18073647614383,-0.680220580804325,0.445859117909261,-0.407718317777738,0.277320898855296,-0.802700041007228,0.0760029925488006,-0.0388742928547612,-0.495346035019633,-0.695188451283163,1.3667421169728,0.193267707431568,-0.688163681552377,-0.113506996371283,0.725706603564541,0.284339103994286,-0.0303376037357597,0.00112831236770148,0.548892013167464,0.778635991161175,-0.577476313850285,-0.792826899863361,0.21189634402104,1.20923803574741,0.367610010516741,-0.412847354771149,0.578046190855684,0.37471377693888,-0.603190259409818,"Female",1
0.14482513037311,-0.678832642141011,-0.198685534497833,-1.16346992216578,0.0550535103287603,-0.680220580804325,-1.52529073503483,-0.380783536658304,0.277320898855296,-0.426853733462185,0.0760029925488006,0.516572821385281,-0.495346035019633,-0.695188451283163,-0.350003531611403,0.901629657791983,-0.137981582912101,-0.383651726548452,-0.345981054194709,-0.979553527000136,-1.05576935167144,0.982141843527868,0.042711097338401,0.731022673292884,-0.577476313850285,-0.0543277469032874,-0.116546261418253,-0.937779456473055,0.11644480770458,0.0266613340083112,-0.751119473411997,0.200930865373048,1.27543446907643,"Female",1
0.576349535997261,-0.678832642141011,-1.22220584602451,-1.20962302374834,-0.787466139674909,0.841239998751045,-0.342600823268373,1.99979902162801,-0.585504204041911,-0.0269382484160968,-0.32006205970151,0.0848005578373204,1.11357274152237,0.695607163669039,-0.350003531611403,1.07105715274417,0.769461618741353,0.545881957319342,1.0570464185184,0.0345769825687893,-0.0959702877773171,-0.773118998337795,-2.14965533426677,-1.27843264834642,0.1415354629316,-0.0543277469032874,-2.19316680086401,-0.562234130340943,1.8816709428901,0.928016675110673,-0.481029331648634,-1.10975004960241,-0.24027411867952,"Male",0
-0.972014178130792,-1.68127909458243,-1.68803893025369,-1.43701763767419,-0.636060782174218,1.27892043944506,-0.736830793857191,-0.31571143386635,0.277320898855296,-0.943674033343639,0.0760029925488006,0.167281446114205,1.27026079339463,-0.695188451283163,-0.350003531611403,0.45617821248271,-0.688163681552377,0.0604605006582841,1.37244157975713,0.420884931526542,0.184642673081039,-0.378866338728008,-0.247471170377813,0.52249485180632,-0.577476313850285,1.05342098253682,-1.76972872777554,-0.416152998368043,1.91427491456845,1.26613395974694,0.609779355482224,-1.04208790944889,-0.546929362593173,"Male",1
0.123583636145856,-1.34713027710196,-1.89762456214207,-0.595501184159241,0.389827740648348,-0.471740559699071,-0.736830793857191,0.130840392601376,-0.803940938952595,-1.67898741943762,0.0970668736046025,-0.054568970269932,-0.495346035019633,-0.695188451283163,-0.350003531611403,-0.729109981122807,-0.688163681552377,1.10942892695601,2.35364562206297,-0.375297778414859,-1.09721091385421,-0.716627113393709,-0.672254504440903,0.429677831633,-1.29648809063217,-0.0543277469032874,-2.40681716210906,-0.986557479240549,0.169486323074499,1.8836730763779,-0.170106496000083,-1.14734873051051,-1.14576109994295,"Male",0
-0.937065883938678,-1.34713027710196,-0.105081426392818,0.439166792257387,-1.36351177907911,-0.609279462511565,-0.342600823268373,-0.0445365103975685,0.277320898855296,0.404925004089622,0.0760029925488006,-0.76213734373751,1.26607689095761,-0.695188451283163,-0.350003531611403,-0.729109981122807,2.50341399018082,-0.304941957577186,-0.715469405097317,0.746134687904262,0.559275464734289,-0.388125976455811,-1.0596243066297,-0.880926916946365,-0.577476313850285,1.7919201354969,0.967717660052477,-0.530178692066933,-0.867112538158658,-0.369273674085187,-0.682289620261707,-0.770932742766787,-0.531176311484512,"Male",1
-0.0764443626951127,0.991911445261359,1.36535591408106,1.18460871168542,0.743381707364412,-0.476588932282914,0.445859117909261,-0.432778573339434,-1.08605518393114,0.43758507226291,-0.249826358855484,2.42422511984207,0.715273630717186,0.0896823639952444,1.16263392096851,1.70903169399734,0.408616267528576,-0.937883624618527,-0.910885832657053,0.0252269739354519,0.139053276444313,0.536293517980215,-0.600190116661367,0.897120132694216,0.501041351322542,-1.90057562930347,0.811731097235673,1.21598368859689,-0.462012196165986,-1.27535075148923,-0.974130000725935,1.58311334977784,1.12585750018293,"Male",0
-0.537696651772826,-1.34713027710196,0.0453775240462535,0.21298865408297,-1.42082278629243,-0.680220580804325,0.0516291473204437,-0.30511634255762,1.19440340852978,0.42831087334194,0.558164267991121,-0.76213734373751,-0.495346035019633,-0.695188451283163,-0.350003531611403,-0.729109981122807,-0.688163681552377,-1.7203579409893,-0.606114824118083,-0.13765876676898,0.0640088278762017,2.02141070423756,-0.896583771546362,-0.746069185323478,-0.577476313850285,1.7919201354969,0.404127873837776,1.61281633281576,-0.697148311048394,-2.74493977762609,-1.15305159038244,0.424671313575613,-0.46816410704987,"Male",1
-0.798149680927138,-2.01542791206291,-0.262895302348506,0.631605456526247,-0.517206282909295,-0.411391079905444,-0.736830793857191,-1.21677880154306,1.96165271944055,-0.694126166836334,0.19149424635738,-0.76213734373751,-0.495346035019633,-0.695188451283163,-0.350003531611403,-0.729109981122807,-0.688163681552377,-1.51850283624485,-1.31182296622213,-1.04319860895478,-0.687153926202242,2.4329309037883,1.65610752059713,-0.386993868810706,-2.375005755805,1.42267055901686,0.643040999822466,-0.873582622872496,-1.10091575993592,-1.18619526608222,-0.501241831095812,0.349592470357964,-1.88085707743944,"Female",0
0.0252542472807254,-1.34713027710196,-1.88443895292685,-0.879596769678964,-1.78756828498024,0.151275317324772,-1.13106076444601,0.791669945056447,-0.611145366089373,0.117834921152402,-0.344584528742154,-0.76213734373751,-0.495346035019633,-0.695188451283163,-0.350003531611403,-0.729109981122807,-0.688163681552377,-1.0930816660882,-0.475299175904161,1.67546724030196,1.54812179520803,0.162386866371499,-0.38917840303021,-0.941342958323077,-0.577476313850285,1.42267055901686,-2.37803362771891,-1.44683643711168,0.144154663849963,1.30046874591949,0.0926520903543767,-1.60208719929473,-1.39425256616507,"Female",1
-0.311327220787542,-1.68127909458243,-0.704047949896931,-0.639085363229004,0.651153374987427,-0.368296274417838,-1.13106076444601,-0.715479494294875,1.11712117456845,-1.36251353105558,0.132030207683135,-0.76213734373751,1.5926328266725,-0.695188451283163,-0.350003531611403,0.672593191652244,4.04092963822085,-1.11832996537448,-0.360282735834783,1.2544603609359,0.458736384898569,-0.173719064868553,1.23353816264257,0.060620388558767,-0.577476313850285,-0.0543277469032874,0.384170426993948,-0.300972645217273,0.157390118563244,0.391301392672121,-0.788464090396995,0.393116183578932,1.18539145376772,"Female",1
0.927699215963795,-0.678832642141011,-0.93353626868815,-0.857533201960114,1.59614168248097,-0.680220580804325,-0.736830793857191,0.086105336342002,-0.680474198205198,-1.56757942251902,0.074117781863921,-0.76213734373751,-0.495346035019633,0.407581984828837,-0.350003531611403,-0.729109981122807,-0.688163681552377,0.529425750471382,1.92301182861519,-0.604574150372505,-1.33846002803018,0.0803845705199631,-0.13083254196938,1.90630649398635,-0.217970425459342,-0.0543277469032874,-1.21295736686421,-0.189715479387365,-0.293682759066669,0.932523833778783,-1.11351774753304,0.189698848158573,0.344361686975788,"Male",0
1.31899231149604,-0.010535007180063,0.479979516560362,-1.24495671191405,0.417850158924672,1.8585479602289,0.445859117909261,0.0443378576082191,-0.23125316847816,0.529844254966453,-0.837500407942352,0.664176060372712,0.407838016939532,0.475918913433588,-0.350003531611403,-0.729109981122807,0.130090132221264,-0.582582931773147,-0.766075574872911,0.317683594922364,0.165001931189763,0.33100044168574,-0.0039417088339263,0.448057151427439,-0.217970425459342,-0.0543277469032874,-0.0496372959112527,-0.0831647835964235,1.23087275955767,-0.0748481273619536,-0.240251228254642,0.286395282542071,-0.344049158921027,"Female",0
1.09088409192947,-2.01542791206291,-0.214707859308602,0.363587166485274,-0.160465027453405,-0.339703212999076,-0.736830793857191,-0.123857927358829,-3.12557712891247,0.219783084538574,-0.040418894407352,-0.76213734373751,-0.495346035019633,-0.695188451283163,-0.350003531611403,-0.729109981122807,-0.688163681552377,0.332402810556948,-0.202397402850924,1.19573569898496,1.07090826983055,-0.942763220029645,-1.9463196799876,-1.89742681310959,-1.29648809063217,0.684171406056786,-0.4211612298542,-0.946891761922155,-0.763605157241268,0.465532633786245,-0.794462207932151,-0.844984062287864,-1.56082254565059,"Male",0
-2.13870186163339,-0.678832642141011,-0.199375491068631,1.5550247941301,-0.0751532454702086,-0.680220580804325,-1.52529073503483,-1.27039877326394,-0.921981271389502,-0.618339937737628,-0.100138749406279,0.359024004479022,-0.495346035019633,-0.695188451283163,-0.350003531611403,-0.729109981122807,-0.688163681552377,-0.0689654286602789,1.23459551883751,-0.161112902154046,-0.804376225496302,0.285867930560342,-0.0700316191715319,2.09721389631125,-0.577476313850285,0.314921829576749,1.56375560862181,2.76293927544392,-1.16440225584991,-1.7594532374375,-0.761812443075491,0.364374063818391,-0.282580217276607,"Male",1
-0.662304484691159,0.657762627780885,-0.230241969235939,0.873761516566738,-0.253329528004238,-0.680220580804325,0.840089088498078,0.0129906372751272,-0.33016307417146,-0.208564917983143,-0.420570613338567,-0.19423413542464,-0.495346035019633,0.00424649876173611,-0.350003531611403,-0.729109981122807,-0.688163681552377,0.801495036021287,0.37611635245938,-0.447625327340863,-0.533622609094494,-0.346823154062699,0.181335443359419,0.281630293759921,-0.217970425459342,-0.0543277469032874,0.46844791533134,-0.316912723079763,-0.96438555638667,0.349376877168677,0.906102983353747,-0.421702768075911,0.70615424832302,"Male",0
-0.664174341180605,-0.678832642141011,0.477294753873411,-0.789673982127144,-0.407376803860099,1.22436808658097,-0.736830793857191,-1.02964923941843,0.277320898855296,0.257657780214084,0.0760029925488006,-0.328339881955283,2.80097536082253,-0.695188451283163,-0.350003531611403,0.377334208473466,2.67148487644172,-1.29119264617109,-0.670190822216673,-0.238636833058544,0.764219287230233,1.07559772474097,1.71372209703746,-0.470720750423727,-0.577476313850285,0.684171406056786,-0.100182647411363,1.50349001248116,0.391047689579894,-1.19305890173815,0.188083025525176,0.933995206948693,-0.646572155750365,"Male",1
-0.669913049062465,-0.010535007180063,-0.248168291373581,-0.121416262592545,0.0845309867281762,-0.680220580804325,0.0516291473204437,-0.868403895876265,0.773946975522872,-0.691835102879179,0.46871514865288,-0.76213734373751,-0.495346035019633,-0.695188451283163,-0.350003531611403,-0.729109981122807,-0.688163681552377,-0.253188871566104,-0.214890224809453,1.02897797874178,0.502107191635776,-0.242036579735529,-0.0658721850102932,0.685614243627459,-1.29648809063217,-0.0543277469032874,1.25741812769818,-0.261071196789293,-0.73561623329897,-0.0395234574033828,0.165111896704502,-0.269257077614167,0.0238974893779592,"Male",0
0.0783982720353906,-0.010535007180063,-0.855073801581087,-0.828218302353642,-0.322132877814531,-0.680220580804325,0.0516291473204437,-0.439306062064569,-0.359751334653739,0.00329319313886215,-0.470881895369377,-0.76213734373751,-0.495346035019633,-0.695188451283163,-0.350003531611403,-0.729109981122807,-0.688163681552377,1.13695283889945,1.00315241024584,-0.491944402358922,-0.626664263083156,-0.605647973931632,-0.618002073830281,-0.428375593312044,-0.577476313850285,-0.0543277469032874,-0.868283906645192,-1.2745353145632,-0.241171438825238,1.20628898615115,-0.470132671476606,-0.803558733625382,0.123266232819146,"Male",1
0.796964390918825,-0.344683824660537,0.593116292334804,-1.39044313189233,-0.242057769911316,1.0347938993827,0.0516291473204437,0.0107799673484403,0.277320898855296,0.87685013452695,0.0760029925488006,-0.294092713919848,-0.495346035019633,-0.118740268770085,-0.350003531611403,-0.729109981122807,-0.688163681552377,1.08872025426451,0.0670099408931145,-1.08652085940137,-0.453658804201017,-0.193397124174736,0.121660581025012,-0.742921249225634,0.501041351322542,0.684171406056786,-0.225195358468048,-0.836602346304726,4.26303245970061,0.546302351807576,0.17449449644133,-0.230571091521079,2.18735022269579,"Male",0
0.176896052240287,-0.678832642141011,1.53942091842174,-0.462244532192602,0.368735975973441,0.718720197758642,-1.91952070562364,-0.473965723941259,0.0485181706763097,0.612002860973145,-2.0337259146038,-0.76213734373751,-0.495346035019633,-0.695188451283163,2.01928064156223,0.543865349254547,3.39188570810911,0.176682548772837,-0.791843732148865,-0.852750442799684,-0.131789787573366,0.12004624905944,1.08046456868964,-0.666346900600682,-0.577476313850285,-0.792826899863361,1.13976089185697,0.16892863686182,1.42905122689242,-0.556954326665772,0.089382647339331,0.683000184431896,-0.70103529735181,"Male",1
-1.24680875928529,3.66510198510515,-1.80973732155604,-0.579866834991881,-0.252922782896322,-0.460868902156772,3.5996988826198,4.46725427310184,0.4550669738576,-1.19141775997852,0.553102028341633,-0.064244399871452,-0.495346035019633,-0.26542268382097,0.478259901103275,-0.432435587836299,-0.187700773752367,1.1112442625685,1.79779064466078,1.1086137704446,0.0953382742867183,-1.79239738204136,-1.74497514213839,-0.877300876888706,3.73659434684102,-1.90057562930347,-1.11220025645467,-0.698779178712962,0.5371289279286,1.44030105237744,3.74070786906111,-1.73893542442308,0.00355709189455686,"Female",0
0.65655327667473,0.657762627780885,0.435320669198448,1.89522184666825,0.225716625772947,-0.680220580804325,-1.13106076444601,-0.200651967186804,0.277320898855296,0.00109381292760358,0.0760029925488006,0.949022906383058,0.588211508365792,0.00730525218759329,-0.350003531611403,-0.00169550662146534,-0.197330672269796,-1.62755477007702,-1.45276651447027,0.327480314245797,0.284067731380762,1.32508355721305,0.691220286923617,-0.177823125795554,-0.217970425459342,-0.0543277469032874,0.575276072143265,0.460568902587337,-0.428927739950498,-1.34104149839002,-0.85449522526759,0.56507297752994,0.174560378183488,"Male",0
0.116218070423122,0.323613810300411,1.96337787754345,1.99014127918009,1.69801274954466,-0.663307466509363,0.0516291473204437,-0.203109392214893,0.277320898855296,0.26422496520096,0.0760029925488006,-0.39713238988717,-0.495346035019633,2.45161636594315,3.98189663575831,0.201871976914346,-0.688163681552377,-0.420033678258065,-0.55317533284318,-0.499453125790429,0.118627535237817,0.869805483114471,1.76071780466608,0.70356126074838,0.860547239713484,-1.90057562930347,1.98581883408373,2.48376883556078,-1.17652937766399,-2.06189583368489,-0.400029449469756,1.35055205108953,0.463683043187309,"Male",0
-0.462047688817637,0.991911445261359,-0.828428488025167,0.381874128705553,-0.302750080957116,-0.486631989778018,2.02277900026453,-0.139825511118423,0.63970744207212,-0.666459136531048,0.629638578128399,-0.287852118855607,0.856145737275644,-0.111054293003237,-0.350003531611403,0.17817425434614,0.944376654776595,-0.219619644730584,-0.0347114540628948,0.444841678460186,-0.206144653717161,-0.198644606656385,-0.482302969177576,-0.662533454407049,-0.217970425459342,-0.0543277469032874,0.184846333797872,-0.67177303580294,0.414676929398532,0.14817738740137,1.30371541493408,-0.545800211356379,1.23194778554665,"Female",0
-0.561464275324125,0.323613810300411,-1.64105617328979,0.21260250405117,-0.504255599649813,-0.132960525403032,0.840089088498078,0.871300935289701,0.277320898855296,-0.968962968650877,0.0760029925488006,1.47804573180203,0.213929227158207,-0.235350015614344,-0.350003531611403,-0.0148833644607065,0.43634972998147,0.143801119449477,0.835321814470078,1.19724124267317,0.297689157400631,-1.13125943927507,-1.55537561276271,-0.771808368932656,1.22005312810443,-0.0543277469032874,-1.03904500105666,-0.798604641644364,-0.0547279695483221,0.951366034208356,1.5288756153144,-1.30482413237191,0.0745075395070358,"Female",0
-0.166810551222758,0.323613810300411,0.209264744586647,-0.996505648648026,0.0879527490123822,-0.404125417718988,0.445859117909261,-0.44580938392944,-0.468935321185598,0.0940256149316153,-0.417694072343064,-0.15170784213443,-0.495346035019633,-0.695188451283163,-0.350003531611403,0.827852045422983,-0.688163681552377,0.0512875797787863,-0.330839901771942,0.941280025740035,2.00982630330146,-0.642093715156246,1.86839303750916,-0.0571021181057979,-0.577476313850285,-0.0543277469032874,0.355496775401398,0.618536921713547,0.446306945149543,0.457756777237918,0.864029760637222,-0.12238903371841,-0.637812349758523,"Female",1
-1.01179607465252,-1.01298145962149,-0.791321674823357,-0.199209860466437,-1.00624540251568,-0.17575040627803,0.0516291473204437,-0.807544526981732,0.421576096999506,0.227240762195066,2.83373572634829,-0.76213734373751,-0.495346035019633,-0.695188451283163,-0.350003531611403,-0.12717230982255,-0.688163681552377,1.09430266799871,0.624586008651001,0.199850330913861,0.608618097746888,-1.07166997619972,0.031993541930261,-1.2506189780962,-1.29648809063217,0.314921829576749,-0.5370077821665,-0.489003359470947,-0.297185066422812,0.981696104574527,0.939224456556118,-1.09346478665843,-0.650567856729099,"Female",0
0.121474898233888,0.657762627780885,1.52334803959895,1.82183100951479,-0.56908050389992,-0.0515731325484803,-0.342600823268373,-0.294746251499334,-0.702904996731204,1.62647896318317,-0.644797344632265,1.07058073835885,-0.495346035019633,-0.695188451283163,-0.350003531611403,1.60815619924217,0.888939102371991,0.61956394904637,-1.43066061439043,-0.434267442742114,1.04562618039839,-0.587879999258841,1.30380145167014,-0.641680454266255,-0.577476313850285,-0.0543277469032874,0.155998853517249,-0.824560661790026,-0.14589459580738,0.914608535549648,-0.0803556163451121,-0.167605717082328,-0.331439512521871,"Female",1
0.753992345414092,-0.678832642141011,-0.831430776876538,-0.949262319138973,0.0129071785367429,0.382193606748053,-0.736830793857191,-0.0366918407255795,-0.35374801545369,-0.0347538780053423,-0.46278193300571,-0.76213734373751,-0.495346035019633,-0.695188451283163,-0.350003531611403,-0.729109981122807,0.644467364758391,0.53882890956244,0.613274053567006,0.444298584902538,-0.255379968908017,-0.770550969154982,-0.824675649452762,-0.341162790025913,-0.577476313850285,0.684171406056786,-1.06769170435779,-0.995939527400156,0.944072169584754,1.23053841057594,-0.580902858328806,-0.707051164140018,-0.209031076978409,"Female",1
-0.558900016268992,-0.678832642141011,1.54501961023322,1.009490398991,0.0843151877653365,0.613745416855622,0.0516291473204437,-0.783111421054624,0.277320898855296,1.12988395184894,0.0760029925488006,-0.76213734373751,-0.495346035019633,2.55000131693867,-0.350003531611403,0.951046010486362,-0.688163681552377,1.35017906701333,0.483299788783484,-0.117113604649305,0.403007818834304,-1.18458825959721,-0.514996152806777,1.5328325166197,0.501041351322542,1.05342098253682,0.898417386855234,0.889486303492746,-1.08593925339281,0.260346052071887,-1.14917178923898,1.40815292235489,0.558325029708021,"Male",0
-0.314501524243891,0.323613810300411,-0.790949365660797,-1.43040538860193,-0.767741640695409,-0.680220580804325,1.2343190590869,-0.330419418012757,-1.01054512396143,0.213299817025932,-0.230505079956354,-0.76213734373751,-0.495346035019633,0.0462125957644247,-0.350003531611403,0.806294109670797,0.347871531887165,-0.0912232554545492,0.0765071233934121,1.75221707324353,1.62002309744631,-1.09749799051289,-1.18847573556829,-1.07249805122328,-0.217970425459342,1.05342098253682,-0.738386831948474,-0.132403059232423,2.89034428793608,0.647543654155687,-0.155641717999137,-0.844141033477875,-0.771447147085767,"Female",0
0.83157508675324,0.323613810300411,-1.01866661755443,-1.21796212583429,-0.0224718518748148,-0.680220580804325,-0.342600823268373,-0.451763567495338,0.277320898855296,-0.742946065788959,0.0760029925488006,1.1653765012259,0.969324851211683,-0.695188451283163,-0.350003531611403,1.72904927753691,3.62439668966151,-2.3988569534264,-1.01861626560633,0.966448070094263,0.06714393465986,1.14315992860177,-0.356200689464948,0.215691197633676,-0.577476313850285,0.684171406056786,-0.835808636060155,-0.237758685411971,0.747421783177804,-0.473516055147469,-0.435721814614237,0.175091852381573,0.15752045811102,"Female",1
-0.562840315203379,0.657762627780885,0.258196426567731,-0.13465091579315,-0.591461463964875,-0.100990006702613,0.0516291473204437,-0.661138135424104,0.277320898855296,0.166276885592456,0.0760029925488006,0.14571720505035,-0.495346035019633,-0.695188451283163,-0.350003531611403,-0.729109981122807,-0.297547156763698,-0.170103834679983,-0.319032670895535,-0.165628602381737,-0.768514050405678,0.370189799434322,-1.1028666240975,0.963985017563361,-0.577476313850285,-0.0543277469032874,0.917416273818079,-0.0471964231677183,0.436788021139456,-0.629390890717735,-0.889237893148276,0.0158681394444052,-0.273764752942993,"Male",1
1.50019508471571,1.99435789770278,0.66433910807711,1.12592206797584,2.19728966562262,-0.238090968847624,-0.342600823268373,3.53433861971524,0.99085048872136,-0.401398557225019,0.43914619888627,-0.295209765542321,0.391671237966523,1.6051011934946,2.97491077346283,0.461835912690841,0.517247217139223,-0.690260483839573,0.116907890558633,-0.407962969970722,-0.569987580272996,0.896175610678271,-0.233709930889676,0.0221568213514047,3.73659434684102,-4.48532266466373,0.247914411925207,0.959489529012281,-0.908669931823032,-1.23713239184387,-1.20048862569654,0.992356223691736,1.58678614205005,"Male",0
0.314321999608129,-0.010535007180063,0.470280681557533,0.18867867869734,1.16513756029206,-0.555641055997527,0.0516291473204437,-0.521971253932905,-0.0821607422114917,-0.540114749752446,-0.559653636892187,-0.76213734373751,0.994274154884985,0.27056441561251,-0.350003531611403,-0.729109981122807,-0.013391247949468,0.695117328138431,0.631294553567669,-0.730283109510231,-0.715263115405992,-0.132509501792483,0.17752278699411,1.11133139657597,0.1415354629316,-0.0543277469032874,-0.0744529013237633,-0.514760306716759,-0.486712783838652,0.693763299702825,-0.0498293434421801,0.990800168060279,-1.27106155065258,"Male",0
-1.55002230503293,0.323613810300411,-0.390140269125755,1.27752890056103,-0.563076499217309,-0.680220580804325,0.0516291473204437,-1.08391625797193,0.277320898855296,-0.727218277578115,0.0760029925488006,2.25703943502462,-0.495346035019633,-0.695188451283163,-0.350003531611403,-0.729109981122807,-0.168547255058778,-1.28547102039075,-1.0398609068223,1.10807959980452,0.111937256644195,0.43557195661173,-0.583106952034275,-0.242477136485815,-0.577476313850285,0.684171406056786,1.86511769780498,0.65211534871817,-1.16285584928226,-1.68702659845791,-1.12769277140333,0.115834471456176,-0.531176311484512,"Female",1
0.264404420226669,-0.678832642141011,-0.731650206303471,-0.471576622681673,-0.370894170837753,0.596719548465361,-0.342600823268373,-0.634798670897272,1.70098231863569,0.00916252491153621,0.321637375649138,1.10112603972712,-0.495346035019633,-0.695188451283163,-0.350003531611403,-0.729109981122807,-0.688163681552377,-0.196910079280401,-0.586913312395518,0.671677448884781,0.203416576189656,-0.212887773392286,-0.125013176658461,-0.876086441250347,-1.29648809063217,1.05342098253682,-0.246304325894863,-1.49925368308814,-0.451839870287261,0.706016192950276,-1.05551251777032,-0.705856910597213,-1.69751986023555,"Female",0
-1.03911983798224,-0.678832642141011,-0.475436345756658,0.33779436156264,-1.58046040835269,-0.680220580804325,0.840089088498078,-0.304148755072861,0.977482252845654,0.908728796166252,0.858939314286226,0.154221697310669,-0.495346035019633,-0.695188451283163,-0.350003531611403,0.439523109059684,-0.293887985571293,0.888309318871798,0.0515981593844154,0.531540596178632,0.656914055378974,-1.24283217457371,-0.742776530551202,-1.01840436191926,-0.577476313850285,0.684171406056786,-0.115216773052715,-0.717466531425246,-0.86546037356227,0.860428706303058,0.0685148163566299,-1.19287832663473,-0.0270786760073695,"Female",1
0.201765596676729,-0.678832642141011,-0.358881580016704,-0.998283547752775,1.97063859135892,2.83136477468731,-1.52529073503483,1.17120493128119,0.277320898855296,-0.73046940694893,0.0760029925488006,-0.76213734373751,-0.495346035019633,-0.695188451283163,5.68090163646693,-0.729109981122807,-0.688163681552377,1.27921167498151,1.37319252061723,0.629670824732077,-0.155847660570711,-1.50901594635944,-1.23891664745335,0.19167849296614,-1.29648809063217,-1.90057562930347,-0.898043695197841,-1.02414517746984,0.76355929755008,1.71252965718125,-0.197534164770023,0.934224241958637,1.73726304816263,"Male",0
0.829778901067684,-0.678832642141011,0.327948459470327,1.26072401893899,-0.270189744921545,-0.680220580804325,-0.736830793857191,0.228799417395514,1.4451681572689,0.160826822312363,0.404096940261629,-0.76213734373751,-0.495346035019633,1.18727514473615,-0.350003531611403,1.22013349351753,-0.0305241417714122,-0.450618505794167,-0.516274417707809,-0.201026576725177,-0.0821704245163372,0.597414884192432,-1.044344770553,-0.850153970871106,0.1415354629316,0.684171406056786,0.204997770426863,-0.394301626320586,-0.945601041009636,-0.706341902730169,-1.16910171511278,0.0623693177075219,1.56541158152269,"Male",0
0.7447688660068,0.323613810300411,-0.284398636710225,-0.793611802814023,0.562799021230103,1.83436921221906,0.0516291473204437,1.2864154245511,0.390889331202446,-0.12642011127528,2.89179471796804,-0.0189553674268339,0.916468731860525,1.13543141797017,-0.350003531611403,0.218670321836208,-0.368399726787095,-0.106168866904669,0.23740837603995,1.29238216731211,1.28427992097299,-0.786915798024994,-0.732950710334774,-0.878996242879577,2.29857079327725,-0.0543277469032874,0.0160768315475129,0.277552864988645,0.28110181748809,0.0486316921168517,0.105769813917762,-0.585796326588023,-0.400903888833116,"Female",0
1.73905418958061,-0.010535007180063,4.39889757139979,0.705272022124191,-0.425454023691041,-0.382681133207505,0.0516291473204437,0.698958005094213,1.01551570911179,2.75503026784241,1.37044760446675,-0.76213734373751,-0.495346035019633,1.68461737874618,-0.350003531611403,1.11906160964729,-0.688163681552377,0.161606671576659,-2.22697000501192,-0.988362105594248,1.11089142608066,0.587894711981802,1.30492440255202,-1.23544694246009,1.93906490488631,1.05342098253682,0.27453012735153,-0.547570287574947,-1.06280880141462,-0.173268924779414,-0.938400044960309,1.01581617299583,1.48952275722301,"Male",0
0.985409839431332,-2.01542791206291,0.0370884979844229,1.14192599598593,1.13369632038437,-0.680220580804325,-0.736830793857191,-0.866142445846017,-1.53461181722884,-1.7651752783505,0.0990679662823922,0.0848005578373204,1.11357274152237,-0.695188451283163,-0.350003531611403,0.350990299197372,0.769461618741353,-2.48206010270509,-1.57750443230518,0.629670824732077,0.383048694569842,1.90934407025722,0.23227661586065,-0.968935565964823,-1.29648809063217,0.684171406056786,0.731304728059598,-0.232297668106015,-1.15391870405467,-1.64251522358866,-1.05886902172677,1.20614473046114,2.24512260629259,"Female",0
-0.259295794876985,0.991911445261359,-0.474816602227257,-0.537783761697502,0.692786264134482,-0.26785092437962,0.840089088498078,0.791267360711032,0.608038706547642,-1.16591258960874,0.349438457367045,0.53637585491594,1.14916828967595,0.37098562079856,-0.350003531611403,-0.45311090506756,-0.129461063685373,-0.61382780671691,0.751042171464773,0.710524282725111,-0.0807360004515615,0.0810508534052819,-0.606312843806479,0.356526773017843,1.93906490488631,-0.0543277469032874,0.978646251808004,1.51924887604404,0.102212758782798,-1.25576110660385,0.767457971475558,0.0383139793184358,0.886103428050701,"Male",0
-0.353530269575967,0.657762627780885,1.48994959057485,1.20837506153329,-0.429162826347759,-0.596026726127204,0.840089088498078,-0.815092646634343,0.277320898855296,1.46470641414132,0.0760029925488006,-0.76213734373751,-0.495346035019633,-0.0386343905462002,-0.350003531611403,-0.729109981122807,-0.688163681552377,0.459509291267896,-0.284636289980043,-0.572582795006207,-0.011946181541354,0.128851203972814,0.0444403409026961,1.24382099271091,0.501041351322542,-0.0543277469032874,-0.240293734352351,0.496169676169091,-0.737026979647714,0.061682204562798,1.62920490941584,1.19640047756257,-0.680247985789036,"Male",0
-1.16856223125588,0.991911445261359,2.17649190950634,0.0556944352254628,1.04108036724306,-0.108456343817899,0.445859117909261,-0.663716456704239,1.13890273791547,-0.102765998223566,0.453220935095924,3.18454446273658,-0.495346035019633,0.693603135405432,0.988266491276278,5.74215365802896,-0.202988689667871,-0.267550244144354,-0.913627987359898,0.302818129595774,1.38784967951491,-0.541137353758322,0.507254689777719,0.111405474481002,1.93906490488631,-0.792826899863361,2.10023191142154,2.20200587833164,-0.339320567913531,-1.43268962865384,-0.684493680303727,1.79629593688644,1.54337934220988,"Male",0
-0.382110747522281,-1.34713027710196,0.154729203997336,0.579852637073253,-0.275309774280684,-0.176638557993745,-0.342600823268373,-0.911346817313599,1.07884609497831,0.0782769726124172,0.531322057731179,-0.76213734373751,-0.495346035019633,-0.695188451283163,-0.350003531611403,-0.0602006922382087,1.11725961264523,-1.10437944398544,-0.954253046040646,1.29355567561728,1.08809271952584,0.212192473535515,0.253688084265833,-0.1723747105055,-0.577476313850285,0.684171406056786,0.6977029870149,0.381755661876528,-0.139313860374391,-0.569453972258423,-0.762131695283867,0.272148617340477,0.253427266314588,"Female",1
-0.85826391498021,-0.010535007180063,-0.645717766498861,-1.04859430965313,-0.522122272161275,1.2450122294792,0.445859117909261,-0.601818688823087,0.277320898855296,-0.152295589112058,0.0760029925488006,0.539976834390851,-0.495346035019633,-0.695188451283163,-0.350003531611403,0.101183412401192,-0.127911694251458,0.248354216682322,-0.250146699144816,1.08416013180853,0.584798577941928,-1.00173643890187,-0.626240013907797,-0.559148039666735,-1.29648809063217,-0.0543277469032874,0.641005500199561,-0.789456595763634,0.596355066837374,0.567713389225391,0.93469924953995,-0.920422942724976,-0.843878588037178,"Male",0
1.17170838934102,-1.68127909458243,-0.32507836303603,-1.0834681048586,0.538252377043764,-0.680220580804325,-1.13106076444601,-0.0858654911528414,0.67794923808998,-0.317732426435487,0.768848725209031,0.548701217493893,-0.495346035019633,-0.695188451283163,-0.350003531611403,1.77845951389189,2.69587093520997,-1.0787601647894,-0.514681606656355,0.33150822867332,-0.332771757065766,0.453177099192192,-0.853428103943217,-0.280732254638924,-0.577476313850285,-0.0543277469032874,-0.487400026097008,-0.392955171576189,0.144747565611153,-0.160638728962243,-0.917119252679825,0.399026948994193,-0.612237237792395,"Female",1
-0.356510644390189,-0.010535007180063,1.355046936341,0.793928091498186,0.452679760778773,0.0575670494403819,-1.13106076444601,-1.04722734083581,1.67437182480802,0.901970629203751,0.467320598476621,-0.76213734373751,-0.495346035019633,-0.695188451283163,-0.350003531611403,-0.729109981122807,-0.688163681552377,-0.239954787157647,-0.411407906183643,0.738613237838385,0.831289588097965,-0.058409315476257,0.49940917101513,1.86101030296124,-0.577476313850285,-0.0543277469032874,0.347687468090647,0.933734791652289,-0.932506090139209,-0.0213859912010229,-0.746448430547371,1.69567264798556,-0.603190259409818,"Male",1
-1.67317085229629,0.657762627780885,-1.61613714197191,-0.77360671670142,-1.8525727010564,-0.203496265876977,-0.736830793857191,0.10898804213572,-0.582137945940259,0.027092891733682,-0.335484279880969,0.0413232528283407,1.0309793751701,0.294361200833753,-0.350003531611403,0.295543672897562,3.80593157181732,-0.976589615886283,-0.519789068130591,2.23532443582563,1.58698962761485,-1.00977394187923,-0.538492280671706,-1.45701310039821,-0.217970425459342,2.16116971197693,-0.912713235574663,-0.31745785969314,0.297284381692832,0.702283681099716,0.308286445650288,-1.18073773763145,1.29092660008391,"Female",0
0.360740046636561,1.32606026274183,-1.03594090588717,-0.0693151028020738,-0.399962769822562,-0.362639616011865,2.02277900026453,1.14415574420877,-0.0937397903427829,0.304183691696346,-1.04185748047189,-0.0683690626602589,1.15208409521618,-0.267962670626315,1.29673298591352,-0.0655377344367371,-0.240409101275977,0.653905904233029,0.537143032531404,1.22038897687946,0.907612699839635,-1.50087158240141,-1.49492216211817,-1.27946156151923,0.1415354629316,-1.1620764763434,-1.14171261856142,-0.981499134744797,1.94921452815711,1.37345597242259,1.67321254727665,-1.45180597863873,-0.185361892607701,"Female",0
0.535269078525165,-0.010535007180063,-0.26480517051777,-0.939973673446887,-0.516565685010208,0.749952363977723,-1.52529073503483,0.620338747510287,0.138103716944295,0.692129457729924,-3.51831609368865,-0.306624758722885,-0.495346035019633,-0.134174853400823,-0.350003531611403,-0.148194580065867,-0.688163681552377,0.32945481957076,0.286739326908559,-0.985921544819627,-0.454467759577583,0.463057436335085,0.260658192202649,-0.149615000963965,0.1415354629316,-0.0543277469032874,-1.01797961387946,-0.250503708047732,0.320027670140784,0.266058949719541,1.11881638584042,-0.401677834009688,0.0892515475642792,"Female",0
-1.13196924757683,0.323613810300411,0.579662139204231,1.7851206385258,3.21281356514468,-0.339703212999076,0.445859117909261,-0.738629473408731,-1.65670970914826,-3.3587298706665,0.279410474004087,-0.76213734373751,-0.495346035019633,-0.695188451283163,4.65678566452911,-0.729109981122807,0.219414335611646,-1.29569954911651,-0.153852802728062,0.558338821453904,-0.318533352688612,1.03459864147678,1.84226169646842,0.415041953364179,-0.577476313850285,-1.90057562930347,2.7555750478105,1.32338387741302,-1.17598376953664,-1.94107737011732,-1.18219964822604,2.85361460893613,-0.22013734491351,"Male",1
1.67336871718029,0.657762627780885,0.991276082903493,-1.29937410743337,0.181763353514562,0.248463149573628,-0.736830793857191,1.53288917563494,0.759528799103491,0.970343192121913,1.24101178096754,-0.76213734373751,-0.495346035019633,0.85936213123601,-0.350003531611403,0.880587855999533,0.941085242808205,-0.0936639702276526,-0.542040962420199,-0.833785758652402,-0.606086873413948,0.595756531613806,-0.702981958674673,0.264684861189216,2.65807668166819,0.314921829576749,-0.595421537677196,-0.998761356101125,2.79827257095931,0.204940159240683,0.898576325264244,0.554660987806551,0.619688101585946,"Male",0
-0.14584198066344,0.323613810300411,-0.906580976137235,-0.513851479496952,-1.13690964673238,-0.36877176878733,1.2343190590869,0.75773588270643,0.643255902715613,0.468527493796336,1.30861293472356,0.195721433563765,-0.495346035019633,-0.105334497083738,-0.350003531611403,-0.118331120036012,-0.688163681552377,0.424736478632624,0.415080220988462,0.229399626410424,0.375133448227508,-0.500924004494594,-0.812916290039817,-1.17548793336821,-0.217970425459342,-0.0543277469032874,-1.11434924804531,-0.399002406919452,-0.101207592532368,0.523777662030947,0.22665183440927,-1.01102345054387,0.418402955344523,"Female",0
0.376389381121094,-0.678832642141011,1.02210317871562,1.94704318670021,1.60677629195618,-0.556245810972318,0.0516291473204437,-0.556385487898812,0.277320898855296,-0.36417549783708,0.0760029925488006,-0.76213734373751,-0.495346035019633,-0.695188451283163,2.41416133709116,0.0134589615973017,0.31395371239956,-1.13367965410046,-0.688343520152224,0.787195665304712,0.573907820348788,0.658615991260764,0.626346239962613,0.177170817229502,-0.577476313850285,-1.1620764763434,1.37364401030532,1.4132604372907,-1.1717486085431,-1.51106756967789,-0.521760580534613,1.53544752386783,-0.652855051082443,"Female",1
0.607519992357668,-1.34713027710196,-0.285692842647448,-0.831161031906331,-0.898608163627797,-0.0211547076328752,-1.52529073503483,0.0352818909831921,-1.40362872931914,1.31398292352057,-0.303304978381894,0.809289606172422,-0.495346035019633,-0.695188451283163,-0.350003531611403,0.272910760860977,-0.688163681552377,0.907274138429185,-0.338313285122623,0.501879588604881,0.631936569433952,-1.24731920813954,-1.37565405918993,-1.25139826464441,-1.29648809063217,-0.0543277469032874,-0.937305102987175,-1.70389379243578,0.411518065117164,1.45129347063685,0.663389219938618,-1.15471487021282,1.29447458456784,"Male",0
-0.186855023966065,0.323613810300411,0.43454647122588,1.82427062988567,-0.386265292826296,-0.680220580804325,2.02277900026453,-0.238252544295385,0.434054266170566,0.137532544479395,2.48789486832195,-0.24931255929771,-0.495346035019633,0.568011235691767,-0.350003531611403,-0.0751043068005037,-0.688163681552377,-0.131021087779296,-0.306152370348115,-1.13634160810976,-0.848008116714538,1.01751275858258,0.051028690891432,-0.210809685268633,0.1415354629316,-0.0543277469032874,0.730154870315592,0.310735371572394,-1.14768568540069,-1.16932663982951,0.660947966211488,0.177166668173904,0.0248383562178512,"Male",0
1.7738889686254,-1.34713027710196,-0.503926633647718,-0.576199738508405,0.366033653627003,0.248463149573628,-0.342600823268373,-0.54547455735432,0.277320898855296,-0.462449473452455,0.0760029925488006,0.196895280104579,-0.495346035019633,-0.695188451283163,-0.350003531611403,-0.729109981122807,6.73929465009145,-2.74088235599762,-1.10173554336234,-0.503890282918062,-1.80159486278916,2.4874490730674,-0.512592242245807,-0.320357121268109,-1.29648809063217,1.05342098253682,-1.2519293255886,0.780801351227123,-0.119033941550371,-1.9768414693897,-1.02928729523966,0.88230821321135,-1.60723087952226,"Female",0
0.18647954421738,1.66020908022231,-1.04898220689025,0.474528070621637,1.55766177578092,-0.251896847715962,0.840089088498078,0.0397208686188588,0.616672656124173,-1.66207865553944,0.0198818821874445,1.01441344185872,-0.495346035019633,0.398819904178674,1.75841734440235,-0.729109981122807,-0.688163681552377,0.323930968845998,1.88096406939117,0.439067555662352,-0.729610181707871,-0.570518978119761,0.175976695292775,1.20659003780203,1.22005312810443,-0.792826899863361,-0.451619583420851,0.905477548597663,0.591697610443524,0.375331665330183,0.262596499650933,0.066928467949838,0.269143645870951,"Male",0
0.844651920977071,-0.010535007180063,1.85132876102732,0.0530866385384591,-1.0658597278311,0.352199098179676,0.0516291473204437,0.142555228824451,-0.171132448375528,2.28987041765556,-1.82590894517096,0.216075932581426,2.2921057453394,1.11197660089538,-0.350003531611403,1.76592166641682,1.41628284574671,-0.122749154607146,-1.05639027401228,-0.174493486391224,1.11729497844884,-0.132591920918634,-0.824355402898078,-1.36122311788349,0.501041351322542,-0.0543277469032874,-0.170476956966344,0.509564467229225,0.227970041854013,-0.587053156806154,-0.161539786686262,0.0752523341368062,0.026199935872329,"Male",0
0.864092022211615,-0.678832642141011,-1.22492318303803,-1.15389343824879,0.467480071774952,1.87365967773505,0.445859117909261,0.740065469024976,0.277320898855296,-1.36045240012388,0.0760029925488006,-0.76213734373751,2.32026182392886,-0.695188451283163,-0.350003531611403,-0.729109981122807,-0.688163681552377,-0.512714973822012,0.872627858960747,0.209604583205051,-0.470203867736034,0.449419479827193,-1.29145926400028,-0.678782051232082,-0.577476313850285,-0.0543277469032874,-0.710041954052752,-0.380769076111733,1.75212979065964,-0.265444563571158,-0.747064495941061,-0.743936989544285,-1.60338398059463,"Female",1
0.326580803866528,-0.678832642141011,0.257418124554414,-0.478364009555186,1.50002591243374,-0.680220580804325,-0.736830793857191,-0.701839565640975,-1.6877328918275,-1.51435549972237,0.0691079923214227,1.07488289348114,-0.495346035019633,0.436057277780068,-0.350003531611403,1.61364273957167,0.102238770015343,-2.21118456410475,-1.65468564032931,1.91797257251391,2.04021823737295,0.733781294589758,1.65610752059713,-0.638732692860523,-0.217970425459342,-0.0543277469032874,0.914893282792831,0.307218152534483,-0.64626345649112,-0.806046182471753,-0.852998053757165,1.64586029131163,1.4606241018642,"Male",0
0.33839410319944,0.657762627780885,-0.0732696228113434,0.841956202669592,1.00886919345164,-0.680220580804325,0.840089088498078,-0.310189318426043,0.704419324789412,-0.543297244600567,0.609380510138105,-0.76213734373751,-0.495346035019633,-0.695188451283163,0.976795605365813,-0.0162437961114987,-0.688163681552377,0.216829816265124,0.769353465608464,-0.737644791438396,-0.824079140944995,0.437312788101674,0.822855625848128,1.31979535824704,-0.577476313850285,-0.792826899863361,-0.149796765440385,0.558560031871111,-0.952539895459937,-0.0210771155389629,0.289085017963075,0.412599481414162,0.358252500849504,"Male",1
-1.74453272632083,-0.678832642141011,-1.86620126606732,-0.599443803412427,-2.13794931954731,-0.680220580804325,-0.736830793857191,0.324463908174972,-1.20167718388476,0.112837346645233,-0.17590751135322,-0.76213734373751,0.817941022864468,-0.695188451283163,-0.350003531611403,1.03416326802179,-0.0932671367328537,0.468979718604057,0.759891425026213,0.438191866580181,0.657257440648425,-0.798619131952133,-1.24337255839725,-1.32901300191584,-0.577476313850285,1.7919201354969,-2.10045765799859,-1.59389764776741,0.0293402751006437,1.6116712856798,-0.969552112404928,-1.71807886081594,-1.7187437472098,"Male",1
-0.47204258846047,0.657762627780885,1.38216478965045,0.217525916956629,0.363494454962351,0.113731831176826,0.840089088498078,-0.867569912706254,0.277320898855296,0.150971654704333,0.0760029925488006,-0.76213734373751,-0.495346035019633,-0.0610954505187679,-0.350003531611403,1.24065184588215,-0.688163681552377,1.21029860219271,0.410610836068949,-2.57803237619174,-1.47614373066506,0.60553208365623,0.702394763912117,-0.204151986079788,0.1415354629316,-0.0543277469032874,0.446663495413614,0.262867501400775,1.13429351910095,-0.585531131339818,0.488727480063303,1.2421202193746,0.687059640918582,"Male",0
0.928185828355059,0.323613810300411,-0.774224307305697,-0.711152842335746,-0.381599796833953,-0.680220580804325,0.445859117909261,-0.131232395807779,0.817951817759241,0.0385929104142583,0.734851281770138,-0.054568970269932,-0.495346035019633,-0.695188451283163,-0.350003531611403,-0.729109981122807,-0.688163681552377,0.45724757739774,0.812933605505378,-0.550768486900833,-0.797066108459469,0.0568309283407584,-0.672254504440903,0.332715138102057,-0.577476313850285,0.684171406056786,-1.72620326378633,-0.655785734822747,-0.0880573736949993,0.921466741783394,-0.253075922050087,-0.601420639206946,-0.169598426351693,"Male",1
0.0126279193529784,-0.010535007180063,-0.218924260574592,-0.149987987741217,-0.484870286718925,-0.680220580804325,-0.736830793857191,-0.591327929146809,-0.807022255070702,0.22499638016904,-0.290414296032316,-0.255291086577446,-0.495346035019633,-0.695188451283163,-0.350003531611403,-0.0827287252835333,4.10953824596885,-1.41681380883882,-0.720251616596785,-0.0208333096533634,-0.927893475059637,1.08353559474037,-0.111836686291252,0.464092051875843,-0.577476313850285,0.684171406056786,-0.307737710047975,0.925984456180392,-0.64396616408624,-1.0654817524857,-0.16858953305295,0.412202543883955,0.780411054895831,"Male",1
0.615981458212254,1.66020908022231,1.60561434242298,1.29502761404685,2.00296694717944,-0.680220580804325,-0.736830793857191,-0.705641007114319,0.987460799458339,-0.898471196946919,0.286438457945349,0.167281446114205,0.387457379187499,1.02183297596485,-0.350003531611403,2.23411050289099,-0.688163681552377,-0.757265909665639,-0.59352159196433,-0.385821852973698,-0.30817228352018,0.910630811245706,0.905720698728173,1.0319520444202,0.501041351322542,-0.0543277469032874,1.94386385978398,0.615740920455547,-1.1272865442983,-1.26165750358209,-0.458737184056299,2.19775794532396,1.29717781084131,"Male",0
1.85893001184788,-0.678832642141011,-0.0555535580007462,1.3460542117698,-1.21688608074145,-0.680220580804325,-0.736830793857191,3.13202228882252,0.277320898855296,2.55786942140512,0.0760029925488006,-0.157368703045752,-0.495346035019633,3.02900537082612,-0.350003531611403,-0.729109981122807,-0.688163681552377,3.05548052592948,1.25885219930173,-1.50263605893892,-0.709736495452422,-1.89635523340458,-1.10443353616785,-1.23442378964609,1.22005312810443,-0.0543277469032874,-2.15216350166183,-1.99299569462617,-0.40452089046941,2.70049126882229,0.777513543765624,-2.39402863230952,-1.1507963217585,"Male",0
1.34727101021075,-0.010535007180063,0.677130948753997,-1.26852421167469,-0.44117118660083,-0.680220580804325,-0.736830793857191,0.892867808066252,-0.55430329628763,1.39049199675068,-0.710985487909952,0.326277984572833,1.5723047988118,0.645314137259082,-0.350003531611403,-0.729109981122807,-0.688163681552377,0.0139390762945347,-0.660431571464952,-0.285243965575744,0.37930115385259,0.198084044553526,-0.294464941956121,-0.555053167202793,1.22005312810443,-0.0543277469032874,-0.913209343301338,-0.388960127364714,0.674258057851131,0.26083357234601,-0.1753558105972,-0.137793163485869,-0.788876448006459,"Female",0
-0.0756702723011868,0.991911445261359,-0.319491692750573,-1.09605090333029,-0.256597968568948,0.738601785050881,0.0516291473204437,0.20965572499651,0.141580195947748,0.0903597694954873,-2.63221687335649,-0.76213734373751,-0.495346035019633,-0.695188451283163,-0.350003531611403,-0.729109981122807,-0.688163681552377,0.863557029255965,0.195449606782539,0.218783102103343,0.118188170420173,-0.813267160344029,-0.595523063675523,-0.680165302948175,-0.577476313850285,-0.0543277469032874,0.337091466831416,-0.9371857602951,0.16046073616615,0.651058412693505,0.356924689550531,-0.946122703086056,-0.766858322876423,"Female",1
-0.305655700041,0.991911445261359,0.136998163533945,0.48329263269478,0.304746514024312,-0.680220580804325,-0.736830793857191,-0.093448441829271,0.673306194423347,-0.0164273739796226,0.944858496407846,0.792638724583963,0.489184395129233,1.85798071735759,-0.350003531611403,-0.0681744453507339,0.203787164455181,-0.323053443660144,0.209942359517162,0.798670984816627,0.268845493480453,-0.320796268398066,-0.172475513724697,1.0144078232176,0.860547239713484,-0.0543277469032874,1.0940277341541,1.40370648244883,-1.00892585210695,-0.746200574607249,0.283143234084511,0.189129814148357,-0.891527355595126,"Male",0
-0.394462439884823,0.991911445261359,-0.609141597850671,-0.87508559802367,0.362734629026567,-0.680220580804325,1.2343190590869,-0.203323889765747,0.277320898855296,-1.02448458483135,0.0760029925488006,-0.76213734373751,-0.495346035019633,-0.186307056794314,-0.350003531611403,-0.729109981122807,1.08961585576468,0.13578985067153,0.615376626462693,0.371842416191862,-0.645805170365869,-0.360463224303245,-0.977257746043301,-0.425273056417014,-0.217970425459342,-0.0543277469032874,0.814419894155422,0.332949339634165,-0.230081596030742,-0.536575592053052,0.4855591437529,-0.464159691496567,-0.874941006297766,"Male",0
-1.80502907129747,-0.010535007180063,2.39280344992309,0.88435761291581,-0.762885632305504,-0.566714791535909,0.0516291473204437,-1.56625527102956,0.127273773056614,1.58392655438231,-4.57025950222129,-0.76213734373751,-0.495346035019633,-0.695188451283163,-0.350003531611403,-0.729109981122807,-0.688163681552377,-0.283495640148337,-1.38366495690707,1.68075878227947,2.08763804376599,-0.653621748349418,0.280797777439747,1.06279433995799,-0.577476313850285,1.05342098253682,2.53458031627435,2.41547348930253,-0.861389907866392,-1.45050756135467,-0.987612598284413,0.793537075629008,0.279333612223835,"Female",1
0.213485083675736,-0.010535007180063,-0.472274980122441,-1.61400233316576,0.627921312160742,2.49409386483783,0.0516291473204437,-0.366081953430909,0.277320898855296,-0.75331518090601,0.0760029925488006,0.29825645173017,-0.495346035019633,-0.695188451283163,-0.350003531611403,-0.729109981122807,-0.688163681552377,-0.156291344328855,0.0614860644836006,0.472572880746359,0.171287254202959,-0.0511178227414237,0.421942646322733,0.136950350349885,-0.577476313850285,-0.0543277469032874,-0.0288540735351793,-0.296273152856445,4.37215861308087,0.293118908873485,0.0650153041520529,-0.168518814295718,-0.13802839482052,"Male",1
0.474372651473711,1.66020908022231,2.44057083794966,-1.54590044368892,-0.72962721227107,0.410757393717347,0.445859117909261,-0.063374035800617,0.542188139744666,2.62477803070459,3.57516451872978,-0.76213734373751,-0.495346035019633,-0.161511064150346,-0.350003531611403,0.376108910367591,-0.688163681552377,2.17043008654393,-0.727095925109107,-1.10676578995232,0.29532138094231,-1.29868080967808,0.0954214285756304,-0.947342746263786,1.22005312810443,-0.0543277469032874,0.728389972382929,-1.46380469575034,3.36420590983566,1.20944760633342,2.4346862910044,-0.202635501169116,-1.12093759743489,"Male",0
0.664332803932886,-0.010535007180063,0.627057519183388,-0.457802219908955,1.10848081415097,1.253785828575,-0.736830793857191,-0.503623054917515,0.636083576639956,-0.465047205115574,0.759100515075454,1.97685982995551,0.991294914505186,-0.695188451283163,1.50751526015674,1.2669153369089,-0.688163681552377,-1.05717680549015,-1.12942002359711,1.39020075501676,1.51149766223416,-0.107915634548683,-0.217488181781055,-0.503297205521719,-0.577476313850285,-1.1620764763434,0.321711601351498,-0.290696421921596,0.395164939423009,-0.0376019634591717,-0.575326586422496,1.19323510897047,0.743412018868263,"Female",1
0.711339590534688,-0.010535007180063,-0.659470186398691,0.789371562569493,0.259075187713612,0.0373986653968202,-1.52529073503483,0.629311819395342,0.277320898855296,-0.800910543316594,0.0760029925488006,-0.0348412275152546,-0.495346035019633,0.200556308160969,-0.350003531611403,3.90849531170177,1.81526713159151,-0.503942982055998,0.160319742304989,-1.02287601577341,-1.06736380030659,0.789481704218773,-0.423236473847496,-0.103436754732292,0.860547239713484,-0.0543277469032874,-0.675796283732641,-0.595841041364129,-0.908853347491757,-0.121454816288491,-0.405760797046125,0.0562897366116825,-0.133534077288257,"Male",0
-1.05375353636567,0.991911445261359,-0.676292840006638,0.269218951887789,0.572845800077453,-0.224170534636581,-0.736830793857191,0.0780912019367379,-0.0251771431216496,-0.893526226810274,-0.421619023861387,-0.102297022443135,-0.495346035019633,-0.695188451283163,2.78240589801443,-0.729109981122807,-0.688163681552377,1.1977128655824,1.31081630823011,-0.390388851151426,0.136773969033432,-0.790972995988759,1.78179647787193,-0.269827063688029,-0.577476313850285,-0.792826899863361,0.0777899628874628,0.741487822962407,-0.491440908448805,0.505655895233059,0.187117413429782,-0.468075536211708,-0.439522195943213,"Male",1
-0.0934962777794312,-2.34957672954338,-1.26490410056023,1.38042177446422,-0.719519795813935,-0.680220580804325,-1.52529073503483,0.747212628851765,-0.628645459186771,-0.169501811875538,-0.266481518745384,-0.76213734373751,-0.495346035019633,-0.695188451283163,-0.350003531611403,-0.729109981122807,-0.688163681552377,1.03082580287013,1.00435540150193,-0.893069300803394,-1.32345643004191,-0.22713094012819,-1.3440018805472,0.0756170870730474,-0.577476313850285,-0.0543277469032874,-1.14871268339129,-1.86548315616891,-0.311559949606545,1.28688963499402,0.0668351901037321,-1.46192754044179,-3.00926375317589,"Male",1
-0.884183907112351,0.657762627780885,-1.2355207973908,-1.50929231996753,-0.208805668894032,-0.680220580804325,-1.13106076444601,0.0319280147462649,-0.0241603429805471,-0.896418761730172,-0.421180420073338,-0.76213734373751,-0.495346035019633,-0.695188451283163,-0.350003531611403,-0.729109981122807,-0.688163681552377,1.41947663805617,1.66330306136674,-0.0486126064395029,-0.586964744683153,-1.18980144480773,-0.356200689464948,0.3555298895211,-0.577476313850285,-0.0543277469032874,-0.424721664550203,-0.615412124842337,1.82449858750658,1.33784861342889,2.91858453800926,-1.14724036965919,-0.109944040743338,"Male",1
-1.1877324581275,1.32606026274183,1.35667290518781,1.60808464924296,0.88818810282481,-0.680220580804325,0.0516291473204437,-1.07672627476803,1.58858799602145,-0.209898125714676,0.305831337084421,0.0959444775948892,-0.495346035019633,2.47527655253884,-0.350003531611403,1.45951427110494,1.52704318928877,-1.20558082760639,-0.806551657011546,-0.747980631854915,-0.602564376016171,1.48579726995275,2.61881756743956,1.63022907653584,0.1415354629316,0.684171406056786,1.69110309074768,1.40609734304481,-1.22002809429609,-1.42771855604526,-1.12311824218353,2.51529248463518,0.992573359389578,"Male",0
-0.610670112997065,-0.010535007180063,-0.0296300353171775,-0.927102617700262,-1.14472352428792,-0.496157138747434,0.840089088498078,-0.0458463757999864,-0.216842569167648,1.08398122945979,-1.11155888755624,-0.300171215605784,0.382246024912368,0.442735233677736,-0.350003531611403,-0.139964373675437,0.106904664062385,0.601795660132293,-0.063835216195634,0.601029944627962,0.921945049710395,-1.0040309439047,-0.493766812787816,-0.694608606581142,0.1415354629316,-0.0543277469032874,0.0590560779044298,0.0556468807535603,-0.083010078734918,0.41512424195815,1.72338427095543,-0.697718736150795,0.109447766934357,"Male",0
-1.32691364093821,-0.678832642141011,-0.494354472685402,-1.47651221856385,-1.0795067952491,-0.680220580804325,-0.342600823268373,-0.717209372274226,-0.376673565856323,-0.604005554313859,-0.251843714691242,-0.150754046038175,-0.495346035019633,-0.695188451283163,-0.350003531611403,-0.729109981122807,-0.162052049727605,-0.348159333548224,-0.326092778163981,-0.371596443157733,-1.15196389202582,0.70023274406723,-1.23399077715207,0.364682526125541,-0.577476313850285,1.42267055901686,0.906185514353938,-0.44789052514765,1.08990370676981,-0.814786217206547,-0.225730765803812,-0.143885704241061,-0.486697108354176,"Female",1
-2.12016853035903,0.323613810300411,-0.953703454860523,-1.12550723693679,-0.536943378697794,0.388348565028047,0.0516291473204437,-1.17766251685559,-0.308892626936628,-0.87894344345568,-0.186268764351939,-0.76213734373751,1.06625160103585,-0.695188451283163,-0.350003531611403,1.01811106057159,-0.45237135356369,0.289842739008452,0.824586049328083,-0.0622029848418492,-0.377746159746232,-0.254360523593886,0.201369194362457,1.10651545706467,-1.29648809063217,-0.0543277469032874,0.0862007143264508,0.012243474491639,1.54809833081935,0.45328322475883,-0.368045167281505,-0.358029895258532,0.27585323639204,"Male",0
0.672711423833219,2.9968043501442,0.581970064107721,1.17339643999402,-1.15914467537017,-0.558607235159593,1.62854902967571,4.85719644184032,0.277320898855296,2.13021082560281,0.0760029925488006,0.498446775230178,2.37831559421645,2.40990614008889,-0.350003531611403,0.235464109420839,0.396602569632709,-1.25339140174177,-1.73775030879858,2.72093488089095,2.78030413006621,-0.788506268243635,-0.377651077251117,0.0373287882217151,3.73659434684102,1.42267055901686,-0.106304403880635,0.523707516816574,-1.09259157960958,0.203882283209875,0.685686174935896,-0.201409617590844,-0.0392256069827224,"Male",0
-0.922807479928192,-0.678832642141011,-0.0529579831563342,-1.01540709212571,-0.0138780885292976,1.1687425023011,-0.736830793857191,-0.922370330409947,0.277320898855296,-0.614202252498215,0.0760029925488006,-0.76213734373751,-0.495346035019633,-0.695188451283163,-0.350003531611403,-0.729109981122807,-0.688163681552377,-0.596988751859803,-0.615893371754575,0.209604583205051,0.45041073896241,0.658615991260764,1.49329941298693,0.49633968343552,-1.29648809063217,-0.0543277469032874,0.942806686847823,0.0522725305716132,0.905662190822135,-0.374984275163459,-0.72620008405659,0.283751476160439,-0.562273243543166,"Male",0
-0.371296574538121,0.323613810300411,-0.820336404787405,0.527319270085452,0.403632601478108,-0.680220580804325,0.445859117909261,-0.696199392564906,-0.322330186267103,-0.93204841079795,-0.160851572659962,4.28308872323693,2.699441105793,-0.00477200345948089,-0.350003531611403,-0.729109981122807,0.759020176762173,-1.3372279619052,-0.718444584672738,2.79304205930125,1.75190720125207,-1.05754020992412,-0.0700316191715319,-1.0524066630398,0.1415354629316,-0.0543277469032874,0.734177725058949,0.830258454326504,-0.832939437869682,-0.483394064229307,1.1936197901172,-0.0310633648592609,0.63915562585131,"Female",0
0.739557990092097,0.991911445261359,-0.802531073928086,-0.940156834106328,-0.221230754345117,0.198984098364967,1.2343190590869,1.60944905575938,0.0948373394531315,0.363346487263558,-2.26857994372708,0.830071447829406,-0.495346035019633,0.285301234537668,0.594817827375432,0.793798450742666,-0.688163681552377,1.24000995181439,0.989507576767886,-0.645911811034123,-0.86194990413229,-0.838949572298581,-2.1426710325759,-1.02466393176497,0.501041351322542,-1.90057562930347,-1.32989306600721,-1.17760087485927,0.239956386637096,0.966749042637414,0.213923958167559,-1.22113465839979,-0.114206662386135,"Male",0
-0.223461072290533,1.66020908022231,-0.032146655557685,0.673666579278656,0.935695330176664,-0.0664974178995156,1.2343190590869,-0.469008381459005,0.277320898855296,-1.46630055807014,0.0760029925488006,-0.385176543614622,0.220762322169556,-0.695188451283163,-0.350003531611403,-0.248371706067022,1.25814524542942,-0.501946800175565,-0.320229760374576,0.256346058057047,-0.504728537887139,0.246269110342567,0.330680128931198,0.065553959394451,-0.577476313850285,-0.0543277469032874,1.92451809093421,0.101834517926122,-0.957900665836701,-0.872281902242032,-0.0195949601689316,0.169080412691636,1.24484979496476,"Female",1
-0.320086322384908,1.99435789770278,-1.46471941695011,-0.754881853877904,-0.373518532884246,-0.0637667252948217,2.02277900026453,1.32987369940487,-0.101387065027168,-0.399497471833508,-0.609308397684984,-0.76213734373751,0.550847455145614,-0.695188451283163,-0.350003531611403,-0.377944372742858,-0.688163681552377,1.09672409547111,1.27352084310824,0.249438450936061,-0.224868868618269,-1.13750083371606,-1.42216872880913,-0.91633630812165,-0.577476313850285,-0.0543277469032874,-1.21477569259499,-1.2932953161206,0.126531113643209,1.43131863122156,4.56041983928862,-1.60887378008926,0.140953869151678,"Male",1
-1.45107760866627,-1.34713027710196,-0.633537051730442,-0.248583641388765,-0.429839784130644,0.100966321807718,-0.736830793857191,-1.00721295950889,-0.664313426038818,-0.763259282840316,-0.114380855641293,-0.76213734373751,-0.495346035019633,-0.695188451283163,-0.350003531611403,0.253185943105381,-0.688163681552377,-1.24124833887311,-0.685491152105073,0.718976246159083,0.79464669810239,0.894939006271079,1.26575264841362,1.05802662514453,-0.577476313850285,0.684171406056786,0.243289709706597,-0.105259140521069,-0.699103825746033,-0.115021526549919,-1.01035507860146,0.189601708432545,-0.603190259409818,"Female",1
0.418810231079404,-1.01298145962149,0.856570388272988,-0.091669707498624,0.685788361157253,1.22267059222501,-2.31375067621246,-0.282242773800263,1.43611507774631,-0.440797560392282,0.292107264098394,-0.0038324783740062,0.945197520721448,0.238746976199272,1.44991777824142,-0.729109981122807,0.616919436152479,-1.83262594539062,-1.76498642308472,0.679736859332682,1.14544082490434,1.32471176121377,1.95029798481371,-1.06610325461951,-0.217970425459342,-0.792826899863361,1.28948044014153,1.00496406527497,-0.459339529723783,-1.69200824942438,-1.09206111640718,0.738677424439371,0.182068215307615,"Male",0
-0.813947237170272,0.657762627780885,-1.54483032053896,-0.317160626240828,-0.0261969331638093,-0.433070878365032,1.62854902967571,0.797927062737257,-0.155340314102562,-1.16307177352722,-0.134454465566907,-0.479007596611924,-0.495346035019633,-0.695188451283163,0.322036552241009,-0.729109981122807,-0.688163681552377,1.44435721244485,1.88012433121853,0.268115980812832,-0.314163087623582,-1.4533624728617,-0.882143916862627,-0.655855304626575,-0.577476313850285,-1.90057562930347,-1.09665624373028,-0.721186153898118,1.22158287598557,1.50164816155431,1.88610926520193,-1.69855587481397,0.161957937296559,"Male",1
0.250378451058161,0.657762627780885,-0.65707267009654,-1.35994811170077,0.7444171676722,-0.680220580804325,1.62854902967571,-0.0260255130244733,-0.0567225627691513,-1.14079672392065,-0.211299673829407,-0.76213734373751,0.335179635105935,-0.156740763483245,-0.350003531611403,-0.729109981122807,0.0642641270908621,0.343869377319633,1.25485850474783,-0.314422186252966,-0.977739867014123,-0.0404579280475861,-0.418195106306913,0.85848044727039,0.501041351322542,-0.0543277469032874,0.0325124090175171,0.157654052287403,0.939843296603174,0.0237892313282002,0.0133961398097966,-0.263860681091641,1.15324749486594,"Female",0
0.652723504186935,1.99435789770278,-0.741188233602697,-0.757526746789926,-0.805168779678743,0.252927975200445,0.445859117909261,0.830579043273655,-0.216842569167648,0.770264003574942,-0.971485790153518,-0.300171215605784,-0.495346035019633,1.58065891863864,-0.350003531611403,0.449181233771933,-0.688163681552377,2.34372255545885,1.74681973218857,-0.14363293807904,-0.0578665050906106,-2.16938094956948,-1.12427821135096,0.00175982877743828,0.501041351322542,1.05342098253682,-1.54750425551724,-0.754197162913993,0.257177034533569,2.28611941970093,1.22828758238497,-1.29462772733535,-0.627852570343143,"Female",0
0.843788603453036,2.32850671518326,0.693178542320251,1.09172287725619,0.660337935380438,-0.680220580804325,1.2343190590869,0.0844789961290033,-0.454421159563296,0.407458138907968,-0.521995565849005,0.263960498555071,-0.495346035019633,-0.695188451283163,0.461849087168356,-0.292915637147359,1.37213361790127,-0.178349376749001,-0.858069392272591,-0.370006048132722,-0.300935140800859,0.31520502404657,0.943622809111376,-0.303814432192847,-0.577476313850285,-1.90057562930347,0.454122673807223,0.352070565967775,-1.12380862045309,-0.413744480803811,-0.441496060671067,0.0995348035561361,0.613261563652785,"Male",1
-0.292785166633402,-0.010535007180063,-0.40152066181139,1.04860688641251,0.0190171056511451,-0.418284144031057,0.0516291473204437,-0.0326875266422371,0.77643425136595,-0.310220998940704,0.635457003721528,-0.108906441354249,-0.495346035019633,-0.292925779679705,-0.350003531611403,-0.312577151817361,-0.126041069919901,-0.467723542896996,0.0853853601478717,-0.465376647963168,-0.495919150125183,0.849310058426599,0.273679145092957,-0.375646709796777,0.1415354629316,-0.0543277469032874,-0.0179821222916149,0.591441863233446,-1.07250111565721,-0.915294845899039,-0.0610809009609645,0.0644535905586814,-0.460837106534213,"Male",0
-0.298741562756907,0.991911445261359,-1.04694194944587,1.00747810127419,-0.0357867111595315,0.0253559470804254,0.0516291473204437,1.88929391495387,-0.261361800521069,-0.874988179284168,-0.211030443883055,-0.76213734373751,-0.495346035019633,2.40590987935352,-0.350003531611403,-0.729109981122807,-0.688163681552377,0.786276006003714,1.58110842560114,0.240825722778005,-0.651049716645815,-0.750663555285696,-1.44340683077112,0.862952570293779,1.93906490488631,-0.0543277469032874,-0.596563425613822,-0.0396861117742727,-0.934572303543081,0.656888266701003,1.31743909002288,-0.848233564349266,0.211704414481803,"Male",0
1.30594747861705,3.66510198510515,-0.50116979939722,0.0898416470216218,3.61118127635774,-0.361980050145214,3.20546891203098,2.64276129852672,0.277320898855296,-2.49267463703449,0.0760029925488006,-0.0139818742775361,0.215285394007513,1.60839988801387,3.20165763811733,-0.729109981122807,1.56516338400686,-0.266466265046199,1.91390511780156,-0.385656589360376,-1.94821899855731,0.416058334030862,-0.48483465930565,0.716950668394363,2.29857079327725,-4.48532266466373,0.656295747844924,1.71902731881936,-0.249643613944865,-1.37902150160929,1.95238004285793,0.63351074564537,0.567624743624162,"Female",0
0.0939761001187525,-0.010535007180063,-0.497353827895136,0.681682452464118,0.878884952966561,-0.352949884057861,0.840089088498078,-0.402364005246018,0.277320898855296,-1.21997232432092,0.0760029925488006,-0.76213734373751,-0.495346035019633,-0.695188451283163,-0.350003531611403,1.19649327497171,-0.688163681552377,0.0532049872784995,0.65689677661161,-0.173757965222728,-0.334687575562228,0.139155569370082,0.0811948694941815,0.230834821745952,-0.577476313850285,-0.0543277469032874,0.13005843939934,-0.0580170076244763,0.091109488738866,-0.0229354777085996,0.771473365678049,0.032044805896262,0.85918684196147,"Male",1
0.401090761605314,1.66020908022231,-1.49759096898928,-0.0511336079103376,0.256388791451372,-0.477071014784148,1.2343190590869,2.38052028547424,0.277320898855296,-0.616579411437306,0.0760029925488006,0.595145695753571,0.241344227381149,-0.695188451283163,1.03070914809731,-0.234554649598613,-0.521309645691214,0.19317847343208,0.780692739577696,0.417972426499677,-0.0922910042161775,-0.471269263911576,-0.676517976782557,-0.781442908278255,-0.577476313850285,-2.63907478226355,-1.47304208288242,-0.970289344635262,1.95271491724895,1.02914329846637,1.97299945106501,-1.29480329612963,-0.260918643795245,"Female",1
0.297132548378084,0.323613810300411,0.740888600026925,-0.820768727683727,-0.315557443822991,0.33010567532114,0.445859117909261,-0.492694027175035,0.664085320787871,0.501330892206278,1.26094371013858,3.7935777853028,1.42786347277441,-0.695188451283163,-0.350003531611403,1.2075251916117,-0.688163681552377,-0.447967556965036,-1.16456500011141,-0.909711640579287,-0.507210872719274,0.672233831384636,0.00987112900224454,-0.163262210179111,-0.577476313850285,-0.0543277469032874,0.510631705464975,-0.232425715892135,0.0955721041953826,-0.743168076792328,-0.642302242134741,0.383725111215141,-0.127064983870604,"Female",1
1.40785497954689,-0.010535007180063,2.68021154648812,0.620747572707956,0.000332827484727997,-0.322677344608813,0.0516291473204437,-0.216122660542014,-0.733990384540501,2.2298619141043,-0.75428381253623,-0.76213734373751,-0.495346035019633,0.323650196879495,-0.350003531611403,2.43583502632702,0.0236998371957187,0.749431841441624,-1.1045106516457,-0.645181373390644,0.721425475704608,-0.391092975808931,-0.256491910157287,-0.310354565083065,-0.217970425459342,-0.0543277469032874,-0.0673383273474465,-0.582183776894684,-0.155958372372379,0.496748034298991,-0.755752062170716,0.830271562346797,-0.783225129223084,"Male",0
-0.574834313128966,0.323613810300411,0.131924707927136,-1.06265189486803,-0.0467006277195928,0.707072399142987,0.445859117909261,0.276492424342713,0.724377195160162,0.0771254922898064,0.891774164555556,-0.76213734373751,-0.495346035019633,0.205579175970927,-0.350003531611403,-0.729109981122807,-0.688163681552377,0.725268069140591,0.453118724415587,-0.440320335344476,0.0556817498582884,-0.227530281251625,0.680902171723023,-0.49427695644315,1.22005312810443,-0.0543277469032874,0.753560385889857,0.655940624523834,1.60673670690188,-0.388948029052421,0.00550509052826529,-0.0979676418721313,-0.408557967719802,"Male",0
0.816732801484185,-0.678832642141011,0.9494021993111,0.97058407863972,0.957352340449574,-0.421963026570008,0.445859117909261,-0.551657779425487,-1.72135697181133,-0.171644041203092,-0.0790028668016151,-0.76213734373751,-0.495346035019633,0.647181132507762,-0.350003531611403,1.35587468255931,1.18766609208468,-1.3011152559137,-0.995701670596846,0.0969823666396571,0.0437991785203567,1.12081220709269,-0.290515100868117,-0.254462844450221,-0.217970425459342,-0.0543277469032874,0.342034641937455,0.506061534566806,-1.11429932813106,-1.27650525530444,-1.04251477110278,1.57120515346663,1.17984739354848,"Female",0
-0.727395106121954,-0.010535007180063,1.26594489594304,-0.624021675892669,1.17035953333437,-0.254573871047764,0.0516291473204437,-0.471612233761715,0.277320898855296,0.109263087118216,0.0760029925488006,-0.76213734373751,-0.495346035019633,-0.695188451283163,2.90880136622743,-0.729109981122807,-0.688163681552377,0.160541469006199,-0.422184553933496,-0.258548188602044,0.380212397963837,0.215906509393839,2.74657908767472,1.11283954605451,-0.577476313850285,-1.90057562930347,1.69110309074768,1.40609734304481,0.593120610796215,-0.615971640666521,-0.0913389865542742,1.15482800207018,-1.15112247188497,"Female",1
-1.36062036858881,0.657762627780885,1.87516059426988,0.890463701179708,0.265904559678208,-0.680220580804325,0.0516291473204437,-1.34795678367422,-0.0412960441150934,1.36940346976844,-1.96351710796831,-0.76213734373751,-0.495346035019633,0.160780785983148,-0.350003531611403,-0.729109981122807,-0.0900971729061132,-1.2986819918796,-0.688214834275853,0.784117915311286,1.73363973738213,0.914725775013855,3.0783505665092,2.86459534698016,-0.217970425459342,-0.0543277469032874,1.56434500676288,4.42314683632432,-0.647199195731552,-2.12610205895214,-0.976090823862919,1.21233115322148,-1.17372329755045,"Female",0
1.18091192296483,0.323613810300411,1.37932606375103,-0.315570291529001,-0.729213833606378,0.171072838708798,-0.342600823268373,0.132778442222819,1.11010334496639,2.47879647537719,1.15023755219552,-0.76213734373751,-0.495346035019633,1.31836592440321,-0.350003531611403,-0.0341150932287754,0.249751205266154,0.068812395285548,-1.06351016603308,0.907862325910491,1.31523431167926,-0.620504194129515,-0.290515100868117,1.38850112420916,0.1415354629316,-0.0543277469032874,-0.706376181941287,-0.258214682688257,0.0763098553502226,1.10785998777878,-0.404438557496224,0.109307459307011,-0.17871780212651,"Male",0
-1.07932278054115,-0.010535007180063,-0.68071459624395,0.739855267926785,-0.737973324280146,0.976350397707699,0.0516291473204437,-0.31164291888096,0.447673547376024,0.151539237304267,2.31321148269581,-0.204750861504508,-0.495346035019633,-0.00870600031316899,-0.350003531611403,0.692560473315704,-0.688163681552377,1.15486709919926,1.13901022276624,0.209604583205051,0.10208563761622,-1.23997835245905,-1.05569111282816,-0.217016372230062,0.1415354629316,-0.0543277469032874,-0.121398325795052,0.255839097815921,0.501986591236453,0.520994391450489,0.512298470196291,-0.871422323347888,-0.637812349758523,"Female",0
-0.661399034381414,-0.010535007180063,-0.131420920721111,0.58571997227867,-0.338792612396972,0.126267921892318,0.0516291473204437,0.0108990431591267,-0.346459216517931,0.257408457736569,-0.57242024910574,-0.178999772161394,-0.495346035019633,0.741207019896996,-0.350003531611403,-0.729109981122807,-0.186358250303713,-0.197142759254277,-0.176441651965561,0.510881600693697,0.462557992869267,-0.045005201537957,0.704298810413383,0.819551672387811,0.501041351322542,-0.0543277469032874,0.390230531009492,0.601738438068183,-0.473502599226398,-0.0901810250234771,-0.827296268142484,-0.337266395957071,0.477018959469774,"Female",0
-1.58089166044329,-0.678832642141011,-0.92373366215465,0.369716498205515,0.161206819088348,-0.635708506581417,-0.736830793857191,-0.542239265588245,-0.446825221240613,-1.17602367261584,-0.0457943236598537,-0.76213734373751,-0.495346035019633,-0.695188451283163,1.25684663427797,-0.729109981122807,-0.396890805801651,0.66260571860813,1.60073019963646,-0.741721904959099,-1.31102514157269,0.0112819286777952,0.229367682072585,1.16394376517094,-0.577476313850285,-0.792826899863361,0.100512265555488,0.873103645246824,-0.884363223610405,-0.155677433892506,-0.306622817408701,-0.242621743975457,0.543347595716765,"Female",1
0.719508979598509,-0.678832642141011,-0.390140269125755,-0.238907282132207,0.839888841123184,1.2145938045636,0.840089088498078,-0.351839353112422,-4.17935832828333,-0.845364873056637,0.0398424196508993,-0.76213734373751,-0.495346035019633,-0.695188451283163,-0.350003531611403,-0.729109981122807,1.40321174930386,-1.91432096645051,-0.344992816876413,-0.64422571207271,-1.25707064716228,2.35521711590288,0.789685243575893,1.76607669464641,-0.577476313850285,-0.0543277469032874,-0.881695717706964,1.17064954957121,-0.679850080881054,-1.29851970693606,-0.520618837720054,1.20264183410321,0.412391057485523,"Female",1
-0.543939103479518,-0.010535007180063,-1.38950266204553,-0.922686484703989,-0.0167069234347716,1.63670171560253,-0.736830793857191,-0.109618626801375,0.277320898855296,-1.03121598495656,0.0760029925488006,0.557543298851259,-0.495346035019633,-0.695188451283163,-0.350003531611403,-0.729109981122807,-0.688163681552377,-0.101600752106466,0.489796076809873,1.57322602492432,0.626597131631674,-0.874198245128561,-0.674327182635421,0.00143956121557013,-0.577476313850285,-0.0543277469032874,-0.361620514729896,-0.646582136537934,0.705127295821976,0.895787212067696,-0.218748242674461,-0.99296452677047,-0.583260200020896,"Male",1
-0.733080790695434,0.323613810300411,0.895284287924556,-0.983116979879607,0.539387385150726,-0.494483834728735,0.445859117909261,-0.889336257589158,0.533214392282299,-0.282045346823027,1.19149709350581,-0.76213734373751,-0.495346035019633,4.11704373711427,-0.350003531611403,2.11828704887962,3.15447762364423,-0.658167756278105,-0.7992408229064,2.40131967362602,1.82984318868471,-1.32950328143547,-0.360158250311848,-0.214619210402846,-0.217970425459342,0.684171406056786,2.03274521669023,0.749463339848107,0.81679036608511,-0.360201883270975,-0.364455461965474,1.19268683668516,-1.15207705762099,"Female",0
-0.835232271591145,-1.34713027710196,2.60501048732333,1.31483045938423,0.265562995853475,-0.680220580804325,-1.52529073503483,-1.23429430225505,1.0724509471369,-0.0639088638356443,0.495528857376972,-0.76213734373751,-0.495346035019633,-0.0543497802978666,-0.350003531611403,-0.0655377344367371,0.207345479000424,-0.581417449086861,-1.29723306519629,-2.65070019038423,-1.29956918025731,2.45141778299863,3.06734205337152,1.23993523342613,-0.217970425459342,-0.0543277469032874,2.04098352408629,1.08604419588802,-1.17398795622326,-2.06189583368489,-1.22388114956654,1.63363921199624,2.24351494703925,"Male",0
-0.379860776627902,0.323613810300411,0.194185007649194,-1.44556923161562,-0.48949080394216,-0.680220580804325,1.2343190590869,0.202649594398828,0.277320898855296,0.509023665674379,0.0760029925488006,-0.259199926606971,-0.495346035019633,1.78250142316897,-0.350003531611403,-0.729109981122807,-0.688163681552377,-0.108209961013378,-0.177467538006338,0.043305865479699,0.406599435025856,0.238609627688477,0.114494709359566,-0.243328010355544,0.1415354629316,-0.0543277469032874,0.477413773436925,0.72087095981073,1.14194615221916,-0.749784676524262,0.00207102278537678,-0.125849820953395,0.3376954923781,"Male",0
0.192864292187873,-0.010535007180063,-0.902178909474588,-1.30718580954791,-0.175503617181731,3.81011833530886,0.445859117909261,-0.229764301737154,0.611831554132362,-0.617099229784053,0.708332401490268,-0.214885161181481,-0.495346035019633,-0.695188451283163,-0.350003531611403,-0.729109981122807,-0.688163681552377,0.165569523097524,0.71658138548889,-0.751700854135645,-1.08440753404366,0.499270563402852,-0.550204196715145,-0.0975822417212698,-0.577476313850285,0.684171406056786,-0.851766343531357,-0.471374704587016,2.95028116265491,0.0716007028666912,0.308365766730037,-0.331114769143738,-0.503170887291338,"Female",1
0.0405615760190221,0.657762627780885,-0.822338130640957,-0.513802301387863,0.324522517882699,0.174924845131935,0.840089088498078,-0.333056126039528,-0.29683062023309,-0.842533026742957,-0.205770879380679,0.0429764639323842,-0.495346035019633,-0.695188451283163,-0.350003531611403,-0.0446019845412917,-0.226282413558065,0.417965423533588,0.73829829088789,-1.32113063026072,-1.15454310061857,0.520195709595103,0.865382711537223,-0.352807114927397,-0.577476313850285,-0.0543277469032874,-1.08372442719299,-0.547570287574947,0.979086249796038,0.502685759693371,-0.0556958531996486,-0.151291780442001,0.245249931664191,"Female",1
0.737913399076499,0.991911445261359,1.46952635673442,0.920189946946242,-0.223975971730399,-0.680220580804325,-0.342600823268373,0.44746637765346,0.277320898855296,1.32832539836358,0.0760029925488006,-0.0280185622598946,0.899251478605883,0.208959167067564,-0.350003531611403,5.35633306165677,0.575293895812929,0.568206283893455,-0.902703527700239,-1.8688563839003,-0.460177497151022,0.250669850186898,0.23976862122194,-0.790815059359661,1.22005312810443,-0.0543277469032874,-0.0409250629603794,-1.43306830496026,-1.00606689117765,0.480000918394309,0.884860042758282,0.276492023729545,0.0595147828475999,"Female",0
0.286797380839593,0.657762627780885,0.143971140278123,0.959951649252974,0.696499685009358,-0.337947968835132,0.840089088498078,-0.285313466705565,0.277320898855296,-0.851740226945533,0.0760029925488006,-0.76213734373751,1.1978668915462,-0.146315238776399,0.707808992174543,-0.160765642275517,1.22932745949462,-0.623328727803276,0.0135482364199828,-0.803482280614403,-1.36744379388216,1.07227413452535,-0.365679904113051,0.545414623000225,0.1415354629316,-0.792826899863361,0.749862227185539,0.215033043334145,-0.214202922424849,-1.12978524911952,1.13369098372937,0.486136913452025,0.259735495902039,"Female",0
-2.15007959172149,-1.34713027710196,-0.878069072184141,-1.412182366809,-0.822198623249116,-0.680220580804325,0.840089088498078,-1.17297236171616,-0.821252480187838,-0.468381461336238,-0.146407477314951,-0.76213734373751,-0.495346035019633,-0.695188451283163,-0.350003531611403,-0.729109981122807,0.195593390279244,0.372281932716564,0.464583644506418,0.591633330420575,0.576825074239805,-0.659472733568387,0.56490861352782,-0.91227566702489,-1.29648809063217,1.05342098253682,0.205294607165466,0.494861511260575,0.935558741995365,0.0975027642874258,-0.127527707685375,-0.591957304948381,-0.418107682966275,"Female",0
-0.70959856871135,-0.010535007180063,0.937775153395789,0.196538099690544,-0.741078141611625,-0.594375866231573,-0.736830793857191,-1.01588391573518,0.277320898855296,0.85780566780784,0.0760029925488006,-0.76213734373751,-0.495346035019633,-0.695188451283163,-0.350003531611403,-0.729109981122807,-0.299351390134532,1.16317261364541,-0.389340251822899,-0.537395430595897,0.445276911098773,-0.639130162685192,0.90598702479494,-0.906750239943579,-0.577476313850285,0.684171406056786,0.757934689853822,-0.323963618237335,0.236074869455166,0.359108877489055,0.936609305487502,-0.159474667936672,-0.496806018156525,"Female",1
2.36844890662859,0.991911445261359,0.967648009006555,0.116317851665732,2.04859073957726,-0.643073231589207,0.840089088498078,2.71392572684639,0.675415303853808,0.234391765423039,1.07927026856221,1.84295793274434,0.494428232307114,3.15496345748601,2.12339033226092,-0.729109981122807,-0.463988285834771,0.758154152127354,0.0345179471494793,-0.447203384988172,-0.185985672442751,-0.54063233313015,0.360449816278722,-0.112461116617897,2.65807668166819,-3.37757393522362,0.276529100345115,-0.21793159311922,-0.134108286506204,0.469915502958461,0.0601078374432291,-0.0801270092761541,0.263644298950347,"Male",0
-0.405711454421311,-1.34713027710196,1.12421466515733,1.34329038679787,-1.57888358750399,-0.680220580804325,0.840089088498078,-0.52057706214189,1.82638254732101,1.02632287975142,0.446632449932418,2.27894019922291,5.28175610043951,-0.695188451283163,-0.350003531611403,0.56365253055574,-0.688163681552377,-1.07705282315279,-1.98155989958175,-0.837840384333198,0.469607176483608,1.25401080282294,0.89436803265925,-1.34177531546596,-0.577476313850285,2.16116971197693,0.292309297959149,-0.554883214342964,-1.17926442675458,-0.885677707758032,-0.683727730360046,0.309375596441035,1.3971971829598,"Male",1
-1.00739818036777,0.657762627780885,1.69857061680041,0.388477753951765,0.7251243599359,-0.680220580804325,0.0516291473204437,-0.968766317123198,0.277320898855296,0.451139992440438,0.0760029925488006,-0.76213734373751,0.033331400799992,0.675823442261478,0.971133589134042,-0.0192858993192306,1.22769090944536,0.187747318440875,-0.0793706511882067,-1.0786782286474,-1.08952584060086,0.487357359931001,1.15128659176539,1.45861338460714,0.501041351322542,-0.792826899863361,2.09607791769038,2.13789453897626,-0.876823632529854,-1.64436722602809,0.534351522933109,1.42958168097185,-1.26247288126121,"Male",0
0.873846397531323,-0.344683824660537,0.8947843953896,0.389985855137895,-0.448738787393527,0.00223593922289675,0.445859117909261,-0.396439506096639,0.277320898855296,0.960117865874994,0.0760029925488006,-0.399836130286062,0.881173362688532,-0.695188451283163,-0.350003531611403,0.657018711954751,2.11776502151306,-1.49797893319715,-1.38547494806738,0.299452084864998,0.521764608207872,1.04486297809201,-0.433263193733777,-1.00375398773275,-0.577476313850285,-0.0543277469032874,0.0600688818971314,0.623887451393628,-0.502487124137162,-1.36571011112049,-0.702707787595417,0.677714864941463,-0.340436665628295,"Female",1
0.0394131582658963,0.657762627780885,1.61906936925659,0.326483185168764,1.58702898828272,0.0100173269090178,1.2343190590869,-0.865749211321416,-0.044728183536677,-0.952983716284563,-0.350673900716445,-0.0596502512284167,2.17366823701772,-0.695188451283163,-0.350003531611403,0.166772118532335,-0.0836548047698887,-1.24159595760307,-1.7956471347109,0.35478007960353,0.79230032513439,0.911683118369888,2.27360915100523,0.41296612861869,-0.577476313850285,-0.0543277469032874,1.52741503347112,-0.507027526606123,0.51742141129827,-0.335612910242851,-0.948936804145238,2.17564754268443,1.11438378593513,"Male",1
0.40824359982414,0.657762627780885,1.71019293421957,-0.230660282560797,1.16278418705544,-0.0851416856106855,-1.13106076444601,-0.885990738991446,-0.344236061963582,0.103805308717299,-0.520213177762098,-0.76213734373751,-0.495346035019633,0.306704855537912,-0.350003531611403,1.34576041184154,-0.688163681552377,1.30886748745219,-0.129980318260161,-0.311548285051193,0.40881712735203,-1.03730358439908,1.20972221432617,1.44687897832142,0.1415354629316,-0.0543277469032874,0.819377615803245,-0.238882678578895,-0.224399501455282,1.15160304851186,-0.334467616017705,1.87080757394339,-2.35324988776223,"Female",0
0.500926129175703,0.323613810300411,-0.525719635859473,-0.971939943463985,0.455460387417681,-0.680220580804325,0.0516291473204437,0.200338856921752,-0.258602862240007,-0.499759875569427,-0.36699069691704,-0.511634584116795,-0.495346035019633,0.230376236132206,-0.350003531611403,0.229288859161284,-0.688163681552377,0.83241696740088,0.994707750498912,-0.0803002877079669,-0.368370166823322,-0.663453301404084,-0.270948444025422,1.12343907548818,0.501041351322542,-0.0543277469032874,-0.432011210105789,-0.463717890913049,0.142330788382784,1.07988823232302,0.605507075904246,-0.633976319429835,-0.699903206003721,"Female",0
-0.424438698195279,0.991911445261359,-0.419504492228197,0.587029849995888,-1.93853601023254,-0.680220580804325,0.840089088498078,4.22416219518986,0.099186500749707,1.50307758226462,-3.73752044795655,-0.373571990681333,0.24280736593608,1.21905456989237,-0.350003531611403,-0.729109981122807,-0.353792833123528,1.6392637165809,0.257105735154128,0.819889500140543,0.78815747395554,-2.09734218308225,-1.39482264372169,-1.04546463598768,1.93906490488631,1.42267055901686,-0.259173826083147,-1.21640606728063,-0.383292555299368,1.6412208433701,0.964240326282965,-1.86963034164206,0.204920803956543,"Male",0
-0.240673981118955,1.66020908022231,-0.0764241906697216,0.394784923890581,0.129645918151999,-0.450141278233211,0.445859117909261,0.798861157152507,0.588099379264732,0.014946431270251,1.20534876745382,0.254716373849722,-0.495346035019633,0.306704855537912,-0.350003531611403,1.60511921096207,-0.33815178512011,1.00212900921069,0.932822690250875,-1.24458003305834,-0.971474576459116,-0.233571457311264,0.048978257096104,0.889494679749581,2.65807668166819,-0.0543277469032874,-0.23397933302423,0.165169448405482,0.00940487404677005,0.382046721250526,0.25231464905907,-0.146223487745883,0.912211162759393,"Male",0
-1.21699927650339,0.323613810300411,-0.312945662000778,-1.23611095285168,-0.951258409038601,-0.680220580804325,-0.342600823268373,-0.945715338478983,-0.119791489584396,0.708284642762279,-1.19304700783174,0.722816396405071,-0.495346035019633,-0.466578071500946,-0.350003531611403,2.34825353102283,-0.0492425347443115,-0.330078303151881,-0.412703012491342,1.81305003503011,2.1025064197479,-1.08678848462957,-0.0442949558683402,-0.778216064060797,1.22005312810443,1.05342098253682,0.286331600061544,1.14235411582043,0.624975035200711,-0.122107589920208,1.18635588188988,-0.450767416999906,-0.989705799121913,"Female",0
-0.21093852144658,0.657762627780885,2.7331065910021,0.972067046390195,1.59435267468811,-0.680220580804325,0.0516291473204437,-0.94788836988421,-0.228548641168193,1.0137033555165,-1.0534255330687,0.562009223191663,-0.495346035019633,3.38189006463006,-0.350003531611403,0.115232369990427,-0.688163681552377,0.00359982125214945,0.00857542001804877,-0.406101646444334,0.0228726196451051,0.306445559927457,0.730497974792947,2.4575270567471,1.22005312810443,-0.0543277469032874,2.34729262148947,2.84264316774845,-0.90098278210403,-1.85883033788028,-1.21343519396989,2.53927807230325,1.44165023723468,"Female",0
0.454564991834221,0.657762627780885,0.187747641530304,1.27832574644346,0.267009198604164,-0.680220580804325,-0.736830793857191,0.0214582815818577,0.277320898855296,0.217120911576581,0.0760029925488006,-0.0955524876428473,-0.495346035019633,-0.695188451283163,1.23221008999686,1.8211779039262,-0.688163681552377,-0.426181905939939,-0.258703031954245,0.14072660067187,0.287571316487017,0.30971755055639,-0.152976231870149,0.75162040351001,-0.577476313850285,-0.792826899863361,0.224842343055453,0.349278579721041,-0.941437282561362,-0.330235343579416,-0.528452776041736,0.0236165207866335,0.477018959469774,"Male",1
-0.208763523177187,-0.678832642141011,-0.707742265012904,-0.117725679152487,-0.2755915554308,-0.357316180299348,-0.736830793857191,-0.261191788817879,0.878867977635743,-0.450554845786142,0.488718006158992,1.59974581840075,-0.495346035019633,-0.695188451283163,-0.350003531611403,-0.729109981122807,-0.688163681552377,-0.36403328981168,0.108608112221908,-1.28725117885604,-1.02111786459921,1.24131948954516,-0.102220041593033,-1.57376261075983,-1.65599397902311,-0.0543277469032874,-0.405532091634649,0.184537552492198,0.0107066590939823,-1.20946969977265,-1.01566304085464,-0.0882537394664343,0.168387754075604,"Male",0
0.867262701796842,-0.678832642141011,0.85179363738341,-0.410652980206567,0.339592285196363,0.80102996914851,-1.13106076444601,-0.213667177050089,-0.921981271389502,0.843626992142135,-0.369103849785912,-0.76213734373751,-0.495346035019633,-0.695188451283163,-0.350003531611403,-0.729109981122807,-0.688163681552377,1.15232441816816,-0.509190287868067,-0.0220938451443828,0.860180424479384,-0.939697390583381,2.01661785171795,-0.0537464856845928,-0.577476313850285,-0.0543277469032874,0.319388783277521,-0.643820138051185,1.20225190039016,1.35611980883705,-0.424671102333064,-0.0121132221092961,0.65286697184552,"Male",1
-1.35125212552538,-0.678832642141011,-0.946035389237502,-0.120433084357879,-1.60919505348045,-0.680220580804325,0.840089088498078,-0.86056917148595,-0.95735891652947,0.245691434477895,-0.249496994637401,0.96921358780041,-0.495346035019633,-0.695188451283163,-0.350003531611403,-0.729109981122807,0.801709966092979,0.123636441896963,-0.281212155262784,0.638964325650817,0.0110671396940602,-0.646863198805678,-1.12546179402458,-0.63204936124858,-1.29648809063217,1.7919201354969,-0.302427559534636,-0.580044859718227,-0.617182017668843,0.390630452408215,0.297128905924358,-0.978433165022359,-1.2033064921207,"Female",0
-0.598423740052278,-0.010535007180063,-1.39151302702041,-1.61814807062366,-1.30448865671086,1.95604291188148,0.840089088498078,1.47232653130793,-0.71687496198897,0.148861899732501,-0.306742173739877,-0.297427948811653,-0.495346035019633,0.44949250021551,-0.350003531611403,-0.729109981122807,-0.288268854512173,1.15076238109018,1.37244157975713,1.05472597649102,0.381768655721525,-1.74651483112437,-1.86193978712619,-0.241690937114497,0.1415354629316,1.05342098253682,-1.56341802846668,-0.470463204621916,3.78100564879124,1.59584588974638,0.811749820810438,-1.73770924473571,-1.11198445670818,"Male",0
0.37325453153604,0.991911445261359,-1.06259849162482,-1.74018256669727,-0.0935383494919064,0.272073752888321,1.2343190590869,0.727691700867655,0.277320898855296,-0.0620372083093178,0.0760029925488006,-0.76213734373751,0.420825462222428,-0.299205969293908,0.413151271908752,0.295964648104642,-0.411490350107973,0.85095816053475,1.25161784865153,1.15311409118708,0.687257236871862,-1.56940603703919,-0.736890726986886,0.746141117339569,1.22005312810443,-1.90057562930347,-1.16096806942047,-0.457343072626323,4.34241619404485,1.79350597925234,2.0459149781742,-0.870950442591391,0.210828788920787,"Male",0
0.027927640124078,0.657762627780885,2.66373893352822,-1.05136653530887,1.1676519243108,4.93831598798229,-1.52529073503483,0.314730809214583,0.277320898855296,1.86711176771849,0.0760029925488006,-0.76213734373751,-0.495346035019633,2.12300266322527,5.08133796478665,-0.729109981122807,-0.688163681552377,0.400212047359285,-0.0947607253855271,-0.783446750931211,0.550075050256679,0.331351123990103,1.69609547685227,1.55183672343261,1.93906490488631,-2.63907478226355,1.26782431682453,2.94377490782917,0.798061757855877,-1.46154134418604,-0.289299648549314,1.03965497327419,1.35371049943002,"Male",0
1.56596432257805,-0.678832642141011,-1.00422439330739,-0.311923899734547,-0.331600078997344,0.0114553225500876,-2.31375067621246,1.38997704983142,-0.00340107124224237,0.435020707006777,-1.50442955956946,0.462542814408256,0.667909794029516,0.813139187467828,-0.350003531611403,0.832725166006843,-0.161228713840558,0.73912649900224,0.821544783778111,-0.549670078709999,-0.687153926202242,-0.476219184687992,-1.155045804139,-0.0513421034109543,0.1415354629316,-0.0543277469032874,-1.98486440222438,-1.44609208973649,-0.158589792507016,1.52915533113538,-0.0991830339617485,-1.29050835215151,0.0737408510880591,"Male",0
-1.1322104460217,2.32850671518326,0.748996548128758,-0.316956450153044,1.63175583018509,1.33192750168124,0.840089088498078,-0.609368505170058,-0.308072747879574,-1.33159874009474,-0.016025258429191,-0.214885161181481,-0.495346035019633,0.652813452439735,2.24792484848385,-0.0311990307620958,-0.688163681552377,-0.636907909877702,-0.236720706993737,-0.480273436533565,-0.504057613123068,1.07447537389123,2.36954858740032,1.10231413920428,0.860547239713484,-1.90057562930347,2.26617022499797,2.05492340701797,1.76625455829072,-1.90213637739335,-0.134284784351234,1.41158913760933,1.00764804944571,"Male",0
-1.43505459873706,0.323613810300411,-0.33130581489523,0.540059273150943,0.599020676839049,0.786364122119274,0.0516291473204437,-1.0539144159628,0.00511856366208054,-1.23648510466226,-0.199008457919176,-0.168381182087173,-0.495346035019633,-0.695188451283163,-0.350003531611403,-0.729109981122807,-0.688163681552377,-0.428851762069688,0.620486550673278,0.994918103024924,0.863067147479557,-0.0925881283967857,1.43716890911889,1.1944913080728,-0.577476313850285,-0.0543277469032874,1.27296275414074,1.7740564726531,0.143985008510781,-0.712512861444683,-0.782454854942405,0.371241265601305,1.0021206630918,"Female",1
-1.31126767538012,-1.34713027710196,-0.101874585993331,0.45733093746297,-0.439043459323558,-0.680220580804325,-1.52529073503483,-0.908378080453849,0.277320898855296,-0.502291983623002,0.0760029925488006,-0.76213734373751,3.16633118055871,-0.695188451283163,-0.350003531611403,1.72904927753691,3.45852898307635,-1.26827298381599,-0.371061835790108,0.249438450936061,0.06714393465986,0.575888977568398,0.217782100951155,-1.10500755908087,-0.577476313850285,1.05342098253682,1.47466793442639,1.69953720387643,-0.963418688723926,-2.01203637875322,-1.02700461083357,0.388351838456576,0.161957937296559,"Male",1
-0.87619849985605,-0.010535007180063,-1.03214565313473,-0.692768106903005,-0.585810203105884,-0.293269026480179,0.0516291473204437,-0.0106203153719823,-0.217353596538922,-0.166254162896258,-0.552685193506165,-0.357498966770021,-0.495346035019633,-0.196832008076412,-0.350003531611403,-0.729109981122807,-0.688163681552377,1.40360643143853,1.36371140690382,1.53083671723241,1.13928690959128,-2.27898651628634,-0.921378849004279,-0.455720910743646,0.1415354629316,-0.0543277469032874,0.102428859024111,0.173452529298099,-0.136277595405441,1.18433107742461,2.68622055344488,-1.26806340606442,-0.259303429429424,"Male",0
-0.768387665614057,0.657762627780885,-0.505923552964918,0.446289439447774,-1.28101944411037e-05,-0.200618654318059,0.0516291473204437,-0.272858524506484,0.555431501789136,-0.674468104207628,0.791052955153546,-0.76213734373751,-0.495346035019633,-0.695188451283163,-0.350003531611403,-0.264918046696847,-0.688163681552377,0.355711352066935,0.299472131070411,-0.881102297411055,-0.752393393237929,0.411625402511692,1.02447264283053,0.147629140776018,-0.577476313850285,-0.0543277469032874,0.189743123334674,-0.615054656062462,1.27851320626351,0.250237829383555,1.82904039622974,-0.225256845254896,0.29094265107217,"Female",1
0.510757924700987,-0.010535007180063,-0.659881388322606,1.14768732209359,0.132180669536675,-0.533445853302063,1.2343190590869,0.520998741574132,0.620470279806665,-0.429744007992484,0.812881032278323,-0.76213734373751,-0.495346035019633,-0.00378144901496831,-0.350003531611403,0.702758970119436,0.761096480719587,-0.647598836941319,0.263279304210003,0.406830806361033,-0.199144928702519,0.339632660187827,-0.483569419619456,0.410480052999901,1.22005312810443,-0.0543277469032874,-0.670391658574519,0.310606390053584,-1.04981713736252,-0.126390421796598,-0.445684247725162,-0.100118668501926,0.500249265252129,"Female",0
0.634404902535013,-0.010535007180063,0.0401094345926351,-0.670083373016034,0.0986837130776246,2.4462378139912,0.0516291473204437,-0.120946863405191,0.277320898855296,0.0657670094926946,0.0760029925488006,-0.76213734373751,0.391671237966523,-0.120116040088727,-0.350003531611403,-0.431373507669407,-0.688163681552377,-0.631572652481514,-0.812667283154395,-0.0605812213093496,0.370830280789806,0.817651230821622,1.50433461646219,0.406073548243605,-0.217970425459342,-0.0543277469032874,-0.339422769838327,-0.677593776444565,1.75382626621721,0.377885561217229,0.694167752506001,0.100325829173829,-1.26148950637245,"Female",0
0.481259463843299,-0.010535007180063,-0.401317618564749,-0.387304655407586,0.29179305376901,0.0445292222946852,-1.91952070562364,-0.0715452981862706,0.964605722197554,-0.616382744826735,0.383996133078049,-0.76213734373751,-0.495346035019633,-0.141268128776341,-0.350003531611403,-0.155539487435547,0.0858856158449736,-0.6060738016156,-0.123232362650566,0.878813561086037,0.121652991271778,0.100461894797574,-0.786687782277022,-0.0484485537092314,0.1415354629316,-0.0543277469032874,0.466805726724438,-0.125125203476599,-0.152357366102385,-0.36335040234607,-0.252045797187472,-0.1382339731312,1.25923942831361,"Male",0
0.975425938654781,0.657762627780885,1.5581417892758,-0.443325041484567,2.54669211737458,-0.106314904728063,0.840089088498078,-0.453583220807928,0.920264765852893,-1.00446063321132,0.272058930649568,-0.76213734373751,-0.495346035019633,1.3775456587424,-0.350003531611403,-0.729109981122807,-0.688163681552377,0.946351713645153,0.504980537003882,-2.24236272015997,-1.81078098345396,0.772647473333888,2.71635593235028,2.59976546943194,1.22005312810443,-0.0543277469032874,1.19463805139782,-0.101387394380542,0.316701590267631,0.267130447112441,-0.962980748205573,1.97244146883621,-2.41507965432537,"Male",0
-0.530933789433042,-0.678832642141011,-0.755399315771063,-1.53790968362216,-0.109455797215331,2.74735555565641,1.2343190590869,-0.0912519368036027,0.277320898855296,-0.161953332901947,0.0760029925488006,0.278515077878376,0.822598069169021,0.159263110030558,-0.350003531611403,0.155653014458611,-0.091157574517182,0.552173392783156,1.03350362368125,0.553701398072935,0.392603594483682,-0.990428306427233,-0.720198050053884,-0.376281578425607,0.1415354629316,-0.0543277469032874,-0.448706200404258,0.599563412209711,3.63070567216078,0.306958695302652,0.407357659313387,-0.464455934039363,1.31718168526501,"Female",0
0.0781483630442781,-1.01298145962149,-1.4035591441011,-1.06518884944265,0.929777275055109,1.37813067234681,-1.13106076444601,-0.0328496198167062,0.716335433589335,-1.89679902768335,-0.0853443503866641,-0.76213734373751,-0.495346035019633,-0.695188451283163,-0.350003531611403,0.00364527512964803,0.300709870188743,0.286606081584871,1.3852627095373,-0.039751919199209,-0.815026315243368,-0.203915205800948,0.36282302877901,-0.165197548061971,-0.577476313850285,-0.0543277469032874,-0.874301918783042,-0.522699893456407,2.2416982235197,0.836322262453253,-0.295006238651964,-0.522059662476528,0.956266711507901,"Female",1
-2.04190758364218,-0.678832642141011,-0.694600898135286,-1.53788288909555,-1.68073797569468,0.859104506534474,0.445859117909261,-1.1462055192245,-0.738592832735567,0.7847548744905,-0.436666498383585,1.61216672499775,-0.495346035019633,-0.695188451283163,-0.350003531611403,-0.123519775409309,1.76361868034947,-0.0726137926537926,-0.473806672955305,1.07318736615018,0.961185075570143,-0.932375118313666,0.522536313095625,-1.11654764530459,-0.577476313850285,1.42267055901686,0.120451174306624,1.13445611853562,1.36952716551758,-0.166752473903532,-0.256876247556764,-0.638077080639428,0.394829127598499,"Female",1
-0.472002983501916,1.66020908022231,-0.501071778623869,0.323267719662247,0.139360942702829,-0.680220580804325,1.2343190590869,0.453326351822704,0.788378844417486,-0.391492378733866,0.587293617085647,0.241158324281905,0.775287255172513,-0.283298980701162,1.23761936733572,0.123892291540309,-0.112588562974852,0.323517462286298,0.459341138311037,-0.0806719606193935,-0.0397776763865914,-0.321354966227238,0.106174336148021,-0.705863045940471,0.501041351322542,-1.90057562930347,0.192045032945993,0.0864717138686567,-0.781824338361381,0.00688801171062415,1.24262799490388,-0.386335885768787,0.171505240998777,"Male",0
-0.089465240394598,-0.678832642141011,-0.0903597541759659,-0.639605756689038,-0.754792529758833,-0.112691634462243,-0.736830793857191,-0.552949247705679,-0.317050668051032,0.85932514090613,-0.827945469022688,0.793669059950645,-0.495346035019633,-0.695188451283163,-0.350003531611403,-0.729109981122807,-0.688163681552377,1.54967785892784,0.0187295981063363,-0.0636890103132776,0.384120059092981,-1.44105650268913,0.633815021439963,-0.405010961585645,-0.577476313850285,1.42267055901686,-0.110903204439276,-1.53302133532642,0.183319509039556,1.92517545004569,0.301313294012708,-0.604232635618589,-0.479028280228256,"Female",1
-1.0273515930923,-0.010535007180063,-0.270797600920417,0.703564739778268,0.608830656944451,0.614704620708596,0.0516291473204437,-0.875606357541642,0.812148981420378,-1.40605499951695,0.146015434723986,-0.76213734373751,0.834386477972154,-0.695188451283163,-0.350003531611403,-0.729109981122807,-0.688163681552377,0.850741284807267,0.985786295326174,-0.412416582133046,-0.574239464025095,-0.431223543982539,0.517266264108032,-0.266753679148274,-0.577476313850285,-0.0543277469032874,1.34990556743861,0.180093398376177,1.00199610973275,-0.233150924089205,0.274125500638662,0.0690250457345903,-0.603190259409818,"Male",1
-0.653080644369229,0.657762627780885,0.786090780807914,-1.00928171430774,1.41797540647755,-0.070338728018804,-1.13106076444601,-1.08828363747422,0.277320898855296,-0.695248838765099,0.0760029925488006,0.697882471663871,-0.495346035019633,0.203898639352905,-0.350003531611403,1.13285393495152,-0.688163681552377,0.742189768113836,0.900153017103681,-0.0921221014738769,0.196043616106887,-0.726173237330156,0.492637044123041,0.70356126074838,-0.217970425459342,-0.0543277469032874,0.851494895906085,1.11871827837388,0.926002269382904,-0.0980286461524771,0.435352492712396,1.89692503651967,0.133316026189903,"Male",0
0.738499888702762,0.991911445261359,-0.240422234742452,-0.81003337652562,-0.356461928546508,0.29268618435353,0.445859117909261,1.09183126630178,-0.00252518366003916,0.954172099540651,-1.91869503619375,-0.15170784213443,-0.495346035019633,0.0566222828524752,-0.350003531611403,0.0493710321500882,-0.162872816703931,0.409335233181149,0.124883964592052,0.33575552157315,0.326720994422546,-0.590764986357595,-0.555288844019048,-0.224404363106148,1.22005312810443,-0.0543277469032874,-0.728519504274498,-0.0948670356306237,0.250665581203044,0.566031911816516,0.273369029643619,-0.76174127456311,0.196964717538027,"Female",0
0.645940185066546,-0.678832642141011,-0.695873650839417,1.7031715398328,-0.162075049404669,0.162296617889076,0.0516291473204437,0.137097813326493,-0.285003047515641,0.336007146510583,-0.674126273433509,-0.76213734373751,-0.495346035019633,-0.695188451283163,-0.350003531611403,-0.729109981122807,0.367358087625844,0.90479750322741,0.599179649961472,-0.500162514547513,-0.416004521673045,-0.470247061999633,0.826551727150048,-0.552715351727511,-0.577476313850285,1.05342098253682,-1.48149737461363,-0.942229917880483,-0.867100673460538,1.5053215327899,0.100641485775697,-0.590380576200485,-0.388223250677561,"Male",1
0.311537423464168,1.66020908022231,-0.443394029667472,-0.969285813590368,0.365395708046709,-0.680220580804325,1.2343190590869,0.455713002155991,0.277320898855296,-0.27328724562106,0.0760029925488006,0.86313912782043,-0.109406016970637,-0.194761991697557,0.614440285505999,-0.210931030439609,0.710430064523859,0.126046825018934,-0.108065228780406,0.184413694889179,0.0556817498582884,-0.374443443440331,0.65065333827171,-0.672454716019844,0.501041351322542,-1.90057562930347,-0.118314770864004,-0.407749861574869,0.112855002309182,0.483110923496976,1.88636381753554,-0.34817951672375,-0.214879755891011,"Male",0
-1.24428092804669,-0.678832642141011,-0.957611501053571,0.451956833350886,-0.480926681553798,-0.680220580804325,-0.736830793857191,-0.87252702289244,0.0305790296774029,-0.654569859899612,-0.747745945422319,-0.76213734373751,-0.495346035019633,-0.695188451283163,0.92751970894439,-0.042718881387014,-0.688163681552377,1.51964178031078,0.716113070450333,0.565534163371004,0.290391136945949,-1.75205099912268,0.342131880167847,-0.127290817865232,-1.65599397902311,-0.792826899863361,0.957148176844622,-1.48487625925925,-0.972258924839366,1.68318704864467,-0.728083269238836,-1.02583032123615,-1.84958551196319,"Female",0
-0.844724790946853,-1.34713027710196,-0.331411822920871,0.371773771665283,-1.48917055225026,-0.680220580804325,-1.52529073503483,-0.55019608800951,1.90215186708292,0.48147406911117,0.355362312572103,2.42768855730249,-0.495346035019633,-0.695188451283163,-0.350003531611403,-0.729109981122807,-0.688163681552377,-1.07428303250861,-1.51679521704708,0.0338159930008052,0.192677699547364,0.988569785890032,0.5635235462652,-1.31459670960296,-1.29648809063217,1.05342098253682,0.219749265740896,-0.320519809094919,-0.897800667514745,-0.930302986974863,-0.654274857096037,-0.0693172249172359,-0.388223250677561,"Male",0
0.0779657806608872,-1.01298145962149,-0.772339425949239,0.755671147594474,-0.316669530673729,-0.322352009544032,-1.91952070562364,0.171174268506753,-0.293697460510916,-0.261672103444681,-0.431761527724698,-0.495230583486793,-0.495346035019633,-0.695188451283163,-0.350003531611403,-0.729109981122807,-0.688163681552377,-0.447822894000282,-0.214007555404181,-0.132379768270057,-0.28450640838735,0.71839770021155,0.446174525514175,0.516587094456773,-0.577476313850285,-0.0543277469032874,-0.510754978787083,-0.996597958521989,-0.904441810088634,0.449238542457519,-0.543507741008387,-0.401205076014829,-0.528863937009846,"Male",1
0.14361930374901,0.991911445261359,-0.129919862941569,-0.640242779082311,0.9417542185524,0.368694525381488,2.02277900026453,-0.548828050014217,0.68686733468253,-0.768102342816586,0.51112675689797,-0.76213734373751,0.0137775778313216,-0.695188451283163,-0.350003531611403,-0.0455396667284031,-0.688163681552377,0.632922329464309,0.766018773846599,-0.964566876844126,-0.651927592974069,0.153044544596557,1.19243895111548,0.0857923336170989,-0.577476313850285,-0.0543277469032874,-0.374729259572058,-0.268771466054451,-0.390808732556899,0.50907622458613,-0.333529945038264,0.579094433075992,0.265509462066776,"Male",1
1.03930494526639,-1.34713027710196,-0.863935977021914,1.08295773503023,-0.193542433363975,0.25102857424318,0.445859117909261,-0.294585768387942,0.837637441580106,-0.0820091359600889,0.664213274884567,-0.76213734373751,0.997265360085603,-0.695188451283163,-0.350003531611403,0.940924588850149,-0.0120362832233551,-0.585036161484964,0.117918974666587,0.534354589204861,0.354192129368205,0.184147649555108,-0.985699218311521,-0.533588766349754,-1.29648809063217,-0.0543277469032874,-1.32488566706139,-0.693811201424995,-0.717968999390507,0.429274763925073,-0.785201669763511,-0.398256872919443,1.11302999488486,"Female",0
-0.047721778834363,-0.344683824660537,-1.30249701004233,-1.20096404569421,-0.00387421144577657,-0.680220580804325,0.445859117909261,-0.195831168342682,0.956795667386844,-0.538357216855303,0.412873003657835,-0.76213734373751,-0.495346035019633,-0.695188451283163,-0.350003531611403,-0.729109981122807,-0.305537040225282,1.26324401177435,2.71681345453726,0.448517258073548,-0.0615407984211168,-1.40753338336613,-1.03400044292033,0.29613375826993,-0.577476313850285,-0.0543277469032874,-1.76285170446525,0.935677408205636,0.312301629015189,1.06655832939122,1.18491657866922,-1.22310395936908,-2.46355058081356,"Female",1
-1.46058185762764,-0.010535007180063,0.575208565367026,1.76082537362852,-1.28570425156386,-0.548770861614799,0.0516291473204437,-1.11871082821069,0.277320898855296,0.213061057478476,0.0760029925488006,0.0848005578373204,-0.495346035019633,-0.695188451283163,-0.350003531611403,1.97114071967765,-0.688163681552377,-0.743358997925436,-0.997903245123995,-1.26062726213954,-0.335479778950893,1.55326490185966,0.23227661586065,-0.620751348285533,-0.577476313850285,1.05342098253682,1.10730821034978,0.361587963916859,-0.981415209706633,-1.76770346540843,-0.263764370186457,0.383952463350246,-1.32506920600407,"Male",1
-0.197018038866315,0.991911445261359,-0.690183697573891,0.399343796524927,0.22275017462485,0.191836092843264,0.445859117909261,0.277330283305951,-0.67937957523713,-0.175956781462683,-0.246830768097357,0.803003898372787,-0.495346035019633,-0.695188451283163,0.888342329567325,-0.729109981122807,-0.688163681552377,1.11768989071708,0.75312463236739,-0.210881724563502,-0.452599920134776,-0.908524036773777,0.106174336148021,-0.0385873363257632,-0.577476313850285,-1.90057562930347,-0.566157954829709,-0.580314648471418,-0.236675824568525,1.11142579525943,0.646640833923178,-0.779735677978845,-0.254735672674466,"Female",1
-0.531939535557779,0.657762627780885,-0.901334955982136,0.626913778333159,0.775060952725595,-0.150169961107475,0.840089088498078,-0.432859022858751,0.277320898855296,-1.60409690826856,0.0760029925488006,0.407624421666292,-0.495346035019633,-0.695188451283163,-0.350003531611403,-0.729109981122807,1.32505870629726,-0.079988914112277,1.14305328037488,-0.479360564052843,-1.9320307145093,0.311937791939162,-0.590498348183626,0.82767417907091,-0.577476313850285,-0.0543277469032874,0.318768769911629,0.646102680005543,-0.905632056401798,-0.641907500630976,0.10871587476533,0.0714674467162516,-0.892811571718114,"Male",1
-0.482607451580533,-0.678832642141011,-1.22743227553277,-0.857480585008416,-0.737164119024011,-0.680220580804325,0.0516291473204437,-0.529321855914312,-1.03066803056794,-0.761507532660932,-0.061351744123633,-0.150754046038175,-0.495346035019633,-0.695188451283163,-0.350003531611403,-0.729109981122807,0.890171213921938,-0.501848091917139,0.0542705009236732,-1.20549356793912,-1.47614373066506,1.31713990331602,0.0556020677216064,-0.724481229802487,-0.577476313850285,1.05342098253682,-1.03904500105666,-0.662246120455906,0.731286354025113,-0.326786802062846,-0.921796043226247,-0.297257501745295,-1.27968492173845,"Female",1
0.47563342748133,-0.344683824660537,-0.729163572217586,0.0344218465202399,-0.197386675708479,1.87365967773505,0.445859117909261,0.865535760260173,-0.72401033898067,-0.322014335116408,-0.200258107122745,1.57808580535084,2.17207193661578,1.6106042787692,-0.350003531611403,1.06158258888169,0.520130975270054,0.578875569404312,0.649384339496223,-0.27402431328988,-0.950010710251526,-0.744382784747815,-1.50439513105888,-0.101529269290104,0.860547239713484,0.684171406056786,-0.848569552791239,-0.727202361458408,0.299555622082102,0.850707445074603,0.348053347881402,-0.784968542275871,0.245249931664191,"Female",0
-0.814552476892389,-1.01298145962149,-0.0929170352839641,-0.525564965097769,-0.364229023865679,0.813886237116667,-1.13106076444601,-0.605513602331055,0.277320898855296,0.272349832255277,0.0760029925488006,-0.76213734373751,-0.495346035019633,-0.695188451283163,-0.350003531611403,-0.729109981122807,-0.0156374943995432,1.63130821654019,1.26626694147861,-0.608713541101261,-0.241238694208163,-1.08826407680417,0.360449816278722,-0.75504876735491,-0.577476313850285,0.684171406056786,0.353632344383312,0.938998739303499,1.30324801722026,0.100251794490382,-0.121970745685629,-0.491367249424443,-0.203112770935895,"Female",1
-0.129301743002142,0.323613810300411,0.0570348998342904,-1.30747951629296,-0.58954570520419,-0.680220580804325,-0.342600823268373,0.191024452403878,0.277320898855296,0.563886473806887,0.0760029925488006,-0.76213734373751,-0.495346035019633,0.255951049863429,-0.350003531611403,-0.729109981122807,-0.688163681552377,0.196492055759163,-0.101878634701787,-0.471344903059814,-0.00197856969505565,0.324135835577837,0.191348682971464,-0.556917575044329,1.22005312810443,-0.0543277469032874,-0.277143207994979,0.0823575264043503,0.724591550680199,-0.205024764756036,-0.582472165619512,-0.128667457160863,0.287982346165845,"Female",0
-0.304260001072305,-0.010535007180063,-0.0498243782227163,-0.386217192976448,2.01580279677729,-0.680220580804325,-1.52529073503483,-1.02907853688743,-0.607576474116025,-2.27046486495982,0.249220798864132,-0.348516508084699,-0.495346035019633,-0.695188451283163,-0.350003531611403,-0.729109981122807,-0.688163681552377,-0.290322972047871,0.645321262296667,0.124125987545482,-0.857666169590963,0.374063190701195,0.256715042161549,1.73016689666533,-1.29648809063217,-0.0543277469032874,0.789599841592959,-0.14712802320351,-0.657496580736485,-0.0657256475517074,-1.09045873942261,1.90684882984088,-0.363143766325465,"Male",0
-0.349626904219649,-0.010535007180063,-0.121390552101882,-0.705674991040031,-0.166362403663232,-0.467397225926045,0.0516291473204437,0.451351031267242,-0.402153869676252,-0.461006782422868,-0.285984519388539,1.46107464789642,-0.495346035019633,0.869456615538061,-0.350003531611403,0.891040439357448,0.405055293667912,-1.19577612212831,-1.51164066103459,0.393383563873125,0.180962561392134,0.734282814545247,0.494989698595292,-0.591735996812261,0.501041351322542,-0.0543277469032874,0.746971539821688,-0.504495249449831,0.548302831206843,-0.540858695574658,-0.562055319251535,0.1601491897035,-0.824544607540882,"Female",0
0.484105785760541,1.66020908022231,0.0176669010458271,-1.11760743802765,0.888778417465598,2.89025279035751,1.2343190590869,-0.450541123561931,0.277320898855296,-0.0805244078935128,0.0760029925488006,0.255068836143515,1.43702954928469,0.140012034992289,-0.350003531611403,-0.729109981122807,-0.688163681552377,0.135369827674835,1.14526049553384,-0.266883033917028,-0.580800592267335,0.0757523455728973,-0.522078731582602,0.611671934048957,0.1415354629316,-0.0543277469032874,-0.242481297998673,1.63238656646609,1.87949930960861,-0.786375185077698,-0.320174469195953,0.58451636969147,1.4040950706921,"Male",0
0.201618723786088,2.66265553266373,0.119231120957939,-0.0411513289152928,1.35974066955077,-0.331964181912594,2.02277900026453,0.713203394294729,0.662094255552698,-0.586537363960906,0.643256764064238,0.245032052729853,0.461308372653969,-0.0749687851558396,0.845311006205898,-0.0868881928243366,-0.688163681552377,0.322110901363144,0.70387419635394,-0.633366185264726,-0.651049716645815,0.138571989577421,0.868468297293729,0.793943085708694,2.29857079327725,-2.63907478226355,0.334976733213194,0.931397151398264,-0.379476755663691,-0.295895757527319,1.12332462072971,0.34424263047176,-0.564052244233022,"Male",0
0.538818820259033,-0.344683824660537,-0.663890607080779,0.784918776040517,-0.956888553314057,-0.680220580804325,-0.736830793857191,1.24445363941393,1.70098231863569,0.482256848674058,0.394958315567058,-0.76213734373751,0.487882106200469,-0.0577404610967401,-0.350003531611403,-0.729109981122807,-0.688163681552377,-0.179562494561512,0.23740837603995,-0.30380971199465,-0.125908974174014,0.54437392473321,-0.690138207963205,-0.478898518860639,0.860547239713484,-0.0543277469032874,-1.36456653433565,-0.507244719968455,-0.991724096267925,0.179669185121367,0.565495594750264,-0.742865928952743,-0.715712053043108,"Female",0
0.255997833087418,-0.344683824660537,0.488172854352,-1.05620990578723,0.438921385366153,0.790814448114353,0.0516291473204437,-0.402104279885857,-0.455702669297829,0.0622531310203219,-0.417042791919291,0.265757517543332,-0.495346035019633,-0.695188451283163,1.27654532282651,1.01872304692596,1.08089819778836,-0.454207268394727,-0.725773982108978,0.322897404912865,0.584073079236982,0.0639684570836937,0.525631890031594,-0.676647822227044,-0.577476313850285,-0.792826899863361,0.412371243081415,0.517773297966073,0.803052661478692,-0.484293780706879,-0.133184795126559,0.42680474829976,2.31995655153675,"Male",1
-0.0742144924510699,-0.010535007180063,1.15942422541131,-1.60611191802509,-1.04065467485979,-0.680220580804325,-0.736830793857191,-0.094039874071534,-0.35114225041713,1.57823723316318,-1.03130621732191,-0.174621862464877,0.620750773932933,-0.695188451283163,-0.350003531611403,0.394778148399547,-0.435377311906841,1.22934269679699,-0.737296323123608,-1.13810794169416,-0.16151173637549,-0.457780419477606,-0.068778376246075,-1.17282722496621,-0.577476313850285,-0.0543277469032874,0.775905741724648,-1.32955933507921,1.91707375589457,0.443504344608202,1.61862661582664,-0.583352277630586,-0.192984226923898,"Male",1
-0.364372594377086,-0.010535007180063,-0.548862303252171,-0.613079183099467,-1.08631879813104,0.86520439615796,0.0516291473204437,0.173451927480837,0.950106042380207,0.14100048231359,0.639019446748204,1.4391864848283,-0.495346035019633,-0.356292051437221,-0.350003531611403,-0.0272726681721581,-0.688163681552377,0.318906079006593,0.0205674255614751,-0.643378027490652,-0.755379329932423,0.0865793145613137,-1.42337005237758,-1.06785710178932,0.501041351322542,1.05342098253682,-0.341706615916169,-0.779825138979423,0.151411107871166,-0.0709538013853342,0.131230606784281,-0.647447120092041,-0.0469027403238869,"Male",0
-1.2107988662638,0.657762627780885,-0.245653923646155,0.455576127956983,-1.27751009888215,-0.39209050035373,0.840089088498078,-1.12815255856441,0.396313495135443,0.546835337049862,4.01181993134729,0.405878508583599,0.244276327928008,-0.695188451283163,-0.350003531611403,0.263937440783498,-0.3531274184998,1.01949220444117,-0.0263438059874416,-0.611091999121634,-0.144587139717029,-0.63614366848456,-0.183672694833241,-1.04376918886903,-1.29648809063217,0.684171406056786,0.268128299129012,-1.12223971967462,-0.810206770913311,0.621336624005917,1.33936727535478,-0.861367755489882,0.677392496584118,"Male",0
1.38133169879441,-1.01298145962149,0.215773108654742,1.1710268829807,0.588848331435232,-0.680220580804325,-1.13106076444601,-0.105207353743806,-0.451871535666369,-0.130472274889178,-0.361317750133689,1.62374869606477,9.21702950630102,0.144377194328216,-0.350003531611403,1.44426253415561,-0.101558377775643,-1.57160039029683,-0.994047804854497,1.37887433477266,1.55284809963104,0.012571134207736,-0.846769314200658,-0.496197644400262,0.1415354629316,-0.0543277469032874,-0.320282246800737,-0.535275907207114,-0.588210322955177,-0.0315562873908024,0.5140917115088,0.824317870543697,0.589397413238563,"Female",0
0.905905478204355,-0.010535007180063,-0.116465709810995,0.779615556996636,1.51604489749632,-0.680220580804325,-0.736830793857191,-0.134900079797091,0.831994179289215,-1.32949508152998,0.173964999243518,0.326782815430126,-0.495346035019633,0.198894444043247,-0.350003531611403,0.196690259151621,-0.375815402918018,-0.758566296217969,0.379590485449476,-0.630527899849003,-1.15665517726031,1.20735942398773,0.11217920661053,0.49012210811982,0.860547239713484,-0.0543277469032874,0.229966751672695,0.587830109449382,-1.13200690620691,-1.07737973194511,-1.23560684732871,1.17120128041644,1.33730534336789,"Male",0
-0.448966085085664,0.323613810300411,-0.877151347098849,-0.358681100477743,-1.12564965886165,-0.0139909481418808,1.2343190590869,0.0570057767283685,-0.968382843452548,0.435331399935901,-0.280205852531308,-0.179867536404825,-0.495346035019633,-0.695188451283163,-0.350003531611403,-0.729109981122807,-0.688163681552377,1.59856493912471,1.19536033818664,0.498400124254881,0.573907820348788,-1.78942829147252,0.0483774579463997,0.655924116538529,-0.577476313850285,1.7919201354969,-0.780542606982159,-0.356023841444113,-0.610777834290451,1.93160908036585,0.186211303917565,-0.909593108479342,-1.77098400954992,"Male",1
-0.533910349650292,-0.678832642141011,0.665573466223946,1.92961611298559,-0.0881818142870218,-0.680220580804325,0.445859117909261,-0.832968093002397,0.912074398120438,0.0184542712189673,0.630155650080506,0.483994218452206,-0.495346035019633,-0.18360598782146,-0.350003531611403,0.33035144033774,1.45649519977153,-2.14304389873142,-1.66342099508363,0.364119394976934,1.02148641467266,1.7210983952445,1.81725643730176,0.834821315431071,0.1415354629316,-0.0543277469032874,0.628322882591587,1.12632604421807,-1.20962562425657,-1.5369424642451,-0.95119073032259,1.06623392572443,1.48823277913949,"Female",0
-0.12401259240464,-0.678832642141011,1.04457085682314,-0.725261956901887,0.127752449102938,0.504651764850305,-2.31375067621246,-0.649487650342297,0.277320898855296,0.34461279081774,0.0760029925488006,-0.76213734373751,1.15464392005782,-0.160326430660595,-0.350003531611403,0.378562226441933,-0.688163681552377,-0.411954667210792,-0.829303686790491,0.469873150721656,1.23415803237784,0.150368306989855,0.641420897429184,-0.588161408561944,0.501041351322542,-0.0543277469032874,0.997414480786611,0.49319635961856,0.871011019064593,-0.699421205635395,-0.511199459499936,0.641637475208628,0.828714984221267,"Male",0
0.0570780395451543,-0.010535007180063,0.0186169224045582,-0.56602967026603,-0.872042225224128,-0.342517406121433,0.0516291473204437,0.355359381864408,0.277320898855296,0.739606482463178,0.0760029925488006,0.314794703586088,1.55049013405122,-0.695188451283163,-0.350003531611403,-0.729109981122807,-0.688163681552377,0.0193776971688787,-1.13567333548816,0.224441785314034,0.446331936274422,-0.151080270033736,-0.0126008997892538,-1.30711081836526,-0.577476313850285,0.684171406056786,0.601140831438046,-1.63110719038129,0.111963246679742,0.43464483719637,-0.849829446718204,-0.781035967752489,-0.483167012867642,"Female",1
-1.02402353181799,-1.01298145962149,-0.341199897288352,-0.538874419085527,0.547039999516042,-0.0139909481418808,0.0516291473204437,-1.26301484897704,-2.24410354340636,-0.931418550508833,0.0196185663823631,0.416432868694929,-0.495346035019633,-0.695188451283163,-0.350003531611403,-0.729109981122807,2.35440961092823,-1.0678424349866,-0.289431257288064,2.49909212550371,1.54849322165092,-0.817879150831144,0.671608855421718,-0.605369716179222,-0.577476313850285,0.684171406056786,1.09749285840244,2.15278519142359,-0.164006845453578,-0.964387108863719,-0.406010693994551,0.710181246343758,1.54337934220988,"Male",1
0.821771797639503,-2.01542791206291,-1.43746422644619,0.0184611409781581,-0.0303752503960921,-0.680220580804325,-0.736830793857191,-0.0775596167017413,-1.20692185793703,-1.46164601505975,0.0590388263762218,-0.0683690626602589,-0.495346035019633,-0.695188451283163,-0.350003531611403,-0.729109981122807,3.49087906769402,-3.28459561046921,-1.21090948412675,-0.220516435379804,-1.66743282694013,3.18062246296174,-0.375876222469756,1.14486365625838,-0.577476313850285,0.684171406056786,-1.16737952293761,-0.130157763307755,-0.707441823198691,-1.55941153965723,-1.14190279406439,0.237946210001183,0.290316131515276,"Female",1
0.971471375686053,1.66020908022231,0.605005436243316,-0.808384702834677,-0.168960304152218,1.03156943032477,0.445859117909261,0.320054670423612,-0.480521682016397,1.39250582765738,-0.78819098737171,-0.76213734373751,-0.495346035019633,0.526384883522773,-0.350003531611403,0.535798331951777,0.165350752840151,0.673965057767143,-0.592202448704396,0.640052690016965,0.924677097138228,-1.07549294361837,0.315385849638303,0.413210149841938,0.501041351322542,-0.0543277469032874,-0.0712172797688689,-0.603382099775566,0.382063480023083,1.28260562671882,-0.0603710387484057,-0.553155243137287,0.161957937296559,"Male",0
-0.152720514572027,0.323613810300411,-0.745695018739661,-1.44447761098648,0.418162676017132,-0.680220580804325,0.0516291473204437,-0.140060017896506,-0.21509846280992,-1.21328124280541,-0.0864164770930552,-0.76213734373751,-0.0580986969241326,0.438719032436687,-0.350003531611403,-0.435576846118168,-0.688163681552377,0.0556503453034372,0.669116554413598,0.456949470127728,0.0127951988026833,-0.202749990009674,0.0680963928622477,0.436636330815805,0.1415354629316,-0.0543277469032874,0.144591843340923,-0.115849504964274,0.972002304942949,0.282202446290773,-0.131431428843619,-0.194121488090249,0.611608133990369,"Female",0
0.0473846863773581,-0.010535007180063,-0.244728636322462,1.28302890624554,1.10504028971712,-0.680220580804325,-0.736830793857191,-0.588734230880921,0.277320898855296,-1.40416207957801,0.0760029925488006,0.416432868694929,-0.495346035019633,-0.695188451283163,-0.350003531611403,1.5254366883407,2.86150515967498,-1.41348783533436,-0.289431257288064,-1.30048294469406,-2.32604171726625,1.90741352054904,1.40277418206873,1.81723734056524,-0.577476313850285,-0.0543277469032874,0.574259096902255,0.568792037338494,-1.15648198858111,-1.17343638978204,-1.18773244813308,0.979752979301011,0.293120680433047,"Female",1
-0.0599457326124893,0.991911445261359,-0.211334738295808,-0.503366052779509,0.18157500383548,0.156395365958572,0.0516291473204437,-0.41837404396701,-0.0781712511493192,-0.072334459651276,-0.857121932725288,-0.296875381160151,-0.495346035019633,-0.122167428000256,-0.350003531611403,-0.135761194549791,-0.287793355312376,0.848091097228141,0.625493832062445,0.546132086449799,0.391378840368683,-1.13710162826143,0.0445976383256046,0.397856543387407,0.1415354629316,-0.0543277469032874,0.195987840074531,0.13043628312159,-0.0760695403263607,0.752584432630298,0.0833295305110108,-0.411481949390717,-0.580963732272379,"Male",0
-0.124801247891347,0.323613810300411,-0.37222624622678,-1.12779845109526,-1.87270565505058,1.39179547801064,0.445859117909261,1.48567711201839,0.512498006547632,1.61856484876138,3.07289746791177,-0.377392692284645,0.235549220400612,0.726376978159135,-0.350003531611403,-0.238444957024565,-0.688163681552377,0.317069687435029,-0.688129802900314,1.42612385346806,1.92873273384712,-1.18066683709371,-0.839034787007694,-1.58108245014434,0.501041351322542,0.684171406056786,-0.672515549478066,-1.29948153489245,0.549251562836882,1.24368307365799,0.337725517281522,-1.38873340343366,-0.455216393809874,"Female",0
-1.63710104246824,0.323613810300411,-1.32545461020615,-1.5740475322948,-1.78151778504068,1.74504700284457,0.0516291473204437,-0.785046094218398,0.737981758876685,0.0306596033674245,0.845426598536451,0.745125023471938,0.0773199701902266,-0.695188451283163,-0.350003531611403,-0.729109981122807,-0.688163681552377,-0.409571687945254,-0.293272526039315,1.84181112337574,1.37863687610069,-0.788408273365035,-1.26028991520125,-1.31908692611688,-1.29648809063217,1.42267055901686,-0.509294332152064,-0.656741354269254,3.65108534550704,0.480168117368978,0.763214799869593,-1.02418409375574,-1.22340607886221,"Male",0
0.119541941452621,-0.678832642141011,2.2464938099098,-0.246849048582157,0.257551793313971,-0.680220580804325,0.445859117909261,-0.428885639805585,-2.51305548391427,1.36585881135274,-0.156597729407437,-0.76213734373751,-0.495346035019633,0.911180483986634,-0.350003531611403,-0.729109981122807,-0.688163681552377,0.287087534376629,-1.09696235711496,-0.275571925758666,0.321973774320579,0.100461894797574,0.429836854077103,1.31979535824704,0.1415354629316,-0.0543277469032874,0.746344867351205,0.242810837512284,-0.825929045885434,-0.0761599419396626,-0.992377761092778,1.1261728740162,2.25618708468322,"Male",0
1.06404567106069,0.991911445261359,1.26429689444603,1.7656255588782,1.93970748651718,-0.499214671007516,0.840089088498078,-0.241693201301165,0.277320898855296,-0.11707048495087,0.0760029925488006,-0.76213734373751,2.14054217335767,0.444080297135131,1.84564515842183,-0.729109981122807,-0.688163681552377,0.106488104526568,-0.0887029302227502,1.12719608951941,0.932136942951821,-0.786250996037563,0.197993490170458,0.764577347587382,1.22005312810443,-1.90057562930347,1.70731376719581,0.653616832618412,-1.1587843149473,-0.219453422250135,0.396532502014068,1.0400117894883,0.703040997115775,"Male",0
0.765236516346293,-0.010535007180063,-0.735169890579449,0.587105010410868,-0.236103412167341,-0.680220580804325,-0.736830793857191,0.0472872286168849,-0.439385363842368,-0.252709265504814,-0.331305345058918,-0.76213734373751,-0.495346035019633,-0.695188451283163,-0.350003531611403,-0.301878534626317,-0.688163681552377,-0.478689511888946,0.465896515278805,-1.72888603480066,-1.16351002326503,1.82629957927135,0.444246486724628,-0.336559892074701,-0.577476313850285,-0.0543277469032874,-1.68353042189993,0.169727651288464,-0.264739834985929,-0.6357788213928,1.09088959795736,-0.137737613786572,0.28558947764301,"Male",1
0.48188814925623,-0.010535007180063,-0.396013113746244,0.369918781361542,-0.349481748432173,-0.680220580804325,1.2343190590869,-0.691727761557748,0.277320898855296,-0.123766716298409,0.0760029925488006,-0.76213734373751,-0.495346035019633,-0.175888148933009,-0.350003531611403,-0.729109981122807,4.02869922446281,-0.945248992498724,-0.326092778163981,-0.452633467823011,-1.26151432025564,0.996277271637768,-0.828540694078199,-0.741815400984368,-0.217970425459342,1.05342098253682,-0.7894564826399,-0.194113211162016,-0.754655024074547,-0.640901368132355,-0.723154692673438,0.194634665474128,-0.153103084876655,"Female",0
-0.721551212661383,0.991911445261359,-0.460862552935862,-1.38525424057505,0.570723451948846,0.627648894157013,0.445859117909261,-0.705584300057854,0.441364190023407,-1.34681931581608,0.383936733472828,2.4583178869421,0.52429796328271,-0.695188451283163,-0.350003531611403,-0.729109981122807,0.697480122430558,-0.728902677326362,-0.49723016573703,1.10807959980452,-0.300736118194233,-0.269625984916377,-0.0669784512214437,0.897599307410574,-0.577476313850285,-0.0543277469032874,1.53746857280521,0.267902301800768,1.47804657309334,-0.417628129964412,0.140166784728466,-0.0214191184151515,0.196964717538027,"Male",1
-0.604775857918456,-0.010535007180063,-0.776250354561591,-1.20787557162572,0.302175473547051,1.56494887725226,0.0516291473204437,-0.534282543354604,0.0630062765227635,-0.707346860959872,-0.81804968224008,-0.76213734373751,-0.495346035019633,-0.695188451283163,-0.350003531611403,-0.729109981122807,-0.688163681552377,1.00119246533713,1.45893345870138,-0.485988978033251,-0.462316794437981,-0.473450938338694,1.16184778172316,0.79320104824004,-0.577476313850285,-0.0543277469032874,-0.472625179392824,0.417641685457846,0.75078366126867,0.786764852440908,0.659336927729703,-0.409809549246817,-0.430356784389084,"Female",1
-0.0318880274160647,-0.344683824660537,-1.11484929529402,0.0417987527237494,-0.585927988454893,0.398084417245631,0.0516291473204437,-0.375067416746506,0.402281775826611,0.0172091607925206,2.88868824338677,0.0555958026105972,-0.495346035019633,-0.695188451283163,-0.350003531611403,0.313745461944945,1.42287985680406,0.54506624016955,0.497431479171045,-0.170627790590964,-1.0230371975785,-0.573387234914791,-1.10121875581312,-0.552715351727511,-1.29648809063217,-0.0543277469032874,-0.906687453411407,-1.27671722787038,1.91044869630219,1.03392304979958,0.626097876947176,-0.986281328483281,0.537269672873415,"Female",0
-0.775345254185424,-1.68127909458243,-0.90963325314797,-0.501197288737725,0.433747148307315,0.225994994806419,-1.13106076444601,-0.254713776143264,-0.311780378295208,-1.11397965859252,-0.0969528912222872,0.201619578744193,-0.495346035019633,-0.695188451283163,-0.350003531611403,-0.729109981122807,-0.688163681552377,1.0332729543195,1.06794800824594,-0.348069565029105,-0.239469508782176,-0.680210985434061,0.815680840967928,-0.972937683409413,-0.577476313850285,-0.0543277469032874,-0.165485186598011,-0.271548729992583,-0.242883437737517,0.694619746108752,-0.0866423939059114,-0.566969610190939,0.28558947764301,"Female",1
0.822377042576832,0.323613810300411,-1.21587888331854,0.808950892225001,-0.493373734518957,0.171072838708798,0.445859117909261,1.30551658285914,0.277320898855296,-0.353106176407876,0.0760029925488006,0.173951915897833,0.393793288858827,0.457707913743016,-0.350003531611403,-0.132212457787981,0.520130975270054,-1.46050317003648,-0.748314217151234,1.23489784377431,0.638315389110102,0.55436912946016,-0.807514111594352,-0.486364457251421,-0.217970425459342,-0.0543277469032874,-1.12562475026821,-0.891302338727887,-0.00228364789628727,0.241897258540551,-0.652227266432766,-0.729424225752438,1.02495117194493,"Female",0
-1.49511150655912,-0.678832642141011,-1.18017770021527,-0.271780393031201,-0.489681568868344,-0.680220580804325,0.840089088498078,-0.778625063607608,0.277320898855296,-0.650695778830197,0.0760029925488006,-0.76213734373751,-0.495346035019633,-0.695188451283163,-0.350003531611403,-0.729109981122807,-0.688163681552377,0.226477042963599,0.847662901116699,1.55143190057195,1.35965125956255,-1.07767812402981,0.968332134998407,0.0538238973201897,-0.577476313850285,0.684171406056786,-0.190916331123736,0.455814359681768,-0.546718118561353,0.874151108470317,0.840259856351346,-0.636613259983522,0.0506677254841294,"Female",1
-1.63461460106408,0.323613810300411,-0.550619162825148,-1.54952511090941,-0.800694792119764,1.04149644742446,1.2343190590869,-0.736033578137776,0.058829621276336,-0.109823911640697,-1.40436210193162,-0.285541350403081,-0.495346035019633,-0.695188451283163,-0.350003531611403,-0.121306900114384,-0.688163681552377,-0.408187179894508,-0.166720100933588,0.721768173666138,0.689582918504844,0.0416849777436908,0.654153507794091,0.976259251439574,-0.577476313850285,0.684171406056786,0.384764774832352,0.14626523984198,3.9138120260571,0.109632217462065,0.808808655821783,-0.195764061684123,-0.773301947422353,"Male",1
0.161661421548224,-1.01298145962149,-0.106286112468815,1.12310566403422,-0.965358903136214,1.33600067593728,0.445859117909261,-0.0990773244860366,-0.223464525188059,0.965225755370207,-1.04353303288812,0.548701217493893,0.749746887530466,0.919252689691523,-0.350003531611403,0.106746517215427,-0.124157912091986,-0.33734705909011,-1.08554508749813,0.981661004504095,1.05734614396681,-0.401055036451022,-0.284172419143329,-0.639997712076851,-0.217970425459342,1.05342098253682,-0.14792619535261,-1.12063915788227,-0.166507023736607,0.69189948869683,0.104513896821746,-0.607018198244081,-0.653667325712603,"Female",0
-1.50055738840212,-0.678832642141011,-0.687388632811878,0.316899630312809,-0.416873720304733,-0.48250081885289,1.2343190590869,-0.42526099038249,-0.272687586578913,-0.683855498048964,-0.281794630087807,-0.24796479376698,-0.495346035019633,-0.378558569166918,0.260219461742101,-0.0733855008232997,-0.688163681552377,0.144479446015388,0.725529218157207,0.666516319636058,0.424120952911696,-0.481767317844296,-0.961359067271149,-0.840520712138299,0.1415354629316,-1.90057562930347,0.782360829465624,1.13015349164861,-0.74469341441509,-0.92757685440504,2.67645597474715,-0.445665424037002,-0.84538963584022,"Female",0
-1.49684205912514,-0.010535007180063,-1.30943335588761,-0.0342363888816488,-0.764006383717415,-0.360985548486904,1.2343190590869,-0.821262710532039,0.791307543245923,-0.914751677049449,0.359758366674945,-0.76213734373751,-0.495346035019633,-0.695188451283163,-0.350003531611403,-0.729109981122807,-0.688163681552377,0.635624867586899,1.30434695110573,-0.161112902154046,-0.923273129065995,-0.32691473001152,-0.904691407527324,0.253533568886244,-1.29648809063217,0.314921829576749,-0.427231311929049,-0.250732513417135,-0.73826654483674,0.394932379667241,0.821717682522068,-1.00268247435393,1.44378154805607,"Male",0
0.304048063898208,-0.010535007180063,-0.986581316873206,0.298817806270817,-0.767690637147465,0.131011971908181,-1.52529073503483,0.36351706777489,0.277320898855296,0.154010027177493,0.0760029925488006,0.622943401492838,0.162459694858577,-0.695188451283163,-0.350003531611403,1.03728410563091,-0.688163681552377,-0.563051579763168,-0.740789733771053,0.495844411502227,0.304837188160064,0.168400539670597,-0.466679677885746,-0.378973870876377,-0.577476313850285,-0.0543277469032874,-0.609885274256871,-1.79409424907472,-0.136419738949819,0.786446868668113,0.115691360882106,-1.08023981235,-0.880166982199457,"Female",1
0.0843221263470981,0.991911445261359,0.417903999700436,-1.06169679817435,0.0903118994442661,2.74366284273197,0.445859117909261,-0.00678327915680605,0.277320898855296,0.272293237736497,0.0760029925488006,-0.0609091886701733,-0.495346035019633,-0.119428976276062,-0.350003531611403,-0.431017789063114,0.92097105855684,0.433198965670247,0.295576237119066,-0.601921238239635,-0.313589126531806,-0.0607054076585015,-0.462265211469357,-0.552112882434778,0.860547239713484,-0.0543277469032874,0.530500000958391,0.718132205364282,0.788017085545159,-0.788722440310293,0.443363403249734,0.059003644697747,-0.503170887291338,"Female",0
0.132345505990251,-0.678832642141011,1.2937460418867,2.09105858753634,0.149832720973782,0.00892171118248872,-0.736830793857191,-0.801612377523935,0.277320898855296,-0.311585023326385,0.0760029925488006,0.167281446114205,-0.495346035019633,0.44949250021551,-0.350003531611403,1.64146640608823,4.11057424293009,-1.84756779009754,-1.86561540896057,-1.19252863747394,-1.19523920540237,2.1610522900081,0.790401511817571,-1.13324102418878,0.1415354629316,0.684171406056786,1.25616152875444,0.887291951724911,-1.18376210197272,-2.55302922941322,-0.960806763056914,1.340856273408,1.27114537152281,"Male",0
1.4226040644809,0.657762627780885,0.825943591082275,-1.3176507429638,-0.285986224767949,-0.680220580804325,0.840089088498078,0.175359378080414,0.277320898855296,1.59408809318397,0.0760029925488006,0.746674907654145,-0.495346035019633,-0.695188451283163,-0.350003531611403,-0.0877136707013332,0.177418437645175,0.271073350128419,-1.05357421683035,-0.0814181728143153,0.0865864323588434,-0.268871840074022,-0.259922085159935,-0.519011144147887,-0.577476313850285,-0.0543277469032874,-0.118005622683255,-1.10124344075302,1.42436448284581,0.558609451862541,1.25214822576657,-0.266770670487763,-2.28891001421567,"Male",1
0.637449276879709,0.657762627780885,0.989978216689021,-0.142923589178514,0.376865830300005,0.253177280184684,1.2343190590869,-0.130051215249832,0.0305790296774029,0.49375357069777,-1.77459918683225,-0.223918209586794,-0.495346035019633,-0.0323126870727918,0.92751970894439,-0.042718881387014,1.16444399034777,-0.329415083329915,-0.690236990330431,-0.101833799440159,-0.166225307024585,0.329763165054803,-0.0585507417526094,0.0202205150718023,1.22005312810443,-0.423577323383324,0.718202360038484,0.527963076785256,-0.334139007376089,-0.767127402247534,-0.626115873785369,0.712564475134582,-0.153103084876655,"Male",0
0.485355606486746,-0.678832642141011,-0.135650335571258,-1.30213454550417,-0.977187575253318,2.60333975160344,0.445859117909261,0.753003554955306,-1.66044047806802,1.23823890429215,-0.244410724914103,-0.76213734373751,-0.495346035019633,2.65141349719559,-0.350003531611403,-0.729109981122807,-0.688163681552377,1.44677357283442,0.800909530243884,-0.801179810469356,-0.208240361764932,-0.706848708663803,-0.658028831184525,0.0885127988389449,0.1415354629316,1.05342098253682,-1.57519811469265,-0.582855159230626,1.93757158559514,1.31192728335797,-0.507431708211889,-0.76042520839942,-1.2033064921207,"Male",0
-1.07832779654103,-0.678832642141011,-1.34470339859437,0.384985641680347,-0.78839278305812,-0.333397335817497,-0.342600823268373,0.170467193561967,1.48353547353955,-0.358860816580597,0.298599382377889,-0.198325657098365,-0.495346035019633,-0.695188451283163,-0.350003531611403,-0.729109981122807,1.25253628598568,0.441101091274277,0.699901542372169,-0.815744427092908,-1.00379408681492,0.0751771953470949,0.507254689777719,-0.970273449606244,-0.577476313850285,-0.0543277469032874,-1.15376940649606,-0.960820196533688,-0.94739604080258,0.83411948086199,0.468192364722656,-0.902232853447388,1.1403053219397,"Female",1
-0.123710173533837,-0.010535007180063,1.42968863442815,-0.168583981273426,-0.0940279915471912,-0.427361149265774,0.445859117909261,-0.234980164688697,0.89375161669835,0.693041547180392,0.888084876655477,-0.76213734373751,-0.495346035019633,1.29207208719494,-0.350003531611403,-0.729109981122807,-0.341038481173162,0.601436499947689,-1.06015469409397,0.0262045282703122,1.11194768214139,-0.453553240197901,2.37514868864054,-0.460179794977764,1.22005312810443,-0.0543277469032874,1.72932909136178,0.0699513425557979,-0.363823074172469,0.0876120903692229,-1.0667964540485,-0.0472494404871095,0.148679503411864,"Female",0
-0.0939507283043696,-0.678832642141011,-0.270013901888493,-1.24258879250682,0.515469854503989,-0.680220580804325,-0.736830793857191,-0.882822152775188,0.970984235639245,-1.15674025214447,0.209286344770201,-0.76213734373751,2.09161617413026,-0.695188451283163,-0.350003531611403,-0.729109981122807,0.0930693680249976,-0.740642148810529,-0.544956103485883,0.847500998702589,0.868180448153448,0.179344583889454,1.15000473039726,-0.777743922846269,-1.29648809063217,0.314921829576749,0.850241637770878,-0.577697509777477,0.769463973920638,-0.0389438884642938,-0.101084112902168,0.21263939393235,-0.203112770935895,"Female",0
1.08441999323471,1.32606026274183,-0.186485173415271,1.28795622758937,0.0342662156094229,-0.266735205612237,1.62854902967571,0.500028815683171,-0.118664396712756,0.37321917325856,-1.00996198541206,-0.76213734373751,-0.495346035019633,-0.0568961591229858,-0.350003531611403,-0.0681744453507339,-0.688163681552377,0.697467053412038,0.306670504662634,-0.711481062951231,-0.720439735956375,-0.0593256843456004,-0.815513628815579,-0.192938245503433,0.1415354629316,-0.0543277469032874,-0.516562016476945,-1.17045342588872,0.859421560622275,0.632694020059278,0.24733752775541,-0.60338410721691,-0.0392256069827224,"Male",0
0.74910174182976,0.991911445261359,0.55213890711048,-1.31325750958547,-1.18388620735126,0.482932804273012,0.840089088498078,0.293094252476059,0.0488096391198448,1.62448050506134,-3.01402510617207,-0.76213734373751,-0.495346035019633,-0.695188451283163,-0.350003531611403,-0.093433128246479,-0.259231905287602,0.209818961166949,-0.888158260637459,0.992479629515929,1.28578590095179,-0.765740372682677,-0.903982566942735,-0.80452756169333,-0.577476313850285,1.05342098253682,0.0259190020477051,-0.592159577616264,0.212377011828793,0.46709004786189,-0.668277541367811,-0.740954737515427,1.67093441191564,"Female",1
-0.0482760636789006,-0.678832642141011,0.0973058343747828,0.156289438032999,0.140721957266067,-0.680220580804325,0.0516291473204437,0.500341848069012,1.06150161532449,-0.389184575760588,0.409865235701504,-0.76213734373751,1.94177027567678,0.884846567015007,-0.350003531611403,-0.729109981122807,1.51978021594174,-0.63202163042633,-0.336069519910543,-1.19555142636199,-0.897934444698687,1.32303928871867,1.32654120702816,-0.139381910728921,0.501041351322542,-0.0543277469032874,0.0881949468747566,0.417731250441425,0.32911798583814,-0.862489863738506,-0.123284892104488,0.40278384157173,-0.892135112196541,"Female",0
-1.112763061062,0.323613810300411,0.627057519183388,-0.100206691693815,0.133120955997921,-0.314291469133013,1.2343190590869,-0.567498190951374,-0.554799294813558,-0.435718135934111,-0.226286394413835,0.0157658581065579,-0.495346035019633,-0.695188451283163,0.573216543820059,-0.233079832506589,-0.688163681552377,-0.405805348947036,-0.804004492643899,0.997333176287294,0.466615127374936,-0.165542694301969,-0.620940266754283,0.447798096428047,-0.577476313850285,-1.90057562930347,2.76705585483942,0.739801411480797,0.184303501296687,-1.38636465006796,-0.266028198634985,-0.0631165702302876,2.01433798964829,"Female",1
-0.765846336012773,1.32606026274183,-0.836476460282874,-1.31555504545115,-0.401517093966936,2.31398386024183,0.840089088498078,-0.373501723287628,0.677547000801586,-0.191281662484611,0.839256331575197,-0.500232852085861,0.997265360085603,-0.695188451283163,-0.350003531611403,-0.729109981122807,-0.688163681552377,1.3681346722262,0.900031420019515,-0.0501954215947976,-0.0901989747369887,-1.22529664109808,-0.270782010034439,-1.10783636498548,-0.936982202241227,-0.0543277469032874,-0.20090203124617,-0.908071144972737,2.67823898484018,1.12610570031947,0.393507541794362,-1.04983928896025,1.28455400659335,"Male",0
0.461039898608669,-0.010535007180063,-0.642672587806757,1.5915228148322,0.528084163470383,-0.629397093072199,0.0516291473204437,0.713145559114934,0.970984235639245,-0.627512931956112,0.377623706843237,-0.76213734373751,-0.495346035019633,0.422933777442907,-0.350003531611403,1.58646463376315,-0.688163681552377,-0.664570373593122,0.0198524779899853,0.228366242484389,0.386799713283114,0.56103501497919,0.924717594947782,0.715166597504842,1.22005312810443,-0.0543277469032874,-0.896298899456354,-0.312446966472597,-1.10785524404174,0.524664613686719,0.0864214845574216,0.264445944535391,-1.28608114490841,"Male",0
-0.228428148569283,-0.010535007180063,0.817117129746343,-0.0407230796054921,-0.348547532339944,-0.680220580804325,0.0516291473204437,-0.634123430083534,0.277320898855296,0.684905984252495,0.0760029925488006,-0.76213734373751,-0.495346035019633,-0.695188451283163,-0.350003531611403,-0.729109981122807,0.00896146206636801,1.17430335632577,0.259808421921349,-0.845126958020418,-0.999337607747228,-0.471741847114345,-0.61754309524619,0.655924116538529,-0.577476313850285,-0.0543277469032874,0.796696638023107,0.129197933994865,-0.80710355093229,-0.0292197942242831,-0.677812427070938,-0.0312897577284255,-2.04346921791594,"Female",1
-0.474953434832484,0.657762627780885,-1.25812810927525,0.0220404734356848,-0.489480692475339,-0.408020177072857,1.2343190590869,-0.0942230043405882,0.0831852507034266,-0.243424209036661,-1.43824288171113,-0.126933917556392,0.309113353251349,-0.695188451283163,-0.350003531611403,-0.729109981122807,0.222852131131209,0.161475250480302,0.951664384485456,1.70609056864508,1.05666913849553,-1.2953684453209,-0.923660948171776,-0.736812754178631,-0.577476313850285,-0.0543277469032874,-1.05471181281875,0.485314137254957,0.256915252436279,0.69850489844109,1.34458528686556,-1.09006659292055,0.266978278020963,"Female",1
0.112770684732764,-0.010535007180063,0.981168949758288,0.745943693951903,0.521710729542661,-0.680220580804325,0.0516291473204437,-0.406598569718189,1.52302464116314,0.484640195393265,0.440945504583588,0.868218116794043,-0.495346035019633,0.308792133260454,-0.350003531611403,1.35008305849354,-0.688163681552377,-0.245700161302279,-0.326092778163981,0.411761461939933,0.771503150566988,-0.105173824952023,-0.500692884969002,0.336755250332511,1.22005312810443,-0.0543277469032874,0.0466650540562337,0.814425758334299,-0.992065892792693,-0.374984275163459,-0.931947955021351,1.21515571435342,0.196964717538027,"Female",0
-2.77355826179613,-0.010535007180063,1.13041580543983,4.44229687738098,-0.653854758457387,-0.680220580804325,1.2343190590869,-1.97291147419124,1.36448052850577,-0.267035692999995,0.341612039769385,0.6607183309082,-0.495346035019633,-0.695188451283163,-0.350003531611403,1.08545848981509,0.536241570694352,-0.279232254037317,-0.890413570410393,-0.113846422770759,0.749498216065416,0.200164061948894,1.81275852159226,-0.532544679806782,-1.65599397902311,1.05342098253682,3.34327558503537,2.26598122393687,-1.29421564365349,-2.27746998609854,-0.898085297036323,0.493601631985041,-0.331439512521871,"Female",0
-0.570204253420023,-0.010535007180063,1.78614547659091,1.3486978704386,-0.980564446213808,-0.680220580804325,0.0516291473204437,-0.94012917502205,0.7262231483356,1.47312100355167,1.57456986781006,-0.76213734373751,-0.495346035019633,-0.695188451283163,-0.350003531611403,3.76644253696661,-0.435377311906841,0.958579719089985,-0.444884913374541,-1.97587518690178,-0.597645573343598,0.25854821388435,0.149912514246546,0.517905147368359,-0.577476313850285,1.05342098253682,0.254243252781518,-0.265291314329506,0.0581537522313422,0.0266613340083112,0.528508124228892,0.697783502420431,-1.51680004652191,"Female",1
1.43010131665331,-1.34713027710196,2.23166536502085,1.83962085452215,-0.0168333941443376,-0.680220580804325,-0.736830793857191,-0.193035320581526,1.88468056634929,1.8239534272147,0.542680247938516,-0.76213734373751,-0.495346035019633,-0.695188451283163,-0.350003531611403,-0.729109981122807,1.12211290107049,-0.78113196465205,-1.66758907430109,0.86172354686596,0.777080438113472,0.224285554001631,-1.30332372580119,-0.456019030243719,-0.577476313850285,-0.0543277469032874,0.478614215767813,0.144468485542905,-1.22209953744019,-0.802542504281795,-1.20947078622938,1.04177504863203,0.690017960375608,"Female",1
-0.718080940901659,-0.344683824660537,-1.40893690189561,1.88480725629784,-0.774801799635751,-0.680220580804325,-0.342600823268373,-0.898024110627042,-0.67632789908372,-0.6535039205588,-0.137375919557424,-0.138077837313961,-0.495346035019633,-0.695188451283163,-0.350003531611403,0.0667533833236271,-0.151143834075748,1.2455955419138,1.13469633833215,1.2929333113537,0.638315389110102,-2.08249081756815,-0.188064316514775,0.497103245316396,-0.577476313850285,1.05342098253682,-0.363722957206534,-1.05540231599737,-0.520469045714364,2.23436695992472,-0.160492829790283,-1.26277658161844,-0.90324837576526,"Female",1
1.35460261731013,-1.01298145962149,1.29128067982712,-0.621042188521243,-1.41366214370862,-0.680220580804325,0.0516291473204437,0.634063808662089,-1.8581712308153,1.90820715698624,-0.283964645904208,-0.76213734373751,1.40087966590487,0.534175529790666,-0.350003531611403,3.08981601000925,1.02975185093666,-0.743358997925436,-1.75439570371762,-0.574269028215918,0.132846815397442,0.833476297170285,-1.14884359051575,-0.529560243655245,0.1415354629316,1.7919201354969,-0.22660890539395,-1.28927269176577,-0.544033944473945,-0.202850442661272,-1.19681311690707,-0.0306965897241831,2.24512260629259,"Male",0
-0.801708105435193,0.657762627780885,0.094279337760543,-1.23530579277217,-0.264148108894033,1.36288362602717,0.840089088498078,-0.662324485272628,-0.0465890666418668,0.11250310067783,-1.07401226932678,-0.76213734373751,-0.0926805557334189,-0.173075037869373,-0.350003531611403,-0.188474737885636,0.406239712926019,0.222082018377469,-0.0986165809197959,0.0869525224341585,0.43676317417215,-0.240556243552064,0.972313468634292,-0.386993868810706,0.1415354629316,-0.0543277469032874,0.705776142046398,0.464107766050094,1.75272522891301,-0.171071888968561,0.125857185610431,-0.186446383138728,1.45119537158818,"Female",0
0.103626703272769,0.991911445261359,-0.790420994574833,-1.14474756285756,0.0401959169767861,0.269009249803228,0.445859117909261,-0.129621028995741,0.277320898855296,-0.528333972154766,0.0760029925488006,-0.193408694714882,-0.495346035019633,-0.695188451283163,-0.350003531611403,-0.00381008358222875,0.780054825865584,-0.25999678998776,0.59385561776895,0.303631038430577,-0.342268202029216,0.0175699767589781,-0.307812605389171,0.596543862360665,-0.577476313850285,0.684171406056786,-0.702390720401499,0.251673084346734,2.78041810096684,0.224681959925556,-0.584943635072508,-0.117907816936873,1.42220202598942,"Male",1
-0.272988490977187,-0.010535007180063,0.746455026143113,-0.964503464762537,-1.20257147457963,-0.680220580804325,0.840089088498078,-0.257699882946255,0.277320898855296,1.2644235749833,0.0760029925488006,-0.76213734373751,-0.495346035019633,0.776294542857116,-0.350003531611403,0.0327317433167702,-0.688163681552377,-0.115866401051695,-0.581603988543475,-0.580504744369447,0.345202538330961,0.661381720679425,0.130881398585356,-0.423889940732512,0.1415354629316,1.05342098253682,-0.282086845583548,0.650068287461811,0.435271999109058,-0.713102426151724,1.20350415169026,0.227265752948604,-0.531176311484512,"Female",0
2.2442102262898,-1.34713027710196,-0.301092665733796,-0.286825933936014,0.977361062235133,-0.680220580804325,-1.52529073503483,0.15521308693348,1.10320183298204,-0.342655321369337,0.405438630998877,-0.2216880198044,3.61139691946879,-0.695188451283163,-0.350003531611403,0.649360542379741,1.63719159723113,-1.34501349004053,-0.275657868229707,0.701035669632386,0.0942478854613695,0.53066848344498,-1.25285060101275,0.324411703020675,-0.577476313850285,-0.0543277469032874,-1.13901830263243,-0.78462224300758,-0.170915478498542,0.246789756272618,-0.367067007684308,0.485151577621674,-2.20533543114254,"Male",1
-0.738785787966484,-0.678832642141011,-0.851959414282343,1.1887674451855,-0.503382640828736,-0.556645729584679,-2.31375067621246,-0.749076902577702,0.277320898855296,-0.64275025600052,0.0760029925488006,2.94321597565239,-0.495346035019633,-0.695188451283163,-0.350003531611403,-0.729109981122807,-0.688163681552377,0.356635578567814,0.134953620730144,-2.17952216547991,-2.35634111072797,1.01024417005336,-0.0041651586005297,-0.678782051232082,-1.29648809063217,0.684171406056786,-0.381038907048845,-1.07363564680508,-0.516172506926123,-0.221628678934238,-1.01813326916444,-0.337556206125086,-1.12252161464039,"Male",0
-0.5649883358673,-1.34713027710196,-0.354313106967273,-0.581876593173482,0.567618927127557,-0.0417505161694823,-0.342600823268373,-0.592041121647961,0.837187749330731,-1.09570851126754,0.265190660002636,2.53521077868586,5.07259759615946,-0.695188451283163,-0.350003531611403,0.205358800727235,-0.688163681552377,1.35296991950897,1.14407540168044,-0.426394585848511,-1.01767816111384,-1.45220331499713,-1.22120565311168,-0.290823980971449,-0.577476313850285,-0.0543277469032874,0.926347732917987,-0.707739817337809,0.478382712142116,0.683735499125274,0.841271327453777,-0.524246494715834,-0.603190259409818,"Male",1
1.47562370521282,-0.010535007180063,0.144879569413708,-0.894995739325365,0.5728695804033,0.814733716877258,-0.736830793857191,-0.00113858664943852,0.865842351914116,-0.23294421543874,0.579436509150635,0.00810933052935906,0.967883246008715,-0.695188451283163,-0.350003531611403,-0.729109981122807,3.95156094556371,-1.88666044750897,-0.877170284873655,-0.904645929506895,-1.6558465703517,2.12551496697732,0.023347313843337,1.16357853365361,-0.577476313850285,-0.0543277469032874,-0.269644174598703,0.209804201664293,0.19480719134235,-1.2990854326437,-1.0425450407364,0.636595986327635,1.22874350360235,"Male",1
-0.749101589858294,-0.678832642141011,-1.53025825430797,-0.559318101893485,-1.32200315466122,-0.680220580804325,0.0516291473204437,0.529523532248472,-0.420273196837094,0.0630499942327986,-0.44233568525885,-0.76213734373751,-0.495346035019633,-0.695188451283163,-0.350003531611403,-0.729109981122807,-0.688163681552377,2.82807500607604,2.55452512212652,0.169173207458074,-0.162134784714019,-2.75102008573016,-1.67396951246191,-0.825019422657382,-0.577476313850285,-0.0543277469032874,-1.76285170446525,-0.824203681355478,-0.351780651918548,2.50722461625316,3.0057915988002,-2.20573905397983,-0.00307402669893475,"Male",1
0.156243502893643,0.991911445261359,0.510362572682466,-0.504435065003805,-1.53876017424644,-0.680220580804325,1.2343190590869,0.651637208088329,0.277320898855296,2.1616160259278,0.0760029925488006,-0.0780721155424691,-0.495346035019633,-0.695188451283163,-0.350003531611403,-0.292915637147359,-0.688163681552377,1.91382393065069,-0.0920230679561942,-1.09098512613824,-0.228391400685787,-1.06528652112554,-0.499278276061971,-1.24123347979094,-0.577476313850285,-0.0543277469032874,-0.203883420200588,-1.64658300333997,0.466442735002174,1.30518637802922,1.56405382969425,-1.42025834421936,-0.16674209016554,"Female",1
0.24916097053997,-0.678832642141011,1.07988349236069,1.26708450738515,0.372497667317836,-0.301867949909604,-1.52529073503483,-0.37227113827674,0.848963151539579,0.512357606215219,0.881971863996144,-0.0139818742775361,-0.495346035019633,0.226246884435641,-0.350003531611403,0.225013019848351,-0.688163681552377,-0.579916887595932,-1.04172846960232,-0.36246459562406,0.0749607209808822,0.903607650454378,0.954009230149628,0.0505407221286481,0.1415354629316,-0.0543277469032874,0.877728008925946,0.473059804981699,-0.236891100240472,-0.958791143408927,-0.663514293977836,0.848851906372427,0.344361686975788,"Male",0
-1.02810494007219,-1.34713027710196,-0.833400208338809,-0.894989079104938,0.290561504832472,-0.680220580804325,-0.736830793857191,-0.943159865754518,-0.87891240892215,-1.25067364274652,0.0139669141483438,-0.76213734373751,-0.495346035019633,-0.695188451283163,-0.350003531611403,-0.729109981122807,-0.688163681552377,1.28156418521461,1.74173852914128,-1.44339088932326,-1.96904036930329,-0.105552527934985,0.222406732089403,1.06502454173077,-1.29648809063217,-0.0543277469032874,-0.259253248765632,0.0996439328496809,-0.245144706714133,0.438514511147983,0.227231978854637,-0.219504751679936,-2.01482730680928,"Female",0
0.244306888439159,-0.010535007180063,1.43337798553589,0.353828653013465,0.70083213776178,0.647220005555122,0.445859117909261,0.194467594328658,0.277320898855296,0.694580597892178,0.0760029925488006,0.0633590919746676,-0.495346035019633,3.37156834686824,-0.350003531611403,0.323645988303191,-0.688163681552377,0.0422230822242972,-0.595717381061562,0.619036236338989,1.22891132795501,-0.399310993707773,0.761693359801855,-0.0874565338653581,1.22005312810443,-0.0543277469032874,1.57215639731612,1.43910197982334,-0.821115849558078,-0.933220830695869,-0.292857024757848,0.734751099329631,-0.425378042310297,"Male",0
-0.762523879216086,0.657762627780885,-0.2439204687624,-0.84897558093592,-0.847247842195068,-0.583847740859444,0.0516291473204437,-0.468576097712948,0.133758402742991,0.436196803383257,-3.0161808800375,-0.76213734373751,-0.495346035019633,-0.695188451283163,-0.350003531611403,-0.729109981122807,-0.688163681552377,2.00200561735604,0.576185540536144,0.102823038615197,-0.228304313362717,-1.87706416243424,-1.14884359051575,-0.352542217019975,-1.29648809063217,-0.0543277469032874,0.972494636867583,-1.37848030245828,-0.15042097100995,1.30729847441674,0.914418476547366,-1.42165365812159,-0.639438890915845,"Female",0
0.157246128478657,-2.01542791206291,0.0804402293108161,-0.54615012926804,-1.72142029916162,1.76262140562464,0.0516291473204437,0.730310691756697,-3.5393033328964,1.70880196786744,-0.113879734951941,-0.76213734373751,-0.495346035019633,-0.695188451283163,-0.350003531611403,-0.729109981122807,-0.688163681552377,1.54043207543907,-0.261350092361828,-1.85497630600225,-1.22599645092074,-0.086214503272981,-0.375876222469756,-0.756567887096606,-0.577476313850285,1.7919201354969,-0.756709052918552,-1.99500076740794,-0.079653004252261,1.14785077918568,-0.937979918995998,-0.961954323997569,-0.952511648599736,"Female",1
-0.425902439850466,-0.678832642141011,-0.482590879670899,-0.739151159099892,-0.248305309654664,0.219592152774313,-1.13106076444601,-0.555498984400614,-0.28149947152579,0.188592060143112,-0.6206247592094,0.28268324512115,-0.495346035019633,-0.695188451283163,-0.350003531611403,-0.0628799016729952,-0.238615691742173,1.10610429815622,0.661125131777807,0.28517724815267,0.388085109103864,-1.27739809476625,-0.0839611884031064,-0.751998358688007,-0.577476313850285,-0.0543277469032874,-0.212803704108263,-0.241548223121948,2.29668713654549,0.951572344287975,0.21863612823764,-0.782241233547224,0.897100322367392,"Female",1
-0.869779074431254,-0.344683824660537,-1.70349579817993,-0.319852142776042,-0.922684333370968,-0.581232973884195,0.445859117909261,0.030605486662016,-0.644948195706805,-0.230096359569217,-0.245931008452301,0.243737490523587,-0.495346035019633,-0.695188451283163,-0.350003531611403,-0.408411825912083,-0.688163681552377,0.228930760001553,0.354454374136808,2.13243350690444,1.6866514456939,-1.57986563179381,-0.759144477852602,-1.414981328973,-0.577476313850285,-0.0543277469032874,-1.2716307026661,-1.10124344075302,-0.48096743181522,1.68858619910569,1.78475961311066,-1.70272320502955,-0.420103951125142,"Male",1
-0.125150946110139,0.323613810300411,-0.111980992100804,-1.18242984086771,-0.871582485333982,2.95365879204274,0.0516291473204437,-0.200190965296004,-0.169377561566724,0.991077302231279,-1.19185730891549,-0.553340486465605,-0.495346035019633,-0.180876092071918,-0.350003531611403,-0.462831256732255,-0.328813153945281,1.71228696595052,0.372119431047082,0.382203839328748,0.625178220198628,-1.8460180878055,-0.38432809230373,-0.695689609294421,0.1415354629316,-0.0543277469032874,0.00765519437412535,-0.829246744335336,0.708990729750841,1.5012193868908,1.03165846457754,-1.01383960683809,0.40728213242748,"Female",0
-0.437990066879638,0.657762627780885,-1.42154337519286,0.441592489706154,-0.102398904357576,-0.483768253224374,1.62854902967571,-0.011400879158964,-0.476834880271615,-1.19303215605745,-0.0359715897954945,-0.0571187662103499,-0.495346035019633,-0.261034684994025,-0.350003531611403,-0.729109981122807,0.828554536320837,1.28841825556942,1.71895951876856,1.04008689584565,-0.149050769604976,-2.00406222804514,-1.3809237192018,-0.544840915241941,0.1415354629316,-0.0543277469032874,-0.64127735323752,-0.210361351968232,-0.741868564510526,1.35361158441796,1.20962158078579,-1.32855270200419,-0.331439512521871,"Female",0
2.07354984459349,0.657762627780885,-0.569804781093777,-0.208901824131879,-0.297391138254556,-0.680220580804325,0.0516291473204437,1.36429909945338,0.277320898855296,0.539048088035453,0.0760029925488006,-0.76213734373751,-0.495346035019633,0.747657897761578,-0.350003531611403,0.0179054822124102,-0.184104633097506,0.248803388579342,0.238758079403313,-0.940389637143079,-0.991621049680909,0.49121080737565,-1.16812569701587,-0.934186642044735,0.1415354629316,-0.0543277469032874,-1.58081648564393,-1.50512141538059,-0.494758907584584,0.596180377432713,-0.0551198600562154,-0.931706686189798,-0.54317863613873,"Male",0
-0.240486439042148,-0.678832642141011,0.216548621055109,-1.33608437765516,0.527783187324573,0.987619588037713,-0.736830793857191,-0.729630107177674,0.277320898855296,0.245215269122324,0.0760029925488006,0.0739423796119932,-0.495346035019633,-0.695188451283163,-0.350003531611403,1.40339570053498,0.0313052166695208,0.267471419348346,0.636193808245811,-0.412416582133046,-0.252572647390809,-0.0682648496123507,-0.225787220702314,0.394041969907951,-0.577476313850285,-0.0543277469032874,-0.0801557785922808,1.10267601755224,1.1035325199954,-0.418238417689649,0.948626440500918,0.908150316814602,-0.388223250677561,"Female",1
-0.00403349368477808,-0.678832642141011,1.09361665116823,-1.26332727583003,-1.32692158860806,2.26061123205919,0.840089088498078,0.208317668991183,0.277320898855296,1.7129575108044,0.0760029925488006,-0.76213734373751,-0.495346035019633,1.3127727178041,-0.350003531611403,-0.729109981122807,-0.688163681552377,0.77889156115716,-0.630383401434105,0.310683022572493,1.11729497844884,-0.790626224117342,-0.90527103238035,-1.00375398773275,0.1415354629316,0.684171406056786,0.529202856328627,-0.519342390250402,1.65733515224371,0.203385402043889,-0.665828838511107,-0.545416462982715,0.180490938600866,"Female",0
1.09043843908769,0.657762627780885,0.33867218667434,-1.38754902609553,1.46245847459859,2.35371235791162,2.02277900026453,-0.169431154651222,0.277320898855296,-0.862546537638299,0.0760029925488006,0.392096610621104,-0.495346035019633,0.0155942634379859,-0.350003531611403,-0.729109981122807,-0.688163681552377,0.0510989748201895,0.00602383130488338,-1.0426946655951,-1.15177263548386,0.76043730213551,0.521493496322507,-0.157532816800698,0.1415354629316,-0.0543277469032874,0.466216727270946,-0.175361729932729,0.896971066532447,-0.513605326116548,0.00297395832421929,0.653126199395393,1.56923050300358,"Male",0
0.0933646040654333,-0.010535007180063,0.707262208214346,-0.341510130926165,-1.17466264687689,-0.309265906379613,0.0516291473204437,0.162902808121969,-0.43330126993152,1.38974768570771,-0.844759776414001,0.234344771358171,-0.495346035019633,-0.286096192725497,-0.350003531611403,-0.729109981122807,-0.688163681552377,0.30434381601805,-0.889211249071342,-0.627853454338432,0.0490976425727268,0.238250628347954,0.413901008542395,0.014335088375672,0.1415354629316,1.05342098253682,-0.234132622902789,-0.593099154227436,-0.522356421036735,0.33652171568514,-0.161517506043685,-0.195650165784725,0.60247312214508,"Male",0
-0.50255821614328,-0.344683824660537,0.350289910334283,-1.31919433616004,-2.10456821758199,-0.680220580804325,0.445859117909261,0.370989161644289,-1.3387271992738,1.27624216388397,-0.313385429383054,-0.76213734373751,0.939635576490788,0.235141047907834,-0.350003531611403,-0.729109981122807,-0.0381415881781518,-0.205349444819322,-1.30123261335395,-0.570923906118817,0.470437292700743,0.667878861519754,-0.131261487815396,-1.48336990559909,-0.217970425459342,1.7919201354969,-0.0749009366706926,-1.48159762375773,0.436750279125611,-0.0576997514702383,-0.881584186610205,-0.633804431239584,-0.0679514572622725,"Male",0
-0.277371832196512,0.657762627780885,0.0736028218524514,1.2088105603066,-1.01367886748797,-0.427639016772959,0.840089088498078,-0.63904637614743,0.277320898855296,0.326147638566022,0.0760029925488006,-0.76213734373751,-0.495346035019633,-0.695188451283163,-0.350003531611403,-0.0690486987049271,-0.688163681552377,-1.39389342488381,-0.986194130231448,0.273781370105014,0.313191759644215,1.37126888245645,-0.690138207963205,0.0885127988389449,-0.577476313850285,1.05342098253682,0.014112900728332,0.400080551177601,-1.06418092529043,-1.28920618556396,-0.374332461799524,0.265613020930381,-0.57483831140773,"Female",1
1.79757143365144,2.32850671518326,1.43247305035852,-0.0658449443308327,0.489066014592835,-0.680220580804325,0.840089088498078,1.2531350570064,0.570715303324266,1.38543350442985,2.30291168226511,-0.378147833896915,0.963575407104793,4.03406258483992,-0.350003531611403,-0.729109981122807,-0.522947074894953,0.786131070874243,0.190514462520328,-1.5679475595472,-0.859215817918044,0.363072902289372,0.204638890179438,0.575740377825337,2.65807668166819,-0.0543277469032874,-0.65192561601477,0.0438581794309544,-0.601177056675361,0.18432398726514,1.8286872212906,0.616335507373417,0.686142432702649,"Male",0
-0.433999926502549,-0.678832642141011,-0.87196167637005,-1.32563308126039,-0.566539990064544,2.91494132821247,-0.342600823268373,-0.358473313524813,0.82445352292776,-0.33956267126171,0.574523766970449,1.28379892045894,1.44797546762717,-0.695188451283163,-0.350003531611403,0.575481730009015,1.07241903409652,-0.705092266927885,0.0676950872444139,0.463291646715491,-0.323504304392218,0.0789575058041529,-0.782311007186704,-0.285311128116077,-0.577476313850285,1.05342098253682,-0.419315078530346,0.362364285004469,2.2329250143168,-0.290874959360429,-0.16088752804669,-0.316403826360665,2.08334044039435,"Female",1
-0.00081790534628797,0.991911445261359,-0.742072674368456,-1.26700789872251,0.300115330194048,2.65211515761068,1.62854902967571,0.455323295674501,-0.21859907438574,-0.547230398298534,-0.381604875458146,-0.29852915590865,-0.495346035019633,1.01776420481022,-0.350003531611403,1.34022906304512,0.10973073638091,-0.59629505401115,0.524767258468116,0.544935898642059,0.313451890410693,0.177128608637866,0.378449677059925,0.199104222727076,1.22005312810443,-0.0543277469032874,-0.438731384485548,0.986903562247419,0.668000535381852,-0.31445190373378,-0.587955478783665,-0.0675099046910323,0.915853954639607,"Male",0
-0.181689173128234,0.657762627780885,-0.628442233534034,-0.523700097095536,-0.457619062936701,-0.680220580804325,0.0516291473204437,-0.639507065539569,0.800909161821811,0.022370491053187,0.749460446923853,-0.76213734373751,-0.495346035019633,-0.695188451283163,-0.350003531611403,-0.729109981122807,-0.688163681552377,1.41194928389567,1.192695796827,-1.58891896140651,-1.30536738134338,-0.137705803966698,0.355581530349064,-0.301023517340102,-0.577476313850285,1.05342098253682,-1.15946818288471,-0.883734388812947,-0.433202511880389,1.05532427420585,-1.12282224077298,-0.580724570263872,-1.00085764253149,"Female",1
-0.259326255548916,-0.678832642141011,0.146365177281846,-0.451156957681366,0.0736736905753504,-0.360985548486904,-0.736830793857191,-0.964290981938451,-0.0910186060570839,0.147949323939397,-0.956528959659794,-0.76213734373751,1.0309793751701,-0.695188451283163,-0.350003531611403,1.32019732691795,1.38603412769517,0.470882879087217,0.230003022062732,1.13944320408007,1.16096273494727,-1.44891387727878,-0.339110852789314,-0.796392531331146,-0.577476313850285,1.05342098253682,0.276291616020561,0.386790502715912,0.0345073102189029,0.488512547840326,-0.752480455446024,0.310206937486023,-1.34103808651336,"Female",1
0.237152385121791,-0.010535007180063,0.988995313823667,-0.452011348539199,-0.871252954911739,-0.680220580804325,0.0516291473204437,-0.37970194448381,0.661599688256168,1.89900683658366,2.07111203430348,-0.76213734373751,-0.495346035019633,-0.695188451283163,-0.350003531611403,-0.0877136707013332,0.393813967444566,2.01999084039338,-0.490362780443484,-0.705038364284389,0.033250931914342,-1.49528538716673,0.613717102052233,-1.00145662828449,-0.577476313850285,-0.0543277469032874,0.514627485694436,-1.74780016353371,-0.436565963673282,1.68858619910569,1.18296877910115,-0.719772834168423,-0.975001403589387,"Male",1
0.296195647092852,-0.678832642141011,-0.713146723252617,0.381874128705553,-1.46226768224604,0.530507838058784,0.0516291473204437,1.6408398512287,0.277320898855296,0.777680390390398,0.0760029925488006,-0.76213734373751,-0.495346035019633,-0.695188451283163,-0.350003531611403,-0.729109981122807,-0.688163681552377,0.603585694193001,0.28952408972355,-1.14589818750283,-0.504728537887139,0.373057993425171,0.237136048604874,-0.657649483107042,-0.577476313850285,1.7919201354969,-1.47834964763413,-1.08765317858212,-0.847759306264102,0.821594609039606,-0.515299659431047,-1.27606766435121,0.00709743487243627,"Male",1
-1.30450872095565,-0.678832642141011,-0.911553636106955,2.62721902765185,-1.07328223328456,-0.680220580804325,-0.736830793857191,-0.115998688726675,0.724655908561852,0.353437894464586,1.027552914894,0.213636497977134,-0.495346035019633,-0.695188451283163,-0.350003531611403,-0.729109981122807,-0.688163681552377,0.269917318977807,-0.0908556379800975,1.0162155706759,1.30226342503403,-0.840368530390936,0.743813710621772,-0.827693755301902,-0.577476313850285,-0.0543277469032874,-0.470468662967613,-0.468025340002042,-0.592608836829932,1.04269451591316,-0.419484461040897,-1.09628964155109,-1.89664466389347,"Male",1
-0.190982162536037,0.991911445261359,-0.868384335832406,-1.14138826296597,-1.4522319856283,1.12251842522347,0.445859117909261,2.33367004861921,0.532577161953591,1.06012790868254,2.35444529221943,-0.344543629193681,0.297952230468519,0.333436267139327,-0.350003531611403,-0.196552532341678,-0.688163681552377,0.207657072562911,-0.30336028763153,1.59902859500082,1.865157453585,-1.19641111826569,-0.954278097194855,-1.43962216403715,1.22005312810443,-0.0543277469032874,-1.01200846464332,-1.26848126193603,0.521140050303471,1.37776801502156,-0.212676627274225,-1.50200275427722,-0.739768436509537,"Female",0
0.636368280261952,-0.678832642141011,1.48291206024477,-1.14911199956924,-0.257994832663214,-0.680220580804325,-0.342600823268373,-0.606320882670486,-0.66963941203935,1.09752103041025,-0.546871198694034,-0.76213734373751,1.18637449611702,-0.695188451283163,-0.350003531611403,-0.729109981122807,-0.688163681552377,0.78260049046923,-0.560162488371771,-1.01614300731414,0.0916545115866005,0.0309861765111342,0.0549155663402482,-0.926922387360987,-0.577476313850285,-0.0543277469032874,0.123630925233163,-0.840067504195787,0.869944434695282,0.195316141841524,-0.178629368408687,0.356574111444887,-1.14576109994295,"Female",1
-0.0525200357515881,-0.010535007180063,0.691818412879609,-0.78782125058846,-1.05866895361237,-0.680220580804325,0.445859117909261,0.0900193622020398,-0.436939267382645,1.50590956051476,-0.875953432461091,0.239446215633399,0.138886451979001,0.12718472376963,-0.350003531611403,0.97398329364827,-0.688163681552377,0.479556914595631,-1.04268161794687,1.02375173988478,2.21308921799936,-1.19838852164129,0.514894921928773,-0.524891757070078,0.860547239713484,-0.0543277469032874,0.233174972511348,-0.815879823577866,-0.154785408669421,1.2000696666057,0.350588016929725,-0.509771388198737,0.00286771817939151,"Male",0
0.15181657444981,-0.010535007180063,0.87612429643906,-0.552042196658793,1.39155241574417,-0.680220580804325,-1.52529073503483,-0.85537413678263,-0.598320225444777,-0.795651405128057,-0.120567175763893,-0.76213734373751,1.05971771971343,-0.191097781219419,-0.350003531611403,-0.729109981122807,-0.688163681552377,-0.0819369654949559,-0.0587244480939998,-0.822325927491834,-1.01605251197707,0.772721486280215,0.525987643922142,1.6922213557681,0.501041351322542,-0.0543277469032874,0.308628568051393,-0.461941728745263,-0.467769513394508,0.0858158337691743,-1.08331268656232,1.97664870182345,-0.385253311741128,"Female",0
1.03556073230961,-0.344683824660537,1.46907869888676,0.631923469859838,0.92754369895663,0.861744858313786,0.0516291473204437,0.130049891772731,-1.39690493080645,0.455477564937052,-0.191688355564628,-0.76213734373751,-0.495346035019633,1.23245427104061,1.50751526015674,0.268902677893045,-0.0147407928166691,-0.630946648947029,-1.32416602248999,-0.0168111209780159,0.930567391392643,0.714627244449701,1.72448692579342,-0.825019422657382,1.22005312810443,-0.792826899863361,0.437520673896873,0.578158257727867,-0.180234417705689,-0.708510789019697,-0.188029155838813,1.10552114972396,2.76837184800224,"Male",0
0.0992081940212445,-1.01298145962149,-0.212227623269783,1.8725565006619,-0.189660712154372,-0.680220580804325,0.0516291473204437,0.126107224293631,1.61798860358123,-0.470170552356255,0.25795671083963,0.992505304368194,1.17129180077051,-0.695188451283163,-0.350003531611403,-0.729109981122807,1.57671150477847,-2.40791031641175,-1.62239812393357,-0.479360564052843,-1.18772543476361,2.50046742514862,0.570622792369123,0.0261738872531178,-0.577476313850285,-0.0543277469032874,0.2754918369724,0.270152657342335,-1.22612483661854,-1.88682877892482,-0.926694021234036,0.564362118585028,-1.47063099578282,"Female",1
0.800458439071288,-0.678832642141011,-0.128037388840995,0.455728720087939,-0.332327672050212,0.0440141193784816,-0.342600823268373,0.418216238259009,0.277320898855296,0.340447718881262,0.0760029925488006,-0.1728522375213,0.624112511309266,0.756349743237736,-0.350003531611403,0.022405575365012,1.84731406218146,-0.327173719955681,-0.216108215536227,-1.08127669064419,-1.07619173697039,0.866847227840246,0.232909659433506,-0.282355441946626,0.501041351322542,-0.0543277469032874,-0.733825306848213,-0.257639173488516,1.2978685603226,-0.197873078829883,-0.315209902792879,0.0392879224547901,0.075202003654659,"Male",0
-0.949096290774273,0.323613810300411,0.716822652945374,0.162616708904134,-1.40717851100817,-0.41050385382987,0.0516291473204437,-0.8889693392979,0.277320898855296,1.43085025022417,0.0760029925488006,-0.76213734373751,-0.495346035019633,-0.695188451283163,-0.350003531611403,0.470424464809705,-0.688163681552377,0.258714225139291,-0.73571477102761,0.928816555627226,1.77562941999314,-0.766899025684697,-0.0961147375576497,-0.737370741706966,-0.577476313850285,1.42267055901686,0.770471757464827,0.327087396351427,-0.833427517881152,-0.0876531855251934,-0.647109431129471,-0.334235467836337,-0.886806835143044,"Male",1
0.206378733711337,0.657762627780885,0.0224125287194454,-1.11229132784483,0.189250063092307,-0.647160642182457,0.840089088498078,1.02560817427569,-0.432096825577646,0.397066341959907,-0.537581670542655,-0.76213734373751,2.02438438790377,0.121609312413334,1.22416493598868,0.116663458721116,-0.688163681552377,-2.18026826099688,-0.60459606047901,0.840059933835869,1.30191264926712,1.65260495460244,0.901616117499151,0.192858778449801,1.93906490488631,-1.53132605282344,-0.241630836284479,2.46468126421029,0.24829793284715,-2.02758576808785,-0.555741631434482,0.679091210687392,0.252421003069066,"Male",0
-1.51616256310542,1.66020908022231,-0.23275648343281,-0.0590146455809459,-0.457550572355033,0.0951510346914983,0.445859117909261,-0.749210435636017,-0.637890013860667,-0.408113992179193,-0.205496841575044,-0.76213734373751,-0.495346035019633,-0.695188451283163,-0.350003531611403,-0.729109981122807,-0.688163681552377,0.385782900295171,0.0775580486229168,0.0755209391462017,-0.0788624669792018,-0.236668774995981,0.213511395665319,0.701519668853673,-0.577476313850285,-0.0543277469032874,1.13976089185697,-0.0643835757185957,0.334458742485167,-0.0257985006590229,0.270107759201811,-0.145821688074283,-0.831082499679774,"Male",1
-1.19038182628775,-1.68127909458243,-0.256871871968518,2.11667133904925,-0.822924273849349,-0.680220580804325,-0.342600823268373,-0.764056220083967,-1.21220386063024,-0.0070665112750922,-0.156366019875987,4.80776031501799,6.11782544863169,-0.695188451283163,-0.350003531611403,0.158801637218682,0.51009768630475,-2.33936765965178,-1.5497525799264,0.411042042442656,0.716742523019861,1.33378834681888,0.670568050686276,-0.752507890918625,-0.577476313850285,1.42267055901686,0.69963658186434,1.26263152661823,-1.26867745417954,-2.2008280515194,-1.23579060546516,0.691358993502529,1.42220202598942,"Female",1
0.104445041002343,0.323613810300411,2.39946092560624,1.06679964580715,0.74388513273637,-0.148643694411515,-0.736830793857191,-0.202637735355725,0.277320898855296,0.844850551818817,0.0760029925488006,0.766320900510827,3.37611477103456,3.06973874075546,-0.350003531611403,1.86988131839762,3.69609991698738,-2.07288873302161,-1.78415201466666,-0.232613589027502,0.079919494803282,1.53991193304475,1.29462264416886,1.5934826610187,1.22005312810443,-0.0543277469032874,0.996661352280012,1.83856915814041,-0.794469097658651,-1.73053820611818,-0.905423600417314,2.20120202292335,0.348586440876871,"Male",0
0.754850832500685,-0.344683824660537,-0.0552178983776118,1.08849056775658,0.373000196358382,-0.680220580804325,0.445859117909261,-0.0332309612097743,0.277320898855296,0.171446769701154,0.0760029925488006,-0.76213734373751,-0.495346035019633,0.535745598732004,-0.350003531611403,1.18279166450142,0.601918480776558,-0.233399826447722,-0.94400094036002,2.47128307326579,1.83868827454719,-1.49209877514055,-0.774286919521121,0.020032122564857,-0.217970425459342,-0.0543277469032874,0.814380848667773,-1.40414096500938,-0.7054408029318,1.28238093969476,1.15797009707069,-0.517084214503857,0.203300786360012,"Female",0
1.80024903687815,-0.010535007180063,-0.75229902072254,-0.408818655283456,0.780534018610915,-0.275199923062399,-1.13106076444601,1.99715385323476,0.277320898855296,-0.188953171122518,0.0760029925488006,0.327793883358792,-0.495346035019633,-0.695188451283163,3.53060675759776,1.35587468255931,-0.688163681552377,0.114476650325522,0.360468238127941,-0.781470922570412,-0.996465930427838,0.3876263539465,-1.37239538363941,-0.403823205237433,-0.577476313850285,-1.90057562930347,-1.27090508710676,-1.40462900857085,0.336320410074589,0.560100404908311,-0.794233627588539,-0.763856890541028,-0.184297245487865,"Male",1
0.915681366066877,0.323613810300411,1.78555290127785,1.74587778290785,0.15143759095216,-0.656127370818105,0.840089088498078,-0.258387872073399,0.05613552414219,0.986679286276327,-2.48013735368703,-0.76213734373751,0.421202022640522,-0.695188451283163,-0.350003531611403,0.501485159463925,0.972558608794619,-0.695711963447843,-1.74811677593682,0.0500726443760432,1.40701821771607,0.581884442965968,1.65863696838491,-0.575099574574196,-0.577476313850285,-0.0543277469032874,0.589743203284506,-0.268423880000542,-0.929580304987036,-0.295051351217314,-0.321391742689014,0.651369108574162,-0.930526386343028,"Female",1
1.89154876719877,-0.010535007180063,-0.969016473458037,1.03274394203533,0.837877370717518,0.00538485772973384,0.0516291473204437,0.270205723435876,0.277320898855296,-0.841555223643727,0.0760029925488006,1.17172745293912,-0.495346035019633,-0.298227429387826,-0.350003531611403,-0.729109981122807,-0.688163681552377,-0.602534906158828,0.120066455296331,0.715829386626831,0.0243763264038071,0.158279296506412,-0.571010833159938,-0.572376495417406,0.1415354629316,-0.0543277469032874,-1.12847746029166,-0.696382925859199,-0.501077861221908,0.346389766218854,0.0310490442833909,-0.342327424831911,-0.168935297046163,"Female",0
0.656954520423591,0.657762627780885,0.10478036389177,-1.05381519753495,-0.97368306203543,1.85718303090576,0.840089088498078,0.0904809352081754,-0.309714805794681,1.22739495367232,-0.97758318117477,-0.21335009194569,-0.495346035019633,-0.695188451283163,-0.350003531611403,-0.379175668704912,-0.215917616520332,-0.0223880243174312,-0.398644539672988,0.357040174989256,0.621886349863551,-0.133341784693318,-1.01960833490964,-0.844572432581477,-0.577476313850285,0.314921829576749,-0.556845584339852,0.0161958525393675,0.557851080495465,-0.0887061565363993,0.717501802553833,-0.471756659333543,-1.11198445670818,"Male",1
0.0493401343390392,-0.678832642141011,1.29304600080805,-0.109711665328177,0.325074250220789,-0.680220580804325,0.840089088498078,-0.744011085190734,0.872876472867015,0.714174965062499,0.92437911007812,0.017315466078371,0.985372042196315,1.22477441955724,-0.350003531611403,-0.729109981122807,-0.688163681552377,-0.948627231451744,-1.13834264904439,1.98149754422792,2.13607209684976,-0.321186911700933,-0.325805518458517,0.0252159187768377,0.501041351322542,0.314921829576749,0.474893322805938,0.610223349700671,-0.499371668781659,-0.316417624583034,-0.679442457769071,1.53398304683235,-0.285481665621703,"Female",0
0.513463708373214,-0.010535007180063,-0.301516120667253,-1.13176747430936,0.855699866726829,1.87365967773505,0.0516291473204437,-0.0265448184880928,-0.537585808208096,-0.710318253841833,-0.158321927598965,-0.76213734373751,2.03726205616404,0.125783747321497,-0.350003531611403,0.120985980560186,-0.114549636632704,0.439571917467015,0.861003520453707,-0.0659073469276671,-0.207258556461462,-0.418940536460917,-0.318391488051963,-0.0704976981995239,0.860547239713484,-0.0543277469032874,-0.169737120472231,-0.234995615327016,2.07787336873751,0.418590814304035,0.285727934753701,0.333351215858399,0.520104227459273,"Male",0
0.648458396910368,-0.678832642141011,0.779425861406325,0.76894816236814,0.120632781127325,-0.680220580804325,-0.342600823268373,-0.00218966366878875,0.0179118765959643,0.411689959239372,-1.61443324205887,0.935412810395114,-0.495346035019633,-0.695188451283163,-0.350003531611403,-0.729109981122807,0.772623495748492,-0.872901428282873,-1.73203426962898,-0.404320861976801,-0.139482044579456,1.06634015618107,1.29270287259085,-0.269042489212527,-0.577476313850285,-0.0543277469032874,0.742995364168404,-0.524302172643654,-0.316829378347886,-0.603425660683715,-0.259786510620634,0.107863293141495,0.824672501178147,"Male",1
2.60011235196046,2.66265553266373,0.130377495701333,0.162794702991362,1.71535354207535,-0.319672779598767,0.840089088498078,2.4684397238189,0.277320898855296,0.341444507321467,0.0760029925488006,-0.76213734373751,-0.495346035019633,2.93209624126157,2.64599451962753,-0.729109981122807,-0.326108365027803,1.12262555836936,1.18554451162954,-0.259921070630803,-0.293758770810983,-0.783992813802839,-0.102640191548158,0.178200394217266,3.01758257005914,-2.26982520578351,-1.04682786883524,0.0461261335735266,-0.642393899514511,0.988537786424833,3.73635140663431,-0.427675840737549,-1.55074220579542,"Female",0
-2.23779415979594,-0.010535007180063,-0.956255174984461,-0.949899848098634,-1.33278292184224,0.271022268530178,0.445859117909261,-0.152020605742823,0.0242255353387832,-0.070356598250896,-1.23636788378766,-0.141049549249311,-0.495346035019633,-0.18523005913402,-0.350003531611403,-0.729109981122807,-0.153701071444685,0.202084369254068,0.23740837603995,0.902713881724645,0.774247530153354,-0.717728905475951,-0.458950695156718,-0.989568704790263,0.1415354629316,-0.0543277469032874,0.427716731247528,0.194420156384495,0.409000153018782,-0.132466831149266,0.237022962303712,-0.906742338303989,0.287982346165845,"Male",0
0.317993851097305,0.991911445261359,-1.04547653604999,0.56680840793322,0.135148916191209,-0.465721451478185,1.2343190590869,0.0498953033774415,-0.187225668753398,-0.558613337432284,-0.40710322260996,0.106420504270406,0.329648942519096,-0.695188451283163,-0.350003531611403,-0.729109981122807,0.0592535090532768,-0.775849618583734,-0.180870838090559,1.33145185698353,0.865722788463765,-0.105249901799876,0.048698195339307,-0.469137280875796,-0.577476313850285,-0.0543277469032874,-0.705660115468902,-0.420372437255692,0.0368231960903294,0.507387887760627,0.782916473473795,-0.40389639174278,0.517508729387616,"Female",1
-0.191067478914158,-0.678832642141011,-0.105674357820848,-0.589871447599824,2.22677145587421,-0.680220580804325,-2.31375067621246,-0.743057718318775,-1.06851980022971,-2.60247405651025,0.244325257135744,-0.133061281796089,-0.495346035019633,-0.695188451283163,-0.350003531611403,0.0731509987934509,-0.146826954272884,-0.00915454820714313,0.779529100598846,-0.778429036335207,-1.82971865435133,0.580058171512602,0.928339574617388,2.58530504408615,-0.577476313850285,-0.0543277469032874,1.39303861650598,-0.0855767268613486,-0.480450463086604,-0.113850055952745,-1.12206872967914,1.37078812592341,-0.534995232965399,"Male",1
-1.35656303851005,0.657762627780885,-1.05006254621748,1.31968781071016,-0.574613041707251,-0.680220580804325,1.2343190590869,-0.569935667200151,1.15149896363273,-0.798177329804057,0.272264608510013,0.381971751372343,-0.495346035019633,-0.695188451283163,-0.350003531611403,0.000431436286432666,-0.195895488032128,0.63988262571237,1.25764204470391,-0.1450566075579,-0.54189914305444,-0.534483485481881,-1.00109217255672,-0.956718575870812,-0.577476313850285,0.684171406056786,-0.0866677597295618,0.403264148620217,-1.08675685555414,-0.210098182977153,-0.298252378674123,-0.720553218840293,-0.866014886874438,"Female",1
-3.13905665522086,-2.01542791206291,-0.379800753948839,-0.544049240309564,-0.346774537736998,0.87807923796546,-0.736830793857191,-1.98807072086303,-1.91407416614698,-1.80485401965979,0.0990690997520336,-0.76213734373751,1.45051908215944,-0.695188451283163,-0.350003531611403,-0.729109981122807,-0.688163681552377,0.525694025554617,0.581999657773035,-0.891144913571267,-0.313848686161661,0.192334048821826,1.69906840344297,-0.21301729931031,-2.01549986741405,1.42267055901686,2.16313648784523,0.546075996203195,-0.522337482085628,-0.888501855057419,-0.93575652509396,0.0235205851469375,-0.425378042310297,"Female",0
0.23666602081051,-0.010535007180063,-0.164074219651496,1.79633358827752,-0.236793557733407,-0.680220580804325,0.0516291473204437,0.226557706104062,-0.673295629455935,0.668437074740733,-0.444883651856312,-0.140062128272381,0.686403527400707,0.837118959149083,-0.350003531611403,-0.729109981122807,-0.688163681552377,1.7940355380041,0.965570121885669,-0.587452744716262,0.0840426088082328,-1.30487898590767,0.265690044507344,-0.533474647192634,0.1415354629316,-0.0543277469032874,-0.837667937310229,-0.624759450370202,-0.927834897506431,1.54486896575203,-0.636665577391902,-0.878324637658959,-0.578861222948566,"Male",0
-0.781956882772768,0.991911445261359,1.23011230783788,-1.05488801114182,-0.0578539499402414,1.30782991985507,0.445859117909261,-0.830032657610571,-0.33016307417146,0.644371518034715,-0.730361647837744,-0.76213734373751,-0.495346035019633,0.00424649876173611,-0.350003531611403,-0.729109981122807,-0.688163681552377,-0.887817295929254,-1.03713472804047,0.503010793270192,1.57425210368313,0.75149244634153,2.1543145076586,0.281630293759921,0.1415354629316,-0.0543277469032874,1.18279995933402,2.10560624470004,1.40727108920228,-1.46379946937396,-1.02292441187774,0.589756407787189,-0.391384530217742,"Female",0
-0.497482989854123,-2.01542791206291,-0.291369700508449,1.28525006238737,-0.386456850573203,-0.680220580804325,-0.736830793857191,-0.968692935783999,-2.35510965092732,0.271346350817068,-0.0788154510948863,2.92923351029619,-0.495346035019633,-0.695188451283163,-0.350003531611403,0.840092312927267,2.4883593785217,-1.85540464099013,-1.07246600505297,1.73531687554378,0.911777193953024,0.162540602646508,-1.29839885486496,-0.885721727777323,-0.577476313850285,1.42267055901686,-0.105835100435515,1.65207529639423,-0.913643633981692,-1.59810882837711,-1.1224832233301,0.778679074093933,1.39356011488276,"Male",1
-0.235749070352232,0.657762627780885,0.0896063190194935,0.843619924767615,0.612778433940775,-0.432404706660343,0.0516291473204437,-0.470288958188824,0.0499681245937935,-0.438905326892683,-1.02729507701025,-0.76213734373751,-0.495346035019633,1.13717155092573,-0.350003531611403,-0.729109981122807,-0.688163681552377,0.757075159462205,1.13558207886234,-0.466813870356532,-0.653080292436773,-0.241482419919117,-0.29994213121546,0.820969613892209,0.1415354629316,-0.0543277469032874,0.515900958737468,0.78761998891679,-0.396155356270858,-0.300763831795595,-0.0317245645255905,0.334576783031451,-0.845790438590814,"Male",0
0.878758414855163,-0.010535007180063,0.77487643781812,-0.0215238599333278,0.363839479181125,-0.680220580804325,1.2343190590869,-0.251438472919245,1.26728413777543,-0.286656706270262,0.363316919378985,-0.76213734373751,-0.495346035019633,-0.695188451283163,-0.350003531611403,0.923228858307388,-0.688163681552377,-0.844170293228918,-0.54776144412235,-2.73572742485283,-2.47916903273296,2.79506152489383,0.0847397323116616,0.765836573775037,-0.577476313850285,-0.0543277469032874,0.231211796316039,-0.231642165200912,-0.74638170684707,-1.72674784192567,-0.945417353843714,0.667088335060692,1.23587561502676,"Female",1
0.218486541858695,-0.010535007180063,-1.24452170451441,0.109331283505147,-0.127000445746718,-0.465908950717106,0.445859117909261,-0.0408221212368458,0.277320898855296,-0.679044699030332,0.0760029925488006,1.03274940180182,2.91438091343179,0.778544516854272,-0.350003531611403,0.033896638919876,1.37123353170666,-0.933147940836227,0.948763961530419,-0.0129534484296812,-0.594215949461801,0.593484537866942,-1.20035325916202,-1.0775434870758,-0.217970425459342,0.684171406056786,-1.55921189800167,1.10984753698543,-0.405162381723961,-0.916653124229974,-0.734651919120057,0.166697233461779,-0.0319257686561887,"Female",0
0.436799659896881,-1.68127909458243,-0.560452763119918,0.571191077332166,1.40113048527786,-0.680220580804325,-3.49644058797891,-0.47439348619575,4.16003386189273,-1.08176026883442,0.104075493474553,-0.76213734373751,-0.495346035019633,-0.695188451283163,-0.350003531611403,-0.729109981122807,-0.688163681552377,-1.48851661425957,0.740900316419569,-0.315478218703732,-1.23364037085182,1.90934407025722,0.0221061496729377,1.5844153636833,-1.29648809063217,-0.0543277469032874,-0.898043695197841,1.05445453461021,-0.807820870567411,-1.14176225630957,-1.25470238034121,1.6062965783359,0.39010557404268,"Male",0
0.257054909836494,-0.678832642141011,-0.492629405790698,-1.12525006657816,0.763021863751367,-0.680220580804325,-0.736830793857191,-0.0685465186526505,0.0214274054282925,-1.05232543595433,-0.375325426969334,-0.76213734373751,2.6857686929222,-0.695188451283163,-0.350003531611403,0.694588533878405,-0.2078335184028,-0.143679473388345,0.312005961075792,-0.0903143239051865,-0.123560004485255,0.125494107948263,0.332414897895881,0.244328317608086,-0.577476313850285,-0.0543277469032874,0.339388592453287,-0.718306784944513,0.274163934567457,0.299849103556242,-0.152865085238846,-0.221246633215691,-0.38101956900196,"Female",1
-0.803437216561379,-0.678832642141011,-1.47909451742686,-1.47784997184371,-0.130738868956558,-0.50409090780161,-0.736830793857191,-0.880850941576092,-0.580376759782889,-0.908598991838521,-0.0956239300205981,-0.76213734373751,-0.495346035019633,-0.695188451283163,-0.350003531611403,-0.729109981122807,-0.688163681552377,2.06886933631921,2.96623199820129,0.772992605908819,0.802681102261254,-2.39863013101172,0.451060625744581,-0.908526555520468,-0.577476313850285,-0.0543277469032874,-1.09837341936884,1.17676089940181,1.98787073883598,1.4699517853272,1.73459186640348,-0.944492777075176,-2.83695623672255,"Male",1
0.572314471616457,-1.34713027710196,-0.093656339091421,-0.619946618262101,-1.66157590049453,-0.680220580804325,-0.736830793857191,0.032663012396648,0.277320898855296,1.41107128391463,0.0760029925488006,-0.76213734373751,-0.495346035019633,-0.695188451283163,-0.350003531611403,0.196690259151621,-0.0634671242836426,0.397188374014571,-0.252701718748181,-0.990584678300741,-0.463788434936743,0.352769419833566,-0.878624419702982,-0.90261476259734,-0.577476313850285,1.7919201354969,-1.1666176111194,-1.15140638433189,-0.286596232234342,0.424879169892158,-0.87160897666722,-0.777879024514161,-1.29268550550317,"Female",1
-0.926477508353344,-0.678832642141011,-0.104849330910286,1.13203104376008,-1.07718927168725,-0.277354962555862,0.0516291473204437,-0.34382992872557,1.12666435951973,0.12396999595951,0.517557549663231,-0.76213734373751,-0.495346035019633,-0.0106562345488894,-0.350003531611403,-0.729109981122807,0.268402921765376,-0.497190856815051,-0.602720617500458,-0.295787613632153,-0.155847660570711,0.807724143027246,0.0418096308780333,-0.831112646466772,0.1415354629316,1.05342098253682,0.523719472211897,-0.207552433438394,-0.904807179984307,-0.813143121532663,-1.00962650318035,-0.091470573006088,1.84131989952259,"Male",0
-1.54284108992628,-0.678832642141011,0.446740089293843,0.765269750427279,-1.60343331685423,-0.680220580804325,0.0516291473204437,-0.36757820369842,1.47799920469418,1.07503280727536,0.563123732493283,-0.76213734373751,-0.495346035019633,0.272503678397444,-0.350003531611403,1.27493150284476,-0.688163681552377,0.907274138429185,0.34603510456119,-1.54404544919392,-0.534590078842184,0.206170216596563,0.37914272476291,0.0406588322859692,0.1415354629316,2.53041928845697,0.225436589235464,0.775399840045247,-0.573281313067866,-0.499833151267455,-0.673327254565981,-0.0132200180980472,-0.455216393809874,"Female",0
-0.770097774151522,-0.010535007180063,0.376250579909185,-0.254386039579349,-0.357096919260969,1.94951750719661,0.0516291473204437,-0.863579547593956,-1.00626649930091,0.294147412224132,-0.245424016937381,-0.76213734373751,-0.495346035019633,-0.695188451283163,-0.350003531611403,2.3952588082828,-0.688163681552377,-0.410294681296658,-0.233553590407415,-0.716194360553978,0.316530182039073,0.893085205746525,1.64632155920947,0.69246581141721,-0.577476313850285,0.684171406056786,0.106874377327251,1.32536837390508,0.25364669901435,-0.771169228468135,-0.76056794361563,0.597113554649288,0.577838486565202,"Female",1
-1.95660193059676,-0.678832642141011,-0.420991288334649,0.366080843151675,-1.40577880896645,0.0358206131786758,-0.736830793857191,-1.00869136662695,0.892483240735714,-0.210047883220654,0.565846539471707,-0.76213734373751,1.03411996243386,-0.695188451283163,-0.350003531611403,-0.729109981122807,-0.688163681552377,-0.0542743827028612,-0.26348153880799,-0.589039875994481,-0.443037281931621,0.587894711981802,0.365903517202225,-0.0218171796026417,-0.577476313850285,1.7919201354969,0.82259775462388,-0.547570287574947,0.434886347217479,-0.354158206539738,0.0622808507202584,-0.401730518093454,-1.70286270745841,"Female",1
-1.2743730394241,-0.010535007180063,1.40810227387977,0.171699561932672,2.25436814480625,-0.359554001256782,0.0516291473204437,-1.19210106314141,0.838238156179653,-1.9676256200749,-0.0781393626514808,-0.76213734373751,-0.495346035019633,0.661032976242928,1.39250940625737,-0.729109981122807,-0.0564348928697326,-0.754343631776516,0.102083520996605,-0.867554020185314,-1.08299204643166,1.48525578489367,2.69911796008268,2.22721699632199,0.860547239713484,-1.53132605282344,3.4898393439108,2.1703578375575,-0.135725051574349,-2.42812428782651,-1.220162070681,2.37748860097972,0.952374185906553,"Female",0
-2.14346120034998,-1.01298145962149,-0.707183527176429,-1.3571030959602,-0.28826697036823,0.369973170370744,0.0516291473204437,-1.13279368870577,-0.23125316847816,-1.13252380693021,-0.116293334516637,-0.76213734373751,-0.495346035019633,-0.695188451283163,-0.350003531611403,-0.729109981122807,-0.279036774665565,0.333698365590336,0.712858195577266,0.907205477016794,0.165001931189763,-0.788377473840615,-0.475867615899412,0.708666480820443,-1.29648809063217,-0.0543277469032874,1.56859397294878,0.528039505982402,2.11970740379965,-0.299730626397618,0.775798347742389,-0.573111805626636,-0.142048312168823,"Male",0
-0.169540636591802,-0.678832642141011,0.717262213622662,0.298254907266764,0.860994209498422,1.79626936687022,-0.736830793857191,-0.556326832686555,0.277320898855296,0.089591583599988,0.0760029925488006,0.017315466078371,-0.495346035019633,-0.695188451283163,-0.350003531611403,0.264926531841184,-0.688163681552377,0.324968853836483,-0.362462175367583,-0.338071422929289,0.234905871841958,-0.0262512180361739,1.5117207287484,-0.188411051432765,-0.577476313850285,-0.0543277469032874,0.417219481896888,0.29139431019835,-0.336243813232249,0.0522642413658734,-0.946244810811157,0.925714166040737,-0.0444613530927888,"Female",1
-0.287420364761651,-0.010535007180063,2.52062698303947,-0.852170375225506,1.36200557556693,0.626415830541399,0.445859117909261,-1.15618501345818,-1.11323211581392,0.330735862733558,-0.226504413692611,-0.76213734373751,-0.495346035019633,-0.695188451283163,-0.350003531611403,1.75763252473063,0.989800326925288,-1.15183410322488,-1.5088835729349,0.746898613065202,1.12246462371618,0.523119586774596,1.06318311009115,0.774684624894253,-0.577476313850285,-0.0543277469032874,2.17119403233361,2.28365967995988,-0.273449865577122,-1.94180246217174,-1.07560713639829,2.16000533295953,1.92495897626582,"Female",1
0.080135866290076,0.991911445261359,0.826559931597169,1.88086717893848,1.0312659489449,-0.628100575528012,-0.736830793857191,0.0669075739360754,1.13396530617301,-0.41090602229146,0.376029094969516,1.48018535269557,0.569583011917886,-0.00477200345948089,0.980597322090664,-0.014201199592848,1.72380941563855,-1.71300945323703,-1.2067046105503,0.88153002541841,0.50348971377031,0.80437633565961,-0.0700316191715319,0.0998935416008257,0.1415354629316,-2.63907478226355,1.6467133969781,1.32161798511907,-0.76598201003212,-1.99146399620262,-0.580902858328806,0.998133733321314,-0.61578011044571,"Male",0
2.16005273748716,0.991911445261359,3.56318767501994,0.582624336190401,0.348587936533734,-0.35280003483774,0.0516291473204437,1.21548218740473,-0.289061316862479,3.0347885342359,-1.72009604042281,-0.232657897827396,-0.495346035019633,5.82593036577968,-0.350003531611403,1.9718715047117,0.22309868480176,1.07725710739974,-0.799616752129669,-1.24570609997434,0.272935907524882,-0.346241590233573,-0.0427367005175879,0.714661553350462,2.65807668166819,-0.0543277469032874,-0.622782688541567,-0.083089595468784,-0.903610867281846,0.644075964616065,0.102726630185107,1.21683927959532,-1.37907275274732,"Female",0
0.806589541242388,1.66020908022231,2.00253763401461,-0.309169854751904,1.61589745061605,-0.680220580804325,0.840089088498078,-0.680832436236551,-0.832908431159122,0.140953142193995,-0.26516855689162,-0.243191308555052,-0.495346035019633,-0.0560496176214344,-0.350003531611403,-0.729109981122807,-0.688163681552377,1.01153095490392,-0.140451283861254,-2.27848007814734,-1.53668023103695,0.68809641843214,1.24800762221082,1.51607151193724,-0.217970425459342,-0.0543277469032874,0.0265059814148781,-0.865040538652046,-0.607047287394881,0.595996648441716,-0.394277629206348,1.94327065869098,-0.974171203267456,"Male",0
-0.583999925708349,0.657762627780885,1.77412704770635,0.573440118027774,1.30410810044893,-0.680220580804325,0.840089088498078,-1.19187947260031,-0.296240536451912,-0.263465775673635,-0.428820182680951,0.645363773268143,-0.495346035019633,-0.695188451283163,-0.350003531611403,-0.130781048859127,0.119297815732634,-1.17299252594543,-0.742029601338971,-0.081268623607728,0.160770102041841,1.19718573346209,1.29371307099572,1.44580965592608,-0.577476313850285,-0.0543277469032874,2.28491144265427,2.62248350549075,-1.07216251342354,-2.48839145896369,-1.22217412755441,1.76710951824486,1.85183069258925,"Female",1
-0.839200737008713,-0.010535007180063,-0.241312486886726,-0.265148319038829,-0.616866523636941,0.80182392156049,1.2343190590869,-0.214685999651012,0.179857525374,0.238289952387605,-4.03072116882052,0.194550457063395,0.716260280811479,0.48307727140862,-0.350003531611403,0.0842662690938362,-0.41374522648486,0.0153327420724731,-0.095456853436016,0.545708929267935,0.483625112929406,-0.398292711538854,0.0349527551856315,0.112790789205064,0.1415354629316,-0.0543277469032874,0.391461319860897,0.324802871794821,1.68405653930295,0.00152165773741345,1.75207585802892,-0.263445490727612,0.177380504815528,"Female",0
1.04914803117284,-1.01298145962149,-0.912601823571091,-0.719361968649016,0.721174332953386,-0.514384200379691,-0.736830793857191,0.328406696104599,0.277320898855296,-0.438988842668944,0.0760029925488006,-0.76213734373751,-0.495346035019633,-0.695188451283163,-0.350003531611403,-0.729109981122807,-0.688163681552377,0.919277609317348,1.33825924966708,-0.549879823091741,-1.05202336718566,-0.347922437032117,-0.448164782957032,0.176289135278658,-0.577476313850285,-0.0543277469032874,-1.35229467932741,-0.8688380692797,0.132020757226589,1.18411078010773,-0.151698899479524,-0.710940791808116,-1.38130706961969,"Male",1
-0.107343834725127,-0.678832642141011,-0.478232938433081,0.199994775215046,-0.519983997135319,-0.506092381358459,0.445859117909261,-0.76379587449212,1.28057223494215,0.0417120030250507,0.431728366779632,0.550900611052997,1.99901797425018,-0.695188451283163,-0.350003531611403,0.108148961004566,2.13659675777524,-1.37206341055635,-0.673269999344661,0.263874886221126,-0.738145064447416,0.84755900637105,-0.849607595991542,0.261782697868013,-1.65599397902311,-0.0543277469032874,-0.18893645678482,0.186544491838529,-0.207949372852265,-0.771238668104735,-0.642137619916785,0.256633541773477,-0.465759061079082,"Female",0
-0.948885765626314,-0.010535007180063,-0.291369700508449,-0.58839043465125,0.137941972533264,-0.129175877716992,-0.736830793857191,-0.983633911482921,-0.0796568899851588,-0.954093730910155,-0.308239363872442,2.15790228706527,-0.495346035019633,-0.695188451283163,-0.350003531611403,-0.729109981122807,-0.185609286973502,0.32623611362284,-0.2080098497308,0.0164995050105369,-0.0207214103265128,-0.431531012017301,1.36217813706684,-0.616940376748748,-0.577476313850285,-0.0543277469032874,1.08916276866712,-0.21220601488335,0.390638514396414,-0.0117048137334696,0.415896035906012,0.11049458469308,-0.775898128707427,"Male",1
-0.154488097108051,1.66020908022231,0.204191606467672,-0.842326902919337,0.807874543930637,2.32231431774872,0.840089088498078,-0.00790112353305737,0.808349137139274,-0.833464111919977,0.384427032653247,-0.76213734373751,-0.495346035019633,0.160780785983148,-0.350003531611403,1.48672629555535,-0.688163681552377,1.29282531323983,0.868369526324424,-2.44751957778629,-1.50931026477807,0.417985848087655,1.61238356700804,0.388343823733484,0.501041351322542,-0.0543277469032874,0.0730203603082333,-0.49091393948128,0.590622255308923,0.421600959652168,-0.131520945879152,-0.0366051954034483,1.38556702341113,"Male",0
0.0298413213884668,-0.678832642141011,-0.30465775298309,-0.629565353757626,0.921436681841742,-0.680220580804325,-0.736830793857191,-0.636559948047173,-0.58925561753277,-1.1945689464552,-0.0210538711169806,2.47832071446186,-0.495346035019633,-0.695188451283163,-0.350003531611403,0.820599116727894,1.75177432111323,-0.285156488502582,-0.496193126575853,0.661632386587394,-0.226138489502089,-0.573921086741475,-0.215477855582738,-0.676258977190927,-0.577476313850285,-0.0543277469032874,0.73675405388989,-0.722898842385779,-0.0324481684761792,0.306066975171282,-0.145078193979013,0.370128761582963,0.448698867589034,"Male",1
-1.13277151292496,0.991911445261359,-0.697129874287649,-0.512079370205135,-0.640267502657144,-0.680220580804325,1.2343190590869,-0.241064290954444,0.769856151168113,0.00218284531863799,0.782876635982727,-0.76213734373751,0.729234648279218,-0.695188451283163,-0.350003531611403,0.092976228939666,-0.688163681552377,1.74710541948127,1.44350508039209,-0.922740371817352,-0.727592722696768,-1.03420461373836,-0.171098331600119,-0.130693056186675,-0.577476313850285,-0.0543277469032874,-0.508412409595662,-0.583378328662094,-0.401551874232128,1.18488287320809,-0.922377653416217,-0.983101888418153,-0.139809370860907,"Female",1
0.265071264202911,-0.010535007180063,0.678580874021263,0.10404004276693,-1.44766831933342,-0.680220580804325,0.0516291473204437,1.34984949296792,-0.0282691162934715,2.00342845468984,-2.50823660965736,-0.76213734373751,-0.495346035019633,0.94675594592618,-0.350003531611403,0.971081942243203,-0.114549636632704,0.886412600515766,-0.631938549423562,0.016746232112147,1.06516111683463,-0.867345513086953,-0.235683859961059,-1.16665516714557,1.22005312810443,1.05342098253682,-0.169737120472231,-0.897173036381479,-0.0357446787483677,0.852121747815506,0.0162023634972635,-0.959987671430371,-0.00307402669893475,"Male",0
0.00408394726291523,0.323613810300411,0.231025988810518,0.295011058159225,0.0115918712934864,0.210667881476851,-0.342600823268373,-0.507611483149659,0.505106726020158,0.260259480703724,1.85443926853634,2.2190840698059,-0.495346035019633,-0.695188451283163,-0.350003531611403,0.221378265558954,-0.046808549423133,0.302700360623629,0.247712397145393,-1.03799215413022,-0.903117273032276,0.225801762073519,-0.17125067921976,0.349522004980755,-0.577476313850285,-0.0543277469032874,-0.0257156162846257,0.765430193692411,0.945272163826916,-0.516822553145261,-0.517395317173614,0.282719356009606,0.509127089117999,"Male",1
-0.661785352567914,-1.68127909458243,0.426185133122133,-0.185913747060691,1.13814461843675,-0.520603064645615,-1.52529073503483,-1.122880183882,-0.443086084648034,-1.44032757671046,0.0345227299868673,-0.76213734373751,-0.495346035019633,-0.695188451283163,-0.350003531611403,2.27695224482854,7.4253650983959,-1.26535409232818,-0.436077340791739,-0.569795431194493,-1.20117673499997,0.866847227840246,0.964074986080521,-1.25139826464441,-0.577476313850285,0.684171406056786,1.62072661990263,1.32635398059659,-0.606538401549663,-1.93995041981587,-1.02700461083357,1.73315919127217,1.00764804944571,"Female",1
-0.115567806837856,1.32606026274183,-1.13938204416229,0.181524025527032,0.395001330719842,-0.680220580804325,2.81123894144216,0.0154484056253495,0.277320898855296,-0.965524321887016,0.0760029925488006,-0.343202321759387,-0.495346035019633,-0.695188451283163,0.147191005799737,-0.461975971750273,-0.507911302340475,0.40503625172014,1.2702927186493,0.850273063992255,0.207647739577628,-0.85183257325052,-0.58342781661308,0.0544924200475344,-0.577476313850285,-1.53132605282344,-0.752312152811282,0.05839260467035,-0.701640811539625,0.758740011796342,3.67665609716431,-0.673327008143595,0.830571599736546,"Female",1
0.158857060585141,-1.34713027710196,0.266629829769458,0.24306493854091,-0.576615804489538,2.01224232742323,-1.91952070562364,-0.316227666072174,0.277320898855296,0.759401423252076,0.0760029925488006,0.449272286378802,-0.495346035019633,-0.695188451283163,-0.350003531611403,-0.729109981122807,-0.166938535472115,1.21791166762275,0.135524576022893,-1.79318802345632,-0.827382592286105,0.0427395874994422,0.627240928479666,-1.316401137168,-0.577476313850285,-0.0543277469032874,-0.579663037593,-0.646761196130233,-0.0612088174443969,0.386774548918975,1.20613065657366,-0.467322044859046,-0.864531199461332,"Female",1
-0.956877879649096,1.66020908022231,-0.388863563773475,-0.253320117541375,-0.178120300950414,-0.0843151871451389,1.62854902967571,-0.693568496303293,0.277320898855296,-0.145030957137391,0.0760029925488006,1.78603038039286,0.580371005157511,-0.346483183134881,-0.350003531611403,0.35411649393056,0.0427584118655289,-0.35868697642733,-0.198387596183757,1.8479237162229,1.42730660995797,-1.09625268458454,0.312269137723703,-0.0350695503850603,0.860547239713484,-0.0543277469032874,0.998298035310511,1.16489491625267,-0.381173647000761,-0.272800052164331,1.30422435705682,-0.224567773131824,1.55264130268533,"Female",0
0.654778616502935,2.66265553266373,-0.628744639362538,0.876886392460926,2.61096154237366,-0.629142975633538,0.445859117909261,3.51133414036276,1.01734292398866,-1.85729510983363,-0.00793725096005546,2.62771064350632,0.424605047607084,1.69050798723636,5.39726995777018,-0.729109981122807,-0.271441596938709,0.01602722918736,0.848890816641445,1.13031908041342,-0.202534225991302,-0.947398010461094,0.354529238519344,0.491599551759192,3.73659434684102,-3.74682351170366,1.29003597525812,0.816312276224801,-0.94306239844533,-0.215121369334695,0.290389627032065,-0.228822050110255,-0.0576300478544692,"Male",0
1.58203170243545,1.66020908022231,0.904555022209189,1.16297723739975,1.65580118573091,-0.548690267059809,0.840089088498078,2.49614179282259,0.277320898855296,0.609630260533449,0.0760029925488006,-0.76213734373751,1.11706280394436,4.00892882119893,3.67932139630209,-0.187888365604455,-0.688163681552377,1.08293526534903,0.802620813575521,-0.351698680961216,-0.139482044579456,-0.753602873273055,-0.392308066736241,0.196210174758064,3.73659434684102,-3.37757393522362,0.428979440780729,0.864436897466232,1.09667682347699,-0.101586461371482,3.69533232315683,-0.155966637273583,-0.475324584826533,"Male",0
1.29112082955943,-0.010535007180063,0.0111707799409517,-0.0483876140672599,0.512460639094275,0.648627683801526,0.445859117909261,0.116099119654762,0.0966750389435887,-0.321237041708639,-1.4562788551514,1.60212435129315,1.75033515761603,-0.695188451283163,-0.350003531611403,0.0246760151127114,-0.688163681552377,-1.05113450022659,-0.684622515551742,-0.181272765406201,-0.241322157987262,1.03151747988739,-0.490303415926717,-0.520468683374881,-0.577476313850285,-0.0543277469032874,0.0215176912489851,-0.180863464325583,1.57642348787775,-0.913019511135552,0.225333121458453,0.151228258523299,-0.32552453979732,"Male",1
1.6654556106525,-0.344683824660537,0.735132353157523,-1.08707690875569,1.21746522932975,1.30613073139296,-2.31375067621246,1.33102349874352,0.277320898855296,0.499048609650287,0.0760029925488006,-0.76213734373751,-0.495346035019633,4.78106928259119,-0.350003531611403,3.24025854905387,-0.688163681552377,1.85937010484166,1.69329044899229,-1.37089465054039,-0.815995695617887,-0.996261943866938,-0.758151706048952,0.722659424927057,1.57955901649537,-0.0543277469032874,0.0795653587566233,0.75379993339863,1.96948090678099,0.29101717131773,0.794262501617029,-0.39040731360476,-0.608290397364869,"Male",0
1.87590297980315,-0.678832642141011,1.06099866326237,1.98531945797967,0.272941519071646,-0.680220580804325,-0.736830793857191,0.267158486474713,0.277320898855296,0.734249930639408,0.0760029925488006,-0.76213734373751,-0.495346035019633,-0.695188451283163,-0.350003531611403,-0.729109981122807,-0.688163681552377,0.717482806456006,-0.276534044732365,-2.4243612635035,-1.48290187713832,1.12573792638297,0.664940246579334,-0.674812524320432,-0.577476313850285,-0.0543277469032874,-0.508567775431468,-1.16729676303888,-0.459897510079848,0.0434074701561896,-0.649029257184171,0.0667744982350874,-1.66638830948816,"Male",1
-0.803603355956983,-0.010535007180063,0.689288572120014,-0.534789385793685,-0.0499878356592505,-0.269775539253355,0.840089088498078,-0.857862941412873,-0.0790186698620808,-0.253307483877857,-0.742846414840901,0.170604755255507,0.390614006413487,-0.120801466085392,-0.350003531611403,-0.729109981122807,-0.688163681552377,0.709527067908415,-0.119363749243873,-1.16862824917102,-0.875232544667754,0.164513704207063,0.630823948047366,0.403328017419581,0.1415354629316,-0.0543277469032874,1.38083319091128,-0.135086352892099,0.597082307974079,-0.360909923662088,0.515852042675209,0.256679723178254,1.06740357759616,"Female",0
0.293346652765967,-0.010535007180063,1.51792878463396,1.52986848468671,-1.15253017313307,-0.680220580804325,0.0516291473204437,-0.320664055821264,0.277320898855296,1.53069107045307,0.0760029925488006,-0.501280470052467,0.000200948155294644,-0.0526408771752537,-0.350003531611403,-0.729109981122807,-0.688163681552377,0.0685079669186155,-0.707470359329204,-1.31061514488126,-0.231293150290387,0.977840965729185,-0.346953188952688,-0.968007074717679,0.1415354629316,-0.0543277469032874,0.244505552987915,0.425727612175329,-0.710347887342919,-1.26374567913875,-0.0752791023297244,0.28815330391696,-0.1898806361031,"Male",0
0.458816029214474,0.323613810300411,-0.244997109219398,-0.0454522413384533,-0.0983170333908328,0.45483731187984,0.0516291473204437,-0.262887291162448,-0.316376203861629,0.260709401207563,-0.60650303185468,-0.76213734373751,2.66771981503316,-0.695188451283163,-0.350003531611403,-0.729109981122807,-0.688163681552377,-0.0407818168103911,-0.261350092361828,1.41394343524264,1.36376362172634,-0.856254645314022,-0.444740587986579,-0.680510625362404,-0.577476313850285,-0.0543277469032874,-0.0996363008880564,-0.795014834334778,-0.243271756945156,0.819697770841082,-0.545479819579708,-0.469747200386378,0.452186563633461,"Female",1
-0.419995076293178,-0.010535007180063,0.124506377880201,0.729326410890867,-1.01555160625572,-0.33642900753941,-0.736830793857191,1.85130738473321,-0.682670975950748,0.584388721983621,-0.420479238109514,0.135306029032145,1.20951743920606,0.410111274819907,-0.350003531611403,-0.156855016090801,-0.688163681552377,0.395374659539314,-0.242343065337344,-0.532255522244057,0.00854044776344721,-0.0227937659697673,-0.56935981824524,-1.15953181967918,1.57955901649537,-0.0543277469032874,0.255838550912844,-0.236157016632157,-0.991469696432894,-0.324133730149051,-0.198441086316124,-0.536916949909685,0.477018959469774,"Male",0
0.724705451249013,-1.34713027710196,0.834121955606828,2.36489447093393,-0.507973209359971,-0.605106455553168,-0.342600823268373,-0.62754409287958,-0.841814014020199,0.919164067233858,-0.415880695100724,1.33029747191797,0.498397915197474,-0.695188451283163,-0.350003531611403,2.60649382574834,1.11243227763401,-1.42589832717267,-1.74177642653301,0.879857336229793,1.17554333448242,0.420095313017979,-1.1832832887566,-0.463727093253696,-0.577476313850285,0.684171406056786,-0.168154582516906,-0.360390647561928,-1.05024651213188,-0.399469622460562,-1.19080759808142,0.615659393359217,1.38180958724926,"Male",1
-0.5274903836359,-0.678832642141011,-0.165306739998102,1.69679251627197,-0.35671824106797,-0.32322656616979,-0.736830793857191,-0.207398996004456,-0.829971316529455,-0.140061461341014,-0.210077954385352,-0.244564181664008,-0.495346035019633,-0.695188451283163,-0.350003531611403,-0.0690486987049271,-0.242778173129297,0.731185703180212,0.366208639857992,-1.39481508929401,-1.00411044181047,0.28324920124166,1.23642439875751,1.6488939225128,-0.577476313850285,1.05342098253682,-0.292260307063666,-0.688709774197668,0.985657489160349,0.944708440686642,-0.886849320302502,-0.171395071590266,0.737759115751053,"Female",1
0.299530682725636,-0.678832642141011,3.47464324843411,1.0233244958169,-0.434583653764348,-0.254573871047764,0.0516291473204437,0.080187418026766,0.277320898855296,2.44069429735433,0.0760029925488006,-0.76213734373751,-0.495346035019633,1.70237712374641,-0.350003531611403,-0.729109981122807,0.149426976079092,0.660630228017563,-1.67344926926055,-0.0317767645380916,0.557318660162558,-0.521560580862895,0.00955865915426566,1.03702127021735,1.22005312810443,-0.0543277469032874,1.53569028718784,-0.416963598461384,-1.09907352330632,0.218492072717215,-0.965121593336722,0.803815884389593,-1.4579012575132,"Female",0
-1.55819388506855,1.32606026274183,-1.54887320298662,-1.32307498026724,-1.13561270013869,0.534027397415944,1.62854902967571,0.298502340439901,0.0310025481620894,-0.304893341721676,-1.06238750107323,1.45420581579046,-0.495346035019633,-0.447036710510286,-0.350003531611403,0.0417545855732648,-0.688163681552377,1.50570801680089,1.29407459805285,-0.456617880184878,-0.948374947018401,-1.23684091156574,-1.63047007004199,-1.2347651918209,0.1415354629316,-0.0543277469032874,-0.930958521144973,-1.36940618599396,1.04667380116033,1.21265339437628,2.79020697594016,-1.56190476947801,0.749938061479691,"Male",0
-1.98554486043565,0.991911445261359,-1.80007473532147,-0.0238987356957874,-0.577841431441152,-0.462447845580038,2.02277900026453,-0.638725270081659,-0.289828772439332,-1.35235505565561,-0.0109106625857093,-0.49703889487059,-0.495346035019633,-0.695188451283163,-0.350003531611403,-0.0529496430361873,0.452457742457967,1.06544404288565,2.1725538031598,0.538314955131687,-0.503428507517736,-1.41087705360596,-1.42003916302975,-0.226331285982165,-1.65599397902311,-0.0543277469032874,-1.12731411122844,0.261399940628447,-0.572873210250276,0.935751883548317,3.24702875075022,-1.43110768348356,-0.207737944213051,"Female",0
-0.584543751716559,0.657762627780885,-0.0270265834443377,1.19072053460254,-0.725202456043019,-0.680220580804325,0.0516291473204437,-0.507738851397087,0.277320898855296,0.288855272253729,0.0760029925488006,-0.76213734373751,-0.495346035019633,0.253454620726558,-0.350003531611403,3.20007371578997,-0.688163681552377,0.049575878398629,-0.20629332018362,-0.331602808683608,0.631280480205449,0.117733136351347,0.118916954964129,-0.841907728018837,0.1415354629316,0.684171406056786,0.0153190944597965,-0.105259140521069,-1.11034298362684,-0.160562446015065,-0.953105473434421,-0.150215016460421,-0.117702970025733,"Male",0
-1.74286102299337,-1.34713027710196,-1.69403672901504,0.672531326302883,-0.472272774118283,-0.0931216707952752,-0.736830793857191,-0.0462773702719109,0.277320898855296,-1.32357599161368,0.0760029925488006,0.976908480829469,-0.495346035019633,-0.695188451283163,-0.350003531611403,1.48869592780129,-0.688163681552377,0.687816741382987,0.958689853420983,0.748689593164735,-0.323504304392218,-1.28872163417747,-0.972700723615575,0.485700721228653,-2.375005755805,-0.0543277469032874,-0.283069110829903,-1.17987518764473,-0.695073972953593,1.41474855930595,-0.679507666428183,-1.7275269898836,1.05867007732801,"Female",0
-0.333333289852664,-0.344683824660537,2.31214783744322,0.175976480003145,-0.660238047745259,-0.680220580804325,-0.342600823268373,-0.924393189001112,0.277320898855296,1.96654560172799,0.0760029925488006,-0.76213734373751,-0.495346035019633,-0.695188451283163,-0.350003531611403,0.524674766384543,-0.688163681552377,0.692393365492241,-1.28942490208448,0.534680971120438,1.68289919943147,-0.938394605645947,0.407066626685108,-0.0112831615604784,-0.577476313850285,-0.0543277469032874,0.506773335368729,0.0666347145118627,-0.814221561214989,0.546580474323125,-0.241623664029248,0.711272554335346,-0.431098104441256,"Female",1
0.113322469433106,-0.678832642141011,-0.786557281008722,-0.913626523442544,-1.19486498406803,1.33766011730086,-0.736830793857191,0.913738954842696,0.848963151539579,0.675767593206553,0.945044542687083,-0.76213734373751,-0.495346035019633,-0.695188451283163,-0.350003531611403,-0.729109981122807,-0.0443559485354608,0.172364606523427,-0.110820253097163,-0.36246459562406,-0.0837200413358362,0.211602169079065,-0.902563530437825,-1.58985299175619,-0.577476313850285,-0.0543277469032874,-1.11516234080326,-1.45053916375013,1.69924594434922,0.456721642108102,-0.0700443998152835,-1.03617660679856,0.231117673871167,"Female",1
-0.701943543120128,0.991911445261359,-0.952095286819054,0.607867446917777,-0.954666458652321,-0.169444529096451,2.02277900026453,0.291570319884217,-0.875727193198245,0.159836457694903,-0.256112471275312,0.315783621903183,-0.495346035019633,-0.0313996350559718,-0.350003531611403,-0.729109981122807,-0.224373813277099,1.03405159341703,0.721739946595397,-0.525511339467247,-0.155847660570711,-0.615580942016446,0.0794253677241321,-1.15885423015353,0.1415354629316,1.05342098253682,-1.14871268339129,-0.538238751269313,-0.982598551027625,0.961400206262612,-0.867570357737678,-0.914774986711129,0.828234525171061,"Female",0
0.77056015180079,0.323613810300411,-0.384875766975914,0.958776031201923,-0.988286971188986,0.176170404095105,-0.736830793857191,1.86606942245164,0.277320898855296,1.20841439149841,0.0760029925488006,-0.258552645503838,-0.0170188311828506,0.545250880971508,-0.350003531611403,-0.729109981122807,-0.688163681552377,0.533095039836131,-0.267349414598321,0.178383443632095,0.363629006096307,-0.517768531631071,-0.443677045661996,-0.655256090578078,0.860547239713484,-0.0543277469032874,-0.894656276438468,-1.363890561555,-0.274433881475254,1.19282928032943,0.408122482267892,-1.32557172111393,0.322460722177253,"Male",0
1.56588533948267,-0.010535007180063,2.51485717078075,2.75163362613451,-0.45391494287143,-0.680220580804325,0.0516291473204437,0.403997467785106,-1.47396134974485,1.82786006179884,-0.352814329142363,-0.76213734373751,-0.495346035019633,2.32935556909932,-0.350003531611403,-0.729109981122807,-0.688163681552377,0.261022606876404,-1.23005237030535,-0.873076608345781,-0.0611462090397359,0.531809345987801,-0.895960656603102,-0.326955739225607,0.501041351322542,-0.0543277469032874,0.308628568051393,-0.701111151683344,-1.28165233213276,-0.398175527910615,-0.929419852473154,0.145884552934816,-0.39545771731759,"Male",0
-0.486954111371175,0.657762627780885,1.54918761664967,0.55560026979821,0.235627042110231,-0.335101626947654,0.840089088498078,-0.746180702758636,0.00511856366208054,0.762498523223123,-1.81934189037027,-0.76213734373751,0.632606126987053,-0.695188451283163,1.05934304787883,2.29976000071588,-0.688163681552377,-0.329346647900638,-0.783221332090268,0.774048675575586,1.61866689277526,-0.242368318806204,-0.18359939007073,0.0553635792161296,-0.936982202241227,-1.90057562930347,0.921493641711687,1.14953030726334,0.71172512286613,-0.782724658374255,-0.0491449703559859,0.923809254244946,1.23316541268549,"Male",0
1.13233248299835,0.323613810300411,-0.425853513439536,-0.550835891095186,-0.0366412419262446,0.00943484766200248,0.840089088498078,0.179756721829934,0.6635856251523,0.154425570493735,1.06431802675358,0.248935810080502,0.465016335474409,-0.383876642122367,-0.350003531611403,0.56031205894934,-0.0356221226999573,0.0524110220282959,0.122087209598216,-0.103816934213372,-0.0340041694213594,-0.184346233847862,-0.935065547112194,-0.788995401789478,-0.217970425459342,-0.0543277469032874,-0.917475399708961,-0.678862833270501,1.30716085549677,0.415230109393094,1.29936783847465,-0.467945029502026,1.51486703251095,"Male",0
-0.488512934252288,-0.010535007180063,1.0959759000832,-1.28510716150626,1.003413569417,1.60805613084695,0.0516291473204437,-0.945806266013475,0.530148719704242,-0.680459174682059,0.85732957834116,-0.76213734373751,-0.495346035019633,-0.695188451283163,-0.350003531611403,-0.729109981122807,0.735563355943831,-0.879517366358583,-0.898648073534827,0.842146191085865,-0.155847660570711,0.374063190701195,0.154073651697781,2.18361611038719,-0.577476313850285,-0.0543277469032874,2.44226631026374,0.674643955990932,1.91829021067643,-1.04394074642249,-0.200876108549489,0.999859653963021,1.27114537152281,"Female",1
-1.67864279760738,-2.01542791206291,2.17522504009668,0.117810394244715,-0.595271599941535,-0.509961896901701,0.0516291473204437,-1.5024606370743,-4.89004277294021,0.341680812226584,-0.00586999366762587,-0.76213734373751,-0.495346035019633,-0.695188451283163,-0.350003531611403,-0.729109981122807,-0.688163681552377,0.080651276221838,-1.8663292663214,-0.3893787611946,1.00843458818974,0.384797704821707,2.26392445567522,0.0885127988389449,-1.29648809063217,1.42267055901686,1.77575884553232,0.0169876589159312,-0.681377071488323,-0.401760649108244,-0.906900292851519,0.687515482636278,-1.01236041807633,"Male",0
0.874234777470325,-0.010535007180063,0.755064431869484,-0.600181082099217,0.442535882711643,2.25402482262389,0.840089088498078,-0.230220249001914,0.277320898855296,1.02107654157778,0.0760029925488006,-0.76213734373751,-0.495346035019633,-0.695188451283163,-0.350003531611403,-0.729109981122807,-0.688163681552377,1.59856493912471,0.657000004708724,-0.785629281335904,0.11981855186657,-0.869716885559494,0.790845047151843,0.164895091606195,-0.577476313850285,-0.0543277469032874,-0.537948052543015,0.00830215204684104,0.421992387862262,1.07464741578573,-0.702062692942338,-0.106359627202581,1.00764804944571,"Female",1
-0.400990469610098,-0.344683824660537,-0.744863119265074,0.831412906172119,-0.631436937265083,1.73018325871598,0.0516291473204437,0.153576869760156,-0.0126586337866834,-0.0173579014388672,-1.10976583564546,-0.382617158938706,0.22562435757241,0.707073470872832,-0.350003531611403,-0.729109981122807,-0.0349892016923422,0.716084386705717,0.928257511746808,0.593918339092895,0.268578954729123,-1.04732183160302,-1.1997772395891,-0.23316704131179,0.1415354629316,-0.0543277469032874,-0.473900096843352,-0.0558408637642685,0.853027378450724,0.64623182559588,0.068076227013025,-0.768841292980954,-0.22994723662622,"Female",0
0.109484985468589,0.991911445261359,-0.818043196531862,-0.985638596900815,0.823011094330214,0.651057426306624,0.445859117909261,-0.43156575402796,-0.245221494921772,-0.965748161223073,-0.181573308568482,0.21485469253607,-0.495346035019633,-0.0935521459386836,-0.350003531611403,0.205358800727235,1.83401942232668,0.380822966863305,0.916142350541767,1.17874617414381,0.277422317844415,-1.37005171659529,0.0819299527825505,0.0438849423906646,-0.217970425459342,-0.0543277469032874,-0.103789148337689,0.162884656323688,0.191710009410531,0.922015141420436,0.322611009509561,0.0254455158608557,-0.829900836211708,"Male",0
-1.25360008156642,1.32606026274183,0.46355778070706,0.292471202295297,1.14140758650715,-0.582697706969887,-1.13106076444601,-1.23922271333383,0.277320898855296,-0.624807702397435,0.0760029925488006,-0.00966559272295321,0.219385190713445,0.231562857526334,-0.350003531611403,-0.729109981122807,-0.688163681552377,0.621262065394169,1.4528370194152,-0.599022931734476,-0.997355045905574,-0.110446535714833,0.884209235016,2.33033309155778,-0.217970425459342,-0.0543277469032874,1.57779461895903,2.47064334943398,-0.227851443203079,-1.06087139236448,-0.278360446390733,1.13930460950665,-0.910844783774259,"Male",0
0.586520829947009,1.32606026274183,0.0633738432341832,0.674320772550184,-0.529335558115698,-0.177817906993302,-0.736830793857191,1.74513851189927,-0.785005135194032,0.841006579834293,-0.425951599049471,0.23097258145936,-0.495346035019633,1.75105865826475,-0.350003531611403,-0.729109981122807,2.30292782932957,-0.565039916424155,-0.897603085828681,0.989499140760938,1.25157454612885,-0.278102678954643,-0.0499065735132105,-0.808688345645424,1.57955901649537,-0.0543277469032874,-0.322586589053227,-0.368459263942053,-0.755663158938031,0.235435498369678,-0.503166725805903,-0.222852129616996,0.436035411870005,"Male",0
-0.270796981407192,-1.34713027710196,1.51990001035169,0.692363402147748,-0.476084591345268,-0.680220580804325,-0.736830793857191,-0.126923782673861,-0.991032002403601,0.308857541457596,-0.251843714691242,-0.76213734373751,-0.495346035019633,0.765146944416653,-0.350003531611403,-0.729109981122807,-0.177994826449573,-1.13367965410046,-1.81988311058095,-0.451999747200018,0.221379788027676,1.59599440206736,0.841770967805023,-0.272567130606243,0.501041351322542,-0.0543277469032874,1.48331169263996,0.104237523373613,-1.14720195525463,-1.63250016424307,-1.20846656952385,0.540336573952394,1.70192910175068,"Male",0
-0.627712842285422,-0.010535007180063,-1.14788496968751,0.148488254494684,-1.77663005884756,-0.569182308693918,0.0516291473204437,2.01332311051513,0.277320898855296,0.484215282372281,0.0760029925488006,-0.76213734373751,0.303923292681882,1.3775456587424,-0.350003531611403,-0.729109981122807,-0.688163681552377,0.523294486307063,0.243225162147862,0.366113134483668,0.0631876321638377,-0.607101872082756,-1.14671283002906,-0.167737473670544,0.860547239713484,2.16116971197693,-1.10909081106394,-1.57652267392123,-0.792747331933499,1.38655562880408,0.102296867596909,-1.49346356047385,-1.07975315009199,"Female",0
-1.77846924621751,1.66020908022231,-0.330330420936928,-0.926093991383914,-1.29948696680711,-0.612117107243276,1.2343190590869,-0.94778575258838,0.0874993762179144,0.339682865033196,-2.1504392935547,-0.76213734373751,-0.495346035019633,-0.695188451283163,-0.350003531611403,-0.729109981122807,0.0244531319245571,0.722511910820766,-0.0201921515961338,1.39045746216436,1.16943819058976,-1.53591970574948,0.157549338993909,0.145253930608905,-0.577476313850285,1.05342098253682,1.31619903384432,0.242810837512284,0.874200520501711,0.528527085659131,1.62097099440587,-0.743966449982173,-0.292785311455913,"Female",1
-0.153860968193352,-0.678832642141011,-1.19318793570993,0.384860824540957,2.64578734707771,-0.247817574067501,0.0516291473204437,-0.889922369924831,0.277320898855296,-3.49116245352842,0.0760029925488006,-0.206334345829042,-0.495346035019633,-0.695188451283163,-0.350003531611403,-0.729109981122807,1.22496952508315,-0.497190856815051,2.5093425750349,1.0825547413784,-1.45256701512766,-0.267189846572916,-0.234039105993337,1.60617687728825,-0.577476313850285,-0.0543277469032874,0.605970233962873,1.61122231463165,-0.34675323005524,-0.583109727188831,-1.32468155918523,1.30207522187752,-0.264301092702495,"Male",1
1.23257162849609,-1.68127909458243,0.369341797536171,2.27058909853341,-0.326622674244005,-0.112691634462243,-3.89067055856773,0.595136568337884,-0.384602860894998,1.21479694574554,-0.854184284669963,-0.76213734373751,-0.495346035019633,-0.695188451283163,-0.350003531611403,2.95359355768107,-0.688163681552377,-0.185963817336011,-0.85382928346641,-0.6258777200535,0.26174730097732,0.569908261163196,0.452529060131169,0.872629176988368,-0.577476313850285,-0.0543277469032874,-0.705185820517638,-1.45586277713223,-1.15213286242393,0.941998338526706,-0.687922218146868,-0.371214350906136,-1.08497371383968,"Male",1
-0.67426282415906,-1.01298145962149,-0.523910618814657,-0.51348367538737,-1.54188290372323,-0.680220580804325,-0.736830793857191,-0.385153184174362,0.277320898855296,0.942983535407184,0.0760029925488006,-0.76213734373751,-0.495346035019633,-0.695188451283163,-0.350003531611403,-0.0511122508131317,-0.688163681552377,1.19763774337971,0.666159254238593,0.231578156980582,0.643710518523696,-1.20189766361653,-1.15153599167422,-1.02318165784964,-0.577476313850285,1.42267055901686,-0.724346434357268,-0.631180092150362,-0.433499746697938,0.987118225506022,-0.499813645348607,-1.10590313877927,-2.04346921791594,"Male",1
-0.567576408390864,-0.010535007180063,1.34234889391832,0.398798738439508,2.69536318901071,0.939313241684056,0.445859117909261,-1.11178618120268,0.277320898855296,-1.65698342835421,0.0760029925488006,3.16192737502038,-0.495346035019633,1.37606089218793,0.980597322090664,0.700707581937136,2.20620403507672,-2.41759974948421,-1.62521320415964,1.64613483897154,1.21687113518846,0.80437633565961,2.9903876047997,1.17537373259875,0.501041351322542,-1.90057562930347,1.97854455040324,2.43536625491554,0.365672445120294,-1.66002005510959,-1.17963718160243,3.07091857817146,2.28416142627462,"Male",0
1.07202738486119,-1.68127909458243,0.952392011117895,3.58912596426229,-1.82263542298253,-0.680220580804325,-0.736830793857191,0.0232355629035216,0.277320898855296,1.40114063269863,0.0760029925488006,-0.76213734373751,-0.495346035019633,-0.695188451283163,-0.350003531611403,-0.729109981122807,-0.688163681552377,-0.270865572029355,-1.23362621598716,-3.19514284811927,-2.24052566598285,2.64024341591539,0.276523029794907,-0.956718575870812,-1.29648809063217,2.53041928845697,-1.10253681714513,-1.40183560134404,-1.1656572186333,-0.818908369511205,-0.697075189710255,-0.0632597022889893,1.27899247045614,"Female",0
2.4552523569564,-0.678832642141011,1.55442383854707,-0.597192153437449,2.0284704374851,-0.680220580804325,0.0516291473204437,-0.307303937456055,0.277320898855296,-1.08942971830196,0.0760029925488006,-0.76213734373751,-0.495346035019633,-0.695188451283163,-0.350003531611403,-0.729109981122807,-0.688163681552377,-2.15451829332745,-1.6747801560279,-1.38987841337863,-0.860558278831433,3.30627003858615,1.31546286467425,0.0666892866197304,-0.577476313850285,-0.0543277469032874,-0.309935684436281,-0.628221422787929,-0.412119776017001,-1.52695684652425,-1.18632666529956,2.07367290890002,-2.98865228443558,"Male",1
1.8002715605868,1.66020908022231,-1.27462998508592,0.273005746954155,2.2236753944614,-0.680220580804325,0.445859117909261,1.5408832030981,-0.487864580880415,-1.95039033430026,0.184026853091276,-0.0468077084037369,-0.495346035019633,-0.254685086949589,3.04582606942724,-0.272979881024167,-0.380383567870618,0.324849452337839,1.79337207496064,0.194821630463927,-1.02478108878637,-0.376723248899233,-0.822802177834892,0.945335008016009,0.1415354629316,-2.63907478226355,-1.53525617798211,-0.590402380407436,-0.776762404311128,1.19209444347345,1.10597772253388,-0.235333204052841,0.0514819944566011,"Male",0
2.57028470178832,0.323613810300411,0.404013495004334,-1.31970615559929,0.260285308783823,-0.680220580804325,0.0516291473204437,1.29198772678037,-0.401052613973606,0.735486717704577,-0.675732402371208,-0.445050382207882,-0.495346035019633,0.866920724019728,1.15527911974041,-0.729109981122807,-0.415301895192699,-0.69970887592207,-1.00174618801823,-0.524319903612025,-0.36983405766866,1.2060732848289,-0.0616895305250804,-0.159327314807794,0.501041351322542,-0.792826899863361,-0.669516457177067,-1.06409048335145,1.04957969312857,-0.0629114955249721,0.330800493224263,-0.330358951983314,0.151794678516777,"Male",0
0.489848881417729,0.657762627780885,1.41639780435057,1.43270542116845,0.320004022770579,-0.457452209342947,-0.736830793857191,0.442083030598491,-0.32665667317275,0.989376793571262,-0.861078230822146,3.19023953027839,0.75603523562413,2.55000131693867,-0.350003531611403,0.951046010486362,0.445544885342748,-1.13367965410046,-1.07401249192557,0.127925036241461,0.263293948983053,0.643284804843647,-0.678462070952774,0.630132693006729,1.57955901649537,-0.0543277469032874,0.411005465367967,1.19742700157868,-0.512133302517471,-1.21965716233076,-1.09714365590512,1.4117458805763,0.70615424832302,"Male",0
1.29048084407139,0.323613810300411,1.71330987066572,0.672531326302883,1.21004509320994,0.0494594930640663,-2.31375067621246,0.448954637913118,-0.689322189863956,0.975982838851425,-0.506446504839082,0.141523881499382,-0.495346035019633,3.75664231620823,-0.350003531611403,-0.729109981122807,-0.688163681552377,-0.0104936550379185,-0.220680322065787,0.415029587000312,0.157782550735106,-0.145224507859371,-1.44860173150206,1.32227204967996,2.29857079327725,-0.0543277469032874,0.0892910839336438,0.573722631552434,1.0929898808172,-0.308754491110654,-0.448226044006268,1.82990368669615,1.61767784266623,"Male",0
-0.158250798546302,-0.010535007180063,-0.2529947213791,0.518545109509749,-0.020082840232837,1.33912660036634,0.0516291473204437,-0.746414237107849,0.277320898855296,-0.433996108696774,0.0760029925488006,0.772314854409828,0.476314716303771,-0.695188451283163,-0.350003531611403,0.249333802226047,1.51256471300876,-0.812239113721029,-0.568729745738853,0.812111359042346,0.544365381272045,0.0144443388238867,-0.464994813138587,-0.986230991156739,-0.577476313850285,-0.0543277469032874,0.488991372805927,0.0335923044009588,0.415684652331232,-0.578169700979766,0.575548254694762,-0.0510191634615582,-0.627852570343143,"Female",1
2.57902112800034,0.991911445261359,0.0302830388954643,1.09082242304475,0.523818007696168,-0.680220580804325,0.0516291473204437,0.847190961035531,-0.709646577856282,0.412622804374459,-0.368510373310698,1.39073919286536,-0.495346035019633,-0.695188451283163,-0.350003531611403,0.300476668480882,0.238140154397695,-1.0960971975224,-1.15902034392402,-0.936043752954113,-0.965304083973025,1.5969543954237,-0.192111615726093,-0.201046484333747,-0.577476313850285,-0.0543277469032874,-0.795121146400392,-1.1389194983766,-0.621980679180135,-0.385260215095502,-0.339541835518391,-0.198951667681677,-1.30099983232945,"Female",1
-0.991200819653726,2.32850671518326,-0.437436842214421,-0.304134075666019,-0.68661656264943,-0.35280003483774,1.2343190590869,3.89573743082884,-0.309714805794681,0.374699446538715,-0.657091722019415,-0.21335009194569,-0.495346035019633,1.67043200037643,0.301300392570963,-0.729109981122807,0.256328448511714,0.414464547390381,-0.0230824800969593,1.27567732379854,1.08746861461331,-1.21776016654252,-0.13441631532801,-0.318145242317421,3.01758257005914,-1.90057562930347,0.539523615774145,0.0803321690411351,-0.40863967437762,0.527788871061896,3.39557453505409,-0.967395416695627,-0.559009923259324,"Female",0
1.0579275606776,0.657762627780885,0.755064431869484,-1.0608268697248,2.34860172330277,-0.680220580804325,-1.13106076444601,0.106806418075158,0.571871537430548,-0.674842857543175,0.750862470325258,-0.76213734373751,-0.495346035019633,1.67875578803181,3.08137354677799,-0.114570166457878,-0.688163681552377,0.508358968428953,0.94803052124294,-0.706574374608205,-0.954900876813598,0.130176087470751,0.576521344961216,1.80052970569114,1.93906490488631,-1.90057562930347,0.547624866021293,0.685835866458083,-0.0345745389552446,-0.103131532797937,0.0401454505498783,1.48301599100942,-1.14803262858154,"Male",0
1.36976809143726,-0.678832642141011,-1.08833545919847,-0.567533699686163,-0.756422381729989,-0.680220580804325,0.445859117909261,0.656121456231063,0.883748684157289,-0.0926370079040231,0.615620423002108,2.80943242781234,5.53565173181531,-0.206435225541845,-0.350003531611403,2.30743969133921,-0.688163681552377,-2.27534778027568,-1.19637630516373,1.22653979469087,0.884779783838631,0.885742858384943,-1.65328925016016,-0.265975407756331,0.501041351322542,0.684171406056786,-1.60428958688284,-0.997040863635129,-0.436597711968939,0.0527316372405554,-0.804843565204536,-0.616712904314271,0.0892515475642792,"Female",0
1.98623632268386,2.66265553266373,1.38555842428668,0.7767062675525,0.341546445545986,-0.36368330932339,-0.736830793857191,0.781083486051714,0.277320898855296,1.1147447505845,0.0760029925488006,-0.215649479872197,-0.495346035019633,1.3239903779666,-0.350003531611403,0.316294340472007,0.252371079251676,-0.942880450662949,-1.66905139483101,-0.0501500654487077,0.644970386733128,0.975083838760475,0.327675221322953,0.424125498623544,1.22005312810443,-0.0543277469032874,-0.129232105710659,-1.36878132286859,0.288708703323349,0.191807238114692,1.28001578947451,0.474766001371245,-0.138584143762683,"Male",0
-1.10251212669852,-1.34713027710196,-1.01461941377102,-1.06708715237093,-1.11098521583139,-0.680220580804325,-2.70798064680128,-1.23986819488159,1.19722520086724,-0.43854041103159,0.348768748670292,-0.76213734373751,1.79179388732622,-0.695188451283163,-0.350003531611403,2.34169820046443,-0.688163681552377,-0.444313325963649,0.0765071233934121,-1.15884198053876,-0.678162589399246,1.12969503569812,-0.14279683148973,-0.577540794091488,-2.01549986741405,1.05342098253682,-0.649302929990492,-0.976634326908014,0.957043968365827,-0.171071888968561,-1.09670800966244,-0.412990794361767,0.154851297698667,"Male",0
-1.79855056769232,-1.34713027710196,-1.21821136061462,-0.0948627235952259,0.193121376846321,0.321301089211114,0.0516291473204437,-1.32660490450101,0.277320898855296,-2.01048548494419,0.0760029925488006,2.27108211771654,-0.495346035019633,-0.695188451283163,-0.350003531611403,-0.729109981122807,1.92200255385733,-0.371192790874831,0.782562981037244,0.961816225009262,-0.623726666584214,-0.588178655061538,-0.872340252939891,-0.650441475374468,-1.65599397902311,1.05342098253682,1.17726234658981,1.27083147030847,-0.67031745931869,-1.01948536895072,-0.312166862844007,-0.174732046165937,-1.81433392906269,"Female",0
-0.297756754060962,-0.678832642141011,-0.00501216967994849,-1.02420542412595,-0.198864869482032,1.75431947873788,-0.342600823268373,-0.389211577195761,0.109124612974073,-0.367104655633312,-1.50952593935088,0.888855527686845,-0.495346035019633,-0.0173956515912782,-0.350003531611403,-0.0272726681721581,-0.214589216899994,0.111393831419871,-0.390289112187215,-0.575139418634995,-0.463571880243094,0.24854275065101,-0.399121577918471,-0.841610816883791,0.1415354629316,-0.0543277469032874,0.879908073381033,-0.811983503020042,1.64341246847499,-0.396337586030819,-0.737207449642029,-0.092114615668339,1.41053309924226,"Female",0
0.910652370787462,0.657762627780885,1.93076820516919,-0.712547432917911,-0.0783158183548513,-0.0103503490562942,0.0516291473204437,0.126641125971075,0.277320898855296,1.67905317519445,0.0760029925488006,-0.76213734373751,-0.495346035019633,-0.0313996350559718,-0.350003531611403,0.645563102921056,-0.688163681552377,0.988890525760417,-0.92126176582731,-1.22721290201807,-0.213003334600771,-0.0490913559294053,1.01563926256031,0.761434485532253,1.22005312810443,-0.0543277469032874,0.566091076750277,-1.13662351686812,-0.225541288004187,0.818002765632691,1.23772218384261,0.0220875470751186,0.293120680433047,"Female",0
-1.38266266823727,-0.678832642141011,-0.236183921831643,-0.803823298143568,0.438147467982539,-0.276976329456004,-2.70798064680128,-1.17603136062816,0.277320898855296,-1.06979155553235,0.0760029925488006,-0.0168319903516562,0.212578226658851,-0.695188451283163,-0.350003531611403,-0.253865857781926,-0.046808549423133,-0.134458774292397,0.57228906196686,-0.344882855610626,-0.507926612595871,0.382476596168449,1.86319943347731,2.49433678588518,-0.577476313850285,-0.0543277469032874,0.691197689948646,0.939636645752455,-0.335466440337075,-0.0100605502588219,-0.295411093065651,0.541810593917318,-0.736549422234459,"Male",1
0.445923479852487,-0.010535007180063,-0.98729610830265,-1.18140715554196,-0.690042663495511,0.24509835344907,0.0516291473204437,0.425632205508701,0.277320898855296,-0.439296203545161,0.0760029925488006,-0.211806386596071,1.59556950580287,-0.0173956515912782,-0.350003531611403,-0.0272726681721581,0.495772480078614,-0.972281239310787,-0.150622798500479,-0.165707765501058,-0.521933370180958,0.988947029918193,-0.808820967702119,-0.539949103676416,0.1415354629316,1.05342098253682,-0.95251396056477,-0.586874954735703,1.88413719699567,-0.298722450637174,-0.107050644694049,-0.446009906872344,0.875667599770574,"Female",0
-0.665491602650266,-1.34713027710196,-0.4540506370546,-0.922408284420854,0.452534726685179,4.07118455136195,-1.52529073503483,-0.129417930393701,-1.00659461468899,-0.577645162891029,-0.0955239678514102,-0.76213734373751,-0.495346035019633,-0.695188451283163,-0.350003531611403,-0.729109981122807,-0.688163681552377,-0.312330052456083,0.140610631759521,2.39240278304181,2.3551448653756,-1.10728000115506,1.33728330005004,0.40528844246264,-0.577476313850285,-0.0543277469032874,1.46985553529828,1.5426795327149,0.540552439276518,-0.154695210991948,-0.720888107429108,-0.472609825126574,-0.573184447774274,"Female",1
0.0296030587928816,0.323613810300411,-0.791886343719905,-1.50978464354063,-0.901616782378569,2.4188700700075,0.840089088498078,-0.107418494407023,0.432831379039369,0.540131780831872,3.07807715151643,0.255509757764625,-0.495346035019633,-0.695188451283163,-0.350003531611403,-0.729109981122807,-0.688163681552377,0.756507762799138,0.366376130448132,0.199089270917151,0.393560326984804,-0.778058111206768,-0.478859343853824,-1.33960762431781,-0.577476313850285,1.05342098253682,-1.11904964317594,-0.902896745444369,3.20319955586053,1.07626733685823,-0.422361794325887,-0.924594874313692,-0.910226471494456,"Female",1
0.100729370148228,-0.344683824660537,0.19164571289992,-0.116155791942994,-0.965885718670661,0.161399049850695,-0.342600823268373,-0.0239021390256646,0.277320898855296,0.780586474070683,0.0760029925488006,0.856655312109409,4.3371156803388,-0.695188451283163,0.198908640896906,-0.729109981122807,-0.489161645873979,-0.0872881077589047,-0.577869889616804,-0.994734268832542,-0.343123698881965,0.594376531359252,0.140606518906438,-1.1368541957676,-0.577476313850285,-0.792826899863361,-0.346038582899494,-0.508531706168664,0.54446382646597,-0.233126464264493,-0.363428253982732,-0.281693686384757,1.11018507166329,"Male",1
-1.579409389671,-0.344683824660537,-0.0738183535913183,0.269675995916546,-0.78790161249165,-0.206914586943747,0.0516291473204437,-0.91834117816229,0.109596411812447,-0.0116221460822582,-1.98162283055991,-0.76213734373751,1.06844178004852,-0.357242672474652,-0.350003531611403,0.670627268548771,-0.215917616520332,0.920293840946794,0.147627546983053,-0.289408188987643,0.214501868207507,-0.733232804439685,0.410317235183765,-0.919776316904913,0.501041351322542,1.05342098253682,0.945586282483034,-0.240349413467708,0.0819392394780827,0.187094250547049,0.114737061983313,-0.428294622960346,0.876904102997314,"Female",0
-0.490080902978647,-0.010535007180063,1.8091647483674,-0.219811530688526,0.71454970674233,-0.212009200072107,-1.52529073503483,-1.11087094578148,-0.233737046706894,0.159743884735702,-0.673275401030249,2.58218154966054,0.775287255172513,0.128590489880839,-0.350003531611403,-0.729109981122807,1.0385616741802,0.23944839787937,-1.12192979287046,0.748689593164735,0.81140220763028,-1.05250419200358,0.438135892998363,1.21897073179427,0.1415354629316,-0.0543277469032874,1.23135722245577,0.0864717138686567,0.481857391733189,0.560541036045863,0.0551928291873459,1.80199705333527,0.824672501178147,"Male",0
0.226522093514006,-0.678832642141011,-1.19041874381907,1.43759452457631,0.175966147466228,-0.680220580804325,0.0516291473204437,-0.0910484628004992,-1.90266065018343,-1.16152113347151,0.0340765301272217,-0.76213734373751,-0.495346035019633,-0.695188451283163,-0.350003531611403,-0.729109981122807,0.18868903815557,0.0616773554355524,0.941784818794866,0.841344829251557,-0.13620039762288,-0.516445264451215,-2.37186681674649,-0.780335781388542,-1.65599397902311,-0.0543277469032874,-0.737458874636411,-0.304986794942146,-0.89660454016796,0.106990455842665,-0.789058213735567,-0.805579558843245,-0.484746266111617,"Male",0
-0.247664675446246,-0.010535007180063,1.06616647122509,0.970848119239194,1.04631854400778,-0.651844133487222,0.0516291473204437,-1.24216957982863,-0.972101362086304,-0.264106326272795,-0.155628683969214,-0.178129417576965,-0.495346035019633,-0.695188451283163,-0.350003531611403,-0.729109981122807,-0.688163681552377,-0.579074781445799,0.845653203980673,-2.5904190506154,-2.49803599813681,2.49033772233517,-0.0870570178394854,2.26415410506317,-0.577476313850285,-0.0543277469032874,-0.250419786895057,1.835369820897,-1.13963197100879,-2.11800632475725,-1.27392834444843,2.68563064460007,0.613261563652785,"Male",1
-0.30663240425691,-1.34713027710196,-0.341199897288352,0.285359605876299,-0.238588400012845,0.45483731187984,0.0516291473204437,-0.751937998796091,0.277320898855296,-0.268199449536139,0.0760029925488006,0.468319607607057,-0.495346035019633,-0.695188451283163,-0.350003531611403,0.0554911659022299,1.42951835849701,-1.44299036276746,-1.07246600505297,0.591032656289733,0.259339782855188,0.886792194217413,0.686324132435994,-0.379869185111183,-0.577476313850285,-0.0543277469032874,0.0762546362710484,0.357852834155709,-0.620388595530251,-0.797848897649964,-0.927506425838636,0.49685809731093,1.05867007732801,"Female",1
-0.00822809214162244,1.66020908022231,0.60780504437067,1.13780430637785,0.911474870721879,-0.550581989000297,0.0516291473204437,1.10622903250489,-0.829971316529455,-0.0900111802376739,-0.220051079714238,1.30815530455652,0.487882106200469,1.21715551927613,3.3355496266587,1.25107386613086,-0.242778173129297,0.167389199816288,-0.213392547323196,-0.688870433394423,-0.345459341083128,0.109166052247293,1.10798689164279,0.797776945963423,1.93906490488631,-1.53132605282344,0.703452618260324,0.702522308226286,-0.89087521079485,-0.2793543682178,0.120076605365298,0.302325346879257,0.516711686672698,"Male",0
-0.463781635494627,0.991911445261359,-0.373633753180595,-0.79545744600535,-0.579756604054403,-0.680220580804325,0.840089088498078,-0.293416547949941,0.587133228548435,0.274529648291122,1.39373998619814,-0.76213734373751,-0.495346035019633,-0.195799144981673,-0.350003531611403,0.305100028220031,-0.688163681552377,0.910548943110496,0.74286599166578,-0.988672459658703,-0.433393244513568,-0.109790861837591,0.190024729393896,-0.674993518293606,0.1415354629316,-0.0543277469032874,-0.547756513250825,0.0137699711380057,-0.193505351814493,0.217120433238365,2.6352208430491,-0.442757388676989,1.20827170229155,"Female",0
1.2943976071654,0.657762627780885,-1.10971509711034,0.400499112408648,-1.49805446170415,0.464622293713323,-0.736830793857191,4.03528721084318,0.277320898855296,0.918546047690799,0.0760029925488006,-0.76213734373751,-0.495346035019633,1.67486407616408,-0.350003531611403,0.90697634513268,-0.688163681552377,1.0879487364564,0.781325555704337,-0.956940028510988,-0.625835957185094,-0.349015088261653,-1.85702454309393,-1.19420885215733,0.501041351322542,1.05342098253682,-2.75956913210987,-2.056143160985,1.56409084032133,1.71647000839918,0.169494562891191,-1.7803005912026,0.666419805169277,"Female",0
-0.0882390700165372,-0.010535007180063,1.17195368380274,1.71671905461523,2.57580444827373,-0.680220580804325,0.0516291473204437,-1.02393211787689,0.277320898855296,-1.30788829942752,0.0760029925488006,1.46107464789642,-0.495346035019633,0.673875982185408,-0.350003531611403,0.688521636797416,1.22496952508315,-2.31351254662951,-1.43260413550989,3.01223403839318,2.4375910485432,0.0132224985401692,1.83482642054197,2.06316866299232,0.860547239713484,-0.0543277469032874,1.26397632797068,2.00095976064666,-0.774622814306621,-0.615971640666521,-1.22338636057752,2.96281271903726,-1.72840819574273,"Female",0
-0.157223145730306,-0.678832642141011,-0.18823278159191,0.510973371168904,-1.2978251554949,-0.511368993462879,-0.342600823268373,-0.0130534435887798,-1.33148034681582,0.620842068701502,-0.225253627022675,-0.76213734373751,-0.495346035019633,-0.695188451283163,-0.350003531611403,-0.729109981122807,0.821753109334851,0.0547854828629545,-0.367028736451443,-1.67598424086918,-1.28076359473182,1.13571018196744,0.0263472577350196,-0.214276200292225,-0.577476313850285,1.05342098253682,-0.763154553569078,-1.01149514719133,-0.474334400129532,-0.0453827214485084,-0.297180572954956,-0.324327433061587,0.274757562519068,"Male",1
-0.601684021293058,-0.678832642141011,-0.341199897288352,-1.27870451065805,-1.28570473017008,0.857599789929059,-0.342600823268373,-0.186476449652333,-0.342762741760161,0.974971701063207,-0.831612763550309,-0.18245540221519,-0.495346035019633,0.732695046734443,-0.350003531611403,-0.729109981122807,-0.688163681552377,1.19783573211835,0.598049114730467,-0.00602942077882293,0.106814414749646,-1.04500522558536,-0.972700723615575,0.24738796779483,0.1415354629316,1.05342098253682,-0.754883850829579,-0.502405651855676,2.28698904484038,1.14055849011135,0.336989090294062,-0.757179270235157,0.453895214723115,"Female",0
-1.35658916246955,-0.678832642141011,1.05404561254889,-0.255121721967521,0.877852738672366,-0.680220580804325,-1.52529073503483,-1.21293764045977,-5.6178404731931,-1.79194266127203,0.084094064244193,-0.76213734373751,-0.495346035019633,-0.695188451283163,-0.350003531611403,-0.729109981122807,-0.688163681552377,-0.825821108384948,-0.626097618007767,-1.72654580467832,-1.85602771059161,2.20122868435213,0.972313468634292,2.63387201978708,-1.65599397902311,-0.0543277469032874,3.08971154655574,1.05863682779347,-0.571728226993648,-2.48956355274666,-1.02700461083357,1.07009455481196,2.09733278778916,"Male",0
-0.473492616321653,-0.010535007180063,-1.13599153592778,-1.30531440107,-0.783674276116676,2.27690392908337,-0.736830793857191,0.211742673870028,0.155417168721196,-0.127892060527099,-2.54459178973099,0.23502195933988,-0.495346035019633,-0.695188451283163,-0.350003531611403,-0.220438901094343,-0.00169794379936583,0.95519235906863,1.1224670696153,-1.07628626624007,-1.1440989785094,-0.21145038959325,-0.556987397835105,-0.64027237985777,-0.577476313850285,-0.0543277469032874,-1.35262078999514,-0.52167313406619,2.02366795052952,0.651607162591175,-0.109575113866925,-0.959482523017856,0.283707181853169,"Female",1
-0.741688065171243,0.657762627780885,0.926355733300396,0.508899694235668,1.4917803979263,-0.680220580804325,0.0516291473204437,-1.21013979529368,0.277320898855296,-1.00737594301492,0.0760029925488006,1.63838603373226,0.0746850039085794,-0.695188451283163,-0.350003531611403,-0.346436415549255,3.44326508369735,-0.815197155503661,-0.531442278530323,0.4576498331865,0.382222166417785,0.0533633250389747,1.18835882861028,0.240808781350336,-0.577476313850285,-0.0543277469032874,1.38104489684324,1.15692713216017,-0.763292822656962,-0.953058262351785,-0.973443051733493,2.07141214517447,0.401296138689944,"Female",1
0.49327121308342,0.991911445261359,-0.551898099279669,-0.0925166861190536,0.940160276375153,-0.680220580804325,-0.736830793857191,0.393430881685188,0.599833194598426,-0.879427710084366,0.552389177168515,0.50415815958797,-0.495346035019633,-0.175327954432108,0.651894414326072,0.34749482903452,0.0382903516037194,-0.178720378798459,-0.0864680155025033,0.288112108927335,-0.00121289199747681,-0.0628044371719008,0.588002032741473,0.0692318317326498,0.501041351322542,-1.1620764763434,-0.00447770654059973,-0.832589833376168,-0.689044284889611,0.575706982274186,1.14760237347738,-0.0631051173261013,-0.684687525580432,"Male",0
0.42341004475991,-0.678832642141011,0.167779969820643,-0.942613970984862,-0.512347518942973,1.64148874514056,0.445859117909261,-0.321815154385221,-2.75569690850294,0.687431914066632,-0.0886364962989183,3.49096385764916,-0.495346035019633,-0.695188451283163,-0.350003531611403,-0.729109981122807,-0.688163681552377,-1.25247289728416,-1.42859503638907,1.08854753422628,1.01957120100397,0.362721943173871,-1.01960833490964,-1.12032000843408,-0.577476313850285,0.684171406056786,0.16729950462433,0.507907612386262,0.109345980157563,-1.28654517945765,-0.600818115137055,0.174594939980107,-0.153103084876655,"Female",1
-1.17421981778912,-0.010535007180063,-0.318827155876968,-1.2614539617465,-0.737388724580498,-0.680220580804325,0.0516291473204437,-0.571301754879266,0.691979564810746,-0.00675084905797429,0.910880143130983,-0.76213734373751,-0.495346035019633,-0.695188451283163,-0.350003531611403,-0.729109981122807,-0.688163681552377,0.313917342587494,0.0410817603173036,-0.508178509112977,-0.333735777801574,0.23127777569237,0.438366102122388,-0.186929588393861,-0.577476313850285,-0.0543277469032874,0.281074021110193,-0.110253209745327,0.607273959587078,-0.126643619728265,-0.202468225585999,-0.228814719953785,-0.347216510860152,"Female",1
0.252453432816066,-0.678832642141011,0.4224898601025,0.690720601759165,0.190856375075456,-0.36535863112139,0.0516291473204437,-0.501267686571112,0.277320898855296,-0.319143485659181,0.0760029925488006,-0.76213734373751,0.84156129368971,-0.695188451283163,-0.350003531611403,1.06587681566828,0.523028564375147,-1.46783906478268,-0.917160895307389,0.675001714105496,0.658312300433002,0.921032248906273,-0.161604006023518,-0.547273623691342,-0.577476313850285,0.684171406056786,0.965743350111028,0.730808227950263,-1.10325190345056,-1.53137688516736,-1.11894396995,0.596896657671732,0.757073201401518,"Female",1
2.33851424928566,0.991911445261359,1.74505823932324,-1.31657108720849,-0.539370235232514,-0.571544825121799,0.445859117909261,0.61665776059169,0.598361326403088,2.87420293137851,3.13433033586623,-0.236922161821315,0.502399568688277,-0.0483284773490248,-0.350003531611403,-0.729109981122807,-0.688163681552377,0.245278690936673,-1.73522385236791,1.69661088584552,1.87966152515481,-1.28332388821537,-1.69677794493343,-0.601901106523032,-0.217970425459342,-0.0543277469032874,0.00537406762017255,-1.6702449153954,2.61534028075249,1.23946933722014,0.23483394776747,-1.14790792736604,-2.01115526692382,"Female",0
0.148828390441578,0.657762627780885,0.4235852967684,1.81112378677595,-0.609990127778558,-0.0119154664201911,0.0516291473204437,0.0327920594309868,0.0482259577412137,1.14937103607975,-2.54857436672972,0.237314279576843,-0.495346035019633,0.535745598732004,-0.350003531611403,-0.0918094325814151,0.171891093333574,0.14346149675575,-0.384386001012665,-0.162178182284387,0.460820454634827,-0.0424063447219414,0.341790728510186,-0.116929229983319,0.860547239713484,-0.0543277469032874,-0.479781839419112,0.0559226897084075,-0.838260532697289,0.24825891148239,-0.071346977235,0.0441891946052303,-0.0751727967066017,"Female",0
-0.278991173450888,1.66020908022231,0.361039712922977,0.68651452138684,1.28920512832723,-0.680220580804325,1.62854902967571,0.182757904388709,0.636227139136064,-1.01683966685282,0.419607036863413,0.647053450479427,-0.495346035019633,1.61890845426758,2.99486824228077,-0.130062766827593,0.322374866970585,0.309522772092906,0.313173237109386,-0.654355186658309,-1.0751414428693,0.0780797756411563,0.599633397096318,1.77167410260325,0.860547239713484,-1.53132605282344,1.07676451010772,0.103738459817291,-0.93082288930523,0.0158607798120956,1.39035817521747,0.723139422366754,-0.514648520157392,"Male",0
1.18953796479271,1.32606026274183,0.148393880782138,-0.744673078533752,-0.0760478978890957,0.187764866542389,0.0516291473204437,4.74776118729391,-2.30370556002714,1.52608126638502,-0.189160994990212,-0.76213734373751,-0.495346035019633,3.63854069063178,-0.350003531611403,-0.729109981122807,-0.0825675585886232,0.596086707078065,0.746586397392568,1.28583544841233,1.25536293850239,-1.32764612533391,-1.20943230147737,0.22424248454766,3.01758257005914,-0.0543277469032874,-0.804719089881213,1.71776924231921,0.285567696524764,0.174605615947841,1.32512456481925,-0.625488289954712,1.1071410038162,"Male",0
-0.479269309956039,-0.678832642141011,-0.536091333583078,-1.26998937190077,-1.16611628764791,-0.680220580804325,0.0516291473204437,-0.210826424947072,-0.696066211413157,0.401339456223598,-0.372154432944468,-0.76213734373751,-0.495346035019633,-0.695188451283163,-0.350003531611403,-0.148870063090344,-0.688163681552377,0.988575448544208,0.31079457286651,-0.937518170546372,-0.655893348247641,-0.192847969031308,-0.985245782450034,-1.27393414424203,-0.577476313850285,1.05342098253682,-0.483565437975643,-1.31694460535089,0.59471392416954,0.51386679852923,0.0643514622584447,-1.04325337713845,-0.231217387894808,"Female",1
-1.11396316053063,-0.678832642141011,1.16616355530367,-1.1634306201495,-1.54645843681882,4.32329992572179,0.840089088498078,-0.672533064009791,-0.979605399689556,1.5980026780474,-0.481121247332433,0.412893618807757,-0.495346035019633,0.751990769680631,-0.350003531611403,-0.729109981122807,1.33412727561191,-1.478287080273,-2.12625051943168,1.59374177093937,1.89454778075986,0.307950188598968,0.368603404739167,0.0348387552727682,0.1415354629316,1.7919201354969,0.819377615803245,1.38260755650874,1.32385435318148,-1.18913078024137,-0.812700827767556,0.327928524228117,-0.318924675494137,"Female",0
1.46665386966276,1.32606026274183,0.607490387559775,-0.937717495871598,0.218919732876819,-0.680220580804325,0.445859117909261,0.148734066239525,-0.533835026368417,0.691529872707694,-0.540720211018826,3.78769184844357,1.66546929859199,0.238746976199272,-0.350003531611403,2.65562287406661,2.90081489213598,-1.13367965410046,-1.48192537818228,0.538697176494392,0.180440375001493,-0.0780745440547877,-1.62504378300752,-0.650441475374468,0.860547239713484,-0.0543277469032874,-0.0571366824791088,-0.545929130753753,0.548788030232477,-0.27971020042969,-0.41866921661015,0.354902274972582,0.753236841923001,"Male",0
-0.265842068172564,-0.010535007180063,-0.629690510224624,-0.315175202839057,0.602989051743662,0.535912875642994,0.0516291473204437,-0.803358139506313,-0.486468257012287,-1.55191028165657,0.0691124695942977,-0.76213734373751,-0.495346035019633,-0.695188451283163,-0.350003531611403,1.09208100248276,-0.688163681552377,0.461791641213508,1.29530981298339,-1.63489248554387,-1.94561292764335,0.72687532819537,-0.0296694213769554,1.23368965536402,-0.577476313850285,-0.0543277469032874,-0.0616417884246151,-0.17720791209416,-0.244481093906088,-0.109370463550596,0.499122368290359,0.194184284729205,1.02249774412787,"Female",1
1.03051795109008,0.991911445261359,0.512448555744388,0.428769528755105,1.72070433171211,0.312955075294319,0.445859117909261,0.660386094106286,0.705030338274298,-0.965349718533233,0.390895387959812,0.357420054052387,-0.495346035019633,0.683669003884041,-0.350003531611403,0.698662063248922,-0.688163681552377,-0.828793991337136,-0.513281573594816,-0.866251767143677,-0.814241776865461,1.43253419669481,1.59252152148757,0.787427168709247,1.93906490488631,-0.0543277469032874,0.477946158447762,0.367110505559417,0.874202107916494,-0.806279259776235,-0.333068551381714,1.17063578239066,1.48521423042406,"Male",0
-1.03683485591588,-0.678832642141011,-0.724892412493594,0.89107143880472,-0.570241225030593,-0.680220580804325,0.445859117909261,-0.164694560313597,1.51785574596684,-0.353646506877939,0.293368512670278,0.861453156376888,1.04681262631313,-0.695188451283163,-0.350003531611403,1.34145570148267,-0.688163681552377,0.680258665053179,0.469355739098167,0.276710601042357,0.391993032414499,-1.00991410783372,-0.310155043760751,-0.784971013885312,-0.577476313850285,0.684171406056786,0.267411081859269,-0.623703620607948,-0.630925386441501,0.607964190768117,0.439914660003672,-1.00866448800054,0.00442742620995127,"Male",1
-0.355018243011212,-0.010535007180063,-0.829634499388378,-1.03771662422301,-0.678063108404775,1.97188584152502,0.445859117909261,-0.46861619729801,0.053653394002021,0.27991525594198,-1.75456893697724,-0.274250422880188,-0.495346035019633,-0.695188451283163,-0.350003531611403,-0.106907575252578,-0.688163681552377,1.51680200865413,0.91079928151258,0.199521945861666,0.215735487051141,-1.53778643278358,-0.466893962429651,-0.693977123075941,-0.577476313850285,0.684171406056786,-0.61486900279975,-1.20927162136725,2.41549729134358,1.67731461060451,0.491087344349672,-1.29884471766441,1.74509065119799,"Female",1
0.865884904352487,-0.010535007180063,1.38412886235938,0.404619311963734,0.43346858911785,-0.348216147194207,0.0516291473204437,0.0554013842245563,-0.740445562945152,1.04644572661494,-0.492465151197695,-0.76213734373751,-0.495346035019633,1.35549529586978,0.638038378903525,-0.198252183773971,1.46105830377435,-0.598857308192554,-1.19364476791285,1.46555795747283,2.09949091509198,-0.436232749655273,0.588224894765799,0.270205146315089,0.860547239713484,-1.53132605282344,0.762771686151967,0.161730706899231,-0.111311019725075,-0.000684750020405078,-0.600218258004276,0.621829178060641,-1.18119694670504,"Female",0
-0.940470347434428,0.657762627780885,2.13369987611343,3.38079686847993,1.77559809835013,-0.680220580804325,0.0516291473204437,-1.23683942937931,0.717790730389559,-0.330480774043609,0.699793323464495,0.679060853417449,-0.495346035019633,1.96730149667784,-0.350003531611403,-0.729109981122807,-0.0680689405434422,-0.590249790254569,-0.589475085598527,0.879737882878691,1.1641010545986,0.0156324266135783,1.51884499451251,0.670031027752054,0.860547239713484,0.314921829576749,1.31366002935986,1.69974463201996,-0.719703036764327,-0.860953271896154,-1.04070071727012,3.39667691037,-0.363143766325465,"Female",0
1.25389651532066,-0.010535007180063,0.0779599932719975,-1.13030813086826,-0.869706960075459,-0.680220580804325,0.0516291473204437,0.270981346746828,1.02755652784873,1.34130441073442,0.933901256755388,-0.76213734373751,-0.495346035019633,-0.695188451283163,-0.350003531611403,-0.103004172455418,-0.688163681552377,0.642107923428571,0.0518842821088181,-0.967318776054485,-0.359370625310116,0.172017276994005,-0.815674993461778,-0.686427250491039,-0.577476313850285,-0.0543277469032874,-1.31603501929959,-1.17056741924211,0.633890960234817,0.683001661969808,0.138737637688173,-0.722102872050695,0.0386731894896493,"Female",1
0.499436865971641,0.991911445261359,-0.0550426643096519,1.83636852274726,0.355949344210725,-0.680220580804325,-0.736830793857191,1.93065374503754,1.02287924836622,-0.0826151819178782,0.517886894971368,0.701523418834456,0.431487474659178,1.10746995487996,1.96610468755085,0.51529483061765,0.991195143224941,-0.670356381433848,-0.576506508037153,0.471753154133076,0.163996061432907,0.144221449457504,-0.34582319512451,-0.693977123075941,2.29857079327725,-1.1620764763434,0.323733206109146,0.0451451624815623,-0.853806033741205,-0.486162984934198,-0.280135436610533,-0.0366103973216445,0.151794678516777,"Male",0
1.30306766106136,1.66020908022231,-0.10497557531501,-0.939896041383224,-1.17971691860487,-0.624091344352912,1.2343190590869,1.51403828771413,0.0522502101572705,1.80058654523744,-3.23390155713471,-0.76213734373751,-0.495346035019633,0.514123168744284,-0.350003531611403,-0.729109981122807,-0.688163681552377,1.13576315733626,-0.192464524532184,-0.297689968199921,0.10920550281084,-0.736185650883761,-0.937505301339721,-1.22464927832151,0.1415354629316,-0.0543277469032874,-1.2070553399909,-2.00252891002446,0.0637016997084228,1.55382175312265,1.72067603633426,-1.49362086411989,-1.55705921877133,"Male",0
0.736400013094756,-1.34713027710196,-0.419504492228197,0.747613373111146,-0.863165475046896,-0.680220580804325,-1.52529073503483,-0.0648587340107622,-1.60806854896198,0.663251151477656,-0.18602203615626,-0.76213734373751,1.17879917840922,-0.695188451283163,-0.350003531611403,6.01421879601132,-0.688163681552377,-1.87212413875591,-1.61453055237081,1.08379649124778,2.20607195002279,0.826670923102454,-0.506160157231317,-0.689760832870618,-1.65599397902311,-0.0543277469032874,-0.876025473261929,-1.05490952327283,-1.12062051432733,0.0613982515583013,-1.09035806652306,-0.588676362722824,0.897100322367392,"Male",0
-0.061971562504883,-0.344683824660537,0.0773064175590651,0.405504384672816,0.0810712947749862,-0.680220580804325,0.0516291473204437,0.536428093396874,0.99085048872136,0.366138097795932,0.676487948552902,1.57250054723845,-0.495346035019633,0.454956371105708,0.758301236746659,0.461835912690841,0.517247217139223,-0.29900827478585,-0.638371938083203,0.634182276013394,0.71744738749715,-0.320952277099769,0.577377524541194,-0.233787663243397,0.860547239713484,-0.792826899863361,0.455209887841752,0.413795093859998,-0.921925474544225,-0.160453756469803,0.134003796326268,-0.0233649748858921,-1.2033064921207,"Male",0
1.28508727561817,-0.678832642141011,-1.1285170064108,-1.30457410261289,-3.43143666745169e-05,-0.680220580804325,-0.736830793857191,0.711024255227524,0.277320898855296,-0.287512329744493,0.0760029925488006,-0.76213734373751,0.868544744360935,0.189051329599303,-0.350003531611403,-0.729109981122807,1.78311297435848,0.861610892878655,1.63365050197938,-0.131651065301537,-0.848008116714538,-0.875521704747909,-0.992496596271787,0.857381162363977,0.1415354629316,-0.0543277469032874,-2.10815398499045,-0.792039416697603,0.683639805537404,1.7930176570595,-0.488969726900459,-1.02651858165265,0.140953869151678,"Male",0
3.00361951301305,0.657762627780885,-0.154190099961426,0.153858568521441,3.50892604729812,0.779139566932458,0.0516291473204437,-0.0360395206486068,0.937296391468719,-2.49776276313835,-0.232237707698763,2.69292058586578,-0.495346035019633,-0.695188451283163,-0.350003531611403,-0.729109981122807,0.798421061793542,-1.82126438617037,0.392651078125274,-1.0220797110737,-2.57076951694007,2.28664650034736,-0.986990459506483,1.06175472787333,-0.577476313850285,-0.0543277469032874,-0.184218099680061,0.374042519113807,0.414956334111253,-1.75228292701209,-0.270893336264742,1.65512598947812,0.511311315624681,"Male",1
1.82502859495697,2.66265553266373,0.443962392513882,-0.93116895582658,1.0351437325169,-0.589010571570777,1.2343190590869,1.73202430167862,0.277320898855296,0.894760110482317,0.0760029925488006,0.206390652617862,-0.495346035019633,4.07620442575589,1.94890586414122,0.917775594810941,-0.688163681552377,1.49035723246233,1.21042423042773,-0.71110991400332,-0.579139187050748,-1.00169126980092,-1.04747424260909,0.668564467675399,3.01758257005914,-1.90057562930347,-0.883772935969006,0.25035690907429,1.02784242879926,0.853812687550174,1.78870898333935,-0.437649761552661,-0.871149135410957,"Male",0
1.07011064216216,-0.010535007180063,-0.426413721193478,-0.901221125885626,-0.211221546704302,0.393569982445183,-1.13106076444601,0.343278678665127,0.701992629187514,0.326224279067389,1.06419484428555,-0.484235844783276,-0.495346035019633,-0.695188451283163,-0.350003531611403,-0.0202941721627078,-0.209880379893509,-0.86976966498212,-0.153200378578684,0.496759240498916,0.610395594394763,0.620782579618521,-0.371963474429025,-0.374120860762702,-0.577476313850285,-0.0543277469032874,-0.95679423930568,0.312097494581619,0.550020260957684,-0.402369203061535,-0.263067947190393,-0.325512575074502,0.111901513212965,"Male",1
-0.749878708593935,0.323613810300411,0.63325728418528,-0.0492410056375399,2.84730238248535,-0.680220580804325,-0.342600823268373,-1.15066396145985,0.277320898855296,-2.49865740705002,0.0760029925488006,0.778356004796228,-0.495346035019633,0.569668978063123,-0.350003531611403,0.580617917848103,0.195593390279244,-1.04762470628234,0.911834954299776,-0.236095621879729,-1.16574791666088,1.11082952569323,0.692334801688874,3.02832891731395,0.860547239713484,-0.0543277469032874,2.1810399393044,1.99516314071468,-0.635204829260554,-1.84557646622545,-1.20803140895145,2.7174058658767,0.731899786396418,"Male",0
-2.39317562965869,-1.34713027710196,1.0487066628939,-0.576199738508405,1.48356253810174,-0.327961234798895,-2.70798064680128,-1.74867146843199,0.277320898855296,-0.725219135915316,0.0760029925488006,1.18455574346435,-0.495346035019633,-0.695188451283163,-0.350003531611403,1.75350857364299,-0.688163681552377,-0.236524713041448,0.869875343146454,-1.72144619874009,-2.33288169228279,1.27903079604899,1.70033300654498,6.10561341414572,-0.577476313850285,-0.0543277469032874,2.39993709722795,1.63061223731897,-0.220923129752496,-0.932492359536214,-1.24945588795624,2.68932530562289,0.945946992471767,"Male",1
-0.168530146065783,-0.010535007180063,1.47647708718625,-0.675134320111214,-1.23663732782901,1.91598918478266,-1.13106076444601,-0.696747791246073,-0.177384649667715,2.04401239826946,-1.68045746821797,0.725639502374923,0.917810761106587,-0.695188451283163,-0.350003531611403,0.219571253683112,-0.0480278557579935,1.25573576963258,-0.962441990325838,0.378709196595447,1.84503557439031,-1.62802491556912,0.469217844851745,-0.77608828697135,-0.577476313850285,-0.0543277469032874,0.4608586238775,-0.632361309956656,0.969971994245996,1.20930148512093,-0.413454463441061,-0.332377358215971,-1.02958863528334,"Female",1
0.683883706590407,1.32606026274183,2.48325182974569,-0.84679770974686,0.973343003997249,-0.0453576916758942,-1.91952070562364,-0.563638601720583,1.67600580249919,1.43423569498044,0.550827830287493,0.000602053002391742,0.953621752041577,2.12300266322527,-0.350003531611403,-0.729109981122807,2.92180307092948,-0.302821649143098,-0.047307996610457,-0.594294115857636,-0.0161337907194592,0.427554969486989,-0.669858601576673,1.1337441735487,1.22005312810443,-0.0543277469032874,-0.425290778868084,1.20553070415989,1.20950822064897,-0.785085581370424,-0.101379801890458,2.74758173328763,1.33303381216681,"Male",0
0.215957425592018,-0.678832642141011,0.848303408318475,1.93382765579995,-0.300298931173308,-0.556844722903873,0.0516291473204437,-0.361018395138386,-0.17842437272074,0.420026147372068,-0.890224737033329,-0.165665833786955,-0.495346035019633,0.0394314886267939,-0.350003531611403,1.55293115991953,0.338395600056924,-1.12534964009673,-0.994047804854497,0.258911138994047,0.775720124077743,0.854459533879427,-0.46615572604364,-0.998304763187772,0.501041351322542,1.05342098253682,0.947009977808384,1.09790958085579,-1.21470978843539,-1.86793039315804,-1.09954549315459,0.397409086214629,0.829887304303772,"Female",0
-1.38463084307239,-0.678832642141011,-0.13452711392253,0.536235891013996,-0.596501580162772,-0.540281936500798,0.840089088498078,-0.919667496686715,-1.01851952657949,0.344858236498363,-0.251019191429082,1.05497710143698,-0.495346035019633,-0.695188451283163,-0.350003531611403,-0.729109981122807,-0.688163681552377,0.152082507417267,0.550038118558047,-0.441303013959893,-0.506213711900484,0.195533930347439,0.476933257614771,0.924697898606753,-0.577476313850285,1.05342098253682,0.540780775732996,1.93700903421076,-0.881386767594945,-1.06362618958862,-0.0232756676978488,0.192051487645843,-0.217401252667106,"Female",1
0.47611438217076,0.991911445261359,-1.15153651417154,0.58054556185254,1.00639354604103,-0.462625401825635,0.445859117909261,1.70805705593294,0.87645696729995,-1.24277621625359,0.198630694717721,0.218036279828546,0.621869107408803,0.753440849060334,0.115306786967775,-0.229103638930512,1.67353983605781,0.251606682745167,1.89968031790005,-0.122597101289143,-1.25577939946982,-0.363283055018482,-0.600823949508685,0.0367748931168377,1.93906490488631,-1.90057562930347,-0.973771851450673,1.29516268907239,-0.914060330362197,-0.163939227618694,0.0575753748804538,-0.503373273347169,1.41602435888798,"Male",0
-1.29404047511911,-1.34713027710196,0.206932267290566,1.00149736526936,-0.300493571523309,-0.45814403658351,0.0516291473204437,-0.868718569352251,0.277320898855296,-0.184121080975346,0.0760029925488006,3.07399315163086,-0.495346035019633,-0.695188451283163,-0.350003531611403,-0.729109981122807,-0.688163681552377,-0.972959383910744,-1.45972451191542,1.87442593749231,1.65632341602938,-0.415643441044549,0.677343485434635,-0.320357121268109,-0.577476313850285,0.684171406056786,2.15421986692243,0.780801351227123,-0.951889114818458,-1.06959491690758,-0.228029401757653,-0.0599165294341813,0.824672501178147,"Male",1
1.28297423271407,0.991911445261359,-0.333255952874164,-1.23786665736422,3.06800087536501,-0.680220580804325,0.0516291473204437,0.669956068155414,-0.0987406082565048,-2.47773162135405,0.605202618355421,-0.76213734373751,-0.495346035019633,-0.695188451283163,2.57062349947056,-0.729109981122807,-0.688163681552377,1.27207030219843,2.09164613628836,-1.36696478554497,-2.13293072450355,-0.147852936598165,0.533653133412844,1.36251179518329,-0.577476313850285,-3.74682351170366,0.440434109684178,-0.0735546532571335,0.526434545491062,0.414666148906323,2.18399862854969,0.194814828346677,-0.513172824503186,"Male",1
1.57625372027452,-0.678832642141011,-0.357087786116726,1.25964831527898,-0.557687288946014,-0.680220580804325,-0.736830793857191,0.760959281236341,0.734459886858174,0.863417315760914,1.25329082144881,-0.76213734373751,-0.495346035019633,1.14697775888864,-0.350003531611403,0.796903258962584,-0.688163681552377,0.370308195381285,0.204322069738067,-0.272604485336869,0.103712510483224,-0.0856793071775957,-1.27458778162282,-0.831578489265658,-0.217970425459342,1.05342098253682,-1.47067285171316,-1.30247231235518,-0.551770345198789,0.852061484966811,0.613392137181422,-0.799825219301064,-0.85476737006591,"Female",0
-0.622831796424108,0.657762627780885,0.185850260960608,-0.605206218411815,-0.422668772808061,-0.606195066064054,-0.342600823268373,-0.295818093791329,0.945407822104196,0.111405987741256,0.633204940840086,0.112243238447002,-0.495346035019633,-0.156740763483245,-0.350003531611403,2.05863487646337,0.816691935734118,0.581986783209646,-0.213896235505724,-0.260212520446964,-0.0504768648728374,-0.610264168247586,0.449726729480565,0.379192228073872,1.22005312810443,0.684171406056786,0.776537176767133,-0.685398121438922,1.98687503723262,0.68293679641367,0.517003121446812,-0.202399215681443,0.430343252481148,"Female",0
-0.167539009365076,2.66265553266373,-1.24994532803761,0.313298020379504,0.717702532514136,-0.246542801052357,2.81123894144216,1.18222807105324,-0.478196172291698,-1.46627652737525,0.0440285223824026,-0.0558461695000304,0.175520819459058,0.609623860759093,1.3264574717894,0.171623465642378,1.43907468539254,-0.0289453781393803,1.6402617909823,0.530720202856125,0.0143813324791029,-0.485513296979855,-1.29013147224638,-0.252036412596274,0.501041351322542,-1.90057562930347,-0.529505986021727,0.661032103288198,-0.800891883173783,-0.302775064561458,1.53227710616634,-0.680673088763886,-0.69920885664356,"Female",0
-0.71112708964568,-0.010535007180063,1.79897905991585,1.61248693906372,0.610659969746655,-0.531450857005915,0.840089088498078,-1.04741395038461,0.277320898855296,0.356336697009306,0.0760029925488006,0.663310053448542,-0.495346035019633,0.182608781104707,-0.350003531611403,-0.729109981122807,0.538471817055461,-1.31284323398408,-1.77272033141539,1.09335050117175,1.21838712485146,0.537952824975221,1.55646540009253,0.739640540461417,0.501041351322542,-0.0543277469032874,1.24839512720183,1.40061738023374,-1.17928959935146,-1.0268353457865,-1.26838843581903,2.07329619129771,0.303855649573044,"Female",0
-0.941827154512116,0.657762627780885,0.328153803687828,0.228489339576277,-1.55619845825961,-0.680220580804325,0.840089088498078,-0.598714743052462,0.739405749170414,1.29741669262276,1.44792071698158,0.145015617300127,-0.495346035019633,-0.322769069072239,-0.350003531611403,1.19904430600209,0.352675404592456,1.81393506934802,0.581605680740715,-1.05270421136825,-0.324929515429337,-1.2098434024013,-1.02939585813175,-0.571420766182595,0.1415354629316,1.05342098253682,0.130009102594006,-0.438061752359173,-0.507213145182513,0.626584543751121,1.96724164569367,-0.876199867590752,0.63454947055638,"Male",0
0.658467822796488,-0.010535007180063,1.03980841346892,-1.33167392171579,0.555276384714026,-0.680220580804325,0.0516291473204437,-0.408441885974219,0.713771845065344,0.960219013851111,1.35803166870632,-0.76213734373751,-0.495346035019633,0.00833079044082355,-0.350003531611403,-0.000633587680599609,-0.688163681552377,0.246403016346122,-0.241690999446721,0.799843645204705,1.08322060124881,-0.636024186641368,-0.224575682173664,0.685744273381135,1.22005312810443,-0.0543277469032874,-0.177873521818697,-0.00196830133120735,0.967623144735312,0.642087949171362,0.828023523014617,1.17514098114405,0.120863021360922,"Male",0
-0.0250625212965269,0.657762627780885,-0.467318802412704,-0.104335264561818,0.219859232879608,1.62245834082953,0.0516291473204437,0.0688825650651164,-0.354939610835694,-0.82367190828346,-0.186455974327389,-0.76213734373751,-0.495346035019633,-0.695188451283163,-0.350003531611403,0.778462011348255,0.329091437383729,-0.432045846172547,-0.353671988732271,0.0385957431876275,-0.115959561776322,0.410261528982263,0.169733440877297,-0.925456368590976,-0.577476313850285,-0.0543277469032874,0.590066763412833,-0.353556793879064,1.67942058444884,-0.476184407504624,-0.467752049467591,-0.28365987856504,1.58150254281857,"Male",1
-0.453326928784975,-0.678832642141011,1.34503874641626,0.0217872180771376,1.4134797209957,0.0129754893706464,0.0516291473204437,-0.951705527444837,-0.0301021326654005,-1.05584882785578,-0.297146017360448,-0.76213734373751,-0.495346035019633,-0.0757659826701482,-0.350003531611403,1.19507895014166,1.04300055684274,-1.24605989443877,-0.803258022880629,-0.767400383431394,-0.340097571197172,1.67647378634889,2.11138428013024,0.721562957917655,1.22005312810443,-0.0543277469032874,1.51939771664724,1.19109403092396,0.230681838517479,-1.70134404262376,-0.580902858328806,2.15946960407483,-0.0736759364296267,"Male",0
-0.341126217395408,0.991911445261359,-1.3216949330653,-0.236958907488045,0.011310759921593,-0.563471768985383,1.2343190590869,0.357828679359875,0.277320898855296,-1.00295229680408,0.0760029925488006,-0.76213734373751,-0.495346035019633,-0.239696314628222,-0.350003531611403,-0.729109981122807,0.584847450273147,0.870310709172445,1.646906915251,1.43248173245197,0.222092883393645,-1.76749307426996,-1.2031598573647,-0.478362213267349,1.22005312810443,-0.0543277469032874,-0.443854233603467,0.306203544547365,-0.405672292449505,0.90375208583294,1.35424173016219,-1.24462476399829,-0.994570411177787,"Female",0
0.259885292841487,-0.678832642141011,-0.979435979332297,0.0688457846495639,0.222693445022263,-0.130012984709668,0.445859117909261,0.383899462452461,0.277320898855296,-0.720832508813941,0.0760029925488006,-0.76213734373751,-0.495346035019633,-0.0660622364255465,-0.350003531611403,-0.729109981122807,-0.248592605354143,0.870917553983804,1.46151532198688,-0.371002640315497,-0.766503060390552,-0.46364932247895,-1.16565879566207,-0.497417164999659,-0.217970425459342,-0.0543277469032874,-0.954002437992983,-0.179059878638342,-0.0868563386638366,0.410898804505795,0.732194594677517,-0.8520079257569,-0.218740797829409,"Female",0
0.231068967815612,0.323613810300411,1.18484987909614,0.244340933673867,-0.911893805803368,1.36288362602717,1.2343190590869,-0.221388846046993,0.277320898855296,0.76505010362608,0.0760029925488006,-0.76213734373751,-0.495346035019633,-0.695188451283163,-0.350003531611403,0.00257085393277931,-0.688163681552377,0.132287048918827,-0.6562614896301,-2.54115177260096,-1.61608294546769,1.74393955332416,0.286514155521996,-0.482226444477645,-0.577476313850285,1.05342098253682,0.266354185442711,-0.458995946996467,-0.31773209302723,-1.10784028110679,-1.05942030911246,0.252266218087887,0.307098408185343,"Female",1
1.18117255748422,0.991911445261359,-0.498100182316518,1.00897172010596,0.356145737538732,-0.567962107901497,0.445859117909261,0.966293396347153,0.43323688224715,0.0274536556151783,2.34476317712229,-0.251987004066623,-0.0107824921497489,0.247270506828191,0.255445879004021,0.246782449466346,-0.688163681552377,0.348215718496243,0.947405136695337,-1.26637784302094,-1.20834666969789,0.582334037731004,-0.661838418259962,0.129940483051693,0.860547239713484,-1.90057562930347,-1.48729556705285,-0.0930532967560193,-0.149477362668485,0.115473713819956,0.037556389461892,-0.208549574047812,0.164400270801778,"Male",0
-0.715425299290234,0.657762627780885,-1.60740913336804,-0.34680149860645,-0.167667290927513,-0.257006137960658,2.02277900026453,-0.0817710156799952,0.168802242538102,-1.08066874655729,-0.930628511735537,1.19073852550174,0.179173452060565,-0.695188451283163,-0.350003531611403,2.44062169451737,-0.382617906263956,0.0812022430686273,0.916473287821097,1.30293942645359,0.847125501310659,-1.19629959502081,-0.971721708134847,-0.437707134635624,-0.577476313850285,-0.0543277469032874,-1.03247688215095,-0.461247225883737,0.482085582205712,1.06350473597914,2.64414490201029,-1.19155749117928,0.467471655767554,"Female",1
-1.25827670432512,1.99435789770278,-1.38647518788071,1.14955586029067,-1.06165425014395,-0.680220580804325,0.445859117909261,-0.856248237145327,0.828924031980541,-0.383717472009485,0.552821535922717,0.320755582076809,-0.495346035019633,-0.695188451283163,-0.350003531611403,-0.729109981122807,-0.0669248543054146,1.62881118923421,1.6613404439324,-0.357329836863252,-0.963197919563569,-1.34227629148988,-1.3389608915058,-0.61132938913554,-1.65599397902311,1.05342098253682,-0.972273164948853,-0.865264334954502,-0.683338955722545,1.32615531969764,-0.297240330920884,-1.41461253712482,-1.12012206382414,"Female",0
-0.676659754400093,-0.010535007180063,-1.19248895736064,0.649889010391243,-1.452073958933,-0.341209927015913,0.840089088498078,0.549678885724801,-0.503568014233204,-0.0120505017849531,-0.365826462220839,-0.0321274360368293,-0.495346035019633,-0.695188451283163,-0.350003531611403,-0.263619002104231,2.13870478795386,-0.664712298546886,-0.462342310971501,0.813057952562906,0.196043616106887,-0.0509514709881972,-1.13775250514657,-1.79738881026891,-0.577476313850285,0.684171406056786,-0.714952447291617,-0.374305768549295,-0.827859493276534,-0.184352478571485,0.270059469040311,-0.921415482509866,-0.173968053232497,"Female",1
-2.04047514572147,-0.010535007180063,-1.55373468559929,-1.60692424482302,-0.912051501825873,1.67720735015509,1.2343190590869,-0.384312473395903,-0.6113340001159,-0.901830273719904,-0.0913257075505145,0.0686170310556273,-0.495346035019633,-0.18360598782146,-0.350003531611403,0.33035144033774,-0.330720534665073,0.0149072449623512,0.92078811973695,1.90926751269578,1.10958624343237,-1.28266753230799,-0.965828907948294,-0.30361540479421,0.1415354629316,-0.0543277469032874,-0.17078430588499,0.446698962136697,1.84895720806186,0.427795292722537,0.501549923484229,-1.36341919930792,-0.905903757325928,"Female",0
-0.610858127985878,0.323613810300411,-0.22073128968859,-0.398670082682581,-0.852646924228915,-0.319672779598767,0.445859117909261,-0.126107098564803,-0.118664396712756,0.61932237365902,-1.14708968946189,2.9397104379803,1.6143620295851,0.21665768037424,-0.350003531611403,-0.729109981122807,0.267497939169996,0.0863955095724644,-0.513215677998968,0.638016511649834,0.700676347599702,-0.815722731068806,-0.236779325233782,-0.882850284772595,-0.217970425459342,-0.0543277469032874,0.272298269546423,-0.0153262065170846,1.56896039367559,0.10083467640219,0.624952459128468,-0.560442132366615,0.795138826518455,"Male",0
-2.32052650975181,-1.01298145962149,0.227233458571266,-0.61890723109317,-0.896534265876247,-0.565439445589073,-0.736830793857191,-1.15007364102948,0.277320898855296,-0.117303038567197,0.0760029925488006,0.8750396877586,-0.495346035019633,-0.695188451283163,-0.350003531611403,0.314836314918868,-0.688163681552377,-0.424896537866316,-0.618924758716821,-1.17758069346945,-0.0611462090397359,1.22012974682327,2.76047783046181,0.346103292438966,-0.577476313850285,1.05342098253682,0.91432455416737,1.30791200099654,0.233100123185682,-1.22096084276626,-0.809438592193952,0.666531824942173,-0.411349824362896,"Female",1
-0.705925342887364,0.657762627780885,-0.576113682107887,-0.00771829725027958,-0.655876062284559,-0.545805830354885,0.0516291473204437,-0.674352993039482,0.416214695907038,0.098144317813671,2.73510850839544,0.146771623806213,2.09462077599919,-0.695188451283163,-0.350003531611403,-0.729109981122807,-0.297093479034554,0.884563738804545,0.136881340864895,-0.607475484155448,-0.760463083411329,-0.503309417080451,-0.198316534377592,-0.900997182027404,-1.65599397902311,-0.0543277469032874,0.184112668466577,-1.47800899381253,0.0380689677027965,0.787968690765951,0.420063067195681,-0.967618345096406,0.0696673348417783,"Male",0
0.747546216768474,3.33095316762468,-1.03129434909634,-0.434484994482064,1.03760589709268,-0.421381365411822,2.02277900026453,4.8439306706421,-0.173709766463058,-0.948051420909949,-0.231069632784972,-0.76213734373751,-0.495346035019633,0.8627124557673,0.650814782918843,-0.460248812206912,-0.688163681552377,2.00486855320345,3.11029270876586,-0.478774443521487,-1.17208539925171,-1.50326035635301,-1.45633437109581,0.356015440534601,3.73659434684102,-1.90057562930347,-1.13264069546294,0.889984052465944,-0.1977006352649,0.817487688618934,3.29686122651846,-1.11950637501867,0.160308403149056,"Male",0
-0.13327359478881,-0.010535007180063,1.57726267873786,0.571091772825581,0.436823181148465,0.393149382929613,-0.736830793857191,-0.584575248329402,0.716335433589335,0.504145099226226,1.12133021050702,-0.76213734373751,0.596167143779785,1.42776608872098,-0.350003531611403,-0.729109981122807,-0.688163681552377,-0.0504108726455472,-0.580785370328402,-0.467220209035081,0.342690817753148,0.520792176576485,1.00444476035648,0.385966308998638,0.501041351322542,-0.0543277469032874,0.868786177531338,0.518126100404532,-0.949570108874779,-0.624464587468392,-0.357599662080662,1.23715837456518,-0.640310851123893,"Female",0
0.335518492369924,0.323613810300411,-0.272683376715987,1.00825338186741,-0.246623793056726,-0.680220580804325,1.2343190590869,-0.0226373855045937,-0.841814014020199,0.741652403587345,-0.380883643946619,-0.76213734373751,0.498397915197474,-0.0509228355332499,-0.350003531611403,1.93937306437412,1.11243227763401,-1.16290152140768,-0.765442875933679,2.63116291671379,2.72883282871107,-0.811519692968906,-0.0149827561248929,-1.03720698119606,0.1415354629316,-0.0543277469032874,-0.168154582516906,1.04572092237458,-1.1073394188543,-0.0901810250234771,-0.369507304503546,-0.395628803138973,-0.388223250677561,"Male",0
0.549945270506749,0.657762627780885,-0.231573464372568,-1.00940975505347,-0.111284503103014,1.15425678800565,0.0516291473204437,0.42954761733393,0.505019983511718,0.190442672944067,1.78746397905462,0.131888499052059,0.63690145129019,-0.328158229972472,-0.350003531611403,0.411041571446694,-0.688163681552377,0.668394845315379,0.37611635245938,-0.597175344114659,-0.305244669916606,-0.264555864148651,0.0494779316364576,-0.468094799940236,1.22005312810443,-0.0543277469032874,-0.336186244890659,-0.524566593639485,0.631754124122242,0.48967031652346,0.919468629505994,-0.580498461340854,-0.0860688248398007,"Female",0
-0.903991489036087,-0.010535007180063,1.5288980759809,2.48280795292682,2.42902147123841,-0.680220580804325,0.0516291473204437,-1.17981463915435,1.00473914253871,-2.10754806663641,-0.0852986966610571,-0.28612115088158,1.31321959700569,-0.108922416513158,-0.350003531611403,2.30620832488647,0.950334831186571,-1.5724342603118,-0.644450364553649,-1.02989744699422,-0.734079516086485,1.99771408285224,3.24829951020405,1.88600558629602,1.22005312810443,-0.0543277469032874,2.80892980903525,2.31230719318907,-1.26893426395047,-2.48758154501147,-1.317767360234,2.41296528658432,-0.137428407156595,"Male",0
-0.343691775581567,0.657762627780885,-0.211018508200858,-1.38217082667669,-1.14458837161482,-0.680220580804325,0.840089088498078,-0.125788419900055,0.277320898855296,1.06870722470877,0.0760029925488006,1.60450767961474,-0.495346035019633,-0.695188451283163,-0.350003531611403,-0.729109981122807,-0.688163681552377,1.00364071318052,-0.17885537980747,-0.980512525476106,-0.589355010774505,-0.339554322731131,0.0996488821575177,-0.924476559675132,-0.577476313850285,-0.0543277469032874,-0.455329917662631,-1.0540789290839,0.708017953823358,0.690024404640395,-0.044796442636436,-0.823139056279831,-0.108728293021273,"Female",1
0.079417047159679,-0.010535007180063,0.944802488839109,0.582491539795353,2.73732035631111,1.04149644742446,-1.91952070562364,-1.15934533814147,0.277320898855296,-1.76075131637506,0.0760029925488006,5.42607316338957,-0.495346035019633,1.64987568779686,-0.350003531611403,-0.729109981122807,5.04658111303394,-3.12801877324292,-0.999826274942115,-1.02989744699422,-3.35906857445969,2.95834810212043,0.41329935316102,3.45156382053283,-0.217970425459342,-0.0543277469032874,2.10449506119234,2.08978070333135,-0.517706640573088,-3.24748331068536,-1.27503253833297,3.24282475214462,-2.43384785818443,"Male",0
-1.6238125182771,-0.678832642141011,-1.07055126729948,1.16566183503056,-1.22437311187953,-0.495156793953646,0.840089088498078,-0.686649036926276,0.0919138302327358,-0.0984250544402046,-1.68208488941257,-0.76213734373751,-0.495346035019633,0.0519598907027848,-0.350003531611403,1.59184969100707,-0.688163681552377,0.950451105382926,0.669338563076267,1.450753792182,1.30627423322148,-1.88894413812875,-1.32396237098047,-1.06610325461951,-0.217970425459342,1.05342098253682,-0.0795803011894522,-0.678862833270501,-0.992616656704317,1.18638967900289,-0.0511570272293965,-1.28783930544641,-1.58123436185558,"Female",0
-0.229221937381896,0.657762627780885,-0.741574695763387,-0.241039702259432,0.0303218138939453,-0.680220580804325,0.0516291473204437,-0.561008922433124,0.632390849156817,-0.198685175125561,0.931722793765088,-0.76213734373751,-0.495346035019633,-0.695188451283163,-0.350003531611403,1.64146640608823,0.91141562660844,1.91007976210525,2.03739971136881,-0.933230028170289,-0.751705744461273,-1.39483379022245,-0.247471170377813,-0.560101682498168,-0.577476313850285,-0.0543277469032874,-1.18518174640043,-0.00882645146399497,-0.44616460897353,1.30734795099687,1.38610288203271,-0.46387833613107,0.260977115693854,"Male",1
0.437551848821084,-1.01298145962149,1.66861803950101,-1.38650241196895,-1.31870872696614,4.42753993627442,-0.342600823268373,-0.0440244133165243,-1.4684828859849,2.24581799148877,-0.406983121351709,-0.76213734373751,-0.495346035019633,1.06360965302685,-0.350003531611403,-0.729109981122807,-0.688163681552377,0.701112335510603,-0.703679682951726,-0.970873540794258,0.174570542581161,0.156498879254885,-0.295450686099738,-0.72325813743199,0.1415354629316,1.05342098253682,-0.431470031042144,0.0314106721474518,0.973111277346155,-0.151587228310256,-0.851899250037309,0.110930464200765,1.42220202598942,"Male",0
-1.45324255497441,-0.678832642141011,0.384496207928808,0.906393439312228,-0.16833025992738,-0.680220580804325,0.0516291473204437,-1.17999148420446,-1.69700201348167,-0.887191162734301,-0.000948686459439606,0.160705369770906,1.25776829225017,-0.695188451283163,-0.350003531611403,-0.729109981122807,-0.688163681552377,0.129339072956458,-0.153852802728062,0.133318968588114,-0.0668789226937356,-0.173719064868553,-0.611379359260787,-0.885721727777323,-0.577476313850285,1.05342098253682,2.57998851598631,0.969013441323901,-1.00946713364257,-1.70723518256718,-0.243391663999542,0.164093913306898,-0.338433097919722,"Female",1
1.16190410739829,0.991911445261359,1.2200317163054,1.57754140576011,0.292287811273626,-0.558607235159593,0.445859117909261,2.09334479147573,0.277320898855296,0.743879958885887,0.0760029925488006,-0.357080086462588,0.274136858109155,2.29804558959226,-0.350003531611403,2.37030821457859,-0.688163681552377,-1.64279355345919,-1.25219467507305,1.21411081294359,1.92163683895664,0.754409028411197,-0.416510475414464,-0.343213203758563,2.65807668166819,-0.0543277469032874,0.55692630149024,1.31266567896798,-1.21027192884674,-1.56195931146115,0.028876515598572,0.706450856962714,-0.433850530377539,"Male",0
-0.506496067533661,-0.010535007180063,-0.420816859741156,-0.150800877438843,0.706538756740304,0.839735836042636,0.840089088498078,-0.738528382422225,0.277320898855296,-1.24942984324475,0.0760029925488006,-0.341400450697108,-0.495346035019633,-0.695188451283163,-0.350003531611403,-0.19254403541536,-0.326108365027803,0.664313562086427,0.60968268694629,-0.364260104816548,-0.382995371554687,-0.324076365330624,0.941432446932742,-0.628987964187624,-1.29648809063217,-0.0543277469032874,0.696534513568247,-0.101387394380542,-0.151335188137954,0.117873756220223,0.404778399798944,-0.157808496286555,-0.0381173103608841,"Male",0
2.21772698779448,2.32850671518326,0.0938071184306619,0.638785099572218,1.16036611412032,-0.680220580804325,0.840089088498078,2.9525027428465,0.519597153437043,0.264572252214226,1.75199949012619,0.189123540851392,-0.495346035019633,4.18640272153838,2.66056177109221,-0.729109981122807,-0.688163681552377,2.10338808925059,1.46414216911406,-0.465343828778508,-0.806977697454476,-1.67349335801796,-1.28132543682186,0.057935122479932,3.01758257005914,-1.90057562930347,-0.387970899935477,-0.693513549269104,-0.799367112433651,1.41816482536257,2.97397048194355,-1.06014299648625,0.461166832567977,"Male",0
0.794729326612902,0.991911445261359,-0.278988577995653,0.222810296196164,1.84291788886786,-0.680220580804325,0.445859117909261,0.599006996339085,0.277320898855296,-1.51751156765103,0.0760029925488006,0.198072007250402,-0.495346035019633,0.487414445847988,1.9291606300673,-0.729109981122807,0.138122071497571,0.36151186562767,1.26069881557593,-1.14968338669329,-2.04892774003991,0.45706535154125,-0.0328218371957512,0.734247764687241,1.93906490488631,-1.90057562930347,0.350841490764751,0.672983211464231,-0.824172968281878,-0.651454442949181,0.487094981354214,0.399267884522667,0.477018959469774,"Male",0
2.30561926319156,-0.344683824660537,0.115576906527413,-0.863854958105614,0.491434327907373,1.00301868050571,-1.13106076444601,0.418729968892027,-2.61592650263389,0.111415787380725,-0.0526626366942333,1.7622840145049,-0.495346035019633,-0.695188451283163,-0.350003531611403,2.49028569312187,0.941085242808205,-1.15130703857288,-1.01320063716104,-0.833785758652402,-0.606086873413948,1.33869848683815,-0.781287406560743,-0.686644275502259,-0.577476313850285,-0.0543277469032874,-0.735513157691763,-0.814369446158541,0.000323054421855546,-0.690599986112631,-1.02549751031835,-0.00754844239497899,1.48521423042406,"Male",1
0.962208718199098,-0.010535007180063,0.473167890086041,0.233390247429778,-0.16138860511883,0.927778100498242,0.0516291473204437,0.321803107442175,-2.15332054955025,0.343484592306179,-0.0982166495601141,-0.76213734373751,-0.495346035019633,-0.695188451283163,-0.350003531611403,-0.729109981122807,0.680582027260036,0.465683034616713,-0.202397402850924,-1.95988387151075,-1.29059689619187,0.929692114275621,0.027232258604344,-1.46148884951113,-0.577476313850285,0.314921829576749,-0.4211612298542,-0.761000730760524,-0.931839375930401,-0.380862015785484,-0.766778588539125,0.0324403064500545,-0.153103084876655,"Male",1
0.902803787537877,-0.678832642141011,1.15022948075196,-0.0363554702212133,0.928242775923267,2.79305657080922,-0.736830793857191,-0.378625520225862,-0.471974585239649,0.153789349657413,-0.433289893405138,-0.76213734373751,-0.495346035019633,-0.695188451283163,-0.350003531611403,-0.729109981122807,-0.688163681552377,0.222171046296992,-0.196445144189244,-1.79676443882535,-1.25254901489184,1.19718573346209,1.61497705130614,1.59663235377731,-0.577476313850285,-0.0543277469032874,0.203580542389172,0.0594356248175017,0.0780872118554466,-0.195602702345391,-0.784012099949353,0.826898555714755,0.44511404583198,"Male",1
0.581154403664768,0.657762627780885,2.28983449269045,1.45672651244429,1.67730283511002,-0.418284144031057,0.0516291473204437,-0.267932641761002,0.277320898855296,-0.47974671818267,0.0760029925488006,-0.76213734373751,-0.495346035019633,-0.695188451283163,6.01136219362195,-0.729109981122807,-0.688163681552377,0.924860792850011,-0.367776425187286,-1.72888603480066,-1.16351002326503,0.446005022048037,1.19243895111548,-0.0611127883626583,-0.577476313850285,-1.1620764763434,2.48083691277965,0.0131208236659956,-1.13664030468722,-1.0121152551921,-0.636665577391902,1.30603165482751,2.31010127029575,"Male",1
-0.758690055112912,-0.010535007180063,-0.616214305122064,-0.241951148094071,-1.43084403746942,-0.22619742373066,0.445859117909261,-0.179722840349499,0.617058283121067,0.877269483897117,1.66911742008528,-0.76213734373751,-0.495346035019633,-0.695188451283163,-0.350003531611403,-0.729109981122807,-0.114223719561718,0.0709918256397289,-0.685708969301401,0.806886270376292,0.881527823074852,-0.472825566322511,0.124564251939448,-0.678782051232082,-0.577476313850285,-0.0543277469032874,-0.282337992947674,-1.35078227508242,-0.439285734334608,1.04026879860907,0.897570226507863,-0.995155124637752,-0.383635540125349,"Female",1
-0.433137623242208,-0.678832642141011,-0.508313362098997,4.84461817241153,3.24822762466081,-0.680220580804325,-2.31375067621246,-1.1178626368017,1.12186580889451,-4.22742032497476,-0.616755160578123,-0.209474475760719,-0.495346035019633,-0.695188451283163,-0.350003531611403,-0.729109981122807,-0.688163681552377,-1.78200887961152,1.99476790779459,-3.42236645847248,-4.41830470688016,4.26429477379505,3.45251562321138,4.46431194381031,-0.577476313850285,-0.0543277469032874,0.739801981896666,1.71544588776561,-1.28664371676718,-2.38048929994318,-1.25668581038919,2.90841774068752,0.431399263951479,"Male",1
0.645515521862775,-1.68127909458243,-0.795366547939455,-0.590324083947584,0.101439808820599,-0.404125417718988,-0.342600823268373,-0.438063948874092,-2.51678095305015,-0.619597827825609,0.000497645231258436,4.72317074777052,2.97811412742151,-0.695188451283163,-0.350003531611403,3.93450057502602,0.885254282783378,-2.00186952484491,-1.54894294644579,0.965331232681244,0.831289588097965,0.479702848354462,-0.861788334294083,-1.39630186430015,-1.29648809063217,1.05342098253682,-0.869931285306985,-0.668923864858033,0.0268175726889389,-0.237598954643022,-1.10255410117712,0.496593683694879,-1.05327743394298,"Female",0
0.453650520829855,-1.68127909458243,-1.15637080871341,0.55173968888504,-0.410436651374772,-0.680220580804325,-0.736830793857191,0.418305674013112,-1.08162863820781,-0.237926451496119,-0.141210472061103,-0.206334345829042,-0.495346035019633,-0.695188451283163,-0.350003531611403,-0.729109981122807,0.268402921765376,-0.0314673466062147,0.0888489808407316,-0.640373202384794,-1.21679985975367,0.527311797914159,-0.923660948171776,-0.374120860762702,-1.29648809063217,-0.0543277469032874,-0.95679423930568,-1.57163349449093,-0.987038507272225,0.534195331052639,-0.293376338159718,-0.949615925286205,0.316136735381324,"Male",0
-0.858442660135555,0.657762627780885,-0.969697304042374,-1.17457027822662,0.536001533967165,-0.680220580804325,0.840089088498078,-0.398899970021362,0.277320898855296,-1.76460523872952,0.0760029925488006,0.349468652079446,0.560506912086029,-0.695188451283163,-0.350003531611403,-0.0202941721627078,0.746686223424261,0.0849635309459931,0.572947699679564,-1.15725158551375,-1.98304311471914,0.574047188766341,0.17973399931372,0.463697413028088,-2.01549986741405,-0.0543277469032874,0.359217948709943,-0.824636722962162,0.131706549006804,0.0412666288872838,1.04104161441989,-0.228810806258133,-1.01236041807633,"Male",0
0.866844809585068,0.657762627780885,-1.21485544940291,0.38349169054068,1.10281797665007,-0.434219440564792,1.62854902967571,0.500682607252149,0.277320898855296,-1.32329702363608,0.0760029925488006,0.10353812203145,0.820265424736823,-0.695188451283163,-0.350003531611403,0.595685583942474,0.801709966092979,0.844175281526256,1.90896224231569,-0.212599163533286,-0.723357981470937,-0.865237414468965,-0.251859422623085,0.0480910191267166,-0.577476313850285,-0.0543277469032874,-1.40415103728931,-0.236064199400555,-0.293283260594159,1.216385389778,1.12661746980489,-0.953146059997906,0.0248383562178512,"Male",1
-0.742698022629834,-0.010535007180063,0.00334032044696788,1.93688698407077,0.38749941155013,-0.181902481577131,0.840089088498078,-0.335952352352123,0.277320898855296,-0.474656859087416,0.0760029925488006,-0.76213734373751,-0.495346035019633,0.153245845514254,1.2851362498746,1.02795455939804,-0.0953618428765913,0.44409539269154,0.57392174136737,-0.786943410558451,0.043392189041112,0.115908709426652,1.48515900760642,-0.953406222922788,-0.217970425459342,-0.792826899863361,0.541096393708583,1.30016425912672,-1.18157940664627,-0.778892676499577,-0.329513551077145,0.139677107909596,-0.84730533712272,"Female",0
-1.16825631658938,-0.010535007180063,-0.79155713521265,-0.432467157666275,-0.270103751210992,0.512832970630126,-0.736830793857191,-0.697669008011574,-0.044497075476117,-0.615971479862219,-0.582039037876424,-0.551542451096201,-0.495346035019633,-0.695188451283163,-0.350003531611403,0.34517705764559,-0.144496117987503,1.34269273287004,0.980817433728152,0.218308862160267,0.473541516315727,-1.43542369627081,0.63225657734599,-1.08936957595508,-0.577476313850285,-0.0543277469032874,0.23482363196062,-0.246148606778956,1.34546122722473,0.984039199401171,0.420264957835335,-0.844956766070397,1.18234075396454,"Male",1
-0.965734628481142,0.991911445261359,1.4253916649851,0.712701899781522,1.18651936261049,-0.647267287145753,0.445859117909261,-1.1681874881672,-0.702904996731204,-0.125718632994399,-0.250390983229341,1.98693977940703,1.24545132976352,0.433407990358387,-0.350003531611403,0.439523109059684,-0.688163681552377,-0.608986313012723,-0.689531227503006,1.04285073443079,0.948448149143535,-0.279667210875372,0.73530756771977,2.37211080695776,0.860547239713484,-0.0543277469032874,0.495018386729705,0.942492489228848,-0.47189390294205,0.183180840720682,-0.286656776187747,2.74744372218476,0.0892515475642792,"Male",0
1.27088674080121,0.323613810300411,1.0151949506527,1.98430331072439,1.81668546800563,-0.534284566030648,-1.52529073503483,0.0397740199040527,0.277320898855296,-0.391117947075515,0.0760029925488006,0.381971751372343,0.953621752041577,1.18360562505578,1.4604436338546,0.243611908756179,-0.0318060901920457,-0.366733803370589,-0.569288013136207,-0.594294115857636,-0.420568677130984,0.684098557478688,1.50681915057796,1.02922103607773,1.22005312810443,-1.1620764763434,0.590578278547485,0.00213087085038268,-1.14829131864937,-0.176275394836373,0.265639869476887,1.15206205145262,-0.648884388804048,"Male",0
0.973987996947301,0.657762627780885,1.1537060061087,0.543716722687637,0.73554962294294,0.6440136273272,-1.13106076444601,0.351222492856008,-1.0556614496015,0.458441092126402,-0.260707877398523,-0.76213734373751,1.87191662345936,1.60693263429459,1.12891270387275,-0.729109981122807,0.92033047944055,-0.594191868177019,-0.0353692527466672,-1.00076144234138,-0.432160759862522,1.21464948885483,0.271097912162841,-0.0190062247378884,1.93906490488631,-0.792826899863361,-0.0478447384270543,1.34477760631566,-0.679352235743055,-1.46326479835881,-1.10880359945922,1.26532925933728,0.70615424832302,"Male",0
1.04355559208656,0.657762627780885,0.146565288812712,-0.528059887979397,1.29718739070423,0.967444102124301,0.840089088498078,0.0858218576502091,0.761873408018796,-0.330701687167714,0.642942744578228,-0.445050382207882,3.11885400434377,0.0858661363682827,2.66056177109221,0.0796523033308781,-0.688163681552377,-0.805987433843308,0.142426009691151,0.694518976280618,0.437200354243606,0.299543045414147,-0.1403757180281,0.70972243434311,0.1415354629316,-1.1620764763434,0.0812716954671782,0.825851880468504,0.766364946084492,-0.5128587322503,0.818973734817659,0.524851898574599,0.538494280869425,"Male",0
-0.704312198694797,-0.678832642141011,0.861645686093162,1.60566510213642,1.12767721787581,-0.680220580804325,-1.52529073503483,-1.13386562842456,0.67794923808998,-0.921261494604362,0.436462109341792,-0.76213734373751,-0.495346035019633,-0.695188451283163,-0.350003531611403,0.106746517215427,0.439847857368406,-0.419726293056696,-0.188473903318197,0.08770093773678,-0.193759966962508,0.398065348505532,0.773016709770748,1.33596230383175,-0.577476313850285,-0.0543277469032874,1.54944295836938,0.3730279719039,-0.434155979412007,-0.58690783779178,0.37171025899908,1.76487809150901,-0.94075564030969,"Female",1
-0.643318784639305,-1.01298145962149,1.65747714184697,1.5067001939903,0.0523069417834283,-0.536340002858445,0.0516291473204437,-0.697501542991811,-2.4100399834268,0.877686827173937,-0.125433522814945,0.70335071067287,-0.495346035019633,0.20726600673358,-0.350003531611403,-0.729109981122807,-0.688163681552377,-1.25647716390833,-1.18084171993399,0.300461607355558,1.15809064353603,1.13557203466071,1.05170528740151,0.713302789114891,0.860547239713484,-0.0543277469032874,1.0890009246952,2.50357996256115,-1.17252946553728,-2.06731128010069,-0.541718244933117,1.26135551082954,-2.3890200164285,"Male",0
0.211638160481339,-1.01298145962149,-0.0794054306237933,1.93154393187949,-0.0728143204333937,-0.680220580804325,-0.342600823268373,-0.05365097799525,-1.62520845303305,-0.304940905891545,-0.0713776373114019,-0.76213734373751,-0.495346035019633,-0.695188451283163,-0.350003531611403,-0.729109981122807,0.0770896011018289,-1.53109704947867,-0.381418346031277,-2.1427663693463,-1.28753000636587,3.11645245112498,1.72448692579342,0.29613375826993,-0.577476313850285,-0.0543277469032874,-0.710041954052752,1.03960739380964,-0.621197291272028,-1.98302724133844,-1.21241565171836,0.791060381873499,-0.51038878012463,"Male",1
-2.09941798483844,-0.010535007180063,-0.294550351366741,-0.893316200608463,-0.246286334198588,-0.680220580804325,1.2343190590869,-0.948650465083717,0.277320898855296,-0.340438420372993,0.0760029925488006,-0.76213734373751,-0.495346035019633,-0.0741695330087664,-0.350003531611403,-0.729109981122807,-0.688163681552377,0.732415235602298,1.4306365932924,0.313809159872515,-0.107235875957519,-0.746107150769491,0.373112495264789,1.35019866055368,0.1415354629316,-0.0543277469032874,1.68455754269733,2.49784152171735,-0.124544572013341,-1.00353895013536,1.35515790166559,-0.445014430920593,0.531812180717289,"Female",0
-0.517345944133523,-0.344683824660537,0.0597826929069638,-1.31972770589147,-0.927820814867841,2.23849971466924,0.0516291473204437,-0.700081845896966,0.879945777552931,1.08644424913573,1.05072733937781,-0.323967903057141,-0.495346035019633,-0.695188451283163,-0.350003531611403,-0.170312299702964,-0.688163681552377,1.09372691238098,-0.370390405291772,0.109997610480138,0.849528966152872,-1.11784722945237,0.783944670445198,-0.45634185393529,-0.577476313850285,-0.0543277469032874,0.269967122129097,-1.4487767295937,2.5688410900366,1.52781742042679,2.77467766557368,-0.689492232931368,-0.52376311096279,"Male",1
0.0423714373036008,1.66020908022231,-0.31736806404579,-0.459441145768319,-0.893935127357164,-0.680220580804325,1.2343190590869,0.803982510533494,0.277320898855296,1.11414100136004,0.0760029925488006,0.256834819094708,1.44038436800746,0.559787279396371,-0.350003531611403,-0.729109981122807,-0.688163681552377,1.17165172143328,0.645946712837801,0.167488566801951,0.512159279655597,-1.25901869688031,-0.433263193733777,-0.687244862078455,0.501041351322542,-0.0543277469032874,-0.787723229039785,-0.106509391878948,-0.473243556229865,1.01069307647915,1.75693961173105,-1.14614744454025,0.681673982419895,"Female",0
-0.137059179163293,0.323613810300411,1.64365135705643,0.225731605132396,0.175947663277159,-0.680220580804325,0.0516291473204437,-0.41572502492563,-0.515399664431512,0.817393007668643,-0.590094650711044,0.720003984018438,-0.495346035019633,0.21752117102921,-0.350003531611403,0.215977764157334,-0.0504526126738805,0.139297940470359,-1.24818557595224,-1.03090353630445,-0.155847660570711,0.511733334296767,2.01872557845622,0.235201520176051,0.501041351322542,-0.0543277469032874,0.934973280966777,0.268793333913284,-0.124099237812091,-0.396892217481919,-0.230902813145546,0.941197054073254,0.65286697184552,"Female",0
2.05696665495696,0.991911445261359,0.28426211623531,-0.600429236978851,0.57704003100975,1.5358448287219,0.445859117909261,0.99629304281233,0.0235990616667133,1.00834065229925,-2.17118337785344,-0.208692774391583,-0.495346035019633,1.34969421030498,0.963658980247239,-0.729109981122807,-0.211909870565318,1.37828496484772,0.969401954570208,-1.66613675272256,-1.59646167926328,-0.144633390222219,-0.658346745806095,0.681204818812269,0.501041351322542,-1.90057562930347,-1.34105769908429,-0.541980604936423,-0.033360937860005,0.897442649055679,0.174038568986953,-0.589945631196379,0.627817397433021,"Male",0
-1.36022607100694,-0.678832642141011,-0.487943941348849,1.98755597714774,-0.439478241887603,-0.680220580804325,-0.736830793857191,-0.65034685390049,-1.84553518271073,-0.139731109225856,-0.0732525776305852,-0.183312919880153,-0.495346035019633,-0.695188451283163,-0.350003531611403,0.00906506252796961,-0.688163681552377,0.919545572761058,0.520159251048788,-0.0535582175149134,0.524947438970757,-0.782108768269726,1.03502830771964,0.164895091606195,-0.577476313850285,-0.0543277469032874,-0.118225822164069,0.0353608465236245,-0.495680981951681,0.889842903541961,-0.804602138291225,-0.447388202835461,-0.590687837895008,"Female",1
-0.34231353790635,-1.34713027710196,-0.889332061867269,-0.505094336095289,-0.450064334547453,0.283507818644494,-1.52529073503483,-0.19600596049745,0.440915371169322,-0.384542125879151,1.68261381476112,0.30841070148157,0.521508239621145,-0.695188451283163,-0.350003531611403,0.636160414247714,-0.688163681552377,0.196934675842304,0.693759515969811,-0.111191558152626,-0.548040356787913,-0.145588323452741,-1.27083035709334,0.449839704980061,-0.577476313850285,-0.0543277469032874,-0.697439922156568,-0.366077650878152,0.535292740072873,0.388856663100008,0.736251022989145,-0.619779005539419,0.0782976658720334,"Female",1
0.556499626807996,0.657762627780885,1.04604817355953,0.975701665531362,1.281261741132,0.0771370131073499,0.0516291473204437,-0.0955764232684317,0.697221036711869,-0.387865547661025,0.700197513132997,-0.487358333535576,-0.495346035019633,1.33533407925451,3.56330852969786,-0.0282583947352817,-0.451709015563728,0.58548548320976,-0.0525731167975802,-0.346894689716814,-0.41545643839825,-0.243034476020104,0.0743535829808365,0.211239404071721,0.501041351322542,-0.792826899863361,1.68539596121164,-0.140406656222326,0.965446073674013,-0.356030212708161,0.629692953515125,0.63951178118832,0.95208479395085,"Male",0
-0.570988787012854,-0.010535007180063,-1.078437658647,-1.21005868342235,0.284463249964076,-0.680220580804325,0.840089088498078,-0.797326855095821,0.994272692989307,-0.667006579655981,0.35567214057748,-0.292970304735638,-0.495346035019633,-0.695188451283163,-0.350003531611403,-0.729109981122807,0.119297815732634,1.46096988766733,2.99410466998725,-0.488491113145621,-1.13283961377517,-1.0514926407781,0.245884775541868,1.70298169200575,-0.577476313850285,-0.0543277469032874,-1.25601343733022,1.52586015619191,0.341362524822629,0.923573543266709,-0.380728995025385,0.0157680267045356,-2.38060457922231,"Female",1
0.194599515072285,-1.01298145962149,1.24708857960174,-0.547650275697425,0.98155099596904,0.57431709005712,-2.70798064680128,-0.455487221518875,-0.958726225295125,-0.534395163312506,-0.109887060808024,-0.76213734373751,-0.495346035019633,0.550058785360091,-0.350003531611403,-0.729109981122807,-0.688163681552377,0.603095978802362,0.0277335279640686,-0.417238451631793,-0.194837577738502,-0.120583219972017,-0.119636722872267,0.596543862360665,0.860547239713484,-0.0543277469032874,1.40169853369325,-0.206209668766509,-0.169621280896169,-0.242347818181154,-1.12863134143377,1.00715999975547,0.657053829283038,"Male",0
1.21891153301478,-1.34713027710196,-1.10249457031463,-0.966824233822935,-0.916554079994577,-0.516115825235531,-1.52529073503483,1.7918564330916,0.277320898855296,0.317463114904255,0.0760029925488006,-0.76213734373751,-0.495346035019633,0.187431842821115,-0.350003531611403,-0.729109981122807,0.545211572542322,-0.623260334486968,-0.158900128015564,-1.74531907928611,-1.69653852206229,1.89017057657428,-0.373984344296217,-0.817162958258468,-0.217970425459342,-0.0543277469032874,-2.00677191220734,-1.34012278937945,0.614416217162416,-0.0863290791213304,-0.790349786210723,-0.931036429997819,-0.603190259409818,"Male",0
0.717634073718683,-0.678832642141011,-0.747878600040452,0.844669176698287,0.964848564965375,-0.680220580804325,-0.736830793857191,-0.572056547607171,0.889962083596856,-1.26492886198876,0.187949251342517,0.0396768171796493,-0.495346035019633,-0.695188451283163,-0.350003531611403,0.293443972786876,0.001818786414536,-0.349838992109633,1.22030219255304,-0.768039338545605,-1.57818066348266,0.871314920744148,-1.24020867900778,1.39890737885417,-0.577476313850285,0.314921829576749,-1.33568709261756,-0.275703243670527,-0.65369693675024,0.0714349428995906,0.510550362357397,0.939036469697426,-2.83695623672255,"Male",1
0.361629155659483,0.991911445261359,-0.127478640457122,-0.823924271390359,-0.79569612965778,-0.680220580804325,0.0516291473204437,0.463473557347515,1.42720127637023,1.2636433039343,0.620834090515812,-0.135077551225373,-0.495346035019633,0.0771043060580922,-0.350003531611403,1.66995891074222,-0.148562007885945,2.38671241793967,1.35140681165849,-2.00634581831192,-1.38304593085072,-1.09644344836033,-0.562935676878441,-0.43661546393591,0.860547239713484,1.05342098253682,-1.13184073226289,-1.23019684306752,1.77613150217672,1.64560209713144,2.15046109577984,-1.00640145019727,-0.125221578489646,"Male",0
-0.739165524875929,-2.34957672954338,-0.968899634144854,0.960961265681076,-1.55892284246072,-0.148162193608623,-1.13106076444601,-0.600009256324634,0.277320898855296,0.183504337421504,0.0760029925488006,1.21405109327044,-0.495346035019633,-0.695188451283163,-0.350003531611403,-0.729109981122807,-0.688163681552377,-0.802498491285288,-0.541247764314575,0.699681864986581,0.472864753759932,0.366334340534426,-1.65925757982877,-1.62661686602571,-2.01549986741405,1.05342098253682,-0.710041954052752,-0.380769076111733,-1.08678098008143,-0.615971640666521,-1.19927714514582,-0.59710732565916,-0.439522195943213,"Female",0
-1.9689157258148,-2.01542791206291,-0.299035884628435,-0.802906851538962,-0.688679040676803,0.117866999989228,-1.91952070562364,-1.36144577153806,-3.426718547299,-0.542224495212726,0.0144373978968748,-0.76213734373751,-0.495346035019633,-0.695188451283163,-0.350003531611403,-0.729109981122807,0.801709966092979,-0.359946671948199,-0.568448141830452,1.13988402517088,0.745492260859062,-0.355697577921294,-0.122967269465485,0.000639364681927658,-1.29648809063217,1.42267055901686,1.23486101407653,0.431662964745517,-0.0246219061747267,-0.462422168841561,-0.655706505852471,0.101475240569095,0.735530567406769,"Male",0
-0.24661661609821,-0.010535007180063,0.0586141521692122,0.325530515378205,-1.58641001301737,1.4229749262281,0.840089088498078,0.196579118480623,0.277320898855296,1.40264640087063,0.0760029925488006,-0.286699542367443,0.407838016939532,-0.109634768924799,-0.350003531611403,-0.122783942838585,-0.688163681552377,0.512970793335366,-0.470288820782875,0.582968441864857,0.870871033062809,-0.828355256537985,-1.00678426134808,-0.659532498492828,0.501041351322542,0.684171406056786,-0.295889880302999,-0.805497125825944,-0.197734740722672,0.754406087832057,0.874224559966753,-0.894353698512325,-0.10654234268357,"Female",0
0.0139864344173339,-0.010535007180063,-0.0178019201867904,-0.98477151455668,-0.30753554535576,-0.680220580804325,0.445859117909261,-0.236322799666247,1.23249309743,0.061231474566095,0.454142935297687,-0.76213734373751,-0.495346035019633,-0.695188451283163,-0.350003531611403,-0.729109981122807,2.00122485173718,-0.994012198855724,-1.11355413550839,-0.28125556963364,-0.806655399366652,1.12710753290844,0.747294978691247,-0.0130048810050688,-0.577476313850285,-0.0543277469032874,0.429380739085378,-0.102958358469509,0.0574547296889183,-0.708362962904117,-0.867682556367584,0.0957235397117138,-0.00857968021004341,"Female",1
-0.285214052875463,-0.678832642141011,0.0437673438810276,0.430113282329781,-0.132049491731309,-0.680220580804325,-0.736830793857191,-0.641972316381187,0.827908188273124,1.18756932940486,1.18337603251515,-0.76213734373751,-0.495346035019633,0.19230819803717,-0.350003531611403,-0.729109981122807,-0.688163681552377,1.52308856914612,1.33825924966708,0.298955689828204,1.1641010545986,-1.52947574388062,0.71415917645679,-0.317452757194733,0.1415354629316,-0.0543277469032874,-0.659146455068723,1.57342089261178,-0.392280003918734,0.67284476710676,0.69886222668247,0.364563073323178,-0.260266697860741,"Female",0
0.116851273505823,0.657762627780885,1.25462792363761,-0.397071240381377,-1.97859488322533,-0.448049648209837,1.62854902967571,0.919371901097034,0.277320898855296,2.73901939921957,0.0760029925488006,-0.76213734373751,-0.495346035019633,0.952369431044842,-0.350003531611403,0.123892291540309,-0.688163681552377,1.08013904194865,-1.37160415042543,-0.24654427137622,0.953265521633092,-0.771292951320372,0.687107060636114,-1.16415680254398,0.501041351322542,1.05342098253682,0.291027146232637,-1.39874996074581,-0.26469584357919,1.07464741578573,0.250243998592654,-1.10192074231981,-0.363143766325465,"Male",0
-0.384038124627524,0.323613810300411,0.172520382518795,-0.463822432719096,-0.945828100049507,0.558858789915585,0.445859117909261,0.152398381837227,0.277320898855296,1.14026241133984,0.0760029925488006,0.665911234830279,-0.495346035019633,0.00833079044082355,-0.350003531611403,0.363604609040529,-0.196614127730706,0.91650096037799,-0.383841363602109,-0.0501006040747984,0.901490589515279,-0.924214392421824,0.555049361013167,-1.27120351941487,0.1415354629316,-0.0543277469032874,-0.13560743694812,-0.636168797425704,0.238804897164956,0.912275243633189,0.922188383083486,-0.703726129137399,0.340365985997054,"Female",0
-0.694648109041267,1.32606026274183,-1.31185060539685,-0.52817288879422,0.3380577436003,-0.653891918345157,2.02277900026453,0.58604633559999,0.277320898855296,-1.31915604659298,0.0760029925488006,-0.45159344649342,0.684527734444482,-0.695188451283163,1.86132836335064,0.459000327229382,-0.688163681552377,1.07813739755801,2.11789222778336,1.36478674740437,0.532742126553329,-1.96242342078568,-1.0497632278844,-0.110081162355909,-0.577476313850285,-1.90057562930347,-0.0165244200508663,0.750912989354075,-0.169213402290401,0.761099019350976,4.14022735015342,-1.10592002174661,-0.682037647649204,"Female",1
1.03773096845107,-0.010535007180063,0.747344260537387,-1.11054707589604,0.537756084427246,-0.423226340951307,0.0516291473204437,-0.0377692453196967,0.277320898855296,1.17666499969738,0.0760029925488006,-0.40962805497393,-0.495346035019633,0.173119081295114,-0.350003531611403,0.170000522495076,-0.688163681552377,1.67240938759026,0.885587000983717,-0.577168134033407,-0.149050769604976,-1.17410905283956,0.980937898118505,1.58065120997866,1.93906490488631,-0.0543277469032874,0.193382629071487,0.654785555221844,1.44355432760206,0.999295025408057,1.82303062855393,0.425212207217344,-1.00498481864972,"Male",0
-1.7268679358599,-1.34713027710196,0.925910820829147,1.38526436417529,0.580002835823405,-0.680220580804325,0.445859117909261,-1.32203631577325,1.66143616808623,-0.656384763527767,0.222560807726697,1.9551217571484,-0.495346035019633,0.420345531543089,-0.350003531611403,6.20153348426503,0.870685597928418,-1.74084511926161,-1.34039485573106,0.43422333735492,1.13650563555339,0.816378845036909,1.81439318077372,1.82620995929392,-0.217970425459342,-0.0543277469032874,1.64172056712332,1.64009175507721,-1.19318471181078,-1.20505186745178,-1.02916118007911,1.73468276180643,-0.117702970025733,"Male",0
-0.800142316088584,-0.344683824660537,-1.39809561794052,-0.924848584730518,0.406906194090787,-0.239896398297538,-0.342600823268373,-0.225451331748969,-0.733685036930777,-1.13153002045345,-0.0209461866379862,0.182996256570633,-0.495346035019633,-0.695188451283163,-0.350003531611403,-0.729109981122807,-0.281507347774787,1.59856493912471,2.56981315344058,-1.48968512210265,-1.68662571285402,-0.511478218080451,0.270350975677265,-0.213695402979314,-0.577476313850285,-0.0543277469032874,-1.51109285110574,0.452679117620849,0.148228839804964,0.781056565148331,-0.167641600450132,-0.739035249198496,-2.22168555369069,"Female",1
1.14736719109544,-0.010535007180063,1.25148601488435,1.13121288395188,-1.53506744901208,-0.680220580804325,0.0516291473204437,0.407059312331457,-0.879978061740379,2.54095330364865,-0.708857345833706,-0.131032004176907,0.70355795653264,0.470724485606205,-0.350003531611403,0.880587855999533,0.398002268021344,0.673127254322637,-0.934674024704229,-0.794658620832749,-0.00373981839394192,-0.253319988642591,-1.17281464599108,-0.94609767641812,-0.217970425459342,1.05342098253682,-0.782210364363284,-1.14627488405519,-0.51913706422896,0.615396059194286,0.238112077910412,-0.646865568442905,-0.98221103796406,"Female",0
-0.123109192525207,0.657762627780885,0.196590150977757,-0.822976565337915,-0.639033645992572,-0.680220580804325,0.0516291473204437,-0.545291170282103,-0.217865681937885,0.543270765671262,-0.868179669401666,0.0479771708123328,-0.495346035019633,-0.695188451283163,-0.350003531611403,-0.21254028183924,-0.688163681552377,-0.251215561878667,-0.244192610410119,-0.342873843151148,-0.397960515778787,0.584110295699316,-0.215477855582738,0.877954632160105,-0.577476313850285,1.05342098253682,0.0174430442912887,0.507907612386262,-0.29734968721511,-0.508200893360804,-1.10918124945287,0.100793227407028,-0.414203379495341,"Female",1
0.0319490610044571,-0.010535007180063,-0.569381612859665,-0.00799965304889727,-0.649926808683487,0.868854330112998,0.0516291473204437,0.129530470660082,0.277320898855296,0.593544981965648,0.0760029925488006,-0.76213734373751,-0.495346035019633,-0.695188451283163,-0.350003531611403,-0.729109981122807,-0.152851369361842,-0.968615592824536,-0.659893302895915,1.64945007880484,1.53537873855083,0.00282034477338814,0.265690044507344,-0.192486605713395,-0.577476313850285,-0.0543277469032874,-0.561493678457984,0.211306888510964,0.670836287072349,0.165609004208274,0.174384690940791,-0.354676508454529,0.63915562585131,"Male",1
-0.217221085583054,0.657762627780885,-0.210124814454262,0.412674181608435,0.093571503857867,-0.490262545045199,1.2343190590869,-0.521174245069025,0.277320898855296,-0.496928622316775,0.0760029925488006,-0.76213734373751,0.231973411910313,-0.695188451283163,-0.350003531611403,0.247419039440641,2.27700559370269,-0.823561872481948,-0.272499517705448,0.38367312849536,-0.392076199810404,0.381618103926833,0.00483186478079492,0.201217786601188,-0.577476313850285,-0.0543277469032874,0.667779025572216,0.729037749940143,-0.930507784191047,-0.83102103140898,-0.368234230070152,0.1325953495214,1.20992686920604,"Female",1
0.180186871024663,0.323613810300411,2.60717416692035,-0.253779467014267,0.666322371065808,1.61076023935599,0.445859117909261,-0.545264535751525,0.370894888887807,1.327936520118,6.92273821833505,0.462542814408256,-0.495346035019633,0.813139187467828,1.10345405193173,0.0518075924420181,0.365706253871261,0.944365529479247,-0.626097618007767,-1.15708980824204,0.416782425721049,-0.218772274203364,1.42817616994285,-0.21916798611083,0.501041351322542,-1.90057562930347,0.507114858337287,0.557691044287479,2.4382533616838,-0.118157364509962,-0.665391826606224,1.60559715653174,-0.065586134272985,"Male",0
-0.112902330556624,-0.678832642141011,-0.0480129255368374,-0.840643160464995,-0.605325370221903,0.189185464655886,0.0516291473204437,0.900691453304178,0.277320898855296,0.185265365830695,0.0760029925488006,-0.76213734373751,-0.495346035019633,1.102985729989,-0.350003531611403,-0.729109981122807,0.568222304894826,0.986868388402658,0.445987907745286,-1.54041018793273,-1.81677448648898,0.133199919832335,-0.956598110783284,-0.296818767658532,0.1415354629316,0.684171406056786,0.0952789371209882,-0.758226237758111,0.49348684770036,-0.0117048137334696,-1.05782085031581,-0.513376483987672,-1.02066242129565,"Male",0
0.152192560460801,0.991911445261359,-1.17344245083749,-0.319524870846108,0.391062366638317,-0.680220580804325,0.840089088498078,2.62411404414141,0.277320898855296,-1.05142676513543,0.0760029925488006,0.0235761312174559,0.250959662532967,0.272503678397444,0.58248582168583,-0.228099610130928,-0.0120362832233551,0.742681090644536,1.030383494245,0.404454586804938,-0.451266746822458,-1.01608225420425,-1.66812018984874,-0.713041140923417,1.57955901649537,-1.90057562930347,-0.297797172264724,-1.19885249693039,-0.515761658159912,0.893828721521337,1.36536528026027,-1.18290808740761,0.0291636221657001,"Male",0
-0.406996869132822,-0.344683824660537,0.300897781218381,-0.718195130823541,0.00868507616613207,-0.169444529096451,-0.736830793857191,-0.795540188189724,0.673962886455804,-0.0447213201554683,0.927680823429794,3.78014652640016,3.20276577971872,-0.695188451283163,-0.350003531611403,-0.729109981122807,-0.688163681552377,-1.56866386794725,-1.3504874137168,0.571676604819765,0.282061483739191,0.842523795585504,1.05622849325328,2.01517063132634,-0.577476313850285,-0.0543277469032874,0.623429765478835,0.493070106329883,0.8703512949717,-0.529647808247513,-0.112619250727118,0.860389797883885,-0.69320769431645,"Female",1
0.376968514159432,0.323613810300411,-0.833724450967959,1.5148208442141,-0.850886155561956,-0.680220580804325,0.0516291473204437,1.6044613085729,-0.480761885687038,0.512157732248067,-0.531690217466476,-0.142033840524249,-0.495346035019633,0.832262200320462,-0.350003531611403,-0.729109981122807,-0.688163681552377,-0.0511738723155273,0.103096848952357,-0.456776253195192,0.0593692673142636,0.510647038893968,-0.0528357756713345,-1.04765867487488,0.1415354629316,-0.0543277469032874,-1.49214111491782,-0.414259457104041,-1.11985813794837,0.199795415933384,-0.300702130698325,-0.822700542481155,-0.389051868001969,"Male",0
-0.462774651421059,-1.01298145962149,-0.744238253596379,-0.858096203343285,-0.0559784042057011,0.130535056827221,0.445859117909261,-0.712849771867518,0.277320898855296,-0.528477161364774,0.0760029925488006,0.871621781638567,0.280562602519409,0.310888126130071,-0.350003531611403,-0.729109981122807,0.0147829663972068,0.999638671298734,1.05242632934367,1.03680183230812,0.356047624583677,-1.74496485669219,-0.0897800066482869,0.565304146175233,0.1415354629316,-0.0543277469032874,0.237816511219462,0.105973306014181,1.9609232925327,1.20728141274287,-0.441496060671067,-0.256423756624063,-0.582731751476492,"Female",0
-0.903567043822886,-1.34713027710196,-1.556623392659,-0.337914286113359,-1.33107806563088,-0.0815087253225679,0.0516291473204437,-0.305393646121169,-1.04165953417654,-0.560683023738493,-0.0938014032947777,-0.282621031816475,-0.495346035019633,-0.695188451283163,-0.350003531611403,-0.117582616529776,-0.688163681552377,0.594063250438986,0.926868611771822,-1.03901143251039,-1.29307746884526,0.229488228758105,-1.70252796992624,-1.24031444150898,-1.29648809063217,1.05342098253682,-1.60673653314183,-1.1245817181796,-0.669464134086991,0.376329276110793,-0.42349149270789,-1.11134522181976,-1.41334717356951,"Female",0
-0.512620101048433,-1.68127909458243,-0.738123188879982,-0.514776922095256,0.503938965622321,0.371377172711886,-1.13106076444601,-0.476173512644646,-1.62520845303305,-1.08299527577074,0.018855401378518,0.127147452916059,-0.495346035019633,-0.695188451283163,-0.350003531611403,-0.729109981122807,-0.688163681552377,0.480828514623505,0.393139604110856,0.613918340674814,0.787220960925255,-0.77193206777647,1.28312894679922,-0.435053098856582,-0.577476313850285,-0.0543277469032874,-0.0520358600449383,-0.4154124046464,-0.0737062886430112,1.01397926782692,-0.394386177324658,-0.365613619055702,-0.488274385060925,"Female",1
1.15495792112847,0.323613810300411,0.360952875519353,-1.19314716698572,0.112100951638963,1.27973403621426,0.0516291473204437,0.25705864390163,-0.377953398468281,0.755578067632264,-0.708997069601113,-0.76213734373751,-0.495346035019633,0.625114783185172,0.92226961343524,-0.729109981122807,-0.688163681552377,0.632922329464309,0.232468091948299,0.364683832645507,0.371237267607855,-0.680766045073037,-1.26828293176999,-0.575280715291801,0.501041351322542,-0.792826899863361,-0.136765411876082,-0.11216463843198,0.640236550147663,0.192161332965665,-0.611044868633182,-0.442747523723464,-0.0978292213374947,"Male",0
-0.376011152511465,0.323613810300411,1.17435278087009,0.551707914556536,-0.0579445703057977,-0.664357970502839,-1.52529073503483,0.451784542938996,0.277320898855296,1.04977022125202,0.0760029925488006,0.028870696412569,0.506433580563125,0.928499825606803,0.275845117906161,1.288435825513,-0.00748016867936005,-0.456141911306078,-1.07246600505297,1.5391538665288,1.91839491393255,-0.694736791457826,0.533653133412844,0.342777304411869,2.29857079327725,-0.792826899863361,1.70205585686537,1.385013518472,-0.855267318066876,-0.66274007817655,2.10307254412322,0.228064203991251,-0.465325719462723,"Male",0
1.72329494441726,-0.678832642141011,-0.0187692122419296,1.11434110196108,1.7350873342181,-0.337800881335359,0.0516291473204437,-0.0496729163244491,-1.10405354806033,-1.62628847890733,0.084073217682659,0.529233318069665,-0.495346035019633,0.895275841063187,-0.350003531611403,0.0943328068440672,0.423095210750771,-1.89113360073714,-0.717753976432458,0.129542453013018,-0.305244669916606,1.74011832686036,0.0741285422936603,-1.18956714944477,0.1415354629316,-0.0543277469032874,0.406179604759181,0.363547982504393,-0.827926396911235,-1.818522454662,-1.17968334716131,1.02870907794074,1.45192476393028,"Male",0
1.8345542076484,1.66020908022231,1.17538102443897,-0.984312181983442,0.968413886495867,0.373761748116685,0.840089088498078,0.247551203803761,-0.30159536313009,0.807625897970692,-0.832374098842918,-0.220940510366044,-0.495346035019633,1.97098405538872,-0.350003531611403,-0.729109981122807,-0.688163681552377,0.793629810000283,0.334676625064363,-2.64240117488042,-2.53504152724933,1.15167852023949,-0.108705343804893,1.81075918430469,1.22005312810443,-0.0543277469032874,-0.773749321384074,-0.781826696907263,2.47833129230117,0.287980966863637,0.577964822758994,1.068114134475,-0.00307402669893475,"Male",0
-1.53104954195866,0.657762627780885,-0.520760433960756,-1.55734392124123,-0.553094999085271,1.43333549522826,0.840089088498078,-1.3196922162762,-1.00659461468899,-0.69379238010794,-0.0755640217188138,-0.76213734373751,-0.495346035019633,-0.695188451283163,-0.350003531611403,0.801584281171425,-0.171735085896174,-1.21749083794172,-0.307424641767043,1.49943988310859,0.827720840376002,0.255214338290113,-1.04550824298612,0.0763291202380331,-1.29648809063217,1.05342098253682,1.02580234302307,1.12185873210974,1.45679838630298,-1.36111048860237,-0.161981928683941,-0.0465386981655668,-0.46816410704987,"Male",0
-0.457585057856644,-1.68127909458243,-1.14959625512057,1.31918726204268,-1.08555677652247,-0.680220580804325,-0.736830793857191,-0.49978929782236,1.09417581184404,0.287757337079597,0.579360121393014,-0.76213734373751,1.53558422389404,-0.695188451283163,-0.350003531611403,1.99770056263633,0.231812942403501,-0.596188914449606,-0.109930040321818,2.33059478632512,2.04979917003188,-1.14009457844589,-0.742776530551202,-0.285885652593979,-0.577476313850285,1.42267055901686,-1.01926886161926,-0.431882183785832,-0.312604743278543,1.21711258217644,-0.676286456726206,-0.990239880691381,-1.88915361521886,"Female",1
-0.115258083164005,0.323613810300411,0.532848689472625,0.425884751115693,-1.55953590618375,-0.680220580804325,0.445859117909261,-0.273370912752612,0.277320898855296,1.78891796791794,0.0760029925488006,-0.76213734373751,3.38116230793947,-0.0668824792089271,-0.350003531611403,-0.729109981122807,-0.688163681552377,0.775685537514523,-0.544293355476327,-0.665442140914647,0.468766237369252,-0.297046875930893,0.414223407971004,-0.98860699069247,-0.217970425459342,-0.0543277469032874,-0.581357581039488,-1.1662286370216,-0.845558713614116,0.944947827155138,1.05250068236895,-0.593841111511107,0.334104681370583,"Male",0
-1.62840787347889,-0.678832642141011,1.32702842969096,-1.01815418480586,0.702515900490508,1.70340099383242,-1.91952070562364,-1.30867934617015,0.277320898855296,-0.586769488758897,0.0760029925488006,-0.76213734373751,-0.495346035019633,-0.695188451283163,-0.350003531611403,-0.729109981122807,3.38495862934907,-1.97098041654043,-1.20951716830305,0.926935443232051,2.0040836983394,1.15296299803207,4.30856670603365,1.12952953090875,-0.577476313850285,-0.0543277469032874,3.04696058270153,3.64791477445203,0.26402367660094,-2.76153657224217,-0.827769062514386,0.937250042270873,0.613261563652785,"Male",1
0.978447361207569,0.991911445261359,0.67419247316112,-0.779706540168878,1.27957084655708,-0.680220580804325,1.2343190590869,-0.0906178659425557,1.17782962823446,0.0546184027007423,0.475476791436619,-0.76213734373751,-0.495346035019633,0.756349743237736,-0.350003531611403,0.022405575365012,-0.688163681552377,0.0184716803920825,0.0771839514711205,0.0878233309551207,0.423628239384639,0.0740348143478268,1.25654111673933,1.00970165498375,0.860547239713484,-0.0543277469032874,0.225436589235464,0.431053502200658,0.306966909742603,0.185383936187034,-0.288875348543399,0.748169453993036,-2.04346921791594,"Female",0
0.465865249328712,0.657762627780885,-0.358222635318752,0.698175516625977,-0.314658022958384,-0.680220580804325,0.840089088498078,1.20451529626784,0.912074398120438,0.5027604395611,0.79850130019441,0.483994218452206,-0.495346035019633,0.839558939101995,0.635940625378015,0.33035144033774,0.384165759109569,-0.750817354412858,-0.526368984562577,1.08518851657906,0.933386585912955,-0.0602046548156988,-0.553519967911247,-0.872833764906848,1.57955901649537,-1.1620764763434,-0.478133224529828,0.203975004250492,-0.957777733482585,-0.235303700254041,0.0682750650923085,-0.366132228943885,0.124891934687946,"Female",0
-0.90073353391676,0.657762627780885,0.420094775737922,0.183106381689631,-0.160870934518283,-0.466282967523541,0.840089088498078,-0.557333623108045,0.937296391468719,0.331525854604165,0.71364317060119,0.101627138663298,-0.495346035019633,0.900542279117292,-0.350003531611403,-0.729109981122807,-0.688163681552377,0.132923799712533,0.231437502882824,-0.700770764740111,-0.280757411762231,0.470878555538569,1.1564699241298,1.29848925115196,-0.217970425459342,-0.0543277469032874,0.646641692312141,1.43399071666456,-0.549993638921947,-0.730879523555398,-0.73192688912469,0.21614758076762,-0.639438890915845,"Female",0
0.157902491106141,-1.34713027710196,0.039268311066427,-0.106974093427371,0.347867688769899,1.09450976835015,-1.52529073503483,-0.318429132696164,-0.0933017021619134,-0.152368357321358,-0.771381365292482,0.85474410472353,1.80833312230188,-0.695188451283163,1.56892084004986,0.301894831910078,0.00752112086053127,-0.332070703195554,-0.150056880404406,0.49362664423753,0.530020427789992,-0.173719064868553,-0.221500527044639,-0.567996163788674,-0.577476313850285,-0.423577323383324,0.306876554868413,0.406579299676167,0.213774638730744,-0.353076332844999,-0.817631382653269,0.143661236944897,1.07793004811802,"Male",1
-2.09492985620961,-2.34957672954338,0.241190527576749,0.358397623152491,1.25166598692136,1.17714687995158,-0.736830793857191,-1.63925110370681,3.59919754500955,-0.138763861460557,0.17144949569636,-0.76213734373751,-0.495346035019633,-0.695188451283163,-0.350003531611403,-0.729109981122807,-0.688163681552377,-2.95517604958391,-0.664193470686341,4.25274215790268,2.67335820391719,0.28324920124166,0.915330630970722,5.54984673169744,-1.29648809063217,1.42267055901686,0.971529175078323,1.64009175507721,-0.7410176879853,0.0266613340083112,-1.30581820614905,3.11317181640444,-3.00365519025335,"Female",0
0.268413924115235,1.99435789770278,0.00498883823517526,-0.059007546853565,1.76314087822581,-0.35998481170848,1.2343190590869,3.4869868731374,0.534222207687844,-0.889534682983004,0.665374787152426,1.33928752483163,-0.495346035019633,1.37531930631487,1.64518314053479,-0.729109981122807,-0.688163681552377,-0.171084351653783,-0.12671868558098,0.513599889573294,0.0548486587323623,-0.151631447279983,-0.00159728636326879,-0.284784120700253,0.860547239713484,-4.48532266466373,1.49933189113352,0.558805623673828,0.293600361904387,-0.883102640880442,1.85791491218935,-0.0265015100997909,0.026199935872329,"Male",0
0.536395934368376,0.991911445261359,-0.0722406364080137,0.515064170209924,-0.713543230462658,-0.520603064645615,-0.342600823268373,2.96373901628369,0.840350838881439,0.876616675949074,1.03704689718253,0.711630304200611,0.204579082459072,0.212364619490736,0.524534505944188,-0.259235847876189,0.262998590673183,-0.454477608326971,-0.939258440874024,-0.475672971828445,-0.1203271851848,0.701491343105245,0.343892569655255,-1.08958697096104,3.01758257005914,-1.53132605282344,-0.568775109011527,-0.609767349476483,-0.342030536230003,-0.14761201505605,-0.419317706498244,-0.346671747671493,0.951656343522927,"Male",0
0.286519796629756,-0.678832642141011,0.842069537358201,0.448435868587797,2.11746265197298,-0.233640426305638,-1.52529073503483,-0.771226393571013,0.819914180441285,-1.98975310796608,-0.0923428939551586,0.303067675847532,-0.495346035019633,-0.695188451283163,-0.350003531611403,-0.729109981122807,1.14511097017821,-1.09401004113167,-0.408930515896321,-2.06511891617111,-2.88064846895833,2.43124885500836,1.36323021340434,2.38441757708072,-0.577476313850285,-0.0543277469032874,1.59477068013069,0.306438874675775,-0.605580267177954,-1.65514764871602,-1.00646045117875,2.02612600914061,1.88849233880577,"Female",1
2.61533254559953,-1.68127909458243,-1.40545650880654,-0.325221743811927,0.39223604045636,-0.680220580804325,-3.49644058797891,1.50268578704537,0.277320898855296,-0.933868188210559,0.0760029925488006,3.66194280041847,-0.495346035019633,0.515642404447851,-0.350003531611403,-0.729109981122807,-0.688163681552377,-1.16113939875599,0.0561818741854201,-0.989114597232941,-1.96616029077905,1.66563561429869,-1.4226837887431,-0.146007708099704,0.1415354629316,-0.0543277469032874,-2.11202478751663,-1.02489126494726,-0.366090221157694,-0.412525020543333,-1.17544339819871,-0.659321241802338,-1.42440194627734,"Male",0
0.482149745515241,-0.678832642141011,0.939639548513406,4.70004362904209,0.833146787477549,-0.537346160746179,0.445859117909261,-0.705846124713403,0.97375427225868,0.300087578544393,0.670302923047067,-0.11108025467333,-0.495346035019633,-0.695188451283163,-0.350003531611403,-0.729109981122807,1.5528442676513,-1.79741960520009,-1.26276108606702,1.48780115424091,1.41331809898997,0.722729497101399,0.262350925498161,-0.0238365302895931,-0.577476313850285,-0.0543277469032874,0.448311535897773,0.960579101927726,0.869112181447883,-1.16450860573838,-1.20128882871712,1.6425185754781,0.139976935749591,"Female",1
-2.21372842578708,-1.34713027710196,-0.889332061867269,0.998235840015132,-1.26725568236354,-0.680220580804325,-1.13106076444601,-1.53265718663294,-1.27865106179688,-0.12599315483332,-0.129578640300492,1.41975100492926,0.886290535170717,-0.695188451283163,-0.350003531611403,0.198411077442109,1.18940942830554,-1.05242330932053,-0.111166315631182,0.961117143557771,0.937971707112343,0.116770055967306,-0.242755515894478,0.0958954739762981,-1.65599397902311,1.7919201354969,-0.0300207862677264,1.18912748462283,-0.701907832157923,-0.852479687108188,-1.1074178022722,0.0183627674725981,0.682773096399219,"Male",0
-0.136405691821945,-1.68127909458243,-0.0671338149988927,-0.285759471656343,1.46517556966139,-0.591774511244521,-3.49644058797891,-0.702677131987885,0.277320898855296,-1.81942419834085,0.0760029925488006,-0.76213734373751,-0.495346035019633,-0.695188451283163,-0.350003531611403,-0.729109981122807,-0.688163681552377,1.34168724232576,1.20836421097596,-1.5873454499939,-1.78942521575461,-0.0682648496123507,2.54055908638383,2.07445241078748,-0.577476313850285,-0.0543277469032874,0.620967523854788,-0.52585652040222,0.107079166957371,1.14714959754391,-0.861751589376515,0.774613324675081,-0.956199808063279,"Male",1
-2.06627468284442,-0.344683824660537,-0.973660087187103,0.202843372617701,-1.64815789696786,-0.680220580804325,0.445859117909261,0.890371645748833,0.277320898855296,0.250780548606215,0.0760029925488006,-0.76213734373751,-0.495346035019633,-0.24480463765613,-0.350003531611403,0.66997318572184,-0.373480088685236,-0.347201771190784,-0.320405102962671,2.55235719658125,2.53762683222525,-1.30375460891306,-0.68029533358619,-1.29607687453826,1.57955901649537,1.42267055901686,0.3206292735707,0.18582741861414,-0.820608288320922,0.281312157617778,1.51931917741209,-0.938846794361415,0.460102931433627,"Male",0
0.146212165897125,0.657762627780885,0.706935754004018,0.738012717945499,1.70945350378121,-0.680220580804325,0.0516291473204437,-0.792561545621511,0.806469391163048,-1.3069118117599,0.188107085649655,0.276673215185246,-0.495346035019633,1.01069006404761,-0.350003531611403,0.154087062254038,0.20576050703484,-0.795171474408847,0.120918225931953,-0.835170790079647,-1.23745556628644,1.33306302320813,0.564457547375036,0.759865835798542,0.860547239713484,-0.0543277469032874,0.9274032993543,0.836346094531014,-1.11310900690898,-1.40419226270131,-1.21989588416856,2.30554785695972,1.20781138959936,"Male",0
0.262262866540888,-0.010535007180063,0.431576597036024,0.529882502687816,0.3309712124369,-0.680220580804325,0.840089088498078,0.248070406855795,1.08534494791984,0.351849134267738,0.602362384906667,-0.76213734373751,-0.495346035019633,-0.695188451283163,0.905076733096798,-0.729109981122807,0.221867249171552,0.136444859506916,-0.342540919962367,-0.205636573115246,-0.29858237085118,0.115282487211959,0.149912514246546,-0.0134678839367908,-0.577476313850285,-1.90057562930347,0.662878869120306,0.0368234786575042,-0.468278542498175,-0.303339382716603,0.363326688693201,-0.112798988241015,-1.13270458239001,"Female",1
0.510884342775467,-0.010535007180063,-0.285530224323305,-1.05136653530887,-0.60376493256539,1.1683022729956,0.840089088498078,-0.185005528590395,0.438273199341905,0.797330699779774,3.32915763344222,0.291120558086377,0.505085290367172,-0.695188451283163,-0.350003531611403,-0.729109981122807,-0.688163681552377,0.44021090565778,-0.0926531344708857,0.873484507987166,1.01188199188728,-0.965264365654347,-0.5167562165284,-0.88708337661357,-0.577476313850285,0.684171406056786,-0.68347374029739,-0.71321447645114,1.30943155601135,0.964230842147635,-0.127830765941153,-0.700013317099275,0.77354698033868,"Male",1
1.50910783617898,0.657762627780885,-1.58763742222123,-0.247473401290486,0.197445950424605,-0.153229416343821,2.02277900026453,1.30101891227529,-0.815515804579259,-0.773143504173324,-0.0860441800821739,1.2811279853882,-0.495346035019633,-0.0660622364255465,-0.350003531611403,-0.729109981122807,-0.688163681552377,0.46429107405212,1.01659952817155,-0.909383883943642,-1.30821349571461,0.180640138877486,-0.341713743492741,-0.637418129810655,0.1415354629316,-0.0543277469032874,-2.46587022579161,-1.19393754484975,-0.431327494889793,1.1508495664682,0.0531116186899536,-1.34453131893261,1.9134262003455,"Female",0
-1.72643648103388,-0.344683824660537,-0.829806396935622,0.0598125902183974,-0.757939545607123,-0.112691634462243,0.445859117909261,-0.937674605576986,-0.458279202050563,-0.50406998610024,-0.245448642778256,-0.76213734373751,-0.495346035019633,-0.695188451283163,-0.350003531611403,-0.729109981122807,0.199476329962164,0.835073040490611,0.994817308790685,-0.245159572824208,-0.699479484561354,-0.556801425034761,-0.0587854708808556,0.45847694447435,-0.577476313850285,1.05342098253682,0.0231317956853038,0.127617203790683,-0.724046780852014,0.430989286439927,0.231175574628898,-0.621117001816771,0.296984089656508,"Female",1
0.28740991221017,-0.678832642141011,-1.47305722414612,-0.600280589748972,-1.09051208486176,-0.282950318364868,0.0516291473204437,1.02622903585758,-0.00516939861293414,0.0622756626068353,-1.20340077754021,-0.145940004324027,-0.495346035019633,-0.695188451283163,-0.350003531611403,0.0567267582597287,-0.157909438453411,0.114117089262217,0.617926950721283,0.642570496715978,0.533260749467288,-0.504031559584441,-1.14260230783032,-1.05301154503699,-0.577476313850285,-0.0543277469032874,-2.24158999648353,-0.789396683552143,-0.147672347337791,1.17834058626021,-0.598328708036023,-1.44287138657261,-1.14060778124046,"Male",1
1.34983850938561,-0.010535007180063,-0.062873720455534,-0.59746114267474,0.73464607598567,-0.382681133207505,-0.736830793857191,0.157906560760285,-0.459574272650752,-0.501679311326308,-0.245599518056754,-0.417696049259029,-0.495346035019633,-0.695188451283163,-0.350003531611403,0.588688424267825,-0.688163681552377,0.242063222065734,0.273916901523585,-0.872361810023893,-0.541044703153571,0.434499261151379,0.117570903680738,-1.14221034096015,-0.577476313850285,-0.0543277469032874,-0.172515849088623,-0.310018616428258,0.0934185722693134,-0.269764439521277,-0.60656480615635,-0.0809306412083645,1.94730372961144,"Female",1
0.0135009553509221,-0.010535007180063,0.740250049043027,-0.158483660549047,1.04725495524365,-0.390418565650922,0.0516291473204437,-0.486737236653678,0.752629163010912,-0.490893479423246,0.579606982423584,-0.76213734373751,-0.495346035019633,-0.31211159867512,-0.350003531611403,-0.729109981122807,-0.688163681552377,-0.734050874169276,-0.853400853465151,0.916671567651378,0.941650321837951,0.316668184136841,1.50065036728921,0.489489477245088,0.860547239713484,-0.0543277469032874,1.64790039235998,0.683866123530754,-0.357371697768672,-0.735507504000314,-0.690241523158405,0.734503733318444,0.0595147828475999,"Female",0
-0.36434829149875,-0.010535007180063,-1.33702115963853,1.04464869708915,-0.273062670021335,-0.680220580804325,0.445859117909261,-0.133791464386361,0.87645696729995,-0.740667053305476,0.383540390471076,0.0220015551153387,-0.495346035019633,-0.212312017835339,-0.350003531611403,-0.229103638930512,1.33615361925635,-0.848956770638118,0.387374214272981,0.339244264958882,-0.46579406122269,0.52684350742466,-0.308943923320136,-0.285592057920902,0.1415354629316,-0.0543277469032874,-1.00278214016444,0.218373058666186,-1.14718806537528,-0.256663825166966,-1.00621173253886,-0.292930639566381,1.44266053392274,"Male",0
0.0935553908849847,-0.010535007180063,1.1785141727459,-0.639283172899302,-0.111829806230692,2.22591902374048,0.0516291473204437,-0.509486481398597,0.277320898855296,1.04894031453474,0.0760029925488006,-0.76213734373751,-0.495346035019633,-0.357242672474652,-0.350003531611403,-0.729109981122807,-0.215917616520332,1.1502162471088,-0.159650501760971,-0.527573375715976,0.272699651301228,-0.64094187832486,0.955050785695536,-0.167737473670544,0.1415354629316,-0.0543277469032874,0.539523615774145,0.368945593299097,-0.0836562882196893,0.268212017336298,0.623827519137504,-0.129479697759035,-0.691012147123607,"Male",0
0.972551487194824,-1.01298145962149,0.5442443685699,0.65929726874499,-0.392040139250163,0.428440616701138,-0.736830793857191,-0.221416318185216,0.277320898855296,0.461998401560802,0.0760029925488006,0.655563056724715,2.19784409093113,-0.695188451283163,-0.350003531611403,-0.729109981122807,-0.688163681552377,-1.84643911320268,-1.42859503638907,-0.493549777611929,0.117505563051306,2.15085863664862,0.739427088617961,0.0453401985791953,-0.577476313850285,1.42267055901686,-0.881695717706964,0.010851159497553,-1.00949349211129,-1.03508010241098,-0.946845702180371,0.772667769472607,0.619688101585946,"Male",1
-0.499181682859253,0.991911445261359,0.457371963175761,1.41094916019325,-0.0543212974679325,-0.680220580804325,0.445859117909261,-0.470898133691737,0.00838335928659045,-0.00313242375831138,-1.21421264812976,-0.175502695270399,-0.495346035019633,0.0273163172039885,-0.350003531611403,-0.729109981122807,-0.183348922380197,0.529425750471382,-0.303282386614499,0.0156309664279525,0.0138198575395082,-0.438856574590672,0.727295809835011,0.273112882708225,0.501041351322542,-0.0543277469032874,1.24523252619235,-0.0291418884360221,-0.755655252409475,0.0863963331534978,-0.95471960464067,-0.0590050056216857,1.7079550461,"Male",0
1.22801084961971,-0.344683824660537,0.966109971172596,0.25206286270627,-0.219657785775665,-0.148162193608623,1.2343190590869,0.0308083933861896,0.460737400790188,0.866861967548605,3.01436564691908,-0.76213734373751,-0.495346035019633,0.783065170130758,-0.350003531611403,0.0362371500242967,-0.171735085896174,-1.19234748278934,-1.01681382485077,-0.509726641741154,-0.0632765075404322,1.64294005439168,0.14588752853196,0.240808781350336,0.1415354629316,-0.0543277469032874,-0.217546595347518,0.420490731101132,-0.957535652728197,-1.16595507604774,-1.09727955268314,0.600115392919424,0.112611030209189,"Female",0
-0.154909113285795,0.657762627780885,1.09237653314882,-0.7108728968966,-0.818815142224102,0.674899556379831,1.62854902967571,0.0176236913463912,0.637090932734816,1.13554595103225,1.73880687595487,-0.291276560912517,-0.495346035019633,-0.115271868153274,-0.350003531611403,0.471867947897456,-0.688163681552377,0.26696558863591,-1.08407303107512,-0.461818985156289,0.588620469033807,0.128176937651913,0.491765061478693,-0.929550106925292,0.1415354629316,-0.0543277469032874,0.777004308939631,-0.41203561811053,0.111420958052321,-0.247095673253892,-0.0415585264070605,-0.251929392189128,-0.783225129223084,"Male",0
0.121776851348086,-0.678832642141011,-0.930648556684776,-0.691093502436508,0.378556557007187,0.694945712255336,-1.91952070562364,-0.596429133196024,-0.0948395552781627,-0.736212162503424,-0.421738448735792,0.861453156376888,-0.495346035019633,-0.695188451283163,-0.350003531611403,-0.729109981122807,2.80469362516809,0.952349412926226,1.37843975882634,-0.377573072871368,-1.41588125443669,-0.97578369791677,-0.612329593694539,-0.11749753435074,-0.577476313850285,-0.0543277469032874,-0.873860898619013,-0.339082083269185,0.296538815707406,0.919947834074986,-0.675699480736069,-0.219099948723276,1.3264652512959,"Female",1
-0.537005254800723,-0.010535007180063,-0.740805926949111,-0.285859996536838,-0.425360335251081,-0.680220580804325,0.840089088498078,0.228792575232466,-0.66963941203935,-0.492777166907174,-0.176332312382684,1.00838442335558,-0.495346035019633,0.940255034851243,-0.350003531611403,-0.729109981122807,-0.688163681552377,-1.07186416556595,-0.505087262440525,0.410846724932083,-0.00222562267996482,0.849807142029888,0.164755787356907,0.528834251261924,0.1415354629316,1.05342098253682,-0.138380551113839,-0.0123897907883446,-0.622610976226276,-0.458948198890771,-0.632959827074417,0.0102219604798793,0.25172392685429,"Female",0
-2.13194677856439,-0.678832642141011,1.19552777840611,-1.2117291270867,-1.02133444376656,-0.680220580804325,-1.13106076444601,-1.45488455603304,0.277320898855296,0.0439286341510607,0.0760029925488006,-0.76213734373751,1.43035467680006,-0.695188451283163,-0.350003531611403,1.85641504223431,-0.688163681552377,0.0271703803268138,-1.09864410149228,-1.34061396875155,-0.175393124228659,0.827822782616525,1.64902157187213,-0.230472320178695,-0.577476313850285,1.42267055901686,2.09245032198052,0.274402681150115,1.19180412060029,-1.18535111563749,-0.793332264283456,0.577904098996883,-0.195111221166417,"Male",1
-0.576872197213728,0.991911445261359,-1.36498394022088,-0.379024516935492,-0.999825821839705,0.186550900881764,2.02277900026453,0.888070703211195,0.277320898855296,0.15086838727427,0.0760029925488006,1.82629910958712,-0.495346035019633,0.101797238762485,-0.350003531611403,-0.178937622238657,-0.688163681552377,0.812329174150323,0.710575387111302,1.37752304469433,0.90055555821639,-1.80157404590725,-1.04288112992875,-0.833295995681824,0.1415354629316,-0.0543277469032874,-1.11485716955039,-0.587406790965703,-0.353878970737651,1.45646656321869,2.31089455975097,-1.70946814694715,-0.52457241232979,"Male",0
0.087869208384107,-0.678832642141011,-0.601562675463338,2.24332000550824,-0.464977109610186,-0.680220580804325,-0.342600823268373,-0.965164710893925,0.277320898855296,-0.738224394438949,0.0760029925488006,0.676411592025613,0.871051896528879,-0.695188451283163,-0.350003531611403,-0.729109981122807,1.16870090135857,-2.62034215335533,-1.48955692596152,-0.0282270388359855,-0.530301377929403,2.4874490730674,-0.274605096709716,0.665311436132824,-2.01549986741405,1.42267055901686,-0.293949865194871,-0.620215611571935,-1.26702028188369,-1.29640655502811,-1.00098200860413,0.466082525801511,1.33303381216681,"Female",0
-0.652607836522144,-0.678832642141011,-1.30043118530146,-0.152326828274738,-0.359595645317858,0.0567199913115127,-0.342600823268373,-0.233171789026744,0.753386023304151,-1.13782940893682,0.278971630194522,2.35319156173679,0.096469629600087,-0.695188451283163,-0.350003531611403,0.860082151068025,-0.688163681552377,-1.22069381312037,-0.578053166858989,1.27833203129392,0.757186928393537,0.166824165290012,-0.270057571635777,-0.616685502856158,-0.577476313850285,1.05342098253682,0.044359937166397,-0.584877858879678,-0.259447908461955,-0.15548622887723,-0.957219046898027,-0.537944663404642,0.216686847251531,"Female",1
-1.41954731763333,-0.010535007180063,0.0145415075377016,-1.52991216419226,-0.677686513379967,-0.287315925644423,-0.736830793857191,-0.39383508129312,0.277320898855296,0.0350110964112587,0.0760029925488006,-0.76213734373751,-0.495346035019633,-0.143171635039263,-0.350003531611403,-0.443310250591373,-0.688163681552377,0.781708308160484,0.00503676605894761,-1.17978977236115,-0.760794313534904,0.198450966293373,1.5965790578833,0.927930572961526,0.501041351322542,0.684171406056786,0.449194440659753,-0.605772137728646,2.56837528656644,0.596418404338574,0.283598396525184,-0.183758227112632,0.573960812446147,"Female",0
0.952044678481644,0.657762627780885,0.463316666851673,1.13031208173881,1.70173642925421,-0.680220580804325,0.840089088498078,-0.278069582891763,0.361894844584823,-0.947804058712245,1.71425869472206,1.45164093364622,0.0303402979099303,-0.695188451283163,2.27732149210588,0.329602174834592,-0.688163681552377,-0.268018000801397,-0.201277671023479,-0.225018409265982,-0.59870308113176,0.344005943836229,-0.177659837990631,0.377836391527346,-0.577476313850285,-0.792826899863361,0.542682519121951,-0.18623723129896,-1.07782200790058,-0.329650018286645,0.659533137156385,1.01644811630265,0.616400794163914,"Male",1
-1.11761185719645,-0.678832642141011,-0.398898019875605,0.108045564306719,0.301200973596495,-0.680220580804325,-1.13106076444601,-0.696190846768037,0.277320898855296,-0.594131723656679,0.0760029925488006,-0.76213734373751,-0.495346035019633,0.200556308160969,-0.350003531611403,-0.729109981122807,1.18940942830554,-0.382058464886101,0.612796505531938,1.50220618701173,0.475201974631052,-0.617097196670657,0.298687357964575,1.49122107493643,0.1415354629316,-0.0543277469032874,1.15390095908462,1.78411699328515,-0.670709644147401,-0.508467983193036,-0.835588354049676,-0.02506197810977,-1.04478522310273,"Female",0
0.547510224085749,-1.01298145962149,-0.626685399673204,-1.05126893635319,-0.54481403334584,-0.680220580804325,0.0516291473204437,0.664085395955609,-0.630610679052371,0.0405407137717838,-0.316783788696896,-0.337749805204354,-0.495346035019633,-0.172508754340713,-0.350003531611403,-0.729109981122807,-0.688163681552377,-0.801780093968987,-0.675927984960436,0.174523129194659,0.400583283131899,0.85222921153941,-0.0763685156124147,-1.19954781715371,0.1415354629316,-0.0543277469032874,-0.701477883414907,-0.623497820508644,0.186814631145568,-0.277230181130763,-0.843315653919844,-0.407884965932371,0.567036394376406,"Male",0
1.05723019048843,-0.678832642141011,0.819131827729358,0.420479937837255,-0.881592109959327,-0.680220580804325,-0.736830793857191,0.810763431298056,0.71617432733806,1.64847327032649,1.69704538296278,-0.0441826455217778,0.868544744360935,-0.695188451283163,-0.350003531611403,-0.729109981122807,-0.688163681552377,-0.0107020598207562,-1.22500636250325,-0.22067427795543,0.370194286098601,0.241325507103108,0.254643381069619,-0.520022825372809,-0.577476313850285,-0.0543277469032874,-0.0894637296123548,-1.16961991485526,-0.722332372886508,0.43464483719637,-0.979743830999827,-0.559131639353084,-0.956199808063279,"Female",1
-0.0473561017391853,1.99435789770278,-0.14129287255957,0.261744350290418,0.626766095766267,-0.556929809702425,0.445859117909261,-0.243739975532176,0.727575263544878,-0.288669669927157,0.706726656205453,-0.1728522375213,-0.495346035019633,-0.332303902652944,1.04873049833445,0.773921131852856,0.833122964687918,0.364117080739845,0.553783722858062,0.562770214729843,0.423628239384639,-0.842654538752783,-0.132673003890002,-0.524616147621071,1.22005312810443,-1.1620764763434,0.35624502961051,0.706530572476329,-0.759911407256839,-0.0585068915510036,0.844848481352619,0.0435693790043221,-0.281699420457559,"Male",0
0.198061998247033,0.657762627780885,0.550462103155695,-0.357583818712822,1.43385412158419,-0.509961896901701,0.840089088498078,-0.614058163604458,-0.479562387610227,-0.607335796684388,-0.206306243623274,1.36056777666524,-0.495346035019633,1.04770731935315,-0.350003531611403,-0.729109981122807,2.05180286393649,1.52445342212945,1.07705566548668,-0.813974549629793,-1.02217471250552,-1.22234967914317,0.205672759381195,1.01145399281864,0.501041351322542,-0.0543277469032874,0.367993346437444,0.171143626221761,0.678567203776907,0.858714154744622,-0.000692635055473429,1.0253225965225,-0.30111833019293,"Male",0
0.322280176849568,0.657762627780885,2.2245251284002,2.22720598191718,1.54644127801537,-0.123450477046927,-1.91952070562364,-0.0687666850551699,-1.09051066132586,-0.358152123766043,-0.120406700339394,-0.122782261176124,1.93380584328889,2.4545545590498,2.68515789284634,0.901629657791983,0.962382614368467,-1.29439992429018,-1.30061830366961,-0.900276319653123,-0.10653688297615,1.68103448581408,2.10526635865116,0.731022673292884,1.93906490488631,-0.792826899863361,2.0596046115749,1.67745220741852,-0.850102636430867,-2.20365310751022,-1.21374954409883,1.75615038754267,1.66554183986304,"Male",0
0.377665968684396,-0.010535007180063,-0.163863020512819,0.644872267260179,-0.215514533989604,-0.329868776383762,0.0516291473204437,-0.094280801836515,0.664335653747053,0.375388044570603,1.18837584173176,0.50415815958797,-0.495346035019633,-0.695188451283163,-0.350003531611403,-0.729109981122807,-0.688163681552377,-0.921466481811127,-0.296549999205717,-0.300694333989795,-0.180263676661223,1.22380524410928,0.0904625634330205,-0.162139773542911,-0.577476313850285,-0.0543277469032874,-0.535425450141292,0.74597995875367,-0.178154052604214,-1.04647334214772,-0.310559549453291,0.125871992643527,0.260325405757879,"Male",1
0.803419497905733,-1.34713027710196,-0.983297575795083,-0.023301855312464,-0.44416688652505,-0.497800562337228,-2.31375067621246,0.203939889993757,0.00918735791011096,0.274323983188384,-1.44639434815842,-0.76213734373751,1.7268377460339,0.0251563627391707,-0.350003531611403,0.0167888671700524,-0.688163681552377,0.802170775180155,0.85195313255294,0.934831054002833,0.735063204579437,-1.38478742931311,-1.67904941745183,-1.25622657965536,-0.217970425459342,1.05342098253682,-1.4123085476575,-1.30200198288563,-0.560642271639779,1.55399530969289,-0.066928301307848,-1.15221509928476,-1.1020820673261,"Male",0
-0.342085005185422,-0.010535007180063,-0.315542647031466,-0.541007898011227,0.91457459507847,-0.680220580804325,0.0516291473204437,-0.655814542535412,0.786637590769914,-1.09100719772445,0.286004372085526,-0.76213734373751,-0.495346035019633,0.94675594592618,-0.350003531611403,0.971081942243203,-0.114549636632704,0.607137173610297,1.56600394234019,-0.72713597924619,-0.91415837495929,-0.0826368039913903,-0.235683859961059,1.20835268223752,0.1415354629316,-0.0543277469032874,-0.416349285177032,0.193472127708227,-0.329998063419609,0.33976700821104,-0.947948604060575,0.855343371888342,1.40801008805368,"Male",0
-1.20353950118169,-1.34713027710196,-0.0787140719970392,2.11242148587009,-1.19155861372116,-0.680220580804325,0.445859117909261,-0.298196440946806,0.277320898855296,0.186459283396249,0.0760029925488006,0.123123539809027,-0.495346035019633,0.395107206139774,-0.350003531611403,-0.729109981122807,0.835417514682255,0.448796852382898,0.37611635245938,-1.07102722778515,-0.941026965345634,0.254300985288976,-0.933646422809653,-1.16954849379814,-0.217970425459342,1.42267055901686,0.451145270666917,0.711828208443168,-1.18650163264098,-1.27023598139882,-0.421580803862818,0.0273390064146881,-1.02454846535576,"Female",0
0.156650740413885,-0.678832642141011,0.835278894978594,1.18597798176299,0.730316099359136,-0.642102965005231,0.445859117909261,-0.908176620792936,2.20615249984809,-0.265285231555767,0.225910147492321,0.0267443307132389,-0.495346035019633,-0.695188451283163,-0.350003531611403,2.28907346348156,2.02725119238193,-2.6320073342562,-1.8966250273001,2.00293173327255,1.33480919276162,0.953960688596973,0.00176707229993131,0.048473693759336,-0.577476313850285,0.684171406056786,1.29581533251945,1.06642803525583,-1.17124284867017,-1.68875410645435,-1.17007004842984,1.77022565166749,1.50511282129816,"Male",1
1.12764105705841,0.657762627780885,0.113348726996605,0.212235661520959,2.03200384336503,0.238441382699046,0.0516291473204437,0.316451034728349,-0.764080197762003,-1.37809295776286,0.034122679232804,1.50947548951401,0.583493550992554,0.00424649876173611,0.997978175041795,-0.366986374803576,0.04488010154164,-0.649885981570024,0.09346613635941,-1.32784395753628,-1.97902241214201,1.42003237702236,0.251798981370105,1.60462925150213,0.1415354629316,-2.63907478226355,0.00622012215314016,-0.150986766382516,-0.279104752217971,-0.52363395635185,0.231682218927536,1.23209558346566,-0.116037082268042,"Male",0
0.0151554832315851,-0.344683824660537,-0.767524914183066,-0.417266120320668,0.19646174974672,0.209767994141213,0.445859117909261,-0.0150355328171583,0.0929618660779806,-0.915605694651099,-0.714075143261873,0.846435361411814,3.32438918986425,-0.695188451283163,-0.350003531611403,-0.729109981122807,-0.34210875414452,-0.532754327327401,-0.0665231817465074,0.675001714105496,0.231847558954867,-0.127223835325993,-0.436035226261431,-0.795260944196738,-0.577476313850285,-0.0543277469032874,0.370629924903554,-0.502893040010921,0.847129925465502,-0.146380638617389,0.607846320024637,-0.377525543923758,1.84131989952259,"Female",1
0.462158809705412,-0.678832642141011,1.87694241357774,2.42698186219009,-0.535505887859823,-0.680220580804325,-0.736830793857191,-0.237929736321292,-0.188604656709191,2.27956890106007,-1.74970891231829,-0.76213734373751,-0.495346035019633,-0.695188451283163,-0.350003531611403,0.567010355261392,-0.688163681552377,1.74759646239154,-0.586913312395518,-1.76470675197198,-0.371406202626932,-0.440778441166731,0.904822107661337,0.330952180037857,-0.577476313850285,-0.0543277469032874,-0.371638819991591,-1.38047655668357,-0.885988153149243,1.47216823288728,-0.00584981799063099,0.0809493829016471,-1.53370756406265,"Male",1
0.45660267113718,-1.34713027710196,-1.42134269219387,0.31413974878495,-1.78551730880012,-0.680220580804325,-0.342600823268373,1.30839484762348,1.32633457658822,0.982848124542013,0.614161416409303,4.72958631278983,-0.495346035019633,-0.695188451283163,-0.350003531611403,-0.729109981122807,-0.688163681552377,-1.76640998095261,-1.31904112778228,3.10363989983072,2.34576594592385,-0.592205792780013,-1.42696390667393,-1.33300187076633,-0.577476313850285,2.53041928845697,-1.81364515733603,0.00213087085038268,-0.852517480318413,0.216068947596682,-0.0266147526716867,-0.953325150382815,2.44151709772628,"Male",1
-0.468492837194322,-0.010535007180063,-1.73777067831655,0.136498223207451,-0.454914714365783,-0.482682881248794,0.0516291473204437,1.17652932899195,0.604420349789519,-0.848210741747785,0.566765533322946,-0.334035253444764,0.317914878287152,-0.167933877343405,-0.350003531611403,-0.183151196103201,-0.688163681552377,1.27571765677425,2.01101901106607,-0.418541517021495,-0.935891290604574,-0.90266844341198,-1.11198656284107,-0.54811773321896,0.860547239713484,-0.0543277469032874,-1.90222804997938,-0.929604302787866,-0.692884337722109,1.48488976888315,1.56411333767564,-1.55878695121645,0.399635550514949,"Male",0
0.0914546537257084,0.323613810300411,0.950438272709494,0.0624642551218101,2.32134613376215,1.07395979879848,-1.52529073503483,0.323828135847992,-2.47181839451374,-1.01553460952706,0.0310399797024094,-0.76213734373751,-0.495346035019633,0.228012086228207,4.98769414588324,-0.729109981122807,-0.043122600387918,-0.0659059050239576,-0.0113093747810956,-0.0692324909120269,-0.0691287068699312,0.251734148406472,2.26392445567522,2.21141376333566,0.860547239713484,-3.00832435874358,1.77575884553232,1.57438889061491,-0.750109245378131,-0.63813139841393,-1.05526445035876,0.665117718158455,1.94730372961144,"Male",0
1.87700789247132,2.32850671518326,0.866172303067915,4.66944459347693,4.03300271959248,-0.680220580804325,0.840089088498078,2.52397725209132,0.277320898855296,-1.57576304336089,0.0760029925488006,-0.245929810059978,-0.495346035019633,3.11940796492484,10.677482699202,-0.729109981122807,-0.688163681552377,-0.0667345359017131,0.613274053567006,-1.53993252035804,-1.89766305647355,1.26952899458771,1.86539540985225,2.34692961348228,3.73659434684102,-3.74682351170366,0.918479724520673,0.63293676412432,0.547087699534102,-0.631232054313154,0.899942836675307,1.24127748631057,-0.685024291143121,"Male",0
-0.252975312294902,0.657762627780885,0.755064431869484,-1.01565616186204,-0.578848956766369,0.312955075294319,1.2343190590869,-0.0424645258634103,-0.811488441917566,1.20508525215778,-0.4875210654959,-0.168381182087173,-0.495346035019633,0.767362931360059,-0.350003531611403,4.57141248709492,2.37749438552974,-0.279594090816113,-1.15261814334383,0.737237104334029,1.36680031101003,-0.716672255102693,0.33209961421688,0.0553635792161296,0.860547239713484,-0.0543277469032874,0.21855541685357,0.316828753410329,0.758282175006096,0.375769990963683,-0.882322961372567,0.176516634531423,0.657053829283038,"Male",0
0.120126130529456,-1.68127909458243,-0.231573464372568,-0.61245071474757,0.943416478239322,-0.181902481577131,-0.736830793857191,-0.699237664133909,0.808349137139274,-0.867200886765687,0.370409455694313,1.67036458671809,0.824939000082309,-0.695188451283163,-0.350003531611403,-0.729109981122807,-0.0900971729061132,0.0989848693084085,0.954846435246662,-1.02559908082335,-1.65671708305807,0.476425839490738,-0.457216902875951,0.197862937329893,-0.577476313850285,-0.0543277469032874,0.0215953724994501,0.930508598974886,0.566573706161207,-0.852250549649985,-0.464669222286997,0.671977457662108,1.25063414262776,"Male",1
0.448588483467977,1.66020908022231,-1.26152056868012,-0.492071869319341,-0.866440573962602,-0.276976329456004,0.445859117909261,2.92599350949731,-0.823178112754088,0.49947128085337,-0.340065172512964,-0.462071921553796,0.0746850039085794,0.413501764777284,-0.350003531611403,0.801584281171425,0.0864792119319444,0.492257312420041,0.551309632492202,1.46223309561137,1.46414751745917,-1.51098202765734,-1.19443271442588,-0.828309015879632,1.57955901649537,-0.0543277469032874,-1.81613808753828,-1.08745047106737,-0.293121315522409,1.85008311797831,2.50403466403278,-1.73655193905983,-0.534995232965399,"Female",0
0.399893484680494,-2.01542791206291,-0.644115040871437,1.84401533106159,0.671306797099711,-0.680220580804325,-1.91952070562364,-0.352552222662504,-0.316657044496784,-1.11691446988742,-0.0944427155513628,-0.76213734373751,-0.495346035019633,0.900542279117292,-0.350003531611403,0.923228858307388,6.00146766350431,-1.76698138100696,-0.87018859460725,1.76259782381739,-0.280757411762231,0.0169365693363692,-0.719057911551947,0.0556330039391339,-0.217970425459342,-0.0543277469032874,0.135343358778476,-0.307352750740252,-1.15087208875984,-0.0414322262221345,0.150982829374326,0.711114015249101,-0.33313795468992,"Female",0
1.36003102949391,0.323613810300411,-0.256871871968518,-0.605500242344999,0.321943439348849,-0.496157138747434,0.445859117909261,0.295222224545594,-0.257917537737329,0.446416685471494,-0.757600377022357,-0.76213734373751,-0.495346035019633,-0.695188451283163,-0.350003531611403,-0.729109981122807,-0.688163681552377,1.32603926358563,0.86460966071911,-1.517259802919,-1.06756105935709,-0.100089906901946,0.408314538306881,-0.183220626325368,-0.577476313850285,-0.0543277469032874,-1.2519293255886,-1.28539409999653,0.0171321973582871,1.30699659557275,1.75907298691956,-0.603470044136295,-2.04346921791594,"Male",1
0.417932292512337,-0.678832642141011,0.0840326788199567,-0.743350383107532,1.08242791919288,-0.680220580804325,0.0516291473204437,-0.228736812260632,0.752629163010912,-1.24412543266163,0.229951475843414,-0.76213734373751,3.04990265224146,-0.695188451283163,-0.350003531611403,-0.729109981122807,0.38246094282871,-0.86436460675553,-0.466385752326678,-0.703154614898389,-0.773565104221486,1.28436568884082,2.04094550850627,1.17146556020357,-0.577476313850285,-0.0543277469032874,0.681290486377122,-0.261252346508826,-0.391469873926575,-0.275754183485727,-0.561806036731855,0.546696851804336,-1.37834039332804,"Female",1
-0.346730165622053,0.323613810300411,-0.555686396471406,1.24863681114634,0.0407245541132032,-0.680220580804325,0.0516291473204437,-0.843831153303541,0.277320898855296,-0.678635363206687,0.0760029925488006,1.70187594673839,1.37699773012495,-0.695188451283163,-0.350003531611403,1.15630436210611,0.159975976804927,-0.321576727146884,-0.180462505062411,-1.21618700484953,-1.32458761466647,0.851869663353613,0.538267873937475,0.398659539244008,-1.65599397902311,-0.0543277469032874,-0.282420865251705,-0.790031571899116,-0.60192751999252,0.0978851397657235,-0.522070631794347,0.154288614420707,1.44302103626518,"Female",0
-0.921727392066857,-0.344683824660537,-1.48190737492556,0.157461741548001,-1.5771480728109,-0.51090255261387,0.0516291473204437,0.836971123608022,0.277320898855296,0.223137945093098,0.0760029925488006,0.273008980409494,-0.495346035019633,-0.695188451283163,-0.350003531611403,0.0629635577786439,-0.688163681552377,0.566383648350757,0.54652900920325,0.106921724165112,-0.147864010864924,-0.578462386280457,-1.38370074638266,-1.10305096833018,-0.577476313850285,-0.0543277469032874,-1.41052251550445,-1.32988629914088,0.0226851452537722,1.05487409348804,0.9650072640542,-1.46823259453715,-0.417658141663323,"Female",1
-0.711930976178637,0.991911445261359,-1.14483589953951,-0.526744691075734,0.401980878265546,-0.162634181740347,1.2343190590869,0.0471030852296155,0.277320898855296,-1.39311608852031,0.0760029925488006,0.219347548890173,0.12615937866128,-0.292253099626876,0.426551147221392,-0.729109981122807,-0.406632373552513,0.584253401171553,1.27168741760222,0.723448154571304,-0.0675335421697535,-1.01276782103747,-0.532490833009692,-0.0144372479343102,0.1415354629316,-0.792826899863361,0.231853056767797,-0.0528740267702299,0.0315941075600217,0.467262537380688,1.85731267654414,-0.833961186572877,1.28676855491948,"Female",0
1.22692496341584,0.657762627780885,2.2154725067266,0.919578704616468,2.43699870608259,-0.680220580804325,0.0516291473204437,-0.662932636255129,-0.646644790803499,-0.0795780397178051,-0.281283382869872,-0.330255102537116,-0.495346035019633,3.56009349645142,-0.350003531611403,-0.729109981122807,0.055128690120574,-0.518472262248434,-0.252203222844526,-0.914976728962502,-1.01356128541914,1.23350109235826,-0.236779325233782,1.89032555934855,0.1415354629316,-0.0543277469032874,0.518817108928725,0.626411137578271,-0.936770283099708,-1.01176545950599,-0.866017325854804,3.20698216221946,0.544683071614355,"Male",0
0.508762292028437,-0.678832642141011,-0.769980703450892,0.834447324290882,1.81711832203418,-0.266077836176319,0.445859117909261,-0.158441947321248,-1.0514297596064,-2.3161467185739,0.198945012413363,-0.141049549249311,-0.495346035019633,-0.695188451283163,2.59843899500467,-0.729109981122807,-0.153701071444685,-0.509166604220421,0.88140969513016,-0.945577580994273,-1.77253672599237,1.2494106781604,0.414424353223338,0.996370907158277,-0.577476313850285,-0.792826899863361,-0.154392363557266,0.0250527724372313,-0.809458276791157,-0.487445045731555,-0.652141574312497,0.8644001073141,2.20985458142245,"Female",1
1.12413601662778,-0.678832642141011,-0.500656526984037,-1.21182580871358,0.580662377934053,-0.680220580804325,0.0516291473204437,0.507455671366758,-0.353985975074466,-0.925407512991631,-0.151295901145431,1.89364530690212,2.30752151687481,-0.695188451283163,-0.350003531611403,0.77618814710622,-0.434233482179952,-1.5045725853075,-1.20270679090295,1.45364691388125,0.623641939097145,0.254300985288976,-1.22655367885407,-0.441670174486683,-0.577476313850285,-0.0543277469032874,0.40747669127575,-0.978013789763695,0.487796390170614,-0.20596598714095,-0.376139063154852,-0.401997833320076,-0.637812349758523,"Female",1
-0.535133652787965,-1.68127909458243,-1.80170689065024,-1.31816025198687,-0.61738742269983,0.414299529998262,-1.91952070562364,-0.490090930719069,-0.761280732448516,-0.977760443741131,-0.0510371797078572,-0.76213734373751,-0.495346035019633,-0.695188451283163,-0.350003531611403,-0.729109981122807,-0.688163681552377,0.805332637865789,1.58421808256409,-0.773590162006782,-1.52247811951276,-0.0818718451292793,-1.32340204577198,0.231421604661544,-1.65599397902311,0.684171406056786,-1.71256240497284,-1.44413873857783,1.05893750327362,1.23538539059273,-0.705238650834357,-1.23947534778237,1.42220202598942,"Female",0
-1.50733599846176,-1.01298145962149,-0.118275332746686,1.06285528650409,-0.692714073041184,2.15742415090609,-1.13106076444601,-0.627226817051263,0.277320898855296,0.0398806699460945,0.0760029925488006,-0.76213734373751,0.118968406932745,-0.695188451283163,-0.350003531611403,-0.316708055909663,-0.688163681552377,0.338571151505169,-0.109820103773647,0.102678630816352,0.598607236626064,-0.262091440298132,0.801647515169183,-0.30211003392449,-0.577476313850285,-0.0543277469032874,0.749535199928213,0.142030245411433,-0.560109164841863,-0.0328220487715079,-0.23183119522826,-0.294426399401882,-0.968743294563657,"Female",1
-1.1023142024015,-0.344683824660537,-0.475986495135627,0.580622553494683,-1.16549070418285,-0.40640249122897,0.445859117909261,-0.725924974424973,-0.509439359444396,0.556425927210497,-0.521954456747635,2.91535617625849,-0.495346035019633,-0.242264879308592,-0.350003531611403,0.208871841260512,1.21058506488289,-0.712544209280039,-0.943825622396564,0.650397777439003,0.879400600620347,-0.0809510709965554,0.611136535172715,-0.99031529862934,-0.217970425459342,1.05342098253682,-0.0866677597295618,0.460568902587337,-0.84694964041977,-0.442025873085363,-0.708543864879882,-0.182285104492472,1.51486703251095,"Female",0
0.0138696171518684,-1.34713027710196,-0.465305293042069,-0.495590109355662,1.27675963946352,2.45189671740434,-1.91952070562364,-0.613559401365436,0.277320898855296,-1.00394675990574,0.0760029925488006,0.262169751884405,-0.495346035019633,-0.695188451283163,-0.350003531611403,-0.0759603351700292,-0.688163681552377,0.182375333212187,0.900628582663217,0.569464995612694,0.120654134213446,-0.496707106360067,0.428142285920406,1.19065729552243,-0.577476313850285,-0.0543277469032874,-0.489558236688877,0.0672362719543883,-0.330433807388019,0.898085105949575,-0.482941324839584,0.878371673320895,0.831462609414639,"Female",1
0.340555303553583,0.991911445261359,-0.409916174480461,-0.6869193045384,-0.23020853351536,0.863131517881338,1.62854902967571,0.244407545026142,0.093340038452911,0.358749680827675,-2.24398612365068,1.24445399230132,-0.495346035019633,-0.695188451283163,-0.350003531611403,-0.217308617524947,-0.688163681552377,0.799908827258892,0.126441994904405,-0.288012349065427,-0.124895664788281,-0.60819043172411,0.0563801026204722,-0.577540794091488,-0.577476313850285,-0.0543277469032874,-0.47113512607453,-0.78902737853566,2.15927425814643,0.837367548213483,1.23205897401242,-0.837917711650126,0.897100322367392,"Male",1
1.4602950285643,-0.678832642141011,0.944802488839109,-0.621254234377852,-0.628250062878688,-0.0793075787950614,0.0516291473204437,2.21428070584616,-3.95052210534103,1.92494797612299,-0.106691061094988,-0.76213734373751,-0.495346035019633,1.73870387488322,-0.350003531611403,-0.729109981122807,-0.688163681552377,0.191044997160228,-1.40186770891694,-0.525511339467247,0.263293948983053,0.366334340534426,0.302333437923224,0.269052763561541,0.860547239713484,-0.0543277469032874,-1.14871268339129,-1.65102445571621,-0.428731604833091,1.19508492432619,-0.41192492177397,-0.299133656831059,-0.290086137995445,"Male",0
0.681105587505655,-0.010535007180063,0.191914947713062,-1.09062560867806,-0.259516628202229,1.11197609185488,-0.736830793857191,1.0437814400025,0.277320898855296,0.649877116340816,0.0760029925488006,-0.76213734373751,-0.495346035019633,0.334535225171828,-0.350003531611403,0.337142859706076,-0.688163681552377,-0.292989010031177,-0.768224453000914,0.00226419475901915,0.634073065126765,0.423854821583264,0.60411667142353,-0.751692421600824,1.22005312810443,-0.0543277469032874,-0.203883420200588,-0.265291314329506,0.0574124523135978,-0.0722052774801241,-0.835069947981038,-0.225672621061135,-0.844700450622736,"Male",0
2.48500817739319,0.323613810300411,0.654387095518254,0.271242556268438,0.703422243448847,-0.680220580804325,0.0516291473204437,1.05550512469556,0.743731036380848,0.470760474808791,1.04413763558629,1.37436591187327,0.664280290662754,1.93614911819157,-0.350003531611403,0.0493710321500882,-0.688163681552377,-0.690382559411822,-0.25488592404461,-0.458995390145885,-0.644301299161448,0.923432513202615,-1.76712978478316,0.19385124939472,1.22005312810443,-0.0543277469032874,-0.593017469315014,0.0834839537054186,-0.712308655692709,-0.841544837705269,0.360093025860934,0.519780555076949,0.308986414310725,"Male",0
-1.60735540014279,-2.34957672954338,-1.18919259896044,-1.29822289646302,-0.226505694159202,1.82547325776261,-2.70798064680128,-0.811445272706732,-0.801432857370051,-0.859592869846515,-0.0704778776663457,0.246329951436644,-0.495346035019633,-0.695188451283163,-0.350003531611403,-0.0860605874270428,-0.688163681552377,1.04929927347635,2.08941010758855,0.0637181758706007,-0.428073654404601,-1.02170141435142,-0.502778339337103,0.590116102887801,-0.577476313850285,-0.0543277469032874,-0.479400642751046,1.02460718970184,2.45339453148492,0.427478807903438,0.0819130978075363,-0.738529766235496,-1.79289436987175,"Male",1
-0.594815851651222,0.323613810300411,-0.569916915601857,0.864327220222931,0.478378095942987,-0.39110206096968,0.445859117909261,-0.841696857473773,-0.961011815391555,-0.446731136634003,-0.125163605471668,-0.183312919880153,0.60424046610819,0.0176971708779957,-0.350003531611403,0.00906506252796961,-0.688163681552377,0.386030356332476,1.88856678764816,-0.484188255056673,-0.82548218470986,-0.00336994791622537,-0.688618237464807,0.958095824189191,-0.217970425459342,-0.0543277469032874,-0.803486606456227,1.65888251513053,-0.715681404458484,-0.444856351551921,0.390192220809764,0.6933439011855,1.08804639641176,"Female",0
1.68823309817184,-0.010535007180063,-0.793727614556993,0.543479841349885,1.9532756449566,0.50804315059941,0.0516291473204437,1.20308227569939,0.277320898855296,-1.17613978723617,0.0760029925488006,-0.152658666903299,-0.495346035019633,0.0554512380952333,2.5433279197408,-0.729109981122807,-0.688163681552377,1.11340001135576,1.522401662262,-1.11291705337829,-1.56016791314103,-0.21215564799932,0.12129875287368,0.107072982128182,0.860547239713484,-1.90057562930347,-0.960125267040143,-0.989455596160097,-0.719016534672165,1.11373206686948,-0.0225321647770075,-0.611480929933085,-0.485579540436328,"Female",0
0.675014898513675,1.32606026274183,1.22045966594592,2.47430898364377,-1.65231263698702,-0.680220580804325,0.840089088498078,2.49031715273409,1.78726482892541,2.27752720944205,0.639067179867089,0.225956874766455,-0.495346035019633,1.73870387488322,-0.350003531611403,-0.729109981122807,0.162117743618963,0.605021450679194,-1.27892200254518,-0.525511339467247,0.892006363313694,-0.215261634514936,0.792731192361223,-1.89742681310959,1.57955901649537,1.05342098253682,-0.27137122471421,-0.958157885022858,-1.09824013054531,0.552451949651355,-0.941617947268206,-0.629561575202238,2.49340950137834,"Male",0
0.110096738117309,0.657762627780885,-0.911628963477259,-0.886602457050353,-1.54207806315098,0.341331522611424,0.0516291473204437,0.392397416557762,0.0804149286112483,0.695043605510277,-2.46853110713788,0.0968863895831617,-0.495346035019633,-0.166197583466563,-0.350003531611403,-0.181353307678346,-0.318557266219952,-0.0839698762422715,-0.108980917433379,0.138594483100591,0.407301988269909,0.047491698418607,-0.785585180868429,-0.955685965292068,-0.217970425459342,1.7919201354969,-1.57534524781934,-0.898327474966646,0.451084634614975,0.660123914972086,0.38612151023374,-1.0662362712901,-0.664012850562949,"Female",0
1.2783643925075,3.33095316762468,-0.424088175834432,0.15910931758893,2.27179036187779,-0.619232395525774,1.2343190590869,0.770796016320842,1.05979129751322,-1.48655882006981,0.101156844568781,0.091265732658492,-0.495346035019633,1.40693011177437,2.68846777444334,-0.729109981122807,-0.688163681552377,1.26783522282374,2.09960455673744,-1.47466864856648,-2.08929259886124,-0.142324298494571,1.21093298513168,1.9033627386567,1.93906490488631,-1.1620764763434,-0.806195516317798,-0.137850207542581,0.159007230002671,1.21942177337207,0.594802258200624,0.570764806019553,-0.39545771731759,"Female",0
1.11345995549806,-1.01298145962149,-1.24385791143437,-0.641845430683359,0.630098260046746,0.308378228952851,0.0516291473204437,-0.228894423060223,-0.509439359444396,-0.907956006291917,-0.111278809401879,-0.39438799173791,-0.495346035019633,-0.695188451283163,-0.350003531611403,-0.729109981122807,1.21058506488289,-0.219507590953692,0.657703973761981,2.24637313587228,0.957398757285428,-1.31785765595653,-1.48780272583353,-1.19189563518051,-1.29648809063217,-0.0543277469032874,-1.06625577938029,-0.0981524485920761,-0.227165471040627,0.797337720930383,-0.138437804893372,-0.772697365886925,-1.96216314767769,"Female",0
-0.0251554951884442,2.32850671518326,-0.261699812349425,0.880619446677265,1.0568574527244,-0.0955973890904932,1.2343190590869,1.10976771331797,1.14895033953717,-0.579611489372901,0.328165508137145,2.08979640646346,-0.495346035019633,0.00730525218759329,2.35774980915845,-0.729109981122807,0.784335346295365,-1.05402237733005,-0.0333350356592,-0.16759775612534,-0.683746130912477,0.989351769866771,0.83276366211126,0.291159698017367,0.860547239713484,-3.37757393522362,0.15323134712368,1.66046028157233,-1.01936904454856,-1.47593821610602,-0.77682592530725,0.641716903013244,1.08804639641176,"Female",0
0.0118834980079511,-0.678832642141011,2.60979070968885,-1.05104951680322,0.0783432140348025,-0.680220580804325,-0.736830793857191,-0.844400902897567,1.25434344184184,1.36275414605974,0.739609526627817,-0.76213734373751,-0.495346035019633,-0.695188451283163,-0.350003531611403,-0.729109981122807,-0.688163681552377,0.0449356606241228,-0.982405887177974,-0.82099911230611,0.435881670564013,0.713336981110095,1.15331777650681,1.25671257057338,-0.577476313850285,0.684171406056786,0.545760526014445,0.108313209083574,0.442286388180889,-0.200150304112218,-0.215510304467995,1.740557754852,-0.334172637849767,"Male",1
1.93828158094544,0.657762627780885,1.80149856424742,-0.68656492670076,0.308683599784638,-0.680220580804325,-0.736830793857191,0.14800660919399,0.277320898855296,2.12795775828626,0.0760029925488006,-0.76213734373751,-0.495346035019633,-0.695188451283163,4.53820381514682,0.584064570213829,-0.688163681552377,-0.0407818168103911,-1.1909187600896,0.550079326337484,1.25379175261273,-0.217010795342154,-0.0641743574988596,0.0780604850918443,-0.577476313850285,-0.792826899863361,-0.0866677597295618,-0.0379824569266013,-0.312457798185339,0.236362620481151,-0.914927066578043,0.241999262961176,-0.567657061420359,"Male",1
-0.929393471836285,-0.678832642141011,-0.100556507961021,-0.98477151455668,-1.32260594863195,0.0616887680451007,-0.736830793857191,-0.424689392569993,0.277320898855296,0.886257256868123,0.0760029925488006,-0.76213734373751,-0.495346035019633,-0.695188451283163,-0.350003531611403,0.567010355261392,0.623699088711973,0.555344276256917,-0.460454871555986,-0.504508027390895,0.490827965597953,-0.22713094012819,1.15702666708659,-1.34033206482274,-0.577476313850285,-0.0543277469032874,-0.446839516449627,-0.608425235053833,0.651344390226615,0.660948425895158,-0.599353758018801,-0.598535908043785,-0.456495180302713,"Female",1
0.675784244422403,-0.344683824660537,0.57496386350784,0.729867613822619,1.00408055664695,-0.680220580804325,-0.736830793857191,-0.145190845592516,0.739405749170414,-0.784057810911902,0.454035187096174,0.145015617300127,1.80239886378225,0.049650313138685,-0.350003531611403,-0.729109981122807,-0.688163681552377,-1.91070130039634,-1.11151061566183,0.897000461438034,0.444684444616829,1.332793008722,-0.128943721698451,-0.0741684985849725,0.860547239713484,-0.0543277469032874,1.74095447030401,1.01085396657144,-1.01794191014844,-2.16246243134459,0.428854486867793,0.823581337913092,-0.0422775996900981,"Male",0
0.130508529823731,-0.678832642141011,-0.792285711417231,-1.26713281237532,-1.49650656712532,0.408318545786226,0.0516291473204437,0.771519803561051,0.0821290175796391,1.26904242965376,-3.13971405040296,0.51518140662453,0.313490172556421,0.353583432462067,-0.350003531611403,-0.729109981122807,-0.688163681552377,1.21503985476557,0.286461795339532,0.068820685065415,0.33672354543371,-1.2074916712267,-1.12296841420289,-1.3139625092727,0.1415354629316,0.684171406056786,-1.28713979058191,-1.86036716641173,2.19845669936242,1.781839534698,1.30689752661975,-1.66655694104516,-0.480317796332515,"Male",0
1.44637262017176,-2.34957672954338,1.19357016353262,-0.803551304632576,0.526828552593651,1.02236625822192,-2.31375067621246,0.336863519746726,-13.2608933571696,1.12479990824749,0.0319900986555175,-0.76213734373751,-0.495346035019633,-0.695188451283163,-0.350003531611403,-0.729109981122807,-0.688163681552377,-0.411954667210792,-1.07246600505297,2.1930305632454,2.47762698058784,-0.872104528169069,-2.21442484900387,0.125983357554953,-0.577476313850285,-0.0543277469032874,-0.287924837142079,1.07686531317711,0.651606869987794,-0.288592578096324,-0.666691656887415,0.154118130818314,-3.78842257149066,"Female",1
0.066435009534263,0.323613810300411,0.903590566787642,2.23716956850847,1.2303372408691,-0.680220580804325,-0.342600823268373,-0.872443538329554,-0.691559789606362,0.0599575061939988,-0.296496608917692,1.50224524033409,4.66660170638596,-0.137421459870037,-0.350003531611403,2.15865812945545,0.870685597928418,-1.85468864397933,-1.11499439404949,1.61347179664173,1.52071877764434,0.207087823556623,0.46579935606922,1.32972505630678,0.501041351322542,-0.0543277469032874,0.234318643828829,1.00496406527497,-1.00838360314063,-0.32143152727389,-0.919519949451083,2.11704207500491,-0.336471933760536,"Male",0
-0.730377510015725,-1.01298145962149,-0.0979662492564566,1.45526554803921,-0.772773457062385,-0.544466148456718,-0.342600823268373,-0.328394231716217,0.277320898855296,0.0518335979034859,0.0760029925488006,-0.76213734373751,-0.495346035019633,-0.695188451283163,-0.350003531611403,0.234222701324911,0.286869458508961,-1.66114000028293,-1.34822730420648,0.927690793383008,0.710755937560718,1.08073822163477,-0.131261487815396,-0.448227636822823,-0.577476313850285,-0.0543277469032874,0.875270025332865,0.460568902587337,-0.755128953314676,-1.44221403667702,-1.07214585959893,0.0510299932284333,0.049229681656601,"Female",1
0.271921050984587,0.323613810300411,0.0270498851067731,-1.41619747635435,-0.411967196344195,0.410200203740574,0.445859117909261,0.347973467880271,0.0981187620997275,0.139512507947962,-2.03591823814517,-0.76213734373751,0.247231861845875,-0.213759199953572,-0.350003531611403,-0.230602159436592,0.657336595641829,0.116438251690877,-0.256175851738281,-0.291243627846403,-0.653290449931221,0.0851230998512168,-0.705407002515303,0.245245295686031,1.22005312810443,0.684171406056786,0.345660130838903,-0.887094647003027,1.26778064588809,0.164047404518215,0.63833528184175,-0.305302556236683,0.454413684336268,"Male",0
0.0896678396204151,-0.344683824660537,1.37171311702077,0.504845554120055,-2.00802538846795,-0.680220580804325,0.0516291473204437,-0.00142693354910886,0.277320898855296,2.85457007453945,0.0760029925488006,-0.76213734373751,-0.495346035019633,0.062532744598821,-0.350003531611403,-0.729109981122807,-0.688163681552377,1.44390958479121,-1.22556820544045,0.285890197821986,1.82518956949,-1.44115935011764,0.838995131459144,-1.39157427044346,0.1415354629316,1.05342098253682,-0.0147902320822329,-1.29587586759352,-0.39361671443807,1.60293089453148,0.57772252664885,-0.864924132848211,-1.04084408658019,"Female",0
2.17411278618948,-0.010535007180063,1.06888055662841,-0.511911493115038,0.500830032667472,-0.680220580804325,-0.736830793857191,0.542080099588838,0.905406819346642,0.993561057504342,0.978585339067378,-0.351123362090909,-0.495346035019633,0.317228944895289,-0.350003531611403,1.8917215814188,-0.688163681552377,-0.881119229516621,-1.73247801176539,0.175628637199189,0.493997944157601,0.759417814667429,-0.172610605765681,0.3555298895211,-0.217970425459342,-0.0543277469032874,0.0253766216030382,-1.70100012573121,-0.498121579640145,0.380379483934374,-0.0677671988652123,0.026931622320573,-0.0444613530927888,"Female",0
-0.26217169320358,0.657762627780885,0.914595434993199,1.33412068712465,-0.612679380050461,-0.0302534561820605,2.02277900026453,-0.361529471036583,0.413992395154209,0.872598708805314,4.02861913216754,0.579412292357019,0.354163078994518,0.406321675758977,-0.350003531611403,-0.15881703311377,-0.688163681552377,0.0528951406716141,-0.809480168273093,-0.890128837112705,0.266647081859483,0.564219403718569,1.53028941503597,-0.426696677632276,0.501041351322542,-0.0543277469032874,0.172814222364586,0.382175999160318,-0.557189143710965,-0.384623769783581,0.31562706453907,0.299003088669901,0.219333267213087,"Male",0
0.882724725412308,-0.344683824660537,-1.30262957633587,-0.749464399873455,-0.769846617080723,0.287158305006043,0.445859117909261,1.62966070418255,-0.527595365405155,0.242024666096177,-0.422283898883313,3.00022141133531,0.219385190713445,0.231562857526334,-0.350003531611403,-0.729109981122807,-0.364402677352521,-0.166885413420784,0.0484187581684765,0.660569928075171,-0.0397776763865914,-0.458445446060302,-1.5432596494521,-0.763149765515911,0.501041351322542,-0.0543277469032874,-1.70717426574151,-0.783164661399026,-0.178553337282109,0.696482626842463,1.54319878327752,-1.27647268477909,0.0667069305930294,"Male",0
-1.41733862371066,-0.344683824660537,-0.530457257045242,-1.03415781378554,-0.407615734084338,-0.680220580804325,-0.342600823268373,-0.378701184611456,0.133065700711086,-0.34714982208598,-1.80318710513594,-0.526138965855997,-0.495346035019633,-0.695188451283163,-0.350003531611403,-0.729109981122807,0.124167909202394,0.184653080869466,0.477763029992316,-0.00498896720109719,-0.342413708731552,-0.0794590244525747,-0.0265702429785002,0.366400609437295,-0.577476313850285,-0.0543277469032874,0.51072206595209,0.586653186346113,0.0799105478387045,-0.343879753922412,-0.0358968592553392,-0.29121196624573,-0.973124923409679,"Female",1
-0.378083723682161,-0.678832642141011,-0.241125975124566,-0.951686401233357,0.983936016794532,-0.585044918995405,-0.736830793857191,-0.660323062047172,0.773946975522872,-1.03907190787828,0.314444525308204,2.16275285123605,-0.495346035019633,-0.695188451283163,-0.350003531611403,-0.314652896813902,-0.408503013472766,0.400371296913009,0.59385561776895,-0.341121797401603,-1.01432208678298,-0.269363585682319,0.337361848954509,1.66538843756221,-0.577476313850285,-0.0543277469032874,0.584109566387862,0.00479620824420298,0.389044661065375,0.26791557367029,0.252106375675287,0.569617957448874,1.26917238664814,"Male",1
-2.07740055945283,1.66020908022231,-0.877501871264847,1.20293059860808,-0.520791389655006,-0.680220580804325,1.2343190590869,-1.26191833042046,-0.987200120526684,-0.502202059680046,-0.111318525757921,0.41999350377781,-0.495346035019633,-0.695188451283163,-0.350003531611403,-0.729109981122807,1.8549741157879,0.533732454151759,1.70557573369999,-0.914167794052298,-1.18154162956935,-0.0618929937056307,0.536420583546196,1.50446974270558,-0.577476313850285,1.7919201354969,-0.372093204864449,1.6151471630306,-0.798052058029664,-0.214083345326067,-0.724292707348195,-0.0142715896481569,1.51486703251095,"Female",1
0.142332241884068,0.991911445261359,0.685090112987071,-0.594875157823103,0.24375575266295,-0.680220580804325,0.445859117909261,-0.410057676463723,0.797266808688133,0.404677912691044,0.91641207123929,-0.0816411515156451,-0.495346035019633,-0.695188451283163,-0.350003531611403,-0.729109981122807,-0.688163681552377,0.928571047568625,-0.574817287619563,-0.620117562558985,0.309946232481209,-0.366837827763826,1.85113747628741,-0.498634564693667,-0.577476313850285,-0.0543277469032874,0.477802090434393,-1.05616335937021,-0.285907429847736,0.963229043186587,-0.355161019762386,-0.229402894320868,0.531812180717289,"Male",1
1.77328312696526,1.99435789770278,0.562862244289863,0.721593793334814,0.845459529574374,-0.26830441007217,-0.736830793857191,1.79263159681567,-0.328404799285706,0.740894500739427,-0.767861751761037,0.370381644764871,-0.495346035019633,1.74574842575488,1.66611671994588,-0.368034489438359,-0.688163681552377,0.0209012738615515,0.0129864981283419,-0.0478455662691827,-0.0139096914888304,0.0941132763393141,-0.671365142523862,0.430519765296072,2.29857079327725,-1.90057562930347,-0.342472703275595,0.436933801457627,-0.989581844692136,-0.189099664724773,1.00174777656876,-0.0738378146430376,0.0652560394018102,"Male",0
0.221642999454565,-0.678832642141011,-0.968801037401015,-1.34796530103176,-0.463465734540531,-0.680220580804325,-0.736830793857191,1.03665052116553,-0.335499683012101,0.0708514300763426,-0.516848050114859,-0.76213734373751,-0.495346035019633,0.0103908760681393,-0.350003531611403,-0.363805201102367,-0.688163681552377,2.01860254130428,2.04853243710653,-0.879615495483623,-0.895942508479699,-1.25157539972002,-0.926891972908188,-0.0917628321139232,1.22005312810443,-0.0543277469032874,-1.90273821229824,-0.42895525782174,0.656417511128581,1.64500498911916,0.67629298963917,-1.45236536787218,1.1596511741784,"Female",0
0.693306903501224,0.323613810300411,0.0590640554506729,0.0914171735664112,0.386771074997882,0.095641776220294,0.0516291473204437,-0.143927689382412,-0.377697031372303,0.0314854202393172,-0.465395239590719,-0.149797264664627,1.83116562307866,-0.695188451283163,-0.350003531611403,-0.729109981122807,-0.688163681552377,0.174719165190467,-0.473714207293463,1.00684297821585,1.00121931791573,-0.810900168318006,-0.319297518406636,-1.05829739961022,-0.577476313850285,-0.0543277469032874,0.371188716852104,-1.15983735630449,-0.418961734669774,0.732652489284887,-0.665391826606224,-0.29955536383863,-0.256644265872547,"Female",1
-0.687763014302934,-1.01298145962149,-0.766002324837013,-0.716486539649994,-0.502083756007471,-0.680220580804325,-0.736830793857191,-0.883639985520236,-0.968382843452548,-0.184550600099539,-0.170411182243919,0.402402270927879,-0.495346035019633,-0.695188451283163,-0.350003531611403,-0.729109981122807,-0.688163681552377,-1.719160638363,-1.91999604291225,3.38635553475319,2.79685528530356,-0.467484378796549,0.770838435466667,0.49633968343552,-0.936982202241227,1.42267055901686,0.33963443400733,-1.24066598081152,-0.436026242647104,1.13979345085579,-0.716936910881922,-0.0481083033292086,2.72354103061791,"Female",0
2.5037896264933,-1.34713027710196,-0.668607700291867,0.227979738879181,-0.166666214194343,-0.680220580804325,-0.342600823268373,0.748948612645412,0.887461507332604,0.0350388607200659,0.658507386758173,-0.76213734373751,2.53861508645957,-0.695188451283163,-0.350003531611403,0.798460415330018,-0.688163681552377,-2.0481451914248,-0.636593414153905,0.341625401970687,0.344556097774086,1.79031189110718,-1.14884359051575,0.181730372461019,-0.577476313850285,-0.0543277469032874,-1.88102422747074,-0.659329717798652,-0.612838850822896,-0.379902384663521,-0.847243213853855,-0.353330362584034,0.558325029708021,"Male",1
0.573485653871752,-0.010535007180063,1.79593242524541,0.420978536848181,2.3808966407442,-0.680220580804325,-0.342600823268373,-0.0791736382051088,0.812148981420378,-1.05024097439031,0.292805229096998,-0.76213734373751,-0.495346035019633,1.0290000302229,9.6187914152659,3.73427400374236,0.516528427098262,0.821414866990897,-0.364197149593158,-0.716194360553978,0.168068574361712,-0.548939877291789,1.21206952263199,0.308778015191016,0.1415354629316,-1.53132605282344,2.28217896002213,-0.760668188665423,-0.950094645933468,0.16001629834155,-0.616017920711108,1.42384071662771,-0.783225129223084,"Female",0
-0.135363958021021,-0.678832642141011,-0.133085546031115,-0.483750934178273,-0.718638618999273,-0.363460238659908,-0.342600823268373,0.0927295103170402,-0.020160591845082,0.41824287785342,-1.40294702516695,0.535658047730397,1.9700618414726,-0.695188451283163,-0.350003531611403,-0.729109981122807,-0.688163681552377,0.0897134473436461,-0.866044630401184,-0.112237213785805,0.00680430731582469,-0.0304902053414727,0.0900717233157305,-0.830354782808886,-0.577476313850285,0.684171406056786,0.575416053809939,-1.59242380048344,0.453401521865516,0.467872033038792,-0.982755651577026,-0.69955674473911,-0.934454419866227,"Female",1
-0.155895366834682,-0.678832642141011,-0.325538978300382,-0.826922332053948,-0.463219232270174,1.83179278825079,-1.91952070562364,-0.130810829548061,0.277320898855296,0.702668027373888,0.0760029925488006,-0.76213734373751,-0.495346035019633,-0.695188451283163,-0.350003531611403,-0.729109981122807,-0.688163681552377,0.199122586497184,0.341862248526534,0.456137362150029,0.649210918755114,-0.307465874461786,-0.170122935254851,0.0642940230834749,-0.577476313850285,-0.0543277469032874,-0.833083743989173,0.540236487370893,0.221840340717446,0.277444933881416,-0.768536872473547,-0.359602036786372,-0.768739564985234,"Female",1
-1.0477210539492,0.657762627780885,-0.0473558502975916,-1.00427760759164,0.628062743271095,-0.680220580804325,0.0516291473204437,-1.24303045934785,-0.32405332156918,-0.902419433377004,-0.171043640022072,-0.76213734373751,-0.495346035019633,-0.695188451283163,-0.350003531611403,-0.0121468640137194,-0.688163681552377,1.9989800950284,1.87739104551622,-0.870889078998628,-1.0230371975785,-1.26098838768251,0.357291806955068,0.87604057599095,-0.577476313850285,-0.0543277469032874,1.08245740548577,0.775004039656919,0.0697745309406846,0.364597639656283,0.585413315098443,0.480637748571691,-1.03527394696165,"Male",1
-1.85735465584868,-1.34713027710196,-0.243319153613545,0.624111987412215,-0.425177322087531,-0.680220580804325,-2.31375067621246,-0.997381810517573,0.277320898855296,-0.641491129431882,0.0760029925488006,-0.76213734373751,4.73930519570155,-0.695188451283163,-0.350003531611403,2.78501909991892,4.05425102785401,-1.51850283624485,0.0596277302065974,2.03186377180117,1.65059364257649,-0.579197948881842,-0.395274635291398,-1.89742681310959,-0.577476313850285,1.05342098253682,2.27415469764465,3.31289285357043,-1.02240138929344,-2.65248458857972,-1.13853004895976,0.158344104988062,-1.84958551196319,"Male",1
-1.77012501225758,-0.678832642141011,2.62998379855999,-0.390242053928477,0.824240485324413,0.0859434967574862,-2.70798064680128,-1.56277313424144,-1.82685902950048,-0.199338108480932,-0.0683270236576876,0.385326910009025,-0.495346035019633,-0.695188451283163,-0.350003531611403,0.73425168898839,0.299259908969174,0.036137679069261,-0.799037148642475,-2.61229202318215,-1.61608294546769,1.64745358511321,2.9916114461316,2.81990774899691,-0.577476313850285,0.684171406056786,1.7097223916534,0.814984521697761,0.232364150546927,-0.904308429890126,-1.24330713254966,2.83553641990142,2.60368085913897,"Male",1
1.50124661898383,1.66020908022231,3.09865313554155,0.427591534256252,0.00631831683037966,1.26559294951139,0.840089088498078,1.29571199019952,-0.106793317188236,2.89937713215678,-2.49458967888885,-0.76213734373751,-0.495346035019633,4.46445480975476,-0.350003531611403,-0.729109981122807,-0.688163681552377,-0.981563252764583,-1.70093906317461,0.382758226661053,1.18504648219872,0.927114552634638,0.612113604002898,1.77677409636265,2.65807668166819,0.684171406056786,-0.0083566546611239,1.20896653523286,-0.180381109041044,-0.702665168299314,-0.952654318749444,1.55040113325352,0.407964488856465,"Male",0
-1.67491006468356,-2.01542791206291,0.426185133122133,-0.4131438051083,-0.699284533921606,-0.339703212999076,-1.52529073503483,-1.5511524917621,-3.09813440288209,-0.0272396365274947,-0.025218425074914,-0.76213734373751,-0.495346035019633,-0.695188451283163,-0.350003531611403,1.2830123152801,-0.688163681552377,0.40871648723633,-0.620567574877005,0.340028375937232,1.00017193997273,-0.57172368373874,0.393294311730272,-0.167737473670544,-2.01549986741405,1.05342098253682,1.41255834919826,0.144468485542905,-0.545811849030765,-0.149544481628337,-0.357163553446014,-0.108222759737737,1.19715843872283,"Male",0
0.246515701056302,0.657762627780885,-0.602215213754503,-0.707533547729649,-0.180354175331187,-0.680220580804325,0.0516291473204437,0.0262477113817123,0.277320898855296,-0.0270643452204053,0.0760029925488006,-0.203158328698129,-0.495346035019633,-0.695188451283163,-0.350003531611403,0.696622388899835,-0.688163681552377,-0.134458774292397,-0.239152600086805,0.925817525008633,1.19139322728067,-0.432232541125188,0.476074356638397,-0.978220478436272,-0.577476313850285,-0.0543277469032874,-0.439319446803822,-0.584669809772919,-0.10610797995186,0.706016192950276,-0.639775848574704,-0.590592131625246,0.208442350404082,"Male",1
0.3425882037705,-1.01298145962149,-1.10411037941656,-0.304640252714576,-1.61518929882276,-0.0655937965915308,-0.736830793857191,0.0762857551941749,0.355893539631609,0.79522642970872,6.73402579831874,0.266207756203551,0.48142200014779,-0.695188451283163,-0.350003531611403,-0.729109981122807,-0.24570449053023,-0.609490809670927,-0.681964860569252,1.01716951271102,0.696755771215394,-0.0494188926151836,-1.08895270114595,-0.629139491944036,-0.577476313850285,1.7919201354969,-1.38620590347996,-1.60398358035157,0.272229623297104,0.97245493668349,-0.394655376658066,-1.20998503617998,-0.725941307009771,"Female",1
0.316237209383299,0.991911445261359,-0.491494200479346,1.05574295991674,0.0195838919114851,-0.680220580804325,0.0516291473204437,0.745012899062606,0.896304124846772,0.409816201956358,0.783778201935767,-0.76213734373751,-0.495346035019633,0.801428569154551,0.611445118372106,-0.729109981122807,0.706086605685113,0.69913038359096,0.965409867185403,0.0589286487442692,-0.14022747636374,-0.676100326368602,-0.114961545666875,-0.121182688136987,0.501041351322542,-1.90057562930347,-1.12146605423983,0.413230192788412,-1.03076095975772,0.689251854480498,0.0534990904325006,-0.382072023283433,0.324262100234275,"Male",0
-1.32262915528053,-0.678832642141011,-1.39740141043045,-0.220484734335341,-0.77781293981649,-0.387791543566994,0.445859117909261,-0.180923366049187,0.277320898855296,-0.674207979850082,0.0760029925488006,-0.253974602792627,-0.495346035019633,-0.695188451283163,-0.350003531611403,-0.729109981122807,-0.250876091464271,0.363732317770996,0.804129536839335,0.724185729075658,0.167490152513621,-0.73988494262069,-0.608405248890204,-0.574326785928298,-0.577476313850285,-0.0543277469032874,-0.484439864678645,-0.400565263845829,-0.511359858820928,0.630903247858412,3.40914575571298,-1.01969989213481,-0.823445685245196,"Female",1
-0.590260246130444,1.66020908022231,-0.155017238060833,-1.64031681711962,-0.356181778947494,2.29232857257757,2.02277900026453,-0.525216380998065,0.277320898855296,0.389340812349232,0.0760029925488006,-0.76213734373751,-0.495346035019633,-0.695188451283163,-0.350003531611403,-0.300778367811306,-0.688163681552377,1.59152911613787,0.810099677823174,-0.401204183444549,-0.00689948344173344,-1.15159192960054,0.0367188601975774,-0.5626708335768,-0.577476313850285,-0.0543277469032874,0.0140471554047727,-0.450650468434882,3.74709171978795,0.947860533756782,2.12776448553316,-0.845608906700708,-0.201277553098859,"Male",1
1.85255207085269,1.66020908022231,-1.17577532206657,-1.05914353198312,1.13441269553482,1.94146180849273,0.840089088498078,1.53381775592769,0.435296538566722,-0.816205731116374,1.13686141509473,0.271641548013005,-0.495346035019633,-0.0585825324179981,2.10378615368334,-0.729109981122807,-0.688163681552377,0.526601076260938,1.13305512470332,0.903934681898172,-0.1359149023885,-1.02668625114825,-1.20643323326053,-0.0557760765338012,0.860547239713484,-1.53132605282344,-1.44540939861102,-1.17477402997763,2.37281121843086,1.62263226186655,-0.0370907557540212,-1.0579684424047,-0.8143422672155,"Female",0
0.0634352546758271,-1.01298145962149,-0.143263282301519,-1.09984173274278,-1.26905336220267,0.879400951128115,0.0516291473204437,-0.0967619491591673,0.277320898855296,1.67016452046104,0.0760029925488006,0.432626963216908,1.77433480394954,-0.695188451283163,-0.350003531611403,0.0327317433167702,-0.174100407708328,1.46090986801566,0.273197151635193,0.123186375501591,0.915363109494936,-1.64927308444581,-0.758572849158679,-1.40624785565057,-0.577476313850285,0.684171406056786,-0.945115886873861,-1.26985969087168,1.88009331224689,1.68867699675513,-0.102936694930843,-1.35121693206827,1.00764804944571,"Male",1
1.49844134123254,-0.010535007180063,0.908031547565926,1.12055220894205,-0.0844852441945213,0.228787646811383,-0.736830793857191,0.282261954791936,0.277320898855296,1.44314280096754,0.0760029925488006,-0.0520006640141552,0.8536929391408,0.179422584253928,-0.350003531611403,-0.729109981122807,0.228473644312919,0.125830557658511,-0.850731783802128,0.0481725929267412,0.960088348894571,-0.166254973407589,1.09889603360745,-0.535021779867223,0.1415354629316,-0.0543277469032874,-0.454482418448991,-0.523492044848021,-0.43478886627652,0.738106188004041,0.50626957808119,-0.164511945378467,0.243331313884343,"Male",0
-0.543991746209259,-0.678832642141011,0.151929385723824,-1.36402811122824,0.829274637052382,0.911141992355886,-0.736830793857191,-0.594702262940759,0.277320898855296,-0.712659330330851,0.0760029925488006,1.27315685926676,0.471260564151243,-0.0685165649620445,-0.350003531611403,-0.729109981122807,-0.250307447003806,-1.16210352503128,-0.551639794111928,1.08237550310077,0.825238031492711,0.377138649935306,1.036335798597,0.752214333651398,1.22005312810443,-0.0543277469032874,0.725763280986403,1.05947437415267,2.22822404155614,-0.683661199767511,0.912457709172903,1.18929899836915,0.426609195922059,"Female",0
0.915189080457768,-1.01298145962149,1.54681089181681,-1.27999669269024,-1.600498583564,0.248463149573628,-0.736830793857191,1.59319319628399,-3.59820185499133,2.51302473579849,-0.156780018374488,-0.76213734373751,-0.495346035019633,3.76694748002187,-0.350003531611403,-0.729109981122807,0.870685597928418,0.384234008802412,-1.56579531741264,0.883460845654657,1.90493191973529,-0.935332841718909,-0.882794468635278,-1.89742681310959,0.1415354629316,1.05342098253682,-0.100777052193665,-0.477000544263587,0.550589565622997,0.347977821345727,-0.836481987367995,-0.798236817373783,1.9893118659012,"Male",0
0.4673661943803,-1.01298145962149,0.662422375884315,-1.10851329224724,1.58497672632818,-0.680220580804325,-1.13106076444601,-0.700155305956435,2.36923155649179,-0.452017629895207,0.194528494184714,0.378636156342869,-0.495346035019633,2.11478636259989,-0.350003531611403,-0.729109981122807,-0.688163681552377,0.953340997284365,1.10221014738966,-0.309048633374237,0.163090998594104,-0.641345482958014,1.82356728842477,1.22912534564321,0.1415354629316,-0.0543277469032874,0.490867127139348,1.1938358564115,0.284307731714556,0.378891652488977,-0.275107302176345,1.28154458162371,-2.29917091707101,"Male",0
1.17962027832215,0.323613810300411,-0.345845085123766,1.28822518896266,0.31575797132699,-0.378148722267411,1.2343190590869,0.435561025140763,1.1242582873932,-0.446485132579234,0.370198834406037,-0.76213734373751,1.61037768951977,-0.0125954192988229,-0.350003531611403,-0.0223021489586061,1.69647827572702,-0.839557006671123,-0.196790813601608,-0.111097547365867,-0.647418840047364,0.746690105682047,-0.654845181928852,-0.682234302682158,0.501041351322542,-0.0543277469032874,-0.311137409810054,-0.344457371981912,-0.51901768937607,-0.501280769832202,-0.429038431944205,-0.0482534760421573,1.39356011488276,"Female",0
0.391177111123123,0.657762627780885,0.442989184882947,1.67380340722143,0.224521399888776,-0.359554001256782,0.0516291473204437,0.551600429294326,-0.712174272339583,0.0263318058431765,-0.281238213922285,1.55042359318668,4.77643038173502,1.01371467134428,-0.350003531611403,-0.139267984068528,-0.29015961019558,-1.5987425635856,-1.52742928138173,1.87273918839982,1.91310666743935,0.0304582455211163,-0.0315543948856282,-0.249519475535276,1.93906490488631,-0.0543277469032874,0.749082670484667,0.167136048940102,-0.686860272649549,-0.438222094479866,0.426918761435402,0.685171510789308,0.882412162825517,"Male",0
-0.748585025529219,-0.010535007180063,-0.0671338149988927,0.985042116921642,0.188811338967446,-0.52637237245858,0.0516291473204437,-0.430825195136253,-2.0907495815715,-0.593461784178822,-0.0155214471978155,-0.116452012833922,-0.495346035019633,0.100043694890012,-0.350003531611403,4.21154674667844,-0.132534235400803,-0.646744974119737,0.00531285114011328,0.369728843589115,1.20117517432118,0.165613806005367,0.234357511565482,-0.304742569863735,0.501041351322542,-0.0543277469032874,0.501731644813121,1.34453728556528,-0.85471874942766,-1.01682191199835,-0.144498970008926,0.23868998589868,0.524130888019038,"Male",0
0.145546950578427,-2.01542791206291,1.62562728149482,1.30683242257772,0.148858317764519,-0.49220485624928,-2.31375067621246,-0.704273033881737,-1.04304647469497,-0.371396073775009,-0.125254035096499,-0.76213734373751,-0.495346035019633,-0.695188451283163,-0.350003531611403,0.845042477892725,3.56056116851518,-2.30587291807088,-2.14031762983759,-1.75456950671115,-1.54813824372564,3.18651130832674,2.07673793111056,0.978113508292235,-0.577476313850285,0.684171406056786,0.913178126433397,0.439960883810519,-0.781456659042507,-2.09382475908277,-1.1603588713688,1.57726430578024,0.39010557404268,"Male",1
-1.78593940634255,-1.34713027710196,-0.154032816700428,-0.423198232455539,-0.381135044615047,1.62327926023119,-2.70798064680128,-1.56986546562915,-1.17663118943107,-0.583719800012744,-0.074542414538409,0.427179709537791,-0.495346035019633,-0.695188451283163,-0.350003531611403,0.787626582731071,-0.688163681552377,0.57708747721986,0.774532880472636,-1.16678267626648,-0.637414616228225,0.213801136483269,1.00141108786675,2.01408950464923,-1.29648809063217,1.7919201354969,0.0059646771168428,0.530066157398525,-0.520895039580032,0.280589257132105,-1.17836056257626,0.440191580995955,0.0600961030601057,"Male",0
0.772424279623733,-0.678832642141011,-0.214149395564762,-0.996904768855215,-0.813415573223997,0.331694238616935,-0.736830793857191,0.591228626898061,-0.66537382505334,1.3388058212703,-0.606163285966404,-0.76213734373751,-0.495346035019633,1.47558038016253,-0.350003531611403,-0.729109981122807,1.58691364525744,0.897042678702032,0.194765045451546,0.537426548721075,0.897670439118478,-1.28526349594745,-0.506160157231317,-0.931294028918413,0.1415354629316,0.684171406056786,-1.20206452885139,-0.848922164418052,0.479016601683214,1.46824341233293,-0.34289125257169,-1.057582226721,-1.65339366665387,"Male",0
0.276110818010204,-1.34713027710196,-0.0154527823385938,-0.826784664879255,-0.156868384843932,2.05607969620214,-2.31375067621246,-0.302546580256025,0.277320898855296,0.459281386300907,0.0760029925488006,-0.76213734373751,-0.495346035019633,0.268632909878725,-0.350003531611403,-0.729109981122807,-0.688163681552377,0.746104626038458,0.866726465054903,-0.987164138905449,-1.14418357589848,0.122396371570865,-0.702981958674673,1.21255461920182,0.1415354629316,-0.0543277469032874,-0.662665515284187,0.0751371274044938,0.723199276695474,0.263150268688649,-0.747593023892752,-0.000826523836461781,-0.0247976912314554,"Male",0
0.193900657006809,-0.010535007180063,-0.262166887511857,1.63039560742954,1.74392637858279,-0.267092891922957,-1.91952070562364,-0.641557228034899,-0.0709923805472861,-1.12272746288582,-0.210975455171608,-0.0023600417422335,-0.495346035019633,-0.695188451283163,-0.350003531611403,0.23983434801878,-0.0343550517118953,0.277537941623608,1.1687718371242,1.30870994331703,0.518034383527376,-1.15597900775012,-1.05649684476226,-0.0233168103775736,-0.577476313850285,-0.0543277469032874,-0.104420811218378,0.74597995875367,-1.14297371257009,0.248775255352233,-0.458418273103509,0.926702262200495,-0.770232922123158,"Female",1
0.207868992135169,-0.678832642141011,-0.410060721984195,-1.19454197668466,-1.24260210861557,1.28430269499519,0.0516291473204437,0.203966895230883,-0.435722469825173,1.61239335664027,-0.910527868009716,-0.0955524876428473,-0.495346035019633,-0.695188451283163,-0.350003531611403,-0.729109981122807,-0.114549636632704,1.61252871046998,0.48776800298439,0.0993998111519637,0.358261298336799,-1.59600360010426,-1.06276014087012,-0.801269344163556,-0.577476313850285,-0.0543277469032874,-1.15618577929144,-1.32564077941672,1.66484151501421,1.81771337245469,0.788920457786372,-1.44893244862042,-0.66865748479646,"Female",1
-0.583819823734258,-1.68127909458243,-0.313793289059406,1.84635501984628,-0.728185149042577,-0.436993889514861,-0.736830793857191,-1.02341893094663,0.277320898855296,0.300094067580722,0.0760029925488006,0.957798087152908,-0.495346035019633,-0.695188451283163,-0.350003531611403,2.56104164200635,0.0518614709044288,-0.184900212936554,-0.158900128015564,0.227376616500424,0.50740939190997,-0.200835863077292,-0.14279683148973,-0.0118753573694443,-1.29648809063217,1.42267055901686,-0.203883420200588,0.209309596731506,-0.91390158888391,0.00688801171062415,-0.781908008439965,-0.0172947119518457,0.381906198058992,"Female",0
0.121216632266249,-0.678832642141011,2.56390057497991,1.63059075611741,-0.318403322068232,-0.207279792185924,-0.736830793857191,-0.684649317683534,-1.86912247250591,1.30080309140781,-0.219690611378875,-0.76213734373751,-0.495346035019633,0.54047996046284,-0.350003531611403,-0.729109981122807,0.17519899631391,-0.208919945624249,-1.12192979287046,-1.15884198053876,-0.46536761839503,1.11282236125712,-0.14279683148973,1.12731198047357,-0.217970425459342,0.684171406056786,1.13237510916912,0.477319522977725,-1.18222760101595,-1.29815125993673,-1.18314022421024,1.21848985183083,0.70615424832302,"Male",0
1.56653262771754,-0.010535007180063,-1.08894088480641,-0.604182579533323,1.13191749436726,0.133404988287864,0.445859117909261,0.444123306873661,0.277320898855296,-1.40575985391491,0.0760029925488006,0.992505304368194,-0.495346035019633,0.385328769750337,-0.350003531611403,-0.729109981122807,-0.688163681552377,-1.59926393456036,-0.148703625584987,2.67537458391751,1.51038120431454,-0.15527639942016,-1.49762423924047,-1.05585150670091,0.501041351322542,-0.0543277469032874,-0.438577556524865,0.116354920798295,0.146843386433582,-0.330677181057515,-1.01118005542377,-0.171983411693457,1.44165023723468,"Male",0
0.761044880002607,-0.010535007180063,-0.593340692994654,1.11158005251962,-0.677737177142629,-0.680220580804325,-0.736830793857191,0.989100974870988,0.277320898855296,0.515580973419301,0.0760029925488006,-0.137080937143948,-0.495346035019633,0.0746369170569941,-0.350003531611403,0.0680247305511864,-0.15028597489447,0.629621968364346,0.519699050094829,-2.0251008494553,-1.60208708011724,0.785476305209435,-0.260918934985598,-0.612593677583783,0.501041351322542,-0.0543277469032874,-1.6518525933994,-1.12565598038749,-0.265777001755635,0.511202490632146,0.0207475315624903,-0.723194040932997,-1.24098195067654,"Male",0
0.0858838566720296,-0.010535007180063,-0.813901030044483,-1.02418851937106,-0.726100966564417,0.769279025393696,0.840089088498078,0.612186890925802,-0.939412988980273,-0.159426119964358,-0.18083423641787,0.944048603330393,0.585061631786178,-0.695188451283163,-0.350003531611403,-0.729109981122807,0.290648656726253,-0.688895650552177,-0.326092778163981,-0.54260705859916,-0.945393483218496,0.974015184896633,-1.01347216482757,-0.962187809808251,-0.577476313850285,-0.0543277469032874,-0.534063580073919,-0.213594874461883,0.850707747398542,-0.884980792855986,-0.266113315230685,-0.299808294199177,-0.363143766325465,"Female",1
0.88207353391796,0.657762627780885,-0.416804333781995,-1.06584371373325,-0.613443247495367,-0.680220580804325,1.62854902967571,1.48133896009145,-0.427319601844086,-0.0831535709163681,-0.391372132407746,-0.76213734373751,0.75603523562413,0.116108990772282,-0.350003531611403,0.110968014681765,-0.688163681552377,-0.830096921519886,-0.377320155818887,-0.893069300803394,-1.06398781460386,1.52952629063315,-1.25059278446377,-0.272567130606243,0.860547239713484,-0.0543277469032874,-0.612559569755297,-0.650217186936926,0.0154465104695467,-0.830182632224799,-0.0606096818853912,-0.367012091813522,-0.363143766325465,"Female",0
0.921972599227634,-0.010535007180063,0.214004940381907,-0.8095124957485,0.322719682689977,0.666370828243707,0.840089088498078,0.42212854613195,0.277320898855296,0.274744647162592,0.0760029925488006,0.508269508624726,0.309113353251349,0.347908259930995,0.655147329734963,-0.18905984096273,-0.323757356478953,0.108249706456436,-0.102155955843977,-0.262969938512856,-0.51511189733108,0.0577323945898654,-0.608405248890204,0.307739898859239,0.501041351322542,-1.90057562930347,-0.0207022365207587,-0.232297668106015,-0.0356340550667939,-0.015068079931613,-0.0468518173017311,-0.0584289924352187,-0.238254712491038,"Male",0
0.167488980477662,0.991911445261359,-0.139680719134337,0.0108657595924218,-0.300099839239252,-0.5138440167301,0.445859117909261,-0.411214413673511,0.56513692595891,0.394227034165483,1.58620856020832,-0.76213734373751,-0.495346035019633,-0.695188451283163,-0.350003531611403,-0.128621016612675,-0.28297542118192,0.128873804140773,-0.615370265989973,0.297181570382617,0.688488144956362,-0.208362868436477,0.608610735821324,-0.994075220670909,-0.577476313850285,-0.0543277469032874,-0.128842828900244,-1.01735587120725,0.218679699960971,0.671614283320958,2.07998930635986,-0.365005097424703,0.279333612223835,"Male",1
-0.619560948272903,-1.68127909458243,-0.904845236336484,-0.357513945841048,-0.000253172141139605,-0.620828016652248,-0.736830793857191,0.0520726871758499,0.277320898855296,-1.18226428158291,0.0760029925488006,-0.0828225685160313,-0.495346035019633,-0.695188451283163,-0.350003531611403,-0.729109981122807,-0.688163681552377,1.14319084025385,1.70251137697018,-2.65428453220577,-3.23391885573116,0.79733850061565,-0.770411649909899,0.89530076619304,-0.577476313850285,-0.0543277469032874,-0.435872748216163,-0.424073236780068,-0.436119272536705,-0.133996909660397,1.25423908460832,-0.302475782499851,-0.420103951125142,"Female",1
1.22136310910299,-0.678832642141011,0.988312161477534,0.257040973429393,-0.819046817726857,-0.680220580804325,0.445859117909261,0.0906078653764324,0.857843031192928,1.66641366532084,1.3082702305221,-0.76213734373751,-0.495346035019633,0.240560443048751,-0.350003531611403,0.23983434801878,-0.688163681552377,0.150210038250009,-1.19465047953696,-0.057321004250716,1.24319006141554,0.0259272649854232,0.451833335878105,-1.6891923683616,-0.217970425459342,1.05342098253682,-0.497946785887126,-1.1187056081997,-0.0592571079048283,0.518306755410027,0.253532074413922,-0.261899290183499,-1.11578954151703,"Female",0
-0.599566239870522,-1.68127909458243,-0.231573464372568,1.38909535122028,-2.20133945365495,-0.680220580804325,0.840089088498078,0.251521956530523,0.277320898855296,2.02244635487922,0.0760029925488006,-0.76213734373751,-0.495346035019633,-0.695188451283163,-0.350003531611403,-0.729109981122807,1.14178982044683,1.59856493912471,0.335408576771068,0.0338159930008052,1.32025974698819,-1.60422841964835,0.0358129192069192,-1.31459670960296,-0.577476313850285,2.53041928845697,-1.19639428440635,-1.06610448842798,-1.1669950333286,1.77294659127688,-0.91623272296499,-1.44677190526279,-2.6518629159056,"Female",1
0.194535863547219,1.66020908022231,-0.937094615627258,-0.538677959798347,-0.148344465002233,0.647797153636148,1.2343190590869,2.69515149635045,0.751874705448759,-0.594618643954151,0.532181132592285,-0.76213734373751,-0.495346035019633,0.834686725164266,-0.350003531611403,-0.729109981122807,-0.688163681552377,0.245453331051293,1.15189024914805,-0.444998643174566,-1.04802051519229,0.257136728892505,-0.664450706540264,0.570812418883591,1.93906490488631,-0.0543277469032874,-0.751820118751659,0.206517826666441,0.218408483568488,0.00830039187474465,-0.350608295531462,-0.747115527402123,0.781693354538375,"Male",0
-0.248681741573108,-0.010535007180063,-0.410962172780214,-1.39967041622502,-0.507814381524099,-0.680220580804325,-0.736830793857191,-0.562106827159092,-0.458602542754262,-0.066252465700443,-0.376571972088504,-0.160159942925872,-0.495346035019633,-0.695188451283163,-0.350003531611403,-0.729109981122807,0.347871531887165,0.312308253698706,0.675725581525347,-1.00955690085762,-1.44422448501443,0.421042709176431,-1.33785843615095,-0.412555041714229,-0.577476313850285,-0.0543277469032874,-0.203883420200588,0.430417785884638,1.05070663916062,-0.847319511549461,-0.476981427347582,-0.226496843350373,0.692182584368553,"Female",1
0.242292493044381,-0.678832642141011,-0.790006099158338,-0.882080062266354,-1.42932546746849,-0.680220580804325,-0.342600823268373,1.1440343505184,0.909390450977664,0.712678968228722,0.874847115198523,1.71958767017944,-0.495346035019633,0.323650196879495,-0.350003531611403,-0.729109981122807,-0.688163681552377,-0.844858872575602,-1.31037322975656,1.35501776504328,0.984607416587201,-0.112854369805248,-0.872340252939891,-1.33061529595727,0.1415354629316,1.05342098253682,-0.495807411817651,-1.21059764333749,-0.0601011310470285,0.276649637053066,-0.632046180546438,-1.02083806800314,0.375522791252898,"Female",0
1.15958818056358,-0.344683824660537,0.8781743297963,0.225354091043799,-0.263311718515199,-0.17035500334192,1.2343190590869,0.0885415345948462,0.461585242863849,0.827807383778695,2.95408092095307,-0.76213734373751,-0.495346035019633,0.78989839180141,-0.350003531611403,0.0397749641898548,-0.169347896702071,-1.16735909438675,-1.00594085788922,-0.438294196099346,0.0359629065132159,1.56895652622972,0.161032390034308,0.250692767149071,0.1415354629316,-0.0543277469032874,-0.241630836284479,0.329712746378907,-0.949980895355444,-1.05264520281074,-1.10367834954533,0.568048672978829,0.0932409242299737,"Female",0
0.179782928386759,0.657762627780885,1.96984382363898,1.27486886615134,0.693649247812006,-0.680220580804325,-1.91952070562364,0.356852261179755,0.277320898855296,1.2612243189197,0.0760029925488006,-0.180732721854049,0.056898002693889,2.88512864070005,2.41005410846009,2.97821787554824,-0.187849499727935,0.831262965692976,-0.619984167652215,0.558047345957596,1.91806253231789,-1.37758940040111,0.909319068602052,0.0147408964634412,0.860547239713484,-3.37757393522362,1.27864213987279,1.20314655392054,-0.261063766400753,0.0973223148789463,0.847123184344703,0.733465702600588,0.700800620078785,"Male",0
0.928450617475531,0.657762627780885,-0.439450002260044,-1.65940802913316,-1.69176652366925,0.040104620322164,0.840089088498078,2.94164894860156,-0.332819709622013,1.85995568164578,-1.16643485751425,-0.476943968717425,0.588211508365792,1.41229265912911,-0.350003531611403,-0.729109981122807,-0.688163681552377,1.3834902918446,0.215065473132739,-0.485862229935358,0.284067731380762,-0.929115586397682,-0.794985152546646,-1.74109920517196,0.860547239713484,1.05342098253682,-1.9147878054723,-1.73923195888514,4.35016120525799,1.76158300907797,0.38674432541315,-1.75146493342684,0.0892515475642792,"Female",0
0.498009609468191,0.657762627780885,0.680992517737198,1.53955345638568,-0.161783515867399,-0.229535829297378,0.0516291473204437,-0.122266816460538,-0.863159911540986,0.47116470483219,-0.320002795328769,-0.76213734373751,-0.495346035019633,-0.0386343905462002,-0.350003531611403,-0.729109981122807,-0.688163681552377,-0.746549629992261,-0.583123004904415,-0.407331940454533,-0.238077077158918,1.22706921680444,-0.220133924434429,0.586350521725225,0.860547239713484,0.684171406056786,0.154151335625084,0.496169676169091,-1.14196873894652,-1.07299400140257,-0.376439555097455,0.448484801478176,-0.083089524393719,"Male",0
1.02770180877314,-0.010535007180063,0.276113996800527,-0.864470831907572,0.229861755713018,0.414299529998262,-0.736830793857191,-0.195462803086983,0.460456517938837,0.338538607347517,2.38234949307987,-0.76213734373751,-0.495346035019633,-0.695188451283163,-0.350003531611403,-0.729109981122807,-0.688163681552377,-0.648319205686801,-1.13225323491331,1.11358327525077,1.06884175907489,0.097102863132446,-0.00782624443955678,-0.41937681095494,-0.577476313850285,-0.0543277469032874,0.219026374699474,-0.98503785407477,0.654622958075257,0.278597079056943,-0.8857535209111,-0.029445908665088,-0.379617545262627,"Male",1
2.05843432723945,-1.68127909458243,0.379833017191299,-0.878324355401612,0.648676130876087,-0.680220580804325,-0.736830793857191,0.344462284585007,-0.505027619678229,-0.309827958261396,-0.281021634609492,-0.76213734373751,-0.495346035019633,-0.695188451283163,-0.350003531611403,-0.729109981122807,-0.688163681552377,-1.51159759783628,-1.1849317335619,-0.712381929155904,-0.564804520733447,2.20166177261276,0.0456766692453909,-0.394051966681265,-0.577476313850285,-0.0543277469032874,-0.328767394908038,-0.327023351469164,-0.198938913858712,-1.29704247550882,-1.09488966012778,0.379134366521751,0.679816858799658,"Male",1
0.0401009790537889,-0.678832642141011,0.24608456476049,-0.657597586207093,-0.421570067139385,-0.218502115983648,-0.736830793857191,-0.191682083564843,-1.13196010254347,0.0911384308517668,-0.18497226560914,-0.76213734373751,0.75603523562413,-0.695188451283163,-0.350003531611403,0.951046010486362,0.445544885342748,-0.802498491285288,-0.992048687677721,-0.525511339467247,-0.155847660570711,1.0864055477384,-0.351530234660776,-0.0920271658836516,-0.936982202241227,-0.0543277469032874,0.216040696773058,-0.804187535979892,-0.450467950424327,-0.557550461150627,-0.46101301234315,0.0371930343050036,1.68083420837041,"Female",0
0.426810590983456,-1.01298145962149,0.67675983692964,0.917640243220312,0.017112149953973,-0.680220580804325,-0.736830793857191,-0.990800286215195,-0.182631252150672,0.852830596638091,-1.08900579586994,-0.76213734373751,-0.495346035019633,-0.695188451283163,-0.350003531611403,-0.729109981122807,1.90192435204649,-1.68012857274549,-0.372906720205541,0.334008816272671,-0.358970132892919,1.40809416397449,-1.26316708585962,0.989823853492513,-0.577476313850285,1.05342098253682,0.241536089589316,2.2947618353349,-0.984321750828851,-2.30659069711877,-1.18380747042125,1.28742026755267,0.477018959469774,"Female",1
-1.51980723313303,-0.678832642141011,0.979300317379042,0.413176136109635,0.418086196300113,-0.680220580804325,-0.736830793857191,-1.48417260603573,0.277320898855296,-0.164035526879059,0.0760029925488006,-0.76213734373751,-0.495346035019633,-0.695188451283163,-0.350003531611403,-0.729109981122807,-0.688163681552377,-0.261198187356287,-0.709652387328003,1.09297917935748,1.0170444064999,-0.277400940372552,1.76528472217103,2.6084865921518,-0.577476313850285,1.05342098253682,1.42433075424149,0.460568902587337,-0.668110588757134,0.404680730875859,-0.979207994493775,2.03995881014542,-0.959073141598831,"Female",1
-0.293216684708129,-1.34713027710196,1.84516997266126,0.455021977586672,0.253282341163937,-0.680220580804325,-3.49644058797891,-0.697376422356703,-0.73613299319176,0.927474043829477,-0.468982563397988,0.564253539406799,-0.495346035019633,0.938407076109855,-0.350003531611403,-0.729109981122807,-0.688163681552377,1.07063971263713,-1.2234922434013,-0.475672971828445,0.739268319154276,-0.66166823037607,1.9713481682817,-0.443315097242189,-0.217970425459342,-0.0543277469032874,0.739801981896666,-0.790617267928648,-0.683213753295212,0.97209425268247,-0.509129061514921,0.840235442445238,-0.318924675494137,"Male",0
3.00624363828135,0.991911445261359,0.310632947075767,0.640443268936484,0.762894779350297,0.620632284968538,0.840089088498078,0.498398565437623,0.277320898855296,0.876517396339745,0.0760029925488006,0.385326910009025,-0.495346035019633,0.0114254498618937,-0.350003531611403,-0.729109981122807,-0.688163681552377,1.23800480218884,0.628719441481273,-1.47404801388311,-1.37271039798486,-0.137536826789447,-0.994847718977289,-0.324981959074095,0.1415354629316,-0.0543277469032874,-1.60153408141817,-1.39771839761327,-0.694365097099103,1.16493205747927,-1.01045313238375,-0.239952641676096,0.344361686975788,"Female",0
-0.468743850440417,1.66020908022231,-0.500046361309181,-1.11760743802765,0.758051110384577,-0.680220580804325,0.0516291473204437,0.669626695413141,0.546419817085613,-0.779905201696075,0.728548118679844,0.646630650961227,-0.495346035019633,0.606100515182032,0.48596352138956,-0.729109981122807,-0.385093074560609,0.853407322790572,1.34189092635002,0.398842345477127,-0.267895417580132,-1.07325965711251,0.67134560957954,1.23967851449589,1.93906490488631,-3.00832435874358,0.78838776497494,1.2484963747761,0.626553125018931,0.263816617191642,1.73751419071802,-0.185874691797952,0.822085793278531,"Male",0
0.796346264166568,1.32606026274183,-0.781148082016167,0.318098012298557,2.41302169778161,-0.656682513905346,0.840089088498078,-0.081189027766176,0.277320898855296,-2.33652731613166,0.0760029925488006,0.359024004479022,-0.495346035019633,0.685644444364225,0.980597322090664,-0.014201199592848,-0.205769062114205,0.165898003422114,2.00186127378797,-0.92571771570718,-1.99334526119323,0.47441644150553,-0.348251548623465,0.714453650742498,0.1415354629316,-0.792826899863361,-0.0954001585039077,1.12507417280204,1.23453485469143,-0.765121414158387,-0.422527101162562,0.520659067484666,0.867517127797137,"Male",0
-0.497434385814843,0.657762627780885,2.32796542587855,0.709146101572023,0.9886891543251,0.502629223150752,0.0516291473204437,-0.695085315572556,0.277320898855296,0.695175084313035,0.0760029925488006,2.0528648902738,3.06974017487201,1.61613375773814,1.87723722590432,1.66420574793199,0.926759313017661,-1.09436678225549,-1.38417767922316,0.733176355468054,1.85241357657178,0.0925717952388364,1.75941453564188,0.417121511607406,1.22005312810443,-0.423577323383324,2.56263104108442,2.23866533323615,-0.706818578656985,-1.85038174309947,-1.02476128305517,1.60026284469792,1.39356011488276,"Male",0
1.2126850054761,-0.010535007180063,1.50165824224422,-0.668353805149084,0.768673222862167,1.4517142437155,2.02277900026453,-0.345699196683227,-0.854422564187789,0.272008448782663,-0.284233138917397,-0.76213734373751,0.677083735898989,-0.695188451283163,-0.350003531611403,1.2385805926466,1.96728934973983,-1.32329915268391,-1.48758064616666,-1.18062253238499,-0.828193113119887,1.88912506384979,0.6983644320435,-0.205932506402637,-0.577476313850285,-0.0543277469032874,0.182521517314313,0.151448620935053,1.13138907025906,-1.32753054953361,-1.04384850908715,1.42106227669644,0.477018959469774,"Male",1
-0.687186696369884,-0.678832642141011,1.26429689444603,-0.498675418038516,-0.31355413117009,1.79854555248389,-0.736830793857191,-1.14468954899028,0.277320898855296,1.0112187406203,0.0760029925488006,-0.76213734373751,-0.495346035019633,-0.695188451283163,-0.350003531611403,-0.729109981122807,-0.688163681552377,-0.53755356103315,-0.467480340491514,-1.26062726213954,-0.994130879678236,1.59599440206736,0.890810743248822,2.76050427673334,-0.577476313850285,-0.0543277469032874,-0.0959029329787943,1.21282403648298,-0.0605605548652763,-0.861340594633276,-0.142236135032453,1.33260704024803,-0.904771513411735,"Female",1
-0.632949562232169,0.657762627780885,-0.190139851931957,1.28385627099751,0.369569310924952,-0.680220580804325,0.840089088498078,-0.655018906600027,-0.863159911540986,-0.947209363045509,-0.045599196691325,-0.229051089612764,0.517352159479535,-0.695188451283163,0.915336244797376,-0.0492648455534446,0.68804113194021,-1.282575817219,-0.914774910375937,1.11297592142087,0.666446505311332,0.465040391574333,0.309014606239815,-0.582485871138221,-0.577476313850285,-0.792826899863361,1.33748654555739,0.496169676169091,-0.828228967170065,-1.16755035189969,-0.708950583584803,0.207329746841372,0.380077106493399,"Male",1
0.761849772876512,0.323613810300411,1.14775613186632,-1.0079350000357,0.676339770477251,0.026171831132096,0.445859117909261,-0.151823099857065,0.351049357092996,1.20003306455172,8.38291122103294,-0.27966470436937,0.421202022640522,-0.695188451283163,0.7951991760138,-0.113812410829453,0.972558608794619,-0.412717455641538,-0.547463268582444,0.1697215984978,0.741869942135685,0.216760600253983,0.820546601367571,0.87946038781475,-0.577476313850285,-1.90057562930347,0.197049060868005,0.915685943650489,0.345816743153812,-0.366366971094915,1.43331414540483,0.907388563251952,-0.630468269987585,"Female",1
-0.209992552247114,-1.34713027710196,-1.98559639102511,-0.907601185928712,-0.762494736998639,0.57262633847914,0.0516291473204437,0.235515090697122,-1.81546138822188,-0.700884129674512,-0.0162352247786731,5.1071423141761,1.36295515188639,-0.695188451283163,-0.350003531611403,0.518405842647008,0.153614929367258,-0.368651167997412,0.282488468376266,-0.962905313457263,-2.30604411758151,0.484315238330154,-1.4312226240151,-0.0207138798182227,-2.01549986741405,-0.0543277469032874,-1.90761304514697,-0.976634326908014,0.0499706770335597,0.251582875144502,-0.17968329433824,-1.10725122470645,1.71590297886275,"Male",0
-1.03156143546109,-0.010535007180063,-1.0340389533161,0.12685306261441,-1.05843426332043,-0.566714791535909,0.840089088498078,-0.502698508112509,-0.925427541993657,-0.0985811836705304,-0.194982577612038,-0.19994580562318,-0.495346035019633,-0.695188451283163,-0.350003531611403,-0.729109981122807,-0.204382870679024,0.515088634914729,0.198546227474162,0.139895314675781,-0.188367268208502,-0.504627119638019,-0.200747017060585,-0.510693118559322,-0.577476313850285,1.05342098253682,-0.498269877820352,-0.834716139669446,-0.531356156664319,0.813332734041295,0.0537833661833141,-0.980360847031841,1.47914076493638,"Female",1
-0.0895906919290072,-0.344683824660537,-0.666958158799666,-0.209337146674966,-0.189700110583695,0.3606060906004,-0.342600823268373,0.0251474163403165,-0.394519321715223,-0.213297693416298,-0.371449022986951,0.21485469253607,-0.495346035019633,-0.695188451283163,-0.350003531611403,-0.729109981122807,-0.267799830905882,0.298957960324723,0.125974439927711,-0.123537838680147,-0.758658065322193,-0.137777740567751,-0.706012506595361,0.512477435097624,-0.577476313850285,-0.0543277469032874,-0.0676439946094182,-1.15018832034611,-0.096416423294696,0.676514903904209,-0.0944372966277404,-0.58845253095213,-0.318924675494137,"Female",1
1.40534627745005,-0.010535007180063,0.736163322746073,-0.827929600831261,-0.621297120289256,-0.680220580804325,-1.13106076444601,-0.043741401447801,-0.389170275373104,1.23758800175817,-0.855354742246415,-0.450604453190096,2.46373228807911,-0.695188451283163,-0.350003531611403,-0.729109981122807,0.384165759109569,-0.0982111617635316,-0.733105713748225,-0.730360521740577,-0.0357115304438366,0.5335630285377,-0.347365497892724,-1.21436478097443,-0.577476313850285,1.05342098253682,-0.508868116394312,-0.948963795708988,-0.211545949663739,-0.0818085629909436,-0.971350803331146,-0.197718253377166,0.42685999076558,"Male",1
-0.669117062985339,0.323613810300411,-0.200463260437008,-0.915159783326533,-0.578936590819322,-0.573808903365186,0.0516291473204437,-0.504607264440474,0.585139584213216,0.417209866782586,1.50454632617503,-0.258552645503838,-0.495346035019633,-0.0749687851558396,-0.350003531611403,-0.0868881928243366,-0.688163681552377,1.98888559529974,1.33047007438766,-0.00894339380563245,0.203416576189656,-1.87279412380344,-0.756092603508596,-0.655256090578078,-0.217970425459342,-0.0543277469032874,0.484023158625519,0.401715371485973,0.0443413447988159,0.627113765943869,1.86688822330295,-1.04139438525128,-0.26258374895229,"Male",0
0.299647054724723,1.66020908022231,-0.255064842854522,0.50430148371874,-0.700182759718207,-0.130999019828117,-0.736830793857191,1.93715717292688,-0.712174272339583,0.744457373060418,-0.441368585827464,2.47544796795635,-0.495346035019633,1.58334904555345,-0.350003531611403,-0.729109981122807,1.69986074658842,-0.70737198707242,-1.12458590305722,1.06984662037476,0.932136942951821,-0.319560000861175,-0.146328337413669,-0.883329989986937,1.57955901649537,-0.0543277469032874,-0.209148426226473,-0.265291314329506,-0.702209586201781,0.0266613340083112,-0.234498088391393,-0.369701900540158,0.477018959469774,"Male",0
-3.02527115421316,-1.34713027710196,-1.43746422644619,-0.598908895690965,-1.71341654557788,1.50881964080085,0.840089088498078,-2.04948094436284,0.277320898855296,-0.568869152928996,0.0760029925488006,-0.76213734373751,-0.495346035019633,-0.695188451283163,-0.350003531611403,-0.729109981122807,-0.688163681552377,1.4034046110372,1.55761108017488,1.07599120635454,0.697404901735161,-1.93631094843652,-0.240606933061704,0.0175863841264981,-2.01549986741405,2.53041928845697,0.16729950462433,0.18837132124352,0.587475312759628,1.17422021735623,-0.458616193716754,-1.27881098848908,-0.318924675494137,"Female",0
0.0451900240262923,-0.344683824660537,0.187699559761481,-0.761025012104799,-0.136495714449484,0.626415830541399,-0.342600823268373,-0.834877340899419,-0.743825242846767,0.0748272920866809,-0.28064386318405,0.722816396405071,2.32560453333863,0.219253067845754,-0.350003531611403,2.11153326085779,0.589678612063754,-0.905560560927961,-0.274126637567566,-0.695689978112446,-0.45648433687303,1.020294791742,-0.36672915304627,0.13750182152458,-0.217970425459342,1.05342098253682,-0.427860972561734,0.665104466557264,0.47151962256996,-1.00008812458032,-0.830873667921994,0.859823731243849,0.972114851456252,"Female",0
0.0660365565909498,1.66020908022231,-0.934179238969181,-0.621732182161491,0.295694672521242,-0.153966466923485,1.62854902967571,0.528421511276879,0.169389888691442,-0.561435422382015,-1.99756849475073,-0.76213734373751,-0.495346035019633,1.0445612981065,-0.350003531611403,-0.729109981122807,-0.688163681552377,1.36183616570448,1.6402617909823,-0.826723098396148,-0.884427750823912,-0.604292052069874,0.024382364108183,-0.155248741977846,0.501041351322542,-0.0543277469032874,-1.26115175120009,-0.494579288987355,0.478181817034434,1.1796887290025,2.22380341186023,-0.687948084798689,-0.483586674568838,"Male",0
0.814247395457858,-0.678832642141011,0.721505319752408,-1.48689610300513,-1.30506850763522,3.18002239062846,0.445859117909261,0.642882113025638,0.511576646674205,2.16009035111998,3.59473807951711,-0.76213734373751,0.232685771799573,1.19280637959223,-0.350003531611403,-0.240367248989677,-0.0285918022813611,1.63870565303106,-0.126411370141472,-0.606150892199173,-0.222352009980808,-1.1606093947148,-1.51372328051955,-0.847076773489407,0.860547239713484,1.05342098253682,-0.177707934806471,-1.79805784486106,3.74282482333999,1.28171535114995,2.53224065859609,-1.07492043789284,1.04364033268051,"Female",0
3.33000499317957,-0.010535007180063,-0.553251026650998,-1.14691591290983,-0.306183173368812,5.42071559237306,-1.13106076444601,2.92340435432745,-0.34166232713618,0.802731834192917,-0.771830058666185,0.0479771708123328,-0.495346035019633,0.302556229008646,-0.350003531611403,-0.729109981122807,0.00896146206636801,-1.50702984696353,-1.45379508800564,0.661632386587394,0.547060628743051,1.12906624037733,-0.818575715077917,-1.00930475062329,1.22005312810443,-0.0543277469032874,-1.60100672730556,-1.95370529715782,1.58722914301454,0.353965085084933,-1.16198165978069,-1.12031273126008,-1.04478522310273,"Male",0
-0.864642928802772,-0.678832642141011,0.359776813182764,-0.779957537689548,-0.906432345303012,0.248463149573628,0.0516291473204437,-1.2215431635394,0.653974628812938,0.758935809737047,1.44365497650084,-0.145940004324027,-0.495346035019633,-0.695188451283163,-0.350003531611403,0.842563497642289,-0.688163681552377,-0.479662050682781,-0.838834458319939,0.527961872551322,1.05603264673749,0.169546861012661,0.692334801688874,0.466935937493704,-0.577476313850285,1.05342098253682,0.35727501733,0.470856685189309,1.06335340257871,-0.242536101052328,-0.296568201719951,0.19450633478148,-1.39676501450776,"Female",1
-0.443233134249502,1.66020908022231,0.485723626860878,-1.1466849379834,-1.17831281185399,1.06546972250107,0.445859117909261,0.989758274940672,0.668129916049914,1.12980928583218,1.60350424602105,-0.76213734373751,-0.495346035019633,0.564708752850014,-0.350003531611403,-0.0768141255568959,-0.248018002640153,0.902110434969274,-0.377802295843873,-0.646589256142683,0.435881670564013,-0.351130274064284,0.550417007815384,-0.986230991156739,1.22005312810443,-0.0543277469032874,0.26191475997186,-0.623951656806067,0.904043998795201,0.374439179126456,1.54871940589008,-0.612746340135376,-0.471054575143202,"Male",0
-0.788330021313988,-0.010535007180063,-0.462047933573467,-1.20021441833243,-0.565012211783386,1.13012491891979,0.840089088498078,-0.574256666688927,-0.696254888891405,-0.270785792098336,-0.219743892204108,-0.231221047227915,-0.495346035019633,-0.695188451283163,-0.350003531611403,-0.729109981122807,-0.688163681552377,0.453024125954319,0.23129167423041,-0.569398857238726,-0.775176307523287,0.088557158421297,-0.231980533330119,0.212465610439533,-0.577476313850285,0.684171406056786,-0.0225729006117545,-0.447987474761088,0.802644363113884,0.192333335620547,0.523801819326577,-0.220464320544856,0.155780270195124,"Male",1
0.165037058193846,-1.68127909458243,-0.743810248262247,-0.787158029063783,0.182086311264893,1.19609960914297,0.0516291473204437,-0.260502875309954,0.277320898855296,0.00916252491153621,0.0760029925488006,-0.76213734373751,-0.495346035019633,-0.695188451283163,-0.350003531611403,0.108148961004566,0.441740494178667,0.278285672599795,1.04219391707751,-0.305963295447668,-0.738145064447416,-0.03570851470104,-0.686690221195025,0.441716823782815,-1.29648809063217,-0.0543277469032874,-1.16048907880978,0.493451831877195,0.521348148375848,0.199180253384104,-1.13318879234452,-0.0952344796737619,-0.783225129223084,"Female",0
0.00680627399788332,-2.01542791206291,-0.6640722682047,-0.612373940317036,-1.00308788779192,-0.680220580804325,-1.52529073503483,-0.389030456249205,0.917511258927845,0.39238463070919,0.754324446917952,-0.76213734373751,-0.495346035019633,-0.695188451283163,-0.350003531611403,0.339426056367379,-0.688163681552377,0.106654079868996,-0.293513482310651,-0.396433168890954,-0.147769985011861,0.293034388952799,-0.427487631315344,-0.978876585741533,-1.29648809063217,1.05342098253682,-0.50432698676123,-1.630747846581,-0.322806047915039,0.535813797883445,-0.549923569960419,-0.814537976900805,-0.94075564030969,"Female",0
-0.832239311302617,-0.010535007180063,-0.646409852565249,0.564848049171963,-1.53410033027584,-0.680220580804325,0.840089088498078,-0.559136294116174,1.34126715563068,0.216379792328753,0.447657951471612,-0.0659001363930845,-0.495346035019633,-0.695188451283163,-0.350003531611403,-0.729109981122807,-0.688163681552377,-0.355816424712511,-0.510183190818505,-0.0206096559236392,-0.169272124933645,0.514172666678138,-0.71162063797883,-0.752507890918625,-1.29648809063217,1.42267055901686,-0.227660262360193,-0.771585273460117,-0.926639005101702,-0.224903175650877,-0.630839621668892,-0.54958723712772,-0.85323868970602,"Female",0
0.811179436022374,-0.010535007180063,-0.117043612732117,-0.760337039416841,1.8801553842254,0.875324667578746,0.0516291473204437,-0.221849751324387,0.105746208379614,-0.658545586655135,-1.10351912819113,-0.76213734373751,-0.495346035019633,-0.00378144901496831,2.31501625571733,2.13462792136168,0.278009759962261,0.434322981896767,1.41582915418579,1.24214186913931,0.634327482834804,-1.35973856758502,0.0736687748065063,2.10294508814686,0.860547239713484,-1.90057562930347,0.243453246733317,1.45875687664013,0.523400014480035,0.620428386649046,-0.788956942711947,0.792452538272617,0.77354698033868,"Female",0
-0.456546583086217,0.323613810300411,-0.337406595111335,-1.61401872595919,-0.71897113080216,-0.680220580804325,0.445859117909261,-0.0358277969714397,0.618220440649917,0.123327469580766,1.17571027205733,-0.76213734373751,0.776011675520397,-0.145689385626462,-0.350003531611403,-0.729109981122807,-0.688163681552377,0.0377273778866144,-0.343441160334456,-0.51880560699133,-0.413928013089564,0.459366959446051,0.633925078039225,0.303637386222193,-0.217970425459342,-0.0543277469032874,0.161797363207314,-1.21544813191279,3.06830697812207,0.472181115766917,-0.00246050734030789,-0.335918961511522,0.647899513868805,"Male",0
-1.64954446254184,1.66020908022231,-0.409110076970696,-1.36916556237664,-0.482516469940505,0.324584766817722,0.0516291473204437,-0.398172713249115,-0.419112474548089,-0.256720045729905,-0.341891243091409,0.539976834390851,-0.495346035019633,-0.294264424177554,-0.350003531611403,0.101183412401192,0.99259228035038,0.575678028183506,0.31691735753162,-0.368947548948022,-0.450850823368117,-0.454286935408769,0.747036892446864,-0.559148039666735,1.57955901649537,-0.0543277469032874,0.833699464501351,0.770357830439535,1.1323151010322,-0.375385252477108,0.600287170473932,-0.254097690836609,-0.286765336707716,"Female",0
0.709779958824029,-0.678832642141011,-0.138422680334301,-0.815727354571485,-0.655298846233683,1.41527091338183,-0.736830793857191,0.0486857753023578,-0.916167716529463,1.32682789805563,-0.460601812553415,-0.76213734373751,-0.495346035019633,-0.695188451283163,-0.350003531611403,-0.729109981122807,-0.0160849502792276,0.862331366099964,0.323789391295164,-0.177761891017478,0.0850960191727669,-0.608796635596242,-0.0294925875348257,0.243106900367874,-0.577476313850285,-0.0543277469032874,-1.47968580852097,-0.523906182033412,1.19762871176514,1.35810450309509,-0.43565266196685,-0.766264682940984,-1.34451031158209,"Female",1
1.10840087564773,0.323613810300411,0.274602904892902,-0.696249864545934,1.88253818414996,1.09185959859034,0.0516291473204437,-0.521889835051114,-0.430896457177588,-0.34699796321677,-0.306812316813527,-0.76213734373751,-0.495346035019633,-0.695188451283163,1.22150136836163,-0.729109981122807,-0.688163681552377,1.00218667765932,1.3266532467042,0.743216648901186,0.44414185158239,-1.30802100460406,-0.255276191488514,0.280050121818752,-0.577476313850285,-0.792826899863361,0.0938165905726981,0.985620074722619,0.877291897404591,0.411588699549581,-0.328503182569531,0.927931695977167,-0.52376311096279,"Male",1
-0.501890031809871,-0.010535007180063,1.3399839900443,-0.126185386892651,0.181354950854195,-0.680220580804325,-0.736830793857191,-0.932980594752815,0.277320898855296,0.48552562867163,0.0760029925488006,-0.76213734373751,-0.495346035019633,-0.695188451283163,-0.350003531611403,0.389738291316482,-0.688163681552377,0.0915421365834735,-0.5853538473179,0.44530318621433,1.32430488437811,-0.265932392110525,1.22375343393005,-0.454726287837563,-0.577476313850285,-0.0543277469032874,1.44396902633157,1.24420498878792,-0.745294401899062,-0.797522660417706,-1.09121181476784,0.706055161323198,-0.108728293021273,"Female",1
2.71641835749108,0.657762627780885,-0.540850685711136,0.674090407056279,1.17111769900421,-0.122736394574493,-1.13106076444601,1.93048538925027,0.783435115802616,-0.352437453919092,0.609313973290403,-0.0524300090442192,-0.495346035019633,1.34433679905939,-0.350003531611403,-0.729109981122807,-0.688163681552377,0.16141089069309,0.634244013534956,-0.337954556294509,-0.826372871501336,0.209205975535772,-0.606118024953459,0.177363785105082,1.93906490488631,-0.0543277469032874,-1.22721723954861,-0.898115034277566,-0.87992810294669,0.677842026605058,0.478588803870013,-0.67886442324797,-0.297248650576818,"Male",0
-0.301902213321521,-0.678832642141011,0.506492868862766,1.5033063222416,-1.19272508387888,-0.163363861814215,-0.736830793857191,-0.151296578965709,-1.07723074326585,0.757223662819976,-0.304014597435788,0.50415815958797,0.707437904725346,0.0846022939934318,-0.350003531611403,-0.729109981122807,-0.143323156685309,-1.02757306795579,-1.08435743809277,-0.968008302629211,-0.851704119150257,1.67633692511163,-0.302331754442076,0.531975042283762,-0.217970425459342,1.42267055901686,-0.0669421469642114,0.15401628670498,-1.13907637583478,-1.23364799496563,-0.567994821508645,0.438358709460723,-0.557027472278212,"Male",0
0.598852119624465,-0.010535007180063,1.68003745959641,-1.41245673919831,-1.07581478422133,5.5924677735029,0.0516291473204437,0.428148657297498,0.277320898855296,1.92375261138463,0.0760029925488006,-0.76213734373751,-0.495346035019633,0.276405662791314,-0.350003531611403,-0.729109981122807,-0.688163681552377,0.607024562551059,-1.11135890273204,-1.02942144775068,-0.00373981839394192,0.290619657146663,0.197530692015099,-0.600159808530309,0.1415354629316,-0.0543277469032874,0.245128182410202,-0.869687019141315,2.38599955212814,0.0836690978907551,-0.0175071105533902,-0.355828587060079,1.14420700642481,"Female",0
-0.67655569751377,-0.678832642141011,0.394451165699143,0.596136369386496,0.314430153135529,1.67720735015509,-0.736830793857191,-0.915561802803948,0.468050658443096,-0.311284105864862,1.53878678830225,-0.76213734373751,-0.495346035019633,-0.695188451283163,-0.350003531611403,0.0667533833236271,0.922895860877542,-0.140136165654943,-0.107702378687816,-0.0612275988321121,-0.288208168850848,0.173926649540652,0.895972824874485,1.52333041321325,-0.577476313850285,-0.0543277469032874,0.883025431439846,0.476197471851097,1.41728540071308,-0.145527405617481,1.03982653026765,0.655298245169133,-0.905903757325928,"Female",1
-2.09089570518569,0.991911445261359,-1.82263817993408,-0.469113757305503,-1.21488096664979,-0.635152105653631,2.02277900026453,-0.624504111309956,-0.100097006839413,-0.87071993214798,-0.336170611353676,0.119930533917065,-0.160215072547871,-0.695188451283163,-0.350003531611403,-0.279149359384371,0.0708792498449398,0.674677001830357,1.65769550519309,1.26687229886088,0.419007513578319,-1.52731758080368,-1.20423567782995,-0.350220478823267,-0.577476313850285,1.05342098253682,-1.39474802482373,0.245559812184105,-0.319812073279498,1.16242385011532,3.50836320629821,-1.3581068928399,-0.249409947549691,"Female",1
0.799795289161369,0.991911445261359,0.818310450859359,-1.08034080574557,-0.517053615319782,-0.680220580804325,0.0516291473204437,-0.0110440676165235,0.277320898855296,1.27710297952948,0.0760029925488006,-0.247288250938074,-0.00631940688647233,-0.0610954505187679,-0.350003531611403,-0.400816343288648,-0.688163681552377,1.03773578577849,0.12233550876041,-1.36509110378245,-0.384169537353944,-0.000552142974158032,0.191348682971464,-0.486364457251421,0.501041351322542,-0.0543277469032874,-0.391428476954233,-0.0379824569266013,0.149676724919863,0.11460058317434,-0.337936725268174,-0.154916611780562,-0.153103084876655,"Female",0
-1.26633380325081,-0.010535007180063,-1.52761754298877,-0.371252169436667,-1.01596945958233,-0.366586163088964,0.445859117909261,-0.664253763339189,0.66012358535194,-0.601969188774666,0.637282330258229,0.740879213986839,0.456408734202398,-0.695188451283163,-0.350003531611403,-0.729109981122807,-0.688163681552377,0.664494124283327,0.994707750498912,-0.297728940892733,-0.793415179328547,-0.431751081967919,-0.395274635291398,-0.318337825888027,-0.577476313850285,1.05342098253682,-1.17342652729769,-0.902858675155315,-0.453676624069749,1.03545522255036,0.918111808620144,-1.10465969890744,-0.0588987925325053,"Male",1
0.76728831794601,0.657762627780885,1.12384452789133,-0.0917672907908445,0.25275549069265,-0.257392723430258,0.0516291473204437,-0.00922080379785136,0.277320898855296,0.835881625364879,0.0760029925488006,-0.536222037428297,0.362991695652895,0.139529817621462,0.186231685411709,-0.729109981122807,-0.688163681552377,1.16317261364541,-0.192570333772936,-1.04162043991154,-0.273458989810391,-0.316191849914463,0.737802113630867,-0.535246525006323,0.501041351322542,-0.792826899863361,0.523909427781761,-0.640794059339607,-0.467935802826263,0.412537946977032,1.66703175390224,0.02533543770403,-0.230704321865132,"Male",0
0.136208225339984,-1.34713027710196,-0.488259746321719,1.66818683296608,0.566228048335653,0.171072838708798,-0.736830793857191,-0.444158784736095,0.277320898855296,-0.292546197723456,0.0760029925488006,-0.76213734373751,-0.495346035019633,-0.695188451283163,-0.350003531611403,-0.729109981122807,-0.688163681552377,1.67814487873321,1.12150339079098,-0.104425519684086,-0.448839853656837,-1.41152630996321,0.169021427008036,0.705503746240433,-1.29648809063217,-0.0543277469032874,-0.160638807599626,-1.47388381142891,-0.629873398857932,2.02319096406604,0.130552522821036,0.0925829299482949,-0.709093124005856,"Male",0
-0.166760045275497,0.657762627780885,0.294633413623193,0.608076646375917,-0.238380899626259,-0.680220580804325,0.840089088498078,-0.607293341706973,0.277320898855296,0.308698916713482,0.0760029925488006,-0.76213734373751,-0.495346035019633,-0.695188451283163,-0.350003531611403,0.188181065766739,0.240268609903096,-0.058862847206735,-0.549835883509662,-0.607941617561016,-0.0726357233798897,0.521813516637434,1.06407259693078,-0.0246565540478318,-0.577476313850285,-0.0543277469032874,0.291482027267961,-0.157880013848247,-0.948518569827613,-0.16943622811673,-0.355798397521691,-0.0701626149596451,0.381906198058992,"Female",1
0.78521580369219,-0.678832642141011,-0.0671338149988927,2.18830428099308,-0.725124073388211,-0.680220580804325,-0.736830793857191,0.24976343463356,0.546056987083505,1.22871867826106,2.37857714411153,-0.76213734373751,-0.495346035019633,0.387756898336933,-0.350003531611403,-0.729109981122807,-0.688163681552377,0.953878012633379,0.679091977357551,-0.353708966528101,0.132371064201091,-0.515675093216197,-0.512057439671566,-0.210493839364545,0.1415354629316,1.05342098253682,-1.27489212913362,-0.236746249619295,-0.919457540623973,0.852697427298207,-0.346621990042883,-0.450579216382698,-0.831963850885238,"Female",0
-0.453863819678568,-0.010535007180063,-1.3904142552377,0.715287934842975,-1.07048447188083,-0.519486858238911,0.0516291473204437,0.586031871313972,0.277320898855296,-0.0156019370927201,0.0760029925488006,0.460629251661159,-0.495346035019633,-0.695188451283163,-0.350003531611403,0.440436103661394,-0.688163681552377,0.77889156115716,0.929106042825279,-0.826449420311217,-0.762948085658739,-0.199423529837253,-0.551265153395417,-0.975826711939725,-0.577476313850285,-0.0543277469032874,-1.67237586653918,-0.983779513418289,-0.988471230869681,0.920322814415499,1.00521504229456,-1.32751768678488,-0.639018094198528,"Female",1
0.211861637464166,-0.010535007180063,0.182297113826345,2.37972475127111,-1.18313843517441,-0.680220580804325,0.0516291473204437,-0.226207222716499,0.277320898855296,1.41118561979548,0.0760029925488006,-0.0816411515156451,-0.495346035019633,-0.695188451283163,-0.350003531611403,-0.729109981122807,-0.688163681552377,-0.211844086994925,-1.25219467507305,1.23620994999784,1.96974700631411,-0.481278576146211,0.584631971347529,-0.778393014376852,-0.577476313850285,1.42267055901686,-0.428529781659844,-0.976634326908014,-1.02006788956262,0.963229043186587,-0.558597770703568,-0.450284452658037,-0.103093398817415,"Female",1
-2.55708990248185,1.66020908022231,0.0292618415305032,-1.07483997604397,-0.664830135290364,0.275777376937685,1.62854902967571,-1.46150533372543,0.277320898855296,-0.315898642594019,0.0760029925488006,-0.263048937452351,-0.495346035019633,-0.0805064607462603,-0.350003531611403,-0.0926223159341424,-0.688163681552377,-0.325158294880767,0.201758303018885,0.354002353729967,0.185774135991603,0.203979195896011,0.213511395665319,0.427946354962804,0.1415354629316,-0.0543277469032874,2.21069938159417,2.38539465637576,0.385444099569677,-2.06189583368489,0.169253812670114,0.277418812607,0.133316026189903,"Female",0
1.58978567950379,1.66020908022231,1.8235047932822,-0.669891483712272,3.11033852695737,-0.156347707257788,0.840089088498078,-0.286424913878636,-1.00626649930091,-0.807181713167846,-0.0561117821309164,-0.0621636218634959,-0.495346035019633,4.47737699323501,-0.350003531611403,-0.729109981122807,-0.688163681552377,-1.20210796233866,-0.581936414902726,0.151742149220111,0.0938377705230339,1.24623420567427,1.29891992994749,2.13129504726544,2.29857079327725,-0.0543277469032874,0.624804039873649,0.75273088614063,0.289461387952371,-0.709090193347489,0.439146880630262,3.26751342139219,-1.4675960912947,"Male",0
2.48227144709059,0.991911445261359,0.259266494059408,2.39337680553659,0.870659716200357,-0.680220580804325,-1.13106076444601,1.95475722363784,0.429210262862348,1.03579586233841,3.86967224728307,-0.0995034563072427,-0.495346035019633,0.937023845350003,0.436414246444538,0.961004598074226,0.452264580489461,0.786526114211896,0.0526601568123788,0.0726651225887046,0.0645477158330864,-0.915470263965319,-0.910580906457299,-0.535351380697814,2.29857079327725,-3.37757393522362,-0.980821769199066,-1.3537743322463,1.78209399314752,1.39681360346744,0.735772020616532,-0.531551325256599,-1.39534368658818,"Male",0
-0.689423737367704,0.991911445261359,-1.25187617072262,-0.175508093090977,-0.950114399168202,-0.640001994055674,0.445859117909261,1.04727497629663,0.67041367948129,0.166379051350704,1.05386035311547,-0.476319001496788,0.0476199801464443,-0.343171884021723,-0.350003531611403,-0.729109981122807,-0.688163681552377,1.62850187769182,1.32538956726846,-0.434225943664259,-0.607749059914286,-1.18612574939177,-1.14450113488546,-1.19241099761874,1.22005312810443,-0.0543277469032874,-1.23202487450015,-1.45296617619491,2.00842024802429,1.55977988425521,3.02766544467775,-1.54051692427829,0.140953869151678,"Male",0
-0.625723528063321,1.32606026274183,-1.10127649883778,-0.0470603258506523,-0.0634927659902285,-0.680220580804325,2.02277900026453,0.229722482640571,-0.4608739114012,-0.800239675351188,-0.155795657952416,-0.417088569021855,-0.495346035019633,0.154742202298726,-0.350003531611403,-0.28906912617757,0.499531007575841,0.658904100184837,1.31074390785696,0.466311730804901,-0.0161337907194592,-0.949839770801774,-1.07545072930735,-0.668035624760501,0.1415354629316,-0.0543277469032874,-0.41991581031033,0.299266632161371,-0.616610548347008,0.2714738957892,2.31589890633355,-0.758171360557335,-0.664012850562949,"Female",0
-0.657793684921906,-1.34713027710196,-1.04633474217379,-0.664810415315329,-0.888757397625711,0.0451418594908808,-0.736830793857191,-0.425631784424549,0.277320898855296,-0.130643136569263,0.0760029925488006,0.605993112652591,-0.495346035019633,-0.695188451283163,-0.350003531611403,-0.729109981122807,-0.0995073102799213,-1.21010607628858,-0.262255584470949,0.223741427871826,-0.010760180340561,1.09173151820588,0.00998093046979806,-0.397556336952658,-1.29648809063217,-0.0543277469032874,-0.912505367593618,0.551935922898548,-0.359642097611992,-0.777753368556689,-0.943179091721369,-0.255112096387653,-0.180984591263665,"Female",0
1.63764696664631,-0.010535007180063,1.03268981392894,-1.409818449143,-0.889799560262871,-0.348547819955057,-0.342600823268373,0.956537301100845,-0.253168907754888,2.74345544868599,-1.72044700237355,-0.76213734373751,-0.495346035019633,2.96953155313465,-0.350003531611403,-0.729109981122807,-0.261406464356121,1.96217163404061,0.0865700442682509,-0.866515683824738,0.29357414130823,-1.22144478526574,-0.484540525471589,-1.08190788500906,0.1415354629316,-0.0543277469032874,-1.24545375678154,-1.18296630339738,0.71112049330214,1.63446550638869,0.667189413894934,-0.951757589228419,-1.45041317617812,"Female",0
0.453667175941159,-0.010535007180063,-1.10912763281228,0.460758442338614,-0.269124733948328,-0.642937657321999,0.840089088498078,0.810905075877271,-0.393442654695081,-0.687326920198213,-0.216239762802837,0.178452345030696,-0.495346035019633,-0.695188451283163,0.394194702270062,-0.729109981122807,0.121238828947271,-0.660791166811489,-0.0530114495882297,-0.645674519134833,-1.3165475024119,1.14445862583399,-1.26316708585962,-0.522545543299068,-0.577476313850285,-0.792826899863361,-0.946249269850426,-0.900419004131746,-0.5896130259386,-0.374984275163459,0.019320853808683,-0.612570534234189,0.36128225744696,"Male",1
-0.779739152899658,-0.344683824660537,1.22706712914577,2.67909686290937,-0.358027943307027,-0.656950601227657,-0.736830793857191,-0.671403742692377,-0.98339132227553,0.723448665155701,-0.326389622761803,-0.76213734373751,3.98248815029607,0.756349743237736,-0.350003531611403,0.022405575365012,-0.688163681552377,-1.46286574966976,-1.31595384181378,1.25692335255444,2.17341821179884,0.569542572780588,1.69524031272754,1.00970165498375,0.1415354629316,0.314921829576749,1.44631536606924,2.01504665628576,-0.85135171294231,-1.34764412388064,-1.00571339082766,0.549739072454594,-0.848308157277644,"Male",0
0.535713096977701,1.66020908022231,0.585163687129155,-0.602063044914327,1.84855752033137,0.321780286182413,1.2343190590869,-0.0828754518096126,0.110996059826716,-0.858574701472977,-0.875396930506827,-0.76213734373751,-0.495346035019633,-0.0249371570120527,2.23347183941518,-0.729109981122807,-0.688163681552377,1.13115731052013,0.930851799182703,-1.80352928569864,-1.58291116569952,0.289604809949729,1.59619232550164,1.38393098799592,1.22005312810443,-1.90057562930347,0.415615202594827,-0.00735350428464924,0.76114434830516,0.341274417576518,0.290389627032065,0.978555347723019,0.67600486821075,"Male",0
-2.51075589079036,-2.34957672954338,-0.326775366641538,-1.01387435528673,-1.36218800781898,2.76917613202807,-1.52529073503483,-1.72332223084897,-1.00032396505018,-0.200604492471383,-0.161478419537994,-0.76213734373751,-0.495346035019633,-0.695188451283163,-0.350003531611403,-0.729109981122807,-0.688163681552377,0.267471419348346,-0.352100523742625,-1.03443774747114,-0.429901789894324,0.634763252095669,1.43402056354938,-0.522545543299068,-2.01549986741405,1.42267055901686,0.785937712665864,-0.265291314329506,0.833207121148738,-0.368805111945431,-1.16399859853185,-0.178280109023226,1.05867007732801,"Female",0
-1.92847594149654,1.66020908022231,1.06729161422456,1.01930538324102,-0.521520971699695,-0.387152354414562,2.02277900026453,-1.29258654665129,0.591034328187804,0.159169830989297,1.29621857997029,1.08548479411566,0.284633476798193,-0.189510927063929,-0.350003531611403,-0.467301833427156,-0.334846321250337,-0.629088837303366,-0.865705740731148,-0.316469980554137,-0.124181138128033,0.805909652511474,1.19976647437639,1.19713805965387,0.501041351322542,-0.0543277469032874,2.45087294454931,1.87268311262284,-1.06509569057467,-1.93293092664758,2.05929118710756,0.596769969730543,0.188045792635743,"Male",0
-0.416302416484607,-0.678832642141011,-0.577649066322394,-0.325384294587218,-0.318484893270315,-0.680220580804325,-0.736830793857191,-0.047838624882339,0.277320898855296,-0.94813251832501,0.0760029925488006,-0.76213734373751,-0.495346035019633,-0.695188451283163,0.58248582168583,0.773921131852856,0.326027415941147,-2.41750542682072,-1.65812803665569,2.011967116504,1.21519989357202,1.06505033121335,-1.27816534897033,-1.25139826464441,-0.577476313850285,-0.792826899863361,1.33004119684697,-0.0969442158277083,-0.518837342556669,-1.77735653465718,-0.602289128424027,-0.0925281088913401,0.296984089656508,"Male",1
-0.24883616263246,0.657762627780885,-0.108658978982144,-0.0166740773305418,-1.11770735510626,-0.680220580804325,-0.342600823268373,2.2150330753074,-0.393442654695081,1.04721562171913,-0.786801313046938,0.805512137542833,0.100263319757938,1.23554344206997,-0.350003531611403,-0.32926516581197,-0.418362844719161,0.757874295055427,-0.443127633267875,-0.256911290798522,0.079919494803282,-0.595535925893367,-0.173918227444452,-0.43661546393591,1.22005312810443,-0.0543277469032874,-0.0646898233912442,-1.4134067535874,0.00354896228624178,1.03386493854675,1.16556891901908,-1.131420823391,-0.0905081798091296,"Female",0
-1.29622919933294,-1.34713027710196,-0.950235635709372,1.10728669834123,-0.678247515297119,-0.443750186495125,-0.736830793857191,-0.529999547387224,-0.883723365819975,-0.256950723503278,-0.174620178366656,2.08702753874483,-0.495346035019633,0.474497666631741,-0.350003531611403,-0.729109981122807,-0.688163681552377,0.245705965780209,0.530647811625686,0.484380923233046,-0.448839853656837,-0.612940990547303,-0.773684935892193,0.965796802175434,-0.217970425459342,1.05342098253682,-0.441728789505876,0.0800208276988955,-1.1318536385727,0.507076276240952,-1.16138362234628,-0.348767418397633,0.257846074479711,"Female",0
-0.2191857502256,-1.34713027710196,0.679285791605117,-0.0270305347319388,-0.739095517370172,0.264827620593504,-0.736830793857191,-0.572797305653062,-0.323190517809602,0.974443185173978,-0.861000125496364,0.360632557345908,1.10433934825671,-0.695188451283163,-0.350003531611403,0.702758970119436,0.519553120340916,-0.388878402001776,-0.85434479273622,0.0935891578191795,0.515259995472328,0.150813634879733,0.0736687748065063,-0.435752464573586,-0.577476313850285,0.684171406056786,0.451145270666917,0.638649386221168,-0.0415018198979106,-0.657461574469057,0.685375553728994,0.206246257342632,0.0636055547133864,"Male",1
0.599300395014636,-0.678832642141011,0.103660989906132,0.66314502380795,-0.299594150158297,3.75766970452639,-0.736830793857191,1.21592286144035,-0.45973647717893,0.812800396210692,-0.639024081174754,-0.76213734373751,-0.495346035019633,0.78989839180141,-0.350003531611403,-0.729109981122807,-0.688163681552377,2.34372255545885,1.20708185680259,-2.53150563692894,-1.94607962002068,-0.433536152995934,-0.736644855377622,-0.740747039124161,0.860547239713484,-0.0543277469032874,-0.509294332152064,-1.32612092256622,0.145359477174305,0.872283152763791,0.340323348415319,-0.890021733313203,-1.51284012794,"Male",0
1.57223140575687,-0.344683824660537,0.769488962516298,-0.158381103623587,0.258389125445919,-0.281176790407548,0.0516291473204437,0.288826864868724,0.277320898855296,1.0792532106042,0.0760029925488006,-0.236216227437017,-0.495346035019633,0.600270367482814,-0.350003531611403,1.2830123152801,-0.688163681552377,-0.737063503470999,-0.947761793447031,0.535664065035506,1.11171769090236,0.401176495721716,-0.128742007510179,-0.167737473670544,1.22005312810443,-0.0543277469032874,-0.844473306591983,-0.162851364361405,1.77601267857444,0.0992166698586945,0.13460672964947,0.735885638708332,0.646792774526842,"Male",0
0.752581929040724,-0.010535007180063,-1.00443981642884,-0.700354291215915,1.21807327520626,-0.680220580804325,0.0516291473204437,-0.163187528582874,0.277320898855296,-1.94960298084038,0.0760029925488006,0.00962855473896645,3.90299996949166,-0.695188451283163,-0.350003531611403,-0.729109981122807,-0.0240385447321534,-0.907339865312577,0.37611635245938,0.735930184644978,-0.00703998853978776,0.288657109716337,0.125325964427852,-0.20526525026587,-0.577476313850285,-0.0543277469032874,-0.203883420200588,-0.641106515395921,-0.269920438221882,0.17115868926064,-0.974205128049191,0.0339606817324656,-0.262825828917079,"Male",1
-0.226522016606926,0.657762627780885,-0.37510497963344,-0.166999766340812,-1.45628459819389,-0.385542089434398,0.840089088498078,0.132814142759239,0.148315980558048,1.17237737287141,-4.62423288923519,-0.76213734373751,-0.495346035019633,-0.175327954432108,-0.350003531611403,1.96240204427052,0.0382903516037194,0.988452068792877,-0.0339475195767014,0.0787587070012437,0.446414069661879,-1.09209218219685,-1.45452842020903,-1.43468360255848,-0.217970425459342,0.684171406056786,-0.472961009717683,-1.57254442343703,-0.617628935984637,1.12475263054006,2.11936456781747,-1.2786526656858,-0.243120519783287,"Male",0
-0.714955569288595,2.9968043501442,0.0152776642909446,0.334390075061,0.181567436799713,-0.397711702647316,0.0516291473204437,0.701985887451438,0.277320898855296,-0.0130192776241047,0.0760029925488006,0.829891496564555,-0.495346035019633,1.48343126201224,0.489742757614669,0.85002397301619,2.5084639548513,-0.0467107381700124,0.240669142212559,0.831063342426206,0.36599501244514,-0.86536904449649,-0.189394509338749,0.138789751040176,1.93906490488631,-1.90057562930347,1.17949453289916,1.63894324207576,-0.808256325499866,-0.772853108263451,0.172807991958448,-0.372865124799087,0.0826568636883345,"Male",0
0.770686830751482,-0.678832642141011,-0.945074315892244,0.0574457929301096,-0.44323752776891,-0.434063447451134,-0.736830793857191,0.0483983441644227,1.06064552283927,0.0150536010138966,0.52409309353246,0.376975641786714,0.586634277589397,-0.695188451283163,-0.350003531611403,-0.729109981122807,0.292073419955196,-0.0360093371715701,0.032677825691622,-0.0375741331520098,-0.331557680296307,0.02383490170311,-0.586378649813762,-1.11692652893768,-0.577476313850285,-0.0543277469032874,-1.11806320011873,-1.24155745760631,-0.495355774529675,0.705775656590447,-0.945272972062391,-0.94251229844439,-0.548634238254284,"Male",1
1.71873201209504,-0.010535007180063,1.41709418908818,1.27120145025569,0.469678223435308,-0.680220580804325,0.0516291473204437,-0.073004040436445,0.277320898855296,0.752437963825503,0.0760029925488006,-0.0875074980003259,-0.495346035019633,-0.695188451283163,-0.350003531611403,0.131245759408083,-0.688163681552377,-1.34095338186237,-1.10255850650844,-1.93744088749645,-1.11842804664935,2.74772633295329,0.720017042565244,-0.0484485537092314,-0.577476313850285,-0.0543277469032874,-0.664662223431522,0.505622295361486,-1.15505312486292,-1.73282343113588,-1.08814204980636,1.28487007611073,-0.618845465480537,"Male",1
0.444378502658875,-0.678832642141011,-1.39123621256604,-0.131664871429906,-0.230935784213071,-0.126783775342069,0.0516291473204437,0.78868301684526,-0.352087307784453,-0.656715930387895,-0.246172407381463,1.59145850905992,-0.495346035019633,-0.695188451283163,-0.350003531611403,-0.729109981122807,0.324502316546421,-0.533818435136738,-0.11103023239412,0.987832567507752,-0.150175067358705,-0.229379861191753,-0.94025335339712,-0.365416255320724,-0.577476313850285,-0.0543277469032874,-0.870338175450143,-1.01789374976434,-0.158470443559651,0.645135174296871,0.376866033936469,-1.16663814268301,0.36128225744696,"Male",1
1.47406332861338,0.323613810300411,-0.163863020512819,1.00852913764692,-0.016343259775659,-0.680220580804325,1.2343190590869,0.518021510109714,0.980777129805606,0.521620880638138,0.733854473187191,-0.76213734373751,-0.495346035019633,-0.695188451283163,0.742654581193344,-0.729109981122807,-0.688163681552377,0.306373966799395,-0.161417852629563,-0.113846422770759,0.208065878077143,-0.0285644391629567,-0.274605096709716,-1.64509566241496,-0.577476313850285,-0.792826899863361,-0.706945454786832,-0.922835275536532,-1.02514668309441,0.377463334301396,0.261625560703121,-0.705776023461662,-0.290086137995445,"Female",1
1.14468255885881,0.991911445261359,2.65147571391838,1.00406526298084,0.411922376550487,0.721023454854444,0.445859117909261,-0.218965332241422,0.0940917477906089,1.45367282186018,-3.57199168189203,0.0372197768499702,0.263919005595694,0.781555207289689,-0.350003531611403,0.290310508168148,-0.688163681552377,0.233838068759942,-1.37976511001865,-0.864160247664597,0.183233192101995,0.385005158353025,0.638448752762751,0.293395230715146,0.501041351322542,-0.0543277469032874,0.63554354155873,-0.657137202624249,-1.02827201440639,0.0516052084083557,1.22870461126685,1.0517153725661,0.530837212367688,"Male",0
-1.38211922090306,-0.010535007180063,1.06449387961565,0.444081742546592,1.96518475803547,-0.407806686560126,0.0516291473204437,-1.25993291546392,0.931519800723747,-1.24377717936163,0.187971730573643,-0.76213734373751,1.13117579159394,-0.167933877343405,1.68229273946969,-0.729109981122807,0.0486228487930281,-1.54022808372696,-0.0131461853041188,0.298075864927099,0.017495368325703,1.401171567787,2.6062371113989,2.91315338476138,-0.217970425459342,-1.53132605282344,2.69085606355437,2.84780720899,-0.422936701661526,-2.27388034338343,-1.31415056646882,2.28855388495712,0.70615424832302,"Female",0
0.401785344652994,-1.68127909458243,0.293479451171448,0.761287896789219,0.986669601562158,-0.497334014975419,-1.13106076444601,-0.855332507867622,-0.928893675828958,-0.911205240708112,-0.0455582672203197,3.18454446273658,1.64678789801324,-0.695188451283163,-0.350003531611403,0.708948605355361,-0.688163681552377,-2.25177398331653,-1.40470219206096,0.302818129595774,-0.0471365802829906,1.73448559678476,0.227431187245375,0.265931035064897,-0.577476313850285,-0.0543277469032874,0.681821080534379,0.620592840898976,-0.388982640808042,-1.89938562178946,-1.01890068626385,1.47232320292336,0.805778286954866,"Male",1
0.252699761792021,-1.34713027710196,-0.59914444532549,0.254177990808387,1.41956929221843,0.0886896045623665,-0.736830793857191,-0.47170712626944,-3.26976772330941,-1.0761085421767,0.0449227236667171,4.21182846805368,-0.495346035019633,3.38880036719939,-0.350003531611403,1.38532361848704,2.16532313512434,-1.17998888449411,-0.0682193686130305,1.99132622629214,0.739268319154276,-0.801082277663931,-0.250403014112829,0.374622742933228,-0.217970425459342,0.684171406056786,-0.486989040829763,1.2633210916352,-0.790072994433934,0.0702296712744007,-0.352782643979778,1.2867938389095,-0.725941307009771,"Male",0
0.62423248350314,0.991911445261359,-0.428901043620979,0.808950892225001,-0.838318950033309,-0.608783370775253,0.840089088498078,1.57500513472676,0.277320898855296,1.02878775509995,0.0760029925488006,-0.76213734373751,0.0808713872767997,0.799108232688733,-0.350003531611403,0.431369854942118,-0.427147058011409,0.518375216221736,0.442889727154315,0.435268075746315,0.727273963279775,-0.741209888363563,-0.79706989993313,-0.40104440782744,1.57955901649537,-0.0543277469032874,-1.06709952444459,-0.14712802320351,-0.985533958481228,0.773908978979046,0.285439675521029,-0.933561961779453,0.136412449012244,"Male",0
1.06558717358108,-1.34713027710196,1.68977401778301,1.08849056775658,-1.20986183500456,-0.680220580804325,0.0516291473204437,-0.165034931603851,1.07457129393232,2.0641106710121,1.08334878158221,-0.76213734373751,-0.495346035019633,-0.0526408771752537,-0.350003531611403,-0.0637682084455893,0.209733503428561,-1.26482739457527,-1.6812003537936,0.0802241808147274,1.04122077631483,1.28492364055525,-0.0232906710236068,-1.03950090074782,-0.217970425459342,1.05342098253682,-0.257333761375376,1.03545019438548,-1.12966393994573,-1.52593993280608,-0.729335995403233,0.384543086472369,1.38180958724926,"Male",0
0.796092229425573,1.66020908022231,-0.370278526708984,0.482309554024745,1.25359041529694,-0.680220580804325,0.0516291473204437,1.45713074916097,0.463982021532016,-0.721010011497553,1.08635748945655,-0.151390240936931,0.278140411143092,1.05994930317397,2.54934942120044,-0.729109981122807,-0.688163681552377,0.737097601198357,0.911967926296146,-0.354162778927605,-0.619040573521904,-0.383420423198006,0.456443866477099,0.222837538460855,2.65807668166819,-3.00832435874358,-0.0184850810580682,-0.141041568561743,-0.830273261135921,0.521508785891116,1.22150092165683,-0.395643908478508,0.40728213242748,"Male",0
1.8472377931417,-0.010535007180063,-1.20556215681665,-1.04615475107609,0.438002902710194,-0.680220580804325,0.840089088498078,2.24092625351054,-0.194735256124515,-0.484666915308084,-0.433980774269043,5.41605176985575,0.482707221246688,-0.695188451283163,2.09410014176771,-0.0725227054544888,1.52704318928877,-1.72326927684905,-0.550306921626179,-0.343666874385151,-0.820959214678393,1.34149150170742,-0.83074347890984,-0.345258221665605,-0.577476313850285,-1.53132605282344,-1.68666152515908,-0.158322440257551,0.266598572855646,-0.950817243260249,-0.486884320373586,-0.509156861224435,-0.543674599967416,"Male",1
0.418750564162566,0.657762627780885,-0.5561536873193,0.152659339562406,1.83091646574559,-0.0417505161694823,0.840089088498078,0.249587361017252,0.697811613558366,-2.11055216320071,-0.204613476283356,0.888855527686845,-0.495346035019633,0.660397148100631,0.956268473851386,-0.729109981122807,-0.688163681552377,0.272792246209544,1.21889899399515,0.380201105344192,-0.813740819870287,-0.468723894889071,-0.262555114657256,0.892944034058609,1.22005312810443,-1.1620764763434,1.04279003195399,0.570826150726604,-0.465512720272574,-0.217376504475803,-0.544634423165817,-0.0999246894926234,-0.741678620804637,"Female",0
0.805598667560267,0.323613810300411,0.47582729142362,0.252069089306209,-0.0990713249406212,0.0859434967574862,0.445859117909261,-0.0263072414475594,0.277320898855296,0.656914713683746,0.0760029925488006,-0.195057183552636,1.65920606574095,0.00323282492108422,-0.350003531611403,1.44048275586816,-0.200176081019269,1.05211602047968,0.159008215455055,-0.77481152193872,-0.123045273736067,-0.662476427751652,-1.16033116879185,-1.43116273030429,0.1415354629316,-0.0543277469032874,0.209259313517584,-1.2152214242946,1.25503182261153,0.40665300598995,0.680875184134937,-0.463449068279094,0.465509881034222,"Male",0
-1.60183631081532,-0.010535007180063,1.28707506219608,2.62552875941284,0.640565821002008,-0.680220580804325,-1.91952070562364,-1.26017702889326,-0.358783139769985,-0.355388104117755,-0.347300771410578,1.31916749949426,-0.495346035019633,1.86816623265802,-0.350003531611403,-0.729109981122807,-0.688163681552377,-0.407018858029935,-0.390835463966138,-0.00545592608737605,0.466176323820244,0.438812866300457,1.77613519993104,1.81036469643263,0.1415354629316,0.314921829576749,1.65597995844342,1.93738556732507,-1.14483436218358,-1.10820115318341,-1.11982913707885,1.70892381843553,-1.0720310662152,"Male",0
0.451347831316434,0.657762627780885,-0.791783117323564,0.56725601728366,-0.542798378923402,1.39249383192328,0.840089088498078,0.609513987928698,0.277320898855296,0.149978218122886,0.0760029925488006,-0.170177721154198,-0.495346035019633,0.762937662426179,-0.350003531611403,-0.729109981122807,2.36821856686989,0.693328076921515,0.755727138151888,-0.536632609099203,-0.669470510402101,-0.478595018506381,-0.633205999817047,-1.08622606390217,0.501041351322542,-0.0543277469032874,-1.50442752594115,-0.384437809844601,0.957068736736793,0.705266199852536,0.0671904456757909,-0.847417027973063,0.0187483817632802,"Female",0
0.361327563262553,-0.010535007180063,0.431576597036024,-0.0624091173674705,0.0398311826728134,0.192624570848371,0.0516291473204437,-0.011615719207824,0.0451120459202452,0.844611557552385,-2.22380096041097,-0.0023600417422335,2.39133542036835,1.17630933738069,-0.350003531611403,0.23983434801878,-0.688163681552377,-0.0726137926537926,0.081597571460068,0.696351242683213,0.840325795922117,-0.453223926664122,-0.302331754442076,0.601386523866434,0.501041351322542,0.684171406056786,0.0642331779253727,0.657185407946366,0.346510333142299,0.00170471363258903,-0.475145977347072,0.315704211873945,-0.73889493514846,"Male",0
-1.46582871892594,-0.678832642141011,-0.911553636106955,0.364346862245166,-0.195770214768292,-0.436993889514861,-1.52529073503483,-0.539543496769251,0.694292862807709,-0.675947429192659,0.552141901294014,0.32931401059323,2.61478147444648,-0.695188451283163,-0.350003531611403,-0.729109981122807,-0.688163681552377,1.12985352355052,1.3163126779802,-0.297902225334401,-0.176892427577594,-0.959551522489047,0.932258586929355,-0.0278183918191292,-0.577476313850285,-0.0543277469032874,-0.135548488433658,0.15989877089375,-0.732936303636116,0.860202012456837,0.801547885110442,-0.597723002312726,-0.479028280228256,"Male",1
0.867787010521627,-1.01298145962149,0.155544876861292,-0.293869464221031,1.44246595928103,-0.680220580804325,-2.70798064680128,-0.23265371766456,1.82180967160598,-1.02867305245036,0.154158757140643,0.681719890681582,-0.495346035019633,-0.695188451283163,1.36357468957692,2.95359355768107,-0.688163681552377,0.237483684197042,0.224100599704507,-0.715393681116916,-0.350725309293126,0.0842740890608292,0.0942310698037751,-0.314537675910759,-0.577476313850285,-0.792826899863361,0.0426587438897635,-0.780893128929112,-0.638757680178128,0.301736703241819,-1.1571176219808,0.592423929151864,-0.328136986083996,"Male",1
-0.895376259350942,-1.68127909458243,-0.513839949124232,1.14327673751356,-1.24433775653572,-0.680220580804325,-1.91952070562364,-0.311298461628795,0.277320898855296,1.20787634551298,0.0760029925488006,-0.76213734373751,-0.495346035019633,0.783065170130758,-0.350003531611403,-0.729109981122807,-0.171735085896174,0.743690863943829,0.962008633224884,1.49943988310859,1.84600352370907,-1.61190753428291,-0.449810357227084,-0.910548846435781,0.1415354629316,1.05342098253682,-0.483978510712643,1.61281633281576,-0.644751185603292,0.200132811834646,-0.174911131816793,-1.00348322804342,-1.01698008115805,"Female",0
0.823254207951596,-0.678832642141011,0.430123807358628,1.15877743167191,-0.216448279268895,-0.680220580804325,-0.736830793857191,0.221190129092072,-0.527595365405155,1.1746924043488,-0.677944175171419,-0.76213734373751,-0.495346035019633,0.231562857526334,-0.350003531611403,0.710331353996192,-0.688163681552377,0.93652105692015,-0.326092778163981,-0.17915864513126,0.518809122499479,-0.711535562675189,0.324024107831056,-0.350685384572752,0.1415354629316,-0.0543277469032874,-0.203883420200588,-1.31080920369627,-0.159791668844174,1.27485230404981,-0.0241928176824388,-0.632973291384803,-0.074337829333352,"Female",0
-0.810869450086737,-0.678832642141011,0.249096279950484,0.274965734186995,0.0705093538985116,-0.173067054285869,-1.13106076444601,-0.907985353801361,0.277320898855296,-0.761661054049003,0.0760029925488006,-0.76213734373751,-0.495346035019633,0.0176971708779957,-0.350003531611403,0.00906506252796961,-0.688163681552377,0.386030356332476,0.232073453869972,-1.34544833014019,-1.19378117298639,0.678026519893086,0.891391095620937,1.27537611722239,0.1415354629316,-0.0543277469032874,0.824007756237651,-0.167579362052241,1.47500418148623,-0.205294946791481,-0.169770946592422,0.384391196085418,0.638429532405804,"Male",0
-0.0636152568228191,0.657762627780885,-0.0449122407592067,0.744768734543547,1.67844707760267,-0.680220580804325,0.840089088498078,-0.0947064402834075,0.901473087067995,-1.77299287759981,0.00628110843138533,0.0547422189505283,0.280562602519409,-0.695188451283163,1.5889513658501,-0.729109981122807,-0.688163681552377,0.862741238652797,0.950784367499794,-1.79930302175954,-1.98292006296791,0.453062043345246,1.32919971704914,0.789188778837488,-0.577476313850285,-1.90057562930347,0.660918550790248,-0.323632897526373,-0.974421777481034,0.0964252477517159,-0.0934665028821649,0.532744330426625,-0.318924675494137,"Male",1
-0.963547237182053,-0.678832642141011,-1.8355490387102,-1.69018112699003,0.370077685632324,2.04391836163767,0.0516291473204437,0.021548923939405,1.00829619996503,-2.03772489507201,-0.0634379831741943,-0.76213734373751,-0.495346035019633,-0.695188451283163,-0.350003531611403,-0.729109981122807,-0.688163681552377,0.977296608635858,2.64241476914114,-1.47091714710937,-1.91747217603017,0.218446855436299,0.0745203001647374,0.20019155452309,-0.577476313850285,-0.0543277469032874,-1.89734879360719,-0.346041045062311,3.75954566299689,0.868840489083396,0.864797265529231,-0.734122839485347,-2.23987089407587,"Female",1
0.75746594096956,0.657762627780885,-0.0987568244938302,-0.400736836993406,0.60440956233051,-0.225716466996471,0.0516291473204437,0.876857075444023,-0.715106978833937,-0.0858996157881908,-0.255230700369182,-0.76213734373751,-0.495346035019633,0.637897802052767,0.9345876106902,-0.729109981122807,-0.688163681552377,0.408167917180133,0.469355739098167,-0.327243559493389,-0.354113816127263,0.0139981896746456,0.159894256136254,0.475812225235546,1.93906490488631,-0.792826899863361,-0.213124488868429,0.00878868458930205,-0.407032649744591,0.239983483277964,-0.592953740641066,-0.198270178573404,-0.646572155750365,"Male",0
-0.46454181679303,-0.678832642141011,-0.416386167650946,-1.14046240451766,-0.0893769153276609,3.26079261003816,-0.736830793857191,-0.582205583603867,0.759528799103491,-0.30270992561949,0.658507386758173,-0.446584673957218,-0.495346035019633,-0.695188451283163,-0.350003531611403,-0.729109981122807,-0.688163681552377,0.990420174826205,0.753648143117102,-1.10767572338998,-0.673014323971724,-0.0675844998365036,0.941432446932742,-0.167737473670544,-0.577476313850285,-0.0543277469032874,-0.361935504319586,-0.66685591820447,1.36615302880128,0.745995663724978,-0.427284688094306,-0.280749803846028,1.15059769652975,"Male",1
-1.05999258176982,-2.01542791206291,0.937775153395789,1.44002426081537,0.156244754533739,-0.680220580804325,-0.342600823268373,-0.982994289826637,-1.98759499624987,-0.069675968192924,-0.0707155500254172,-0.76213734373751,-0.495346035019633,-0.695188451283163,-0.350003531611403,-0.729109981122807,-0.688163681552377,0.108249706456436,-0.233883498385158,-0.709290320135321,0.472864753759932,0.574047188766341,2.38652389428472,0.94607763127127,-0.577476313850285,-0.0543277469032874,0.825305598632144,1.17818070794831,-0.969878264122838,-0.52833987139268,-0.873120953419068,0.767204923389719,1.45435110988464,"Female",1
-1.30900789071919,-0.678832642141011,-0.741188233602697,-1.38675450214052,-1.45659879675374,4.17215191042048,1.62854902967571,0.0379002234516927,-1.13672118700766,0.801517319570013,-0.294938205157996,-0.76213734373751,-0.495346035019633,-0.695188451283163,-0.350003531611403,-0.729109981122807,3.86199097206727,0.546281548490692,0.414073602763346,-0.336765359321656,-1.25184632879575,-0.562759615746169,-0.014105653622921,0.638671745392259,-0.577476313850285,2.53041928845697,-1.03904500105666,0.28400830928324,1.66012322984418,0.829952552351851,-0.804200472276158,-0.48131000492244,0.377197645513904,"Female",1
-0.741947600859876,0.657762627780885,-0.673859417860384,0.714665977043385,1.24909918028753,-0.680220580804325,0.0516291473204437,-0.621755693664667,0.277320898855296,-2.09811879403096,0.0760029925488006,1.44228694092488,-0.495346035019633,-0.695188451283163,0.958108293577425,-0.0262841649144618,1.68304367315082,-1.6108603999595,0.882498148063832,-1.24820276767184,-2.44046460278629,2.20122868435213,0.425278227064018,2.48282872535719,-0.577476313850285,-1.90057562930347,0.479929630040248,1.96033923810426,-1.0928866414534,-2.09855306674733,-1.18375493134952,1.15884285324007,0.72206642116005,"Male",1
0.445790649856708,-1.01298145962149,0.713434140888806,0.50194954975489,-1.26974729019768,0.19290087510657,0.0516291473204437,0.256338365187415,-1.1964694441568,1.37320891836171,-0.365488093438917,-0.0732547547805288,2.12197958034094,-0.695188451283163,-0.350003531611403,-0.729109981122807,-0.688163681552377,-0.479480244454996,-0.883244623588152,0.408914181957751,0.920047527333138,0.231759819144735,-1.25001720024495,-1.70862269507224,-0.577476313850285,1.42267055901686,0.133317969253035,0.49507282134923,-0.855338194278753,-1.14546500712395,-0.545520422375065,-0.232390847737044,0.0322269281664112,"Male",1
-0.209455547471516,-1.34713027710196,-0.353115813909632,1.56509000857986,-1.08633614424759,-0.613013205579605,-1.13106076444601,0.0145481981241434,-1.11323211581392,0.330735862733558,-0.226504413692611,0.537813854028508,-0.495346035019633,0.105327629416074,-0.350003531611403,0.0998041874950038,1.54912166308451,-1.31522414534466,-1.42800898867706,0.505116299628133,-0.118250240444627,0.796389646242498,-0.549753025768054,0.0621215747598926,-0.217970425459342,1.05342098253682,-0.13729246358748,-0.602900717546643,-0.565636602601349,-0.366177427919161,-0.7020164562939,-0.161315397636587,-0.261744816660522,"Male",0
-1.57672609576567,-0.010535007180063,-1.16339814415673,-0.0477277240739623,-0.423299606613184,0.870650599298791,0.840089088498078,-0.699648366048192,0.277320898855296,-0.914733111227758,0.0760029925488006,-0.284960135777054,-0.495346035019633,-0.695188451283163,-0.350003531611403,-0.729109981122807,-0.0722281125867995,-0.000797749592461738,0.341862248526534,1.47185241140334,1.10464405791658,-0.895951836672014,0.125909855533943,-0.066487365996063,-0.577476313850285,-0.0543277469032874,0.108453431176479,-0.491458735576158,-0.119822068046586,0.851112418591144,0.656945440471322,-0.672936210885348,-2.31426546837887,"Male",1
-0.809714865471041,0.657762627780885,1.04559384772403,-0.957195273730995,-0.533926639934756,-0.680220580804325,0.840089088498078,-0.799072238730392,0.61899963960259,1.08317553086526,1.79303088084064,-0.76213734373751,-0.495346035019633,0.406321675758977,-0.350003531611403,-0.15881703311377,-0.688163681552377,-0.00331103381758886,-0.475629884456729,-0.280192654415463,0.883144512140273,0.357408622713261,1.53028941503597,-0.0590141437629495,0.1415354629316,0.684171406056786,0.53678559322148,1.45354567932958,-0.0763082841411859,-0.820879754877125,0.691970610071075,0.671959951346986,1.48142402263852,"Female",0
0.0759249039719187,0.657762627780885,-1.09577144852686,0.412531683016022,0.112985364138531,-0.248314360610168,0.840089088498078,0.777613538166787,-0.389170275373104,-1.16244214448293,-0.060826578289988,-0.139071562642662,0.688285294219844,0.4558720915057,-0.350003531611403,-0.331811948075118,-0.420081321386903,-0.985755583766614,0.158446430864878,0.969302407750147,0.0964382126957267,0.376389230002976,-1.12044476046218,0.0663765292790083,1.22005312810443,-0.0543277469032874,-0.462765778597585,-0.147974734684507,-0.813611991108749,-0.229163894763516,0.806526699312504,-0.32073944068341,0.536675484378311,"Male",0
0.23015554943649,-0.010535007180063,-0.445606023874812,-0.108501787286485,-1.39012502361897,-0.680220580804325,0.445859117909261,1.15016893744216,0.77148436687824,0.839989231169775,1.154623723995,-0.115384764353098,0.733282848885161,0.101358128189462,-0.350003531611403,1.33289964494299,1.25975376520379,-0.176265019780236,-0.270767210296688,-0.0978075299124566,0.324260001281782,0.00982356102364795,-0.883537495535941,-1.36565455338123,1.22005312810443,0.684171406056786,-0.973244391655877,-0.500446029231493,0.173332024363965,0.0627762449817726,0.470984796725046,-0.702663609348948,0.257846074479711,"Female",0
-0.110366631956691,0.657762627780885,-0.264269067172011,-0.23312112517605,1.12968839337038,-0.423350612827446,0.840089088498078,0.207693307958593,0.670184102736873,-0.501432548311204,0.67937276860389,0.266207756203551,-0.495346035019633,1.52122072353062,2.70111143515621,-0.0733855008232997,-0.0244748950191657,1.30774784050285,2.1650117986729,0.475250941595172,0.042432207286521,-1.62749064470144,-0.387187714834542,0.216385388833002,1.93906490488631,-2.26982520578351,0.858450890270732,2.30192652250582,-0.10383492092173,-0.380367698571543,1.23526991115654,-0.346213026915482,0.719957578976829,"Male",0
0.61881153869117,-0.678832642141011,0.137036219458356,-0.250686700130729,-0.72684163002261,-0.332323579641068,-1.52529073503483,0.660394347346546,-0.325438976454951,0.641308636231736,-0.735560313108768,0.0267443307132389,-0.495346035019633,1.24799977686579,-0.350003531611403,1.2830123152801,-0.00930996306880531,-0.38451581402259,-0.620567574877005,0.633481909584641,1.00017193997273,-0.107384961723523,-1.46646007556384,-1.14068772710501,0.1415354629316,1.05342098253682,0.0700136573919936,-0.270413311827912,0.131874668941316,-0.429400777051247,-0.507704008821202,-0.422127713071636,0.611246140513983,"Male",0
1.20409736300123,-2.01542791206291,-0.877240911178029,-0.718238638108105,0.120976620349987,0.541200412410156,-1.52529073503483,0.113098700623837,-0.807022255070702,-0.216737713697857,-0.200530546524422,1.77209394206283,-0.495346035019633,-0.695188451283163,-0.350003531611403,1.85641504223431,-0.252008960868634,-1.67163454810334,-0.846382444895282,1.29894734944483,1.00710742707716,0.572109970492675,-0.36338786602888,0.325179177464937,-0.577476313850285,-0.0543277469032874,-1.28281409805955,-0.436413800701095,0.44886294409929,0.2530812421839,-0.971241891770476,0.0115139703937267,1.14420700642481,"Female",1
2.68154825336107,1.99435789770278,-0.586763107019706,-0.426484242092932,-0.114291558938187,-0.680220580804325,0.0516291473204437,5.63503451967196,0.555690450209003,1.17540581964142,2.25663569352976,-0.76213734373751,-0.495346035019633,3.34316920721636,0.514763131222903,-0.496797909657298,-0.688163681552377,0.743784507724658,0.370885744410044,1.13568637405758,0.992694012536109,-1.33018065452178,-1.54830166332185,-0.749132121284604,3.73659434684102,-1.1620764763434,-1.96233660596333,-1.50716109885902,-0.263198701247652,1.97969115648378,2.41077470022158,-1.94505281768963,0.521044953834589,"Male",0
-0.145011138440018,-0.678832642141011,-0.855356927699155,-1.14880131289068,-1.93487060650436,2.72495309724817,0.0516291473204437,2.08758057573996,0.613241009140552,1.45664664709794,2.06777155823178,0.886536717474173,-0.495346035019633,0.996913657498227,-0.350003531611403,-0.729109981122807,-0.688163681552377,0.792706281010546,0.0158067985440222,1.01596067254081,0.983252078876665,-1.42139646559644,-1.42576763775787,-1.14433173554484,0.501041351322542,0.684171406056786,-1.44567798049969,-1.32859497478494,1.97894952829501,1.62602317547432,1.14900876715132,-1.85617053763715,-0.84538963584022,"Male",0
-0.344985907307044,1.66020908022231,-2.00679487252816,-0.960428119629666,0.213039327158137,-0.629397093072199,1.2343190590869,2.44297611554177,-0.753606336158092,-1.73026562467249,0.109069987504289,0.201619578744193,1.33549257276954,-0.101702391454419,0.793788827851728,-0.729109981122807,0.970513384299108,1.39667494455142,2.5669165957835,-0.109066358643039,-1.46592328255033,-1.45007870469363,-1.81507361510587,-0.312588305052139,0.501041351322542,-1.53132605282344,-2.37612634971785,-0.722082657734074,0.561318507979115,1.83426443026116,2.9856806529468,-1.98731945824685,-1.16129835583094,"Female",0
1.17400511004627,-1.34713027710196,-0.35686081627632,1.72461666866505,-1.15092940201917,-0.680220580804325,-0.736830793857191,0.614507456173322,0.277320898855296,1.16842236913366,0.0760029925488006,0.355820686341271,0.566540357498074,-0.695188451283163,-0.350003531611403,1.40948857391114,-0.207147332455452,-0.462328125479418,-0.726017597319003,0.0940863667851176,0.598607236626064,0.272804212301997,-0.772338212516622,-1.13142153421516,-0.577476313850285,0.684171406056786,-1.0183648095307,-1.17261658547556,-0.702334002607957,0.375519234546077,-0.0402351321330966,-0.86050407033915,-0.908784503373294,"Female",1
-1.30436954317197,-0.010535007180063,0.192786921107884,1.57249725084919,-1.27160028810082,-0.680220580804325,-0.736830793857191,-0.664884053023134,-0.083607348412971,0.513794232373983,-1.201377882909,-0.76213734373751,-0.495346035019633,-0.695188451283163,-0.350003531611403,-0.729109981122807,-0.688163681552377,-0.462987822363095,-0.626097618007767,0.17706424055155,0.815683796584089,0.546212831236672,0.386204281237568,-0.602770003710548,-0.577476313850285,1.7919201354969,0.643040999822466,0.874615927730043,-1.09560553407503,-1.09309753132047,-0.171853965201492,0.0210802899551651,-0.971217341348537,"Female",1
0.0439722060215863,-0.344683824660537,-0.133522493317457,2.05053031193948,-0.488056908445819,-0.680220580804325,0.445859117909261,0.174249805304157,-0.540172182034228,0.472632451377542,-0.476858992582002,0.766320900510827,0.230552866115533,-0.695188451283163,-0.350003531611403,1.70744436217761,-0.688163681552377,-0.674747945082169,-1.08681933633929,1.03086690306551,1.70081868799947,-0.141588483657679,-0.0961147375576497,-0.954881255094955,-0.577476313850285,-0.0543277469032874,-0.190834020499711,-0.662246120455906,-1.01107361762469,0.310323545485873,-0.956461412018812,-0.384532221215369,1.09011067829332,"Male",1
1.71323254070212,-0.010535007180063,-0.7301969173121,0.763224194518702,-0.549509689746146,0.515212731703465,0.0516291473204437,0.533569566984314,0.277320898855296,0.0761822346556276,0.0760029925488006,-0.76213734373751,-0.495346035019633,-0.695188451283163,-0.350003531611403,0.420674188250275,0.863501960695789,-1.08331569846497,-0.901019762222742,-0.498410291626793,-1.00765157676062,1.39934680971361,-1.34061203431837,-0.909032904858708,-1.29648809063217,1.05342098253682,-1.05572257486792,-1.54140040536073,-0.375936851402226,-0.269482893952441,-0.096196146472666,-0.796808713538932,0.786552595289071,"Female",0
0.781535975895284,0.991911445261359,2.6570170029385,1.70358261013849,1.77582589165309,-0.337417861537296,0.0516291473204437,-0.0213208653405917,1.46843204687873,0.733174845811962,0.503710588742958,0.017315466078371,2.46609011941226,5.06470016123807,3.3502331053769,2.25299955776916,-0.688163681552377,-0.458782583263963,-1.13834264904439,0.821713060649313,1.88809389358788,-0.288416279071516,1.5117207287484,0.666096829405652,1.57955901649537,-1.90057562930347,1.57069630007791,1.38452244563487,-0.576502723338043,-0.592929024044714,-1.03810429898831,1.81690309080657,1.35371049943002,"Male",0
-0.844158829460168,-0.010535007180063,-1.17307106470812,-1.51911100912955,0.184121007394819,1.42125803193664,-0.736830793857191,-0.41060816072626,-0.347390231615501,-1.81137287410706,0.159217906007282,0.113874545503326,-0.495346035019633,-0.695188451283163,-0.350003531611403,-0.729109981122807,-0.688163681552377,-1.50885353854332,-0.389675893474158,1.93548121956852,0.536674371930804,0.329628070040905,-0.81167459529265,0.903637266429763,-0.577476313850285,-0.0543277469032874,1.0027380876631,-0.0757009591646605,3.71363838397458,-0.581442107698918,-0.213406384503344,-0.264277540910049,1.44165023723468,"Male",1
0.656880465171653,1.66020908022231,2.54477968551786,0.582075225987947,2.33660909597143,-0.60976871160324,2.02277900026453,-0.901484442421488,0.277320898855296,-0.0184013980149407,0.0760029925488006,-0.76213734373751,-0.495346035019633,0.701654101125355,2.34205268834239,-0.729109981122807,-0.688163681552377,-0.896093167733055,-0.546593229809,-1.65375447295994,-1.56635029446033,2.22238410438761,1.09123417332348,2.29894993213819,0.860547239713484,-0.792826899863361,0.293178931304085,1.07123825899347,-0.688445104232127,-1.43742422568565,0.305678792170277,3.68055740227512,-0.734283611215594,"Male",0
-1.44062682103791,-0.344683824660537,-0.57710487951219,1.2183943151991,-0.99071581106609,-0.680220580804325,0.445859117909261,-0.757020549334962,0.739405749170414,0.198046356248818,0.922981176549146,-0.459753023391631,0.0790901896808284,-0.695188451283163,-0.350003531611403,-0.729109981122807,0.352675404592456,0.420363638491292,-0.133265644407026,1.34693230900871,1.15016390799248,-1.28612249473499,0.0211316343737676,-0.985797655847286,-0.577476313850285,-0.0543277469032874,0.622242409394286,-0.15534649012881,-0.622890435815478,0.555070518748667,0.144012489491439,-0.994767059241474,0.562252859188131,"Male",1
0.915022203808634,0.323613810300411,0.4436257019951,0.78576286915543,1.53181723931281,-0.200486167598035,0.445859117909261,0.137650361131346,-1.56721729026891,-1.25141804964776,0.0372052416687199,-0.259199926606971,-0.495346035019633,0.543656485942891,0.843774612198409,-0.729109981122807,-0.25537262195361,-0.276780321520844,-0.240046586493768,-0.0190561536673102,-0.233426570308168,0.407770116942643,-0.010310888813601,-0.243328010355544,1.22005312810443,-1.90057562930347,0.477413773436925,-0.454686717972335,-0.16288772165524,-0.274004993474515,-0.873428597676193,1.45508461286099,0.541099167369409,"Female",0
-0.114729548340653,-0.010535007180063,-0.344501898279791,-1.09718084807831,0.692048840967002,-0.680220580804325,0.0516291473204437,-0.767360598067596,-0.769070244683295,-0.710393683084146,-0.106468263468593,-0.76213734373751,-0.495346035019633,-0.695188451283163,-0.350003531611403,-0.1053520692379,-0.688163681552377,1.4346302635312,1.74308346007286,-0.599022931734476,-0.646243343748612,-0.87288051201718,0.389379039335969,1.05169351063399,-0.577476313850285,-0.0543277469032874,-0.315238297648063,0.338079990982621,-0.0613580163239459,0.916708003932952,0.357769579233306,0.229660360011121,-0.197477876732037,"Female",1
0.416202926764686,-1.01298145962149,0.742792816244583,1.07223683317833,-0.134615149710156,-0.57806537046275,-1.13106076444601,-0.0422395143963812,-1.0141214257835,0.166962144489169,-0.221739551636496,0.928079980355668,0.307375859972135,1.38649915381809,-0.350003531611403,-0.190226255952284,0.402694129574566,-1.42873846546387,-1.63395096457337,0.244534497457299,0.455211921392117,1.14981105360617,0.225013705582028,0.0713556531633656,0.1415354629316,-0.0543277469032874,0.532068901590505,-0.139088836010273,-1.14903708611437,-0.853315568678176,-1.26790990757483,0.531032803627861,1.48876421377249,"Male",0
-0.840844235283308,-0.010535007180063,-1.61674606043715,-0.345930074393937,-0.398370608515115,-0.680220580804325,0.445859117909261,0.832186360155969,0.61286399442643,-0.796847955784148,0.588190299761892,-0.76213734373751,-0.495346035019633,-0.695188451283163,-0.350003531611403,0.110968014681765,0.0676420297110343,1.7917539507669,2.20453967798822,-0.3893787611946,-0.807845719876566,-1.46153872390643,-1.00539390724478,-0.814187024774027,-0.577476313850285,-0.0543277469032874,-1.66861873297771,-0.829849260820386,-0.518394532282886,1.72736678213766,2.6134769587908,-1.72983412444345,1.18681160712437,"Male",1
-1.89962335432525,-2.01542791206291,-0.128037388840995,1.48180301039104,-1.73869821164061,0.107678647893991,0.0516291473204437,-1.46350701956801,-0.863159911540986,0.342221607752399,-0.295057013634456,-0.229051089612764,-0.495346035019633,-0.695188451283163,-0.350003531611403,-0.729109981122807,-0.688163681552377,-0.746549629992261,-1.64440910241329,0.319771819572833,1.34483919216402,0.689166516642014,1.76417306559399,-1.16690406756994,-1.65599397902311,1.7919201354969,0.548596405602517,-0.625254691656117,-1.09066866865274,-0.221986846928545,-0.926100643005113,-0.247704974761071,1.37884500458943,"Female",0
-1.31459862868053,-0.010535007180063,-0.177681478443381,-1.03952157114346,-1.04550399814126,2.14975484082038,0.0516291473204437,-0.493420510093947,0.277320898855296,0.445848310855128,0.0760029925488006,-0.214118701542042,0.0251865103321815,-0.695188451283163,-0.350003531611403,0.319222643893842,-0.688163681552377,0.542403163592291,-0.300522137553047,-0.0622029848418492,0.552114217751188,-0.438683857823215,0.609347158138607,-0.545652791531178,-0.577476313850285,-0.0543277469032874,0.288947690071152,-0.532151688195994,0.560369132764475,0.485684887347476,1.31371972728812,-0.500029082530585,0.109447766934357,"Female",1
0.599619236035308,0.657762627780885,-0.95823135629758,0.349327965564144,1.75506396080401,-0.431494851277013,0.840089088498078,0.436100467154897,0.642362288542576,-1.88827864941656,-0.112890328748868,0.432262261047514,-0.0415484313795858,-0.695188451283163,0.784012824779383,-0.729109981122807,-0.27703859685415,1.36837583420098,2.30812030973001,-0.975197636486563,-1.8738676645658,-0.670860365362084,-0.522181467890116,0.917806263169107,-0.577476313850285,-1.90057562930347,-0.380637193926741,-0.237373613678859,-0.282825133577297,0.817594225915796,0.652041683769793,-0.558521823286778,-0.236747604037685,"Male",1
0.618867439723065,0.323613810300411,2.03218455137062,0.284184646467943,-0.0555876110250613,-0.411391079905444,0.0516291473204437,-0.110937776761106,-0.33016307417146,1.63487834695868,-1.09011897822388,-0.19423413542464,0.583493550992554,0.00424649876173611,-0.350003531611403,-0.729109981122807,-0.199467826156371,0.634943115969825,-0.966472174015477,-1.53909642878318,-0.23249765012626,0.464975333192602,1.87246035561586,0.904218038579783,1.22005312810443,-0.0543277469032874,-0.0778212947883523,-0.41646829709811,-0.941205123149366,0.584418255424202,-1.11708284932011,0.835162558458213,-1.03140619016771,"Female",0
-0.967982860663436,-1.34713027710196,1.74821478947287,-1.10539112796573,1.68804266503975,0.704934813657706,0.0516291473204437,-1.45166904362928,0.791897315643387,-0.446858866454927,0.560057427866406,-0.0886686509189818,-0.495346035019633,0.963712342455011,-0.350003531611403,-0.729109981122807,-0.108625911556085,-0.503523414010661,0.820889089239755,-1.78064902499378,-1.98679672261452,1.80123328659917,-0.289351288171509,2.99393219669826,0.1415354629316,-0.0543277469032874,0.424763736473629,1.6411849180545,1.35533211849965,-1.66121804525812,-1.23391364735716,3.81559180794347,0.0641803786910791,"Female",0
-1.61722912761124,-1.01298145962149,-2.10777042770836,-1.21760448066477,-1.58560677242311,-0.680220580804325,-0.342600823268373,-0.917919491576883,-0.702904996731204,-0.658031826769862,-0.13057132913225,2.90329882045521,1.24545132976352,-0.695188451283163,-0.350003531611403,-0.729109981122807,3.25459327825856,-0.685770704391416,-0.00541179345307926,1.49734863509938,0.0738458678498542,-0.896092787642311,-1.53866796808172,-1.64627754134093,-1.29648809063217,2.16116971197693,-1.53909881254503,-0.878107726972417,0.178145212343034,0.752069047809878,-0.621257457650783,-1.1961323985033,0.026199935872329,"Female",0
-0.800760212606548,-0.010535007180063,0.97270514427582,-0.961234424473159,0.41423284245066,0.0805097089733592,0.0516291473204437,-0.981318844266397,0.277320898855296,-0.0349746428125062,0.0760029925488006,-0.76213734373751,-0.495346035019633,-0.695188451283163,-0.350003531611403,-0.729109981122807,2.74766738342572,-0.659718857316501,-0.760793668549874,-0.450499510623135,-0.502281031732494,0.833476297170285,2.07126819500315,0.83830632579911,-0.577476313850285,-0.0543277469032874,1.54597893968832,1.62712996548941,-0.0435727256072581,-1.32417940867552,-0.456281630119615,0.924984834641804,-0.350016223734914,"Female",1
-0.204781935957165,-0.010535007180063,1.14658740656871,0.0782267187728295,-0.0530707319424984,-0.562349184256355,0.0516291473204437,-0.58254591377744,-0.308072747879574,1.11134412534716,-0.936797689691232,-0.214885161181481,-0.495346035019633,0.652813452439735,-0.350003531611403,-0.729109981122807,-0.688163681552377,0.188497449753958,-0.372906720205541,-0.208846018931489,0.192362291981647,0.108131292270753,0.332511761273253,0.95232709158859,0.501041351322542,-0.0543277469032874,0.484492185838354,0.775785122661016,-0.737124636486318,-0.381388135225778,0.534351522933109,0.957349122098323,-1.15999913512095,"Female",0
-0.366321747179486,-0.678832642141011,-0.96671542627841,-0.536813261479343,-0.45597533678518,-0.680220580804325,0.0516291473204437,-0.0095095149707118,-0.66537382505334,0.184837542348352,-0.336072482517026,-0.76213734373751,-0.495346035019633,-0.695188451283163,-0.350003531611403,-0.167165916361642,0.449374981852525,0.897042678702032,0.633382160075147,0.264241577457722,0.897670439118478,-1.02590312869571,1.13402152146334,-0.689760832870618,-0.577476313850285,-0.0543277469032874,-1.20206452885139,-0.848922164418052,0.324299992629331,1.72877029395787,-0.880487667048876,-0.971120065865088,-1.23905809747369,"Female",1
0.25256151385941,0.657762627780885,0.103983586633613,-1.01673126034419,0.868779121516201,-0.680220580804325,0.840089088498078,-0.180339283970225,-0.472780279308567,-0.737225426076359,-0.170651883251006,0.640318966397163,0.170711738064963,1.03208997373814,-0.350003531611403,-0.729109981122807,-0.688163681552377,-0.0466576116345317,-0.227934512592975,-0.790311161075009,-0.264013237229749,0.637031084681825,1.91590024284825,0.21663793509369,0.1415354629316,-0.0543277469032874,0.0116421490525902,-0.38821925429123,0.0465795996426702,0.192502101666333,-0.808011585029442,0.525969547440337,0.71285411057019,"Male",0
-0.0681899293802133,0.657762627780885,-0.550779842568526,-0.584815331952252,0.789817345569945,-0.477263209264773,0.840089088498078,-0.225105730721427,0.277320898855296,-1.43375371244368,0.0760029925488006,1.33253776615313,0.300500297702419,-0.695188451283163,-0.350003531611403,0.339426056367379,-0.327658923128557,-0.630525403527945,-0.137132862214656,0.0191355754034488,-0.680896571896088,0.504394443513412,-0.219567384251695,0.0544924200475344,-0.577476313850285,-0.0543277469032874,0.735598843489037,-0.11296947009428,1.15407354695977,-0.653126009652005,0.374376509227506,0.127810994224267,0.786552595289071,"Male",1
-0.512959183521695,-0.678832642141011,0.25459593377569,-0.793705292339981,-0.835431345629999,0.743253661660242,0.0516291473204437,-0.836692447998091,0.436983861821316,0.444563653446352,2.86793231922784,-0.239727049308189,0.497071154249239,-0.695188451283163,-0.350003531611403,-0.0628799016729952,-0.238615691742173,-0.229011217358347,-0.963924925739542,0.349953818107773,0.720488468349439,0.0184638507852742,0.110495598069639,-0.608819801885308,-0.577476313850285,0.684171406056786,0.52163300429031,-0.729977527963188,0.694742914972945,0.071276707416978,-0.173031441600922,-0.128342861756949,-0.0848236063871048,"Male",1
0.145023877181332,0.323613810300411,-1.27419081572055,-0.695030529999495,0.24198148518001,0.408743590349519,2.02277900026453,0.0108767337936604,-0.888574525700234,-0.855408712732754,-0.0603214014673122,0.872759496906933,-0.495346035019633,-0.695188451283163,-0.350003531611403,2.05086957045337,-0.21920623814312,-0.250837389994277,0.563893724436659,0.77271566603202,0.274969202731066,-0.437207730842966,-0.831455242253767,0.193618237911429,-0.577476313850285,-0.0543277469032874,-1.10961111420234,-0.449283737002023,0.251336798224494,0.785648468443209,-0.591923158538904,-0.665733175645818,0.91875400086727,"Female",1
-0.117593664797971,0.323613810300411,-0.229409784775546,-0.305895891883035,-1.42415045857175,-0.185921175925738,1.2343190590869,0.198937000095339,-0.546609135427058,0.724764861156078,-0.540058655918456,1.54860267906312,0.236268605494522,-0.695188451283163,-0.350003531611403,0.253185943105381,1.96310753394252,-1.14443652257772,-1.64388681594798,1.62629452079595,1.36642846074168,-0.303253376521843,-1.21905802072695,-0.841907728018837,-0.577476313850285,1.05342098253682,0.414267671141697,-0.825403922659041,-0.0492747224863694,-0.183332905747638,0.511480095192386,-0.840710158779017,0.820721892749643,"Female",1
-1.11354789110308,-1.01298145962149,-1.58267834467418,-1.19602323864317,-1.08776560996396,1.2074300450726,0.0516291473204437,-0.599038433687925,-0.41795560847931,-0.465193358009231,-0.276428948421249,0.375319954307746,-0.495346035019633,-0.695188451283163,-0.350003531611403,-0.729109981122807,1.02475791043524,-0.831861937406982,0.0631161585768731,1.89032747036133,0.622732247873635,-0.508474887716734,-1.15460407671525,0.0509877771015428,-0.577476313850285,0.684171406056786,-1.08112678613855,-0.0806611719451348,1.63525189109823,0.594569544186069,-0.50183631637367,-0.724405333875494,-0.952511648599736,"Female",1
0.884963357813451,1.32606026274183,-0.626928366058213,0.322248932074688,0.749709622535297,-0.579674113932697,0.840089088498078,0.881345514425445,0.277320898855296,-0.440697343312148,0.0760029925488006,-0.76213734373751,-0.495346035019633,-0.00968250451085455,-0.350003531611403,-0.729109981122807,-0.688163681552377,0.420940313595227,0.786321022411007,0.508670235956512,0.0909868008165682,-0.56568473267006,0.391623498475231,0.695876976035157,1.93906490488631,-0.0543277469032874,-0.539690447495962,-0.236380807823572,-0.4127669668494,1.00477980186332,0.181331725246844,-0.595355273599303,-0.588553278124187,"Female",0
0.245977567649851,0.991911445261359,1.99468640407104,0.694484399306824,1.04519698019615,-0.527496844413267,-1.52529073503483,-0.348925939466693,1.01958850806493,1.71362472411413,1.05378392984206,-0.76213734373751,3.60573244642811,4.62244664478241,2.21209135358601,-0.729109981122807,-0.22373410311397,0.795850320701316,0.928843723322459,-1.18458078738034,-0.832255499436784,-0.0205559080895442,0.351711418714908,2.39220274869926,0.860547239713484,-1.90057562930347,0.932704294435716,2.71323854129479,0.645965448885017,-1.1025999207996,-0.288754699759109,1.06270287532013,0.864786371375268,"Male",0
1.33210470584974,-0.344683824660537,0.366388896986252,-1.28307065889536,0.350166229602353,0.0437139806714014,0.0516291473204437,0.633248645289659,0.277320898855296,0.167078745168499,0.0760029925488006,-0.19175059369732,-0.495346035019633,2.11478636259989,-0.350003531611403,-0.729109981122807,-0.688163681552377,0.714369166973125,0.179579686162463,-0.874852142369823,-0.80472286369913,0.0301180917345434,-0.724213464952822,-0.334150733733193,0.501041351322542,-0.0543277469032874,0.237640292127596,-0.93930437289515,1.94127806753577,0.109098217056977,0.324665265299154,-0.339122756394611,0.278033050728796,"Female",0
0.86937098773141,-1.34713027710196,-1.40731695739435,0.00241088770086344,-0.56292511860803,-0.680220580804325,-1.13106076444601,0.176984210167985,0.277320898855296,-0.0404337853881449,0.0760029925488006,2.08875745063461,-0.495346035019633,-0.695188451283163,-0.350003531611403,0.179826866796906,-0.074845932248458,0.150326001732134,0.577356613330193,0.0328553996117106,-0.520019878707588,-0.331036008939284,-1.62710035002956,-0.334720233215661,-0.577476313850285,1.42267055901686,-1.81031443911499,-1.59801826998011,-0.647791343219637,1.29085734976208,-0.651488578661839,-1.03797435743429,-1.84958551196319,"Male",1
-2.97305370363139,-1.01298145962149,-0.445111208109,-1.22781301014433,0.228714724640455,-0.590610747171365,-0.736830793857191,-1.94527958430487,0.277320898855296,-2.25428252988617,0.0760029925488006,-0.76213734373751,-0.495346035019633,-0.695188451283163,-0.350003531611403,-0.729109981122807,-0.323757356478953,-0.104652469639031,1.32050150360076,-0.367986498894612,-0.694744015711263,0.520635313506706,2.85940744320707,2.74502942261426,-0.577476313850285,1.05342098253682,2.54865489246213,2.53916861466739,0.471433203427776,-1.36710109158516,0.814455921930604,0.290709480625795,0.102351797966492,"Male",1
-0.583627009596071,-0.344683824660537,-1.5653617315146,1.38461646327837,0.154025284188965,-0.661232623491765,1.2343190590869,-0.577743477411977,0.277320898855296,-1.75015026921092,0.0760029925488006,-0.312384113246054,-0.495346035019633,-0.141268128776341,-0.350003531611403,1.56517199362626,1.24695956194103,-0.266898610732476,1.83541992506517,-0.459604394675937,-1.59538229200363,0.403006402015371,-1.67954990070207,-0.171713771002587,-0.217970425459342,-0.0543277469032874,-1.06400385289833,0.715871461640849,-1.00220787993931,-0.629267495314967,-0.579074572457884,-0.0570618916605838,1.38180958724926,"Female",0
-0.0519710733527184,1.66020908022231,-0.544853744997514,0.820619900800454,0.143133806751092,-0.680220580804325,1.62854902967571,0.60028343895518,0.918295565647688,-0.33051801710588,0.504651141756807,-0.76213734373751,1.21212825616506,0.411803923711339,-0.350003531611403,0.799240185823353,-0.688163681552377,0.55671363175401,1.51456259996311,-0.781056997119025,-0.901059618751289,-0.00366808682141479,-0.602611882287788,0.812331524173941,2.29857079327725,-0.0543277469032874,-0.800731921067609,0.69566757927633,-0.98876979976631,0.0305978300246958,-0.0188849024172897,-0.100326941108528,0.120237527967686,"Male",0
-1.7133415138536,0.991911445261359,1.52759969738339,-0.203647309791919,0.708960989178627,-0.193767198225398,0.0516291473204437,-1.05174962557558,0.588341859223442,-0.155225488844644,1.08374662788835,0.255509757764625,-0.495346035019633,1.81149909400131,-0.350003531611403,-0.729109981122807,-0.688163681552377,0.287513892440591,0.239753244301918,-1.18893195108568,-0.793553360411937,0.633849041300211,2.93032972666054,3.26240068321444,1.22005312810443,-0.0543277469032874,3.02236712535177,2.81371522348941,-0.35671900009465,-1.64635715142604,0.504170669831949,1.14419372682286,-0.37291310034634,"Female",0
-0.40012313155453,1.32606026274183,0.85179363738341,0.41189369600696,-0.488873181992969,-0.399994318021951,0.840089088498078,-0.584142697664991,0.277320898855296,1.26676650843205,0.0760029925488006,0.516572821385281,-0.495346035019633,-0.170231282894351,-0.350003531611403,-0.18553010148456,-0.688163681552377,0.866394819371561,0.078302167794134,-0.266058660877023,0.6166878550774,-0.630687330978767,0.254255226703811,0.0885127988389449,0.501041351322542,-0.0543277469032874,0.198837923073507,0.980057097047433,0.280725650197194,-0.0237412522406959,0.154748730096907,0.0306641993531096,0.764791231690976,"Male",0
-0.690521176483891,0.323613810300411,-1.34930310906636,-1.00545319802009,-0.614864867942272,1.85219849909186,0.0516291473204437,0.444691654720345,0.115570367843279,-0.492421619512262,-1.40176629690382,-0.409310192675676,-0.495346035019633,-0.260643202788173,-0.350003531611403,-0.729109981122807,-0.688163681552377,1.23640086770532,1.4162385633737,0.151272571306798,-0.217074838882442,-1.17130262866732,-1.29179091261689,-1.02712325007354,0.1415354629316,-0.0543277469032874,-1.18589487325407,-0.785305689749194,0.502427231333575,1.19371526637541,1.20138658008027,-1.53769372125196,0.393002686890249,"Female",0
1.08601461054332,-0.344683824660537,1.17862110449865,3.34783550959471,2.9336456663098,-0.680220580804325,-0.736830793857191,-0.437645512838075,-1.58638132340267,-1.71440356312444,0.0924164720544727,-0.76213734373751,-0.495346035019633,-0.695188451283163,4.47472060285125,3.15925102802984,2.81013703915259,-1.14787313250683,-0.776600973654816,-0.315478218703732,-0.802523286739373,0.969295065687643,0.526515268523451,0.330952180037857,-0.577476313850285,-1.53132605282344,1.43317789500126,0.1636260865759,-1.21253399491234,-1.14176225630957,-1.05813594478904,2.57971892074376,-0.110718194001336,"Female",1
-1.44745705494498,2.9968043501442,-0.882701430844137,-0.0047110043743519,-0.487522423382666,-0.524766999849755,1.62854902967571,1.64671466257897,0.277320898855296,-0.450465889887468,0.0760029925488006,-0.434975712861628,-0.495346035019633,0.513617603685747,0.426551147221392,-0.311880608624563,0.156430242447247,0.584253401171553,1.02744076347235,1.81874629353622,1.1814804180724,-1.7555322937116,-0.938422084592984,-0.642100436326074,3.01758257005914,-0.792826899863361,0.764419861951376,0.979473990767857,-0.682130748420019,0.0803931880781125,1.27010962168229,-0.915826785618008,0.121782370710713,"Female",0
0.982167417924508,1.66020908022231,1.33874100302519,0.138291791931428,-1.0012389541119,0.369973170370744,1.2343190590869,0.48546665129125,-0.501388789359464,2.00086262434953,-0.93740637262771,-0.398151008363036,-0.495346035019633,0.425534061695759,-0.350003531611403,-0.729109981122807,-0.0617237850540507,1.01145005444098,-0.628968096209594,-1.33242928249358,-0.211993141292333,-0.0015589274037763,0.211552830357488,-0.999597369940302,1.22005312810443,-0.0543277469032874,-0.429700753070819,-0.763940402881219,-0.920602852971992,0.422403686784812,-0.14814310609067,-0.380696265907233,0.929919178843768,"Female",0
0.531869721330888,0.657762627780885,-0.487647422175849,-0.398993370765326,-0.797617060135032,-0.680220580804325,2.02277900026453,0.185280942326062,-0.714519047626775,0.233716240832509,-0.326527720218356,-0.76213734373751,1.26607689095761,-0.695188451283163,-0.350003531611403,0.45336947268742,0.10973073638091,-1.12073062759228,-0.600098552672626,0.746134687904262,0.755934324193163,0.586450894395356,-1.17467022532487,-0.499739455885151,-0.577476313850285,-0.0543277469032874,-0.610249560648723,-0.259271146653658,-0.543144992195535,-0.451506329612298,-0.131520945879152,-0.518753695670834,-0.603190259409818,"Female",1
2.09815429692137,2.32850671518326,0.338890010615121,-0.477634917798211,1.95880450101657,-0.0629685545712448,1.2343190590869,3.56629872005734,0.618220440649917,-0.277074779245953,0.916556763511165,0.576352886117352,0.352225772007029,2.60180594265714,2.82705255465107,-0.729109981122807,-0.688163681552377,0.430273351371644,0.90564235593971,-1.51460687966486,-2.11725833971397,0.646948003687418,-0.251810432827128,1.7098728469064,3.73659434684102,-3.74682351170366,-0.300382515822119,0.296691681436214,1.26155151491082,-0.200495133664662,0.691597105125251,0.282397425307971,0.599969602269077,"Male",0
-0.878348561039721,-0.678832642141011,-0.872202931724178,-0.776725944610915,-1.95211353851993,0.400267220885408,0.445859117909261,-0.792287616521152,-0.429700144076183,1.28745948940085,-0.817528298219361,0.559772489125905,-0.495346035019633,-0.695188451283163,-0.350003531611403,0.535264164589826,-0.688163681552377,0.989348239283962,-0.284972423668019,-0.090898885184639,0.570570061392398,-0.924011555846811,-0.014105653622921,-1.80685186459168,-1.65599397902311,1.42267055901686,-0.941233284379822,-1.9561042182625,0.428534043642625,1.57245416498291,0.514703585008192,-1.62608942242212,1.21672744631123,"Female",0
0.76577761365293,0.991911445261359,-0.00524792544966013,-0.225125008272189,-0.0888613147055961,-0.447388192561421,-0.342600823268373,1.44302546188251,0.277320898855296,1.01605641534343,0.0760029925488006,-0.37852429420069,0.233399528472892,2.1395802580165,0.560544895725878,0.738555693900487,0.962382614368467,-0.00863776277244803,-0.409623537493037,2.49278815479901,2.30722568027758,-1.80267653112026,-0.750579387781894,-0.530633080180308,1.93906490488631,-0.792826899863361,0.110530351415813,0.242810837512284,-0.162897939758064,0.790260515680758,1.33528303023088,-0.667019468931935,1.31718168526501,"Male",0
0.602851260604235,-0.344683824660537,0.62471592931718,1.66736914112481,1.56131032515765,-0.680220580804325,-0.342600823268373,0.24008223799935,-0.640566069161008,-0.611679759812953,-0.155743063102906,-0.33309643307132,0.319698345202289,3.5320982204795,1.68674952953787,-0.729109981122807,1.15784204414857,-0.917976133582684,-0.059171178804225,-0.481984738782702,-0.511566526573575,1.19718573346209,1.23473443155863,1.15987495791645,1.22005312810443,-1.1620764763434,0.484758585066697,1.40609734304481,-1.20660907250574,-1.1740476449894,-1.10527055916325,1.24573067230962,0.0809422458805896,"Male",0
-0.131276218075275,0.991911445261359,0.880422012109506,0.995541824571557,0.72847752710784,-0.680220580804325,0.445859117909261,-0.776143618858706,0.74813806130235,-0.0810200660143124,0.776491861425003,1.70265201391648,3.01640423944841,0.822640463932385,-0.350003531611403,0.0567267582597287,-0.157909438453411,-0.24731369157387,0.196232858630404,-0.503515744930596,-0.512283045073122,0.324988034996609,-0.301589465967354,0.720260517915487,0.1415354629316,-0.0543277469032874,1.0411868630704,1.22700870643418,-1.14026143143714,-1.15335449035524,-1.24719586046733,1.21515233307919,1.35095707122663,"Female",0
-1.67199378523741,-1.34713027710196,-0.243319153613545,0.606984058008714,-0.0975738657901487,-0.680220580804325,-2.31375067621246,-1.02430240818104,0.277320898855296,-1.0418933782586,0.0760029925488006,-0.76213734373751,4.73930519570155,-0.695188451283163,-0.350003531611403,2.78501909991892,4.05425102785401,-1.74939674553149,0.0596277302065974,1.69019017393939,1.06615675038181,-0.115793510009512,-0.395274635291398,-1.14221034096015,-0.577476313850285,1.05342098253682,2.27415469764465,2.99085627845944,-1.01573424720537,-2.65248458857972,-1.13853004895976,0.494824141322545,-1.84958551196319,"Male",1
-0.595306966643178,-0.678832642141011,-0.419504492228197,-0.485896546356282,-0.718937852561943,0.254125855246664,-0.736830793857191,0.675841102460228,-0.0115379399407242,-0.382536775038669,-0.835428744094505,1.12812985687878,1.30011404894753,1.63288246939771,-0.350003531611403,1.68154861553382,1.75177432111323,-1.21287514955626,0.629409178964426,-2.13424328618488,-2.68892086613476,2.23033137858083,-1.25414639137999,1.21100040559247,0.860547239713484,1.7919201354969,-0.462097628774446,1.6124775076945,-0.697215599278047,-2.26446492352805,-1.13853004895976,0.83899866380796,-0.210386907089967,"Female",0
-1.5682134770292,-0.010535007180063,0.0779599932719975,-0.783457401994628,1.29274726654899,-0.680220580804325,-0.736830793857191,-1.53842590442978,0.277320898855296,-1.61139603037592,0.0760029925488006,-0.76213734373751,-0.495346035019633,-0.695188451283163,-0.350003531611403,-0.260998977832076,-0.0564348928697326,1.5831864517332,2.56837900416158,-0.731012788769633,-1.39439932107198,-0.983916084519871,-0.306753454080448,1.72421165370838,-0.577476313850285,-0.0543277469032874,1.5886585094417,1.69848060460875,0.241464576664595,-0.474905865737899,0.686234415322864,1.22321655857018,-1.51162308874281,"Male",1
0.247623327193351,-0.010535007180063,0.384269144066099,-0.703914253123552,0.981637885584436,-0.309709455213122,0.0516291473204437,-0.551235056877817,0.277320898855296,-0.486668926552217,0.0760029925488006,-0.432217183090323,-0.495346035019633,-0.695188451283163,-0.350003531611403,-0.729109981122807,-0.688163681552377,0.727748365567279,0.12033697267077,-1.20856171618299,-0.842872356163052,0.263213493115411,1.20870095708688,0.0918617695167662,-0.577476313850285,-0.0543277469032874,0.224260122093248,-0.955042127538011,1.09575564092612,0.544669026916523,0.370660960522086,0.945921811898115,-1.24661384912046,"Male",1
0.150895355761598,0.323613810300411,0.529362952336989,0.13657542012154,1.12917948500962,-0.680220580804325,-1.52529073503483,-0.693274180216313,0.277320898855296,-1.24499596824317,0.0760029925488006,0.605993112652591,-0.495346035019633,-0.695188451283163,-0.350003531611403,-0.729109981122807,0.489149060992551,-1.0954664430064,-0.645278746629148,0.605436233874748,1.00485218127048,0.660327910339598,1.62263508448707,-0.772523955991894,-0.577476313850285,-0.0543277469032874,1.82075071520806,1.35139735062165,-0.856461286373434,-1.78888916787023,-0.582289990643808,0.671844538169319,-0.300327861593111,"Male",1
-0.790206122792313,-0.678832642141011,-1.15324754851638,-0.0239797072938872,-1.11044698142576,0.284578627977215,0.0516291473204437,-0.218986037366402,-1.39690493080645,-0.115095639641022,-0.116494156656362,0.0204332773176385,-0.495346035019633,-0.695188451283163,-0.350003531611403,0.268902677893045,-0.0147407928166691,-0.303077297760008,-0.155690029132712,-0.501987629941732,-0.231293150290387,0.648823814129831,-0.217488181781055,-1.25398237883827,-1.65599397902311,-0.0543277469032874,-0.83637912410225,-0.793717552244969,-0.629373363201326,-0.107006324724054,0.549965084270776,-0.871050900266935,1.35371049943002,"Male",0
1.21232040652907,-0.344683824660537,1.34559355945451,0.80070226730878,1.21900774826604,-0.201368032328193,-1.52529073503483,-0.0123745145280421,-0.474126960059305,0.524123448347168,-0.540569252136862,0.642836841280696,0.839161100999024,1.90038074394632,-0.350003531611403,-0.729109981122807,-0.688163681552377,0.759760943718061,0.127338491699937,-1.1695626325805,-0.697646509545053,0.0551752730932948,0.0945527017520047,0.990564364050758,0.860547239713484,-0.0543277469032874,-0.031953088773607,-0.342829344682384,-0.934764931768529,0.412010370886935,-0.836373920082989,1.17877679354336,-0.491304182124738,"Male",0
-0.130680715920364,0.323613810300411,0.581970064107721,0.435956275418686,1.34741107660584,0.240566179077217,0.445859117909261,-0.89148407538666,-0.338203303226226,-0.67515239691903,-0.246830768097357,0.100992017720364,1.69089065545802,0.722195903366655,-0.350003531611403,0.738555693900487,1.78765576232889,-1.31850796481863,-0.182897190742749,0.613918340674814,-0.255701985199697,0.600438938894631,-0.631585815013848,1.25671257057338,0.1415354629316,-0.0543277469032874,0.536299000479692,0.556638637179272,-0.798235744597397,-0.769069496397879,-1.24247175729337,2.39924172648444,1.43152335800637,"Male",0
-0.889492463225308,-0.010535007180063,0.506332189119388,-1.08586822220811,-0.694236205478449,0.498493384675384,0.840089088498078,-0.407438493128566,-0.259978789739614,0.242570993554825,-0.670693449218025,0.744738049821817,0.458852263776755,-0.0765611334642558,-0.350003531611403,-0.0885370292512923,-0.0398104510622981,-0.348027807011323,-0.806551657011546,-0.869949480385588,-0.0832107962706384,0.866338362363035,0.982846881501496,-0.038954441979319,0.1415354629316,-0.0543277469032874,0.730982945019555,0.0999682556722929,1.44768650295766,-0.727339357715434,0.0907844394766654,0.28483835752003,0.262093611010525,"Male",0
0.00980108561245359,-0.010535007180063,0.0698992261458362,-0.574068552061405,0.493280328940173,0.891398039835288,-0.736830793857191,0.0655865223675919,0.653382405967097,-0.035050706337508,0.979963964274143,-0.76213734373751,-0.495346035019633,-0.695188451283163,0.818247280821365,-0.101429063502787,-0.264627273542506,-0.865610373255727,-0.551918523735521,1.27760318784216,1.38153212994347,0.121154797413886,1.02220033028693,0.32832437462141,-0.577476313850285,-1.53132605282344,0.731777688414681,0.904302318211974,0.114672052775515,-0.521395467035131,-1.15600554496244,-0.00682684104088397,0.366228270353917,"Female",1
0.862519619983549,1.66020908022231,0.31075674414674,-0.941117253461602,1.5163452366033,0.210122995567199,1.2343190590869,0.849564799621442,0.0955768878195038,-0.762142054971145,-0.911751553298928,0.427179709537791,-0.495346035019633,1.74610172389892,1.53198105984566,-0.729109981122807,-0.688163681552377,-0.120506887007843,0.0839442319163253,-0.183648919501101,-0.301082139261074,0.34714142081938,0.607900427770608,0.166984576818673,1.93906490488631,-1.90057562930347,0.827305617154965,0.6690606670209,0.0747257744525044,-0.703869767901681,0.973922506538593,0.354181805817766,0.313232724116188,"Male",0
0.0419458368227235,-0.344683824660537,0.361094438578387,0.745613236618303,-1.2010673205144,-0.300589731561987,0.445859117909261,0.280638079042824,1.16710928621804,0.904268107754918,0.69097791282896,0.984672078260583,0.610785623852972,0.7390695266363,-0.350003531611403,0.0134589615973017,2.31818850030345,-1.37763006420985,-1.41284500412871,-0.151389843107239,0.203416576189656,1.14822484780742,0.0483774579463997,-0.141998048976511,-0.217970425459342,1.05342098253682,-0.00503542475866643,-0.0838262601002963,-0.542434004753158,-0.994666072171333,-0.570224890848639,0.153381022347969,-0.281176671125929,"Female",0
-1.03921227079947,0.657762627780885,-1.64430655270238,-1.11404880513554,-1.03746774293905,1.43998189798308,0.840089088498078,0.491855296738392,0.277320898855296,-0.551164696194878,0.0760029925488006,-0.76213734373751,-0.495346035019633,-0.695188451283163,-0.350003531611403,-0.729109981122807,1.12699235277567,1.66484580526764,2.0770649743467,0.950664839483863,1.02362360728408,-2.291046421859,-0.644094573337174,-1.31930962149115,-0.577476313850285,1.05342098253682,-1.45850171596999,-0.402246072238347,1.798019855447,1.86275554736497,-0.292637954697548,-1.75736024451311,-0.873830913377472,"Male",1
-0.284487898922932,-0.010535007180063,-0.768166004434034,-1.263540265004,-0.741215795609338,1.73177744114953,1.2343190590869,0.232780364808858,-1.32022283173797,0.0685497032385162,-0.151097810858718,2.97150111549506,0.923204489336084,0.224488420054499,-0.350003531611403,-0.729109981122807,1.23957359536282,0.159443741166415,0.0687881833315986,0.363922811246945,-0.573389492988771,-0.770219625974253,-1.4627241286227,-1.07879521734455,0.1415354629316,0.684171406056786,-0.0168752290674243,0.161359347522379,1.67279079981153,-0.262768784356689,-0.533150253606265,-0.735034620748177,-2.10596066033046,"Female",0
0.0991814858381569,-0.678832642141011,1.28049289732383,-0.465364925056023,0.429016834116486,-0.301867949909604,-1.52529073503483,-0.503102330960597,-0.584571420146888,0.17802231427464,-0.372959883914048,-0.76213734373751,-0.495346035019633,0.173119081295114,-0.350003531611403,-0.729109981122807,-0.688163681552377,-1.04506631594181,-1.87770082114497,1.60831163607342,2.01915744846503,0.159744264455116,1.06841425431555,0.614518425787477,-0.217970425459342,-0.0543277469032874,1.445372602535,-0.169163880197276,0.0197099587511993,-0.188707554801633,-0.868710440589946,0.775298732361444,0.552257412526063,"Female",0
0.40708956174441,-1.34713027710196,0.0582862565573,1.42572861440884,-1.58992483804425,-0.680220580804325,0.0516291473204437,-0.358523687207124,1.51785574596684,0.710635118241785,0.482661531866002,-0.76213734373751,-0.495346035019633,-0.695188451283163,-0.350003531611403,-0.729109981122807,-0.688163681552377,-1.42844463096293,-1.65184030693423,-1.03185674678509,-0.468899485133688,2.33486606402693,0.0927443561509663,-1.45244449341989,-1.29648809063217,1.42267055901686,-0.213124488868429,-1.38269438684465,-1.20421800726383,-1.11994521831608,-1.26051099691029,-0.350314009680463,-0.217401252667106,"Female",0
0.678556067674068,1.66020908022231,0.0224896905839162,1.97137688489226,2.42032105325724,-0.680220580804325,0.840089088498078,-0.242160978771751,1.39149070563995,-1.55195367472008,0.0807180120841338,-0.76213734373751,-0.495346035019633,0.801428569154551,3.49579106832263,0.304029417444327,-0.688163681552377,0.359721117351808,1.36861069305058,-0.192197908690366,-0.741604568332182,-0.0970846351482074,1.19175048323935,1.8770919524572,0.860547239713484,-1.53132605282344,0.437041133223806,0.79193987117981,-0.454747002049811,0.210270755343977,0.810697741298893,0.992304915447875,0.165497948781651,"Male",0
-1.00918494533712,0.657762627780885,0.00658051058240998,-0.262799013556212,-0.470212748353085,-0.311619306375963,0.0516291473204437,-0.824508390134287,0.277320898855296,-0.176137378322688,0.0760029925488006,0.167281446114205,-0.495346035019633,-0.695188451283163,-0.350003531611403,-0.729109981122807,-0.288268854512173,-0.562569145302799,-0.246586914601718,0.248019191990777,-0.603861257480908,0.480798427921134,-0.824067104930806,1.54140923703407,-0.577476313850285,-0.0543277469032874,1.04985082944558,0.452810301693927,0.437406621951752,-0.82204159691617,-0.988647595986702,0.160935964113178,-0.313303604625747,"Male",1
-0.552708425694843,-1.01298145962149,-0.0162761914812614,0.530176932077334,-1.16918715967353,-0.545805830354885,-0.342600823268373,0.0777931635329626,-0.22096059806784,0.880871587461372,-1.01180641832412,-0.76213734373751,-0.495346035019633,0.107996016351736,-0.350003531611403,-0.729109981122807,-0.688163681552377,1.59856493912471,0.323060551478947,-0.437297428746572,-0.0929764191376469,-1.10593432773339,-0.783897588156945,-1.09312127027044,0.1415354629316,1.05342098253682,0.215553284851571,-0.976634326908014,0.100127304029518,0.791394573871361,0.0210444124823574,-0.981381687073755,0.344361686975788,"Male",0
0.225663219084743,-0.010535007180063,-1.18374366118258,-0.52059933151604,0.746243321231945,-0.680220580804325,0.0516291473204437,0.710271579024706,0.785771405919721,-1.15647868687014,0.257950862955714,-0.0966861353572987,-0.495346035019633,-0.695188451283163,-0.350003531611403,-0.729109981122807,-0.688163681552377,0.399722923729993,1.10221014738966,-1.52316866309393,-2.26652505153787,0.777520999279238,0.337361848954509,1.29426184895056,-0.577476313850285,-0.0543277469032874,-0.866710071673659,-1.13373121671216,-0.378793403310635,0.721754143350476,0.952571915906327,-0.468988138409806,-1.92296779110865,"Female",1
1.31345910992368,-0.010535007180063,0.384147929522848,-0.343243677594232,0.0146502121163191,0.967444102124301,0.0516291473204437,-0.129436874687076,-0.0165060280772664,0.899468909656991,-1.7827056237921,-0.76213734373751,-0.495346035019633,-0.695188451283163,-0.350003531611403,-0.729109981122807,-0.688163681552377,-1.4022049212479,-1.03635344673061,1.54076044317921,1.271499442234,0.563942239392896,-0.267588276693913,1.00097153946395,-0.577476313850285,0.684171406056786,-0.532202469185774,0.340186679879999,-0.504353695594908,-0.175444368100728,-0.84912859559433,0.228669664534731,-0.191062244174633,"Male",1
-0.48145554046123,-0.010535007180063,-1.03144040083217,-1.32217493171801,-0.784715914496914,0.0552969336550137,0.840089088498078,-0.0970185113962042,0.158091029202701,0.209132084950996,-3.22704312509377,-0.76213734373751,-0.495346035019633,-0.695188451283163,-0.350003531611403,-0.231596192979315,-0.688163681552377,1.91728140712805,1.65498176815098,0.298287560915269,0.160075626391046,-1.95739878752208,-0.807050913841305,-0.721307042922725,-0.577476313850285,-0.0543277469032874,-0.790078587621,-0.343811587046833,1.89550001412164,1.54642745158428,0.581569954397827,-1.39657824714668,-0.0576300478544692,"Female",1
0.203238628528587,-0.678832642141011,1.44465005827522,-0.538874419085527,1.19798093570732,0.480634082168116,-0.736830793857191,-0.558567897221464,0.277320898855296,-0.220977352125282,0.0760029925488006,-0.76213734373751,-0.495346035019633,2.01217492276707,-0.350003531611403,-0.729109981122807,-0.688163681552377,1.87485933619243,-0.0867630744683787,-0.517251609999018,0.691854471111055,-1.32897591739437,2.3245354140889,-0.692474689005988,0.1415354629316,-0.0543277469032874,0.872130002325581,-1.00746299679504,-0.016723615689704,1.52854513998994,-0.441496060671067,1.55610474172086,1.13047885731051,"Male",0
0.133746014456921,-0.010535007180063,1.81508861791466,-0.154848212459655,1.80109949435973,0.533504690580723,-0.736830793857191,-1.09369750537171,-0.795900786825307,-0.883272487377247,-0.0663646907175175,-0.76213734373751,-0.495346035019633,-0.695188451283163,-0.350003531611403,-0.729109981122807,-0.688163681552377,-0.881472460879675,-0.872255435315487,-0.910033514403526,-0.678162589399246,1.70336596669186,1.22654459051791,0.714847599530409,-0.577476313850285,-0.0543277469032874,1.13237510916912,0.418692351611366,0.0373695694456766,-1.38713121027632,-0.34081337347381,2.76205072572013,-1.77429086887475,"Female",1
-1.68286652703077,0.657762627780885,0.669082915857105,2.38245139474117,-0.604447639209458,-0.680220580804325,0.840089088498078,-1.33028463833878,0.947654751218258,0.337058717709276,0.705611161356216,-0.76213734373751,2.00461071866559,-0.695188451283163,-0.350003531611403,-0.729109981122807,-0.688163681552377,-0.864130860149995,-0.203284903301601,0.77165509807333,0.952152244505268,0.434888894928456,0.0263472577350196,0.867749193661805,-0.577476313850285,-0.0543277469032874,1.50888442574041,2.42332096895889,-1.27725988213631,-1.91276463888928,-1.16598896364992,0.409586080370346,-0.167231381835095,"Male",1
-0.775272977912871,-2.01542791206291,-0.45865678969812,-0.765812740402628,-0.269559216035778,0.36752516628875,-0.736830793857191,-0.469674614181219,-1.37705245061283,-0.324684352611095,-0.0908515766411421,-0.76213734373751,-0.495346035019633,-0.695188451283163,-0.350003531611403,-0.729109981122807,1.97358686681009,-0.312926337558511,-0.00135574937768329,-1.26062726213954,-0.975907331436769,1.11048819680876,0.899339399847742,0.0100171620030326,-1.65599397902311,-0.0543277469032874,-0.309516505526257,-0.00421115725664917,-0.0953160498057504,-0.501669332918032,-1.27734863228139,0.149135596856419,1.12054785582357,"Female",0
1.57952946251603,0.991911445261359,1.58285586409071,0.734107864315435,1.63441613641495,-0.680220580804325,-1.91952070562364,0.309712332521167,-1.08472419523984,0.384530320775308,-0.241550275005374,-0.76213734373751,-0.495346035019633,2.59805082375745,-0.350003531611403,0.407578696571773,0.845829231285211,0.0488407848808212,-0.59641929997571,1.02007407426061,1.18464167841217,-0.763926369844615,-0.0339073914294834,0.301130479389245,1.93906490488631,-0.0543277469032874,1.21151570544159,0.215033043334145,-0.101032190661013,-0.0231097847592159,-0.702126160639884,0.999087537478296,0.110914531469613,"Male",0
-0.462067711113054,-1.01298145962149,0.473786084256618,-0.638331843758427,-1.98858105079317,-0.468133638918704,0.0516291473204437,-0.718826214307922,-0.41680257944559,1.37582962458135,-0.862221337415181,-0.76213734373751,-0.495346035019633,-0.695188451283163,-0.350003531611403,-0.315340221995186,0.707820747833409,0.17127298743992,-0.946785094287121,-2.24443911885023,-1.23185298658932,1.38815754616486,0.492637044123041,-0.919277452000615,-1.65599397902311,1.7919201354969,-0.240817044561278,-1.36491537428562,0.230893818830831,-0.280267847925937,0.470778390450752,-0.365151171316016,0.129365417761399,"Male",0
-1.48550212992195,-0.010535007180063,-1.85910435304535,-0.589830009060944,-0.231791608127927,-0.059387810772655,1.2343190590869,0.397155118864558,0.277320898855296,-1.45436448919534,0.0760029925488006,-0.0955524876428473,-0.495346035019633,-0.695188451283163,0.44110327919273,-0.304062000281311,-0.257953147862623,0.341825518050101,1.2549743444491,1.73180799718831,0.534986252961257,-1.44186438938906,-1.22817539705193,-0.572903204799795,-0.577476313850285,-0.423577323383324,-0.786267532234236,-0.48818109984784,-0.337444627341472,1.16741697218748,2.63421203006042,-1.46220527674407,0.488171562024577,"Female",1
0.626669487694224,-0.010535007180063,2.21152989775061,0.950750661250777,-1.23189655368599,-0.680220580804325,0.0516291473204437,0.12387157429725,-0.726411612932316,2.36150997233622,-0.789491963498142,-0.292970304735638,-0.495346035019633,1.61613375773814,-0.350003531611403,0.467547883404577,-0.28443293290988,-1.21230539779039,-1.96794865911789,-0.0230939822451725,1.55388825753708,1.27608672904946,1.06086233867264,-0.997324686830763,0.501041351322542,0.684171406056786,0.13258455482056,1.6355224911218,-1.07654810753732,-1.71168397878116,-1.07098647375658,0.636359129532057,1.06648796869708,"Male",0
0.343765195783067,0.323613810300411,-0.762840023887519,-1.23846155408529,-1.73568033095699,-0.680220580804325,0.445859117909261,2.5564507896473,-0.367604305174647,1.65683657556007,-1.02993192464573,-0.76213734373751,0.649985975400086,1.90371352411482,-0.350003531611403,0.0397749641898548,-0.169347896702071,0.954445643649439,-0.0682193686130305,1.39326581462655,1.6983211545739,-1.85302463447234,-0.886257729612946,-0.740747039124161,1.22005312810443,1.7919201354969,-1.26767423711022,-1.92503948367403,0.396033089944858,2.44074329434304,0.831629594759546,-1.93279601246886,-1.24489870626898,"Male",0
-0.277813354497473,1.66020908022231,-1.28797363610648,-0.24337212788396,-0.658865660081572,0.0152022126007617,0.0516291473204437,0.789299160819623,0.418510461147566,-0.504605762063382,1.74993438795658,-0.76213734373751,-0.495346035019633,1.58065891863864,-0.350003531611403,-0.729109981122807,0.106904664062385,0.775988349664949,1.28697085640846,1.00200226608558,0.432039272309892,-1.33421344550972,-1.7547896099141,-0.631302385184908,-0.217970425459342,-0.0543277469032874,-1.30822931224167,-0.538238751269313,1.11846127960196,1.1799105919844,-0.258066063752989,-1.41230114443916,0.766986625894677,"Female",0
1.34914325300885,0.323613810300411,1.99879579007647,-0.627726273738641,1.61973267850169,0.814733716877258,0.0516291473204437,-0.373099966245213,-0.0115379399407242,0.576404395545043,-1.5679045868136,-0.76213734373751,-0.495346035019633,5.51300067053254,-0.350003531611403,-0.729109981122807,-0.14595523651559,0.740613738353522,-0.311392748054314,-0.493549777611929,0.317964593707457,-0.259814535295116,0.778516764696351,-0.343213203758563,0.1415354629316,-0.0543277469032874,0.423720558971981,-0.302110310839783,0.00161472080754455,0.306066975171282,-0.7414318980559,1.82057883954876,-0.210386907089967,"Female",0
-1.19877486072846,-0.010535007180063,-1.10068082751996,0.155702360113226,0.0821905796636395,0.153337559135608,0.0516291473204437,-0.995771592775004,0.277320898855296,-1.23052155814888,0.0760029925488006,-0.76213734373751,-0.495346035019633,-0.695188451283163,-0.350003531611403,-0.729109981122807,-0.688163681552377,0.461015633774153,1.24074739613225,-0.199428790110663,-0.488551506286538,-0.125710725627403,0.836618929139719,-0.0196706819675933,-0.577476313850285,0.684171406056786,-0.226992084781127,0.337709293887404,-0.729047137418071,0.231703761725572,0.960583800829185,-0.346148389633389,-0.64319800825721,"Female",1
-0.0258933809863653,-0.678832642141011,1.19185725051831,-0.707939614929357,0.242955753428416,0.25620218066011,-0.736830793857191,-0.709190827073939,-0.296240536451912,0.349687518798325,-0.664692039339945,0.176196734266252,-0.495346035019633,-0.695188451283163,-0.350003531611403,1.66420574793199,-0.688163681552377,-0.543986576425964,-1.0922921892758,-0.255792547695397,0.0612616623636126,0.68432926214415,0.362310141703408,1.31722363788624,-0.577476313850285,-0.0543277469032874,0.688023751680873,-0.11907486775633,-0.106502744943917,-0.29696678273441,0.534351522933109,1.13614789439033,0.215150057923206,"Male",1
0.311676809635816,1.66020908022231,-0.0539434687924478,0.06661585168776,-0.750877781543221,-0.197054045404985,0.840089088498078,1.49594527413277,0.0825528870286628,0.966262647612636,-2.8037106694893,-0.124864851021594,0.109963797848777,1.26698858691286,-0.350003531611403,-0.322753035269449,-0.1397737070119,0.130094718010205,-0.593709938694711,-0.804472267777742,-0.131272582486125,0.455914735016203,0.58586959887679,-1.02413089254591,0.860547239713484,-0.0543277469032874,-0.461414244264782,-0.943864220698023,0.130090732928907,0.250640904986184,-0.33032355114654,-0.550934913417815,-0.099092623932675,"Male",0
-1.62240447727107,0.657762627780885,-1.32098614147317,-1.30906031126297,-0.336464940253983,1.56221086571805,0.840089088498078,-0.792711570305879,0.277320898855296,-1.06858686151372,0.0760029925488006,-0.76213734373751,-0.495346035019633,-0.695188451283163,-0.350003531611403,-0.729109981122807,-0.688163681552377,0.981606482589994,2.25874154853922,0.470452168669414,-0.338377071182832,-1.10239650889899,-1.56434188542142,0.697107196048981,-1.65599397902311,-0.0543277469032874,-0.455329917662631,0.759108185351523,1.05998287398429,0.379072965281606,0.17433008432186,-0.928457684457801,-2.2235040877292,"Male",0
-0.0110693097460361,-0.678832642141011,0.626372532359652,1.95935038517036,0.284742259911659,-0.680220580804325,-1.13106076444601,-0.596123973957721,0.277320898855296,0.311629236413908,0.0760029925488006,-0.76213734373751,0.644716042836791,-0.695188451283163,-0.350003531611403,-0.729109981122807,-0.688163681552377,-0.0106097906275366,-0.680787369705844,1.64826703309746,1.71871818829244,-0.955891741216711,0.592660942851238,0.569768103574943,-0.577476313850285,-0.0543277469032874,1.20342361993315,-0.070466869604893,-1.00788145356039,0.519478032378581,-0.386775635422234,0.395779287844434,-1.74886670367605,"Female",1
-0.723518309316175,0.991911445261359,-0.744845340660274,-0.534755777950889,0.20610550217146,-0.471740559699071,0.840089088498078,-0.490183581387952,0.480183594803646,-0.970322628534964,0.734503657121461,-0.76213734373751,0.135120864694028,-0.695188451283163,2.01325192865339,-0.729109981122807,-0.688163681552377,0.701721294020265,0.636590873063806,1.62933228119048,0.746426643964871,-1.63531985494626,-0.577387724618229,-0.169204555383387,-1.29648809063217,-0.792826899863361,1.0881731730831,-0.22650489052479,0.303676815502609,0.68401109436272,1.86505277330244,-0.773272148200508,1.16812055649489,"Male",0
-1.05952709833563,0.991911445261359,-0.426254888343701,-1.35707394378502,0.530679880411673,-0.680220580804325,0.445859117909261,-0.854376835624026,0.975846361831658,-1.28785154804203,0.166944838571065,-0.76213734373751,-0.495346035019633,-0.695188451283163,-0.350003531611403,-0.729109981122807,-0.688163681552377,0.334582627305589,0.726127134078501,-0.338297237665188,-1.10773000750122,0.0953370170468046,1.0665747982273,2.61269772617541,-0.577476313850285,-0.0543277469032874,1.02414233108933,0.0255615529631059,0.311652072892638,0.356986694822477,-0.568780528097698,0.0651237281163168,0.647899513868805,"Male",1
-1.5515550587914,-0.678832642141011,0.755064431869484,0.37381466855177,0.03965693406667,-0.680220580804325,-0.736830793857191,-1.65436550307883,1.33161928025438,-0.416141625551234,0.318686180130858,0.223467972452841,-0.495346035019633,-0.695188451283163,-0.350003531611403,-0.729109981122807,1.00811563516225,0.173943702858689,-0.916278621786136,1.16692179232741,1.4974917866867,-1.01283711523214,2.49491785638027,0.668787345403252,-0.577476313850285,0.684171406056786,1.90540796117225,0.477024171988474,-0.827537306634911,0.476666288566505,-1.16229257128779,1.25233788640532,-1.17172142724118,"Female",1
-1.05671758755439,-0.678832642141011,1.95098915458712,1.8762925467069,0.149739810910171,-0.680220580804325,-0.736830793857191,-1.06473754125841,1.87608506010601,0.0383385815176915,0.298761076053682,-0.76213734373751,-0.495346035019633,-0.695188451283163,-0.350003531611403,1.93937306437412,-0.688163681552377,-0.724573511799365,-1.28615410291999,-1.64980628002488,-0.377746159746232,1.87164157007395,2.58124064972334,0.969972626602203,-0.577476313850285,-0.0543277469032874,1.53492001373861,0.740044494127513,-1.05295912386379,-1.45105085374665,-1.23579060546516,1.66992141923972,1.57751379748325,"Male",1
1.88412990430824,-1.34713027710196,0.916279774392694,0.250703382405046,1.49625269756454,-0.680220580804325,-3.10221061739009,-0.238903346619804,0.277320898855296,-0.481138190453316,0.0760029925488006,3.76139225773732,-0.495346035019633,0.697616983921866,-0.350003531611403,0.713104844044596,1.25814524542942,-3.09205150126763,-2.66543687613661,1.65859030361692,1.17426068419817,1.51415794116859,-0.324128433353067,0.272183514394879,-0.217970425459342,-0.0543277469032874,0.0278377120600547,-0.55899198013401,-0.92126084381732,-0.983721146405298,-1.25926241577862,1.9625785555724,1.0151007052038,"Male",0
-0.179785036980457,-0.010535007180063,0.219679526931935,0.992315154865386,-0.0356019098239036,-0.680220580804325,-1.52529073503483,-0.427113532046425,0.677547000801586,0.151633786009724,1.02830283280108,-0.238328360434212,-0.495346035019633,-0.0500603648294407,-0.350003531611403,1.60893841683935,-0.237412082666374,0.621979522269128,0.280859067448447,0.436929587404918,0.576387681420804,-0.961025836600609,-1.18067663875073,-0.748931615838149,0.501041351322542,-0.0543277469032874,0.806807435346781,0.224445699493906,-1.04187164214956,-0.17464538095007,0.403229883792495,-0.394328529725734,-0.127064983870604,"Male",0
1.13057605337778,2.32850671518326,1.09220011468581,-0.563221178590566,1.53435440784756,0.0683305294572145,2.02277900026453,-0.336566443446604,0.277320898855296,-0.37739100306712,0.0760029925488006,-0.76213734373751,0.0318316066558141,0.671934046818799,0.967385682408547,-0.729109981122807,-0.688163681552377,-0.552351017244042,-0.572114984212167,-0.444179365043929,-0.107690965004959,1.03384388515035,1.75891910855183,1.06880639452418,0.501041351322542,-0.792826899863361,0.434235310136721,0.210378785267062,1.10721908179996,-0.328837758365,0.819097322404236,1.2651761533842,-1.08083379156746,"Male",0
-1.83476200944122,-0.010535007180063,-1.10533329621405,-1.26424222932381,-0.503485107840215,0.923869498939412,1.62854902967571,-1.11838171630686,-0.122637493323809,-0.929283035646828,-0.280634737962118,-0.434975712861628,0.12615937866128,-0.695188451283163,-0.350003531611403,0.105348763873707,0.156430242447247,0.145632195570189,0.823901885030798,0.0338159930008052,-0.34509220000134,-0.15996416722644,0.198185419840233,-0.104103417704558,-0.577476313850285,0.684171406056786,-0.107053091985391,0.367712202597138,1.70200817617773,0.0223627856827263,1.32600297629875,-0.321064140670276,-0.236013880185395,"Female",1
-0.0262827669201975,0.657762627780885,-0.0888850913710717,0.428201099663595,-0.0221937110036006,-0.680220580804325,0.0516291473204437,-0.276840995006278,-0.464800479540862,-0.323698702512878,-0.296250436288395,0.625399218416992,-0.495346035019633,0.159263110030558,-0.350003531611403,-0.729109981122807,-0.688163681552377,-0.116354539601726,-0.261350092361828,0.553701398072935,0.171885406473984,-0.173719064868553,-1.06451987763801,-0.756567887096606,0.1415354629316,-0.0543277469032874,0.731971400900539,-0.049077632694702,-0.861267894808571,-0.574952514623447,0.246396498263025,-0.0508457788468296,-1.86126525328565,"Female",0
1.65297383613721,-1.34713027710196,-1.13294635723568,-0.49465321953467,1.23754189667872,-0.595091238853013,-0.736830793857191,0.426416553008114,0.277320898855296,-1.03235999138177,0.0760029925488006,-0.76213734373751,-0.495346035019633,-0.695188451283163,-0.350003531611403,-0.729109981122807,-0.688163681552377,1.14998746859521,1.9598716056066,-1.17833816631802,-1.91999592764774,-0.153257799221827,-0.835828514541087,0.770253262642176,-0.577476313850285,-0.0543277469032874,-1.63321468295923,-1.2701201967032,-0.287466629531609,1.39825111577698,-0.529568947277941,-0.785873917036389,-0.603190259409818,"Male",1
3.00021437130516,2.66265553266373,2.31366632593302,0.0325538234977379,2.26834985077936,-0.169444529096451,1.2343190590869,0.793528384409109,0.827329384289505,1.16750844870473,1.17649375895955,-0.76213734373751,0.48142200014779,1.83785060564689,3.31133442850976,-0.729109981122807,-0.688163681552377,0.166021453320713,-0.873895871304679,-0.67234132665015,-0.175675647356435,0.447781796398293,0.952545440850872,0.427766609027265,3.73659434684102,-1.90057562930347,-0.16876493059823,-0.973028871428455,0.394327293112668,0.592448578465784,0.979474982120978,2.02465085112501,-0.363143766325465,"Male",0
-1.62240661246454,2.32850671518326,-0.864416963477319,-0.142893677652844,-0.715563999576951,-0.481585449584597,1.62854902967571,1.65460304599329,0.277320898855296,-0.227573192881054,0.0760029925488006,-0.365296258009751,-0.495346035019633,-0.206435225541845,0.591943117358232,-0.223018369045808,0.336313329708831,0.817131901305746,1.07500197806965,1.27574633718212,0.800611387599641,-1.65029198152894,-1.06242461296711,-0.809792542874086,3.01758257005914,-0.792826899863361,0.39241856045121,0.718963361144955,-0.647819122978338,0.216974547603697,1.28862984842426,-1.00167043010187,-0.231217387894808,"Female",0
-1.60783353821809,-0.678832642141011,-0.77784755381732,1.03242308258444,-1.34580620612218,-0.680220580804325,0.0516291473204437,-0.945434419794332,-0.946528391833111,0.101022854300716,-0.226295982487956,-0.190082796182584,-0.495346035019633,-0.695188451283163,-0.350003531611403,0.729972853695672,-0.195895488032128,-0.606404381723672,-0.877730750174147,1.41545263179908,1.52071877764434,-0.342075794488106,0.418480274500642,-0.79993386966435,-0.577476313850285,1.42267055901686,0.336611014193593,-0.332146860624481,-1.10280872941591,0.195775274712214,-1.01188584545379,-0.715113751763174,-0.0958192626633439,"Female",1
-0.126113703147385,0.323613810300411,0.457260342452592,1.27352878057871,-0.350186018744407,-0.496865075063038,0.445859117909261,-0.281192300950666,0.277320898855296,0.398372094841728,0.0760029925488006,0.727527544057815,0.447954059856504,-0.0836266738961897,-0.350003531611403,1.17066030888198,-0.688163681552377,0.308723582932117,-0.588678595199115,0.373792911111555,0.830305314191567,-0.653883689664566,-0.296350115083571,-0.672596037212399,0.501041351322542,0.314921829576749,0.853140035772913,-0.426491235599112,-1.04191560132816,0.118000030916409,0.781601315005325,-0.254722720711735,0.508136097462189,"Male",0
-1.35018833253305,-1.68127909458243,-1.00060701257126,-0.228602778311633,-0.5860088598303,0.12892960011904,-1.13106076444601,-0.680554444651547,-1.00266826755276,-0.263371472236478,-0.150223853586164,1.63104498364825,-0.495346035019633,-0.695188451283163,-0.350003531611403,-0.729109981122807,-0.173314378237627,0.420441123697343,0.948763961530419,-0.458069511699145,-0.848008116714538,-0.161141956626989,0.581275279897132,1.54608315623237,-0.577476313850285,0.684171406056786,-1.11651666655911,0.270779763301741,-0.466998748268149,0.922810069334682,0.0726601930558645,-0.237698734765159,-0.290086137995445,"Male",1
-1.46972787915275,-0.344683824660537,1.27740214164469,-1.22253788020898,-0.50861739451962,1.87365967773505,0.0516291473204437,-1.39838299520863,1.46370541533896,1.06084769454219,0.566354538422199,-0.76213734373751,-0.495346035019633,-0.695188451283163,-0.350003531611403,1.25107386613086,-0.688163681552377,-1.52400031027549,-1.147194460004,1.6535822884542,2.50869542873535,0.479092743860323,1.30064315231486,0.868703360675869,-0.577476313850285,-0.0543277469032874,1.54597893968832,3.0918121889109,0.541228628751859,-1.99304230068402,-0.823786866619094,1.00031522679668,1.37138573209051,"Female",1
-1.02424246940065,1.66020908022231,-1.36849395408195,0.208648639316334,-0.413677464918519,-0.455893260797489,1.2343190590869,2.5392384957547,0.687992462253483,-0.820066333298256,0.482015957992772,-0.76213734373751,-0.495346035019633,-0.0332232307049545,-0.350003531611403,-0.0436617263042393,-0.456905821409632,0.697824963336192,1.94772726385453,-0.512384269419528,-1.20255019651678,-0.218913728549784,-0.863034852156087,0.975092982744542,2.65807668166819,-0.0543277469032874,-1.27766259558696,0.460568902587337,-0.707964552977396,0.464499184885669,1.82361000930067,-0.622925431873734,0.656070032180234,"Male",0
-0.0109428578452684,-0.344683824660537,-0.162002843483705,0.194163840032683,-0.546815517715095,-0.680220580804325,0.840089088498078,-0.292584830891165,-0.932379845119949,-0.00564074712381087,-0.210376908981542,-0.196696143553159,-0.495346035019633,-0.695188451283163,-0.350003531611403,0.713104844044596,-0.688163681552377,-0.344013586694341,-0.695462898896502,-0.374663852444896,-0.144945133154573,0.658332980361025,-0.464444553842552,-0.967593815607679,-0.577476313850285,0.684171406056786,0.195191863137188,-0.823322579358064,-0.8013416698951,-0.415381001172642,-0.437271612257195,-0.26625031496692,-0.127064983870604,"Male",1
-1.44990961120244,0.657762627780885,-0.879881507305565,-0.0791097105973301,-1.10460261291331,0.86498428150521,2.02277900026453,1.52795695815755,0.882521097547364,0.114979785892257,0.692407058330635,-0.76213734373751,-0.495346035019633,0.280339242200525,0.590036342765182,0.786091424265625,1.35664266076252,1.06760242708095,1.11528385837871,-0.363309648027407,-0.140575294230696,-0.922999015373156,-1.45972327083679,-1.78888355496666,0.860547239713484,-0.792826899863361,-0.262491250436102,-0.213863971025683,-0.478716626543012,0.0630858750829984,0.0447036187924978,-0.86951927967817,1.92950367186154,"Female",0
-0.483718230300795,-0.010535007180063,-0.754884549800742,0.0703363853038176,0.392239757380082,-0.680220580804325,0.840089088498078,-0.119613221011962,0.974218097349192,-1.2445333569493,0.180872091659265,-0.306093858274143,-0.495346035019633,-0.695188451283163,-0.350003531611403,0.43407493614507,0.0967114801442419,0.70055447841434,1.17053476286157,-2.27848007814734,-2.09034739697269,0.852062847169059,0.830454096548758,-0.147577924259833,-0.577476313850285,-0.0543277469032874,-0.541322442768699,-0.407417790369168,-0.566153168813211,-0.00929016107839359,-0.83360400211927,-0.0504689351814067,0.0455840462235693,"Female",1
1.88013908286863,0.323613810300411,1.45268718678811,1.26829378543541,0.146520316529035,-0.455479118052861,0.0516291473204437,0.495748069520426,0.277320898855296,0.928733201156728,0.0760029925488006,-0.76213734373751,-0.495346035019633,-0.695188451283163,0.571384757956087,-0.23406401930941,-0.688163681552377,-0.87346588331711,-1.38869495466283,-0.945577580994273,-0.372903136946765,1.68679459000874,0.241033718618473,-0.30158248207952,-0.577476313850285,-0.792826899863361,0.282189457546331,-0.174558787214902,-1.07231161496478,-1.18975108234048,-0.199887494955563,0.141930578869093,-0.283601733114081,"Male",1
0.791597403204032,-0.010535007180063,0.182814452049094,-1.54812714578865,-1.10746070608591,-0.680220580804325,0.840089088498078,0.32840782186565,0.277320898855296,1.68630194442891,0.0760029925488006,-0.76213734373751,-0.495346035019633,-0.695188451283163,-0.350003531611403,-0.426314878266058,-0.688163681552377,0.444655814801458,-0.621520567746626,-0.310507774705082,0.709394909636752,-0.0539312669561683,0.758212903820681,-0.791181325385834,-0.577476313850285,0.684171406056786,-1.24986248748634,-1.11315594877424,1.6890982689729,1.13879072950141,0.64629413850865,-0.680960543255928,0.00929950387242364,"Female",1
-1.42366014602041,0.657762627780885,-1.36355876605352,-0.172512609062482,-0.372299248977196,-0.492779827884005,0.0516291473204437,0.588497187144027,0.507120205660736,-0.647639629380454,0.967139050754429,-0.76213734373751,0.075999449040625,0.0456427256283431,-0.350003531611403,0.0380019781514684,-0.688163681552377,0.306996587984449,1.23395215435848,0.663331013570811,0.719807139404022,-0.632092306431836,0.228076437443372,-0.619770045084287,0.501041351322542,-0.0543277469032874,-0.741399661837904,0.515803461753186,-0.246581541039848,0.428739152136914,3.76890250229526,-1.02953715399929,-0.567657061420359,"Male",0
1.61812580024799,0.323613810300411,1.09003408800104,1.58459356703933,1.07799325748262,-0.559469741157074,-1.52529073503483,1.06221040495337,1.03999665945193,-0.0492652524395702,0.517617405201185,0.236039468832826,-0.495346035019633,0.534175529790666,4.38856481473586,3.08981601000925,0.170794084692143,-1.87250089614604,-1.75439570371762,-0.574269028215918,-0.0788624669792018,2.05050402630055,0.337361848954509,-0.529560243655245,0.860547239713484,-1.53132605282344,0.511969363390327,0.0522725305716132,-0.559510706423681,-1.73730060668077,-0.886785734742874,0.765310566240706,0.335019625532549,"Male",0
1.47151142182645,0.991911445261359,-0.130379833988768,0.531910341467393,1.17907867738636,-0.680220580804325,0.840089088498078,0.221097469592346,1.83265042682347,-0.173789044615249,0.274889144191445,-0.76213734373751,0.578816500764187,0.00121426631935143,-0.350003531611403,-0.729109981122807,-0.688163681552377,0.698345622281735,1.34486729181647,-1.21601039978082,-1.58407875208483,0.277966331113218,-0.464444553842552,1.51196084439744,0.501041351322542,-0.0543277469032874,-0.808933043325601,-0.096413431491919,-0.890000643696529,0.42041333005185,0.686279889242741,-0.0365753199623073,-1.07975315009199,"Female",0
0.959535738649713,-1.01298145962149,-0.936766576109676,1.2417171305338,0.654744222064328,-0.599145017041171,-2.70798064680128,0.0105041048368844,0.277320898855296,-0.581059151602506,0.0760029925488006,-0.76213734373751,-0.495346035019633,-0.695188451283163,-0.350003531611403,-0.729109981122807,-0.0343550517118953,0.404865844997208,1.26330872979064,0.319515119216249,-0.287694147459467,-0.485167339440758,-0.490873027022124,0.601386523866434,-0.577476313850285,-0.0543277469032874,-1.50987072074962,-0.497143752548578,-0.844690304350543,1.23705742223081,-0.876279637524412,-0.382012635731807,-1.26946103745891,"Male",1
-0.288288808604905,-0.344683824660537,-0.771030155843043,-0.449775269495432,-0.365209862488391,0.337261593912556,0.445859117909261,-0.0333836482873963,-0.721620526957198,-0.348383249872736,-0.195094779214479,0.638645390848077,-0.495346035019633,-0.695188451283163,-0.350003531611403,-0.729109981122807,0.115443584242012,-0.259883053880478,-0.231682799583752,-1.16062342540369,-0.966121416509964,1.05322437039157,0.809116797521443,-0.745676632432995,-0.577476313850285,-0.0543277469032874,-0.788562967657503,-0.513885445898881,0.0854292680615301,-0.188060900966573,-0.264069227288489,-0.171687405395533,0.0438100539816036,"Male",1
-0.0727848161772141,-0.010535007180063,-0.0671338149988927,0.135355608839732,0.272455352007351,0.498493384675384,0.840089088498078,0.0251961330362236,-0.554799294813558,-0.190310306008057,-0.291357675361548,3.12737866548291,-0.495346035019633,0.262884472336984,0.573216543820059,-0.729109981122807,1.3200556685541,0.115656839819599,-0.0780626478642801,-0.256602135149746,-0.688315828572411,-0.263659141100981,-0.331381354094074,-0.618213226089068,0.860547239713484,-1.90057562930347,0.176892701488594,0.330693317055497,-0.30489832651622,-0.328511562531655,0.0112167358463345,0.302550615866853,1.9399596498405,"Female",0
1.4963995429674,0.657762627780885,1.79068435132923,-0.539437420468698,-0.446039580544225,-0.616106432054384,0.0516291473204437,0.45277387622338,0.140336294890177,2.18342056309027,-5.97892220176096,0.134278029750616,-0.495346035019633,1.51287881369251,-0.350003531611403,-0.729109981122807,-0.688163681552377,1.08216132184848,-0.943039402663546,-1.37430498214041,-0.190416040740095,-0.027677660235392,0.651173077678088,-0.423327307333358,0.501041351322542,-0.0543277469032874,-0.28041598202016,-1.33911544966525,0.587312917692925,0.901172186143133,0.291436673795589,-0.258334269807981,-1.2033064921207,"Female",0
0.162237227913666,-0.678832642141011,0.312663344722032,-1.35291431224105,0.95747233183043,0.225994994806419,-0.736830793857191,-0.67352283962095,-0.435722469825173,-1.02040019880846,-0.0958463511528888,-0.76213734373751,0.770958010572183,-0.695188451283163,-0.350003531611403,0.971081942243203,-0.688163681552377,-1.82255904046728,-1.17105651910146,0.677974864430671,0.853091171285281,1.40270468108235,1.33576107376616,1.02565977074652,-0.577476313850285,-0.0543277469032874,0.915356404228896,0.466133418730652,0.958073167969716,-1.01994364689312,1.18491657866922,0.974383761965184,-1.2033064921207,"Female",1
1.9658467465935,-1.68127909458243,-1.451888757093,1.71640675800823,-0.0355557420438118,0.0420889872674162,-1.91952070562364,0.886284731121417,-0.891831216830278,-0.905637623852038,-0.050462510133584,0.330838383993134,-0.495346035019633,-0.695188451283163,-0.350003531611403,-0.0321737667262813,1.19290584005575,-1.05735997272546,-0.105099588079534,-0.151793188834962,-0.282292615408157,1.04401201297822,-1.36748461419946,-1.74764924461069,-0.577476313850285,0.684171406056786,-1.82754951035652,-1.33684752840926,-1.0624042418219,-0.131304313397793,-0.610540523972577,-1.10500844250545,-1.00050859279082,"Male",1
-1.0696000238767,-0.010535007180063,0.275448787862931,-0.597192153437449,-0.986475171108582,0.248463149573628,1.2343190590869,-0.82256371270315,-1.19129824997079,0.828632061893468,-0.285226874323005,3.35665539865799,-0.495346035019633,0.150268883069356,-0.350003531611403,2.77268882244157,-0.688163681552377,0.18930193840857,-0.294062186240811,-0.556463588842921,0.0162210001934642,-0.188149641693087,-0.234523051145745,0.172131308815724,-0.217970425459342,1.05342098253682,0.0149191460119963,1.04507739305195,-0.101943737790978,-0.555090622013116,-0.79675854502466,0.135893144410254,1.57973253707602,"Female",0
0.781886291194185,0.991911445261359,0.121785523278307,1.46274762548065,-0.496601449748507,-0.197054045404985,0.0516291473204437,2.01760538913216,-0.165595987298604,1.18180738143949,-1.29769535856436,-0.348078814078704,1.07781899093254,0.834686725164266,-0.350003531611403,-0.201060955188498,-0.688163681552377,0.618426402507428,-0.123232362650566,-0.278138997234664,0.203416576189656,-0.369562607487218,0.106174336148021,-0.308675123550763,2.65807668166819,-0.0543277469032874,-0.889688062258059,-0.57983074166014,-0.836216941658167,0.895745928330465,0.0627523189608307,-0.565709902178289,-0.594492922703864,"Male",0
0.634683845240804,-0.678832642141011,0.0155725175263285,0.837771476377864,0.722357118360013,-0.284915286203527,-1.52529073503483,0.147354664415194,-0.571678000567493,-0.354852315826963,-0.241292413936418,0.0315448277180077,1.01240340668909,0.282318000199472,1.53388976632787,-0.729109981122807,-0.688163681552377,-0.113937250138125,-0.25819831861081,0.143995859883385,0.127264217687713,0.0848897510437172,0.217782100951155,-0.483502261803436,0.1415354629316,-1.1620764763434,0.216238429804087,-0.440498952895643,-0.576551763502009,0.0292683643315356,-0.155247436147175,0.22420319723459,0.242875249002247,"Male",0
0.176840276871596,-0.344683824660537,-0.889332061867269,1.23747537358689,-0.0237179050163918,0.0242981112065358,0.445859117909261,-0.174738629884408,-0.422606287458137,-0.428573774178554,-0.285630974734023,-0.76213734373751,-0.495346035019633,-0.695188451283163,-0.350003531611403,0.105348763873707,-0.688163681552377,0.173046020920273,0.0911619226412039,1.49421351162069,0.834532095782914,-1.0402776163217,-1.01960833490964,-0.19376958747481,-0.577476313850285,-0.0543277469032874,-0.107053091985391,-1.238162491351,-1.02054301922866,1.14428389866019,-0.130630486946745,-0.783864490159288,0.36245131504315,"Male",1
-1.49414851863213,0.323613810300411,1.12576653161361,-0.291111716929085,2.39527355833636,-0.201368032328193,-0.342600823268373,-1.62361195954726,0.277320898855296,-1.33178616288047,0.0760029925488006,2.90329882045521,4.72704605932983,-0.1308902304624,-0.350003531611403,-0.729109981122807,0.100387710409807,-2.29824292334398,-0.917571038852983,1.61097311026653,0.754092086633828,0.799077548466772,1.64489778204037,1.99538689930476,-0.217970425459342,-0.0543277469032874,1.57988089300956,1.90633966251187,-0.300266561878644,-1.46930395130031,-0.995954914991621,4.1528647663988,1.47413516151247,"Male",0
1.07365458193641,0.323613810300411,1.03322105270058,0.681879157562574,-0.525354126656486,-0.474006646884997,0.445859117909261,0.549358205713829,-0.531796552170097,1.1693469778084,-0.672571784245036,-0.232657897827396,0.00757715494140204,0.935091252982547,-0.350003531611403,-0.729109981122807,0.22309868480176,-0.78614109961715,-1.29372872496343,-0.228082840307548,-0.00781523825199587,0.989416670656901,-0.502609019631976,-0.373708599341229,0.860547239713484,-0.0543277469032874,-0.035118247343792,0.0406700626252924,-0.939341636230339,-0.874242267836244,0.0614942615192092,0.158536937812504,-0.587187159870862,"Male",0
-0.437030907918455,-1.01298145962149,-0.370048958581979,1.81890978123899,1.14175129359855,-0.680220580804325,0.0516291473204437,-0.715019282855592,0.99085048872136,-1.10121138974412,0.22274636830787,-0.295209765542321,-0.495346035019633,-0.695188451283163,-0.350003531611403,0.461835912690841,1.72265811583082,-1.98139277371686,-0.580273489726139,1.61843056388728,0.61841392843791,0.739126850964976,1.50433461646219,1.9417404558124,-0.577476313850285,-0.0543277469032874,0.455209887841752,1.23233674658842,-1.01619359754608,-0.519346634927823,-0.618327501995313,1.35419122163482,-1.79756793231733,"Male",1
-0.15595654300278,-0.010535007180063,-0.858691133412547,0.902213295263269,-0.431187153171807,0.357293274227295,0.0516291473204437,-0.327110687866518,-1.06635954228575,-0.191096883592115,-0.151368538058523,2.75503398684742,-0.495346035019633,-0.695188451283163,-0.350003531611403,2.63497763353736,-0.688163681552377,-0.40917434623401,-0.414986668108064,1.55428854063258,1.43783234699101,-0.959293724586112,-1.16665579053937,-0.451484264185267,-0.577476313850285,0.684171406056786,-0.559218085313883,-0.64779518144636,-0.825929045885434,0.878691570094043,-0.682446081314073,-0.626695296915222,-1.57949875740215,"Male",1
-0.651792295263665,1.32606026274183,0.107914844011794,0.944012373867158,-0.541435069562971,-0.558025353123016,1.62854902967571,-0.058958530016667,0.277320898855296,0.35784614993147,0.0760029925488006,-0.76213734373751,-0.495346035019633,0.6464337106905,0.684249693203773,0.382262690387025,-0.688163681552377,1.2151987712557,0.724353694149362,-0.663857209101564,-0.26086643802015,-0.640864797929997,-0.481319989268903,-0.524076591483713,-0.217970425459342,-0.792826899863361,0.371491447679464,0.351447377772443,-0.986649238598649,-0.0749576887130996,1.34755784260325,-0.394033580701653,0.114291878591386,"Male",0
0.608407136830028,0.323613810300411,-0.956450286101422,-1.44011874367418,0.189917171060871,1.03294133175625,0.445859117909261,0.129927444488416,0.724210133763938,-0.952227428857042,0.38385952504742,-0.76213734373751,-0.495346035019633,0.0251563627391707,-0.350003531611403,-0.729109981122807,0.318447512372442,-0.472059887131137,0.451690429297769,-0.15300865219384,-0.815572794890761,0.680791100907047,-0.372788134329986,-0.294426229474005,0.1415354629316,-0.0543277469032874,-0.763154553569078,-0.208329189683567,2.0203725210306,-0.192352594580421,-0.834860978092904,-0.144279483966709,-0.423970027016523,"Female",0
0.348360724766985,1.66020908022231,0.589116161859353,0.468599102160393,0.807105057507811,-0.641960202399241,-0.736830793857191,1.88725768872901,0.277320898855296,-0.488956939402656,0.0760029925488006,-0.76213734373751,0.688285294219844,0.839558939101995,-0.350003531611403,-0.729109981122807,-0.151998961221413,-0.750817354412858,-0.0353692527466672,-0.537217007025723,-0.828609989281211,1.21464948885483,0.425713764676734,1.34711783953244,3.01758257005914,-0.0543277469032874,1.24302071988126,1.19914323158394,1.28221776330071,-1.5369424642451,0.455310908684796,0.617783296485528,0.59704220601195,"Male",0
-1.17982700951151,1.99435789770278,1.34063001256599,-0.126040287524374,0.807667891469938,-0.680220580804325,0.445859117909261,-0.587751502900389,-0.0464721316362713,0.0793390516831266,-1.05182870004935,-0.76213734373751,0.846387673937749,0.609623860759093,1.3264574717894,-0.729109981122807,-0.688163681552377,-0.709540601722545,-0.424959767674132,0.793451164388826,0.688488144956362,0.316243299877775,1.42653045621972,2.16765535286449,2.29857079327725,-1.90057562930347,2.7628999572809,2.68335203977042,-0.521612990839042,-1.84787817334643,1.46663448226924,0.933078345655283,0.498747305826546,"Male",0
-2.15687308509377,-0.678832642141011,-2.13744381499629,-0.508902968681724,-1.7699556613882,-0.553319698392431,1.2343190590869,0.099181482586544,-0.105972560316348,-0.658341948710821,-0.452106916171141,-0.0454975808665072,-0.495346035019633,-0.695188451283163,-0.350003531611403,-0.500627229516618,0.236867759018634,1.67362660377375,2.11491991400294,-0.19026616594087,-1.01255468669159,-1.51449408741171,-2.10789069034486,-1.4555006906705,-0.577476313850285,1.05342098253682,-2.32492870491442,-1.08886348352362,-0.316284784853452,1.72504848136322,2.81415776173011,-1.88074016850212,0.103166646077634,"Female",1
0.589346825538459,-0.678832642141011,0.527226363460175,-0.594474037936267,0.944952990928926,-0.680220580804325,0.0516291473204437,-0.360992305429339,-0.578622776840888,-0.407046515107703,-0.225263617713287,-0.76213734373751,1.02473673545562,1.27581637726876,-0.350003531611403,-0.729109981122807,-0.688163681552377,-0.161469921541811,-0.182970399120774,-0.286485916757848,-0.572417849206968,0.490707187083107,0.14588752853196,1.61147262395286,0.1415354629316,-0.0543277469032874,0.0784888661692905,-0.608182337044827,-0.381432421606465,0.342064020965283,-1.04220029096755,1.17531754889073,-0.385253311741128,"Female",0
0.126513647629285,-1.01298145962149,0.468680772847915,0.285616001193113,0.0330047839338648,-0.470312614349035,0.0516291473204437,-0.553394515590492,-0.28254595162014,0.21936529638356,-0.631450266762345,-0.76213734373751,-0.495346035019633,-0.243961222274803,-0.350003531611403,-0.729109981122807,0.572927870387142,-0.79598650212881,-0.861735448339856,0.618461191882341,0.458736384898569,0.457821347845562,0.597123099298872,0.412064758088988,0.860547239713484,0.684171406056786,0.438388157586353,0.27706491516454,0.042970131608337,-0.399353784034555,-0.116213532803008,0.661726833343055,0.66372178742427,"Female",0
-0.382438401330738,-0.010535007180063,-0.93347693418235,-1.53480936236589,-1.22881000473999,-0.680220580804325,0.840089088498078,-0.0151704946209856,-0.241497145663367,0.0488143142551561,-0.614892446901673,-0.337749805204354,1.11706280394436,-0.172508754340713,-0.350003531611403,-0.187888365604455,-0.32296688722716,-0.339491420928719,-0.200680156859592,0.279767491225835,0.220561507228111,0.174211220174146,-1.0241871689839,-1.43217414913901,-0.217970425459342,1.42267055901686,-0.63867469873737,-0.772291292306132,1.65062255236867,-0.0514025414402584,0.194926276462091,-0.745403947287008,-0.093657608994916,"Male",0
-0.630590072695979,0.657762627780885,-0.329780477192958,1.41318480444057,1.19623386754383,-0.327024374836115,0.840089088498078,-0.876163806539411,-0.915147640789819,-1.24016010403902,0.0139066775879716,-0.76213734373751,-0.495346035019633,-0.695188451283163,-0.350003531611403,-0.729109981122807,-0.688163681552377,0.641111705601361,1.34707218739539,-0.343303119317703,-0.843669789069194,-0.208870469953956,0.327482040714915,0.852335726511458,-0.577476313850285,-0.0543277469032874,0.703452618260324,1.03753471603406,-1.16195034736036,-0.368805111945431,-0.494575636348281,0.629290990315765,0.349935521954527,"Female",1
-0.865679000363631,-0.344683824660537,0.479081803550029,-0.562736094729696,-0.457933363249921,-0.0417505161694823,-0.736830793857191,-1.16107250838582,0.277320898855296,0.1049952336908,0.0760029925488006,-0.76213734373751,0.368980098425016,-0.695188451283163,-0.350003531611403,-0.729109981122807,-0.688163681552377,-0.0789061599716743,-0.65161297980179,0.0215516727539978,0.79160732660663,0.227987922549262,1.72448692579342,0.471845328587153,-0.577476313850285,1.05342098253682,0.661059116251898,0.0123924198165871,-0.453089959428775,0.110353070245033,-1.07699353337242,0.321009213623455,-0.9786640520685,"Female",1
-1.49914025101126,0.657762627780885,-1.38730834210563,-0.752003544766557,-1.10067526186175,-0.0288954141969694,1.2343190590869,-0.200227028683285,-0.375568414674564,-0.251287592666328,-0.371598323999585,-0.228080959941915,-0.495346035019633,-0.695188451283163,-0.350003531611403,1.08710959852385,-0.534973761457818,1.97894111998317,2.14644158562328,0.113952556870076,-0.262253947254514,-2.041093480793,-1.62846827586497,-0.189771732771681,-0.577476313850285,-0.0543277469032874,-1.04892407344167,-0.121968596339557,0.36139400952744,1.48384183709264,3.13661174587758,-1.36354979620945,-0.0777296345959826,"Female",1
-0.763986841439546,-1.68127909458243,-1.191545471527,-0.825725416809008,-0.911357325047214,0.128508167733142,-0.342600823268373,0.0460123969218705,0.277320898855296,-0.0898953231054903,0.0760029925488006,-0.76213734373751,-0.495346035019633,-0.695188451283163,-0.350003531611403,-0.729109981122807,0.714800669980342,0.676432388911215,0.840354611038158,0.159065363521331,-0.352320290049038,-0.722080984200811,-0.298403811263326,0.113337043988304,-0.577476313850285,-0.0543277469032874,-1.2199966769088,-0.614611543720739,-0.0885014613061106,1.28782854680767,0.120795297911265,-1.02477785883588,-2.60357770177943,"Female",1
0.551136484942535,-0.678832642141011,-1.94014152859661,0.12971466652887,0.83023960454526,0.259137675210156,0.0516291473204437,0.252661101356264,-0.607576474116025,-2.49126716048695,0.304275914701558,-0.76213734373751,-0.495346035019633,-0.695188451283163,-0.350003531611403,-0.729109981122807,-0.688163681552377,0.645456360092675,2.60101575434989,-0.593894215994902,-1.64721199223875,-0.0432947183043289,-1.4881885957225,-0.0836299582221354,-1.29648809063217,-0.0543277469032874,-2.20968374969846,-0.43716519233096,-0.467016958284095,0.790212563960226,0.517950723208669,-0.94889631995965,-1.65991666918333,"Female",0
-0.301826268691948,-1.01298145962149,-1.03176010463187,-0.598995375778267,-0.766416129627685,0.312955075294319,0.445859117909261,-0.955413719136329,0.277320898855296,-0.0542344978193605,0.0760029925488006,1.44228694092488,-0.495346035019633,-0.695188451283163,-0.350003531611403,-0.729109981122807,2.15728514409145,-1.51850283624485,-0.420380013543458,2.37353736966294,1.88436839945436,-0.347495729445678,-1.48934511843195,-0.235950574380817,-2.01549986741405,1.05342098253682,-0.988072697999713,0.156934417482686,-0.410876301103748,-0.0131638080842134,-0.766778588539125,-0.209522823321883,0.588216967295613,"Female",0
-0.621090990926749,0.323613810300411,0.0856065707829813,1.01564339415794,-0.656451887088329,-0.0359985336052051,0.445859117909261,-0.303796452008535,-0.292143669056861,0.327962057358708,-0.661603160807653,-0.76213734373751,-0.495346035019633,0.616133128528906,-0.350003531611403,-0.729109981122807,0.2280579357751,0.226866633138197,0.0754880443829848,0.242609787896461,0.203416576189656,-0.280034130861543,-0.290147114377379,0.145253930608905,0.1415354629316,1.42267055901686,0.580903335143527,0.429460607576617,-1.03740245899161,-0.261867756662021,-0.472975014980879,-0.0474616769204228,-0.121062980926837,"Female",0
-0.232462257009718,-0.678832642141011,-0.629142743238036,-0.194317572585092,-0.351699420392989,1.50423045794633,-0.342600823268373,-0.20633520651251,0.617444787540027,-0.367062505125288,0.860097807767765,-0.76213734373751,-0.495346035019633,-0.146939667914634,-0.350003531611403,-0.729109981122807,0.0779601964177003,0.265080376560889,0.231254097222705,0.292399209308073,-0.241678706895715,-0.337479023713511,-0.479290286727102,-0.372387861954573,0.1415354629316,0.684171406056786,0.0849551697655609,-0.698825573580183,1.77625993495035,0.390746910103949,-0.487341249162538,-0.524901510879733,0.416284304593009,"Female",0
0.0844245401681194,0.657762627780885,0.297682625664559,0.931574754252467,-0.47041693666365,0.829899919897216,0.840089088498078,-0.0318305529118285,0.87645696729995,0.739123801460602,0.928496939614294,-0.370067894311095,-0.495346035019633,-0.212312017835339,0.580617105546954,-0.729109981122807,0.998767402454904,0.103769800947413,-1.02736375363621,-0.341364064248735,0.116300398538345,0.131231701894374,0.85857618143406,-0.822870309650466,-0.217970425459342,-0.792826899863361,-0.132473478751304,-1.20207283676327,-0.469941704573407,0.601038702154554,-0.251314902205077,-0.16828196418589,0.673652788911211,"Female",0
-0.826055753752778,0.991911445261359,-1.74696988834204,-1.75786437801934,-0.671654444802181,5.39126833572324,1.2343190590869,-0.288475053310625,-0.544990412373459,-1.1781707900935,-0.030678394133767,-0.76213734373751,-0.495346035019633,-0.695188451283163,-0.350003531611403,2.21198822815769,-0.688163681552377,1.84011897978313,2.80050832144849,0.511449824538076,-0.200314550385843,-2.18563632292944,-1.89048638349305,0.736186621203302,-0.577476313850285,0.314921829576749,-1.4727602162622,-0.290247215696981,5.44884622677077,2.00884948772046,0.317496504354403,-1.58516533201471,-0.578861222948566,"Female",1
-0.473476415953074,2.9968043501442,-0.376449554174455,0.360158361068971,0.600597155525521,-0.404952049943795,2.02277900026453,3.54802062200794,0.573696510408087,-0.40925461961834,0.944428195066488,-0.76213734373751,-0.495346035019633,1.0963010676051,1.95175457466878,-0.729109981122807,-0.688163681552377,0.552389500083103,0.733456975725792,1.65250869908227,1.24648486209987,-1.47327565808162,-1.20532062497724,-0.967209745802847,3.01758257005914,-3.74682351170366,1.08214812603296,0.87746631341876,0.00498724112623194,-0.307794489242531,1.99480368887133,-0.736199116869702,2.02808860709175,"Female",0
-1.99709983403273,1.66020908022231,-0.556375747019743,0.133349232420225,-1.46753013659362,-0.680220580804325,1.62854902967571,1.4669553505988,-0.0845174045079464,0.319658703477299,-1.07978538559423,-0.76213734373751,-0.495346035019633,0.0338746055715082,-0.350003531611403,-0.351646796926196,-0.433465160850524,1.28855231508252,0.608415489972705,0.821274412962636,0.774380389679472,-1.69809883305769,-0.853551133051667,-1.00510598898143,2.29857079327725,1.05342098253682,0.685607885280005,0.0998350428941691,-0.664391364145328,0.477768293537997,1.88308395555677,-1.16053075728697,-0.367917418176574,"Female",0
-1.33461901091382,2.9968043501442,-1.772627843004,-0.171366089919507,0.0169353194031152,-0.680220580804325,2.02277900026453,0.322183809726039,0.277320898855296,-1.46616915052477,0.0760029925488006,-0.57383834925842,-0.495346035019633,-0.695188451283163,0.0969451670815744,-0.729109981122807,0.446090462131434,0.344204331840392,1.85577935211746,1.64941295918015,0.406907435990884,-1.38892918927906,-1.16791584511274,-0.245981361017645,-0.577476313850285,-2.63907478226355,-0.95196527254263,0.495150308494348,-0.569497716769575,0.803511205222545,2.31657175965558,-1.11421636356713,-0.403151515172857,"Female",1
1.76336014572745,-0.010535007180063,-0.00388779600901782,-0.645249945562514,-0.233972218370035,-0.680220580804325,-0.736830793857191,1.15163190669429,0.877660051774735,1.06819833233791,1.04773261209374,0.416432868694929,-0.495346035019633,1.72404187291834,-0.350003531611403,1.27493150284476,0.326027415941147,-0.113202757835638,-0.729369507799086,0.404454586804938,0.465289905394504,-0.289337541836198,-0.888210508091922,-0.713041140923417,0.501041351322542,-0.0543277469032874,-0.646619679931518,-1.29067818702228,-0.32939177307124,0.777690232122272,-0.306473124574891,-0.575767123377026,-0.98897926615253,"Female",0
0.621771808580191,-0.678832642141011,-0.431517128951923,-1.08583909918039,-0.512692934180863,3.23210662376663,0.840089088498078,0.252665513382747,0.711958964707252,0.946346763321717,1.35633686050716,-0.76213734373751,-0.495346035019633,-0.194761991697557,-0.350003531611403,0.307247920243589,-0.688163681552377,1.30065665014377,0.625012908277423,0.5370861313114,0.91746823679126,-1.53608240028125,-0.307226387686625,-0.839496365622993,0.1415354629316,0.684171406056786,-0.930060606462426,-0.930097868141197,1.43029123811861,1.69630588503264,0.94617710867432,-1.15389884353783,-0.203112770935895,"Female",0
0.828364915007032,0.657762627780885,0.622984392211913,1.65071165134564,0.10654613936335,-0.605106455553168,1.2343190590869,0.0311956661906982,-0.0183220165008298,0.543488263402812,-1.50561641631122,0.688858863410464,-0.495346035019633,-0.0995015778827514,-0.350003531611403,1.1213461233565,-0.688163681552377,-0.0124124044703533,-0.931664970333203,-0.440096139552294,0.506282100875157,0.268562952887067,0.95033739279865,-0.306711277210149,0.501041351322542,-0.0543277469032874,-0.327764000797285,-0.940457956146472,-1.08877867155268,0.577943515002543,0.813165118248587,0.156374710148577,-0.423155389596553,"Female",0
-1.1898944080219,0.323613810300411,0.771843987928023,-0.577518348854613,-0.392766106044287,-0.396456107633285,0.0516291473204437,-0.886269623977879,0.277320898855296,0.305155246933275,0.0760029925488006,-0.76213734373751,-0.495346035019633,0.157750806382211,-0.350003531611403,-0.729109981122807,-0.688163681552377,-1.02729136905452,-0.740789733771053,1.26869194790461,1.40647486990756,0.372216474289666,0.822241853690234,0.47515590912981,0.501041351322542,1.42267055901686,2.00350530088212,2.25273704878025,-0.0343679715187554,-1.87507730963119,-0.431114703398682,0.368112741070183,-0.0870063669382192,"Female",0
0.956037264225277,-0.344683824660537,2.24625628333263,-1.33049594442783,-1.25498637553761,3.99354721260106,0.445859117909261,0.108276081146682,-0.319763919141045,2.05038396521074,-1.26397103559703,-0.76213734373751,0.0348397529706726,-0.00772671008352966,-0.350003531611403,-0.729109981122807,-0.688163681552377,-1.2428135322892,-2.22302576488358,-0.0557082961616982,0.468380357081398,1.46315299818814,-0.360158250311848,-0.138127955734357,0.1415354629316,-0.0543277469032874,0.669799641084887,0.0645039482782164,0.657807125375025,-1.41628346219452,-0.900408167555192,0.153844976139779,0.874269813514261,"Female",0
-0.666516356154687,-1.34713027710196,-1.2204952446337,-0.972632361738797,-1.21563068713259,-0.211140533317503,0.840089088498078,-0.35161103622124,-0.804220334776321,0.0234240501276772,-0.250241506037119,-0.256600766828514,-0.495346035019633,-0.695188451283163,-0.350003531611403,-0.729109981122807,-0.688163681552377,0.221852547189547,0.46805070892342,0.836447618041892,0.448496055530062,-0.630687330978767,-0.746889664595286,-0.0962257697144094,-0.577476313850285,1.42267055901686,-0.992287462076775,-0.501617896581503,-0.0580809247277079,0.923358507973193,-0.387709185984222,-1.18936153800939,-0.719759599576681,"Female",1
-1.5046972438805,-0.010535007180063,-1.18010949063779,-1.1234584745694,-0.11155508460904,1.92917881379025,0.840089088498078,-0.570168530214865,-0.751073345408675,-1.10171799725731,-0.0257031018929943,-0.76213734373751,-0.495346035019633,-0.695188451283163,-0.350003531611403,0.496949796537941,-0.688163681552377,0.61173458235788,0.937423569075598,0.765908524686788,0.45587252634559,-1.01242986286445,-0.148302336425208,-0.316482257160392,-1.29648809063217,-0.0543277469032874,0.0368838823885477,-0.3339537672811,0.342116201754325,0.790873520108111,-0.52514013926571,-0.79685412002699,-0.952511648599736,"Female",0
1.11499092469962,-0.678832642141011,-0.614147342507242,-1.11811394741289,-0.827471854960039,0.391778540064052,0.0516291473204437,1.37705475765956,-0.663079305036337,0.608048323926952,-0.436373752048448,-0.76213734373751,-0.495346035019633,1.19961107917926,-0.350003531611403,-0.729109981122807,-0.24686427871116,0.0193776971688787,0.0767034597165209,-0.246109481570828,-0.0866316149563263,0.30600777805973,-0.776155987957463,-0.632463967228878,0.1415354629316,-0.0543277469032874,-1.43272754616094,-0.708132639329234,1.3926405183861,0.392195686575647,-0.706368976220771,-0.88773981433628,0.208442350404082,"Female",0
-1.30555433717727,-0.678832642141011,-0.907965449898281,0.372984915701924,-1.41795011443907,-0.680220580804325,0.0516291473204437,0.0563085825211061,0.277320898855296,0.413163159961371,0.0760029925488006,-0.557275924613139,-0.106173011583841,-0.695188451283163,-0.350003531611403,-0.467850122741711,-0.335586252894944,2.44827870267223,1.7545541013689,-1.09436020528382,-1.00905319876182,-1.59917295465109,-1.24948018920938,-0.999075072416646,-0.577476313850285,0.684171406056786,-0.747248581357904,-0.986211121392991,0.410398755217508,1.43708930774491,0.687092883845067,-1.87348478396819,0.399635550514949,"Female",1
0.21046766377281,-0.010535007180063,0.157102070510664,0.0292039235545592,0.106263033554623,-0.523058718740365,1.2343190590869,-0.244655653925819,0.787506731882398,0.0754230251051169,0.790095741629505,2.91033570728919,0.138886451979001,-0.695188451283163,0.442453290815266,-0.303336662430044,1.03561504388031,-1.75845913446253,-1.95659202230765,1.47912218345141,1.08011940650933,0.429853354874287,1.01198752625671,-0.524891757070078,-0.577476313850285,-1.90057562930347,0.628427779833447,0.276626509733838,-0.421992922443492,-0.675190378947137,-0.77120420116318,0.435958499800649,0.504716631748737,"Female",1
-0.690150014543672,-0.678832642141011,0.571076012989847,1.37153255714084,0.550300284544629,-0.680220580804325,0.445859117909261,-1.05841583982194,1.03999665945193,-0.412687675737707,0.412479631033398,-0.76213734373751,-0.495346035019633,-0.695188451283163,-0.350003531611403,1.8168406796319,0.170794084692143,-2.12342131797284,-0.884993922945842,1.77735180604699,1.72066643322228,0.875442770588569,0.83276366211126,0.701519668853673,-0.577476313850285,-0.0543277469032874,1.32440545905304,2.44372270952086,-1.17724149047999,-2.00287851968414,-1.17756395230393,1.03279915612689,0.778767544086372,"Female",1
2.98066108223082,-0.344683824660537,-1.19691701753026,0.89788449744301,-0.487457960166026,-0.680220580804325,0.445859117909261,2.19164693821746,-0.634566807932142,0.0400373701917675,-0.314957934978148,1.79528298650807,-0.495346035019633,1.40464022227213,-0.350003531611403,1.44520953743023,-0.688163681552377,-2.59801989360676,-1.61883072016124,1.63659431545127,1.06870331636087,1.34054832675157,-1.7554140022676,-0.729227041375162,-0.217970425459342,1.05342098253682,-2.32423555286059,-0.863058551790437,-1.12848240005924,-0.124546424738709,-0.88898417911939,-0.779885198829489,1.0935412474634,"Female",0
0.509121502865194,1.32606026274183,-0.877586372626293,-0.0960954851211664,-0.880632277913582,-0.493558236326365,1.62854902967571,2.02184470500091,0.277320898855296,0.178975978655011,0.0760029925488006,0.171717812652868,1.27868851095268,1.6051011934946,-0.350003531611403,-0.431373507669407,-0.688163681552377,0.424808311963539,0.581695477415147,-0.697447760521866,-0.768054498391483,0.0716696221834706,-1.33447147754585,-0.745676632432995,0.860547239713484,1.05342098253682,-1.30680165744886,-1.03229515929355,0.0794935258431442,0.543528428197853,0.520443956420935,-0.95682218465193,-1.01434255725326,"Female",0
-0.246379771489022,-0.678832642141011,-1.49267178259083,-1.02027058401861,0.452171741582468,-0.680220580804325,0.0516291473204437,-0.174062758188343,-0.342762741760161,-1.75309241940867,0.1391012571065,-0.76213734373751,-0.495346035019633,-0.695188451283163,-0.350003531611403,0.0101586551852155,-0.18933191211853,0.0320780390089454,1.49965096145676,0.137726581877092,-0.753823023534078,-0.0213963094984834,-0.900775719631334,0.644575890184538,-0.577476313850285,-0.0543277469032874,-1.05512959446574,-0.163670883961149,-0.134393622679038,0.472220196449528,-0.404216490061469,-0.524136817833497,0.52202767692309,"Female",1
0.698840584819308,-0.678832642141011,0.736271329083922,0.0337283289909277,1.34329547353687,-0.680220580804325,-0.342600823268373,-0.792439870338039,0.862387235751344,-0.32948688074167,0.546001176752188,-0.76213734373751,-0.495346035019633,-0.695188451283163,-0.350003531611403,-0.240845470841083,-0.688163681552377,0.331359521131823,0.108608112221908,-0.565791663997235,-0.148465518719471,0.220650808623822,0.669891833128218,-0.743172283268665,-0.577476313850285,-0.0543277469032874,-0.408724094957199,-0.165858407902542,-0.603892227454487,0.119723643452415,-1.01782016298789,1.69677713199076,0.795875897572785,"Female",1
-0.333250759552083,0.991911445261359,-0.434880667234567,0.229169092307001,0.20356934237204,-0.680220580804325,1.2343190590869,-0.431396621139075,-0.289061316862479,-0.390575054799418,-0.385702069051313,0.296821548082717,0.510500344902437,-0.043076569576879,-0.350003531611403,0.283758076065134,-0.232532498375308,0.278657875821075,0.419192780860271,-0.228082840307548,-0.176265925718122,-0.168153822114843,0.417135618596801,-0.0834765586234445,0.1415354629316,-0.0543277469032874,-0.270184023822902,0.102549891672331,-0.805098312118827,0.284062363106755,0.162145598624425,-0.131467839688775,0.38560228982366,"Female",0
2.46397549135202,1.32606026274183,-0.984093893709727,0.830199654105957,2.07257250893104,-0.404125417718988,0.840089088498078,1.50527157789214,-0.520993915974829,-1.41150925257031,0.0306058816507321,0.28268324512115,-0.495346035019633,0.591622444794105,3.36999404869859,-0.729109981122807,0.210932298068047,-0.032026960970953,1.37614715708544,-1.23707214579223,-1.82793728586663,0.897014322345632,-0.148780117227355,-0.322462688279915,0.860547239713484,-1.90057562930347,-1.68167712090541,-0.0583872338064815,-0.746931295586763,-0.067717340510022,-0.818914464085922,-0.125870793837579,0.042452032334305,"Female",0
0.254968580982295,0.991911445261359,0.275448787862931,-0.542348941907381,2.11494832646631,-0.15442170404622,0.445859117909261,-0.380494130870414,0.684081304506833,-1.562758976469,0.0830568637491596,1.89966748978339,-0.495346035019633,-0.0395276613771286,0.913614694081186,-0.729109981122807,-0.230052872888638,-0.932943316639018,-0.321952769684116,1.76084920370128,0.203416576189656,-0.32479836917438,-0.884629290165485,0.655924116538529,0.501041351322542,-2.63907478226355,1.40811099618192,0.398352312565895,0.066009556585065,-0.671054467067221,0.222080296179773,1.71310350470712,-0.560437915654689,"Female",0
-0.826600876170217,-0.344683824660537,0.979708761614943,-0.669200158622062,-0.728644909191384,-0.283501317341899,-0.342600823268373,-0.53977065176708,-0.468769043061702,1.00638788425153,-0.68761726410002,-0.76213734373751,-0.495346035019633,-0.695188451283163,-0.350003531611403,-0.729109981122807,-0.688163681552377,0.356635578567814,-0.678657671435961,0.858236279680607,0.879678668915057,-0.738209275945876,-0.101523536319834,0.396492738659844,-0.577476313850285,0.684171406056786,1.79296161923187,0.780801351227123,0.472349211516142,-0.502565821606257,-0.497696706847224,-0.259362952075288,-1.5922707170259,"Female",1
1.44914877542612,0.323613810300411,0.26463038987782,0.257067261999998,-0.47744188694228,-0.336520807692485,0.840089088498078,1.16725571032259,-0.228548641168193,0.724194752770757,-0.927152693809435,-0.100064060272923,-0.495346035019633,0.120227251899476,-0.350003531611403,-0.729109981122807,-0.118431965193915,-1.38332636820225,-1.22712254250022,0.579028320994682,0.724988006207248,1.08584321177026,-0.583867580248998,-1.35305757937751,1.22005312810443,0.684171406056786,-0.298092284369349,0.13448449041911,-0.516980713321992,-1.11507237734291,-0.766778588539125,-0.076497776336929,0.111451971910013,"Female",0
-0.0492184880856083,-1.68127909458243,-0.152188806054242,-0.819731680518656,0.0630425654666918,0.681848890416673,-0.736830793857191,-0.0583422733417314,0.277320898855296,0.102393440692267,0.0760029925488006,-0.76213734373751,-0.495346035019633,-0.695188451283163,-0.350003531611403,-0.729109981122807,-0.688163681552377,-0.548198669837924,-1.05059426214047,1.6535822884542,2.67335820391719,-0.369562607487218,2.07126819500315,-1.25908908069756,-1.29648809063217,-0.0543277469032874,-0.177370354141666,-0.356023841444113,0.728056765931072,0.761099019350976,-0.64946357848835,-0.150707039863107,-1.2033064921207,"Female",0
-0.183220291484704,-1.01298145962149,-0.172344017204798,0.96495497007401,-0.451166119244686,-0.680220580804325,-0.736830793857191,-0.795950049312796,0.750372952896245,-0.0271241584347115,0.798320646803607,-0.143015016953377,-0.495346035019633,-0.695188451283163,-0.350003531611403,0.0604569959466917,-0.688163681552377,-0.528435598639188,-0.249057177336102,-0.583669244741954,-0.281192224187262,1.02365348050884,0.633662300494465,0.308474464719322,-0.577476313850285,1.05342098253682,-0.397697289175625,0.0522725305716132,-0.383442782874186,-0.341429072371893,0.181027397835045,0.223886365427832,-0.451581947988121,"Female",1
-1.7678834284862,-0.678832642141011,-0.00074513668032848,-1.22622567297387,-1.52732811273112,1.07101159647982,-1.52529073503483,-1.3458985070356,0.580842622869384,0.71911349234278,1.7442353764598,-0.76213734373751,-0.495346035019633,-0.695188451283163,-0.350003531611403,1.29731166154897,-0.688163681552377,1.42381223925346,-0.0079005528155277,-0.14340032179393,0.809241852594706,-1.26348399592733,0.122603905586045,-1.62524219624356,-1.65599397902311,1.05342098253682,0.69147762485932,-0.693438305221575,0.453370511902316,0.669946727946772,0.303425758874105,-0.916576584621327,-0.447450752650938,"Female",0
-0.459434191642664,-1.01298145962149,0.406839292019348,0.82531517367358,-1.13374218987394,0.00892171118248872,-0.342600823268373,-0.424337905955008,0.277320898855296,0.665774546052971,0.0760029925488006,-0.76213734373751,0.84156129368971,-0.695188451283163,-0.350003531611403,0.168383417272725,-0.688163681552377,0.890933245915314,0.396323809455736,-1.68107126107802,-1.43136493280986,0.329274782000962,-1.03479425223506,0.0313634574879078,-0.577476313850285,1.42267055901686,0.13258455482056,-0.173906035221272,-1.06153116369132,-0.407924994189057,-0.738493151333207,-0.139569593669426,0.876304215293252,"Female",1
0.36987005121263,-0.678832642141011,-0.469843160403812,-0.85648144113441,-1.30183533775768,-0.463790050419633,0.0516291473204437,0.889408880613607,-0.441848271961604,1.56516798768618,-0.887635946341528,2.26326454178495,-0.495346035019633,0.132836773082699,-0.350003531611403,0.985688402065923,0.468920319711713,0.866210718260231,-0.357462945511418,1.04324119654477,1.42565573217854,-1.85555072467625,-1.04499647504303,-1.52890193666554,0.501041351322542,1.05342098253682,-1.0763546249437,-1.43078336365733,0.881385003382637,1.86843418926195,0.501159428252696,-1.66019725435141,-0.246685566710283,"Female",0
-0.67295176192941,0.657762627780885,-1.72061537223695,-0.337115196134737,-0.532492861494321,-0.295389308969626,1.2343190590869,1.00744553516654,0.277320898855296,-0.892627778015715,0.0760029925488006,0.517967270856513,-0.495346035019633,-0.432423630900974,-0.350003531611403,0.0871490093481579,-0.320975628806632,0.302461996864133,1.01119316706895,0.932695708887069,0.127998511220878,-0.967558157467867,-1.64802709690271,-0.844900475697394,0.501041351322542,-0.0543277469032874,-1.31136050015804,-0.786137576849991,0.609061979265935,0.979748406590395,3.54855255337072,-1.36542538627948,0.0790471419878176,"Female",0
0.430132456361944,-0.344683824660537,0.699883341475633,-0.349207679797167,-0.547429500393666,-0.680220580804325,0.0516291473204437,-0.191407696363105,0.534222207687844,1.65315396023741,2.8491798516179,-0.341852370023698,-0.495346035019633,-0.695188451283163,-0.350003531611403,1.41484847003905,0.0351691742324742,1.09672409547111,-0.492782593274362,-0.320215807893889,0.678833912053002,-0.929115586397682,0.83276366211126,-0.860727939417879,-0.577476313850285,-0.0543277469032874,-0.304353986318612,-1.06210027425326,-0.432265411088971,1.35334294230587,-0.264977555787035,-0.304501507431256,-1.2033064921207,"Female",1
1.76252351023525,-0.678832642141011,-0.494354472685402,-0.415932208451218,0.445144108770213,-0.335877175158568,0.840089088498078,1.40746661545945,0.277320898855296,0.888916026090833,0.0760029925488006,-0.0839998904834932,-0.495346035019633,-0.695188451283163,2.06444897068683,-0.296695484148875,-0.688163681552377,1.52753605021938,0.807745766083445,-0.435055134077761,-0.436970369231554,-1.12171042454607,-0.942783910866498,-0.503483064688177,-0.577476313850285,-1.90057562930347,-1.44673508529893,-1.73588159782308,-0.606510309658843,1.94008152550114,1.03752293322901,-1.56737458225715,0.0641803786910791,"Female",1
-0.509442627442364,-0.678832642141011,0.413371653950158,1.12597547639445,0.443058890488076,-0.623044157105683,0.445859117909261,-1.12539986125749,0.277320898855296,-0.522072914869527,0.0760029925488006,0.539255041609172,-0.495346035019633,-0.695188451283163,-0.350003531611403,0.377334208473466,-0.688163681552377,-0.527860453828804,0.247403961923833,-1.15304932223628,-0.98390791359156,1.33093254305532,0.0989977836440498,0.599308796590677,-0.577476313850285,0.684171406056786,0.477578800985738,1.14860713480896,-1.17907922836324,-1.57778374245258,-1.30307577734267,1.41542213796628,1.36082650218944,"Female",1
0.181010206779616,-0.010535007180063,1.88064064148609,1.2026187824574,0.660035679301724,-0.514218363999266,0.840089088498078,-0.413771565445964,0.277320898855296,0.284221751790078,0.0760029925488006,0.17996211981202,2.48748091025486,0.0783439413026168,-0.350003531611403,0.872836502048693,-0.688163681552377,-0.572319609264471,-0.868247821229533,-1.68541334907699,-0.307223041228168,1.60207575415685,2.16867866388228,1.02888548828488,1.22005312810443,-0.0543277469032874,0.779185321310032,0.497269700071896,-1.18662976677799,-0.922331180760302,-1.24363255609439,1.63512013592913,2.93511881563307,"Female",0
0.281220580802963,-0.678832642141011,1.3031965964484,0.401070387389825,0.598911655349072,-0.680220580804325,0.445859117909261,-0.912068149203765,-0.86627597932895,-0.50507662400469,-0.13057132913225,-0.22759456979275,-0.495346035019633,0.621507397298642,-0.350003531611403,1.31599792669656,1.15178956635938,-2.5221973981985,-1.77272033141539,-0.850890518354984,-0.897934444698687,2.95014596739307,0.583709198666336,1.03264802419153,-0.217970425459342,0.684171406056786,0.483717735622623,0.567663032952117,-1.00098010869564,-2.16461175996489,-1.06591300323451,2.12085078795417,1.0283757482729,"Female",0
0.53658892665712,-0.010535007180063,-0.436284048286735,0.295894411419018,-0.374213459705808,-0.680220580804325,0.0516291473204437,0.174445175696271,-0.479562387610227,-0.144543502989299,-0.341216263335912,1.09522963661489,0.680793956693034,-0.695188451283163,-0.350003531611403,-0.729109981122807,1.97569268211734,-0.787825908122591,-0.74978858271732,-0.506900809779339,-0.872102309808155,0.86747445285092,-0.518617233272037,-1.04900324471386,-0.577476313850285,-0.0543277469032874,-0.351886738326981,-0.418043543522451,-0.817471164288733,-0.762394343756989,-0.321317786828188,-0.293157113310686,-0.386481619819776,"Female",1
-0.180833005535232,-0.678832642141011,-0.815148761397942,-0.673150248971727,0.100238398624496,1.36288362602717,0.0516291473204437,-0.692504705561415,-0.165595987298604,-1.1873614545275,-0.117481321524081,-0.76213734373751,-0.495346035019633,-0.695188451283163,-0.350003531611403,1.73511880657064,-0.688163681552377,-1.49797893319715,-1.44558173784913,1.76696127864414,1.3158051018625,0.344178303389689,-0.253450683773177,-0.838259020070377,-2.01549986741405,1.05342098253682,1.13237510916912,-1.6766861805567,0.836064467757914,-0.0590230626149998,-0.498066935082903,-0.332720850644755,-1.51162308874281,"Female",0
-0.417513671970134,-0.344683824660537,0.312342298940358,-0.718788066573265,0.00739259786366672,-0.0793075787950614,-0.736830793857191,-0.783292134612938,0.67661158086382,-0.0540443853046034,0.916879448293116,3.81047897294531,3.22746101721279,-0.695188451283163,-0.350003531611403,-0.729109981122807,-0.688163681552377,-1.53507785811351,-1.33700820438693,0.54709519878916,0.196819069337629,0.82184618934485,0.922084857137855,2.04129816017065,-0.577476313850285,-0.0543277469032874,0.658698602097054,0.438756742479653,0.871246502878914,-0.529071355276435,-0.0980413245422227,0.89153526987964,-0.719759599576681,"Female",1
0.709014381150883,-0.678832642141011,0.532848689472625,1.86416105118434,-0.749114410225477,-0.581040764938719,-1.13106076444601,0.123771198373199,-0.0241603429805471,1.57566640136142,-2.23039523340496,-0.104514973102937,-0.495346035019633,0.114745465659594,-0.350003531611403,0.109556118890507,-0.688163681552377,0.895987758009666,-0.505087262440525,-0.00784147123246811,0.528867708313755,-0.802722442926142,-0.193009503954489,-0.275297987215494,0.501041351322542,1.05342098253682,-0.424721664550203,-1.2686863200675,-1.16582585610563,1.29896661832252,-0.190868539198956,-0.598165946552975,-1.0651218332728,"Female",0
0.805450613087313,1.32606026274183,-1.37869294402963,0.794717711189788,0.151606698119987,0.19290087510657,2.02277900026453,1.04766085880792,0.122280847954409,-0.832262703775743,-0.982091055289177,1.94337906440474,-0.495346035019633,0.137846433039988,-0.350003531611403,-0.729109981122807,0.475920827930261,-0.0521169715618877,0.71275593567957,0.153692568343201,-0.814447009031163,-0.191492247215106,-0.780610609258355,-0.321720189281801,0.1415354629316,-0.0543277469032874,-1.48008538645256,-0.394841992629704,-0.328975874043166,0.598754647677349,1.15108719577095,-0.962149255955089,-0.331439512521871,"Female",0
0.984531977168077,0.657762627780885,-1.3127395422905,-0.0416109684108975,0.385439228451526,1.54992837735682,0.840089088498078,0.984492461369419,0.768008422202818,-0.789325217482507,0.429630777688812,-0.76213734373751,-0.495346035019633,-0.695188451283163,-0.350003531611403,-0.729109981122807,-0.688163681552377,1.08927198446726,1.65375828766156,-0.994330872801043,-1.47371143175851,-0.217112299985702,-0.626145311686824,0.302705582308191,-0.577476313850285,-0.0543277469032874,-1.60332572528493,-1.38514130901013,2.08536694910816,1.43849509079686,-0.176035606893686,-1.37245678335239,0.616400794163914,"Female",1
0.363420897546246,0.657762627780885,-0.543870613603246,1.04686558268937,0.328482430064693,0.681848890416673,1.62854902967571,0.599493026651309,-0.334693222237604,-0.720892614611789,-0.232192195775537,1.64084306891902,1.02629260318385,1.27783378241568,-0.350003531611403,-0.729109981122807,-0.343525560397976,-0.0877641189252154,0.517947742882113,-0.253887134672262,-0.989840791555883,0.158834095013085,-1.14275881901332,0.297880025073028,1.22005312810443,-0.0543277469032874,-0.301903066674312,0.142958623434879,0.563699017339112,-0.314059117252245,0.287585467309065,0.0576525249753572,0.371998618745368,"Female",0
-2.5577103473269,0.323613810300411,-0.18564887761055,-0.133134581150435,-0.362341184553503,-0.680220580804325,0.840089088498078,-1.54950161599222,-0.506492691810313,-0.449022930244822,-0.241171291942766,-0.76213734373751,-0.495346035019633,-0.695188451283163,-0.350003531611403,-0.729109981122807,-0.688163681552377,-1.40997405116817,0.00441014598708868,2.11760209036573,1.46891475848601,0.180559703239364,1.05170528740151,2.11908026723577,-0.577476313850285,1.05342098253682,2.39022645891289,3.44556709799818,-0.888629945540533,-2.08897306576389,-1.07418845004081,0.220823224735352,-0.415653936687667,"Female",1
-0.336005491475661,-1.34713027710196,0.224196272474154,1.03265776835424,-1.69497616407425,-0.680220580804325,0.0516291473204437,0.322329892492134,0.277320898855296,0.623794137859625,0.0760029925488006,-0.76213734373751,-0.495346035019633,-0.181424399491114,-0.350003531611403,-0.729109981122807,-0.688163681552377,-1.3201014600348,-1.29281565379828,0.0889139093334803,0.173924735858582,1.46610522481906,-0.853081314004261,-0.525477059865826,0.1415354629316,2.53041928845697,0.342206597132448,0.119306263290613,-1.06697039375617,-1.51620589303617,-0.717892197067625,-0.199690677320014,0.133316026189903,"Female",0
0.594691007158335,-1.01298145962149,1.5332163440842,0.949542646078742,0.832418613813384,-0.680220580804325,-1.13106076444601,-0.876750372690056,-0.844814375716914,0.291512253457541,-0.291152592898671,-0.76213734373751,1.49747025120664,-0.695188451283163,-0.350003531611403,1.94652717441566,-0.236807858002989,-1.85153480191833,-1.73741389949726,0.90333328234888,0.976846018866802,1.13838016570528,0.253688084265833,1.5526773920986,-0.577476313850285,-0.0543277469032874,0.309602877948631,0.0139605385594131,-1.08999466361935,-0.50743041438096,-1.10216305826644,2.33629129485917,-0.244614585092941,"Female",1
-0.418157462357899,0.657762627780885,1.18197506005114,1.48903556160883,-0.813044524968298,-0.49468227142326,1.2343190590869,0.214431651223114,0.277320898855296,1.02008802251233,0.0760029925488006,-0.76213734373751,-0.495346035019633,0.610802553001237,-0.350003531611403,0.623210695050432,-0.231915111948239,-1.55573369695638,-1.91763994052533,1.26147777337029,2.08298191241158,0.773654169750182,0.553512775562196,-0.226331285982165,1.22005312810443,-0.0543277469032874,0.755760239102861,0.757109357059462,-1.21408172432564,-1.11753884041273,-0.820800775146188,0.453476184436953,1.28320451620712,"Female",0
-0.0609984531281622,-0.678832642141011,1.00897859634354,-0.931094591475488,0.120406211836172,0.647220005555122,-1.13106076444601,-0.0349135518236019,0.277320898855296,1.2063198958979,0.0760029925488006,-0.76213734373751,-0.495346035019633,2.43410168235931,-0.350003531611403,-0.0810498129307199,-0.688163681552377,-0.466586169001328,-0.270767210296688,0.314621143586807,0.706386507654174,0.413811562987435,1.15702666708659,2.55933117318531,0.860547239713484,-0.0543277469032874,0.229966751672695,1.64834016663308,0.689427791545917,-0.360587627354186,0.0709353188471077,0.889881520374095,0.51018327759327,"Female",0
-0.515274177813838,1.32606026274183,-0.25120804937241,-0.877238250371086,-0.421673928979845,-0.108151402891506,0.840089088498078,-0.501180543991733,0.277320898855296,0.274744647162592,0.0760029925488006,0.576352886117352,-0.495346035019633,-0.695188451283163,-0.350003531611403,-0.16011758715712,-0.688163681552377,2.33692522258465,1.29424611655834,-1.04436738979125,-0.745131132155418,-1.58526642278482,0.135698853176902,-0.185487991407092,-0.577476313850285,-0.0543277469032874,0.0627588177010082,-0.433306849146064,-0.180248003580133,1.32951359053266,3.35091552894359,-0.804240565789221,0.119171872556986,"Female",1
-1.28329358372192,0.657762627780885,-0.864226771886556,-1.22140660514218,-0.691997984410136,-0.680220580804325,0.0516291473204437,-0.688017675003703,-0.109157824519991,-0.299959410967472,-0.652355597955854,0.321755483208669,-0.495346035019633,-0.695188451283163,-0.350003531611403,0.192416019815183,-0.377257454065903,0.152972924426629,0.497149628282429,0.0528070041309046,0.115839698530622,-0.169921544651571,-0.395906024074372,-1.30329529485352,-0.577476313850285,-0.0543277469032874,-0.0866677597295618,0.572162370839096,0.545868335819,-0.48246063484765,3.68308639269591,-0.586462253990838,0.168387754075604,"Female",1
-0.173743757940143,0.323613810300411,-0.687760878764054,-1.30856596858507,-0.448595675189417,-0.680220580804325,0.840089088498078,-0.0634802225466632,-0.696066211413157,-0.0188501130393256,-0.276908447660664,1.05779433313492,-0.495346035019633,-0.695188451283163,-0.350003531611403,-0.729109981122807,0.877936059693447,-0.574522621068332,-0.595000770821301,1.88327548621942,1.46710764153863,-0.804972902239406,-0.420718134899318,-0.40104440782744,-0.577476313850285,-0.0543277469032874,-0.214242013451516,-0.519342390250402,1.00054678491905,0.567668628967123,-0.42784784271856,-0.68224752498339,0.0455840462235693,"Female",1
0.22104813881285,-0.344683824660537,1.85735219140731,0.355586620513901,-0.389309715026673,-0.680220580804325,-0.736830793857191,0.198569020061942,-0.308892626936628,1.99884670315885,-1.26942296645375,-0.76213734373751,0.719229904134613,4.81686181679952,-0.350003531611403,0.0862598383345756,-0.688163681552377,-0.544371996738168,-1.2210651995467,1.71587152279829,2.60555588472467,-0.523165386011658,-0.274605096709716,-0.320357121268109,0.860547239713484,1.05342098253682,0.640375781361974,1.30384768400544,-0.675182536940667,-0.653773580353276,-0.840893594888809,0.98983786149817,-1.13087867093146,"Female",0
1.7175421028932,-0.010535007180063,0.563386312967653,-0.988415208901695,0.12267030270044,1.89203291700511,0.0516291473204437,1.57168599268882,-0.540172182034228,0.917957879340918,-0.597052334524737,-0.76213734373751,-0.495346035019633,3.54035463976029,-0.350003531611403,1.22013349351753,-0.0305241417714122,-0.354563031813595,-0.754001467137593,0.0832565339957503,0.728279172081759,0.308239653294562,0.66246928883863,0.197118871367383,1.22005312810443,0.684171406056786,-0.98249760235286,-0.840875783212785,1.45006508552388,0.829952552351851,-0.118325757009944,0.265363393794503,-0.52856440663748,"Female",0
-0.263032494505893,-0.010535007180063,-1.24121937739941,-0.0162874054743737,-0.327800847860022,0.973015915061741,-1.52529073503483,-0.0852256645422846,0.77810632289865,-0.43204805748202,0.579913175137127,-0.106718063121808,-0.495346035019633,-0.291578166039491,-0.350003531611403,-0.729109981122807,0.439847857368406,0.458985535920243,0.790149206696271,1.30673739241948,0.153769508295637,-1.31039892278089,-1.01607258531461,0.347982295877448,0.501041351322542,-0.0543277469032874,-0.972362641446149,-0.775946743316233,-0.63949968915539,1.56381357493906,0.135807164464136,-1.00793197902816,1.20827170229155,"Female",0
0.519795120747215,0.323613810300411,1.24280915458801,0.680683091384923,0.0271420200867993,-0.680220580804325,-0.736830793857191,0.788016763319182,-0.235197212265642,1.9454887334638,-1.43991205744185,-0.203158328698129,-0.495346035019633,2.74703069572356,-0.350003531611403,-0.729109981122807,-0.688163681552377,0.989664715491672,0.108608112221908,-0.0445354929188016,0.598607236626064,-0.808252142953022,0.198649341270616,0.706991135131489,2.29857079327725,-0.0543277469032874,-0.108436382388466,1.04851567828998,-0.945195883913515,0.276370147024817,0.782749089668716,0.422386138583721,-0.85323868970602,"Female",0
0.641837756207545,0.323613810300411,-0.414861927310815,-1.30931326664262,-0.23005320339403,0.031662418091666,-0.736830793857191,1.17677512179575,0.277320898855296,0.45660360591841,0.0760029925488006,0.0860244565390167,-0.495346035019633,1.04581834272312,-0.350003531611403,-0.729109981122807,-0.688163681552377,1.03000537059231,0.500592730142134,0.677019331725007,0.694549477888081,-1.36236484376795,-0.604760674332036,-0.81262164935736,1.22005312810443,0.684171406056786,-0.599740354479189,-0.757239929552051,1.77231155575052,1.23949177465185,-0.281082759256681,-0.97839160994114,-0.182548040219947,"Female",0
0.351000692979821,-2.34957672954338,0.235781328584193,-0.0562178792672333,-2.06005618984956,-0.680220580804325,-1.52529073503483,-0.181223787730556,-0.991032002403601,1.08691191133679,-0.387193272726122,-0.76213734373751,-0.495346035019633,-0.695188451283163,-0.350003531611403,-0.729109981122807,0.332174028653231,-1.28271117736729,-1.74611568675789,-0.451999747200018,-0.0301051777045832,1.69569656921868,-1.07078027450317,-1.24748294010826,-1.29648809063217,2.53041928845697,-0.359105370581917,-1.35078227508242,-0.777228867740625,-0.931446010052348,-0.912722840586391,-0.502586337703393,0.0719405023899269,"Female",0
0.28969256168426,0.657762627780885,0.040963962477826,-0.836676559810837,-0.458949519773835,-0.511368993462879,-1.13106076444601,0.26489164665593,-0.303201233482337,1.26422217574904,-1.00340169642651,-0.219439270883749,-0.495346035019633,-0.0267963839032349,-0.350003531611403,-0.729109981122807,-0.688163681552377,2.2238358931915,0.817634807220254,-0.945577580994273,-0.21863170194631,-1.43434303337509,0.169021427008036,-0.558776811158152,0.1415354629316,-0.0543277469032874,-0.522040212907663,-0.966486378244323,0.675557154513556,1.65418950565359,0.5891744208884,-1.13098319640669,-0.739263126129146,"Female",0
0.838292008403093,-0.010535007180063,1.10167741829439,0.508171136114567,-0.884276641879573,0.431672865090366,-0.736830793857191,0.500394093556508,0.277320898855296,2.18579363867234,0.0760029925488006,-0.76213734373751,-0.495346035019633,2.16481558777288,-0.350003531611403,-0.729109981122807,-0.688163681552377,1.13643454798574,-0.226769429322102,-0.318282815271791,0.610920298746485,-0.722894577552934,-0.105118702262654,-0.38587336959387,0.860547239713484,-0.0543277469032874,-0.405445661277622,-0.261522010532463,-0.909774310448434,0.722688146341586,0.191486155720831,-0.584827976327285,0.275379905278916,"Female",0
-0.263180168389126,-0.010535007180063,-0.0923890512508222,0.599142883166702,-0.654627743470119,-0.0556303001832842,0.0516291473204437,0.0233304926979438,-0.303906606668655,0.993913589378068,-0.899479140814875,0.426457159687668,-0.495346035019633,-0.109634768924799,0.778501202148073,0.483542095445662,-0.279036774665565,1.17030302840047,0.446650116896234,0.229255312608198,0.366678817439204,-1.34806643160379,-0.770821307815341,-0.13831383970682,0.860547239713484,-1.1620764763434,-0.401426702185175,-0.110946796759098,-0.879275241207015,0.937123118298534,0.743996528106384,-0.728501623806473,-0.17871780212651,"Female",0
-0.387499534678159,2.66265553266373,-1.20429441924224,-0.281912822270125,-0.350829148231892,-0.346474865199749,3.20546891203098,1.2425568433094,0.277320898855296,-0.343043156926781,0.0760029925488006,-0.76213734373751,-0.495346035019633,0.197238734977844,-0.350003531611403,-0.267067083430296,-0.688163681552377,1.18872825014094,1.70251137697018,0.816075219409695,0.291236722953304,-1.57508841427321,-1.19746636106632,-0.110081162355909,1.57955901649537,-0.0543277469032874,-1.01223734537486,0.0311016075782036,-0.413001873549758,1.21553233715675,3.22403142524212,-1.37852123611448,-0.363143766325465,"Female",0
0.0456770848807815,-0.678832642141011,0.175610429314629,-1.31561160008532,-0.218229866381241,1.36288362602717,0.0516291473204437,-0.72586823008569,0.644717394282492,0.062599457442391,1.05992798540857,-0.161084639394081,-0.495346035019633,0.0450737308688206,-0.350003531611403,0.037412798459256,0.3462800799464,0.22614714805769,-0.527083512428427,-0.945577580994273,-0.816430289452678,0.413811562987435,0.747533242643433,-0.744300586816894,-0.217970425459342,1.05342098253682,0.322956860196071,-0.733588228469408,0.606563891975558,-0.0384903961430547,-0.6265706023891,0.135928882727873,1.53210703372426,"Female",0
-0.372279154334478,0.657762627780885,-0.926284792063601,-1.25929875452701,-0.86064518763451,-0.680220580804325,1.62854902967571,0.00472704919460588,-0.105481787641348,-0.285522422181321,-0.667671243975504,-0.511634584116795,0.456408734202398,-0.386666888811381,-0.350003531611403,-0.729109981122807,0.389657843312698,-0.385023645201374,0.0907970642163398,0.696230616523333,0.216066725371361,-0.0526019956178306,-1.38988416541917,-1.07355429803748,0.1415354629316,1.05342098253682,-0.432011210105789,-0.229509472650508,0.573370576313061,-0.223480054341431,-0.439623032679504,-0.686177158062702,0.646792774526842,"Female",0
-0.460101400740654,-0.010535007180063,0.195969623998988,-1.5744427160582,-1.57206031603507,0.0174247581137464,0.840089088498078,-0.270117889101136,0.00272259974725569,1.19441304959502,-2.14985030090385,-0.537518910598846,-0.495346035019633,-0.141904087814808,-0.350003531611403,2.42190587684916,-0.301583378030162,-0.123596119061993,-1.41259546285983,1.31438844402943,1.68481440205058,-0.830053509075073,-1.17955736538425,-1.52805572569782,0.1415354629316,1.05342098253682,0.760084175613381,-1.30949665508359,2.83529753526834,0.346871105545483,2.0509554108275,-0.962551356981308,0.779477540756058,"Female",0
-0.831226597451287,0.323613810300411,-1.12733681753969,-0.893189956227588,-0.31526371797595,1.31413276642816,1.2343190590869,-0.74632408263914,-0.54083800145179,-0.511116797597717,-0.211111206108615,-0.315973933785902,0.352225772007029,-0.695188451283163,0.179505816098994,0.693371003791461,0.847578368015937,0.934975317280968,1.73836470012249,1.14086318079789,0.532366612812891,-1.8291217802986,-1.08218747426433,-0.674613369036378,-0.577476313850285,-0.792826899863361,-0.630511000843142,0.948476083741818,0.496750611763547,0.656837341101076,2.05370915310163,-0.945828062683418,1.44266053392274,"Female",1
-0.60039036511186,0.323613810300411,0.0150860096879447,-0.140563179652798,-1.17205926135612,-0.305829757562952,2.02277900026453,-0.555181964377247,0.277320898855296,1.12267433441576,0.0760029925488006,-0.0921282503683907,0.777462997107753,-0.695188451283163,-0.350003531611403,0.125352911870198,-0.111602989141681,0.98100280503957,0.215794633138977,0.597302706806194,0.968083436280648,-1.41316723870174,-0.80274095392679,-0.428375593312044,-0.577476313850285,1.05342098253682,0.0020468326132366,-0.143486003956476,-0.0688794903876682,0.810145371625572,-0.174364599237521,-0.784410155209476,1.04712938054511,"Female",1
-1.08015439874235,-0.010535007180063,-1.86764389991319,0.196855788441874,-0.737323953838929,-0.544013633682226,0.445859117909261,-0.445097573025526,0.277320898855296,-1.1076004139635,0.0760029925488006,1.65320407927219,-0.495346035019633,-0.695188451283163,-0.350003531611403,-0.729109981122807,-0.272470540357502,-0.364603398229671,0.658155904512221,-0.329480426754633,-0.938245331737736,0.547275310549784,-0.0137006704923767,-0.176279149420862,-1.65599397902311,-0.0543277469032874,-1.65562108173805,-0.604026082224034,-0.0126178360682325,0.426521851583762,-0.578939382305457,-0.87037033830507,1.63508109502537,"Female",0
-0.673031644549938,0.991911445261359,-1.52516537277881,2.04964508319506,-1.55564384484511,-0.680220580804325,0.445859117909261,1.54065155527192,-0.644000821187483,0.278286147855328,-0.368011295126183,-0.76213734373751,-0.495346035019633,-0.695188451283163,-0.350003531611403,0.808659909502542,-0.688163681552377,1.18178186558189,0.982028699376302,-0.438294196099346,-0.667342506127844,-0.788408273365035,-1.9335478492602,-0.740747039124161,-0.577476313850285,1.05342098253682,-1.75839064620079,-2.10119200164692,-0.887506712735547,1.72780686635247,0.31875728934614,-1.77378797950637,-0.937642389102445,"Female",1
0.959930915371446,-1.68127909458243,-0.471707555521427,0.231311473091917,0.00188620147513943,-0.680220580804325,-0.342600823268373,0.055927477957861,0.277320898855296,0.538903748747677,0.0760029925488006,-0.76213734373751,-0.495346035019633,-0.695188451283163,-0.350003531611403,-0.729109981122807,-0.688163681552377,-1.23790696828344,-1.11376605365885,1.50957797234489,1.34483919216402,0.420215166560797,0.838163136914059,0.732455070833158,-0.577476313850285,-0.0543277469032874,-1.18696190229819,-1.06136416803259,-0.191719664976306,1.10180206003105,-0.875206097828478,0.392269345806921,-0.348273629585725,"Female",1
-1.2824553228391,-0.010535007180063,-0.598193010517156,-0.981712186285866,0.242172766635701,6.0693201024783,-0.736830793857191,-1.04365914605965,0.0544869374983682,-1.94616355981609,0.442758973635639,-0.76213734373751,-0.495346035019633,-0.695188451283163,-0.350003531611403,-0.109226341982537,-0.688163681552377,0.1221346309844,0.259808421921349,1.13375031456451,-0.277685097385097,-0.730595920836405,-1.44177683655627,1.03337599309521,-0.577476313850285,0.684171406056786,2.28327272452688,-0.874382713742337,1.68898243059686,-0.0483790381897443,0.706262496210528,-0.401130560404281,-0.226373090033217,"Female",1
-0.465922179353599,2.66265553266373,-1.92247814177056,-0.321785864526508,0.145755869366117,-0.40996870159381,3.99392885320862,3.73260842849188,0.277320898855296,-1.03235999138177,0.0760029925488006,-0.76213734373751,-0.495346035019633,-0.695188451283163,1.2135644749274,-0.0990514842693716,-0.546450110690493,1.15699005537115,1.91766636312077,0.842621072172861,-0.0161337907194592,-1.58616643284558,-2.02705589565727,-1.22040194539987,-0.577476313850285,-3.37757393522362,-1.92857175777092,-1.18911340858731,-0.436698248238521,1.76955985623248,3.37679128680341,-1.86542209117288,0.487698994119712,"Female",1
-0.58134131170297,-0.678832642141011,-1.49516234903344,-0.773203422587869,-1.0895434009478,-0.680220580804325,0.0516291473204437,1.12827564035853,0.277320898855296,0.50495975396086,0.0760029925488006,-0.76213734373751,-0.495346035019633,0.130001070259531,-0.350003531611403,-0.729109981122807,-0.688163681552377,1.31785487817692,0.966100279558461,0.597302706806194,0.825977205644269,-1.52584434541384,0.194848998594348,-1.16290120321082,-0.217970425459342,-0.0543277469032874,-1.78268202510658,-1.39634062493623,-0.177548183731846,2.31549110682278,1.17973279336455,-1.92940998994871,-0.423970027016523,"Female",0
-1.02415697096548,-0.678832642141011,-0.994573437466422,-0.327660005441298,0.209768129223505,-0.307779709767334,0.0516291473204437,-1.12634234444137,-0.527982530515429,-1.39174260799645,0.0255840761371713,0.555321614267784,-0.495346035019633,-0.695188451283163,-0.350003531611403,0.110968014681765,1.57925345223787,-0.140136165654943,0.811155005774865,1.2714386937317,-0.0161337907194592,-0.907637795287987,-0.841927989098775,-0.633647060051436,-1.29648809063217,1.05342098253682,0.703452618260324,1.27441217610016,-0.517157027931386,-0.674392820182414,0.335452652389583,-0.429454733680555,-1.5393715824388,"Female",0
0.0672041101003131,-2.34957672954338,-1.50598074701855,-0.801887716414178,-0.989965462357704,-0.680220580804325,-1.52529073503483,2.4086701526197,0.277320898855296,-0.233237856118364,0.0760029925488006,-0.76213734373751,-0.495346035019633,-0.695188451283163,-0.350003531611403,-0.729109981122807,3.32030589425541,0.427602970599637,0.688209299403096,0.209604583205051,-0.784560074901357,-0.761249692724544,-0.818575715077917,-0.620751348285533,-0.577476313850285,1.7919201354969,-1.90071964797165,-1.17261658547556,0.256023106095248,1.58734141536147,-1.10085253607929,-1.46153938339303,-2.40353895754247,"Female",1
1.18404002736217,-2.01542791206291,1.49504285405102,-1.22687753401549,0.013437544564588,-0.396456107633285,-1.52529073503483,-0.529037299345859,6.09060502962524,0.60669768168551,0.158837613507057,-0.76213734373751,-0.495346035019633,-0.695188451283163,-0.350003531611403,-0.729109981122807,1.65011023766882,-2.72748900014848,-1.67849554825342,-0.801179810469356,-0.208240361764932,3.25354293095805,1.58962754332297,-1.1526994586289,-0.577476313850285,1.42267055901686,0.16729950462433,1.95765559997833,0.0560088434529499,-3.18650353936585,-1.21034567199557,1.73553608357456,-0.153103084876655,"Female",1
1.88044543523009,-1.68127909458243,0.343965308435296,1.83248740682924,0.0858167835285162,-0.475910160121176,0.0516291473204437,0.0272724490537665,0.277320898855296,0.483448522033662,0.0760029925488006,3.98071490508156,-0.495346035019633,-0.695188451283163,-0.350003531611403,-0.729109981122807,5.43386257968132,-3.22012097983605,-3.07392931557298,-0.672534524001704,-1.16178752349974,2.89212257503451,1.28312894679922,-0.922511003607588,-0.577476313850285,-0.0543277469032874,-0.446839516449627,-0.311482419042398,-0.937261984828704,-1.98302724133844,-1.07129840186241,0.977174747679254,-1.52644600204195,"Female",1
-1.07171626415157,-1.34713027710196,-1.16339814415673,0.609409251552572,-0.124098055040921,0.277484516147939,-1.13106076444601,-1.21920221563504,-3.07113076046819,-1.54985186416949,0.0742956127188043,-0.76213734373751,-0.495346035019633,-0.695188451283163,-0.350003531611403,-0.729109981122807,3.35237365086187,-2.79488436678136,-1.42153902193643,0.0802241808147274,-1.06119353720684,2.55712329340608,1.14189439352108,1.1053138801566,-1.65599397902311,1.42267055901686,-0.257333761375376,-0.244967228255835,-0.652155689520714,-1.03239780825581,-0.833847150986147,0.898858128467559,-0.388223250677561,"Female",0
-0.309419825646311,-1.34713027710196,0.801385459862068,1.20178458795835,-0.392511907485523,-0.569182308693918,0.445859117909261,-0.661013284942849,-0.821829462004564,-0.180121894008425,-0.204155415772612,-0.0428628758559581,2.23744982807743,-0.695188451283163,-0.350003531611403,4.77463630021459,1.78765576232889,-2.4395318493919,-1.40005968382324,-1.90115106240915,-0.682856596112574,3.15274110755138,0.61784669905061,-0.320357121268109,-0.577476313850285,-0.0543277469032874,0.131818783869008,1.14506576155488,-1.19685223485347,-2.74233074804648,-1.21190204772699,1.24300252890459,1.66455665843035,"Female",1
0.131932090622074,1.66020908022231,-0.296756748808981,0.885739637579101,0.930709743706667,0.414299529998262,1.2343190590869,3.7863271426453,-2.11443028637577,-0.29514318419677,-0.042135448847076,-0.109995159524893,-0.495346035019633,0.911180483986634,2.74586112133546,0.102567234723728,0.434207799673792,-0.0407818168103911,0.525920966992365,0.371330086192957,0.321973774320579,-0.22855525680178,-0.379319440745597,-0.467550292506648,2.29857079327725,-3.37757393522362,0.16729950462433,1.15739471082751,-0.850627235638497,-0.693087597627501,0.521426389375438,-0.225505016651267,0.196964717538027,"Female",0
-2.62065330797084,-0.678832642141011,-1.76708424433486,-0.943630398556628,-0.813320278293685,0.959307486406135,1.62854902967571,-1.36611905685914,-0.950117392685569,-1.70406483922633,0.0990662193690162,2.10652329062886,-0.495346035019633,-0.695188451283163,-0.350003531611403,-0.729109981122807,1.28668349949074,1.38222885696319,2.55619083814833,-1.68746876562668,-2.71125940914043,-0.475237715527785,-1.13722126058832,-0.324981959074095,-1.29648809063217,1.05342098253682,-1.09211000863793,0.882036125313247,0.0982340766774348,-0.158024975429031,0.16260006251247,-0.741459651061163,1.94730372961144,"Female",0
0.463677708358343,-0.010535007180063,0.280393279038256,1.18090477133361,-0.073113155714227,-0.680220580804325,0.0516291473204437,1.35647311822897,0.277320898855296,0.488326068807852,0.0760029925488006,-0.154551457825128,-0.495346035019633,0.053120058935694,1.09216944336386,0.0457445678025434,-0.688163681552377,-0.285156488502582,-0.874193900824454,-0.342873843151148,-0.0972719697945656,0.618170042241692,0.0358129192069192,-0.398720832663957,0.1415354629316,-1.90057562930347,0.377098549090589,-0.53354400319008,-1.00689047931795,-0.400430146055086,-0.185212856896233,-0.412938092436857,0.0187483817632802,"Male",0
-0.334102078946429,0.323613810300411,-1.18967845341736,-0.169686893238846,1.27218118033615,-0.680220580804325,-0.736830793857191,-0.574954192473793,0.277320898855296,-1.98922188725805,0.0760029925488006,-0.76213734373751,-0.495346035019633,-0.695188451283163,-0.350003531611403,-0.729109981122807,0.775799120046981,0.636339669336715,2.87557377972167,-0.968178971163389,-2.19779624102719,0.0766200722179108,0.141355044618573,1.59955380793023,-0.577476313850285,-0.0543277469032874,-0.755816291027209,1.46888342130443,-0.63710308105969,-0.0878949788685074,1.08507738694735,0.137240100985108,-1.40822423011954,"Male",1
-0.95194019938208,-0.010535007180063,0.0217524819598505,-0.267922595521717,0.529868021264954,-0.680220580804325,-0.736830793857191,0.147332598319198,0.788378844417486,-0.505039285117563,0.538271488603362,-0.76213734373751,-0.495346035019633,0.128590489880839,1.23761936733572,-0.729109981122807,-0.112588562974852,-0.180896924155273,0.292891566607722,-0.329480426754633,-0.607230932397841,0.550399879890708,1.18504939591162,1.95224074235988,1.22005312810443,-1.90057562930347,0.736446656022542,0.946336893908611,-0.454240307415381,-0.428125078838493,0.851231919085018,0.477461447327793,-1.17340746273297,"Male",0
0.86613171669915,-1.68127909458243,-0.478232938433081,0.245618331770136,3.89165205234815,0.596719548465361,-1.52529073503483,-0.651991354772482,-7.77184174374924,-4.41121230176475,0.153727535928266,-0.76213734373751,-0.495346035019633,-0.695188451283163,-0.350003531611403,-0.729109981122807,-0.688163681552377,-1.23876598460912,0.844255772874954,-0.412416582133046,-2.11452864367772,1.7244568097431,-1.26316708585962,0.164895091606195,-1.65599397902311,-0.0543277469032874,1.46643974151155,-0.167579362052241,-0.644041075795094,-1.9506708957604,-1.2140420643577,2.7307037374467,1.05867007732801,"Male",0
-1.16746489454059,-0.010535007180063,0.417752330590147,-0.835773959313249,0.18918201146789,2.45034231676007,0.0516291473204437,-1.11363084598114,-5.96203001913878,-0.324538774259652,0.0317561026488013,-0.76213734373751,2.73648211612126,-0.695188451283163,-0.350003531611403,-0.729109981122807,-0.688163681552377,-0.75354127591261,-0.193792507176973,0.139289147123352,0.598607236626064,0.72034928186882,0.669065671676859,0.433893600916953,-0.577476313850285,1.05342098253682,0.880616255809611,1.96593987419314,-0.217559051257807,-1.57153893344388,-1.05886902172677,1.16222868222272,0.67600486821075,"Male",1
-0.163216598164096,-1.68127909458243,-0.231573464372568,-0.0607705595579282,-0.864338075507876,-0.680220580804325,-1.13106076444601,0.276971835212963,-1.28591516992318,0.884926753310371,-0.271308619514325,0.516572821385281,6.79210959990595,-0.695188451283163,-0.350003531611403,4.16310893562156,-0.688163681552377,-0.169358032962165,-0.345981054194709,1.31948548606322,2.0631373311845,-1.27581900078142,-1.54386987290218,-1.19650695006893,-0.577476313850285,-0.0543277469032874,-0.30577677211331,-0.414733123694739,-0.691901631498787,0.631492368996387,-0.636665577391902,-0.95756395120612,2.15734441106025,"Male",1
1.22578826135094,-1.01298145962149,0.0150860096879447,-0.700683808351168,-1.55776386921111,1.72343142723273,0.0516291473204437,1.35751234853303,-3.07113076046819,2.06566151137474,-0.163943433327189,-0.76213734373751,-0.495346035019633,1.23245427104061,-0.350003531611403,-0.729109981122807,-0.688163681552377,0.221513664139225,-1.22679302304355,3.379424441768,3.91820878429187,-2.31233055026435,-0.800080714053397,-1.46846385692871,0.1415354629316,1.42267055901686,-0.720570051556875,-0.610800777581924,0.99901726408708,1.74377664233946,0.473361048957848,-1.30143177912998,2.33422077438556,"Male",0
-0.247273748923585,0.323613810300411,-1.4746257291295,-0.117298983367347,-0.234447482626782,0.876430243448244,0.0516291473204437,1.60752355143863,-1.21752359191412,-0.874433479400343,-0.0275143546149131,-0.76213734373751,1.8275304486129,-0.695188451283163,-0.350003531611403,-0.729109981122807,-0.688163681552377,0.983809905649048,1.65179627309182,-1.20549356793912,-1.47614373066506,-0.0709012049937558,-1.3098491797917,-1.22717219407696,-0.577476313850285,-0.0543277469032874,-1.5819000286131,-0.662246120455906,-0.448408077953532,0.468471504097258,-0.0262417697756727,-0.974902380078892,1.70494909717051,"Male",1
1.03938017809757,-0.010535007180063,-0.357321431540672,-0.901221125885626,-0.139932641201967,0.132377683276383,-1.13106076444601,0.252565698037913,0.701992629187514,0.299246822586157,1.0501785033978,-0.484235844783276,-0.495346035019633,-0.695188451283163,-0.350003531611403,-0.0202941721627078,-0.209880379893509,-0.86976966498212,-0.222357338412804,0.565676358249444,0.728279172081759,0.574047188766341,-0.234039105993337,-0.526451455997392,-0.577476313850285,-0.0543277469032874,-0.792292715803728,0.312097494581619,0.520018121561339,-0.435231116539224,-0.30457312577783,-0.28306708124593,0.111901513212965,"Male",1
-0.0671397759944212,0.657762627780885,0.281912610558436,-1.04199894926956,-0.455433580338285,0.146034796958412,-0.342600823268373,-0.265216651701355,-0.346459216517931,0.569080971720869,-0.682663999748454,-0.76213734373751,0.612434106206014,0.0230092843069167,-0.350003531611403,1.50191682740741,0.817252612193615,-0.0994171702268492,-0.43039507824167,-0.176029999180416,0.64807968890126,0.0775794302054679,0.270176208124007,0.100351485050262,0.1415354629316,-0.0543277469032874,0.0450470062840804,-0.42052371541381,0.898851297910303,0.15116548707497,-0.560603795714831,-0.162689028571283,1.56836435586359,"Male",0
2.77722449778295,-0.344683824660537,-0.320117890958393,-0.78759940645477,0.0496307154694785,-0.680220580804325,0.0516291473204437,1.35619118247157,-0.405479194807729,0.305124335459963,-0.531790747308334,-0.76213734373751,-0.495346035019633,-0.695188451283163,-0.350003531611403,-0.729109981122807,0.13576318068543,-0.420532615085734,-0.192065913102102,-1.38654434514214,-1.47275914507405,1.48344317911677,-0.754461722945613,-0.585345992817332,-0.577476313850285,-0.0543277469032874,-1.58809902566513,-1.12732432887349,-0.153432843033635,-0.115913029051685,-0.342925597680746,-0.590939383952825,0.0466917096722124,"Male",1
1.56300633941661,-0.010535007180063,-0.451475007321981,0.86067299161317,-0.982379941831399,3.07548568175357,0.0516291473204437,0.66793290957942,0.277320898855296,0.553759667437601,0.0760029925488006,1.78280776538492,-0.495346035019633,-0.695188451283163,-0.350003531611403,-0.729109981122807,-0.688163681552377,-1.24030383334827,-1.27112544555575,-0.65819079868127,-1.15565374384774,1.67867424799773,-1.39372513718186,-0.240862551435447,-0.577476313850285,-0.0543277469032874,-0.703622382403895,-1.43020844294239,-0.415201228242582,-0.681802335633211,-0.890184743441646,-0.607965731893577,0.0238974893779592,"Male",1
-1.35833945465533,-1.34713027710196,-1.17644890998004,-1.29266196473765,-1.71364177037109,0.385746831455586,0.0516291473204437,-0.715273811576755,-0.487864580880415,-0.00948831720855679,-0.375632664225783,-0.76213734373751,-0.495346035019633,-0.695188451283163,-0.350003531611403,-0.729109981122807,-0.688163681552377,0.534637885455678,0.72529529858288,-0.204318093546443,-0.266188413360002,-0.196275085316407,-1.17782504942072,-1.01519038586372,-1.29648809063217,1.42267055901686,-1.11182264033906,-0.423202403567358,0.657269109500276,0.325068601956039,-0.0781804987753587,-1.03872362080106,-0.132510861205203,"Male",0
0.664635151293378,-0.678832642141011,0.075857184456477,-1.20668948348916,-0.601088227107449,-0.680220580804325,0.840089088498078,0.474243390675199,-0.59649216464248,0.763314310996139,-0.514623677206715,-0.353697562393491,-0.495346035019633,-0.695188451283163,-0.350003531611403,-0.729109981122807,0.0147829663972068,-0.437784371483611,-0.929591926612037,-0.0267374879672524,0.356047624583677,0.5560945542845,-0.393847090297737,-0.778003649798308,-0.577476313850285,-0.0543277469032874,-0.306171825371548,-0.896441168913778,0.408237350038285,-0.120916175833509,-0.809438592193952,-0.435517616050355,-0.192984226923898,"Male",1
0.0415815998223164,0.323613810300411,-1.17752526180051,-0.0651973392811438,-0.111960426644912,-0.680220580804325,0.445859117909261,-0.352265969498173,0.681332923387567,-0.586255458844863,0.616398635369543,-0.76213734373751,0.509141093037676,-0.695188451283163,-0.350003531611403,-0.0547771034093945,-0.233148216190413,0.00352485226893554,0.743036438731047,1.23678007515526,0.766830288028044,-0.773953057651158,-0.702981958674673,-0.448227636822823,-0.577476313850285,-0.0543277469032874,-1.09773203106276,-0.488444286422186,-0.621176459677089,0.994084487775558,0.739501299031713,-0.737790074047451,-0.595293993189938,"Male",1
-1.12794259496359,0.657762627780885,-0.0178019201867904,1.4443637243227,0.295867045307793,-0.680220580804325,0.0516291473204437,-0.733093162493919,-0.487864580880415,-0.979939325754408,-0.0958029055672534,-0.76213734373751,-0.495346035019633,0.18581827738401,0.498953868648235,-0.729109981122807,-0.688163681552377,-0.78403226557073,-0.209271880747665,0.549612496250922,0.113107924353185,0.615741650806312,0.597289308508416,0.749282468628036,0.1415354629316,-0.792826899863361,1.74635373875155,1.24879736483342,-1.12183912183378,-1.43013005282312,-0.128041988361847,0.431638823383867,0.74707126418967,"Male",0
0.0320038791264717,-0.678832642141011,-0.59035088118786,-0.805254502094268,0.174639221174881,-0.680220580804325,-0.736830793857191,0.0273280938425842,-0.66537382505334,-0.712693341257607,-0.126001857611954,-0.76213734373751,-0.495346035019633,-0.152496243421752,-0.350003531611403,-0.729109981122807,0.0701954273842303,0.490898212141533,0.633382160075147,-1.04704628460638,-0.878017325680234,0.345001669634931,1.24336696670965,0.397138549344459,0.860547239713484,-0.0543277469032874,-0.615194228790364,-0.64293480556327,-0.231419059899686,0.738768143783125,-0.128350940559279,-0.128625849742225,-1.30576536112012,"Male",0
-0.283393537603908,-0.010535007180063,-0.751414936586121,-0.376730020732381,1.15734421172863,0.482521650725795,0.0516291473204437,-0.908192457736771,-0.918554693760236,-1.78225620311296,0.114101386662322,0.355820686341271,-0.495346035019633,-0.695188451283163,-0.350003531611403,0.696622388899835,1.23590171483535,0.333926013117632,1.22144239160979,1.06443938471255,-0.231293150290387,-1.23127419500933,-0.494913197148841,0.860192190910379,-1.29648809063217,-0.0543277469032874,0.636050512546086,0.264586644019788,-0.0935953204746229,0.573817409588597,-0.639775848574704,0.246186674704998,-1.13444069492437,"Male",0
1.4261407053299,-0.678832642141011,-1.14493773446884,-1.18690790377881,-0.0613930863196487,-0.680220580804325,0.0516291473204437,0.620445166579423,-0.0182002525323945,-0.879154775839975,-0.444097250475346,-0.76213734373751,-0.495346035019633,-0.695188451283163,-0.350003531611403,0.092976228939666,0.975978547613278,-0.764579066547801,0.561212663661585,-1.60214734483079,-1.68464423973386,1.8385975336695,-1.21087083565565,-0.660713183263552,-0.577476313850285,-0.0543277469032874,-1.65314788780365,-0.621046527727797,0.277240835307978,-0.797009925130106,-0.986246318185043,-0.496498155582972,-0.279127493745941,"Male",1
-0.110993744265888,0.323613810300411,0.198499464758582,-0.559278496059498,-0.780166488897121,-0.680220580804325,0.445859117909261,-0.375494371376682,0.277320898855296,0.960117865874994,0.0760029925488006,-0.76213734373751,-0.495346035019633,-0.0773542454101732,-0.350003531611403,-0.729109981122807,-0.688163681552377,0.295494440817322,-0.560162488371771,1.08043421467839,1.34338963514082,-0.827535199457014,0.106174336148021,-0.660033670280123,0.1415354629316,0.684171406056786,0.241536089589316,-0.2262065334186,-0.35171598008097,0.511107730301646,-0.00419570863652459,-0.603777651942762,0.545140261561279,"Male",0
-0.827895193327595,-0.678832642141011,-0.72744846921961,-1.12125277072444,0.748937751101833,-0.567962107901497,-0.736830793857191,-0.977226162177026,-0.728824431470267,-1.24822879361173,0.00417677332816175,2.05963172256711,-0.495346035019633,-0.695188451283163,-0.350003531611403,-0.729109981122807,-0.688163681552377,2.07145342641368,2.7753308820892,-1.92859317264466,-2.4137715716524,-0.806444356405773,0.720821906253725,2.74279747250094,-0.577476313850285,-0.0543277469032874,-0.621464210628622,0.876717127911058,0.441750635691668,1.16362736612532,0.0220315415409168,0.378518890510706,-1.29462852753323,"Male",1
-0.428385342676019,-0.010535007180063,0.375084365587685,-1.41436442237055,-1.55514735030481,2.13899788641446,0.0516291473204437,0.226251247971386,-0.21742668674214,1.78360671445257,-1.42216711374669,-0.76213734373751,-0.495346035019633,-0.410371264178589,-0.350003531611403,-0.139267984068528,-0.688163681552377,1.61794256035326,-0.261350092361828,-1.36750581827275,-0.343123698881965,-0.533460040317019,0.542315317754581,-0.819948938541771,0.1415354629316,-0.0543277469032874,-0.140703347889964,-1.58960011434269,1.60066444449506,1.21621598925747,3.16489718308349,-1.17116420009569,-0.862699981663173,"Male",0
-0.939214847045599,0.991911445261359,2.41414303715746,-0.0307957339546734,3.06258986701647,-0.680220580804325,0.0516291473204437,-1.51039605023492,-1.08162863820781,-2.27015565303802,0.188745778524808,1.14347293480586,3.12472121219988,0.0871340821274492,-0.350003531611403,0.891040439357448,2.59149324410852,-1.43529107023571,-1.31404934722282,-0.709290320135321,-0.560019926926127,1.37522531766087,3.647546691411,1.93259958136259,0.1415354629316,-0.0543277469032874,1.82798155140595,1.35139735062165,-0.801531297724366,-1.10420578376363,-1.12712874952307,4.09665898712079,-1.75315120795528,"Male",0
-0.458159693919847,0.323613810300411,2.11721376623351,-0.249246924925741,1.76780891647538,-0.680220580804325,-0.342600823268373,-1.28128670248917,0.997727882358626,-0.478890643132411,0.411945683807435,3.00928733604633,1.29578763910664,0.466042104333561,-0.350003531611403,-0.127897535932552,0.528865635439866,-2.52942869931428,-2.13717190943436,1.76840461200414,0.7985832334734,0.985769089864109,-0.322775988818226,2.23715589706761,-0.217970425459342,-0.0543277469032874,1.62072661990263,1.05087691032092,-0.554284675434363,-1.49397862052346,-1.1923492952405,3.40009047856251,1.12054785582357,"Male",0
0.263819548842332,-0.678832642141011,0.169130049043744,1.4169923860493,0.709211383521088,-0.680220580804325,-0.736830793857191,-0.709981619312271,-1.17097134133652,-1.2702687989526,0.0294621939569945,0.591791066392486,-0.495346035019633,-0.695188451283163,-0.350003531611403,-0.729109981122807,-0.105617930050908,-1.94673513858961,-1.26318154878824,-1.16142476738446,-1.38281583248242,2.77206598621563,0.901331387115658,0.514562127353858,-1.65599397902311,-0.0543277469032874,0.551326129270181,0.121499251086389,-1.20660992715797,-1.91680309459308,-1.35483383464935,1.08524825979258,1.48521423042406,"Male",0
-0.40329415546588,-0.678832642141011,0.91341372385895,-1.17796484025405,-0.570980265442441,7.75163805056376,0.0516291473204437,-0.569142941680643,0.277320898855296,1.02685157401278,0.0760029925488006,-0.76213734373751,-0.495346035019633,0.436057277780068,-0.350003531611403,-0.143421800949207,-0.688163681552377,-0.402515608026118,-0.797528955061356,0.949897378572222,1.45578134517826,-0.0771764734368195,0.0605880660171668,0.368222603338738,-0.217970425459342,-0.0543277469032874,0.84693021205024,0.951291302756473,2.12373565425685,-0.643125146638697,-0.534433925776226,0.164658961221358,-0.6841048076405,"Male",0
0.426587683493134,-0.678832642141011,-0.60769509332672,-0.137637057133908,-0.917853805158939,-0.172266496232959,0.0516291473204437,0.743861371445157,0.277320898855296,0.831274032149383,0.0760029925488006,2.49254638523492,-0.495346035019633,0.640977945891358,-0.350003531611403,-0.729109981122807,0.245417032961081,-0.295319945273513,-0.804183406222402,0.777586941203241,0.27646475741635,-0.394178801383832,-0.797209031824085,-0.608952129571818,0.1415354629316,-0.0543277469032874,-0.804911594223932,-0.692623068651162,0.159522799454456,0.57070181903802,-0.346699438263804,-0.874584990267746,0.282064072821154,"Male",0
0.65964585513746,-0.010535007180063,-0.850640379661699,-0.624583589063713,0.150522996353573,-0.258961981457625,0.840089088498078,-0.101659088801941,-0.0143560749533701,-0.347504928405113,-0.853122763243308,-0.76213734373751,-0.495346035019633,0.088406151287477,-0.350003531611403,-0.729109981122807,0.954331169022518,0.225778631309137,0.589252999152649,1.94519534697769,1.47573772686296,-1.50449982032122,0.1851164136917,0.195075412163013,0.501041351322542,0.684171406056786,-0.750699241162177,-0.352040462204934,0.269632323965755,1.65048514318667,1.25497743082542,-0.309546328945202,-0.482271316997924,"Male",0
1.86484515174145,-0.010535007180063,0.658335226355558,0.754958136625849,0.288280655668772,-0.281742809968396,0.0516291473204437,1.16015395340029,0.277320898855296,0.571179076114889,0.0760029925488006,-0.76213734373751,-0.495346035019633,0.093536066852566,1.17006094610389,0.904298626104425,-0.4126224013823,-0.185666800149991,-0.659766620375084,-1.4844105053753,-0.909067770701695,1.26000952127429,-0.190472161462918,-0.4055343714003,0.1415354629316,-1.1620764763434,-0.203883420200588,-1.04698693254765,-0.991158026636019,-0.398254740899434,-0.52514013926571,-0.0942878540904524,0.158495728261689,"Male",0
0.132961865368287,-1.34713027710196,0.477918955396997,0.172613095116671,-0.813285141183298,-0.132261598129211,-0.342600823268373,-0.257703530563123,-1.02659329870058,0.685679464991834,-0.306666234912143,-0.152658666903299,-0.495346035019633,-0.695188451283163,-0.350003531611403,4.71176900105083,2.45867224711915,-1.49116960087759,-1.70061428514741,0.28517724815267,0.702021615058019,0.787195513400587,-0.710544167037503,-0.728135265887557,-0.577476313850285,-0.0543277469032874,0.302590477224068,-0.170318949499266,-0.466060550652134,-0.95830883278302,-0.64849403295074,0.118234279509044,1.25461637589728,"Male",1
-0.00636591315317088,-2.01542791206291,1.3031965964484,2.55292444951197,0.184694686941319,-0.680220580804325,-0.342600823268373,-0.619225606313235,2.10030198515946,-0.47931786087531,0.20870936056145,-0.76213734373751,-0.495346035019633,-0.695188451283163,-0.350003531611403,-0.729109981122807,0.338395600056924,-2.69972228680269,-2.32995785823553,-0.332767530473901,0.143174097464596,3.03620436536904,2.19813939105549,0.0642940230834749,-0.577476313850285,-0.0543277469032874,1.52075919392495,0.679654760742118,-1.28392277013353,-2.52035960220291,-1.38120114117879,1.17191808921606,0.645051504628821,"Male",1
2.11671334568453,-0.010535007180063,1.55951739283423,1.33008887645709,-0.721323731640381,-0.379025857438503,0.0516291473204437,0.547627612569186,-0.428507865757581,1.60171576727769,-0.917273854492417,0.887463459498465,-0.495346035019633,-0.288855668331281,-0.350003531611403,0.533131999082731,-0.120353488689231,-1.48384928156271,-1.93221360587981,-1.0040184999251,-0.143124981022703,2.09416897419107,-0.183102450533955,-0.179404855386827,0.501041351322542,-0.0543277469032874,-0.898677765151113,-0.415237143287876,-0.483103212704401,-1.03536280626375,-0.973776560818798,0.323122419821342,0.16059403676767,"Male",0
-0.0169089746102507,1.32606026274183,-1.58888195146799,-0.37817773857482,0.252484224769047,-0.440258677317405,2.02277900026453,1.30069877469626,0.277320898855296,-1.09959326564411,0.0760029925488006,-0.0772739064080456,-0.495346035019633,-0.132865603464102,0.191863093758523,-0.146838884847525,0.0976273204729392,0.919488978381465,1.80074600058519,0.473800270699879,-0.340719922427563,-1.21509482182683,-1.3176386073673,-0.646076299163023,0.860547239713484,-1.90057562930347,-1.55001706122258,-0.404619208941901,-0.469632665903815,1.25343793443775,2.63294847692058,-1.4227754137544,0.330323880362668,"Male",0
-0.423480608043115,-0.678832642141011,0.557048100162964,0.0396862750381989,0.0995929513965553,-0.367500549146444,-1.13106076444601,-0.633966966243919,-0.033565303731059,-0.28439081411194,-0.840506562513144,-0.0839998904834932,0.792904354516584,-0.695188451283163,-0.350003531611403,-0.729109981122807,-0.688163681552377,-0.347626616881434,-0.753259857624643,-0.0987109337562943,0.785586526572577,0.503417620615384,1.91801130826401,-0.410553481460083,-0.577476313850285,-0.0543277469032874,0.911595248164075,0.522839406464952,-0.736700744406934,-0.585900426946902,-0.400407741361417,0.308037399037469,-0.456495180302713,"Male",1
0.295800346111671,0.991911445261359,0.257921305856047,-0.807036308669578,0.26862575844863,-0.145121859967505,0.445859117909261,-0.122669854726156,0.0635171576248675,0.601329118289431,-2.17071475613307,0.170604755255507,1.27657404784664,0.453585519112402,-0.350003531611403,-0.729109981122807,-0.688163681552377,0.357819778196474,-0.00330534704311253,0.595124256596959,0.707414200345742,-0.717832649903241,0.225763585919195,0.14768859180523,0.860547239713484,-0.0543277469032874,0.000510514565935474,0.0284268544944132,-0.117527340610987,0.576614225327177,-0.502913041457344,0.239724528743129,-0.153103084876655,"Male",0
1.44516331136961,0.991911445261359,-0.210692239055275,-0.840873544662711,0.518268637432767,0.565574667263661,2.02277900026453,0.28734511149262,0.0684951259887916,0.318901205616267,-1.92586375343816,-0.76213734373751,1.23531863264603,-0.134174853400823,-0.350003531611403,-0.148194580065867,-0.688163681552377,0.653888985471769,0.541790838846265,1.18861810536699,1.18794278496021,-1.37545516864384,-0.982748454090674,-0.773833505301689,0.501041351322542,-0.0543277469032874,-0.445001082659616,-0.516680621119684,0.213040168933719,1.03362755509367,-0.128772703763165,-0.828720143027948,0.536092901127251,"Male",0
0.444790537970953,0.991911445261359,0.541159196911858,1.40079577734284,1.49860715571638,-0.533586307586754,0.840089088498078,0.079590977891331,0.701390257938813,-0.983213954985495,0.384303644308617,-0.76213734373751,-0.495346035019633,-0.0116272022321818,2.2847748964285,0.686510811807472,1.22225586096026,-0.784882471986608,-0.675703281495613,0.312833627665416,-0.284265515412715,0.497149240697504,0.45049616373215,0.156119253713789,0.501041351322542,-1.90057562930347,1.83051490820152,0.53469930771927,0.370036108971704,-1.18203558006095,-0.119282235896103,0.567617283376557,0.953868074110313,"Male",0
-0.0121585217061226,-0.678832642141011,0.0427452133844392,-0.824149598817178,-0.421418312563916,-0.462206412392428,-0.736830793857191,0.0249950145906492,0.0950227902248841,0.440353997329602,-2.36416979704677,-0.76213734373751,-0.495346035019633,0.0394314886267939,-0.350003531611403,-0.348769790949093,-0.174884040747735,-0.650538841883814,-0.771396129290993,0.924549642145486,0.775720124077743,0.152288783514953,-0.0221065398604536,0.309509127607608,0.1415354629316,-0.0543277469032874,0.329126206605928,0.0871270989144184,1.06740167288559,-0.192774315880656,0.096538823262046,-0.114003612315191,0.173723701610082,"Male",0
1.03948802659895,0.657762627780885,-1.28183876263358,0.912945840200645,0.790847814352842,-0.680220580804325,0.0516291473204437,0.182623887980379,1.08808401249294,-1.23654630898399,0.168317570698861,-0.76213734373751,-0.495346035019633,-0.150656608818824,-0.350003531611403,-0.729109981122807,-0.688163681552377,2.31172708718688,3.39759925575177,-0.777195096043186,-1.69885711133473,-1.59109521229515,-1.97843171153079,0.404916737013797,0.1415354629316,-0.0543277469032874,-2.10635319082865,-0.299738917844204,-0.0423830233100929,1.7563243234721,2.67712174147654,-1.07345595913965,-0.400903888833116,"Male",0
1.18430073671269,1.66020908022231,0.241655571834028,-0.199293560857906,2.70317649489223,-0.52637237245858,0.840089088498078,0.889111737128044,0.562869034627866,-1.24927198121745,0.328280754741877,0.732744453884546,0.214606662938713,2.06647734001164,5.85946711899838,-0.729109981122807,-0.0449708556347972,0.698255116142204,1.14159360914655,-0.137943059319102,-0.328788611217535,-0.625449872341401,1.13558807512017,0.202320226457773,1.93906490488631,-2.63907478226355,0.817135513415235,1.01588316595925,-0.0821937826016986,-0.190618582930458,1.11643604648648,0.625391998259924,0.751527572848414,"Male",0
-0.219021836955945,0.991911445261359,-0.106662576867565,0.602980126459843,0.246973189011699,-0.145936007888139,0.0516291473204437,-0.337050666063176,1.26293265101095,0.0260066834423256,0.434578986108798,-0.76213734373751,-0.495346035019633,0.187431842821115,-0.350003531611403,0.18482102530195,-0.071476054505036,0.0973316461438478,0.688209299403096,0.165174499966616,0.0514201683295017,-0.128524401187325,0.0706070264854867,0.852335726511458,1.22005312810443,-0.0543277469032874,-0.256909552318433,0.837457861371084,-0.693985641432588,-0.00158626927409888,0.629377879388946,0.374188441841237,0.381906198058992,"Male",0
0.455911395643861,-1.34713027710196,-0.990525692251069,-0.945330985227537,-0.276090858722492,6.65768889443556,-0.736830793857191,-0.618559285940807,-0.113488118339322,0.0444841564187076,-0.838749720544024,-0.76213734373751,-0.495346035019633,-0.695188451283163,-0.350003531611403,1.44520953743023,-0.688163681552377,1.47356028453271,1.7223996530009,1.3723369576279,0.79749403959079,-2.35103845045251,-1.64964193758489,0.438972730359276,-1.29648809063217,-0.0543277469032874,-1.18885248869025,-0.315105250784585,1.3056754196237,2.01756349084406,-0.0439285266101067,-0.829964987450234,-1.00134429841992,"Male",0
0.890469279546311,-1.34713027710196,-0.060857492503714,0.467313214488827,-0.574443148650907,-0.467397225926045,-0.736830793857191,0.0487773997450056,-1.27240989071127,0.277640185721153,-0.187873471678716,0.928079980355668,-0.495346035019633,-0.695188451283163,-0.350003531611403,-0.729109981122807,0.0390748591989126,-0.96844671973695,-1.3184876834294,-0.855757801488494,-0.889119158926107,1.5406521624175,0.0152971712867273,-0.970940946628205,-0.577476313850285,0.684171406056786,-0.218313857882768,-0.929226091574181,-0.897154362924574,-0.80334842593888,-0.744150238774391,-0.16177055878455,-1.16983387356312,"Male",1
1.8341476724007,-0.344683824660537,-0.336474620007499,-1.0205696284788,-0.492153432166887,0.809542903343641,-0.342600823268373,1.9058177458792,-0.782315702196437,0.689305267397956,-0.395637794748627,-0.76213734373751,0.445565958350486,-0.0851749315604618,-0.350003531611403,-0.729109981122807,0.164270354821936,-0.206791614879769,-0.225946497087738,-1.05963354151015,-0.977152991696311,1.00282961015445,-0.91807413831109,-0.947192416506372,1.22005312810443,-0.0543277469032874,-1.43301573835501,-0.895595249525654,0.124972094426492,-0.0742076392317889,-0.396456941427797,-0.723577367835728,-0.774026267261821,"Male",0
1.32282986794903,-0.010535007180063,0.493269965204925,-0.407215847695473,0.22272329619423,-0.680220580804325,0.445859117909261,0.339466234950986,0.743004540839533,0.733217433962019,1.17000036909271,-0.457398005320414,-0.495346035019633,0.0554512380952333,-0.350003531611403,-0.340475768110427,-0.688163681552377,-0.520839745339674,-1.16976459969174,0.851972235259815,0.895923574617938,0.0953370170468046,0.12129875287368,-0.143489492276541,0.860547239713484,-0.0543277469032874,0.122202513757751,-1.3456019642735,-0.506274242554558,0.591217405217976,-0.457345093351412,0.264739161884543,-0.0413793181485653,"Male",0
-0.252291463770193,-1.34713027710196,0.766726818349886,1.08976756343825,0.400954532946104,-0.680220580804325,-0.736830793857191,-1.0716196279152,-0.136954710595812,-0.181485083194998,-0.666583422429544,1.04518510673627,1.22132942632542,-0.695188451283163,-0.350003531611403,0.423329578941686,0.0894609012833131,-1.52490174366157,-0.782880087922828,-0.537395430595897,-0.417206169992227,1.71641988340718,0.681740476576179,0.826933763096949,-0.577476313850285,0.684171406056786,0.49047724748575,1.41860380782516,-0.614948092138033,-1.85819750626198,-0.671472879737019,1.69275776894105,0.66372178742427,"Male",1
1.05979350707854,-0.678832642141011,0.421046394079206,0.972221293344489,0.124759612785633,-0.304956542814867,0.0516291473204437,-0.10416435862489,-1.599613887761,0.0129663145109673,-0.11075867362604,1.86982662842105,2.83792963656066,-0.695188451283163,-0.350003531611403,0.389738291316482,-0.688163681552377,-1.15818408991414,-0.967422791334199,-1.24084835839051,-1.00164911482718,1.76276080721284,-0.30021806304544,0.266623974798455,-0.577476313850285,-0.0543277469032874,-0.373662157116022,-0.447570113196516,-0.750342815015866,-0.849394380346617,-1.09206111640718,0.447234197134007,0.70615424832302,"Male",1
0.190263982928347,-0.010535007180063,-0.744044018243941,-0.295657821555808,-0.0987689711479414,-0.251324659522905,0.840089088498078,-0.373677901521912,0.613241009140552,-0.491977630525426,0.787862516023944,1.16131572767613,-0.495346035019633,-0.695188451283163,-0.350003531611403,0.322167398458493,0.49410964839092,-0.312471307260311,0.460276248264427,-1.02832237084563,-1.75588543412005,0.866012102404684,-1.22120565311168,0.286548911828193,-0.577476313850285,-0.0543277469032874,-0.795065213390839,-0.0761802606243456,1.66655013159084,-0.550986283676931,0.0416441645447261,0.0581496914467823,0.111901513212965,"Male",1
0.325166041085148,-0.010535007180063,0.2973458202108,0.315481972873964,-0.877296322244672,0.0242981112065358,-0.736830793857191,0.192392161213306,-0.942960318099327,0.814081236148311,-0.356109358064697,-0.19175059369732,0.588211508365792,-0.695188451283163,-0.350003531611403,-0.00169550662146534,0.293502337012784,-0.910639279143303,-0.814022349005289,-0.521224949247582,0.163090998594104,1.22916018939983,-0.29958333938989,-0.490478341670837,-0.577476313850285,-0.0543277469032874,-0.437631267903743,0.127265741758175,-0.377323837170869,-0.97007552467102,-0.736163762386837,-0.0818037734478702,-0.239817127676623,"Male",1
0.329899130144536,-0.678832642141011,0.308044025805125,0.35630907784242,-0.55288937005407,-0.557142014127729,-0.736830793857191,-0.195852674050392,-1.01851952657949,0.932320995394708,-0.351045863232923,1.05497710143698,0.655304854705444,0.0508033143220034,-0.350003531611403,0.0433456373105041,0.875511756688426,-0.558470266053056,-0.8819177556543,-0.140884122960687,0.00765649671651477,0.450191168427434,0.326625586749871,0.426675890656805,0.1415354629316,-0.0543277469032874,-0.534845285059959,0.096515171502109,-0.890404025001492,-0.0250676360893532,-0.1753558105972,0.242853249716771,-0.587670012012122,"Male",0
2.3527129057341,-2.01542791206291,-0.636347985907769,-0.218270722341806,-1.8833111128406,0.000814154806173145,-2.70798064680128,4.27843701690081,-4.81151141014697,1.09292995932106,-0.0397060978054243,-0.76213734373751,-0.495346035019633,-0.695188451283163,-0.350003531611403,-0.729109981122807,-0.688163681552377,0.0289776196123775,-0.261350092361828,-1.16678267626648,-0.637414616228225,0.963840235873893,-1.06451987763801,-0.756567887096606,-0.577476313850285,2.53041928845697,-3.42606710804244,-0.85987893882522,-0.404023960624336,0.737659518754933,-0.766778588539125,-1.25887812150041,-4.87901841747487,"Male",1
1.53054571173235,-0.678832642141011,2.91874402889153,-0.365674720844667,-0.52471168158103,-0.31538054387013,-1.52529073503483,-0.106059570255084,0.277320898855296,3.06618845151158,0.0760029925488006,-0.76213734373751,-0.495346035019633,-0.695188451283163,-0.350003531611403,-0.729109981122807,-0.688163681552377,-0.0856954265620385,-2.03512230611947,0.43114636811999,1.9628270507353,-0.00470340480039252,1.52496893528919,0.306150016586732,-0.577476313850285,0.684171406056786,-0.692014389833358,-0.300092831578944,-0.252584590338024,0.889374094530687,-0.790013054815415,1.19200408505081,-1.76341497598419,"Male",1
1.84795005705961,-0.010535007180063,0.961690169302374,0.876118266542801,0.367281188910301,0.0147128228798572,-1.52529073503483,0.880783378100493,0.277320898855296,1.02799995522356,0.0760029925488006,1.63470988767182,-0.495346035019633,0.780801382042839,1.07229263360155,1.94550281103297,0.343111798900459,0.104826317713705,-0.908578657318124,-1.00395585269194,-0.392697972860665,0.298644763040167,-0.156522653901613,-0.41937681095494,1.57955901649537,-0.792826899863361,-0.401696066202229,-1.02005255060292,-0.907325156211997,0.296311311130675,-0.232899648451009,0.118281280043087,-0.61192981619687,"Male",0
1.156070475952,1.66020908022231,0.7851448555354,-1.3252395787776,0.812862115171264,-0.00481423143854141,0.840089088498078,0.403626025661447,0.852875996905548,0.518721815250451,0.878932322542972,-0.34365038060643,-0.495346035019633,1.88187401171654,-0.350003531611403,-0.729109981122807,-0.688163681552377,1.23913597124589,0.380121823436197,-1.85736842289705,-1.48723865562384,0.182569561863367,1.54275128738404,2.11693240248692,1.22005312810443,-0.0543277469032874,-0.199119575176098,-0.82501881849747,2.86248996009836,1.22120262810976,0.29920752688391,0.167320594969892,0.233100748755027,"Male",0
0.274524586781604,-0.678832642141011,-1.45059314056784,-1.05915734679086,-1.01873711453887,-0.52999233030201,0.445859117909261,0.938384990576764,0.277320898855296,-0.0196543036025079,0.0760029925488006,0.82201371102999,1.00935128231317,-0.207424604541319,-0.350003531611403,-0.22404284599333,-0.00656156744741239,-0.757581208069465,-0.510884654643816,1.79739545262072,1.20339294369068,-0.556684372904239,-1.85283564079114,-1.46325378053785,0.1415354629316,0.684171406056786,-1.08300087373329,-1.69497145817584,1.05955099239853,0.835806496453139,0.0812794305454558,-1.33491569938224,-1.13766877916795,"Male",0
-0.220418761467935,0.657762627780885,0.405974673422575,-1.02801002078419,1.22496687610023,-0.680220580804325,0.0516291473204437,-0.858374383608708,0.930091418841934,-0.500408949801304,0.439480852361375,0.519364764977242,-0.495346035019633,-0.169085088203534,-0.350003531611403,1.44995695995982,-0.688163681552377,0.739518604136883,0.989399435973233,0.280227073592782,0.544246949273456,-0.981894382661727,-0.268369625647639,-0.141301173722788,-0.217970425459342,-0.0543277469032874,0.39908622187308,0.788632363071589,0.177771912114139,0.0659489394469466,0.410826512350301,1.32206864818925,0.958876993381748,"Male",0
0.531756213974125,2.66265553266373,2.29843998059852,-0.0624091173674705,1.5010600790751,0.0222794330059309,1.2343190590869,3.51506192553999,0.0981187620997275,1.16526208921192,-3.29886535844533,0.801440320708323,0.247231861845875,2.67481630802412,2.4334911613478,2.76044477068085,-0.688163681552377,-0.145595195811237,-1.18029522710409,-0.678997081563659,0.83903791815031,0.413811562987435,1.23462806998667,0.13811169024625,2.65807668166819,-5.2238218176238,1.32905385375168,1.21434682015483,0.0349088254808076,-1.13020641860313,1.05539231417878,0.4405120628064,0.00112259031302933,"Male",0
-0.281198685841213,-0.010535007180063,0.206932267290566,1.78784382871124,-0.531724275020104,-0.680220580804325,0.840089088498078,-0.184061157754766,0.74962563527533,0.0898866567463151,0.854126207558249,1.09229540757799,-0.495346035019633,0.0661238403138978,-0.350003531611403,0.059209654750686,-0.688163681552377,0.161222996717156,-0.253985995398551,-1.43830930979967,-1.21065427039558,0.80735498512162,-0.292651515328566,-0.711510267585822,0.1415354629316,-0.0543277469032874,0.556074037260859,-0.0606056133505866,-1.14061702623622,-0.9540392245002,0.687927536090487,-0.0689963210725044,-0.533137780883256,"Male",0
-0.316445031710963,1.99435789770278,-0.879988899971038,1.34247749710024,0.0785793042818266,-0.680220580804325,0.0516291473204437,0.862261905931564,-0.659047014825764,-0.76248535182509,-0.115633996460865,0.113221292789488,-0.495346035019633,0.382911505273742,-0.350003531611403,-0.729109981122807,-0.311528956308707,0.0399019161439081,1.31448977682706,-0.495909356003932,-0.738145064447416,0.387523839146004,-0.197938096805477,0.141826613924811,1.93906490488631,-0.0543277469032874,-0.707097855198131,1.08169090028464,-1.03528109559995,-0.551277045900599,-0.268473439464652,0.0600799807209719,1.26776034845353,"Male",0
-0.0822240573472216,0.323613810300411,-0.026023902655474,0.742468813999531,0.685824188920385,-0.58692815126864,-1.52529073503483,2.23223567383306,-0.693807772642235,-0.0895879469928097,-0.261657465791269,-0.30821006934359,-0.495346035019633,2.10011712053205,2.88233775336793,1.00757098004165,-0.688163681552377,-0.208139722288686,0.13281419428516,0.847500998702589,1.06073274210158,-0.316852976527206,0.248856188599357,-0.15569787269997,1.93906490488631,-1.53132605282344,0.715892365676475,1.2260061846957,-0.815103502246704,-0.629390890717735,0.234090727977978,-0.164230637828082,0.353638419318025,"Male",0
1.44401589862411,0.657762627780885,1.4033361265157,-0.573475116404648,0.951741468501811,-0.0685127344475904,0.840089088498078,-0.199576576064797,0.277320898855296,1.26600233352602,0.0760029925488006,-0.76213734373751,-0.495346035019633,0.806090927473654,1.09666219406468,0.0481584449019776,-0.163691026773803,0.347350125404773,-0.183900898131214,-0.546122066271144,-0.332122169261546,0.120961405800648,0.0456766692453909,1.94453112776282,0.501041351322542,-1.1620764763434,-0.960125267040143,-0.52646531761267,0.665898781528653,1.02364333210197,-0.126299812736902,1.55188060773677,1.17271931612375,"Male",0
-0.544611560891049,-0.010535007180063,0.50528268598542,-0.845790601682555,-0.738074201281994,0.545641943294573,-0.736830793857191,-0.563480685680189,0.920264765852893,1.13710099255089,1.00698646829026,-0.76213734373751,-0.495346035019633,-0.695188451283163,-0.350003531611403,-0.729109981122807,0.0359469514967706,1.01686125153484,0.295576237119066,-0.572938173188039,0.152424232907538,-0.500967307050707,0.628210655388471,0.293513016846536,-0.577476313850285,-0.0543277469032874,0.073905091281286,0.291982013496973,1.07048118357469,0.366634907707254,-0.435200269809104,-0.267044505154227,-1.52644600204195,"Male",1
1.78766375091863,1.66020908022231,-0.0462658391900509,-0.381889160679982,0.96486223265947,-0.680220580804325,-0.736830793857191,2.75097395889462,-0.475478484985413,-0.170483166334983,-0.335876884903165,-0.76213734373751,-0.495346035019633,2.3384219480573,1.32042703652538,1.06587681566828,-0.688163681552377,0.419178783775716,0.702803573900465,-1.68107126107802,-1.35673360305119,0.802680755525211,0.624267215566871,1.28507713337629,3.01758257005914,-0.792826899863361,-1.22129848752645,-0.544016415609626,-0.479918261393608,0.653112902846007,0.513440503284448,0.129631894015059,-1.01236041807633,"Male",0
-1.39636117645916,-1.34713027710196,-0.731395675463175,-0.673594124725305,0.872251672210114,-0.368296274417838,-0.736830793857191,-1.46636793597294,0.277320898855296,-1.6520939068496,0.0760029925488006,-0.76213734373751,-0.495346035019633,-0.695188451283163,-0.350003531611403,-0.729109981122807,-0.688163681552377,-0.0495718798448971,1.91733674996696,0.643185020169945,-0.0243742870645713,-0.184745108822956,1.29496160039156,1.98394041774962,-0.577476313850285,-0.0543277469032874,0.464842921575139,2.28203046568162,0.625046148899362,-0.445406856503496,-0.705046137994822,0.700274784945788,0.477018959469774,"Male",1
-0.206704106148084,-0.010535007180063,-0.588348775067238,1.05249439378366,0.247624296541897,-0.680220580804325,0.840089088498078,-0.306738381242828,-0.423778694805401,-0.584965499244989,-0.235808564855856,0.220991577186043,1.37229334880552,-0.695188451283163,1.20570734926643,-0.31118173195369,-0.124157912091986,-0.25496782512352,0.219285725854498,1.71308287731372,0.918334353863556,-0.952172543317611,-1.5040060294288,-0.460364983357887,-0.577476313850285,-0.792826899863361,0.385532681531445,0.258130500381884,-0.992192134536373,-0.102511123212761,0.135807164464136,-0.337274468044186,-0.804055610027924,"Male",1
-0.570650642485825,0.991911445261359,-0.861460934854782,0.242019122039766,-1.19356320253371,-0.208307924335094,0.840089088498078,1.94682453554968,0.277320898855296,0.335335612874848,0.0760029925488006,0.754472386989517,0.224925742850908,0.238746976199272,-0.350003531611403,0.721489813958349,-0.361892902126167,0.359523786383063,-0.255327516938373,0.538697176494392,0.502107191635776,-0.811349203626992,-0.590076429164531,-1.17001869943077,1.57955901649537,1.05342098253682,-0.225463822806689,-1.25490887750974,-0.709263117961061,0.841161267026412,0.587927468699612,-1.22328827154966,-0.254735672674466,"Male",0
-1.36217020899553,-0.678832642141011,-0.682163999664213,0.00974483784230564,-1.73722640598066,0.130535056827221,0.0516291473204437,-0.513348083607183,-0.801432857370051,0.627798817301457,-0.374699467369056,0.246329951436644,-0.495346035019633,-0.695188451283163,-0.350003531611403,-0.729109981122807,0.179649319395695,0.288777582578623,-0.671164618985772,0.813991127876347,0.641385607085672,-0.809705826980706,-0.502778339337103,-1.06824584111047,-0.577476313850285,1.7919201354969,0.19217258721569,-1.21470899496172,-0.647215905360845,0.725607507494855,-0.449002580544945,-1.07434646092556,-0.236747604037685,"Male",1
0.828629669387845,0.323613810300411,-1.01680465828097,0.113050191724255,0.48892617413409,-0.474262495438247,0.0516291473204437,1.55514193076046,-0.908391445097775,-0.973923180328493,-0.0359894228051746,0.346319626595561,-0.495346035019633,-0.0125954192988229,0.965519692020424,-0.729109981122807,-0.211235290096493,0.414334279738163,0.768663855130796,-0.317263202732884,-1.11761735954677,-0.138766817885619,-1.34251342115494,-0.378436175075305,0.860547239713484,-0.792826899863361,-0.557190680090595,-0.992179661865216,-0.697673932511679,0.449015017080722,1.74873962697386,-0.886268994244433,0.28558947764301,"Male",0
0.686968425056137,0.991911445261359,1.14658740656871,0.931798604106769,0.792412192484397,-0.51121379898922,0.445859117909261,0.632843604456471,0.378153579514276,0.00664284915233701,3.53861300673603,-0.76213734373751,0.131399727849162,0.523809897572506,0.433098825795044,0.953879325817902,-0.688163681552377,-1.06917472272583,-0.905938316604521,0.141423511119087,0.136773969033432,1.0399824850869,0.226251492883935,1.44819489403474,2.65807668166819,-1.1620764763434,1.10308107732797,0.510142829712349,-1.02800227887846,-1.03536280626375,0.0306882539761146,0.914979242568764,1.17451254314884,"Male",0
-0.105490558015012,-0.678832642141011,0.221746650117024,-0.60923017814106,-0.496137200030445,0.0790411176803526,-0.736830793857191,-0.849421315306625,-0.584571420146888,0.656705452197818,-0.495501081775339,-0.0571187662103499,-0.495346035019633,-0.695188451283163,-0.350003531611403,-0.729109981122807,-0.0814763944030912,-0.2180084931277,-0.737296323123608,1.25863487285633,1.72009424597262,-0.551644171435379,0.368603404739167,-0.931294028918413,-0.577476313850285,1.05342098253682,-0.0152823665057648,0.160415893970372,-0.349966051802094,0.228135455798259,-0.809740431842453,0.00618561680282796,-0.461986439948434,"Male",1
-0.866136458185659,-1.68127909458243,-0.944145278325161,-0.775388196998286,-0.0193628209113746,0.184803377733204,-1.13106076444601,-1.16709233003705,0.277320898855296,-1.13686057830084,0.0760029925488006,0.246329951436644,-0.495346035019633,-0.695188451283163,-0.350003531611403,-0.729109981122807,-0.688163681552377,-1.02100977396746,0.33268073613216,0.0637181758706007,-0.428073654404601,1.09825445935575,0.623367019436756,1.69569073221998,-0.577476313850285,0.684171406056786,-0.479400642751046,0.376384083615023,-0.222534592158524,-0.228404331197679,-0.912050397101559,0.402151057023429,-0.623883922606745,"Male",1
0.888990585812641,0.323613810300411,0.466871231936238,-0.0524412240260887,0.179865208668008,0.0907621387547299,-2.70798064680128,0.463532138951867,0.277320898855296,0.459402527108672,0.0760029925488006,-0.0955524876428473,0.770958010572183,1.76772814453084,-0.350003531611403,-0.729109981122807,1.60629249812635,-0.789239960917048,-0.631938549423562,1.29787670722929,0.641021225735933,-0.222763359187027,-1.31088302514284,0.11219521329148,1.22005312810443,-0.0543277469032874,0.274164775996412,0.154520514705021,1.68023614832892,-0.369647246625913,0.0464277311310211,0.41084989311817,0.570950195894085,"Male",0
0.699390519777148,-0.010535007180063,1.4055949129082,0.259796299829632,0.705941135516908,-0.142561579006563,0.445859117909261,-0.0473313950883684,0.473687991238793,0.440587608577703,2.34160881879591,-0.76213734373751,0.725213036839791,1.67875578803181,1.17505294767274,0.0902764384304146,0.970513384299108,-0.433794339579727,-0.730814296799122,-0.865909845532251,-0.205401348399726,0.954069611590643,0.696101092964569,-0.488681472614079,0.1415354629316,-1.90057562930347,0.286151180060882,0.423024408608881,-0.609991059948415,-0.910379850739227,-0.587417194667953,1.2530552746916,-0.512761785987631,"Male",0
2.01444780883223,0.991911445261359,0.825791162782893,1.16163502601913,0.232852471806717,-0.485639227772755,0.445859117909261,1.67666698614284,1.1751253978159,0.760923252496408,0.65025911822774,0.412893618807757,-0.495346035019633,0.751990769680631,1.04453009584215,-0.729109981122807,-0.182590942261305,-0.641383330996825,-0.956604880435409,-1.10168327885905,-0.971474576459116,1.44419560703517,-0.360366230236236,-0.448227636822823,1.93906490488631,-0.423577323383324,-0.397834858397393,-0.471278673184286,-0.519221471547479,-0.77228776964148,-1.13662036680007,0.0108824023255651,-0.311513654684416,"Male",0
0.415056402719871,0.323613810300411,0.642627064776372,-0.111283949234892,-1.03421175444453,0.446491297963044,0.445859117909261,-0.105792963515017,0.434054266170566,1.5818640607054,4.52115257039768,0.77633700958191,1.45306936409543,-0.0635886077956978,-0.350003531611403,-0.0751043068005037,0.63573452697129,0.85731378473728,-0.36996167535889,0.453358617852613,0.783512958481627,-1.35417050982692,-1.47608148544499,-1.47577253114936,0.860547239713484,1.05342098253682,0.123029981480076,-0.588265814517277,1.36774937482138,0.498318563127453,-0.113372637363113,-0.639860350128152,0.116949219843243,"Male",0
-0.100077831683218,1.32606026274183,0.0280680872700771,0.907747853094136,-0.453443982277675,-0.301867949909604,-0.736830793857191,0.808494483044447,-1.27865106179688,0.785521642034879,-0.258834118559027,2.87434323737377,2.26792710536107,1.99204582704923,-0.350003531611403,2.05345319457194,1.18940942830554,-1.17430782649042,-1.01611984208508,1.68256920149638,1.40074143959363,-0.555941592284161,-0.603717431800514,-0.103436754732292,0.860547239713484,-0.0543277469032874,0.185237712887245,1.27412598586031,-0.825279588799456,-0.680473835150612,-0.895059022064556,0.0815837894857371,0.0790471419878176,"Male",0
-1.19005976698417,1.32606026274183,2.08536271893742,1.12549893928667,0.895054954835189,-0.49941489878384,-1.13106076444601,-1.34923009131861,-1.91292743926839,0.021425835796558,-0.0848947387845555,-0.0454975808665072,2.22743958682069,-0.695188451283163,-0.350003531611403,0.18482102530195,-0.688163681552377,-1.25377831753893,-0.961424848727976,-2.18961991167047,-1.46854391027206,2.70367452283642,3.44950144442642,4.19133309605132,-0.577476313850285,-0.0543277469032874,2.02321412874893,1.80061853381843,-0.562860065690436,-1.86592808591317,-0.773094754128796,2.04772946318636,-2.82362032044009,"Male",1
-0.26015194829093,-0.678832642141011,1.54891101505274,-0.878097568271715,-1.01996358522685,-0.680220580804325,-0.736830793857191,0.0279318527033831,3.15202184264263,1.144735569432,0.284808928006067,-0.76213734373751,-0.495346035019633,-0.695188451283163,-0.350003531611403,-0.729109981122807,-0.688163681552377,0.652787964546767,-1.02830190878735,-2.04522214114555,-1.3165475024119,0.933550195321579,1.5377585500651,0.680475567785143,-0.577476313850285,1.7919201354969,1.46643974151155,-1.04698693254765,0.629022676968723,-0.171071888968561,-0.636665577391902,-0.137348533039838,0.757073201401518,"Male",1
-1.86476555845274,-1.34713027710196,-1.61126222984926,-0.769711728717028,-1.06544764610476,-0.680220580804325,-0.736830793857191,-0.88072237238273,1.08973638296911,-0.778457948440297,0.292540607797716,1.89605090712916,-0.495346035019633,-0.695188451283163,-0.350003531611403,-0.0511122508131317,3.88672007344563,-0.0051438438552813,0.7323093897321,2.27512051810493,0.305435904291445,-2.05126259301704,-1.41539130520336,-1.1688891837263,-0.577476313850285,1.42267055901686,-0.173623942633341,0.859989266515764,-0.0801913449177578,0.389888667520173,0.421358644831573,-1.16459949731339,2.31629411594043,"Male",1
-0.981291772745389,-0.678832642141011,-0.76496594049222,0.754070787070236,-1.14542018003245,-0.680220580804325,-1.52529073503483,-0.128577420429328,-0.932379845119949,0.131187359489637,-0.235333448859009,-0.76213734373751,-0.495346035019633,-0.695188451283163,-0.350003531611403,-0.729109981122807,-0.201586449806927,-0.0123538383837722,-0.414038045005058,1.30802924222695,1.05433288262064,-0.720496123162278,-0.464444553842552,-0.657649483107042,-0.577476313850285,-0.0543277469032874,0.0278377120600547,-0.55899198013401,-0.910541560926823,0.554140423047769,0.121879863883921,-0.990098938999603,-0.728431907975567,"Male",1
0.455772806221829,0.657762627780885,-0.763445248949623,0.471539233785634,1.62738827577692,1.56719404671032,0.0516291473204437,-0.162230057861914,-0.626688728391863,-1.73179295102807,0.114085172279808,-0.76213734373751,-0.495346035019633,-0.695188451283163,1.65595628671268,-0.729109981122807,0.766313399950219,1.26219789417042,2.09903119563031,-0.436598830461527,-1.60609573509582,-0.910987520126285,0.120155438434377,1.57689518619563,-0.577476313850285,-0.792826899863361,-0.0932500646372223,0.157212634826194,1.0491556643098,0.995468712675768,-0.894758599503607,0.0125321260538326,1.54337934220988,"Male",1
0.0106522826648872,1.66020908022231,0.766852220355053,0.48076439363522,2.59966781326066,-0.34441625615209,0.0516291473204437,-0.470814692151653,0.277320898855296,-0.900446931662206,0.0760029925488006,1.51277725235302,-0.495346035019633,0.705714689940489,1.67490794197302,0.721489813958349,-0.198757512413062,-0.974828224261787,0.133881419802485,0.374150879849721,0.140232022922209,0.591437101641571,1.38577033726299,1.29797311483668,1.22005312810443,-3.00832435874358,0.517981046973455,2.04627806832283,0.298248968780199,-1.12036380102177,0.141974165557017,2.76562125774972,1.14823591975184,"Male",0
0.85385056710997,-0.010535007180063,-0.0791659844652592,-0.90913866420665,-1.20906215463811,0.517896083695626,-0.736830793857191,0.206001414010421,0.0930565548467424,1.55482505886843,-3.67261881533134,-0.76213734373751,-0.495346035019633,0.0473549702591114,-0.350003531611403,0.0397749641898548,-0.688163681552377,0.853407322790572,0.0443072101001129,-0.0271276630792474,0.355647184986424,-0.687016238973863,-1.03587060384827,-0.41026710369975,-0.217970425459342,1.42267055901686,-1.17845307182103,-1.18519890818791,0.199722795129268,1.24657477745884,0.522377932950236,-1.03275623978447,-0.650567856729099,"Male",0
-1.16417864138607,-0.678832642141011,0.821504694242686,0.00507621457891262,0.0478782436582482,1.55933595360712,-2.31375067621246,-1.35510821600086,-1.12253347377158,-0.301787206959495,-0.124797759479095,-0.76213734373751,-0.495346035019633,-0.695188451283163,-0.350003531611403,-0.729109981122807,2.12714939844639,-0.786437866332714,-0.275208058553595,-0.493549777611929,-0.900209515664518,1.05046682527954,-0.0453733311097401,0.613225940457453,-0.577476313850285,0.684171406056786,1.92638380053373,1.85888156126327,-0.83343919680484,-2.29885331013272,-1.23214629264233,1.16439813863346,2.26693085355528,"Male",1
-0.340641055782309,-0.678832642141011,0.145046377741333,-0.565414340965806,2.30594480482089,-0.680220580804325,-2.31375067621246,-0.899440363554112,-1.09051066132586,-2.46107775581531,0.21881083697946,0.516572821385281,-0.495346035019633,-0.695188451283163,-0.350003531611403,0.0862598383345756,-0.137981582912101,0.0985090840206956,0.847315507648912,-1.13810794169416,-2.14060645875177,0.659576008626542,0.677343485434635,2.65855229665471,-0.577476313850285,-0.0543277469032874,1.49191307948973,0.108313209083574,-0.366221264984942,-0.351358062859237,-1.14163949426068,1.80896208367767,-0.200127118036836,"Male",1
-0.294030715463552,0.657762627780885,0.129320633367888,0.297062941715437,0.146793511356663,-0.57806537046275,0.840089088498078,-0.479253480513431,0.709356878846453,-0.312360302646394,0.721224596858903,-0.196696143553159,1.65297903654801,-0.695188451283163,-0.350003531611403,0.713104844044596,0.0417021660657975,-0.272943640627791,-0.871353432578656,-0.409719958583892,0.334766073155515,0.444376740159134,1.78061337398921,-0.735135566232201,-1.29648809063217,-0.0543277469032874,0.446223089752882,-0.85636390426107,-0.362922959888099,0.236538577182461,0.484308057107254,0.096805874442448,0.328024584451899,"Male",0
-1.80847596949111,-0.010535007180063,-0.0449122407592067,2.005072921743,0.068078207322171,-0.636564508008781,0.840089088498078,-1.50287834985845,0.277320898855296,-1.29743465088378,0.0760029925488006,0.196895280104579,-0.495346035019633,-0.695188451283163,-0.350003531611403,-0.729109981122807,-0.688163681552377,0.0717223723224096,0.210890674665647,-1.33630096006169,-0.784560074901357,0.95526135728609,2.10526635865116,0.468177724652637,-1.65599397902311,0.684171406056786,0.876913919730793,0.668719994203196,-1.15228244574001,-0.729377459726786,-0.116213532803008,0.663811246023526,-1.48104623618524,"Male",0
0.0378599074185723,1.66020908022231,0.0100304217622171,-0.678498762111848,0.651627529022506,0.596719548465361,2.02277900026453,-0.348874914105981,-0.450983359741249,-0.186267465431644,-0.344947790739376,0.191054642931367,-0.495346035019633,0.478771793737407,-0.350003531611403,1.09429926190249,-0.688163681552377,0.510326227815782,0.485595973311743,0.130810184672575,0.083078372646293,-0.599517753753223,-0.0554598080065752,0.71501506375328,0.1415354629316,-0.0543277469032874,0.173176944359684,0.313363389655969,-0.0223588137633644,0.363241332924483,1.03836071446494,0.258734257764392,-0.112186069010004,"Male",0
0.67749989073138,-0.010535007180063,1.53314472402785,0.713884087238186,0.42063156103444,-0.536340002858445,0.0516291473204437,0.590474338388066,-0.75847685852823,1.14718532412697,-0.504028324132151,-0.145940004324027,-0.495346035019633,1.58155492154017,-0.350003531611403,1.62840023702485,-0.688163681552377,0.811162166588953,-0.263797060014193,-0.847341617424568,0.533260749467288,-0.244962936277864,1.30398050486194,0.298052883879183,1.93906490488631,-0.0543277469032874,0.038116155984478,0.362834967868613,-0.826730159349363,0.340387668101535,-0.86646194385353,0.826088743656935,-0.745792136489633,"Male",0
0.332846100770637,-0.010535007180063,1.64899809624987,-0.736150103748523,-0.679078567727334,0.881387730149685,0.840089088498078,-0.418171867235492,-0.0910186060570839,2.13255177464574,-2.1453383466895,-0.76213734373751,-0.495346035019633,1.28391085295069,-0.350003531611403,0.295543672897562,0.00323558819680103,1.14412590000512,-0.469802928784369,-0.155689160710135,0.138498192545074,-0.975993946848498,-0.538492280671706,2.28650345764852,0.501041351322542,1.05342098253682,-0.199310324617528,-0.833906658793115,1.1999685110829,1.58112056227721,0.0817845276384189,0.812441347057707,-0.386481619819776,"Male",0
0.966357876987693,-0.678832642141011,1.68908164031196,0.0075065288861663,-0.172936138727619,-0.680220580804325,0.445859117909261,-0.450552911245435,-0.115198442265771,1.50441622713152,-1.65541503457579,-0.76213734373751,-0.495346035019633,-0.695188451283163,-0.350003531611403,-0.729109981122807,-0.688163681552377,-0.141223193541645,-1.4513688248303,0.775820786226163,1.56107376849853,-0.1827184399123,-0.155871903750797,-0.958777018403063,-0.577476313850285,-0.0543277469032874,0.220093574894835,-0.504332808084398,-0.0970497039868002,0.0800968986421041,-0.886048848757414,0.441870681007525,-0.314083169198736,"Male",1
-0.833318380277043,-1.34713027710196,-0.40174938058486,0.289476845908351,2.2197265971659,-0.645235919728444,-2.70798064680128,-1.08406390249388,0.277320898855296,-2.55313381046222,0.0760029925488006,-0.76213734373751,-0.495346035019633,-0.695188451283163,-0.350003531611403,-0.729109981122807,-0.688163681552377,0.369054872173384,2.24347248500595,-0.935951062959278,-1.82193555854692,0.466036507685744,1.85934630826387,2.8688282555669,-0.577476313850285,-0.0543277469032874,0.810683240987524,1.70360452405743,-0.735510416306292,-0.423181748264071,-0.825493846277041,1.19439695269318,-0.925894271339256,"Male",1
0.10352517151777,-0.678832642141011,0.238708044947315,-0.780589679593459,1.48942974176225,-0.583847740859444,-2.70798064680128,-0.649376963831946,-0.585682106124982,-0.101453375905629,-0.300929353704367,-0.76213734373751,0.270963732776631,0.795256952575408,-0.350003531611403,0.299769048790421,-0.341038481173162,2.15628084578304,2.65407311984238,-0.874123014136584,-0.684743877162263,-1.50505135355666,-0.427701982085508,0.534837371421194,0.860547239713484,-0.0543277469032874,-0.539096040970308,1.38996930404169,1.50556068433092,0.612318601650116,0.942433239713036,1.51005054407725,-0.427069191114233,"Male",0
1.57913961011778,0.657762627780885,0.698914307693106,-0.137395216098871,0.988071278115545,-0.589010571570777,0.840089088498078,0.523390130163416,-0.376673565856323,0.198363014624058,-0.522542830761001,3.8232373890075,-0.495346035019633,1.56376786394001,-0.350003531611403,0.830284798589461,-0.688163681552377,0.26659569992744,-0.972710352612994,-1.01597149412517,-1.08712792429798,0.13473451475584,0.207318873000862,0.364682526125541,0.501041351322542,-0.0543277469032874,0.0919029730192706,-1.44821663658618,-0.412062995411306,0.757656342700932,0.195168032335646,0.0670424648940308,1.34949563625714,"Male",0
-1.17821470809064,-0.678832642141011,-0.536961384637965,1.43876319999168,0.310727526163622,-0.612117107243276,-1.52529073503483,-1.05706121805556,0.277320898855296,-0.761922193420073,0.0760029925488006,0.70335071067287,-0.495346035019633,0.20726600673358,-0.350003531611403,-0.729109981122807,1.2034736463569,-0.0285020658296054,0.916142350541767,0.391318631506069,-0.55144198868887,-0.34315673657234,0.142540911196233,0.713302789114891,0.1415354629316,0.314921829576749,0.54682361877116,1.56159282712412,-1.17621235726537,-0.594309855003324,-1.15270701143343,0.36501179276224,1.92168901236158,"Male",0
-1.42050274745239,-1.34713027710196,-0.293238332887697,-0.145738596094367,1.59845540029657,0.5257784301726,-2.70798064680128,-1.31609058436417,-1.92560782438384,-2.05624574195296,0.124127279850091,0.267560841861361,-0.495346035019633,-0.695188451283163,-0.350003531611403,-0.729109981122807,-0.688163681552377,-0.903595898881498,0.859039122993343,-0.471344903059814,-1.36694631133395,1.34149150170742,1.21344084485277,3.7468226103231,-0.577476313850285,-0.0543277469032874,0.827614391944452,0.804397426390053,-0.538680027342611,-0.555090622013116,-1.35404542263605,2.16100727374373,0.0479996952339069,"Male",1
-0.651381141323289,-0.010535007180063,0.00485589325225561,-1.08851192731881,-0.74974335190861,0.70964622656404,0.0516291473204437,-0.74948867159314,-0.0115379399407242,0.607018651994571,-1.59128892360084,0.498040790006675,-0.495346035019633,-0.695188451283163,-0.350003531611403,0.074442884429386,-0.688163681552377,1.79655367776422,0.551009018379531,-0.806062826863919,-0.617510882687897,-1.21348743848165,-0.315994165498601,0.520238801436453,-0.577476313850285,-0.0543277469032874,0.3304765392092,-1.03849024104528,1.00304247569395,1.31192728335797,-0.287936288631831,-0.798746143809361,0.371998618745368,"Male",1
-1.58294970503934,0.991911445261359,1.9421435575256,0.838124600262025,0.177105835533143,-0.632926501942485,0.0516291473204437,-1.38563448716892,0.277320898855296,-0.0840683908691948,0.0760029925488006,0.00508875533614917,-0.495346035019633,-0.22272699973324,-0.350003531611403,-0.239888089448392,-0.688163681552377,0.859251696252018,-0.55281912491427,-0.836854553775512,0.191793321470939,-0.189847356613621,2.20046121686559,1.57212650894168,0.501041351322542,-0.0543277469032874,2.49483478617353,0.556638637179272,-0.735899477897483,-0.253073019673675,0.380270325521924,1.24415903583521,0.0687708744002558,"Male",0
-0.814828676271969,-0.678832642141011,1.41895121505513,1.4587409084808,0.80109898629382,-0.680220580804325,-0.736830793857191,-0.989255950246219,-0.646644790803499,0.612025844619255,-0.446437187017483,-0.330255102537116,-0.495346035019633,0.368632035650466,1.70023796040637,-0.729109981122807,-0.688163681552377,-0.0480195508321802,-0.252203222844526,-0.165255854184134,1.2764508197587,0.325617119953865,2.87123823103883,-0.121917888519842,0.1415354629316,-0.792826899863361,0.838378567387265,2.84725498006557,-1.12891692122438,-1.31818648054299,-0.600071293006745,1.35491360027856,1.27114537152281,"Male",0
0.78699081333049,0.323613810300411,-0.643696071101613,0.944171165259892,-0.560753816037767,-0.209768954231284,0.0516291473204437,1.76783531791862,-0.328404799285706,0.630838186414542,-0.727772683014573,-0.76213734373751,-0.495346035019633,0.699632621310012,-0.350003531611403,0.715191985615033,-0.688163681552377,1.32573588422958,0.999398938251462,-1.1361575617739,-0.614416483758329,-0.45345506568566,-0.390326776738845,-0.655855304626575,1.22005312810443,-0.0543277469032874,-1.51564709953844,-0.886631861806083,-0.565219665714346,1.16684661179607,0.382553009928015,-1.19212407198619,-1.23999482075805,"Male",0
1.87122874163368,-0.010535007180063,0.489509718595225,0.269132683793229,0.509987616588008,1.50881964080085,-0.736830793857191,0.726141957098054,0.511806309172062,0.728905194738781,2.24460368906321,-0.37852429420069,5.33461847292083,1.66711880646655,1.47109332306321,-0.729109981122807,0.302164096000123,-0.747951005645141,-0.45735539996678,0.827966800511748,1.24950950087426,0.00369214432717679,-0.655384529567458,-0.951184998004702,0.501041351322542,-1.1620764763434,-0.116546261418253,-0.205514590583414,1.15686446477948,-0.275754183485727,-0.30978657085946,-0.205709707157641,0.279333612223835,"Male",0
-0.10471168559979,1.66020908022231,-1.15138727999265,-0.0731363153880176,-0.356797209132876,-0.0468582766865611,0.840089088498078,3.83408605815734,-0.368599560119138,-0.458277631292344,-0.305721322237206,-0.76213734373751,0.0782037140254328,1.16403485342726,1.08326714104919,-0.729109981122807,-0.688163681552377,1.09259371815709,1.55224440251579,-0.314505843144642,-0.656489027537704,-0.706848708663803,-1.03263822693578,0.00576531500775606,3.73659434684102,-0.792826899863361,-1.26244213173832,-0.406430800952228,-0.698844983759084,0.990610796020558,0.626703029267889,-1.26820693039981,-0.754905037342344,"Male",0
