"PartSop_AbsoluteIntervallicTrimRatio","PartSop_Ambitus","PartSop_AscendingIntervallicMean","PartSop_AscendingIntervals_Per","PartSop_AverageDuration","PartSop_DottedRhythm","PartSop_HighestNoteIndex","PartSop_IntervallicKurtosis","PartSop_IntervallicMean","PartSop_IntervallicTrimDiff","PartSop_IntervallicTrimRatio","PartSop_IntervalsAugmentedAsc_Per","PartSop_IntervalsAugmentedDesc_Per","PartSop_IntervalsBeyondOctaveAsc_Per","PartSop_IntervalsBeyondOctaveDesc_Per","PartSop_IntervalsDiminishedAsc_Per","PartSop_IntervalsDiminishedDesc_Per","PartSop_IntervalsMajorAll_Per","PartSop_IntervalsMajorAsc_Per","PartSop_IntervalsMinorAll_Per","PartSop_IntervalsPerfectAll_Per","PartSop_IntervalsPerfectAsc_Per","PartSop_IntervalsPerfectDesc_Per","PartSop_IntervalsWithinOctaveDesc_Per","PartSop_LargestSemitonesAsc","PartSop_LargestSemitonesDesc","PartSop_LeapsAsc_Per","PartSop_LeapsDesc_Per","PartSop_RhythmInt","PartSop_StepwiseMotionAll_Per","PartSop_SyllabicRatio","PartSop_VoicePresence","y","PartSop_LargestIntervalAll_M9","PartSop_LargestIntervalAll_P8"
1.11074614520169,-1.02622770000143,-1.28198046888356,1.36372730117943,-0.62692430925783,0.255460696195043,0.0170746986557003,-0.204030676913821,-0.596069441556539,-0.939536539801711,-0.0722126276941265,-0.375167111358074,-0.48744394845628,-0.696536272585953,-0.343032310267798,-0.719834078126746,1.18445618019058,-0.221310328871053,0.684844031741091,2.18573899407604,-1.31043569455437,-1.51419554930697,-1.16192581322808,-0.6994761808405,-1.33627195010655,-0.0863537532420052,-1.08247533052771,-0.10331095122187,-0.228480450590914,0.804029911605392,-0.111098650953018,-1.94955845476157,"Feminine",-0.427718243085383,-0.801193979414496
-0.5260800501349,-0.682788947809716,-0.19509093948539,0.138666225908352,1.71497277112575,-0.330958443265669,-0.802510836817823,-0.181939772436363,-0.955088430716598,-0.152538240795282,-0.167858835718643,-0.224891434309529,-0.48744394845628,-0.696536272585953,-0.343032310267798,-0.0701208142886785,-0.218582730943356,0.724537011405774,0.385140623252053,-1.33229314729193,0.268843831928954,1.2459509306565,1.58235465241169,0.710563982038642,-0.595717843921203,1.0546801098209,-0.319556363773418,-0.685149596280556,0.986182598704104,0.949507903135464,-0.892634553064829,0.802908838362067,"Feminine",-0.427718243085383,1.24707584621909
-1.02543642930126,-1.36966645219314,-0.868349487275793,1.28179174127916,-0.880420739488923,-0.662412739482594,-0.802510836817823,-0.93808306978655,-1.00990599611321,-1.29078033844925,0.0490361799840139,-0.744025591386318,-0.48744394845628,-0.696536272585953,-0.343032310267798,-0.719834078126746,-0.648546268226338,1.27211005792871,1.79940338614257,-1.37922596570939,-0.114657499034357,0.21856328444661,1.01832084996897,-0.545490796191906,-1.33627195010655,-0.0863537532420052,-0.287021663361065,0.0915652675390573,-0.246486964273303,0.449815180484739,0.270755527440138,-2.00324754703399,"Feminine",-0.427718243085383,-0.801193979414496
-0.134939142318721,-0.682788947809716,-0.162620641112084,-0.844919785726994,-0.468609491749634,-0.368313757508364,-0.392718069081061,0.126503048769679,-0.0480418122416589,0.419655647236589,-1.32266036066175,0.557683936806224,1.89382242479211,-0.696536272585953,-0.343032310267798,-0.719834078126746,-0.648546268226338,0.0863345219297804,-0.881811064352244,-0.0930959647185844,-0.0406184748747383,0.0844834181441874,-0.812667454400604,0.576030927022688,-0.595717843921203,0.674335488799928,0.535702841727466,-1.57552165971308,0.453119095245469,0.478795654543897,-0.992785659224501,-0.901848786051913,"Feminine",-0.427718243085383,1.24707584621909
-0.716191602737424,-0.339350195618002,-1.44833569708938,1.79040875194364,1.90324952910316,-0.662412739482594,-0.392718069081061,-0.891696940660007,-0.78299668384649,-0.678754170702573,-0.0974769113799166,-0.118083928308087,-0.48744394845628,-0.696536272585953,-0.343032310267798,0.0635522495631704,-0.130121333320543,1.2363247570232,1.17526779108681,1.26454741042387,-2.06464487926588,-0.19731988832733,0.469693333527279,1.09871437521863,-0.595717843921203,1.0546801098209,-0.389996325192489,-1.0464284805194,-0.522229024021034,2.22260293482639,-0.134129822205758,-0.870035419830551,"Feminine",-0.427718243085383,1.24707584621909
0.0570191974232688,0.00408855657371117,-0.00974534980159691,-1.08944667345427,-0.551002891750876,-0.34886919671668,0.0170746986557003,0.396408428654773,0.285158986381788,0.74901416638928,0.109092526227779,0.336154471228502,1.48857021173011,-0.696536272585953,-0.343032310267798,-0.719834078126746,-0.648546268226338,0.0163572930593616,-1.15903211231477,0.232195524463552,-0.159564577322306,-0.0195429593533868,-1.2732268336443,0.730778224963566,-0.595717843921203,0.674335488799928,0.561059476837083,-1.61363394820491,0.1111627915699,0.445995205965467,-0.853976195059801,-0.441778566850593,"Feminine",-0.427718243085383,1.24707584621909
-0.619445414253088,0.347527308765425,0.0577622004462203,-0.0891536962579111,1.03287439738584,-0.0642789991160855,0.426867466392462,-0.281007680551481,-0.352682542411668,0.327128811840486,-0.604974701741621,-0.744025591386318,-0.48744394845628,0.59372638198882,-0.343032310267798,-0.719834078126746,0.235950151327224,0.22278859896464,0.0862337686726379,0.249749029824158,-0.286760455193148,-0.30074866364561,0.12979726534244,0.395799342207676,0.14483626226414,1.43502473084186,0.541111595596261,0.416512700786282,-1.03994672615769,-0.241571858900013,-0.460442340744819,-0.0726273812310751,"Feminine",2.33599963531248,-0.801193979414496
0.569787428335758,0.00408855657371117,-0.952240488990999,0.61034230402195,-0.635537134265557,-0.393978055463663,0.836660234129224,0.72257569346681,0.285158986381788,0.650647172631474,0.109092526227779,-0.744025591386318,-0.48744394845628,0.487412605207378,-0.343032310267798,-0.106621559448122,-0.648546268226338,1.23116120556514,0.85681912582053,0.627518654209947,-1.50372360689534,-0.415046688980811,-0.938141894792423,0.826845777822293,0.14483626226414,-0.0863537532420052,-1.4876420921906,-1.28043331496896,0.658828627603853,2.02479632533457,0.272872206349492,-0.637066933110135,"Feminine",2.33599963531248,-0.801193979414496
-0.277030525648197,1.72128231753228,-1.32643725544852,0.916847911917513,-0.227895692771203,-0.0167412068736774,0.0170746986557003,0.84236943147634,0.443301514181819,-0.526151709555285,1.72960442934926,-0.744025591386318,-0.48744394845628,1.54276254940332,-0.343032310267798,-0.719834078126746,0.118991947088736,0.769111286070832,1.33183013286523,0.983456539839071,-1.32656851133965,-1.78470269668809,-0.620377390196829,-0.150249909009232,-0.225440790828531,-0.0863537532420052,-1.32098602506699,-0.536900049106706,1.11918787841041,1.1816892796731,-0.236021607482906,0.83270516502652,"Feminine",-0.427718243085383,-0.801193979414496
-1.42691538991702,-0.682788947809716,-0.841858281890418,0.383290097947208,-1.3662803312718,0.798891577201856,0.0170746986557003,-0.94661761382516,0.285158986381788,-0.0493378123172218,0.109092526227779,-0.23166864262646,-0.48744394845628,-0.696536272585953,-0.343032310267798,-0.719834078126746,0.200154604321793,0.586756648214997,0.531052453312476,-0.557297440723239,-0.128935904697021,0.160733343998584,0.320427980114222,0.0176036130777675,-1.33627195010655,-0.0863537532420052,-0.450247320912841,-0.241841232101154,1.40371181482309,0.5269037714245,-0.737400735117197,1.02170067885908,"Feminine",-0.427718243085383,-0.801193979414496
-0.509451922070466,0.347527308765425,0.057277027135354,-0.400635350151609,-1.12505497605221,2.33510789872881,1.24645300186599,-0.402174722320993,-0.35181590989972,1.34135927942032,-0.977643843353571,-0.744025591386318,-0.48744394845628,-0.0522814824280326,-0.343032310267798,-0.719834078126746,0.234748389887613,-0.362602415507729,-0.46268062154087,1.44922107289325,-0.53464667543377,-0.438325798206202,-0.576671119283222,0.667019466647013,0.14483626226414,0.674335488799928,-0.0862946671193067,0.90190003031513,1.18068232480679,-0.311863014516357,-0.0863537308396565,-0.983148736534019,"Feminine",2.33599963531248,-0.801193979414496
0.480761646561525,0.00408855657371117,-0.427580921076494,-0.55327035944895,0.386249900674635,-0.662412739482594,1.24645300186599,-0.679685663586317,0.285158986381788,-0.135838113524436,0.109092526227779,-0.744025591386318,-0.48744394845628,-0.185575576943466,-0.343032310267798,-0.719834078126746,3.90498998653351,-0.943352420274978,-0.326654971909399,-0.421978979946233,0.972151439614178,-0.846241045845285,-0.727135988219722,-1.3766635326712,-0.225440790828531,1.0546801098209,-0.809637257153178,-0.197854999109589,-0.75677030820812,-0.615737423201352,-0.721694868358065,-0.105291039509207,"Feminine",-0.427718243085383,-0.801193979414496
-1.41369186536952,-0.339350195618002,-0.563064461876872,0.489456853241661,-1.01978342016956,-0.662412739482594,-0.392718069081061,-0.357987462741779,0.123582724564387,-0.364778565618451,-1.71012774162812,-0.507315444974948,-0.48744394845628,-0.696536272585953,-0.343032310267798,-0.719834078126746,0.135657433066627,0.180790221166686,0.499836218915303,0.0105248192833571,-0.0889197191736807,-0.0336964904900347,0.343431009914019,-0.208808337502725,-0.595717843921203,-0.0863537532420052,0.471934677523632,0.571384570254211,0.0790614625301386,-0.32253055044026,-0.00401928511936316,-0.941271882654999,"Feminine",-0.427718243085383,1.24707584621909
-0.779907007410547,1.03440481314885,1.21111619503192,-0.480481530632053,-1.04054250719613,1.18341058675537,0.426867466392462,-0.821821953297653,-0.395267027643159,0.65140993739201,-0.671538927120609,-0.744025591386318,-0.48744394845628,-0.0083337681502077,-0.343032310267798,-0.719834078126746,-0.648546268226338,-0.886213469381993,-1.05771880439896,0.501342479516661,0.730703680368031,2.1759435624041,0.26154056479128,0.56084416061225,0.14483626226414,-0.0863537532420052,1.13439458890097,2.06791259735831,1.40843586884861,-1.42806678686695,-1.03473227238047,-0.348209842670102,"Feminine",2.33599963531248,-0.801193979414496
0.0842969690309532,0.690966060957138,0.27147783081349,-1.01137722770066,0.948688599151112,0.7396721897989,0.836660234129224,-0.00150764166024547,0.956234743128409,0.748519477202477,0.934381180439387,-0.350773664783061,-0.48744394845628,-0.221414503491536,0.612156397792118,-0.719834078126746,0.979972941122026,0.100319226305155,-1.04767269390383,-0.314473046740256,0.118898734069293,0.863120726232063,-0.805437248478228,0.820952382780962,-0.225440790828531,-0.847042995283939,-0.162056215106996,-1.19093363416384,-0.471625023043946,0.610252022496445,-0.228971642293936,0.737554894547081,"Feminine",-0.427718243085383,-0.801193979414496
-1.11107886526035,-0.682788947809716,1.14667305001642,-1.32867154782158,-1.14923638153577,3.98315077170218,0.836660234129224,-0.659959224613721,-1.12268943302719,1.62876562476376,-0.430252434217936,0.434549251706931,-0.48744394845628,0.727402242597919,-0.343032310267798,-0.719834078126746,1.30372060376125,-1.47367346145458,-2.17750247485282,1.55518161106846,0.293208079350623,0.366687582804147,0.0231331838850327,1.06245074155484,0.14483626226414,1.81536935186283,0.776173115082711,1.35558788496046,1.32489257336179,-1.15692575357828,-0.815204278663107,-0.274339797264449,"Feminine",2.33599963531248,-0.801193979414496
-0.961596607720531,-0.682788947809716,-0.87082401606115,0.419390774424939,0.157782213249939,-0.290464026985774,0.0170746986557003,0.631826760726471,-1.11428436783669,-0.105760412995168,-0.144156760844939,-0.158256303699674,-0.48744394845628,-0.696536272585953,1.07977116830503,0.013275216592027,-0.648546268226338,-0.23824070985216,-0.392028493075553,1.92034495418101,-0.993224184513947,0.345522270454648,-1.22499576928818,0.492321470568314,-1.33627195010655,-1.98807685834684,-0.0227509952241064,-0.35017045633182,-0.776627114969581,0.72118541014047,-0.176502758860663,-0.789799943862402,"Feminine",-0.427718243085383,-0.801193979414496
-1.44734605529981,-1.36966645219314,-0.666941173991198,0.134972989560131,-0.233114469058129,0.0628872498862051,-0.802510836817823,-1.00391059542455,-0.769539604536526,-0.791240037401772,-0.0752156795926653,-0.744025591386318,-0.48744394845628,-0.696536272585953,-0.343032310267798,0.247062038923605,-0.648546268226338,-1.2378429738735,-0.696173468939749,0.710003322545046,0.872194683434275,1.27566587781384,1.01156067101247,-0.28701686466974,-0.595717843921203,0.674335488799928,0.208329496096912,-0.110312723655361,-0.701134827871795,-0.0966116208296223,-1.02160662556884,-0.564137667702014,"Feminine",-0.427718243085383,1.24707584621909
-2.50436108460617,-2.39998270876828,-0.357807891886771,-0.51979520071475,-0.999471694577208,2.54021059019782,-1.62209637229135,-1.73985789563646,-1.14589572565481,-0.214587467254288,-0.120810238074577,-0.744025591386318,-0.48744394845628,-0.696536272585953,-0.343032310267798,-0.719834078126746,-0.648546268226338,0.263186411041739,-0.353395056879685,-0.984104865568123,0.615565814468206,1.44615243139827,-0.515315304241292,0.119921709162362,-2.07682605629189,1.43502473084186,0.743211764193188,-0.267982265861124,0.833500933735922,-0.347135784297808,-1.18205034467274,1.13006526716372,"Feminine",-0.427718243085383,-0.801193979414496
0.661082767587418,-1.36966645219314,-0.821144413849721,-1.17140141248537,-0.953885727597196,0.769238908618373,0.0170746986557003,-0.587574542575153,0.9033746219816,-0.177818490554576,0.655158927721484,-0.744025591386318,-0.48744394845628,-0.696536272585953,-0.343032310267798,-0.719834078126746,0.351615067730382,-1.44865665114356,-0.990878682571341,-0.0225328437117074,1.55310205525436,-0.454160213642585,-1.52472673664877,-1.6992564912966,-2.07682605629189,1.43502473084186,-0.75929845475503,-0.899509424526849,0.78231462600106,-0.74923475145453,-0.948757615834664,0.982211598963504,"Feminine",-0.427718243085383,-0.801193979414496
0.164706886400069,-1.71310520438486,-0.778066900667741,0.686011908432302,-0.77243941574668,1.0796735772117,0.0170746986557003,-0.236514762832068,0.285158986381788,0.000398154083288526,0.109092526227779,-0.744025591386318,-0.48744394845628,-0.696536272585953,-0.343032310267798,0.104298853855768,0.442233712263373,0.273945540971521,1.08016063937975,-0.28026963983848,-0.0457656448449334,-0.702520252569495,0.416188534389776,-0.707701341421793,-1.33627195010655,-0.0863537532420052,-1.17536007469735,0.479559192004581,0.521168810046938,0.21355476741614,-1.14987690910054,-0.747676318979131,"Feminine",-0.427718243085383,-0.801193979414496
-0.677719886306631,-1.02622770000143,-0.352036225869245,0.362812502428599,1.46815274578694,0.308911157308802,-0.802510836817823,-0.300531224619764,0.285158986381788,0.201405356226408,0.109092526227779,0.308160528587011,-0.48744394845628,-0.0609176056204996,-0.343032310267798,-0.719834078126746,-0.648546268226338,1.4344529611742,0.436620322135248,-0.431458747108429,-1.01932593590725,1.04150923727168,-0.315911324366805,1.30933025400565,0.14483626226414,-0.0863537532420052,-0.0323431954498303,-0.95916030929064,-0.13245254503753,1.41405538929594,-0.126796752168885,-0.304259931380425,"Feminine",2.33599963531248,-0.801193979414496
-0.582267919397477,-1.71310520438486,-0.344725448913708,0.0755260891088943,1.86474370549014,-0.436586735466667,-0.802510836817823,-1.02056551305269,0.285158986381788,0.298567519542973,0.109092526227779,0.981097145976546,-0.48744394845628,-0.696536272585953,-0.343032310267798,2.51873665238916,0.0658546860284628,-0.186879354493259,-0.154754425671833,0.235031090714119,-0.208641869739404,-0.151455544521036,-0.0219939275007889,0.140465788218928,-1.33627195010655,1.43502473084186,-0.232444222136812,0.199611884718908,-0.916258481130774,0.0237321951185948,-0.783048581782094,0.440130424191668,"Feminine",-0.427718243085383,-0.801193979414496
-0.0891557803536378,-0.682788947809716,-0.119564533036309,0.0808520251013504,-0.624681514046567,-0.135485396778765,-0.802510836817823,-0.537062635670865,-0.38058018383007,0.871711197086322,-0.766008595481035,0.816473107421044,-0.48744394845628,-0.696536272585953,-0.343032310267798,-0.719834078126746,-0.648546268226338,1.53885708006326,0.0278770890584923,-0.0461898094581635,-1.43195501442764,0.635396055630914,-0.401773681364021,1.9032335417813,-0.595717843921203,1.43502473084186,-0.140794628987518,-1.51699618159009,0.182627315303771,1.91738246817095,0.34811565122182,-0.437559287510889,"Feminine",-0.427718243085383,1.24707584621909
-0.124402979083493,0.347527308765425,-0.403610155545124,-0.788001091544391,-1.11355455537517,1.26136916265308,0.426867466392462,1.55803880432607,0.548574367004455,1.64983934313067,3.01034832622528,-0.358120554267291,0.218506702020011,0.702199791001742,-0.343032310267798,-0.236861386424114,-0.648546268226338,0.312531862662766,-0.698886420212611,1.39323304245078,-1.17511515022127,-0.856873505010787,-1.53789092859447,1.29552481712273,0.515113315356812,0.674335488799928,-0.694369843983317,-1.28690424104487,0.549114559432622,1.24464271142743,0.38613946455763,-0.413283981720814,"Feminine",-0.427718243085383,-0.801193979414496
-0.618507557881151,-0.339350195618002,-0.641373797434352,0.47629488844942,-0.658125821401957,-0.337594514528179,0.426867466392462,-0.310525098843187,0.285158986381788,0.353248582922282,0.109092526227779,-0.368100856951402,-0.48744394845628,-0.696536272585953,-0.343032310267798,0.22112995915597,-0.648546268226338,0.900104320003747,0.955947034768867,-0.320951747046452,-0.570462484424705,0.308110452181704,-0.950406438899689,0.0486372969186693,-0.595717843921203,0.674335488799928,-1.0146511766945,0.336191109229103,0.509833258714475,0.502629776524704,-0.17439294892816,-0.239743772421519,"Feminine",-0.427718243085383,1.24707584621909
0.414705892821241,1.03440481314885,-0.539610855268433,0.596709252650911,-0.219365365713111,0.0534130845678897,0.836660234129224,0.378004491748554,0.72751935971939,-0.480634828458022,0.712440677871213,-0.744025591386318,0.460973239832214,-0.696536272585953,3.43482104763364,-0.0709790880850306,0.210244839266223,1.3612677474299,1.10745428794359,-1.03094498222065,-0.615961354160007,0.200433634906925,-0.953945732701746,-0.220839972018632,-1.33627195010655,-1.98807685834684,-0.626830922027155,-0.836696512879425,0.589014607853116,0.970099196477177,1.34300872715331,0.906199593910289,"Feminine",-0.427718243085383,-0.801193979414496
0.812285585751718,-0.682788947809716,0.698577129136045,-1.33610255208899,-1.47315264693748,2.92166448554437,0.426867466392462,0.691896263006769,0.547542377266461,2.20483696881646,3.51553565048394,-0.744025591386318,0.215740979589155,1.16113865613581,-0.343032310267798,-0.238753541925397,-0.0118128026319528,1.62743107420293,-0.121350832749658,-0.570303977122314,-1.15533114395071,-1.54045787050974,-0.828821355081802,1.78565716910264,0.885390368449483,1.0546801098209,-0.206643329256405,-1.77811983023941,3.74753309374776,1.28218652848958,2.67778294592192,1.11474301839878,"Feminine",-0.427718243085383,-0.801193979414496
-0.190417563521773,1.03440481314885,-0.903604079616832,-0.290954320702992,-1.12716330605177,1.0113564667531,0.426867466392462,2.42952327920556,0.571064474208098,1.07750955535689,2.31482382281553,-0.325172418760864,0.278779969936878,0.315569438313149,-0.343032310267798,-0.195625724379065,-0.648546268226338,0.203676954977947,-0.303282368290766,1.56028961862638,-1.19064479510557,-0.973636316041151,-1.4012364204221,0.849516064238207,1.25566742154215,-0.0863537532420052,-1.02900433904446,-1.25636163996053,0.520960396249177,1.37700555797025,-0.188623253162576,-0.703373885912238,"Feminine",-0.427718243085383,-0.801193979414496
-0.412038792813842,0.690966060957138,-1.34212167426874,1.5145362792726,-1.18276575210244,0.599312365523823,0.836660234129224,-0.219112891260939,0.636540730995183,-1.28670642000736,0.333144822913115,-0.744025591386318,-0.48744394845628,-0.696536272585953,-0.343032310267798,-0.719834078126746,-0.648546268226338,0.79168111691445,1.48221497329472,0.693348950104796,-1.07154769805124,-0.649345963039433,-0.21288767841644,-0.39710248398867,-0.595717843921203,-0.0863537532420052,-0.550325842027128,-0.525374070988746,0.579441352024887,1.06837678307764,0.247224826739245,0.670825004460025,"Feminine",-0.427718243085383,1.24707584621909
0.91092939260242,-0.682788947809716,-1.26077091387428,1.09778660713834,-0.570119654066224,0.614372744761302,0.426867466392462,0.619232697397697,0.285158986381788,-0.326725084935869,0.109092526227779,1.9852193512427,-0.48744394845628,0.62243876373179,-0.343032310267798,-0.719834078126746,-0.196456651834219,-0.193210974983943,0.269474126823199,1.5652646290964,-0.966142256086395,-1.12608879767318,0.0296235226385288,-0.243599912252339,0.14483626226414,1.0546801098209,-1.4079129261123,-0.922453404544184,-0.115917022999293,1.35436122250424,0.546675168773229,-0.162852444479627,"Feminine",2.33599963531248,-0.801193979414496
0.317279258280103,1.03440481314885,-1.08206539258193,0.571527052757225,0.583413913268517,-0.463259098145714,1.24645300186599,0.0824822265075581,-0.235166789049056,-0.58150289055828,-0.358596516635309,0.127151817603807,0.309394910072456,-0.696536272585953,-0.343032310267798,-0.719834078126746,0.0729907665926053,-0.77481652310321,-0.177343798229572,1.30176314143933,-0.114358998495677,0.0425643738115902,-0.463721460946909,-0.548843927606903,-0.595717843921203,-0.0863537532420052,-0.727040084241409,-0.420773851919297,0.0359087388613382,0.517803994789737,0.851034389870948,0.578372008922634,"Feminine",-0.427718243085383,1.24707584621909
-0.837006992645263,0.00408855657371117,-0.271684292360188,0.21148799737602,-0.249702231296693,0.713604777215488,1.24645300186599,-0.189428644421337,0.175992954558947,0.235225835651092,-3.86657541607422,0.215547569371755,0.682811653066768,0.46280731068111,-0.343032310267798,0.0807905795123383,-0.383629858946848,0.0123329562484552,-0.0895246829430557,0.542596434414795,-0.403406857933224,0.028637697906622,0.0984369822244596,0.389782503126666,0.14483626226414,-0.0863537532420052,0.354380649836726,0.313400077266209,1.68564125648742,0.0184347629071434,1.86308837127493,0.231624316856135,"Feminine",2.33599963531248,-0.801193979414496
-0.877870407822893,-0.682788947809716,-1.47398036726716,0.971368999205941,-1.28818406025718,0.587067665970798,-0.802510836817823,0.11637449818029,-0.0836370517421816,-0.62801833432314,-0.521315803497679,0.552666333999315,-0.48744394845628,-0.435428604328119,-0.343032310267798,0.903017994984194,-0.648546268226338,0.761222228542443,1.12049015522709,0.432969541641808,-1.07542936997766,-1.17408392836504,-0.81664088254517,-0.346109863929743,-0.225440790828531,-0.0863537532420052,-0.94565089716604,-0.686987337824254,2.24306612844746,0.980847604784496,0.735386890827913,0.224137308936912,"Feminine",-0.427718243085383,-0.801193979414496
-0.559968556414839,0.347527308765425,-1.68224949954153,1.16402211156749,0.228714386889951,-0.154304230446759,0.836660234129224,0.926642861452893,0.285158986381788,-1.00206123921486,0.109092526227779,1.50291385183917,0.1976245740002,-0.244082526826192,-0.343032310267798,-0.0168046495080745,0.437029609303022,0.14014649380203,0.867463326382064,1.17209193916717,-1.12638130620517,-1.58265939518639,-0.756110016170558,-0.613014775404622,1.25566742154215,-0.0863537532420052,-1.05565396060276,-0.793422033183311,-0.055781327760364,0.956079991102223,1.63000937736595,0.126749270565479,"Feminine",-0.427718243085383,-0.801193979414496
-0.744691002242293,-0.682788947809716,-0.888884360685514,0.474046952544555,-0.3901270690849,-0.305621811507587,0.426867466392462,0.060200043918793,0.285158986381788,-0.105458721093325,0.109092526227779,0.0401211074149847,0.229790628501153,-0.696536272585953,-0.343032310267798,-0.229141543200094,0.000909144732571809,-0.0826002390676028,0.32031617483925,1.2793357702952,-0.801941719341636,-1.55687007972824,-0.342825312373981,-0.199912248877382,-0.595717843921203,-0.0863537532420052,-0.0613876531049272,0.222116416030246,0.413702368714208,0.0305766486006404,1.33171278487081,0.0947190291902247,"Feminine",-0.427718243085383,1.24707584621909
-0.472201833891032,3.09503732629913,-0.407866114195324,0.823047634340299,0.37647587822869,-0.406837202003492,2.06603853733951,3.67751441933396,0.617121120326338,-0.428428412253617,0.949804028211271,-0.744025591386318,-0.48744394845628,1.06618315327364,2.019491433583,-0.719834078126746,-0.648546268226338,0.5466521833603,0.76273012544889,1.61196086258512,-1.46373493732484,-1.22798887832383,-0.944873094397085,0.118585198443068,3.10705268700551,-3.88979996345167,1.03518316530681,0.85790428389542,0.00402448254127065,-0.286908740095961,2.11655923635291,2.11835031250207,"Feminine",-0.427718243085383,-0.801193979414496
-0.713542635458331,0.690966060957138,-1.64834233189411,1.49301151958074,-0.331469203000204,-0.269475492494882,2.06603853733951,-0.0528315809199459,0.163610237700639,-1.11654604416572,-0.865414755985222,1.21474013014298,0.16405497308128,-0.696536272585953,-0.343032310267798,2.40020457181067,-0.353580356986833,0.077866701681383,0.950899904393358,1.2742150882133,-1.19053479221814,-0.991309923685412,-0.433359079430292,-0.458183455578232,-0.595717843921203,-0.0863537532420052,-1.04917983682778,-0.461045186472657,0.481846674902446,1.06677846046836,2.79464002525086,0.527361129665714,"Feminine",-0.427718243085383,1.24707584621909
-1.83006615532544,0.00408855657371117,-1.1423849097351,1.02851076254198,-1.25018848209561,0.826919088655502,1.65624576960275,-1.11815900653683,-0.162823358255756,-0.961394145036097,-0.236163969337494,-0.415877244605338,0.112850208345051,-0.696536272585953,-0.343032310267798,0.101542556424388,0.166802646955772,0.141968236407456,0.855721828733308,0.0480172774571054,-0.168327363446632,0.194022610454651,-0.111088758082687,-0.704632768189503,-0.595717843921203,0.674335488799928,-0.136999614778447,0.355675917073629,1.70362012949832,0.039008221730706,1.41815767855794,-0.189815418386828,"Feminine",-0.427718243085383,1.24707584621909
-0.0172820465345303,0.00408855657371117,-1.49434512517235,0.645319021735979,0.114780961225944,-0.430371340860725,0.836660234129224,1.22805549653996,-0.820533286408758,-0.124502344173239,-0.207481010753954,1.57003940124371,0.359197338730502,0.421792797122134,-0.343032310267798,0.438616930037353,-0.265229718478774,0.125758164469333,0.440735013747355,1.30501485037838,-1.17692141601776,-1.55432034363389,-0.988320289015151,-0.137424375481953,0.515113315356812,0.674335488799928,-1.52679915683169,-0.911443195328833,-0.287639847615959,1.29405630435594,1.07417036060247,-0.319419465999187,"Feminine",-0.427718243085383,-0.801193979414496
-1.98047004898957,1.03440481314885,-1.8424974457025,2.04200034967379,-0.00811644175181314,-0.460219689375311,2.06603853733951,-0.625214869718036,-0.350089690668605,-1.39499139129002,0.0249525112452899,-0.47812760849333,-0.48744394845628,-0.696536272585953,-0.343032310267798,-0.0542741493170201,0.452579863839835,1.05709154137515,2.24234977682139,0.535452547020008,-1.40218699123586,-1.44553851346209,-0.229164224237031,-0.816149210046133,-1.70654900319922,-0.0863537532420052,-1.1426598679203,0.250933193928916,-0.574712695900402,0.940666377860549,3.42420726585647,-0.160989185127988,"Feminine",-0.427718243085383,-0.801193979414496
-0.353104929269828,2.75159857410742,-1.19103491457645,0.254922109480118,1.68758833704126,-0.662412739482594,4.11500237602332,0.394510174268216,-0.718724361933397,-0.493322438775075,-0.153822001773123,-0.323827065957997,-0.48744394845628,-0.188857979699198,-0.343032310267798,0.85784224134299,0.395519366203856,-0.630233066865039,0.242788593464274,0.535724574759007,0.209002736013176,-0.966554305592451,-0.845225498536536,-1.25388109348807,0.515113315356812,-0.0863537532420052,-0.834133567025555,0.123279598643609,-1.05476189111071,-0.285484677610194,1.35703990030279,-0.851846904839116,"Feminine",-0.427718243085383,-0.801193979414496
-0.707562622035038,1.72128231753228,0.0695519119002156,0.558564977985037,0.280537507048707,-0.415415547590174,0.836660234129224,0.93273537666651,-0.687483178894541,0.525124383431128,-0.40670028510991,0.0702180242776903,-0.48744394845628,1.76285960685507,0.645845626084691,-0.719834078126746,0.363027697082585,0.504679672852041,0.179631367175344,1.01210468706689,-1.17501584307686,0.393350058099186,-0.661359216442633,0.864324905682952,1.9962215277275,-1.60773223732587,0.82417906596332,1.34183357351678,-0.68464359765421,-0.28315113617836,1.5122233821403,-0.672101580217957,"Feminine",-0.427718243085383,-0.801193979414496
-1.89476448643214,-2.05654395657657,-0.157533456249644,-1.19592800077456,1.49968365517211,0.0691193692711256,0.0170746986557003,-1.47284514919011,-0.992262059021998,0.341743112694967,-0.25012599278794,-0.209331554942105,-0.48744394845628,-0.696536272585953,-0.343032310267798,-0.719834078126746,-0.648546268226338,-0.745665884879091,-1.68209312096188,0.324301206406124,0.669227418305342,1.7806580451717,-1.13778327489268,0.582303433977711,-1.70654900319922,1.81536935186283,0.509267004528218,-0.6226313315038,-1.09329375105294,-0.20220315215817,-0.933623123210881,1.45647133718373,"Feminine",-0.427718243085383,-0.801193979414496
-1.33118014891778,3.09503732629913,-1.81483835945382,2.32880336759659,-0.155789306958687,-0.662412739482594,2.06603853733951,0.362313809683385,0.285158986381788,-1.51163696411501,0.109092526227779,-0.555158689196688,-0.48744394845628,-0.696536272585953,0.115715683304771,-0.719834078126746,0.446433057712804,0.339528194075373,1.91665542889438,1.60896983004204,-1.38053833447965,-1.19009091065995,-0.248146734547297,-1.03511426589955,-0.595717843921203,-2.74876610038877,-0.969820413922794,0.481232593198236,-0.571332081137414,0.810124107908777,2.4525686299733,-0.360205832949655,"Feminine",-0.427718243085383,1.24707584621909
-0.317091168325038,-1.36966645219314,-0.71089318072988,1.66785527675566,-0.926343240842606,-0.662412739482594,-1.62209637229135,-0.968203480243812,-0.99575228045753,-0.447074016335705,-0.105388960355162,0.864439255949959,-0.48744394845628,-0.696536272585953,-0.343032310267798,-0.719834078126746,0.239575136653263,-0.417821268420028,0.23751698475879,3.16365969592318,-1.80012012945285,-1.02814119826105,1.55315074577404,0.956840339581492,-0.595717843921203,0.293990867778962,0.0554542656326879,0.429576221069727,0.438170067945445,1.09361751796477,-0.13054106983776,-0.33471435360561,"Feminine",-0.427718243085383,1.24707584621909
1.75901296373508,0.00408855657371117,-0.0324240538385939,-0.77539864607167,-0.630333568679961,-0.662412739482594,-0.802510836817823,1.21473970620525,0.957582284808626,1.08578075578512,1.04981173336391,0.438099175933115,-0.48744394845628,1.68384287177263,-0.343032310267798,1.25278932533341,0.330527328719247,-0.115547361693623,-0.741287373798076,0.406119744344779,-0.295937036014512,-0.906697615572296,-0.699339265444303,0.463199656651211,0.515113315356812,-0.0863537532420052,-0.668844565419963,-1.27823086121421,-0.33086184986957,0.784634761638406,-0.286571144962073,-0.957434777581556,"Feminine",-0.427718243085383,-0.801193979414496
0.634853527990849,-0.682788947809716,1.46587036080747,-1.60060577769405,-1.13489780647943,-0.662412739482594,-0.392718069081061,-0.591912799231442,-0.775505094304163,1.11583294674929,-0.493904134104462,-0.744025591386318,1.13688141700614,-0.696536272585953,-0.343032310267798,-0.719834078126746,-0.648546268226338,0.775689722914605,-0.567315736641997,-0.966428909284005,0.0200198209301864,0.048863721809406,-0.905954403470193,1.16147630544929,-0.595717843921203,-0.0863537532420052,0.0903831262812011,-0.83427275964316,0.870293984955829,0.209740283866138,-0.1530690765845,-1.11726784963306,"Feminine",-0.427718243085383,1.24707584621909
0.62029374111709,-0.682788947809716,-0.463359420419516,0.383049746044112,-1.07153672877137,2.97002255915656,0.836660234129224,0.290869681591825,0.771985075336295,0.960897751761257,1.34856761982363,-0.744025591386318,-0.48744394845628,-0.204146318737324,-0.343032310267798,0.300276466964797,-0.648546268226338,1.29110520313906,0.651232434527391,0.534265285766684,-1.52568545713873,-0.318053129811193,-0.82149847360575,1.15984571093925,0.14483626226414,0.674335488799928,-0.948229221453677,-0.922973962220606,1.43149094382286,1.69145234653261,1.02152087382228,-0.156273998197296,"Feminine",2.33599963531248,-0.801193979414496
-1.41589500825804,0.00408855657371117,-0.0138522719987395,-0.0511261440588377,-1.51622865544699,-0.297616886841482,-0.802510836817823,-0.373540606445272,0.285158986381788,0.0268897888211408,0.109092526227779,-0.744025591386318,-0.48744394845628,-0.153384467825096,-0.343032310267798,-0.438514932959747,-0.648546268226338,0.774802088312605,0.0137986872483851,-1.1245406419561,0.185201621708139,1.61085428458583,0.885884323851932,0.872322130280415,0.515113315356812,0.674335488799928,0.411287562658228,-0.603436407847882,2.57130168785147,0.60569106460976,0.329616699637468,0.635922744494556,"Feminine",-0.427718243085383,-0.801193979414496
-0.626050623141492,0.00408855657371117,-1.18526555330725,-0.139732312754026,0.164510787507327,-0.559318259388367,0.0170746986557003,2.10030192477781,0.285158986381788,0.487269319555394,0.109092526227779,-0.744025591386318,0.284547246741988,1.34291114916127,-0.343032310267798,-0.719834078126746,-0.648546268226338,0.517705475136751,0.258694113924068,0.369075116802397,-0.609369396102737,-1.16860833054776,-0.172560997821094,0.368107438410228,0.885390368449483,2.1957139728838,-1.12469735802249,-1.5598552890955,-0.794920409531212,1.38568030968169,0.140290839401665,-1.0499752740238,"Feminine",-0.427718243085383,-0.801193979414496
-1.60370801558932,-0.682788947809716,-0.812367351120615,-0.0711679129289934,1.04967747004055,-0.662412739482594,0.0170746986557003,-0.940420634697073,-1.08564079041116,0.0945437935474643,-0.183559304481898,-0.170245733564606,-0.48744394845628,-0.696536272585953,-0.343032310267798,0.716374189304769,-0.173323411229359,-0.606234996762814,-0.893826247858123,1.38292275402361,-0.347956326482993,0.417222086796504,-0.783280019677258,0.394293291299384,-0.595717843921203,1.43502473084186,0.300315296714439,-0.333850791716821,-1.10545223065723,0.210193519949826,-1.02320514353418,-0.0468923777392086,"Feminine",-0.427718243085383,1.24707584621909
-1.7739148707588,1.72128231753228,-0.361390430566853,0.560803140510592,-0.911568999674539,-0.599181458358135,1.24645300186599,-0.942837105326537,0.0725451434506365,0.339141210891177,-2.04629821209146,-0.744025591386318,-0.48744394845628,-0.696536272585953,-0.343032310267798,-0.719834078126746,0.0393953914264319,0.715907431830628,-0.0121406391636251,1.35877299720902,-1.5255249805647,0.152850736606451,0.12979726534244,1.57855132217857,-0.595717843921203,1.0546801098209,1.26588461401283,0.232618530642193,0.874556528074934,0.538671695360909,1.72618086016206,-0.247691717224221,"Feminine",-0.427718243085383,1.24707584621909
0.918490810996933,0.347527308765425,-0.565480238382381,-0.627853824096411,-1.06796993343137,1.26667719312804,0.426867466392462,0.983084004091717,1.03430172154189,0.0486997348306069,0.630308583717602,1.01197182583986,1.118712229473,0.36425013805438,-0.343032310267798,-0.719834078126746,0.0786403854334698,-1.05784762903306,-0.207670566974503,-0.988138305257127,1.64223520169183,-0.757542074417652,0.242367243927519,-1.7428333784498,0.515113315356812,-0.0863537532420052,-1.23920333554782,0.0511927386208725,0.631853106714384,-0.782718981598942,-0.883379249067323,0.935192159632221,"Feminine",-0.427718243085383,-0.801193979414496
0.826367624226712,0.690966060957138,0.599294529101638,-0.896528748713613,1.6688276877566,-0.59267235588944,1.24645300186599,0.0632645623139763,-0.04598247479652,0.548016899486504,-1.42205330525432,0.711346804472959,-0.48744394845628,-0.110415721836597,-0.343032310267798,1.10161175918442,-0.648546268226338,-0.0152707653987337,-0.949279175352299,-0.409865702330327,0.254357796070079,0.956091823340273,-0.306813495777705,0.820743985755165,0.515113315356812,-0.0863537532420052,-0.354551970734981,-0.933181099286425,-1.09140088645847,0.587453454053253,0.882621827256644,-0.380599016424883,"Feminine",-0.427718243085383,-0.801193979414496
1.49272330383526,0.690966060957138,1.77602206197629,-1.75200426217258,-0.524373582907975,-0.602885382775467,0.0170746986557003,0.496521549646541,0.131726316225287,2.22874759203524,-5.75260430125711,0.155093361076571,-0.48744394845628,1.47607094645748,-0.343032310267798,-0.719834078126746,-0.648546268226338,1.07372360761693,-0.960973894761271,-1.31247675447528,-0.0378442722140233,0.652982980521349,-0.41946777267791,1.835987694274,0.515113315356812,-0.0863537532420052,-0.3078815406675,-1.32595302135783,0.587233660791061,0.906530798319748,0.337801895844913,-1.17593317195908,"Feminine",-0.427718243085383,-0.801193979414496
-0.303885247175641,-0.339350195618002,-0.983430230389031,1.39096020126554,-0.873545961251525,-0.538429835316987,1.24645300186599,0.175708140802303,-0.47343894834829,-0.187473592098684,-0.332950464309721,-0.744025591386318,1.83602469728608,0.83799940882579,-0.343032310267798,-0.719834078126746,-0.648546268226338,0.690186257757109,1.32370153446068,1.50734691436325,-1.63913694188901,-0.870256680339605,-0.0833367275211761,0.413996238861635,0.14483626226414,1.0546801098209,-0.513063723059396,0.254489439227295,0.238825440022091,1.03485437405379,-0.282732224447013,-1.08160346865953,"Feminine",2.33599963531248,-0.801193979414496
-1.07652554574117,0.00408855657371117,-0.714483451550615,0.743007535274793,0.756701931927447,0.875645450031282,0.0170746986557003,-0.289071514301538,0.475966281320002,0.146316927966979,2.27490589109659,-0.184958037611316,-0.48744394845628,-0.0210782589730912,-0.343032310267798,0.679548336293705,-0.648546268226338,1.14605878296141,1.17970314808346,0.217860161752391,-1.23361809240784,-1.076386477948,-0.220165762601677,0.35960263148896,0.14483626226414,-0.0863537532420052,-0.151139556609307,0.245454448501262,0.501777877647256,0.531235745898923,0.568438944765368,-0.599433562178373,"Feminine",2.33599963531248,-0.801193979414496
-1.19567741114207,0.00408855657371117,-1.13769647246538,1.45179856510548,0.171734946726858,0.111511795113654,0.0170746986557003,-0.992152274040466,0.285158986381788,-1.27012690836036,0.109092526227779,-0.744025591386318,-0.48744394845628,-0.696536272585953,-0.343032310267798,-0.719834078126746,-0.648546268226338,0.45574407561156,1.2843050887714,-0.17733845617983,-0.134540887056415,0.840873964175103,-0.0295244244220008,-0.840434048681318,-0.595717843921203,0.674335488799928,-0.255222182907169,0.326115955670063,-0.731123569390608,0.245660566172194,1.03656520026284,-0.604924034652482,"Feminine",-0.427718243085383,1.24707584621909
-1.1868192773705,0.347527308765425,0.74930496923571,-0.0296489352235844,-0.5625075809992,-0.398949068130679,0.0170746986557003,-0.879616825151049,0.285158986381788,0.303754611400334,0.109092526227779,-0.744025591386318,-0.48744394845628,0.142705365566665,-0.343032310267798,-0.719834078126746,-0.648546268226338,-1.02497660352536,-0.753029176329423,1.24112596377217,0.356598245208804,0.826307324765394,0.448491606068605,0.116740103998727,0.515113315356812,1.43502473084186,1.94335496861682,2.21287123893409,-0.0353904396408523,-1.8340624572444,-0.416729308941478,-0.0379079682361415,"Feminine",-0.427718243085383,-0.801193979414496
-0.86175632930299,-0.682788947809716,-1.73443768655314,0.210166380820655,-0.200228858608413,-0.644449307344963,0.0170746986557003,1.98340568527722,0.285158986381788,0.615019153477801,0.109092526227779,0.0536683572926479,-0.48744394845628,-0.0540274303688414,-0.343032310267798,-0.719834078126746,-0.648546268226338,1.07919168418956,0.682294087823154,0.59897102407353,-1.35821249588941,-1.91210566945906,-1.28198423557346,0.238300701287072,0.14483626226414,-0.0863537532420052,-1.76136854217835,-2.31311966621006,-0.595150326902493,2.08564390096252,1.81861968865097,-0.623343684243013,"Feminine",2.33599963531248,-0.801193979414496
-0.862043343535014,0.00408855657371117,0.560431501694828,0.525007905061845,0.733366619018217,-0.662412739482594,0.0170746986557003,-0.640422570606683,1.46013022363289,-0.397645475517687,0.352732835664076,1.32158189677185,2.03168521482228,0.967223466207832,-0.343032310267798,-0.719834078126746,-0.648546268226338,0.0137321674522345,-0.0302622406071569,0.793538148521694,-0.6516117890858,0.100798346413594,0.337511529233174,0.541886280311051,0.515113315356812,-0.0863537532420052,1.5853569313412,0.864956378856926,-1.01031639625166,-0.490962701523004,-0.668791743111744,0.0476578365550614,"Feminine",-0.427718243085383,-0.801193979414496
0.95371909894038,-0.339350195618002,2.235116053894,-2.62773902599032,-1.31653452859189,3.67698890631364,0.426867466392462,0.142480298733525,-0.383619221411636,2.09240129692843,-1.18811945536301,-0.744025591386318,0.0246472152629699,-0.0201146954729296,-0.343032310267798,-0.719834078126746,-0.648546268226338,-1.239400189054,-2.27700276712457,-0.0384790273837299,1.43266241240666,-0.371682907220025,-0.143957393077037,0.434823463032274,0.14483626226414,-0.0863537532420052,0.628735723001128,0.0569440713842662,0.657834821942055,-1.38116104262259,-0.906793509335615,0.942076263974367,"Feminine",2.33599963531248,-0.801193979414496
-0.199607826032673,0.690966060957138,-0.584793868257171,0.911101077503013,-0.113733173116112,-0.573770756597838,2.06603853733951,0.019375309205032,0.285158986381788,-0.359594145562067,0.109092526227779,0.562015748880077,0.109853731688804,-0.696536272585953,1.24312131809127,0.506080799065212,-0.37811995026799,0.379856382950556,0.625977239902288,0.282858270550925,-0.620633626771598,0.0953419394549397,0.138826441954996,-0.0176655091449423,-0.595717843921203,-0.847042995283939,-0.159391777236897,0.0776904971153733,-0.56342768092941,0.520355566101708,1.82666587160099,0.148890186180325,"Feminine",-0.427718243085383,1.24707584621909
0.862600665826372,-1.02622770000143,-0.987011101544025,-0.06174220829674,0.932652361989835,0.223783245973845,0.0170746986557003,-0.532075716511652,0.285158986381788,-1.14453591566257,0.109092526227779,-0.234330237165471,0.444961001588383,-0.696536272585953,-0.343032310267798,-0.0819337827220984,0.617891787043535,-1.82275797773307,-0.399790840672292,1.11074846776192,0.987684056507742,-1.26202786954491,-0.632608498711058,-2.00265518609107,-0.595717843921203,0.674335488799928,-0.62017244527576,-0.079444303541699,-1.00059137546731,-0.813572614185827,-0.29967465856396,0.770688887040687,"Feminine",-0.427718243085383,1.24707584621909
1.45024064392181,0.00408855657371117,0.855797456253445,0.733530111089874,-1.21108435198019,0.905304974346978,0.0170746986557003,-0.37855722716445,-0.665781223888372,0.673494504080834,-0.454893900803098,-0.744025591386318,-0.48744394845628,6.03612230529154,-0.343032310267798,-0.719834078126746,-0.648546268226338,0.379966476036763,0.403137813638713,0.392181661657917,-0.453435024192382,0.912308835302678,3.09472878518443,1.55363172932699,0.14483626226414,-0.0863537532420052,-0.512970055934551,0.199109755217032,2.69032561246591,1.34289300842013,0.417678596549351,-1.15227257234692,"Feminine",2.33599963531248,-0.801193979414496
0.211413783072959,0.00408855657371117,0.155200265147144,-0.857128244624317,2.39885674270268,-0.662412739482594,0.0170746986557003,-0.201269034358361,0.285158986381788,1.4373009138391,0.109092526227779,-0.06147703008188,-0.48744394845628,-0.696536272585953,-0.343032310267798,-0.719834078126746,-0.648546268226338,-0.213685887969527,-1.27883451932964,1.20974260603689,-0.485261405225128,0.585564519427094,-0.76247096389255,1.39856732522648,-0.595717843921203,1.43502473084186,-0.453875711208238,-0.968823380965771,-1.0225858568043,0.967790639747428,-0.549854724516675,-0.054308080821118,"Feminine",-0.427718243085383,1.24707584621909
0.078036565606268,-1.02622770000143,-1.44291636345618,1.75241527291928,-1.05085770077862,1.24868195121935,-1.21230360455458,-0.002554939282821,0.776887037213748,-1.95298009261297,-0.0471058045289308,-0.744025591386318,-0.48744394845628,-0.696536272585953,-0.343032310267798,0.00143350992256038,0.306086431291824,0.282223538467782,1.43288973822798,-0.02306234372373,-0.211679232858935,0.360830991694223,-0.170107360164998,-1.28807172661971,-0.595717843921203,-0.0863537532420052,-0.893268486005705,-0.521590598891438,2.24412899195419,0.842513762473787,-0.274596739371483,1.02566895955757,"Feminine",-0.427718243085383,1.24707584621909
-0.533704109722663,-1.71310520438486,-1.84414221934346,0.806147672074274,-1.30418164508994,0.353804278589074,-2.03188914002811,-0.472462985123696,-0.878150005338287,-1.01107757873323,-0.0138934646445453,-0.744025591386318,-0.48744394845628,-0.696536272585953,-0.343032310267798,-0.719834078126746,-0.648546268226338,0.798305998096607,1.63744739832752,-0.732079940484788,-0.0912996467085926,-1.34762722088846,0.213037596901628,-1.12100693707701,-1.70654900319922,0.674335488799928,-1.71953278194625,-1.4294258011728,1.05957379289825,1.23645159809988,-0.70298586985567,1.5006721591656,"Feminine",-0.427718243085383,-0.801193979414496
0.0483507118618664,0.00408855657371117,0.699903347177881,-0.949677449463296,-0.00859614410539899,0.2785289439171,0.836660234129224,-0.429027426044816,0.285158986381788,0.819849136858109,0.109092526227779,-0.744025591386318,-0.48744394845628,-0.696536272585953,-0.343032310267798,3.69199131823473,-0.161940827828234,-0.902939687513367,-0.83247490257489,0.334817836566517,0.522552971248102,-0.822118583892136,0.948060866283269,0.27277211771196,-0.595717843921203,-0.0863537532420052,0.332793602278908,0.398985861216646,-0.762681559927682,-0.659504102920662,-0.436668696162643,0.537094239960717,"Feminine",-0.427718243085383,1.24707584621909
-0.659652152894647,0.00408855657371117,-0.160943146462097,0.308178068582714,0.602351832831377,0.0863787475175832,0.0170746986557003,0.0424056717489202,-0.413519886439657,0.254819973007731,-0.518637848054273,-0.159129283264036,-0.48744394845628,0.716791672440065,-0.343032310267798,-0.719834078126746,-0.164116411019284,-0.199059497073711,-0.172789892818061,0.508947072243582,-0.054935593196379,0.7068091842476,0.781187339548227,0.413539769002099,0.515113315356812,-0.0863537532420052,0.35316747457617,0.586247111182546,-0.475191320268979,-0.0720901536301465,-0.830445707242549,0.537094239960717,"Feminine",-0.427718243085383,-0.801193979414496
-0.359501408874627,-0.682788947809716,0.449271462716603,0.143682707365309,-0.859702334216538,0.266158521785691,0.426867466392462,-0.776023236421099,-1.14742626545378,0.136784197848029,-0.177820708126899,-0.744025591386318,0.792327551605021,-0.696536272585953,-0.343032310267798,0.155715346938456,1.08970204292839,-0.403999718596404,-0.2430028344355,0.426757826928428,0.0133449592342405,0.241089280409321,1.48049536636455,0.565958933599035,-0.595717843921203,-0.0863537532420052,0.00625236275408314,0.280804703567644,0.928242567978931,0.253580574143336,-0.99468705068595,0.863385175564482,"Feminine",-0.427718243085383,1.24707584621909
-0.801499077261523,0.00408855657371117,0.666111311472266,-0.453644807095275,-0.51971907071676,-0.281331357705718,0.836660234129224,-0.850423205994896,-0.113967119239862,-0.268601608730056,-0.683625272828575,0.191529647588775,0.36827930724621,-0.131373548442653,-0.343032310267798,-0.719834078126746,-0.648546268226338,0.702988776352195,-0.114104761341047,-1.1137566354996,0.151727014465748,0.632365544473688,0.37910389673454,0.673558929030022,0.14483626226414,-0.0863537532420052,1.32959380365314,-0.139699582609365,0.597017873143616,-0.339341996385843,0.572149796904673,1.13896873604065,"Feminine",2.33599963531248,-0.801193979414496
-1.50083093013723,0.00408855657371117,-1.217739204385,1.21244747128269,-1.10920853064394,1.76030754273175,0.836660234129224,-0.554758935637079,-0.86671699313465,-1.13811896014123,0.0106321370415325,-0.744025591386318,-0.48744394845628,-0.696536272585953,-0.343032310267798,0.487004318584747,-0.648546268226338,0.605694766887985,0.972440114374377,0.755348208367465,-1.00917169191723,-0.157033640389368,-0.316252529843072,-0.0227384958342548,-1.33627195010655,-0.0863537532420052,0.00487750426777538,-0.335631022145356,0.341664933588079,0.797648732535176,-0.514916272034393,-0.920257438836728,"Feminine",-0.427718243085383,-0.801193979414496
-0.804551031081327,-0.339350195618002,-1.08770812552097,-0.179331377563679,-1.28236447133124,0.247078290389768,-0.392718069081061,-0.564546177685334,0.0361873859233758,0.404574838195654,-1.79289444343813,-0.744025591386318,-0.48744394845628,-0.696536272585953,-0.343032310267798,-0.263344089779555,-0.0443595875833377,0.465810025258488,0.0338888503479836,0.116206985650012,-0.438262783762633,-0.161301885988741,-1.07324668685744,0.248894993574172,-0.595717843921203,1.0546801098209,-0.856737109300588,-1.34734457802442,1.96884377179019,1.06439021249293,0.356305395632607,-0.170840557822458,"Feminine",-0.427718243085383,1.24707584621909
-0.360206339091513,-0.682788947809716,-0.393864841495101,0.52613489148527,-0.65359926496689,1.44529663133272,0.836660234129224,-1.03677337247329,-0.254079021052293,-0.117940325689127,-0.542873297702314,0.519953225844122,-0.48744394845628,-0.696536272585953,-0.343032310267798,-0.719834078126746,-0.125112396751404,-0.421696275641939,-0.0697176337166309,1.68983182564492,-0.711022640464605,-0.564566989095132,-0.842546317798256,-0.145811487330178,-1.33627195010655,0.674335488799928,0.294268611063083,0.638903235050688,0.708125030234243,-0.306116823950449,-0.480695354911157,-1.10209578351427,"Feminine",-0.427718243085383,-0.801193979414496
0.509558864597027,0.00408855657371117,-0.693489180575664,0.485736389635596,1.16510234216774,-0.526138426714363,1.24645300186599,0.566636415452211,0.669511127118161,-0.449427537594669,0.822454876564498,-0.744025591386318,-0.48744394845628,-0.0162327925913644,-0.343032310267798,0.68958694758797,0.750531640751858,-0.647219472136927,0.279312950767356,0.408415592912961,0.324458634867091,-0.496721271854798,0.386012958857591,-0.92176184027505,1.25566742154215,-0.0863537532420052,-0.692276347688324,0.299413184981944,-1.05238024001822,-0.107834501800395,-0.431943695323983,0.560776646577116,"Feminine",-0.427718243085383,-0.801193979414496
1.31576194382984,0.00408855657371117,0.455184072300983,-0.47399366770226,-1.23087608832624,1.69472969296767,0.426867466392462,0.0767708255054751,-0.284480775055867,0.53403345410114,-0.775258611518367,0.686589558370856,0.384915482326695,0.455763911025782,-0.343032310267798,-0.719834078126746,0.141374592492821,-0.582534971511494,-0.779027029067734,0.322283611878046,0.315944096385675,-0.0107695956279669,0.422313464430367,0.222579698372722,-0.225440790828531,-0.0863537532420052,-0.0804054855063996,-0.0885445563003825,1.23176990851654,-0.0569541811667899,-0.217418294672337,-0.299953245409182,"Feminine",-0.427718243085383,-0.801193979414496
1.56267536348601,0.347527308765425,0.903367298427283,-1.04528408117493,-0.983496401905787,1.52014426523951,0.426867466392462,0.904169277392357,0.205143023988344,1.37626350378525,-8.643808903771,-0.275130223704059,-0.48744394845628,0.436490072829169,-0.343032310267798,0.160422601911924,-0.648546268226338,0.895736735235466,-0.106121152853375,-1.2102810803865,0.0458978689628427,-0.35759850915578,0.260642361682212,0.900817617387764,1.25566742154215,-0.0863537532420052,-0.42914905809045,-0.833176713526161,1.41280711984308,0.534384030953399,0.058692899424277,0.953776583400662,"Feminine",-0.427718243085383,-0.801193979414496
1.11227326667123,-0.682788947809716,-0.647401561508372,-0.601471891437007,-1.10385655533705,0.332894463402413,0.0170746986557003,1.4464073374084,-0.768157299699151,0.614183091381383,-0.38693294756424,-0.744025591386318,-0.48744394845628,1.16783407691429,-0.343032310267798,-0.719834078126746,-0.222527350551458,0.0163572930593616,0.0874834082922944,-0.222440264376161,0.291292149016021,-0.793165639283956,-0.621499510244008,-0.382842794354991,0.14483626226414,-0.0863537532420052,-1.44370258786565,-0.704285712354843,1.39378310060156,0.40409124305699,-0.70416622298007,0.263290678219439,"Feminine",2.33599963531248,-0.801193979414496
-1.0288842375997,0.00408855657371117,-1.0705393850597,0.242785244596158,0.142845444753472,-0.557027270941828,0.836660234129224,-0.485419824137312,-1.06200631150094,-0.110026012802997,-0.153245191569088,-0.180138489733946,-0.48744394845628,-0.696536272585953,-0.343032310267798,-0.719834078126746,-0.18151690876379,0.50954145130062,0.212757086973987,0.150508673152553,-0.508291646176288,-0.210169812238576,-0.503865537539755,0.149365270741267,-0.595717843921203,1.0546801098209,-0.522617769795316,-0.829000399873465,-0.53313265284275,0.819819495762415,0.0896301503138735,1.55871902176831,"Feminine",-0.427718243085383,1.24707584621909
-2.55057864662678,1.72128231753228,0.000981865972389848,0.479977322536161,-1.06052227722127,0.225192142612091,1.65624576960275,-1.47078801161254,0.285158986381788,-0.33274991628915,0.109092526227779,-0.243431939919415,-0.48744394845628,-0.0917256532540275,-0.343032310267798,-0.0933248594257523,-0.648546268226338,-0.326422501139847,0.216059609783484,0.357373959566382,0.190654486886928,0.209550661637962,0.402885884609501,-0.43403470825577,0.14483626226414,-0.0863537532420052,2.14758393329194,2.34357035875443,0.385058568279179,-2.0184816125888,0.210211271400685,0.186702269340762,"Feminine",2.33599963531248,-0.801193979414496
-0.901211529844185,-1.36966645219314,-1.59716396291059,-0.221736613764283,-0.322569605258956,-0.106533344981852,0.0170746986557003,-0.282649120960295,-1.19219455457365,-0.583624066718696,-0.0552929709447848,-0.263063063506354,-0.48744394845628,-0.696536272585953,-0.343032310267798,-0.11789384839442,-0.648546268226338,0.588113510769131,0.961587945188568,-0.988523854639158,0.215815764011187,-1.73175197890561,-1.20869970537259,-1.28511957999123,-1.33627195010655,1.0546801098209,-1.61522136452732,-1.11458655406527,-0.671450167016783,0.388428609862037,-0.408768698072261,-1.39006159844905,"Feminine",-0.427718243085383,-0.801193979414496
-0.311623252220477,0.690966060957138,-0.840167353887087,0.875283311477849,-1.64228799937783,0.150560874974741,1.65624576960275,-0.20927811561707,0.285158986381788,-0.390330622169609,0.109092526227779,-0.744025591386318,0.932836588703737,-0.696536272585953,-0.343032310267798,-0.476914578887588,-0.648546268226338,1.01479304845142,1.37225291918505,-0.22262257081165,-0.739633578412235,-0.50251511380394,-0.152728033503012,-0.133450185730386,-0.595717843921203,1.0546801098209,-0.78396489096729,-0.0971541008822462,2.29272969758464,0.758575558363291,1.62059574107369,-0.254367792128807,"Feminine",-0.427718243085383,1.24707584621909
0.527636855874058,0.690966060957138,1.28476550362105,-0.482066700080984,0.851264217379392,0.121446117432193,0.836660234129224,-0.663718888074314,-0.127407916225889,-1.09370039362128,-0.190939373380932,-0.744025591386318,-0.48744394845628,-0.696536272585953,-0.343032310267798,-0.719834078126746,0.0189125288700355,-0.338212547156655,-0.782773834020648,-1.48266120133556,1.49240933334983,3.08381715112103,0.709221962458589,0.145021764683203,-0.595717843921203,-0.0863537532420052,1.06125157493217,0.0969320724523947,1.01281410875156,-0.626298809979771,-1.21395121553443,-0.0882967199465155,"Feminine",-0.427718243085383,1.24707584621909
-1.06682722494518,0.00408855657371117,0.249072101586244,-0.252612727100123,-0.582208803059916,0.199832003123671,1.24645300186599,-0.814146099821043,-1.35980074576975,0.840254532713506,-0.240609558717076,3.38718938493002,-0.48744394845628,0.135343596810939,-0.343032310267798,2.72706576370888,-0.648546268226338,0.185415382157949,-0.293722446209156,-0.522297249808139,-0.196128595181589,-0.244391188549583,0.155761548328783,0.468089785805218,-0.225440790828531,1.0546801098209,-0.01677289884281,1.0230408409106,-0.103068731536864,-0.531028771321445,-0.79855639702493,1.66126847903308,"Feminine",-0.427718243085383,-0.801193979414496
1.50539965773254,0.690966060957138,-1.62841776420289,0.73047842196732,-0.232002681725651,-0.173123064114753,2.06603853733951,1.36826510776631,-0.938897211172236,-0.801370159340032,-0.0477833008437993,1.30540220365311,-0.48744394845628,-0.0775133932697283,-0.343032310267798,-0.719834078126746,-0.648546268226338,0.459002820039726,1.05384555059058,-0.863280704858353,0.167633603083281,-0.352995206729899,-0.626285366894303,-1.30032856034217,0.14483626226414,-0.0863537532420052,-2.46206015434396,-1.18291844745988,-0.432952228069284,1.15300149399292,0.0889286715519802,2.00145638240829,"Feminine",2.33599963531248,-0.801193979414496
1.8031372534891,-0.682788947809716,0.706092364706365,-1.51235815120254,-1.15716542642103,2.25595408164631,0.0170746986557003,1.37117854890139,-1.7984566743435,1.40731138274517,-0.230518883267794,-0.744025591386318,-0.48744394845628,2.46460723112223,-0.343032310267798,-0.719834078126746,-0.648546268226338,-0.260960976076886,-1.00799233695233,0.00951955701683109,0.449139262849365,-0.117821692396418,-0.23197174426726,0.723917633425398,0.14483626226414,-0.0863537532420052,-0.944673092157717,-0.768583062364442,0.482724788579984,0.398504048002535,-0.981395248111161,-0.462171750325834,"Feminine",2.33599963531248,-0.801193979414496
-1.25584182950673,-0.682788947809716,-1.2914510898557,0.475522955742464,-0.960464675832686,1.76659379151798,0.0170746986557003,-0.50320159388438,-1.13548805502182,-0.105923296721056,-0.14035015575772,0.445263568462323,-0.48744394845628,-0.696536272585953,-0.343032310267798,-0.719834078126746,1.32146848441568,-0.290615349526056,0.33698531871684,0.359910574072088,-0.0589660424717953,-0.644497240438714,0.511000147369191,-0.427531306606367,-0.595717843921203,1.81536935186283,-0.904316412723169,-0.176963939224157,0.0314273736668447,0.343140024281042,-0.986154041625585,0.104834986485629,"Feminine",-0.427718243085383,1.24707584621909
-2.03669111771101,-0.682788947809716,-0.728477109457131,0.458570414158686,-1.52421048837836,0.766787450316828,0.426867466392462,-1.14675359881261,-0.852737915713333,0.795285764438782,-0.387216351604565,1.63743935248536,-0.48744394845628,-0.696536272585953,-0.343032310267798,-0.123737928294733,1.71834038846736,-0.0751652900005579,-0.478528270041626,1.05223394285353,-0.930208305745648,0.522650120330964,-1.08913759272025,0.567141876731726,-0.595717843921203,1.43502473084186,0.0872488801800439,1.11110002547692,1.37063468026654,-0.147678171453775,-0.234779130509851,0.453304855682028,"Feminine",-0.427718243085383,1.24707584621909
-0.30577714548549,-1.36966645219314,-0.372343939634643,-0.190989960023138,0.301572883248167,0.391441945925062,0.0170746986557003,-0.741563875912428,0.285158986381788,-0.28386405813667,0.109092526227779,0.490142404683027,-0.48744394845628,-0.696536272585953,-0.343032310267798,0.0524665939826525,1.39580866376068,-1.43855666134763,-1.09404495756614,0.586387174845956,0.864158934024649,0.688597507365037,-0.377486037154867,-0.782273460727429,-0.595717843921203,-0.0863537532420052,0.0436848305980814,0.345962107208994,-0.622300171291729,-0.770669226531033,-0.935091125416026,1.13006526716372,"Feminine",-0.427718243085383,1.24707584621909
-0.481309920802093,-0.682788947809716,-1.26542784518988,-0.307289177799015,-0.842859973433365,-0.662412739482594,0.0170746986557003,-0.512780705669646,-1.17988327506568,-0.789444707013602,-0.0238788645582651,-0.130798368339362,-0.48744394845628,-0.696536272585953,-0.343032310267798,-0.719834078126746,0.875137017020228,-0.502211660074809,0.0644187707810563,-1.14937505682469,1.28863986307254,0.0495592748174971,-0.710390704418723,-1.63049802670415,-0.595717843921203,1.0546801098209,-1.05565396060276,-0.659076638129341,0.731425532920329,-0.30565712870518,-0.929128003611384,-1.25379805431907,"Feminine",-0.427718243085383,1.24707584621909
0.123025810531576,-1.71310520438486,0.505958373975006,-0.345638005203791,-0.351814386301876,-0.662412739482594,-0.392718069081061,-0.539358558554926,0.977032545506922,-0.0563719426572362,0.638000266669123,0.066853381237756,-0.48744394845628,-0.696536272585953,-0.343032310267798,0.295007300926102,0.694645608575044,-2.45628322869257,-1.95559023071923,1.99349031574862,0.991515600494248,0.988377636210431,0.296955748370213,-0.39856160834996,-0.595717843921203,-0.0863537532420052,1.21440925759122,1.13866460034655,-0.235634705771636,-1.44046233083744,-1.26341046004421,0.240608726359215,"Feminine",-0.427718243085383,1.24707584621909
-1.30218852242165,-0.682788947809716,-0.94349119816942,0.47411650243345,0.389320307989783,-0.662412739482594,0.0170746986557003,0.0890731696222212,0.285158986381788,0.414449555636176,0.109092526227779,-0.538546312459589,-0.111552947652933,-0.696536272585953,-0.343032310267798,-0.462670084691364,-0.308177227193946,2.43287749997213,1.81257982580259,-1.04200056321916,-1.5879159200106,-1.27273069323045,-0.975655872065589,0.68329736402378,-0.595717843921203,0.674335488799928,-0.76803338531325,-0.978258788648557,0.410051085009138,1.43556496878558,0.750969687468368,0.458204819674937,"Feminine",-0.427718243085383,1.24707584621909
0.271020453274575,0.347527308765425,-1.01561005262842,0.0406318037579969,-0.888768989116523,-0.662412739482594,0.426867466392462,-0.677903632149167,0.285158986381788,-0.446523966470903,0.109092526227779,0.995112175600616,2.69402641284825,-0.696536272585953,-0.343032310267798,-0.357069508361916,3.67268254665313,-2.25508983289303,-1.49583260145959,2.34127252907197,0.0757652685355898,-0.490153900295886,-0.848829926625789,-0.675592371292418,-0.965994897013874,1.0546801098209,-0.323236433567813,-0.408475842427787,0.0432952099803856,-0.0598233832339436,-0.764574899023889,0.770688887040687,"Feminine",-0.427718243085383,-0.801193979414496
0.365473763407806,-0.682788947809716,1.20305399261239,-0.344916908437457,1.60108806989635,-0.662412739482594,0.426867466392462,-0.823110604467394,-0.637702280671735,-0.699451537723788,-0.124763556494263,1.57368359808248,-0.48744394845628,1.17028075716298,-0.343032310267798,-0.719834078126746,0.631187724631671,-0.852569618037843,-0.499096937190241,0.202480687977635,0.584715748305266,-0.660928954164592,-0.212031720115543,-0.783835784374293,0.14483626226414,-0.0863537532420052,0.994808091376703,0.732233892506735,-1.20077576802802,-1.55768237479859,-1.01473024504474,1.73824067967963,"Feminine",2.33599963531248,-0.801193979414496
-0.650883049649258,-0.682788947809716,-1.33899111486713,0.469534331302537,-0.136723512137135,0.02180634731193,-0.392718069081061,-0.208426536681405,0.818386379083324,-1.17512875498006,0.305583908232784,2.38069911203766,0.0841737358863874,-0.696536272585953,-0.343032310267798,0.844443716336879,-0.648546268226338,-1.21739322037904,-0.585710189997354,1.25043999015912,0.154005977839512,-0.280394237180294,-0.606257081800632,-0.995854049471139,-0.595717843921203,1.0546801098209,0.0122465706131429,-0.582850601241396,-0.260811866769223,-0.136556622334506,-0.966118814896542,0.271695626846384,"Feminine",-0.427718243085383,1.24707584621909
-2.76650296349193,0.00408855657371117,1.11064893168478,-0.303511532114355,4.46430327601747,-0.662412739482594,1.24645300186599,-1.99636138909905,1.50285645044202,-0.28267134955393,0.366225299875805,0.683121400432051,-0.48744394845628,-0.696536272585953,-0.343032310267798,1.06628674900626,0.533462583358877,-0.280730558376344,-0.906866197428325,-0.0946507453509363,0.186891363328766,1.82988410791095,-0.524974743785857,0.63044207371803,-1.70654900319922,1.0546801098209,3.26395204887488,2.22591988399179,-1.29714954653378,-2.23128707876829,-0.90436782952032,-0.287098194076162,"Feminine",-0.427718243085383,-0.801193979414496
0.210023312807515,0.00408855657371117,0.129810437109519,-0.229522967715102,0.0450602215367055,-0.516494398426149,1.24645300186599,-0.220228533536802,0.856604042041455,0.0683070893486074,0.800396723635536,2.93952359824728,0.125142921453611,-0.696536272585953,0.470345104957288,-0.300735761180006,1.01554469176992,-1.75241739907378,-2.00306664706029,1.44443880737983,0.413449382325872,1.01855482332934,-0.517581810960364,-0.113215024158747,-0.595717843921203,-1.98807685834684,0.587955926778044,0.265934965904371,-0.423603493255086,-0.649586049530507,-0.771871028385527,0.56533095554181,"Feminine",-0.427718243085383,1.24707584621909
2.97325449984888,-0.339350195618002,-1.23467667149671,-1.00634566664013,0.914951391490492,-0.662412739482594,0.426867466392462,2.28356577125112,-0.736221239463945,0.0320411067222931,-0.269391824117116,1.82110789064016,-0.48744394845628,1.3695705925828,-0.343032310267798,1.42039784981041,-0.648546268226338,-2.58769867846978,-1.65579448955016,1.59658475191417,1.31172916764506,-1.7853353217512,-0.714975288291616,-1.78342679166658,-0.225440790828531,1.0546801098209,-2.32245238893197,-0.856924379394441,-1.13116485326874,-0.10601418777321,-0.894863899857308,1.16561508893849,"Feminine",-0.427718243085383,-0.801193979414496
0.225180677655244,0.00408855657371117,-1.22140147096797,0.913421475922352,-0.505509241133449,-0.662412739482594,0.0170746986557003,0.761152586796468,0.854660351375946,-1.19424199143646,0.285233968195406,-0.0765673894304475,-0.48744394845628,-0.696536272585953,-0.343032310267798,-0.719834078126746,-0.648546268226338,0.394763791926654,1.14186683737721,-1.45630541201547,0.756377395132116,0.335034102281459,1.23977036300856,-1.18517759876148,-0.595717843921203,-0.0863537532420052,-0.885785284411372,-1.12360097417037,-0.380338432021993,0.729417077541948,1.02819871259946,-1.90960029060999,"Feminine",-0.427718243085383,1.24707584621909
-0.482417907840576,0.00408855657371117,-0.789226818441098,0.496187000513204,0.0862500056180719,-0.662412739482594,0.836660234129224,-0.0917221105677592,1.0657342838563,-1.28448729403371,0.210614980400242,-0.286606683752226,-0.48744394845628,-0.696536272585953,-0.343032310267798,0.42511517003544,0.109151713559056,0.69406192269631,1.21211537228986,-2.18606989288864,0.829903040037925,0.834627847314326,-0.153086321319946,-1.23645441945868,-0.595717843921203,-0.0863537532420052,-0.565054217476596,-0.408010460687223,-0.567982458849166,0.00776180366046514,-0.83703261893797,0.0972628774407725,"Feminine",-0.427718243085383,1.24707584621909
-1.0752867653403,0.00408855657371117,-0.552329609501353,0.289406741948099,-0.91924548510411,-0.16539830269645,0.836660234129224,-0.377060957911899,0.0132779558405993,0.369219781721646,-1.60227163668039,0.318127108884457,-0.48744394845628,-0.0548968604665638,-0.343032310267798,0.609484534759798,-0.648546268226338,0.936422967280173,0.744431976947824,-0.39532091443141,-0.637512765999783,-0.249762879553745,-0.301441718925981,0.337872426081819,0.14483626226414,0.674335488799928,-0.490880838272264,0.033462056796498,1.25750239811104,0.498219224691708,0.422508355447734,-0.663050713300464,"Feminine",2.33599963531248,-0.801193979414496
1.54883903590936,0.00408855657371117,-0.544739614198401,0.596359475611477,-0.521445179982802,-0.662412739482594,0.0170746986557003,0.187072927478361,0.605222835955565,-0.587390703665511,0.865117339949703,-0.744025591386318,-0.48744394845628,-0.130023099878392,-0.343032310267798,-0.719834078126746,-0.648546268226338,1.16854279922423,1.26941182024185,-0.706231230219836,-0.477540478870617,-0.35759850915578,-0.977081522612946,-0.481213507318076,0.14483626226414,-0.0863537532420052,-0.940581631569888,-1.02157486274784,-0.29254658789298,0.957303656603676,0.742810363115519,-1.38829194203178,"Feminine",2.33599963531248,-0.801193979414496
0.164216447899921,0.690966060957138,-0.43205959524745,-0.236010242800325,0.45525514596969,-0.662412739482594,0.836660234129224,0.853981909335383,0.285158986381788,1.00461246448352,0.109092526227779,-0.744025591386318,-0.48744394845628,-0.263898019341218,-0.343032310267798,0.17648568001482,-0.351965580100485,1.49820716565276,0.472619830669632,-1.1793145141658,-0.56683207051238,0.322210976960226,-0.80373242020482,0.785495511261843,1.25566742154215,-0.0863537532420052,-0.821309582499309,-1.49664662954172,0.119074692646287,1.40925108326103,0.444611936734845,-0.239121306065445,"Feminine",-0.427718243085383,-0.801193979414496
0.507926555523709,1.37784356534056,-0.912877258029943,-0.312743773596658,-0.0804138048013611,-0.489104410819209,1.65624576960275,2.10905958887505,0.285158986381788,0.174436243197554,0.109092526227779,0.192646061955094,1.22604486188833,1.56681229808817,-0.343032310267798,-0.426765326658023,-0.648546268226338,0.419721312808427,0.606695249308872,-0.658512907093473,0.0601486433933939,-1.35884260482985,-0.730866043481677,-0.643524951840397,0.885390368449483,1.0546801098209,-1.31957880117695,-1.02366246583332,0.078643807830834,0.553480370967552,0.57694494686936,-0.983291680999244,"Feminine",-0.427718243085383,-0.801193979414496
-0.0617312013747349,-0.339350195618002,0.0493978781308929,0.110400627675258,0.421885096198105,-0.662412739482594,0.0170746986557003,0.582493199147694,1.08436376589626,0.366254599469064,0.690414449885812,1.59765354196722,-0.48744394845628,0.435138012751109,0.794531330118598,0.452440927748142,0.515125930529989,-0.300405775127818,-0.647727448008473,0.628077342914294,-0.327120778631372,0.578214421619222,-0.236367288753728,0.435682733325327,0.885390368449483,-0.847042995283939,0.417216923891983,0.401078464549038,-0.924294540591372,-0.141460350417213,0.173401103791652,-1.17593317195908,"Feminine",-0.427718243085383,-0.801193979414496
-1.10275926774334,-0.682788947809716,0.566684744876924,1.68137144333488,-1.05337552314105,-0.662412739482594,-0.802510836817823,-1.33131757996838,-0.761299771794976,-2.04899703306443,0.203908784767186,0.132013298680761,-0.48744394845628,0.361882311244914,-0.343032310267798,-0.719834078126746,2.6164893430163,-1.6890485260203,-0.0473165842733668,-0.322755804776812,1.70154859549296,2.3113982924166,3.82199944438461,-1.24553729531999,0.14483626226414,-0.0863537532420052,2.320485978701,1.30198228567272,0.203877952088602,-1.38127012304877,-1.10162144848374,-0.612437312774932,"Feminine",2.33599963531248,-0.801193979414496
-0.245675943577996,-0.682788947809716,-1.53271793826931,1.40976737987727,-1.00587683711419,-0.662412739482594,0.0170746986557003,-0.147680036943654,-0.409379567193311,-1.80569833757019,0.170177161513654,-0.744025591386318,-0.48744394845628,-0.696536272585953,-0.343032310267798,0.00784477737188767,-0.166987106469399,0.0289928976482997,1.55049899300479,0.148413293507204,-0.0316485529384102,-0.919428501366455,0.612155944822038,-1.42602023984427,-0.595717843921203,-0.0863537532420052,-1.07150837038063,-0.167862106560447,-0.135567849232385,0.483087973132585,-0.388640591714552,0.582978902780003,"Feminine",-0.427718243085383,1.24707584621909
-1.24106910963342,-0.682788947809716,-0.993521066575928,1.0922324184532,0.468402281159324,-0.662412739482594,-0.802510836817823,-0.86549351943292,0.00879023594170722,-0.67984662858443,-0.688368446681862,-0.744025591386318,-0.48744394845628,-0.696536272585953,0.968217112901111,-0.0442037790049062,-0.648546268226338,1.50897410387358,0.744897841624827,0.56175111867492,-1.73870983148336,0.339867027093039,-0.1334884212811,1.26574157923956,-1.70654900319922,-0.847042995283939,0.911972067193199,-1.46956189433196,-0.974704356552397,1.6785019994617,-0.726841581700736,-1.83478986885131,"Feminine",-0.427718243085383,-0.801193979414496
-1.25150978621023,0.00408855657371117,-1.46990993451828,1.67574375797678,-0.473666008254178,-0.662412739482594,-2.03188914002811,-1.11389215991892,-0.575049313917643,-0.849848434305472,-0.100982237441352,0.69621449210011,-0.48744394845628,-0.696536272585953,-0.343032310267798,-0.719834078126746,-0.350333025853922,1.63238461680302,1.68827176107188,0.275201612597036,-1.76733667690619,-1.37338264923189,1.00781879825672,0.537824087952915,-1.33627195010655,1.43502473084186,-0.172025158763157,-1.24162785172079,-0.55254919389703,1.80787400049067,-1.09672397860621,-0.255381058076944,"Feminine",-0.427718243085383,-0.801193979414496
0.602764423383496,0.690966060957138,1.36308659671025,-1.86030887430366,-0.499870576692261,-0.112575512313382,0.836660234129224,0.055453790875829,0.945645776552527,0.521893185253243,0.867514273804479,-0.744025591386318,-0.48744394845628,0.238713284724164,-0.343032310267798,0.248969131856644,-0.648546268226338,-1.45251698378192,-1.48059248485796,-1.53885795510066,2.64255586623618,1.28445121926069,0.506356186049686,-0.889503713713168,0.885390368449483,-0.0863537532420052,0.105282850054338,0.383687410060353,0.421804119392306,-1.66093935510488,-0.795482632876919,0.0429517172915383,"Feminine",-0.427718243085383,-0.801193979414496
-0.480160904741208,0.00408855657371117,-1.06792074297653,1.23106883199099,-1.30820191969177,0.0204850966615678,0.836660234129224,-0.068501470637108,0.151612903583557,0.205342575995005,-3.08854482311835,-0.744025591386318,-0.48744394845628,-0.696536272585953,-0.343032310267798,-0.230119992920784,-0.648546268226338,1.90458684852476,1.710203683938,0.303543610858495,-1.94125818518619,-0.824467919537046,-0.707324353014816,0.723544849538247,-0.595717843921203,-0.0863537532420052,-0.81025045930532,-0.345343306198121,1.89740553231729,1.54349884866137,0.640776356445201,-0.007959936559213,"Feminine",-0.427718243085383,1.24707584621909
0.373342917823895,1.72128231753228,-0.301191217777327,0.226148359554153,0.50234255525773,-0.662412739482594,1.65624576960275,1.1358908937034,0.692044530265828,-0.322457914207153,0.855794274767196,-0.267153874800594,-0.48744394845628,-0.696536272585953,3.13185832391372,-0.421423854881558,-0.648546268226338,0.705610655229406,0.102908410098112,-0.0479449840220046,-0.531860663835456,0.70645288892492,-0.332953770919605,0.503687851806201,-0.595717843921203,-1.60773223732587,0.301025029197939,-1.26553427833433,-0.264117792762033,1.01139320853785,-0.613958323942842,-0.387038969101273,"Feminine",-0.427718243085383,1.24707584621909
-1.80040794394794,0.00408855657371117,2.3827961873438,-0.849439001495957,0.90140565585314,-0.557027270941828,0.0170746986557003,-1.57843978577834,0.117095346423663,1.6143393139456,-4.38889568192557,-0.744025591386318,-0.48744394845628,-0.696536272585953,-0.343032310267798,-0.719834078126746,-0.648546268226338,-0.284972212796922,-1.41400680854936,1.63925544186481,-0.655255083139923,0.277724224747916,1.01616641401546,2.20216851743014,-0.595717843921203,1.0546801098209,2.46682986802336,2.37320512346946,-0.86366712964632,-1.41494559097778,-0.997857572401034,0.335561603264268,"Feminine",-0.427718243085383,1.24707584621909
-0.604011695725431,1.03440481314885,0.765537878067607,0.806147672074274,-0.326248596553183,-0.662412739482594,0.836660234129224,-0.766498308898785,0.285158986381788,-1.47401683677189,0.109092526227779,-0.366654992588192,0.202894331865248,0.215332045791411,-0.343032310267798,-0.719834078126746,-0.648546268226338,0.270156456083204,-0.0378620542302821,-0.743711860104025,0.379794866341519,2.68640072849351,0.945674926874801,0.290694366320068,0.885390368449483,-0.0863537532420052,1.52373655325718,0.348141791373726,-0.646436174355068,-0.195860687430584,-0.950465635914486,-1.67180952804113,"Feminine",-0.427718243085383,-0.801193979414496
-0.181147929863194,0.690966060957138,-0.661806967382821,0.355320460635621,-0.508614327949913,-0.662412739482594,0.0170746986557003,-0.626018322877485,0.871615733521131,0.0139347092719693,0.761058206574438,-0.744025591386318,-0.48744394845628,-0.696536272585953,-0.343032310267798,-0.719834078126746,-0.648546268226338,1.40183054671323,1.23490042797542,-1.51983183483794,-0.146372440681114,0.353494012989084,-0.301318964068259,-0.103283773232002,-0.595717843921203,1.0546801098209,-1.1743537886244,-0.877294969135742,-0.434830089826534,1.05870306292307,-1.1390515382084,-0.969544327149468,"Feminine",-0.427718243085383,1.24707584621909
-1.12983994727238,1.03440481314885,-0.731025637309025,0.716274396629877,-0.496977406376827,-0.662412739482594,1.24645300186599,-0.216537680773622,0.836834114250923,-0.00675516664718971,0.793407998373208,-0.744025591386318,0.695343220463637,-0.696536272585953,-0.343032310267798,0.0893639901789839,-0.648546268226338,1.73527829624206,1.49277212752693,-0.876185435602771,-1.03064959521571,-0.180130204281311,-0.136775076619478,0.538968461747383,-0.595717843921203,-0.0863537532420052,-0.532615153680686,-0.581373209306364,-0.403131431984835,1.18659770033456,-0.929735355629809,-0.0917386074528804,"Feminine",-0.427718243085383,1.24707584621909
-1.10941537032919,0.00408855657371117,-0.351443460170144,0.806147672074274,-1.25404182165081,-0.0205914649110136,1.24645300186599,-0.901235254263311,0.563634497913235,-0.396687185125926,1.13788697082563,-0.336057376469425,0.258867705945373,-0.203634478868459,-0.343032310267798,-0.719834078126746,-0.310653924997716,0.688924297358621,0.655501121999265,0.201617391112941,-0.730090312359833,0.70757121920229,0.202616013260476,0.581469431210221,-0.225440790828531,-0.0863537532420052,0.301529662273538,0.320041538763358,1.62091526265036,0.465291937325592,0.823880277030604,-0.504611618639158,"Feminine",-0.427718243085383,-0.801193979414496
0.3630248069779,0.690966060957138,0.20147712971281,0.582975988550305,-0.323530650441549,-0.662412739482594,0.0170746986557003,-0.286700360662876,1.50285645044202,-0.0357105135981288,0.413569210853563,-0.744025591386318,-0.48744394845628,-0.696536272585953,-0.343032310267798,0.173226335439761,-0.648546268226338,0.371665657505351,0.367323160574034,0.41673073899998,-0.521177965376865,0.398916581154514,0.60517968292874,0.553962070321078,-0.595717843921203,-0.0863537532420052,0.66959408522464,0.587590004526372,-0.0750830255556604,0.0524788997432087,-0.476614759954889,-2.2345456175275,"Feminine",-0.427718243085383,1.24707584621909
-1.11066463951513,-1.02622770000143,-1.62342034766475,0.915174536198938,-1.18187442120829,1.09019342211927,0.0170746986557003,-0.584428608086116,-0.493601019703246,-0.485758799937268,-0.232092397448885,0.396862265445227,-0.48744394845628,-0.696536272585953,-0.343032310267798,-0.719834078126746,1.00506349870793,-0.83054333122166,0.0735135089831536,1.8417358781687,-0.512086958976326,-1.17660362454024,0.0387335809731915,-0.676721240155051,-0.595717843921203,0.674335488799928,-1.0971335210681,-0.0860779066665983,1.63676256210792,0.603865949946204,-0.490581031499479,-0.920257438836728,"Feminine",-0.427718243085383,1.24707584621909
0.230572840304572,0.347527308765425,1.16550383914433,-1.99849646898639,0.260497047291112,1.23452569425119,1.24645300186599,-0.19631717652989,0.285158986381788,0.775090776397034,0.109092526227779,-0.744025591386318,-0.48744394845628,-0.696536272585953,-0.343032310267798,0.000375932813983514,-0.648546268226338,0.128691113760561,-0.666120742690546,-2.4398572300355,1.70962110248065,0.283515974158032,-0.476365951238997,-0.376133454861117,-0.595717843921203,1.0546801098209,0.231063900401179,-0.458827144293479,-0.31918447981573,-1.07667929373783,-1.07284346305759,0.3638667488677,"Feminine",-0.427718243085383,1.24707584621909
-0.332328601787896,1.03440481314885,-0.466748962462531,0.529322173792386,0.245304062396908,-0.662412739482594,1.24645300186599,-0.412142695466834,-0.349230084880986,-0.409284135431578,-0.337878329392118,0.318127108884457,0.484074064445465,-0.0548968604665638,-0.343032310267798,0.277154881538162,-0.208691824131705,0.274315846967221,0.43961671877501,-0.20502333906403,-0.176405371629584,0.415859701396894,-0.0911626476495842,-0.117488893196349,0.14483626226414,-0.0863537532420052,-0.297796010125087,0.0944283243002899,-0.807290128563583,0.29734670966702,0.202788450716837,0.443898448120517,"Feminine",2.33599963531248,-0.801193979414496
-0.166256322871747,0.690966060957138,0.268405045090899,-0.588390459627428,0.624739663262163,-0.662412739482594,0.836660234129224,-0.592912197830386,0.285158986381788,0.30738644093683,0.109092526227779,-0.744025591386318,-0.48744394845628,-0.696536272585953,-0.343032310267798,0.183076266471742,0.247738017212818,-0.0614844370297372,-0.556698349962602,-0.572034134694461,0.504155883314051,1.07132664370435,-0.0343409133157038,0.364449120727194,-0.595717843921203,-0.0863537532420052,0.255832142345429,-0.162156729835597,-0.950927982789531,-0.150327457372592,-0.338079534258187,0.440130424191668,"Feminine",-0.427718243085383,1.24707584621909
-0.831351448462754,-2.39998270876828,0.287805350768038,-1.15712307974486,1.28020046057803,-0.662412739482594,0.0170746986557003,-0.183979452565934,1.49406441099033,1.41876861921398,0.696644054466293,-0.744025591386318,-0.48744394845628,-0.696536272585953,-0.343032310267798,0.166778245811121,-0.061809022403352,-0.267241565399466,-0.83490965555042,0.105040339693436,0.272098262089961,0.0179279345903017,-1.09549193031627,0.323693756844369,-0.595717843921203,2.1957139728838,0.0132308863343567,0.156715160775259,-1.16494498550212,-0.488069844497838,-1.02127065583551,-0.007959936559213,"Feminine",-0.427718243085383,1.24707584621909
-1.19057457941469,0.690966060957138,-0.298342242009182,0.309780842745962,-1.33522513401601,1.90101757637387,0.0170746986557003,1.29066823054817,0.0530156223495077,0.0161740739793378,-1.54020049251773,-0.744025591386318,-0.48744394845628,0.125251466679609,-0.343032310267798,-0.719834078126746,-0.648546268226338,0.52749245178244,-0.115190487127026,1.01673986361968,-1.03259545712395,0.743018391098109,-0.945763032646377,0.99349013143767,1.9962215277275,-0.0863537532420052,0.817611874069302,0.118096338027928,2.16116658559371,0.329107115322167,0.390342096557903,-1.94819962815243,"Feminine",-0.427718243085383,-0.801193979414496
-0.853403641009149,-0.682788947809716,0.0857188332978395,-0.233012075251554,0.511503557852234,-0.662412739482594,1.65624576960275,-0.96828331970021,0.0644889352341346,0.463682548082067,-2.09935781220678,0.549105949800013,-0.48744394845628,-0.696536272585953,-0.343032310267798,1.70776012679044,-0.648546268226338,0.55301167767555,0.379468293310936,-1.41677267194298,0.359437087992752,0.873351860824585,-0.478117709619496,-0.0500661607908674,-0.595717843921203,0.674335488799928,-0.391570981027552,0.791773950789237,-0.772856428413186,-0.374790901118938,-0.307375891904636,-1.17593317195908,"Feminine",-0.427718243085383,1.24707584621909
0.298862492751665,-0.682788947809716,3.47299976843306,-1.98426941842202,1.04056620345298,-0.267217232454722,0.0170746986557003,0.113613508961372,0.285158986381788,2.4924218069078,0.109092526227779,-0.744025591386318,-0.48744394845628,1.66252604361419,-0.343032310267798,-0.719834078126746,0.160041876514791,0.654341177548169,-1.71195101566863,-0.0153569331008462,-0.524994259437048,0.00290877679717124,0.991268923232566,2.98267780008574,1.25566742154215,-0.0863537532420052,1.48223476876404,-0.417415339444191,-1.10171135751111,0.232618559016123,-0.974371124799292,-1.43548277982571,"Feminine",-0.427718243085383,-0.801193979414496
-0.712220418655218,-0.682788947809716,-0.437328623683886,1.76581995725076,-0.589078162223342,0.225043837702801,-1.62209637229135,-1.07841119847984,-0.327869485227483,-2.33951375577687,0.381575065722154,0.154064620856363,-0.48744394845628,-0.696536272585953,-0.343032310267798,0.4041550007327,0.839107892807685,-0.969092032674645,0.324836297378137,1.25479566587101,-0.0055187803412495,1.21140815455598,0.645696279462366,-0.873081288257149,-0.595717843921203,-0.0863537532420052,1.12387388242948,1.14675911556131,0.263960844625479,-0.578062853258759,-0.737984853267388,-1.19259686273652,"Feminine",-0.427718243085383,1.24707584621909
-0.168021974928854,0.00408855657371117,1.45938563850176,-1.18708801529326,-0.660259590189963,1.74806151332829,-1.21230360455458,-0.68484476072968,-0.2241441354685,2.08587121753436,-1.59131472573216,0.748238373442777,0.877483449898072,-0.696536272585953,-0.343032310267798,0.213974339100588,-0.0305758610287453,1.24641329711998,-0.980922830402937,0.381245141701868,-1.61637455221986,0.468628639848686,-0.760244534138043,3.12869191852089,-0.595717843921203,-0.0863537532420052,0.422784821914653,-0.629633031395841,0.970473305833184,1.21070269638064,-0.398287434006885,-0.998834473358348,"Feminine",-0.427718243085383,1.24707584621909
0.651167646896546,2.06472106972399,-0.775424615021158,0.995344445624521,-0.742766839221734,0.203977410540047,0.426867466392462,0.884792870553255,-0.268339860918319,0.780434388248329,-0.904968172682661,-0.280666178458275,-0.48744394845628,1.54276254940332,-0.343032310267798,0.439984640790793,-0.648546268226338,2.32885430515044,1.80462766830211,-0.1234297899248,-2.15035046843764,-1.14587790795754,-0.00882196448547107,1.36445145696923,0.515113315356812,1.0546801098209,-1.55683674903518,-0.749670163322995,0.2565968970761,2.27369072158237,1.3161174413886,-0.589279948698872,"Feminine",-0.427718243085383,-0.801193979414496
2.45786747701568,1.37784356534056,-1.02020819654591,1.01099484486831,0.847172222336231,-0.406069707896948,0.836660234129224,1.57817608621309,-0.609011381085677,-1.45561723198269,0.0651441548790682,0.303946164955609,-0.48744394845628,0.569609323024805,3.47517195132285,-0.719834078126746,0.219417507971083,-0.0347853409314258,1.42351750539153,-1.17988555092607,0.874241707449432,-0.157517720805175,-0.322029789989979,-2.44376815628439,0.885390368449483,-1.98807685834684,-1.68908949144727,-0.0641328093410667,-0.749034861317055,-0.0499149772396892,-0.821692927976343,0.0940699092917991,"Feminine",-0.427718243085383,-0.801193979414496
1.27485225700763,0.00408855657371117,0.693404878772942,-1.25538320953473,-0.120683377665363,-0.662412739482594,0.0170746986557003,0.715259735765945,-0.174349490622074,0.710037123787226,-1.07662636970954,-0.0708430480757674,2.59125164131383,0.116793959929018,-0.343032310267798,-0.719834078126746,0.745332094492076,-1.00026875187879,-0.922321324412197,-0.318179130020034,1.07754460698363,-0.309817335399377,-0.599607583285878,-0.565820620924746,1.25566742154215,-0.0863537532420052,0.223168714875781,0.358842059091574,-0.498732073208995,-1.20809724414187,-1.00502511935521,0.397781769714226,"Feminine",-0.427718243085383,-0.801193979414496
-0.204182654449091,0.00408855657371117,1.12694555664433,-0.557679282794444,0.0941513350813959,-0.552973983690261,0.0170746986557003,-0.56747920387145,-0.3705242634968,1.12999993396633,-0.871387059472154,-0.195122902225406,-0.48744394845628,0.629817645053847,-0.343032310267798,-0.719834078126746,-0.648546268226338,0.184614994210607,-0.374787124855919,-0.186437165619051,0.096113244263936,0.33012006544507,0.909452028582667,0.930479010121423,0.515113315356812,-0.0863537532420052,0.446080168356335,0.757724261240098,-0.739213323601139,-0.359557199876346,0.591468056571014,-1.13178298093022,"Feminine",-0.427718243085383,-0.801193979414496
0.525261741118265,0.347527308765425,-0.866569563061767,1.26690002169206,-0.193270128752156,-0.662412739482594,0.0170746986557003,-0.3432903963516,-0.381716580706676,-0.621382848753735,-0.241859126999801,-0.744025591386318,-0.48744394845628,-0.696536272585953,-0.343032310267798,-0.719834078126746,-0.186167272229276,0.439073465146566,0.745877284004119,1.60704449275941,-1.39946595205013,-0.309697316785854,-1.25402884409179,-0.0145791782598963,-0.595717843921203,-0.0863537532420052,-0.685229094882438,-0.335631022145356,-0.0452921846533893,1.10626575665835,-0.83744159291937,-1.88129740039664,"Feminine",-0.427718243085383,1.24707584621909
0.691649049355372,0.347527308765425,0.0310144829872894,-0.26100956960705,0.107360172135564,0.0579436277580831,0.0170746986557003,-0.116710150898298,-0.448508499789088,0.0232764005396275,-0.415028284169767,-0.129838701323639,1.75966657277812,-0.696536272585953,-0.343032310267798,-0.719834078126746,-0.648546268226338,0.170906941478592,-0.478433200684422,0.988133524331053,-0.810389381327045,-0.330283420254034,-1.03286626106005,0.752881891362896,-0.595717843921203,-0.0863537532420052,0.334398164287294,-1.14932169632471,-0.420567706578025,0.740175452612391,-0.661375441530799,-0.210847306088777,"Feminine",-0.427718243085383,1.24707584621909
-1.8686416287867,0.00408855657371117,1.03424833871748,-0.256408372238343,-0.695805207546621,-0.662412739482594,0.0170746986557003,-1.51727866565865,-0.133948401123299,-0.164455094550285,-0.703840745847939,-0.744025591386318,0.411119019671866,-0.696536272585953,-0.343032310267798,1.12440832786166,2.60604631436124,-1.50505905817754,-1.88899212668779,1.14678807710963,0.41213244098335,1.9312965437089,0.879349394707854,0.90735903220034,-0.595717843921203,-0.0863537532420052,2.48480043816462,1.57089550352217,0.98317745453905,-1.41288346903796,-0.739800699627943,-0.505618097729593,"Feminine",-0.427718243085383,1.24707584621909
2.1401812683546,1.03440481314885,1.2058555301327,-0.954378267623424,-0.240910663921899,0.682933667420801,-0.802510836817823,0.985241292979527,-1.90470566288185,1.21343530290075,-0.193374204598693,-0.744025591386318,-0.48744394845628,1.24149448581825,3.5532006487668,0.618539838662295,-0.648546268226338,0.187598456641037,-0.795517224726295,0.899082847536241,-0.701410871253114,-0.497875056867225,-0.29093731482044,1.32730619186349,1.25566742154215,-1.98807685834684,-0.346093522996772,-0.43848662434318,0.0284144648203349,0.70010220719923,-0.675650600869844,-0.904355655435216,"Feminine",-0.427718243085383,-0.801193979414496
-2.31460980049912,-1.02622770000143,0.200484016058686,-0.20673636344539,-0.60395414291829,-0.55584316455373,-0.802510836817823,-1.15072887732553,0.285158986381788,-0.129213631799389,0.109092526227779,0.898089148153646,-0.48744394845628,-0.696536272585953,-0.343032310267798,0.307745895642245,-0.648546268226338,-0.42565234996055,-0.627732665026741,-1.12240628084558,1.19295221216956,2.79009924223546,0.32382324615251,-0.0101979547367107,-0.595717843921203,1.0546801098209,0.869761285432649,1.28199509569728,0.232483456355465,-1.18834701265916,-0.811797657881054,-0.368563695029661,"Feminine",-0.427718243085383,1.24707584621909
-0.768077703877299,0.00408855657371117,0.350653199656674,-0.145359505741106,-0.238924953489654,1.77919118512524,0.0170746986557003,-0.856298176552763,-1.15255179408289,0.292472922724724,-0.202076913742138,-0.744025591386318,-0.48744394845628,-0.696536272585953,-0.343032310267798,2.3555528558903,-0.648546268226338,-0.411124923202907,-0.231510018410457,-0.6766254399745,0.870366155124973,1.66125264847431,0.658418919488341,0.00286823546797001,-0.595717843921203,0.674335488799928,0.0738663782226168,1.29919375181475,0.253061205349009,-0.744332212681336,-0.760764014441508,0.639875884675905,"Feminine",-0.427718243085383,1.24707584621909
1.44559129001566,0.347527308765425,0.238170065775353,-1.305361065159,0.273241111069675,-0.343301601097472,0.836660234129224,1.23079632851064,-0.281451508739303,0.733219022209083,-0.862049860423922,-0.0799555021307317,-0.48744394845628,0.1057844136344,-0.343032310267798,-0.719834078126746,-0.0985421494684125,-1.37919679111608,-1.25305639283434,0.574788862758736,1.06049635855919,-0.59834187922248,-1.31761266235303,-0.911192918613284,1.25566742154215,0.674335488799928,-0.325304880734223,0.125891457276011,-0.51873539914773,-1.08381850590103,-0.767249539961956,0.164412703779696,"Feminine",-0.427718243085383,-0.801193979414496
0.0712863681438015,-1.71310520438486,0.270578303377142,-2.10825432691902,-0.470885279768555,-0.662412739482594,0.836660234129224,0.49474695472379,-0.826432059648303,1.43811323957382,-0.53395874900465,-0.744025591386318,-0.48744394845628,-0.696536272585953,-0.343032310267798,-0.719834078126746,0.700219018852227,-0.476621689210667,-2.00129440118969,-0.300830140493793,0.743896108420502,0.495402980780207,-1.62855569158739,0.60251576542372,-0.595717843921203,1.81536935186283,0.113690992930473,-1.83625447067443,-0.241346735901617,0.143278195908848,-0.888819009125416,-0.0612920477646859,"Feminine",-0.427718243085383,1.24707584621909
1.73493445047931,-1.36966645219314,0.135836289630443,-0.877589309245125,-1.38550314906109,0.52317378160102,-1.62209637229135,0.918137913354777,-9.6368203504053,-1.09972090312353,0.0967585151340928,-0.744025591386318,-0.48744394845628,-0.696536272585953,-0.343032310267798,-0.719834078126746,-0.648546268226338,0.0773185432691666,-0.0562830016542815,-1.22894959335563,0.969992729952788,-0.749390693403113,1.35396512614294,-0.179679443745893,-0.595717843921203,-0.0863537532420052,0.309586881379868,-0.824205373087035,0.565933689031156,-0.238694854643889,-0.831950377892093,-0.397284348359176,"Feminine",-0.427718243085383,1.24707584621909
1.87441701470268,0.00408855657371117,0.58174937617925,-1.30240058051881,1.53359362241839,-0.283025052735837,0.0170746986557003,1.18811449987047,0.285158986381788,1.29988255280311,0.109092526227779,-0.744025591386318,-0.48744394845628,-0.696536272585953,-0.343032310267798,-0.719834078126746,7.9054651577193,-0.987753251664388,-2.13794388542309,0.423459442741442,0.0316130017705088,-0.589580723512755,-1.84348824161956,0.209802055034833,-0.595717843921203,1.0546801098209,-0.116906013229323,0.193097415128779,-0.852015315407216,-0.591127876019117,-1.00077912686605,2.18894210145481,"Feminine",-0.427718243085383,1.24707584621909
-1.51590294397581,-0.682788947809716,0.958365158737368,0.476651664070273,0.429567539012613,-0.662412739482594,-0.802510836817823,-1.49408322440697,0.285158986381788,-0.177108735432564,0.109092526227779,-0.744025591386318,-0.48744394845628,-0.696536272585953,-0.343032310267798,-0.719834078126746,-0.648546268226338,-0.262788416457503,-0.721015048572033,1.07135633661445,-0.284163162070633,1.78178435911242,2.5093474355025,1.71208783604624,-0.595717843921203,1.0546801098209,1.37246888142703,0.447161729143627,-0.670094568094537,0.416415938030071,-0.989080984293856,-0.926946629528877,"Feminine",-0.427718243085383,1.24707584621909
2.46135839900728,0.00408855657371117,2.68193621067978,-1.43848419114716,-1.17329125017467,4.41867235087576,-0.802510836817823,1.05407783544601,0.285158986381788,0.812575903283181,0.109092526227779,-0.744025591386318,-0.48744394845628,3.2548931070493,-0.343032310267798,3.37335948405308,-0.648546268226338,-1.67448611048723,-0.952372960214128,-0.56341710600594,1.98165042567288,0.100798346413594,0.746448986268064,-0.841797991673158,1.9962215277275,-0.0863537532420052,-0.817837813934829,0.98351972539719,0.450035577688452,-1.35238320218962,-0.947487588481635,-3.31721743685883,"Feminine",-0.427718243085383,-0.801193979414496
-3.01758323459239,-1.36966645219314,-1.47708356847176,1.78030978269478,-0.583927937771006,1.37002129666074,0.836660234129224,-2.07505202627792,0.285158986381788,-0.592013851215449,0.109092526227779,-0.744025591386318,-0.48744394845628,-0.696536272585953,-0.343032310267798,-0.719834078126746,-0.648546268226338,1.39332942848026,1.61009118236713,1.05494294863633,-1.9204578292475,-0.25055528738821,0.00646692115731417,0.710563982038642,-2.07682605629189,2.57605859390476,0.133426772736945,0.178982731016845,0.587396302242769,1.17607198830526,-0.445448003940981,-0.274339797264449,"Feminine",-0.427718243085383,-0.801193979414496
-0.79866307948506,0.00408855657371117,0.951718997868688,-0.0288484227433119,-0.946758404585312,0.0438941241416871,0.0170746986557003,-0.977299148028501,0.285158986381788,-0.044837062327844,0.109092526227779,-0.744025591386318,-0.48744394845628,-0.696536272585953,-0.343032310267798,-0.719834078126746,2.66831530509952,-0.659277713324383,-0.773596392127066,-0.419917199682975,0.811569873985292,2.09180227129046,0.799304848061688,0.209802055034833,-0.595717843921203,-0.0863537532420052,1.49237618226801,1.5965002925441,-0.0446091591374706,-1.29023991025733,-0.443010113516588,-0.306036439343558,"Feminine",-0.427718243085383,1.24707584621909
1.70901134268771,0.00408855657371117,-0.76434832406071,-1.38571707682186,0.780103425531258,0.447498046212708,0.0170746986557003,0.579555484360152,0.285158986381788,0.069085186587052,0.109092526227779,-0.744025591386318,-0.48744394845628,-0.696536272585953,-0.343032310267798,0.411924510494403,0.849391216501469,-1.08071536100965,-0.917771043810172,-0.466207492045225,1.36972607141995,-1.36506412579177,-0.88867267373472,-1.38940538926764,-1.33627195010655,1.0546801098209,-1.0720928647503,-1.52525154740172,-0.37747754616693,-0.2490891926015,-0.0669873940564922,0.852651921103839,"Feminine",-0.427718243085383,-0.801193979414496
-0.215561071541663,-1.02622770000143,-1.17250582033442,1.26463116542501,-1.14868493063792,0.155233137126795,-0.392718069081061,-0.579713075107087,-1.49064981537272,-0.837691269447849,0.00573341183631304,-0.000719866480916871,-0.48744394845628,-0.696536272585953,-0.343032310267798,-0.719834078126746,0.582712952174928,0.599015853948973,1.00062560934306,1.01689373105069,-1.28825307147462,-0.942615475179634,-0.470036681376122,-0.108864625785768,-1.33627195010655,-0.0863537532420052,-0.839457463631892,-0.467084855379494,1.0763985080825,1.18225100880988,0.292170124467593,1.05845040880587,"Feminine",-0.427718243085383,-0.801193979414496
1.01047877083584,-0.339350195618002,-0.296303419727664,0.622837597495129,-0.99210968623439,-0.584669361050882,-0.392718069081061,0.418874567880077,-0.0421790415913929,0.441861730537089,-1.36413989489954,-0.744025591386318,-0.48744394845628,-0.23302549491613,-0.343032310267798,-0.719834078126746,-0.330801953284076,1.69112584387802,1.09543136514681,-0.400746472543071,-1.24066776712613,-0.0530691295817219,-0.121926838918108,0.960210690515613,0.885390368449483,-0.0863537532420052,-0.745307376241362,-0.701053336149918,0.246574695723944,1.51292826742867,3.03715973033035,0.116917704961525,"Feminine",-0.427718243085383,-0.801193979414496
0.783326958082685,-0.682788947809716,-0.0961590324253542,-0.147765001415368,2.20716950823641,-0.662412739482594,-0.802510836817823,0.28788720795834,0.586162853902296,1.2502945422524,2.3381855647261,-0.744025591386318,-0.48744394845628,0.369017717428044,-0.343032310267798,-0.719834078126746,-0.648546268226338,0.946094194880257,0.706834289672576,-0.326400406798349,-0.519189006588371,-0.525584910851043,-0.213864817330715,0.517011057443915,0.14483626226414,1.0546801098209,-1.2881259241995,-0.23985862560812,-0.921822862333785,0.858678615957277,-0.328496982748182,-0.797363578164648,"Feminine",2.33599963531248,-0.801193979414496
-0.509722724941852,-1.02622770000143,-0.924713754053202,0.611251244555251,-0.820035067182581,-0.146940339011458,-0.802510836817823,-0.683708709892399,0.285158986381788,0.194040533695483,0.109092526227779,1.83459085243793,0.455988129775505,-0.696536272585953,-0.343032310267798,-0.074389626797472,-0.648546268226338,0.462304386339477,0.0967941266148358,0.782515217293902,-1.10410232074359,-0.463706747228547,0.1985122008674,0.748729805647344,-0.595717843921203,1.0546801098209,-0.422831756919998,-1.23168813560799,-0.058317303061373,1.4720641216506,-0.0639485814041367,-0.208901568455966,"Feminine",-0.427718243085383,1.24707584621909
0.299929522365968,-1.02622770000143,1.15708202893135,-0.615878017583524,-0.720018805562193,-0.362609251392484,0.0170746986557003,-0.74087553266557,0.500854189355421,0.566089244274358,2.47931064281536,-0.112036182771098,-0.48744394845628,-0.696536272585953,-0.343032310267798,0.0711211995891609,-0.125112396751404,0.339957921643449,-0.956403349832838,0.897231698933558,-0.920060821241891,0.385954918774474,-1.17619362573869,1.4798504206242,-0.595717843921203,0.674335488799928,0.478087854864383,-0.66701188626232,1.48168300239576,0.650049286215391,-0.0115792054518267,0.289156061919695,"Feminine",-0.427718243085383,1.24707584621909
-0.283953100666707,0.347527308765425,0.115041190734691,-0.312223940179869,0.0260107771833083,-0.329616523038071,0.836660234129224,-0.614432825598608,0.285158986381788,0.275391398131732,0.109092526227779,-0.744025591386318,0.100559173193508,-0.696536272585953,-0.343032310267798,-0.317554612556247,-0.116109848593358,-0.529720432742326,-0.0524869753958601,-0.0316878598903057,0.638737406421698,-0.19731988832733,-0.231406101411047,-0.694522309456068,-0.595717843921203,0.674335488799928,0.378839012541681,1.21414048545707,-0.663252761822308,-1.28785418805477,1.01085561795574,0.872251777075458,"Feminine",-0.427718243085383,1.24707584621909
-0.27589985483945,3.43847607849085,-1.08732729755026,0.952628172254413,1.45991597354683,-0.629479780563605,4.11500237602332,-0.140498298616831,0.285158986381788,-0.238630012651623,0.109092526227779,-0.38528206053618,-0.48744394845628,-0.696536272585953,0.52833727898613,1.97404102678136,-0.351423385058209,-0.18661722691791,0.891607656142771,1.2747983302006,-0.73810779780024,-1.1102047936126,-0.517743408331562,-0.655316813372113,-0.595717843921203,-0.847042995283939,-0.918703163161442,0.482461341328509,-1.05834396151015,0.275200168845845,0.301301247819912,-0.155217356566451,"Feminine",-0.427718243085383,1.24707584621909
0.821269761734776,-0.682788947809716,0.404942924966341,-0.600298875134092,1.17620790695875,-0.662412739482594,-0.802510836817823,0.258522349949956,-0.616405482201273,1.1949241975219,-0.620794231955471,-0.744025591386318,-0.48744394845628,0.215332045791411,-0.343032310267798,0.69704061647396,-0.648546268226338,0.928825712502232,-0.326654971909399,-0.157753909285271,-0.712379378657153,0.321520500981394,-0.349293687069009,1.50407903559852,0.14483626226414,-0.0863537532420052,-0.232444222136812,-1.29806467405065,-0.161004429189587,1.27541162564893,0.00820277253300692,-0.0249928795754669,"Feminine",2.33599963531248,-0.801193979414496
-0.236240174450781,-0.682788947809716,-0.646512898616118,0.957142799220434,-1.05033002023167,-0.662412739482594,0.0170746986557003,-0.420590871304629,-1.05430822408447,-0.666051701831589,-0.0578496578247727,0.377304187899543,-0.48744394845628,-0.696536272585953,-0.343032310267798,-0.719834078126746,-0.648546268226338,1.44769577980373,1.049924602361,-0.764316974858094,-0.807777455567243,0.756658462843623,0.67245077975699,0.75062493619895,-0.595717843921203,-0.0863537532420052,-0.138363109169284,-1.0331863405162,0.791870404751458,1.49688673290568,-0.247739870699339,0.124132274587196,"Feminine",-0.427718243085383,1.24707584621909
0.00687377816760512,-2.05654395657657,-0.697712460456537,-0.789121009075703,-0.597411747326941,-0.662412739482594,-1.62209637229135,-0.368602881197024,1.00221852089263,0.393154096142626,0.765766983713599,-0.744025591386318,-0.48744394845628,-0.696536272585953,-0.343032310267798,0.33195013485308,-0.648546268226338,0.103188803237523,-0.293158291593299,-0.367679546417655,0.278495621592784,-0.439900036510521,-0.956143581101314,-0.17300738380962,-1.33627195010655,1.0546801098209,-0.528588196574233,-1.61327990956919,-0.324266132883208,0.545864822062092,-0.540796607206464,-0.908272638846612,"Feminine",-0.427718243085383,-0.801193979414496
-0.893041330987887,-1.71310520438486,-0.546318684333403,0.915965026569055,1.16068561098274,-0.662412739482594,-2.03188914002811,-0.28871751471668,0.285158986381788,1.22893369195347,0.109092526227779,-0.744025591386318,-0.48744394845628,0.757977609488368,-0.343032310267798,-0.719834078126746,-0.149999590027052,0.736978429811668,0.997717457324539,1.46406930050804,-1.60047689356492,-0.462517091010971,-0.890137114789759,0.661409437056675,0.14483626226414,1.0546801098209,-0.508530923790024,1.58239797888275,-0.646699724167889,0.214495091860707,-0.149186272366131,-0.985980535556681,"Feminine",2.33599963531248,-0.801193979414496
0.789692518940927,0.00408855657371117,0.155721602949512,-0.993805984988504,-1.53446902150082,-0.662412739482594,0.836660234129224,0.368710242621705,0.285158986381788,1.7192616087536,0.109092526227779,-0.744025591386318,-0.48744394845628,-0.696536272585953,-0.343032310267798,-0.421786003210739,-0.648546268226338,0.439467647284769,-0.630401568173828,-0.284660410956244,-0.0637399726815257,0.761434143303066,-0.774824822345541,1.05210306332035,-0.595717843921203,0.674335488799928,-1.26345447710872,-1.10332946876412,1.69069063544511,1.14109753243924,0.708365206397411,0.0602721768490158,"Feminine",-0.427718243085383,1.24707584621909
1.0385409251716,0.00408855657371117,-0.0998414978548074,0.134972989560131,-1.26327257912119,-0.662412739482594,-0.802510836817823,-0.309324667449519,-0.453130027261032,-1.05122974328796,-0.0719985933306659,-0.434997699457144,-0.48744394845628,-0.696536272585953,-0.343032310267798,0.053682815513535,0.119294127488467,-0.505823597785762,0.0133020453585159,0.230163740772205,0.386674704105281,-0.467269470966746,0.19583241026046,-0.734153892403846,-0.595717843921203,-0.0863537532420052,0.185858679088922,-0.287690958636841,0.869141879311569,-0.240470895066563,-0.117888402917627,-0.422954089796535,"Feminine",-0.427718243085383,1.24707584621909
-0.296923802154567,-0.682788947809716,-0.0335571201245795,-0.70442015768537,-1.00981716082747,1.59795782407869,-0.392718069081061,-0.368789019649585,0.0967669736579827,-0.385229837426501,-1.42583806527416,0.911946656504195,-0.48744394845628,-0.0296283604112293,-0.343032310267798,-0.028999721640701,-0.191369848836839,0.10790439492795,-0.392658979114545,-0.540341406114345,0.234610522260524,-0.41115997231871,-0.823541091396582,-0.130377988204047,0.14483626226414,-0.0863537532420052,0.835837332515655,-0.806603376022923,1.64493552067296,-0.374314650211063,-0.736369594586197,1.48877613547171,"Feminine",2.33599963531248,-0.801193979414496
1.25082975067012,0.00408855657371117,0.0500565066854472,-1.09970210331472,-1.11606773264604,-0.662412739482594,0.0170746986557003,0.309692909631034,1.12547718617241,1.36568119336423,0.939613031804032,-0.744025591386318,-0.48744394845628,-0.696536272585953,-0.343032310267798,-0.103543955841203,-0.648546268226338,0.635913286408731,0.0619653595972954,-0.919256062337524,0.159128293664963,-0.833205708979234,-0.673629518859776,0.222996534918255,-0.595717843921203,-0.0863537532420052,-1.32868002609984,-1.15989334620581,0.633882371312466,0.691162306394806,0.178344463030592,0.090217523807728,"Feminine",-0.427718243085383,1.24707584621909
0.921617202985076,-0.339350195618002,0.17016212809789,-1.47333039872045,-0.75399508200614,0.837143334615258,0.0170746986557003,0.520559753116207,1.1275911942222,1.21588623074197,0.89602035266512,0.243308805469157,-0.48744394845628,-0.696536272585953,-0.343032310267798,0.515846997248293,-0.239675281828937,0.0795980548550672,-0.873666295018572,-0.548676025482199,0.292656436012779,-0.332316824813784,-1.32224301336544,0.355306464013304,-0.595717843921203,-0.0863537532420052,-0.602457152801594,-1.49587101200134,1.52266741124059,0.36403210870424,-0.376813449004195,0.120411896520772,"Feminine",-0.427718243085383,1.24707584621909
-1.02823936697808,-1.02622770000143,-0.319589519156463,-0.8809086347499,-0.424794224904179,-0.604402389827126,0.836660234129224,0.0321277784407393,0.285158986381788,1.03675801202561,0.109092526227779,-0.744025591386318,-0.48744394845628,-0.696536272585953,-0.343032310267798,-0.719834078126746,-0.648546268226338,1.40376119928385,0.101696163931789,-1.09555222945312,-0.442026367973902,-0.535738335043628,-0.855990511749061,0.847687698618532,-0.595717843921203,0.674335488799928,0.0757244147932348,-1.67781986433235,-0.329094475004653,0.843647110480735,-0.0996038244241897,-0.149290031253728,"Feminine",-0.427718243085383,1.24707584621909
1.00103238410973,0.347527308765425,-0.214523992657901,-1.19948020273265,-0.0246138898696517,-0.453957966544815,1.24645300186599,2.20470601740105,-0.183842137731047,1.34751453221791,-1.3699245451975,0.630153059699297,2.52916030168821,0.631675283593959,-0.343032310267798,0.65602930411857,-0.193290758162005,0.194071678697734,-0.615852361462017,-0.537155685240946,-0.0114473842078319,-0.422787460820466,-1.40820467390735,0.415998142624625,1.25566742154215,-0.0863537532420052,-1.06564623567283,-1.66671978550276,0.269361342120241,0.880205947671758,-0.127024313024178,0.287729490124289,"Feminine",-0.427718243085383,-0.801193979414496
-0.342743376772497,0.690966060957138,-0.241156108710227,-0.568677887269197,-1.36828142512427,-0.662412739482594,0.836660234129224,-0.0980683780046527,0.285158986381788,1.08630230842913,0.109092526227779,1.62975720750513,-0.48744394845628,-0.696536272585953,-0.343032310267798,-0.719834078126746,-0.648546268226338,0.995603240802774,-0.175271587642131,-0.932003558940318,-0.345469229070036,0.0941868533044178,-0.903591666982919,0.676237559623061,-0.595717843921203,-0.0863537532420052,-0.48029231543838,-1.04512463140055,0.708121830015001,0.698094853785764,-0.013312760410634,-0.0600526395465407,"Feminine",-0.427718243085383,1.24707584621909
0.444887365918951,0.00408855657371117,-1.02343516769397,-0.392715684877835,-1.16723796908627,0.1967079279693,0.0170746986557003,0.468627986352314,0.285158986381788,-0.459217373583431,0.109092526227779,-0.192034842089481,1.53211107695691,-0.0296283604112293,-0.343032310267798,-0.028999721640701,0.49439478024741,-0.970246876043915,-0.146244018882021,-0.144757979401256,0.96492112852042,-0.826261311831385,-0.532127619904307,-1.43193641450929,0.14483626226414,1.0546801098209,-0.970361249772479,-0.584818213015122,1.88602547558049,-0.277953216518593,-0.0783223079170617,0.943501253502907,"Feminine",2.33599963531248,-0.801193979414496
1.29538739732056,0.690966060957138,0.358792832904838,-0.877589309245125,0.0536716594558072,-0.22093307397398,0.0170746986557003,0.190103467977609,0.134825966127438,0.162874358643175,-2.66553514326875,1.01788427505611,-0.48744394845628,0.367821809470678,-0.343032310267798,-0.719834078126746,1.54035901248703,-1.02099158447779,-1.06754439689423,-0.12411305309132,0.93356941057492,-0.528562371372798,-0.215693799849559,-0.675383169466841,1.25566742154215,-0.0863537532420052,-0.202878889217721,-0.192133660330326,-0.351117555929621,-0.725693211453299,0.180565557619506,-0.397284348359176,"Feminine",-0.427718243085383,-0.801193979414496
0.703824414958437,-1.02622770000143,0.035656491469978,-1.54602223426575,-1.19399078324599,-0.662412739482594,-0.392718069081061,0.164905888438349,0.285158986381788,0.594925107252537,0.109092526227779,-0.744025591386318,-0.48744394845628,-0.696536272585953,-0.343032310267798,2.38892052606047,1.40874761902642,-1.09641351413635,-1.079100654048,-0.400238942486786,1.1532043316968,-0.687894198660492,-0.941927814190324,-0.688716972215671,-0.595717843921203,1.0546801098209,-0.378329492244701,-0.525411472923746,0.216722087491882,-0.807941101827172,-0.796971487386107,0.495871655181893,"Feminine",-0.427718243085383,1.24707584621909
-2.09405698000278,0.00408855657371117,-0.325333742662851,1.67831149469489,-0.878745529663549,-0.662412739482594,1.24645300186599,-0.943725772534008,0.285158986381788,-0.357900197010679,0.109092526227779,-0.744025591386318,-0.48744394845628,-0.0854904922299872,-0.343032310267798,-0.719834078126746,-0.648546268226338,0.725760276551734,1.47954128299084,0.318540222030525,-0.746479664362561,0.371256126384737,1.29380685401751,0.0742865850982404,0.14483626226414,-0.0863537532420052,1.62897161260749,2.45435711718529,-0.125703855634941,-0.97371753736769,1.4486029889633,0.592953829479846,"Feminine",2.33599963531248,-0.801193979414496
0.400167324193699,1.72128231753228,-1.53767515525747,0.892316124376419,-0.0353892685726169,-0.473796702037474,1.24645300186599,2.47767138551792,0.285158986381788,-0.640911050105696,0.109092526227779,0.617350998926051,0.224103932152631,-0.696536272585953,1.07413071843953,-0.233032068749561,-0.487469739888413,0.189272157380947,0.81129597807987,0.419180369499844,-0.475388546449167,-0.692213885543428,-0.765417244877437,-0.884529014383789,-0.595717843921203,-2.74876610038877,-1.48344019073389,-0.962572072704184,1.95470724161724,1.03285833763996,2.09378995192453,-0.215204870597218,"Feminine",-0.427718243085383,1.24707584621909
0.335860313658236,-0.682788947809716,0.303144447877229,-0.866889584014672,-0.126065956852714,-0.403974260772269,0.426867466392462,-0.0844766012601849,-0.587864335151151,-0.0431978807970903,-0.313591067603869,-0.744025591386318,1.51800803906995,0.186464706103486,-0.343032310267798,0.194846047500029,0.259421425030461,0.114440198424867,-0.285872607680976,-1.09154308030068,0.59619587130959,-0.0640826884431182,-0.107217474320593,-0.00560950015674588,0.14483626226414,-0.0863537532420052,0.213141682234565,-0.715446664970236,-0.246483563119704,-0.176477628524015,-0.665956968498044,0.521889854647816,"Feminine",2.33599963531248,-0.801193979414496
0.464779016434865,0.690966060957138,-0.389498281697321,-0.142160879347192,0.714964095590036,-0.662412739482594,0.836660234129224,1.26908809874859,0.996128843317168,0.506275844941431,0.808534039026229,0.505864289983274,-0.48744394845628,0.813564127274649,0.668940439884856,0.323017784849004,0.386652566760714,-0.749911855495655,-0.532570658081873,1.06382917779647,-0.0699278376348858,-0.567594128929114,-0.853703313764413,-0.393025997218164,1.62594447463483,-1.22738761630491,-0.502769288412976,0.194356049380807,-0.960201194402548,-0.215348972973173,0.104763245872647,0.178114230845174,"Feminine",-0.427718243085383,-0.801193979414496
1.11948910044405,-1.02622770000143,1.12339904098193,-2.14592126625383,1.01403871046794,-0.662412739482594,0.0170746986557003,-0.166820333807846,-1.03917300136734,-0.707431525262364,-0.0524635441237652,-0.744025591386318,-0.48744394845628,-0.696536272585953,-0.343032310267798,0.66768916329014,2.56524898502442,-2.00621299991859,-1.75838257226768,-1.90085785250749,3.09550948618968,0.990100199200074,-0.380246869931634,-1.69139576952199,-0.595717843921203,-0.0863537532420052,0.697736273304935,-0.16192277507652,-0.775428624106683,-2.300726701741,-0.701926578590162,1.45297028197724,"Feminine",-0.427718243085383,1.24707584621909
1.17113913370461,-1.36966645219314,-0.388125934332317,-1.06911439087021,1.74283569934786,-0.662412739482594,-0.802510836817823,0.662735556756135,0.285158986381788,1.18849817576999,0.109092526227779,0.377304187899543,0.538201496592849,-0.696536272585953,-0.343032310267798,1.38523689670859,-0.184185647960718,-0.462893138135515,-0.737841078509639,0.106249123501218,0.258541235876353,-0.789297525884303,-1.10350617650881,-0.0906551011674443,-0.595717843921203,0.674335488799928,-1.03526971945978,-1.16191225961705,-0.704369905542336,0.387628971914384,-0.00854956817529642,-0.875679289796012,"Feminine",-0.427718243085383,1.24707584621909
0.736728452588483,1.03440481314885,-0.270787157611488,-0.00768042501978244,-0.795346642366932,0.240891276581112,0.426867466392462,1.15328243758834,-0.0282888787819227,0.968917767444332,-1.82194951502793,-0.131755041074225,-0.48744394845628,0.0432008967685382,-0.343032310267798,0.046442407772752,-0.141444186813025,0.404327104705217,0.137020604447454,0.339744290887872,-0.593255225436218,-0.569386327941586,-0.227302763998576,0.455886309334681,1.25566742154215,-0.0863537532420052,-0.749572336576151,-0.100074042384959,0.250075564600264,0.575694835310854,0.318934585173411,0.25158967130742,"Feminine",-0.427718243085383,-0.801193979414496
1.34583710802298,0.347527308765425,1.98574242547202,-0.687253824400322,-0.612785475810196,0.725590992517734,0.0170746986557003,-0.352231076531588,-0.0383838180786609,0.581751922317618,-1.48235369868721,-0.744025591386318,-0.48744394845628,5.4119535896521,-0.343032310267798,-0.719834078126746,-0.125112396751404,0.733916989204865,-0.311541010839225,-0.461511375428754,-0.266816506312857,0.782005713720148,-0.342075355887603,1.20890676929846,0.14483626226414,-0.0863537532420052,0.386178232963733,-0.304257685897595,0.00064684545116545,0.31906870961952,-0.740781015354157,-0.163689701279205,"Feminine",2.33599963531248,-0.801193979414496
-0.031723274195367,-0.339350195618002,-1.1519744776997,0.387522627149824,0.0576726029006745,0.338749211654685,0.0170746986557003,-0.354253030362759,0.425124212135839,0.00864497494261026,2.83201769581442,0.0761738291989513,-0.48744394845628,-0.696536272585953,-0.343032310267798,0.30667214436349,1.38940002761025,0.539366252183405,0.520058502337847,-0.149511594246814,-0.576114378810921,-1.12251440993709,-0.544460164936111,-0.306657738019255,-1.33627195010655,-0.0863537532420052,-0.925190557258275,-1.26447601438654,1.91237689456571,1.03757670113249,0.68727506658296,0.598517533615212,"Feminine",-0.427718243085383,-0.801193979414496
0.00986106302560869,0.00408855657371117,0.0419334211792815,0.310795429032323,-0.559052976557993,0.796770671081856,-0.802510836817823,0.0986081317499607,0.706375090301995,-0.0449150181685025,0.984205758858991,-0.744025591386318,-0.48744394845628,-0.696536272585953,0.856059929535721,-0.101993540439227,-0.239675281828937,-0.864119741703363,-0.5588396342363,1.24973579841436,0.108959204508964,1.02890228475797,0.306648324928654,0.0907529931433532,-0.595717843921203,-1.60773223732587,0.689826813997785,0.884344095901237,0.113875707453102,-0.497766373752922,-1.17370352183079,0.424147377636331,"Feminine",-0.427718243085383,1.24707584621909
-0.656055864635393,-1.36966645219314,-1.08293023356002,-0.00749909077354145,-0.649921297966872,0.0110565269317667,-0.802510836817823,-0.406218158268366,0.285158986381788,-0.142885606037565,0.109092526227779,0.62823113151596,-0.48744394845628,-0.696536272585953,-0.343032310267798,-0.719834078126746,-0.080272781887292,-1.20685945225035,-0.261020217891411,0.23151885524468,1.06630439176924,0.0033366158252153,-0.394572309934173,-1.5183518678769,-1.33627195010655,-0.0863537532420052,-0.930925212350354,0.53717985438898,-0.361158070055528,-0.750831790600341,-0.951457457062405,-0.133715166919381,"Feminine",-0.427718243085383,-0.801193979414496
-1.76335565799749,-0.682788947809716,-0.029257098380875,-0.472872784331802,-1.21211894574943,0.963534489432073,-1.62209637229135,-1.35197858490419,0.625125283454443,0.72801134969738,1.72408728809013,-0.744025591386318,-0.48744394845628,-0.696536272585953,-0.343032310267798,1.27481862222484,-0.648546268226338,1.41363303321674,0.000497072737242801,-0.123205041431442,-1.25680329164633,0.117444542262072,-1.5805504519863,1.5016153103817,-1.70654900319922,1.0546801098209,0.650103477172866,-0.689808317737018,0.453088038234103,0.678275040970771,0.350321612911544,-0.405367208119725,"Feminine",-0.427718243085383,-0.801193979414496
0.926201784756876,0.690966060957138,-0.471353623351168,-0.868814732410981,-1.6459049862453,0.00637965702611139,0.836660234129224,3.05434472466807,-0.398242651611203,1.89723552028143,-1.09369590968979,-0.457972076262373,0.559133036287728,1.37710013655208,-0.343032310267798,-0.719834078126746,-0.648546268226338,1.37351661823118,0.229741489994211,-0.454083844045588,-0.926993209890125,-0.812243069316257,-1.69247149363777,1.00693328577557,0.885390368449483,1.0546801098209,-1.91886417226918,-1.720162418983,4.35579092346933,1.75589109606631,0.437327825031561,0.141780221825377,"Feminine",-0.427718243085383,-0.801193979414496
-0.59751940292814,-1.71310520438486,-0.624512767956164,-0.258302634164715,-0.464945349355037,0.293705422681609,0.0170746986557003,-0.928455294742621,0.285158986381788,0.0400165808735259,0.109092526227779,-0.744025591386318,1.26365803089589,-0.696536272585953,-0.343032310267798,1.07717772965952,1.33348076949277,-0.719759940904256,-0.0977337566759526,0.351248963564788,0.273241281463597,-1.01896282797914,-0.959119432096955,-0.918744336554234,-1.33627195010655,1.43502473084186,-0.377007883525959,0.360821173649139,-0.567800006273855,-0.646829485251107,-1.11844349499802,-0.637553128212853,"Feminine",-0.427718243085383,-0.801193979414496
0.263824511874745,-0.682788947809716,-0.76581284853554,-0.0137721043646516,-0.456418214093044,0.52317378160102,-0.392718069081061,-0.621179493855135,1.87976280836543,0.000398154083288526,0.346888079093332,1.12485737409012,-0.48744394845628,-0.696536272585953,-0.343032310267798,-0.719834078126746,-0.648546268226338,-0.198828003135785,-0.594819824040004,0.664304314757155,-0.22052948056931,-0.133437409454275,-0.856845488138561,-0.0906551011674443,-1.33627195010655,1.0546801098209,-0.274258050122398,-1.48372705736919,-0.453495724742898,0.713881254558877,-1.06876271447347,-1.6797647637002,"Feminine",-0.427718243085383,-0.801193979414496
-0.313626488285059,0.347527308765425,-0.825570454029357,0.260616890126782,-1.41658320689146,-0.662412739482594,1.24645300186599,-0.308368169709475,-1.1573441633511,0.209613993307774,-0.187634078733488,-0.744025591386318,-0.48744394845628,0.0329583821159382,-0.343032310267798,0.79149892944734,0.351615067730382,-0.0936798950815833,0.0872815434306637,1.70829679562985,-1.09308011548525,-1.21092188644647,-1.0465844791926,0.242158979548915,-0.225440790828531,1.0546801098209,-0.75929845475503,-0.137055903698712,2.89375917902341,0.656159696860236,-0.129064002196459,-0.735669117493716,"Feminine",-0.427718243085383,-0.801193979414496
-0.169074753023525,-1.36966645219314,0.314750219764072,0.881437803652191,0.509337111572901,2.20505233476615,-0.802510836817823,-0.782645330658373,0.285158986381788,-0.645522032339212,0.109092526227779,0.494035679118577,1.77738826458596,-0.696536272585953,-0.343032310267798,0.0549028737053954,-0.648546268226338,0.481302647039829,0.255637793232217,0.168568220568909,-0.655383534776641,1.63182827120294,0.770959433219681,1.03913963130296,-0.595717843921203,-0.0863537532420052,0.328481025524513,0.0715419336600696,-0.340406179353463,0.867744712777664,-1.07536022170362,-1.27326427490907,"Feminine",-0.427718243085383,1.24707584621909
0.640709340234689,-0.682788947809716,0.285239172768417,-0.548487894459325,-1.32588383613452,1.65511385376682,-0.392718069081061,0.408470008216616,-0.316655549771216,0.88831599281154,-0.865402578880917,-0.744025591386318,-0.48744394845628,-0.696536272585953,-0.343032310267798,-0.719834078126746,-0.648546268226338,1.95389207347612,0.721563224159503,-1.57737258444456,-0.655777793908089,-0.652725150640165,-0.31412864620453,0.979265503845569,-0.595717843921203,-0.0863537532420052,-0.080271946990353,-1.00699499497386,1.95078622977933,0.808741513890042,-0.0512083011843129,1.61900628959428,"Feminine",-0.427718243085383,1.24707584621909
-0.458194901417863,-1.02622770000143,0.381478395336587,-0.941562229623498,0.842280934876081,-0.0225723947708018,-0.392718069081061,-0.404888436109233,0.285158986381788,0.67334543199177,0.109092526227779,-0.744025591386318,0.803836288116362,-0.696536272585953,-0.343032310267798,0.163588992847315,-0.648546268226338,0.883470275523737,0.416103791186148,-1.60886726286243,0.314241962016819,-1.05521408902063,0.0197759511053482,0.0584926957962638,-0.595717843921203,1.43502473084186,0.0992086221372444,-0.177946151382101,-1.06411203881077,-0.385753237663771,-0.737712200906888,0.944150258634731,"Feminine",-0.427718243085383,1.24707584621909
-0.265034385735869,1.03440481314885,0.812256385263013,0.350043262825404,0.719264759885674,-0.662412739482594,0.836660234129224,-0.866137445208119,0.285158986381788,-0.649344045276621,0.109092526227779,0.116644195346251,-0.48744394845628,-0.696536272585953,-0.343032310267798,-0.719834078126746,0.064288017269131,-0.200871850929884,-0.0522172577406521,0.115060521257889,0.173951499865583,0.489136573247162,0.655573995815866,-0.066934799362004,-0.595717843921203,-0.0863537532420052,1.63542348853444,1.08232251418073,-1.07794126147065,-1.04187116125165,-0.975440139430719,1.80560188043297,"Feminine",-0.427718243085383,1.24707584621909
0.507568247479128,-0.682788947809716,-0.804439681558838,1.00639210592404,0.8514258120881,-0.277898192104125,0.426867466392462,-0.131626490306497,-1.20313791413627,-2.38276035553207,0.228111147379685,-0.121064602894174,-0.48744394845628,-0.696536272585953,2.68324810447442,-0.719834078126746,-0.132590023486761,-0.509492867841353,0.914848973139676,-0.898250220759507,1.221833966794,0.41311268757075,0.95199955990994,-2.09370280918268,-0.595717843921203,-0.847042995283939,-0.183661422820303,0.0180753321407811,-0.811656708153098,-0.464251988324036,-0.647538738505296,2.30365375850301,"Feminine",-0.427718243085383,1.24707584621909
0.775489328290881,0.347527308765425,1.34000248506292,-1.00195624536531,0.503340531416366,-0.0897520802422071,0.0170746986557003,-0.5736253300233,0.285158986381788,0.300801974289439,0.109092526227779,-0.744025591386318,-0.48744394845628,-0.696536272585953,-0.343032310267798,0.933981502551967,-0.648546268226338,-0.581667533379004,-0.758547859459795,-0.650225691312428,1.11568600746423,0.465165077763611,0.249390326370439,-0.179679443745893,-0.595717843921203,-0.0863537532420052,0.181470438730449,0.338806578385328,-0.217248284915109,-0.841034927539737,-0.964573672238514,2.30365375850301,"Feminine",-0.427718243085383,1.24707584621909
-0.571576228274891,-1.02622770000143,1.01647159376061,-0.445802852902868,1.16944419883095,-0.558185353013705,0.0170746986557003,-0.990823934105384,0.285158986381788,0.264355922573255,0.109092526227779,-0.130798368339362,-0.48744394845628,-0.696536272585953,-0.343032310267798,2.35006109350812,-0.648546268226338,-0.145432479514507,-0.326654971909399,-0.123948642891875,0.17306188425248,0.203276489605785,-0.224777474189794,0.209802055034833,-0.595717843921203,-0.0863537532420052,1.53059663441108,1.38243598511077,-1.15833963698483,-1.44754011796093,-1.15649070195804,2.07881891068853,"Feminine",-0.427718243085383,1.24707584621909
2.19714525986137,-1.02622770000143,1.10704651985161,-1.66396646827582,0.72880723815864,-0.425295435265871,0.836660234129224,0.29326019170931,1.08056706860641,1.01362677643139,0.883183077124412,-0.744025591386318,-0.48744394845628,-0.133387192352903,-0.343032310267798,-0.719834078126746,-0.648546268226338,-0.83380927648291,-1.31502186554989,0.254975471384624,0.849129601280878,-0.958548159934197,-0.244002067627201,-0.0150055559003652,0.14483626226414,-0.0863537532420052,-0.0134430565591771,-0.844683896037157,-1.10481628222239,-0.414827652024763,-0.940104145438039,1.83343930844056,"Feminine",2.33599963531248,-0.801193979414496
0.979783580627035,1.72128231753228,1.32058470660383,-1.67728606202386,0.154300115120773,0.312649072249724,1.24645300186599,0.530119996853642,-0.58705222043345,2.041647959405,-0.871976317757469,-0.378941477200224,-0.48744394845628,0.406188205451788,-0.343032310267798,-0.719834078126746,-0.0437975534618095,1.00337277563182,-0.63805880794942,-1.27201741862397,-0.01208160694704,0.207566272344064,-0.97616042576882,1.31520489483022,1.25566742154215,-0.0863537532420052,-0.455029925064661,-0.759269559173682,-0.922969912344125,0.433911272475577,-0.121233504800566,0.998808659579724,"Feminine",-0.427718243085383,-0.801193979414496
0.369025079733868,-0.682788947809716,-0.501981753222662,-0.254216068609734,-0.841859437149216,-0.46146587150232,0.0170746986557003,0.94525244243008,-0.520362531939844,1.59511406983009,-0.823794194857179,2.29050087317594,-0.48744394845628,0.118191434555334,-0.343032310267798,0.968080792875242,0.46847240595213,0.858873765616952,-0.358908476461178,1.02330064397748,-1.84079858141816,-1.06555082971198,-1.48748312438414,1.58302548372568,0.515113315356812,1.0546801098209,-1.09242965338645,-1.41626759804658,0.881751911218332,1.86136995313842,0.55680689339415,-0.200694793885923,"Feminine",-0.427718243085383,-0.801193979414496
-1.23016559868094,-1.02622770000143,-0.410743980209184,-0.250511049715903,-1.24298796272867,0.331950149168176,0.0170746986557003,-0.96273002637862,-0.559550065263599,0.222549609370055,-0.401200044727734,-0.744025591386318,-0.48744394845628,-0.696536272585953,-0.343032310267798,-0.719834078126746,-0.648546268226338,0.661797635575593,0.332885610357738,-0.837919929812929,0.117785497914542,0.809836310121734,-0.723515386316803,0.152958809266827,-1.33627195010655,1.0546801098209,-0.45789986222118,-0.0920954995221146,0.716818167716662,0.200989152563695,0.343593900446761,-0.478770853154505,"Feminine",-0.427718243085383,-0.801193979414496
0.158542420765851,-1.36966645219314,0.240184963482975,-0.787798691588086,0.259219273927196,1.83742860729836,-2.03188914002811,-0.293783270527255,0.285158986381788,0.769301567611527,0.109092526227779,0.471037636942016,-0.48744394845628,-0.696536272585953,-0.343032310267798,-0.719834078126746,-0.145369125523654,1.20878199530571,0.147960839653021,-1.71719189461499,0.0316130017705088,0.628735282239625,-1.2822015358854,0.470260270937751,-0.595717843921203,-0.0863537532420052,-0.602846127163817,-0.643820325155412,-0.0622720083673338,0.398739730766051,1.29297985912879,-0.830564742136542,"Feminine",-0.427718243085383,1.24707584621909
-0.621181844644124,0.690966060957138,0.15878088192167,0.00804223340109151,-0.590234036461226,-0.593683086086442,-0.392718069081061,-0.272808301734489,1.03346469055288,0.10518523957647,0.648512715206638,0.132992113083071,-0.48744394845628,-0.16673568537229,-0.343032310267798,2.02420629875358,0.804202040984541,0.576098600724755,-0.211299141663277,-0.236066295492678,-0.612488581788157,0.448880531111093,0.355788063625796,1.13803002922402,1.25566742154215,0.674335488799928,0.733945757619108,-0.681886835037051,1.98891918916875,0.69109827392728,0.573351821950573,0.489510145185162,"Feminine",-0.427718243085383,-0.801193979414496
0.161914092836598,-0.682788947809716,0.286574366905283,-0.280034783464266,-1.33898413871521,0.178971243221906,-0.802510836817823,-0.660976419500033,-0.51350119021649,-1.05477812971212,-0.0572726592130273,-0.744025591386318,0.735642612931095,-0.696536272585953,-0.343032310267798,0.953703323786639,-0.648546268226338,-1.81619056964382,-1.19541163369535,0.670388732515318,1.37303816610082,1.34659737506689,0.980293403777508,-0.524705643687954,-0.595717843921203,-0.0863537532420052,0.87077836887944,0.452644093670921,0.958556426715591,-0.989911543476406,1.27082685483749,-1.17593317195908,"Feminine",-0.427718243085383,1.24707584621909
-0.274781439917777,0.690966060957138,-0.207948161533877,0.192811895628349,-1.04473777967642,1.78149567207627,0.0170746986557003,0.377211687181276,0.285158986381788,0.0979742794288571,0.109092526227779,0.36777447306142,0.529484963065519,-0.0249052165573003,-0.343032310267798,-0.719834078126746,-0.188132055498386,0.108976632645455,-0.229163500643798,0.40598641602849,-0.377257358196609,0.86256222102071,-0.22936305710036,0.597076859771486,1.25566742154215,-0.0863537532420052,0.187322783313236,-0.186439643201228,0.258601357271748,0.427832865101456,-0.36581025007721,-0.0904895353739543,"Feminine",-0.427718243085383,-0.801193979414496
-0.15776846213837,0.00408855657371117,-0.283456843061532,-0.156553707833063,0.53508335495582,1.21246827060312,0.0170746986557003,-0.735887092125136,0.285158986381788,-0.453785422467646,0.109092526227779,0.795054497829571,0.451055151588674,-0.696536272585953,-0.343032310267798,0.243270289444976,1.47597944540722,-0.811020530643814,-0.576124235220437,0.799988322042928,0.00370349234010556,-0.477901756318788,-0.963248138023763,-0.436279019413214,-0.595717843921203,-0.0863537532420052,0.450514968294194,0.0264887909055453,0.415345001860244,-0.553811438461741,0.63448813878313,-0.589279948698872,"Feminine",-0.427718243085383,1.24707584621909
0.0841948126030557,1.03440481314885,0.392628645081725,-0.356852912199983,-1.04736078297634,2.51652254781852,0.426867466392462,0.0242335046080951,0.285158986381788,0.2700750579905,0.109092526227779,-0.0406825398629288,-0.48744394845628,-0.130023099878392,-0.343032310267798,-0.426415184780523,0.904870382602499,0.428069196969002,0.312519317219083,-0.566217382951317,-0.0704217638890375,-0.475136164429979,-0.543878163109641,0.0213432653022294,0.885390368449483,-0.0863537532420052,0.491429574172538,0.700922501564659,0.788242336030204,-0.76165998313617,0.496452840030241,-0.462171750325834,"Feminine",-0.427718243085383,-0.801193979414496
0.742981674288463,0.347527308765425,-0.315103544358108,0.406260139010905,-0.778902183496952,1.67228071742052,0.0170746986557003,1.35325706668316,0.412363849673931,-0.138557519915736,2.83502503473495,0.00139781364701791,0.876187222549208,1.10468509704834,-0.343032310267798,0.213087531486887,-0.339854497869325,-0.108549324503389,0.252713535780161,1.2640149077536,-0.786731981579462,-0.749390693403113,-0.859656436154172,-0.0198921621948271,2.36649858082017,-0.0863537532420052,-0.015631780730151,0.266847644933021,0.280557978594911,0.06493974838708,0.143917496902227,-0.357914464019857,"Feminine",-0.427718243085383,-0.801193979414496
0.259316742256272,-0.682788947809716,-1.01551427149188,0.73047842196732,0.0847573276579079,-0.151567559841539,0.426867466392462,0.425739141294905,0.285158986381788,-0.747757766026578,0.109092526227779,-0.744025591386318,-0.48744394845628,-0.0775133932697283,-0.343032310267798,-0.719834078126746,-0.224195831952273,0.863556609261405,1.51128951070892,-0.343109155828642,-0.467872485017381,-1.18780410166369,-0.491040603035945,-0.778647075030129,-0.225440790828531,-0.0863537532420052,-0.971828425876473,-0.18302390614124,-0.0879584418811765,0.422554150996434,0.79806758152329,-0.17220617278732,"Feminine",-0.427718243085383,-0.801193979414496
-0.452638529277196,0.00408855657371117,-1.42966985049593,0.350650778944287,0.732100361728568,-0.513178072493048,0.0170746986557003,0.633471126538693,0.285158986381788,-0.0249824005792055,0.109092526227779,0.482428854707594,-0.48744394845628,-0.696536272585953,-0.343032310267798,0.431376611236328,-0.648546268226338,0.771999699069126,0.963888378969104,-0.783151337562971,-0.207248790345268,-0.565309584335656,-0.953197319533187,-0.677485484375034,-0.595717843921203,-0.0863537532420052,-1.6799213456061,-0.9758630796666,-0.990941259814536,0.925435469086173,1.08317180216948,-0.600662772433772,"Feminine",-0.427718243085383,1.24707584621909
-0.529514801739221,-0.682788947809716,-0.789745564104783,0.96634897661337,-1.52423732024591,2.51995108026816,1.24645300186599,-0.0625751474169693,0.285158986381788,-0.174974740434205,0.109092526227779,0.299765426565946,0.785520256391928,0.144193382655587,-0.343032310267798,0.151058169145555,-0.0722121650597887,0.546437177620677,1.07122564026073,0.55031857356446,-0.987470075016487,-0.73646988732687,-0.374020310903178,-0.0885241993504212,0.14483626226414,-0.0863537532420052,-0.473763388968434,0.584104196272193,3.63524383593792,0.319948977110466,0.458853496635444,1.39360794592062,"Feminine",2.33599963531248,-0.801193979414496
-0.671175845371598,0.690966060957138,-1.76242377647251,1.03109731975572,-0.321769401665947,-0.305112692032738,1.24645300186599,1.06655900934788,0.285158986381788,-0.923826974393971,0.109092526227779,0.539939804742531,-0.48744394845628,-0.437991275008947,-0.343032310267798,0.0836281260088778,-0.294072512298384,0.297998631641449,1.04828695440905,0.916494141645343,-0.964911706812155,-1.67653250345404,-0.82671899184906,-0.810834849621782,0.515113315356812,-0.0863537532420052,-1.32407240313419,-0.781139025635519,0.609015719934466,0.984097839802609,3.7390763883076,0.131377221348134,"Feminine",-0.427718243085383,-0.801193979414496
-0.576379922721846,0.00408855657371117,-0.651856375846445,0.109725397247689,0.0839901435384065,-0.203476021643776,0.426867466392462,0.842955032919955,0.000165962878329074,1.00623235488867,-2.04531714514478,0.369351494429432,1.04011309736157,0.312339313703896,-0.343032310267798,-0.719834078126746,0.734655579373382,0.48860063365952,0.059426340023315,1.14874371482617,-1.38450363034123,-1.01555929857369,-1.255701069333,0.761705625647538,0.885390368449483,1.0546801098209,-0.453523716911589,-0.0869138926577869,1.24127997830453,0.647936644237116,0.698111588857034,-0.296270446919187,"Feminine",-0.427718243085383,-0.801193979414496
-1.07521985125448,-0.682788947809716,-1.05862158785164,-0.216722544077276,-0.175489550626797,0.0501677602360552,0.0170746986557003,-0.23395597947155,-0.745200406284565,0.550275925852556,-0.383505705855089,1.2686176022037,-0.48744394845628,-0.291261464418236,-0.343032310267798,-0.719834078126746,-0.0929010815837156,0.263186411041739,-0.289218852951009,0.418187666305822,-0.577157805466832,-0.571878696078745,-1.31221906666825,0.191825985860334,0.14483626226414,1.43502473084186,-0.817837813934829,-0.845598569518799,-0.202939440095155,0.667871317262858,0.178851363145363,0.197720884769054,"Feminine",2.33599963531248,-0.801193979414496
0.0215898721863937,-0.682788947809716,-0.975184092426475,1.47370507629947,-0.880277066702088,-0.662412739482594,-0.802510836817823,0.107514066430553,-0.701816852909142,-0.981679236861366,-0.0428194605789988,0.0822174038769478,-0.48744394845628,-0.696536272585953,-0.343032310267798,0.314235874423944,0.035774645849312,0.746247216863271,1.23434674628241,0.300099874148016,-0.959062944971127,0.238874160398862,0.22846154069054,0.0548294165725936,-0.595717843921203,-0.0863537532420052,-0.477385225020713,-0.25744330172421,0.857703329113781,1.12770651833428,0.507596599994896,-1.91199963801837,"Feminine",-0.427718243085383,1.24707584621909
0.429136029462188,-0.339350195618002,0.676787989764377,-0.623966253479532,-0.333878737452832,-0.662412739482594,0.0170746986557003,-0.165505473553587,0.572907044484099,1.68528896583573,2.7937701192947,-0.32247304278261,-0.48744394845628,-0.696536272585953,-0.343032310267798,1.39051276381344,0.0497403787896315,1.08821215064444,-0.498038524022933,-0.294040088873354,-0.926993209890125,0.836967864855464,-0.842008755003505,1.82504165416741,-0.595717843921203,-0.0863537532420052,-0.331476972628961,-1.05302755361069,-0.433891567270356,1.35289418409943,-0.243238999319535,-1.17593317195908,"Feminine",-0.427718243085383,1.24707584621909
0.0990168265792469,-0.682788947809716,1.26188628053864,-0.969284715119671,-0.450197859825434,-0.311127844346709,-1.62209637229135,-0.485834833894494,-0.680222786927226,0.173458853463366,-0.325542780430336,-0.744025591386318,-0.48744394845628,0.157826836524368,-0.343032310267798,-0.719834078126746,-0.648546268226338,-1.04266094645766,-1.92195398713677,1.56925867895601,0.147022594820558,1.07572554651229,0.583119611536409,1.4414057133415,-0.225440790828531,-0.0863537532420052,1.39320960373467,-0.173274007063203,0.0187695374017841,-0.169351276384111,-0.873692853976052,0.61379695989742,"Feminine",-0.427718243085383,-0.801193979414496
0.417782742979278,0.690966060957138,-0.588959553132109,1.82038607205574,0.16868768541273,-0.0696194789407868,0.836660234129224,0.287706256659776,0.756139018191302,-2.17205099911383,-0.162568743285391,0.911946656504195,-0.48744394845628,0.637279551763495,0.997724835504069,-0.719834078126746,-0.648546268226338,0.268480116136525,1.26184146816098,0.382686589549516,-0.472877877553768,-0.272792859147817,0.852086369684014,-0.929061567982251,1.25566742154215,-1.22738761630491,0.996388317607946,0.555791196739287,-0.467189319109683,-0.197652021774878,-0.535273364944117,-0.705321245607491,"Feminine",-0.427718243085383,-0.801193979414496
-1.70895082167466,1.03440481314885,1.51090348133604,0.870437304212095,-0.188115514043819,-0.210760731450741,0.0170746986557003,-1.04968103921574,0.63352497089837,-0.168079520427904,1.08467644850963,0.276690722658029,-0.48744394845628,1.76989558986518,-0.343032310267798,-0.719834078126746,-0.648546268226338,0.283126721953622,0.255124432041041,-1.1333736043316,0.614664066789295,2.96219066191784,3.14104634521227,0.934571918175573,1.25566742154215,-0.0863537532420052,2.94763605060202,2.76556742426304,-0.358230537628857,-1.60827982353562,0.559951411290617,-0.329378927696386,"Feminine",-0.427718243085383,-0.801193979414496
0.287754456169835,0.00408855657371117,-0.628983453410645,0.836517927898234,0.705732360249088,0.164740647319928,-0.802510836817823,0.0322025078991883,0.285158986381788,-1.34632269533184,0.109092526227779,0.188196315383401,0.365230412035868,-0.414961732469427,0.789127227313908,0.446871925344936,-0.45552225742709,0.793307176428687,1.44943290463252,-0.49660954866793,-0.461331250539716,-1.60116644503488,0.248147524370443,-0.814321505892183,0.885390368449483,-0.466698374262972,0.257701243679801,-0.0955663145713721,-0.989731420905874,-0.0215425369604338,1.18406092136325,-0.0912651600447929,"Feminine",-0.427718243085383,-0.801193979414496
0.375528024835682,-0.682788947809716,1.00149893212436,-0.000580325783334777,1.96557219169998,-0.547307251998748,0.0170746986557003,-0.540594068364491,0.285158986381788,-0.382227807761992,0.109092526227779,-0.744025591386318,-0.48744394845628,-0.696536272585953,2.49410557855303,0.0110933436910796,0.31887169066037,-1.13082259725249,-0.699106155424109,0.775915353008351,0.639093377569085,0.627828797116296,0.160629851388721,-0.603936076346347,-0.595717843921203,-1.22738761630491,1.32250750607662,1.38578822258736,-1.1744967050336,-1.4747278081813,-0.511387135420025,-0.614769019778456,"Feminine",-0.427718243085383,1.24707584621909
-0.276590113009988,0.690966060957138,0.0456656496550953,-1.2098266957376,1.22631076192378,-0.427901119927594,0.836660234129224,-0.625544871229875,0.285158986381788,0.325269253763247,0.109092526227779,-0.744025591386318,-0.48744394845628,-0.696536272585953,-0.343032310267798,-0.0701208142886785,-0.648546268226338,-1.38970998450713,-1.00534379520289,0.279866294114172,1.34203092074094,-0.706013701575727,0.074983779037938,-0.847362013084306,-0.595717843921203,1.0546801098209,-0.0175676060998611,0.387566396226557,-1.06676582061528,-1.25571585918384,-0.357433908619004,-0.535233943091442,"Feminine",-0.427718243085383,1.24707584621909
-0.740746815204536,0.00408855657371117,-0.025140056285829,0.475995900429113,1.95540183535361,-0.199744828815818,0.836660234129224,-0.314054380253409,0.285158986381788,-0.495457734901906,0.109092526227779,-0.744025591386318,-0.48744394845628,0.138272751280647,1.33527460987973,1.00968432842811,-0.0762708559271585,0.438910081805578,0.598702616428567,-0.744981541470895,0.103784634607446,1.49796514373813,-0.931538513490113,-0.382648675504879,-0.225440790828531,-0.847042995283939,0.501874323912604,1.27436173745016,-1.18434241837582,-0.751956466055144,-0.310631331291031,-0.813003635535397,"Feminine",-0.427718243085383,-0.801193979414496
0.470799838012577,0.347527308765425,-0.649394630252098,0.380439945611805,-0.288258424794693,-0.592155760455417,-0.802510836817823,-0.0819416197963925,-0.328571694244218,-0.635741268821426,-0.266787740383308,-0.744025591386318,-0.48744394845628,-0.153384467825096,-0.343032310267798,-0.157195787792751,0.46847240595213,-0.813218482991632,-0.244229349165924,0.969604611829144,0.185201621708139,0.314910755557414,-0.300799400266106,-0.573176215709956,0.14483626226414,-0.0863537532420052,-0.275192035970861,-0.13896144202005,-0.268278340924189,0.0824915277228177,0.527204386464729,-0.465988656323864,"Feminine",2.33599963531248,-0.801193979414496
-0.0879326916672393,0.00408855657371117,1.15250794242224,1.22265732448445,1.73492707915748,-0.662412739482594,0.0170746986557003,-1.02109291655233,0.285158986381788,-1.34941838684047,0.109092526227779,1.48589158332989,-0.48744394845628,0.65054192501697,-0.343032310267798,0.675572818070919,1.19834256237557,-2.30464154628205,-1.46432404155436,2.92569614659663,0.00249830897833318,1.8522429755165,1.98255539048716,0.448802065650279,0.885390368449483,-0.0863537532420052,1.21440925759122,1.964811059452,-0.776768393474377,-0.591127876019117,-1.24406658470798,-1.71125423818402,"Feminine",-0.427718243085383,-0.801193979414496
-1.53757389601509,-0.339350195618002,0.977069566730181,2.50565339756854,0.632327327033111,0.849639635232736,0.426867466392462,-1.64068973524518,-0.129536744412719,0.254413281343003,-0.948277925499161,0.471037636942016,-0.48744394845628,0.771487026349742,-0.343032310267798,-0.719834078126746,1.3641623025844,-0.962505720090021,1.7364709028415,-2.08001415518389,2.29228326563328,1.99934078871106,5.85415800844892,-2.10176461110348,0.885390368449483,-0.0863537532420052,1.208385206592,2.52949277342215,-0.753405287164403,-1.59867169006831,-1.25381732790957,-1.0499752740238,"Feminine",-0.427718243085383,-0.801193979414496
2.33272155235467,1.03440481314885,1.73004321116255,-1.88718173376544,-1.30259026564636,-0.56151175896484,0.426867466392462,0.66494543001803,0.644747499258636,2.93671531026045,3.06982071203282,-0.217226366218464,0.47624975830129,-0.0600644262017537,-0.343032310267798,-0.719834078126746,-0.648546268226338,0.241106805272778,-1.77546507905793,1.65457137897242,-1.27637271361043,-1.72592613894521,-0.591974950291308,2.48238739087358,-0.225440790828531,-0.0863537532420052,-0.026181379389189,-1.65219386424615,2.61833793709819,1.24048309332399,0.278693956379027,-1.99950404307436,"Feminine",-0.427718243085383,-0.801193979414496
-0.525771455481751,0.00408855657371117,1.39684053843062,1.94027745559665,1.21689600976531,-0.550388816230599,0.0170746986557003,-1.16531958876075,-0.701816852909142,-1.30910837669628,0.0346242676026156,1.73470339440348,1.02403354951086,3.29648710051913,-0.343032310267798,-0.719834078126746,-0.648546268226338,-0.79890171548811,0.8655024584396,0.00403690952379002,0.714837792626819,1.06732904431048,4.04521113968283,-0.6536169306833,1.25566742154215,-0.0863537532420052,1.8056497829915,2.25609964492931,-0.962055795146535,-1.20413874393536,-1.31922856355347,0.800636918717602,"Feminine",-0.427718243085383,-0.801193979414496
-0.709255228355577,0.00408855657371117,1.78438089756145,-0.53221621123268,1.63054970539166,-0.524286154501979,0.836660234129224,-1.04522525491145,0.285158986381788,0.356209358494672,0.109092526227779,0.685720939579261,-0.48744394845628,0.167164138263281,-0.343032310267798,-0.719834078126746,0.535615604946463,-1.30907292946059,-1.81401740312556,1.07171509919321,0.520075170096733,1.57021172202186,0.703990998925646,0.803601717110386,0.515113315356812,-0.0863537532420052,1.19905103649491,1.37333182103502,-1.18204913699652,-0.996714730126349,-1.29106043334158,0.360560880717076,"Feminine",-0.427718243085383,-0.801193979414496
-0.210323766804893,0.690966060957138,2.72573023688689,0.0446199307770174,0.9892373214785,-0.662412739482594,0.0170746986557003,-0.942942565379695,-0.281451508739303,1.0299300477096,-0.98429300588493,0.584114587124855,-0.48744394845628,3.31506715851583,-0.343032310267798,0.111271213686415,-0.648546268226338,0.000659841459431664,0.0174369844341402,-0.37702100659151,0.291723962756409,0.733353788655756,2.36351639251262,0.868164182415461,1.25566742154215,-0.0863537532420052,2.28222241268075,2.79406829143078,-0.903320074000106,-1.81802415043096,-1.23367498354789,1.52049886532208,"Feminine",-0.427718243085383,-0.801193979414496
1.75817843092997,-0.682788947809716,-0.526682564251593,0.11773415282729,-0.400696253626435,-0.342704014696002,0.836660234129224,1.47766168019937,0.285158986381788,0.90203824714753,0.109092526227779,-0.0638428829806824,-0.48744394845628,-0.696536272585953,2.13516092364156,-0.294198699043922,-0.648546268226338,1.51682813444533,0.83911077753182,-0.404995199025489,-1.11696246985968,-0.961990577090872,-0.49690042815979,0.628984049389844,-0.595717843921203,-1.98807685834684,-1.45750966771064,-1.7168615209054,-0.608400829352523,1.93209710023925,1.11690962710525,0.116221125825251,"Feminine",-0.427718243085383,1.24707584621909
0.251903560467915,-0.682788947809716,0.39724995910583,-0.622681826506716,0.707498791529688,-0.37007633702362,0.0170746986557003,-0.483949365238628,0.285158986381788,-0.336075484870952,0.109092526227779,-0.744025591386318,0.803836288116362,-0.696536272585953,-0.343032310267798,1.04701206382138,0.52070709215472,-1.46327870246797,-0.934366687169379,0.667516143196051,0.897932206003774,-0.170510694555666,-0.539203306712123,-0.84936345963509,-0.595717843921203,0.674335488799928,0.920444236530121,0.713411381960144,-1.10589607707337,-1.49477628478266,-1.13500161670951,0.822598808614013,"Feminine",-0.427718243085383,1.24707584621909
0.617396671709861,0.347527308765425,2.01938931772087,-1.38112197252649,0.300396286412573,-0.412815577149202,0.0170746986557003,-0.0828063346797959,-0.395267027643159,1.666558690099,-1.01981546803818,-0.174409593200467,0.554576097312064,-0.0083337681502077,-0.343032310267798,-0.719834078126746,-0.176772053152414,0.628785000009461,-0.985066498064592,-1.47169445212266,0.44809255497755,1.89037311983662,0.862977366622947,1.90396178195191,1.25566742154215,-0.0863537532420052,-0.108186148406107,-0.416927350452096,-0.943603440185568,0.593845037359485,-1.13305812364391,-1.00068740091869,"Feminine",-0.427718243085383,-0.801193979414496
-0.508077652743523,-0.682788947809716,0.388061259435073,-0.150194399937336,1.14336023877002,-0.609326775851984,0.426867466392462,-1.12537157176344,0.285158986381788,-0.544053411862339,0.109092526227779,0.561291779179264,-0.48744394845628,-0.696536272585953,-0.343032310267798,0.369263987198261,-0.648546268226338,-0.528091429586466,0.26299058247976,-1.098704635357,1.30224447257034,0.0935271699564978,0.568426693442084,-1.25917361996745,-0.595717843921203,0.674335488799928,0.439265719671304,1.12504212352174,-1.18183844683446,-1.54058712429164,-1.32728302237367,1.43810216441204,"Feminine",-0.427718243085383,1.24707584621909
0.81476474529295,-0.682788947809716,0.928235896132715,-0.927128228089651,0.987752287059361,-0.422631195892649,0.426867466392462,-0.535735390469391,-1.9535048751217,-0.184906535104862,-0.0409666941321646,-0.744025591386318,-0.48744394845628,0.624275776317191,-0.343032310267798,1.33246352965144,1.16233080244738,-1.29740473222693,-1.01511905374886,0.109047171813914,1.09498863377876,-0.30112150209506,-0.256340079682852,-0.756849798485041,-0.225440790828531,-0.0863537532420052,0.305661307928195,0.491982731616075,-1.11696026285284,-1.24317805094231,-1.0551896928696,1.25360089783102,"Feminine",-0.427718243085383,-0.801193979414496
0.330521608933293,-0.339350195618002,-0.872107105060961,-0.0462441747186806,1.36610049538976,-0.662412739482594,1.24645300186599,-0.625921892713221,0.285158986381788,-0.128660227981351,0.109092526227779,-0.744025591386318,-0.48744394845628,-0.0452017594592644,-0.343032310267798,0.629570392921547,-0.202045671817088,-2.22113678588261,-0.636075955137003,1.41982518907293,1.2891970948302,-0.0703739367206175,-0.562750052004801,-1.87028594944251,-0.225440790828531,1.43502473084186,-1.0164534968663,0.880373956886881,-1.18384162406755,-1.06168405291022,-1.25744555907041,1.56491068711259,"Feminine",-0.427718243085383,-0.801193979414496
-0.0345423259002155,0.00408855657371117,0.165015825479069,-1.45380367595126,-0.58366666814542,-0.575662506232573,-0.802510836817823,1.25982173245371,0.285158986381788,1.41399274712448,0.109092526227779,-0.744025591386318,-0.48744394845628,-0.696536272585953,-0.343032310267798,0.0346716476206866,-0.648546268226338,1.14905665179644,-0.264179289513389,-1.33029294947381,-0.0759607940248437,-1.21394428329638,-0.570400817773109,0.742871203135664,-0.595717843921203,-0.0863537532420052,0.0676711561467257,-1.83668522264572,-0.136826000002476,0.57531173666149,1.22746352728857,-1.03436065857728,"Feminine",-0.427718243085383,1.24707584621909
-0.705951153788801,0.00408855657371117,-0.779777068054165,0.719110990714712,-1.11215783025276,-0.0455221919268919,0.0170746986557003,0.9654390017272,-0.235166789049056,0.813505326652735,-0.984456049914154,-0.744025591386318,-0.48744394845628,0.356008734198129,-0.343032310267798,-0.719834078126746,-0.648546268226338,0.202691680493126,0.267117369933599,1.97811860076396,-1.37502627352188,-0.503379119332162,-0.118779765778743,0.851733271116296,1.25566742154215,-0.0863537532420052,-0.473651071143499,0.479307491405214,1.41288679477526,0.796621150878826,0.361225116572753,-1.87904143804556,"Feminine",-0.427718243085383,-0.801193979414496
-1.43136331544791,0.347527308765425,-0.362373365367146,1.59774677713843,0.556627500805245,0.699250987702551,0.0170746986557003,-1.05190579974427,-0.0197273285953569,-1.27623881655522,-0.157142595594221,-0.148478667638138,-0.48744394845628,-0.696536272585953,-0.343032310267798,-0.719834078126746,-0.648546268226338,-0.429587413262299,0.646578621432549,0.976611984765059,-0.101869838628192,1.44934228839036,1.14338928978347,-0.284880819744332,-0.595717843921203,-0.0863537532420052,1.22326708068409,1.74125765333659,0.143233136662184,-0.68642918771724,-0.783619631486436,1.07241530618566,"Feminine",-0.427718243085383,1.24707584621909
-0.332410924667915,-0.339350195618002,2.30151702042692,-1.42549128359971,0.192037320696014,-0.662412739482594,-0.392718069081061,-0.918796508861602,0.285158986381788,2.00647719460702,0.109092526227779,-0.744025591386318,-0.48744394845628,-0.696536272585953,-0.343032310267798,0.514294634088274,-0.648546268226338,0.685942409285733,-1.3171130941003,0.531941475424103,-0.936145731509,0.405657948271773,-0.0214218501408299,2.74632478076265,-0.595717843921203,-0.0863537532420052,0.46804245649082,0.0590433800958317,-0.816427219408882,0.556493218710276,-0.218851473891409,-0.388696309863588,"Feminine",-0.427718243085383,1.24707584621909
0.0493007396270038,-0.682788947809716,1.27453643298368,-0.565829643082492,-0.0940489605612698,-0.662412739482594,0.836660234129224,-0.733417366852497,0.952224330239487,0.722949961262301,0.930394761523595,0.0377780395898803,0.942738943046488,1.19259331130341,-0.343032310267798,-0.719834078126746,-0.648546268226338,-0.946713439384145,-1.16177658976631,1.92982230225872,-0.327352214540947,-0.336877229291708,0.0138372604512476,0.83824829808741,0.515113315356812,0.293990867778962,0.436618672871347,0.594606756002172,-0.5010996382507,-0.295421125813451,-0.676047947865905,-0.240245930154146,"Feminine",-0.427718243085383,-0.801193979414496
-0.73973939603714,0.690966060957138,0.9050112562083,0.440089823758267,0.525424497799729,-0.662412739482594,0.0170746986557003,-1.21245901521654,0.285158986381788,-1.04142985523519,0.109092526227779,1.66373773836859,0.063132594131441,-0.696536272585953,-0.343032310267798,-0.34315982393842,3.33982715736795,-0.813963494446958,-0.537786808453942,0.457515765359253,0.042091909605729,1.19725160854355,0.222105866511672,0.145286714745993,-0.595717843921203,-0.0863537532420052,1.32980247990081,1.13323928876858,-0.765421212016515,-0.92388518883905,-0.983060887531557,0.459897725689655,"Feminine",-0.427718243085383,1.24707584621909
-0.403823654927438,0.00408855657371117,-0.784280750387472,1.01390929082513,0.202797578899669,-0.662412739482594,0.0170746986557003,0.541388646618389,0.84420206253632,-0.391770162070753,0.623617974811192,0.238775968087934,0.111848047816164,0.0950689453710234,-0.343032310267798,-0.309831384085363,0.979429195142276,0.620881209998027,0.848524889263935,0.935226601263392,-1.36705878418532,-0.714920830114572,-0.373407010431257,0.367805400950882,0.885390368449483,-0.0863537532420052,0.0460819442445524,-0.100836757846664,-0.425039287682728,0.695635091840034,-0.20627766364539,-1.52050765136824,"Feminine",-0.427718243085383,-0.801193979414496
0.256493472755108,-0.682788947809716,-0.524944160738599,0.407310973432195,-1.11100261942113,-0.662412739482594,-0.802510836817823,-0.0392407320461114,-0.00146024552967931,-1.08749760596622,-0.327832832871526,-0.744025591386318,2.58510303385923,-0.696536272585953,-0.343032310267798,0.681544602220124,-0.184848073952537,-0.145868728767276,0.329411677739636,-0.0719145737927698,0.113239358738008,0.330021924909112,0.225505834866988,-0.285245042559519,-0.595717843921203,-0.0863537532420052,0.30305312556713,-0.714309652187192,0.273609569552066,0.312930696073522,-0.126164476809076,-0.337643161870672,"Feminine",-0.427718243085383,1.24707584621909
2.5726239734399,1.03440481314885,0.00201095828884987,-1.28555391620443,1.10815819601114,-0.662412739482594,0.0170746986557003,0.901864980240257,-0.820316015378532,0.413895757031208,-0.321235265250457,1.41534399733474,-0.48744394845628,-0.696536272585953,-0.343032310267798,0.293611370556016,0.245683261858763,-1.09343170913454,-1.18303653774599,-0.889038855841938,1.56463974191404,-0.201420551803822,-0.204738413795201,-0.961856869082728,-0.595717843921203,-0.0863537532420052,-0.81522085496187,-1.12871265874854,-0.62389467044318,-0.363379549413772,-0.321103463488437,-1.27552778893117,"Feminine",-0.427718243085383,1.24707584621909
0.416966527862929,-0.682788947809716,0.0561761406093688,0.139411919097907,-0.728570719312931,-0.662412739482594,0.0170746986557003,-0.203868699898458,0.817538640780142,-1.28406922136653,0.25812811414424,-0.744025591386318,2.93680952468071,-0.696536272585953,-0.343032310267798,-0.719834078126746,0.385006781649447,-0.862880325229008,-0.470898387337364,-0.664026738260998,1.25631244801929,2.06107977548903,1.12114578712303,-0.408786207734567,-0.595717843921203,-0.0863537532420052,0.640062124938918,-0.264002927256164,-0.393034135317475,-0.255279938002725,-0.553204987083472,-1.35437352736739,"Feminine",-0.427718243085383,1.24707584621909
0.0135516340092745,0.00408855657371117,0.717466775299288,0.104177915891837,-0.142888924592873,-0.393343458101916,0.0170746986557003,-0.469016385293275,0.817538640780142,-0.51209829143396,0.596625206653283,-0.744025591386318,-0.48744394845628,-0.319611371507871,-0.343032310267798,-0.719834078126746,-0.648546268226338,-0.733230838766023,-0.86881125748346,0.901011985706442,0.301807225499462,1.51366075939084,0.46233822518023,0.360269470303069,0.885390368449483,-0.0863537532420052,1.59283905594559,0.667162306303274,-0.358884225572615,-0.709128502889746,-0.687324975460016,0.111464729637089,"Feminine",-0.427718243085383,-0.801193979414496
0.587950250665045,-0.682788947809716,0.502796188028512,-0.194410446656094,-0.579486899584156,-0.662412739482594,0.0170746986557003,-0.339788003042744,-0.673559875915126,-0.426165374307424,-0.182559885144697,-0.744025591386318,0.980760165110979,1.24281557017981,-0.343032310267798,-0.719834078126746,-0.648546268226338,-0.163568493951402,-0.179502479772295,-0.261451045461308,0.473473615488934,0.14103516337249,1.54620465377528,0.274317395323674,0.14483626226414,-0.0863537532420052,0.0458870868468974,-0.605811024237595,-0.382981454223544,0.354603434100667,-1.05486129397258,-0.341959300366548,"Feminine",2.33599963531248,-0.801193979414496
-0.535571007902729,0.00408855657371117,-0.775039352726884,0.0540372190216651,-0.270442772655641,-0.662412739482594,0.836660234129224,0.266335402979638,-0.775505094304163,-0.514028841475575,-0.135190104673977,1.03183605001663,-0.48744394845628,0.912643112785864,-0.343032310267798,-0.719834078126746,-0.648546268226338,-1.06932219982774,-0.510689674351977,0.412295680877775,0.827678086139287,0.160152203104093,0.500346353753853,-0.837039620421094,0.14483626226414,1.0546801098209,-0.167878752453209,-0.0188144485970348,-0.624525923772934,-0.436121135396167,-0.627508015002062,0.307414586965884,"Feminine",2.33599963531248,-0.801193979414496
0.339534982792684,-0.682788947809716,0.560970574382938,-0.849184280781655,-0.0234207567155389,-0.662412739482594,0.426867466392462,-0.865175806524717,0.285158986381788,-0.272493569647874,0.109092526227779,-0.744025591386318,2.25283014136963,-0.696536272585953,-0.343032310267798,0.0300639790665039,2.82529653986761,-1.73673765780419,-0.818631710805476,-1.33276647654659,2.3264138260207,0.351126635127345,-0.0246010281412274,-2.05394766383276,-0.595717843921203,0.674335488799928,0.256873322152362,1.28731944541255,-0.597763899891788,-2.29087736384256,-0.750578158409393,-0.193692683472957,"Feminine",-0.427718243085383,1.24707584621909
1.3664101107575,-0.682788947809716,-1.12525566119879,-0.660035463991476,-0.552509017191287,-0.662412739482594,0.426867466392462,0.705502369335171,0.964401993717619,-0.103933957262306,0.631489364939554,2.8383159955817,5.33772287940896,-0.215632088451847,-0.343032310267798,2.26911051088894,-0.648546268226338,-2.26667131658674,-1.22144438723361,1.20039952485618,0.863123903421191,-1.68186403901489,-0.267461530937435,-1.30467265726269,0.515113315356812,0.674335488799928,-1.61280943606212,-0.988928646220875,-0.43823044109614,0.0689870366337972,-0.806999256881801,0.141780221825377,"Feminine",-0.427718243085383,-0.801193979414496
0.280598408975602,-0.682788947809716,1.28476550362105,-1.54142331581449,0.41744491968212,-0.662412739482594,0.426867466392462,-0.906130034446476,-0.99575228045753,-0.526634285645082,-0.0908894730833936,-0.207870642274226,-0.48744394845628,0.599014343687896,-0.343032310267798,1.29321193606005,1.12769654153287,-2.51226267186536,-1.81401740312556,-0.806765763176564,2.89938372568581,0.584629579845584,0.98704424787511,-1.62906141461848,-0.225440790828531,0.674335488799928,0.445316801153918,0.552674777586939,-1.00346911604907,-2.11987832611561,-1.07962352115844,1.0991813594969,"Feminine",-0.427718243085383,-0.801193979414496
0.535324946388351,0.00408855657371117,-0.468163193156229,-0.844687170448774,0.31212237013006,-0.662412739482594,0.0170746986557003,0.210482443713586,-0.56260507087534,-0.157131787105085,-0.29481218111416,1.11894318749051,0.648555753338642,-0.696536272585953,-0.343032310267798,-0.719834078126746,1.9230710908396,-0.78673176609126,-0.762281419463318,-0.474410834995505,0.845104544680901,-0.532231196343238,-1.02388785304752,-0.921666349650972,-0.595717843921203,-0.0863537532420052,-0.378329492244701,-0.418479340759282,-0.819681752764597,-0.735670026557817,-0.302072825878009,-0.34321151338695,"Feminine",-0.427718243085383,1.24707584621909
-1.33770056409603,-1.02622770000143,-0.369205474779991,1.0278459999397,-0.777536397382829,2.17488833661494,-1.21230360455458,-1.12199909207413,0.285158986381788,-1.49328293550667,0.109092526227779,-0.744025591386318,-0.48744394845628,-0.696536272585953,-0.343032310267798,-0.719834078126746,0.0802708487824834,1.84348003120666,1.03421150489685,-1.18353404050471,-0.891353223545456,1.56398403217117,0.0147626842190943,0.869999393775276,-1.70654900319922,-0.0863537532420052,1.58378533537548,-0.599097142472062,0.890894838005502,0.689010004312443,-0.135345951868486,-1.76196886551059,"Feminine",-0.427718243085383,-0.801193979414496
0.109904645931952,0.690966060957138,-0.947183034639723,-0.541211558860794,-0.872022429810638,0.286056477384298,0.0170746986557003,0.434472510113632,0.0646100494224705,0.703342649914306,-2.3542388909097,0.117588948130809,-0.48744394845628,-0.176040635312375,-0.343032310267798,-0.180664783437856,-0.291737888219824,-0.0864634884041765,-0.103429564446138,0.149251839666054,0.0363003288208493,-0.80271915755972,-0.93374080701578,-0.240388963863213,-0.225440790828531,1.81536935186283,-1.58427931406333,-0.891672610571625,0.450798692824864,0.668578385454019,0.43667744430776,-0.626143968809151,"Feminine",-0.427718243085383,-0.801193979414496
-0.40588936781912,-0.339350195618002,0.274717842969962,0.000404135304824279,-0.703380410587767,-0.188178131049148,-0.802510836817823,-0.786373955675151,0.729426717879718,-0.0548262184435023,0.93359110863899,3.81195775728758,3.0844556114163,-0.696536272585953,-0.343032310267798,-0.719834078126746,-0.648546268226338,-1.56358957296173,-1.37989503514207,0.567685804032259,0.820494031013793,1.06337911430841,1.93618797818327,0.192362584940164,-0.595717843921203,-0.0863537532420052,0.583029438079319,0.479183102054281,0.87070146251868,-0.505912727567198,-0.0841373781691282,-0.655906993340573,"Feminine",-0.427718243085383,1.24707584621909
0.249289448429027,0.690966060957138,0.584578414921473,-0.23671525300362,0.445338309097872,-0.662412739482594,0.836660234129224,-0.782790551847887,-0.457810147791256,-0.413541181627608,-0.271218913002968,1.74386932303556,-0.48744394845628,0.0549241482638546,-0.343032310267798,0.0585862506554694,-0.648546268226338,-0.312311761162132,-0.520022654507525,0.948372979466219,-0.406906871916978,-1.22963104983116,-0.530049393879401,0.0264803353234554,-0.225440790828531,-0.0863537532420052,0.939966477759732,0.0850563307220437,-0.508298883492118,-0.509694065374892,-0.461059659053114,-1.64142975128511,"Feminine",-0.427718243085383,-0.801193979414496
1.05465770051789,-0.682788947809716,0.796958394783887,-1.45542775996718,0.436881519342008,-0.662412739482594,-0.802510836817823,0.864428316260864,0.776706586552892,1.68049182927278,1.67840324967617,-0.0239055496431045,0.829898825001315,-0.696536272585953,-0.343032310267798,-0.719834078126746,-0.648546268226338,-0.0135691388618152,-1.2508806243595,-0.197865356871313,0.227491668873807,0.251224978622314,-0.512878289677294,1.00091401677847,-0.595717843921203,-0.0863537532420052,-0.119661970505999,-1.15895983027988,-0.724398617250969,0.445995205965467,-0.989640536703894,-0.924017376088516,"Feminine",-0.427718243085383,1.24707584621909
-0.760522844150356,0.690966060957138,-0.274312436734417,0.077572648164803,-0.83434311675961,-0.572934511476283,0.0170746986557003,-0.450352137102228,0.124358600971673,0.438056232245792,-2.88441173918788,-0.744025591386318,-0.48744394845628,-0.696536272585953,-0.343032310267798,-0.719834078126746,-0.648546268226338,1.98887919537907,0.601030160811293,0.11469029446139,-1.86201873399119,-1.17076718544055,-0.351087438034855,1.71208783604624,-1.33627195010655,-0.0863537532420052,0.927098906874847,-1.36473671198184,-0.151619514178203,1.30744107970623,0.988356617663531,-0.60109175856318,"Feminine",-0.427718243085383,-0.801193979414496
1.14456816291522,0.00408855657371117,1.23265514377025,-2.03424193352931,1.1486049451956,-0.662412739482594,0.0170746986557003,0.449540577296237,-1.01109960439201,2.59517506636577,-0.65072088316644,-0.111016845015268,0.670542844341122,0.45065290214686,-0.343032310267798,0.864627945942862,0.400009971083127,0.666774502959173,-0.952372960214128,-0.752435799818434,-0.260410497547098,-1.19505430298445,-0.924478257530399,1.39709243035031,-0.225440790828531,1.0546801098209,-0.80249483673045,-1.13595945334672,-0.520895021659801,0.624424983511198,0.282117175217536,-0.950534828285415,"Feminine",-0.427718243085383,-0.801193979414496
-1.50346305282779,-1.02622770000143,-0.147695928985939,-0.06174220829674,1.08015208437829,1.97222397403655,-1.21230360455458,-0.613397880603376,0.285158986381788,0.0318805080728984,0.109092526227779,-0.744025591386318,0.105904656117596,-0.696536272585953,-0.343032310267798,-0.313897526505607,-0.648546268226338,0.33392372766097,-0.104292381024252,0.114550770974443,-0.269062371065008,0.80544144671032,-0.302368568826922,0.644347528881102,-0.595717843921203,-0.0863537532420052,0.707330201059559,0.133325810674606,-0.561929284944399,-0.015467856642251,-0.208625594437782,-0.936804979939817,"Feminine",-0.427718243085383,1.24707584621909
-0.239797422639972,-0.682788947809716,0.189716573282498,0.379951748677785,-1.3221307498779,0.886108430912331,-0.802510836817823,-0.718637999559408,0.285158986381788,0.242323441079006,0.109092526227779,0.0945757392761846,-0.48744394845628,-0.696536272585953,-0.343032310267798,1.37923954350393,0.0460102150769392,0.263186411041739,0.662728171991252,-0.383122351907854,-0.077878150610314,-0.235540174832578,0.370133320677553,-0.194659501391312,-0.595717843921203,-0.0863537532420052,-0.110487223845569,1.07978910934013,1.10423646896241,-0.395934202642067,1.0240786120709,-0.344987039311412,"Feminine",-0.427718243085383,1.24707584621909
-0.774816512892427,0.690966060957138,1.61383688242361,-0.84690775640282,1.48337037671275,1.72144037242884,0.836660234129224,-1.03675839179719,0.285158986381788,1.1459962424284,0.109092526227779,0.291503228534663,3.30121996465394,-0.696536272585953,-0.343032310267798,1.22416286433333,-0.434131733802898,-0.284486257388359,-1.07784675206415,0.506458624776588,-0.278226736826916,0.844914045793309,0.206593996813916,1.62488391208252,-0.595717843921203,-0.0863537532420052,0.986803974500511,0.97361337718142,0.259249547252286,-0.485676940335872,0.922437727521347,-0.282326352748948,"Feminine",-0.427718243085383,1.24707584621909
-0.862385241457615,-0.682788947809716,0.334052073035252,-0.458345429782356,-0.76522888974431,0.199832003123671,0.0170746986557003,-1.22417828545871,0.707038422749114,0.768824370518862,1.43309918827028,-0.125969807527969,-0.48744394845628,-0.696536272585953,-0.343032310267798,0.827199709153816,-0.648546268226338,-0.480138707396724,-0.853834694339361,0.525449637247811,0.156691556002071,0.694687428220315,0.440550888486062,0.723181605396222,-0.595717843921203,1.0546801098209,0.32068358113689,0.457297628285418,1.06399639198426,-0.222488485786948,-0.276227834284203,-1.37315672267353,"Feminine",-0.427718243085383,1.24707584621909
0.123115216853417,-0.682788947809716,-0.131707584838428,0.247997850686707,-0.765270883889743,0.405683225457603,0.0170746986557003,-0.800466087472758,0.126266078853169,-0.672173658497308,-1.28923591340372,-0.744025591386318,1.21588182030858,-0.696536272585953,-0.343032310267798,1.02814893775076,-0.648546268226338,-0.1247548859284,0.0184919611412616,1.0241605448482,-0.581303662624604,-0.494377204083408,-0.737465226151533,0.0226846090013811,-0.595717843921203,-0.0863537532420052,0.251911685667573,-0.47285447795322,-0.00731788582386301,0.296100306617323,0.925921618794505,-0.201971098292304,"Feminine",-0.427718243085383,1.24707584621909
0.534008415385095,0.00408855657371117,-0.295358599645988,-0.313174799616574,-0.92546802450745,0.665444164131054,-1.62209637229135,0.66872838953731,0.129225667351956,0.70035600368629,-3.37052251584843,-0.287139185390914,-0.48744394845628,-0.144532168329574,-0.343032310267798,-0.148025897147027,-0.648546268226338,0.324853864260809,0.303433572774642,-0.937229628763412,0.446200804138202,0.257319095969071,-0.155054193171285,-0.218672934892754,0.14483626226414,-0.0863537532420052,-1.03489003627204,-0.253412976090939,0.319542889361848,0.27957451974632,1.20180109458582,0.141780221825377,"Feminine",2.33599963531248,-0.801193979414496
-1.36505365770145,0.00408855657371117,-0.535720926997873,-0.140650334315318,-0.970190460411409,1.87280372069621,0.0170746986557003,-1.03846772729947,0.285158986381788,0.235425142028112,0.109092526227779,0.515895508934875,-0.48744394845628,-0.696536272585953,-0.343032310267798,-0.719834078126746,-0.648546268226338,0.029807374821694,-0.201109629151628,0.456130917569555,-0.253520939838861,-0.415046688980811,-0.679471509984674,0.0241262843480315,-0.595717843921203,0.674335488799928,0.278483170383516,-0.0590637954103038,0.115092825597799,-0.160401547808684,-0.658552132239305,0.0800124064917332,"Feminine",-0.427718243085383,1.24707584621909
0.548647722200397,0.690966060957138,-0.261869976750924,0.0465905808726258,-0.995000872462572,1.04082423446851,0.0170746986557003,0.472651864938052,0.540198440012074,0.186188207005668,1.76593635385973,0.152696623579527,0.606161248092677,-0.335400304911751,-0.343032310267798,0.402442907695596,-0.648546268226338,0.662066216385325,0.395327322288368,-0.561632009430713,-0.271493198285702,0.0433543910522427,-0.462714395830267,0.15373807691635,1.25566742154215,-0.0863537532420052,-0.362853685656181,-0.523429740085969,0.631742293202537,0.500313975859002,0.99363028832074,-0.0369521799911325,"Feminine",-0.427718243085383,-0.801193979414496
0.337985168781799,0.00408855657371117,-0.675639021784704,0.492312492118671,-0.929735705205765,1.41087424211087,0.0170746986557003,0.95231331606791,-0.247583654144564,0.92775747498789,-1.00903186928698,-0.744025591386318,-0.48744394845628,0.919957564537555,-0.343032310267798,-0.440752698887212,-0.463857385166148,1.45775708508114,0.811014097735551,0.954746675660825,-1.95206806713615,-1.3338956582771,-0.195346369327436,1.42870210917363,0.885390368449483,-0.0863537532420052,-0.796218164237736,-0.876667325245841,0.482132430410942,1.8094215900299,1.53080494244226,0.168594157164012,"Feminine",-0.427718243085383,-0.801193979414496
0.274198551053291,0.690966060957138,-0.773638249254964,0.619772605894447,-0.813272538292493,0.676152687547298,1.65624576960275,1.5659125735934,0.0698105602618108,-0.876643481629875,-0.70100402388234,-0.323376692404483,1.82108277673468,-0.188313844337047,1.7004367800726,1.91244473999533,-0.648546268226338,-1.04341688772922,-0.236116999325125,1.57441876171863,-0.168850863713861,-0.120633525693007,-0.0668967884061848,-0.52282391534051,-0.225440790828531,-2.74876610038877,0.179307701354536,-0.115065623842425,0.732059130330135,0.0636496151403959,0.861350318896053,0.446537724793147,"Feminine",-0.427718243085383,-0.801193979414496
0.803510912030398,1.37784356534056,-1.41785792097394,1.03600614761394,0.811640831669325,0.148244710830989,2.06603853733951,1.10788839865412,0.111502908966111,-0.861960132053931,-0.915234996302338,1.96965062469009,-0.48744394845628,0.12312064280943,-0.343032310267798,-0.719834078126746,0.475230513747506,-0.0547729470298737,0.741446174937483,0.163839261648106,-0.19942563212968,-0.797678995454685,-0.321312515635474,-1.18081857717194,0.14483626226414,-0.0863537532420052,-1.49038269889375,-0.395620325470865,-0.330445319841515,0.607997302844953,1.23550019732764,-0.287098194076162,"Feminine",2.33599963531248,-0.801193979414496
0.982142197105548,0.690966060957138,-1.35139462866395,0.960037876536295,-0.0258533582918825,1.40818907198738,0.836660234129224,1.04297007764624,0.834764524087756,-0.81795444286317,0.451435131585433,-0.744025591386318,-0.48744394845628,-0.696536272585953,-0.343032310267798,-0.719834078126746,-0.648546268226338,1.08079802516787,1.70894575205968,-0.945354527641609,-0.224696415666785,-0.641177049078761,0.28189987036325,-0.764129992912788,-0.595717843921203,-0.0863537532420052,-1.61185936810866,-1.37129937890478,2.08756053249376,1.43695269692632,-0.150360516248703,0.679188679659128,"Feminine",-0.427718243085383,1.24707584621909
-0.688701103323456,0.347527308765425,-1.3882408710478,0.8553389057936,-0.991038801558486,1.68883447880088,0.0170746986557003,0.488215430269338,0.103986685597353,-0.51366444873851,-1.3215173124998,-0.390134317490871,-0.48744394845628,-0.26896952276068,-0.343032310267798,-0.719834078126746,-0.648546268226338,1.2271769506818,1.46473782598738,0.161501116287405,-1.16587860077858,-1.31559929006064,-1.00275117936569,-0.254836378587276,0.14483626226414,-0.0863537532420052,-1.2004022915323,-0.780319420082285,0.502219186281391,1.19531665631517,1.28802581175563,0.451442869364723,"Feminine",2.33599963531248,-0.801193979414496
0.362592134502594,0.690966060957138,-0.576581518075107,0.380387977872664,1.06414009726047,0.602212883006591,1.65624576960275,0.647305189753247,-0.400341121328679,-0.747819367142217,-0.189267354311228,1.66620218394666,0.982262932883312,1.24480057718366,-0.343032310267798,-0.719834078126746,-0.315841627299077,-0.0902383907540482,0.541152473487646,-0.229954853544094,0.146124833400724,-1.1646021852861,0.27723824999774,-0.920371997210186,1.25566742154215,-0.0863537532420052,-0.329061127640836,0.134240482608798,0.563583933542527,-0.293092909529644,0.333780236538891,0.430030026715733,"Feminine",-0.427718243085383,-0.801193979414496
2.1843969223489,0.00408855657371117,0.748884340379169,-1.99941419593228,-1.34074951315512,1.95835746501803,0.836660234129224,2.43235486304986,-0.144708539441786,2.45523995247848,-2.1061206178408,-0.744025591386318,0.434188672255388,1.12954148950479,-0.343032310267798,0.225961610181812,-0.23127741818021,0.237059926419021,-1.04554791097581,-0.584478495765797,0.219083218773762,-0.589580723512755,-1.11205539163846,0.925268068841299,1.25566742154215,-0.0863537532420052,-1.17929393415927,-1.527517004175,0.965514831841027,0.735449922795333,-0.485251548228687,0.171880273967668,"Feminine",-0.427718243085383,-0.801193979414496
0.444898422461407,0.690966060957138,0.683113623975564,-1.76209789228888,-1.26851789406713,0.435352557817051,0.0170746986557003,1.12763801736144,0.151346078243301,3.0327678772047,-8.01468552015355,-0.744025591386318,0.229790628501153,0.724557210599547,-0.343032310267798,1.24293606157986,-0.323818561746883,1.856339563378,-0.329780436386442,-0.804590608241024,-1.28825307147462,-0.91804529099769,-1.63650025137879,2.30039555448428,0.885390368449483,1.81536935186283,-1.08772706729623,-2.09585030903758,0.790363730885918,1.83294939887445,0.717275241435181,-0.00386178485606517,"Feminine",-0.427718243085383,-0.801193979414496
0.359918021282886,1.37784356534056,-1.07245604176515,0.435871071960315,-0.0535961012546054,-0.367551843047291,2.06603853733951,1.20705643520547,-0.130455839560757,0.302758885719144,-0.973094119849041,-0.0481649127514752,1.10376130760398,-0.276171444965183,1.34717749583823,-0.0666648926725188,-0.216295690851425,0.647651129552674,0.5608882739129,1.19445674645032,-1.49095465604423,-1.52140885645856,-1.24651689476603,0.303029009530219,0.14483626226414,-1.22738761630491,-1.15685232088698,-0.973616367315271,1.95120154175211,1.37274889628244,1.78073460273544,-0.1381776579121,"Feminine",2.33599963531248,-0.801193979414496
-0.799608590007409,0.690966060957138,0.0665020172193699,0.109827571877216,-1.22121171963214,1.23452569425119,0.836660234129224,-0.649467842556125,-0.0776436166697442,0.106309646593788,-1.00422276599587,-0.744025591386318,-0.0985209736272482,-0.1828076425142,-0.343032310267798,-0.187674568417561,0.407962185249071,0.218028372744876,-0.0927733836481491,0.0993565675095186,-0.247820756136594,0.978357657129829,-0.384368676612449,0.494634137025079,0.14483626226414,-0.0863537532420052,0.664197370934082,0.450648346670733,1.75441412989924,-0.151942110920758,0.164893927426935,1.53022976404919,"Feminine",2.33599963531248,-0.801193979414496
-0.67487451867291,0.00408855657371117,-1.23021437767017,-0.31659233508211,0.666610297123595,-0.347655256009068,0.836660234129224,0.596111071768107,-0.58949311000476,-0.0213426123236177,-0.318637004724389,-0.0118139817780128,-0.48744394845628,-0.696536272585953,-0.343032310267798,-0.261640768927514,2.08043872027497,-0.664245701565943,-0.466741088694036,0.800902898885497,-0.0608007992315113,-1.15952986239784,-1.74684879281778,-0.810406945502768,-0.595717843921203,0.674335488799928,-0.736199435227923,-0.375387287498951,-0.830085842874592,-0.165052133759509,0.315478544775249,-0.126562075253247,"Feminine",-0.427718243085383,1.24707584621909
-0.67487451867291,0.00408855657371117,-1.23021437767017,-0.31659233508211,0.666610297123595,-0.347655256009068,0.836660234129224,0.596111071768107,-0.58949311000476,-0.0213426123236177,-0.318637004724389,-0.0118139817780128,-0.48744394845628,-0.696536272585953,-0.343032310267798,-0.261640768927514,2.08043872027497,-0.664245701565943,-0.466741088694036,0.800902898885497,-0.0608007992315113,-1.15952986239784,-1.74684879281778,-0.810406945502768,-0.595717843921203,0.674335488799928,-0.736199435227923,-0.375387287498951,-0.830085842874592,-0.165052133759509,0.315478544775249,-0.126562075253247,"Feminine",-0.427718243085383,1.24707584621909
-0.436804671432785,0.690966060957138,-1.46103963195339,1.90580994649542,0.458023493731671,-0.480014813162038,1.65624576960275,0.0194879854658975,-0.559550065263599,-1.23170484133213,0.000691343220046671,-0.0368806855303699,-0.48744394845628,-0.269354718030792,-0.343032310267798,-0.719834078126746,0.815653885764357,1.27892919113936,1.77598295275424,1.02025303134205,-1.98728547931839,-1.40590732646621,-0.536853243766344,-0.0365186766265037,0.14483626226414,-0.0863537532420052,-0.663578691771825,-0.213863260833724,-0.743964449089862,1.35315937595688,1.29662529021469,-0.287098194076162,"Feminine",2.33599963531248,-0.801193979414496
-2.17123269811352,-2.05654395657657,-1.17432019738879,0.716565089449522,0.592088484273175,-0.557802164092863,0.0170746986557003,-1.13718305519703,-0.46135936340036,-0.535141556793435,-0.23138571920978,-0.43155312104392,-0.48744394845628,-0.696536272585953,-0.343032310267798,0.0623048191050667,-0.648546268226338,0.678503426092452,0.80920252278391,0.989184852851383,-1.24127394934713,-1.14199391242675,-0.688739159121894,0.176311607687447,-0.595717843921203,1.0546801098209,0.194016873798818,-0.116526610868069,-0.905517822623786,0.463477432529184,2.08901114666278,-0.960728723225433,"Feminine",-0.427718243085383,1.24707584621909
-1.44373460099109,3.09503732629913,-0.918031861136842,1.47323694347743,0.0110980296542295,-0.518080467350676,1.65624576960275,1.72353750028069,0.285158986381788,-0.470664940452642,0.109092526227779,-0.415877244605338,-0.48744394845628,0.492857186167131,0.454023150136718,-0.309145760851178,0.166802646955772,0.578353665090858,1.06499205893556,1.77257579491699,-1.74214366679874,-0.957571239464298,-0.630808603143747,0.174631484910812,3.10705268700551,-0.847042995283939,0.722001851446898,0.958405973064242,-0.684135999075447,0.0962933215261486,1.35979050699145,0.174944149521299,"Feminine",-0.427718243085383,-0.801193979414496
-1.64531410928796,1.72128231753228,-0.440779137881182,0.616096910892487,-1.3552580366457,0.270507801697955,0.0170746986557003,-0.377998401721898,-0.494896793423856,-0.272099068622789,-0.295465620515053,0.562015748880077,-0.48744394845628,-0.302050810392751,-0.343032310267798,0.0974425066678943,0.97401163952375,0.569822003215607,0.334461371806911,-0.341123573914971,-0.458637732101008,0.750110774493241,-0.550674317549198,0.122314530350314,1.62594447463483,-0.0863537532420052,0.790290006462022,0.752377094732173,1.13306271879112,-0.353631414027493,0.660321988827745,-0.241554583639195,"Feminine",-0.427718243085383,-0.801193979414496
-0.648926686119828,-0.339350195618002,-0.446093587881257,0.889131851867855,1.08611469986566,-0.392705853169734,0.0170746986557003,-0.996390641483471,-0.0691974185034651,0.435937008379433,-1.24790828188923,-0.744025591386318,-0.48744394845628,-0.696536272585953,-0.343032310267798,-0.200063467056292,-0.304575438399952,1.57886538934608,0.994305225622812,0.837921485370132,-2.02348378977346,-0.211515994743565,-0.637591542920558,1.44501480831089,-0.595717843921203,1.0546801098209,0.178725086387964,0.184942264308546,0.68394907669241,1.09450891764413,1.56248874728699,-1.08283385609387,"Feminine",-0.427718243085383,1.24707584621909
1.33527207970944,0.690966060957138,0.295792003554296,-0.806313468544314,-0.50092714853084,-0.295601440141807,0.836660234129224,0.276129641746833,0.285158986381788,1.45113525848841,0.109092526227779,-0.56080177124157,0.85326905160794,-0.0324304944959971,-0.343032310267798,-0.490523514419193,-0.648546268226338,1.0621058594927,0.096916962283809,-0.329252770851488,-0.723538581960718,-1.06578757496755,-0.731096901910589,0.965854376197448,0.14483626226414,-0.0863537532420052,-0.865800734271204,-1.19346272998491,0.33611110954098,1.07744997476076,0.884951057422135,0.184882996388416,"Feminine",2.33599963531248,-0.801193979414496
1.17193255581026,1.03440481314885,0.793318830498654,-0.812713361124698,-1.18850715283878,0.489682636937638,0.426867466392462,0.157969655532383,0.668740661773042,1.25390909733021,1.86050415723628,-0.294466115154873,-0.48744394845628,0.932919141696622,-0.343032310267798,0.405442502541244,0.282302626922385,0.25168942953003,-0.416248040108805,-0.587580320472703,0.148027306054445,0.033183901420808,0.351876647998818,0.751863934781228,0.14483626226414,-0.0863537532420052,-0.504018568847244,-0.4486114192386,0.740504360332388,0.370251273010637,0.65782403221564,0.548721122847055,"Feminine",2.33599963531248,-0.801193979414496
-0.96104097705552,-0.682788947809716,-1.87824600352436,1.98157310383763,-1.67672096959115,1.86683850549579,0.0170746986557003,0.0533505810267445,1.10390422505309,-2.09741192723158,-0.0258985263099152,-0.744025591386318,-0.48744394845628,-0.696536272585953,-0.343032310267798,-0.719834078126746,-0.648546268226338,0.969393419644585,2.72544132801221,-1.40582120155956,0.204924913876481,0.0687269470771626,0.182868513695941,-2.0270977998208,-0.595717843921203,-0.0863537532420052,-1.90167472686645,-0.347539849657504,3.76427930218125,0.874614347353175,0.936539192198435,-2.23267086113039,"Feminine",-0.427718243085383,1.24707584621909
0.49975177898379,0.347527308765425,-0.558290213795344,0.880363607518468,-0.957478842822128,-0.662412739482594,0.0170746986557003,0.237093445069263,-0.315114411394384,-0.52118526663289,-0.31976408567191,-0.492767318178858,-0.48744394845628,0.214164480723065,-0.343032310267798,0.223539598175901,-0.648546268226338,0.825252271108132,1.03133733305413,-0.0622392428216556,-0.664952606064751,-0.281296855859984,1.07475088839466,0.357914737669766,0.515113315356812,-0.0863537532420052,-0.457307317577792,-0.463479375891217,0.141576406759456,1.08295153844674,0.665772925131404,-0.662732810950049,"Feminine",-0.427718243085383,-0.801193979414496
-0.0109568794892195,-0.682788947809716,0.602708863208565,0.100178964607717,1.97789654152184,-0.662412739482594,-1.21230360455458,-0.581433410487285,0.285158986381788,0.310389661411492,0.109092526227779,-0.744025591386318,0.613709136719165,-0.696536272585953,-0.343032310267798,-0.719834078126746,-0.648546268226338,-0.0134773399908897,-0.69133723503178,1.60786266267214,-0.953404334740119,0.593699354160089,0.53988957545494,1.62913954138917,-0.595717843921203,-0.0863537532420052,1.15472310812071,-0.0760341076926652,-1.01038093160067,0.529738861900635,-0.370427812002556,-1.73211090310188,"Feminine",-0.427718243085383,1.24707584621909
-0.227769437851983,0.00408855657371117,0.794928121023457,-0.422143684795066,-0.0249642321217597,-0.662412739482594,0.0170746986557003,-0.620485547171643,0.285158986381788,0.692952823943662,0.109092526227779,-0.744025591386318,-0.48744394845628,-0.696536272585953,-0.343032310267798,-0.719834078126746,0.0244401379557198,1.16539596796259,0.275744333601353,-0.801197144019349,-0.475854687090159,-0.63246141108582,0.623118642082938,1.01537558978008,-0.595717843921203,-0.0863537532420052,0.753816720566334,0.12068294881536,-0.809298409715615,-0.0119118669763516,-0.674345772677641,-2.03244687791898,"Feminine",-0.427718243085383,1.24707584621909
-1.71498324506959,0.347527308765425,-0.676147337564848,0.309929908740738,-0.464937098968187,-0.662412739482594,1.24645300186599,-1.05915861873382,0.718363129482131,-0.0871999298972724,0.937202779454547,-0.744025591386318,0.441342353658067,-0.696536272585953,-0.343032310267798,-0.0844094630406163,-0.648546268226338,0.986159517671947,0.527332709412071,-0.287493827741995,-0.66995191122068,0.575936335030431,-0.369267827298015,0.685946966222146,-0.595717843921203,1.43502473084186,0.0657430052505924,-0.585310067008118,-0.50227065361766,0.819607253009657,1.80884254742437,-0.999937204981018,"Feminine",-0.427718243085383,1.24707584621909
0.712335736333409,0.00408855657371117,1.8414846866571,-1.40701322161682,-0.306677730890646,-0.662412739482594,0.0170746986557003,-0.071188417129152,1.03598141377319,-0.142687719190585,0.569637796818277,-0.304041933594781,-0.48744394845628,0.898211010674907,-0.343032310267798,-0.719834078126746,-0.648546268226338,-0.570093413198709,-1.65946234610109,-0.868220344996867,1.3279784261251,1.45369365384773,1.17616951286825,0.728528535473757,1.25566742154215,-0.0863537532420052,1.51979892820024,-1.05367858324302,-0.766044729544534,-0.386305815166065,-1.02246811552692,0.835217795073833,"Feminine",-0.427718243085383,-0.801193979414496
-1.21385602412244,0.347527308765425,-0.343871268788312,0.440605817472354,-1.22201800178535,-0.662412739482594,-0.392718069081061,-0.940709335536207,-0.159635628099417,0.716913098959587,-1.11945879727017,0.745406753016156,-0.48744394845628,-0.471597218716774,-0.343032310267798,2.30928449730045,-0.0317484803972411,-0.331317430730792,-0.415704021478375,1.76707220123526,-1.08251660855612,-0.0516549064567649,-0.76230002504408,0.668754637089557,1.25566742154215,1.0546801098209,0.250755421946932,1.11888142084638,0.624952919080278,-0.103606675672738,1.27232986102836,-0.958175450104862,"Feminine",-0.427718243085383,-0.801193979414496
0.495495895275051,1.03440481314885,1.43820156318178,-1.01324332864345,-0.722133597827506,2.01471811457718,1.24645300186599,0.0875762615056363,1.22316123460746,-0.292245519434524,0.440514899559559,-0.744025591386318,-0.48744394845628,-0.696536272585953,2.32721511450474,-0.719834078126746,-0.648546268226338,0.0570136501511559,-0.79112350664541,-1.02955732458445,0.8521525790244,1.78178435911242,-0.827826583624411,0.180345471093425,-0.595717843921203,-1.98807685834684,0.892839678063134,0.00545514399363543,0.571426271767033,-0.703077188691256,-1.08458161020484,-0.478770853154505,"Feminine",-0.427718243085383,1.24707584621909
-0.0733507590837879,-0.339350195618002,-0.372343939634643,0.885123274492776,0.743737974066125,-0.511382609408248,-0.802510836817823,0.00703956612976004,0.820089980976939,-1.93444219912562,-0.0264008624374248,-0.117084021498056,-0.48744394845628,0.439657478746865,-0.343032310267798,-0.719834078126746,-0.12929317847245,-0.053917235573439,0.542953094903885,-0.256397604618485,0.323566087320131,0.357484813706496,1.05260770010781,-0.663731530090025,0.515113315356812,-0.0863537532420052,1.48586364516162,-0.144031589410628,-1.0967034144284,-0.445200337456082,-0.619496617469007,-0.445725634620002,"Feminine",-0.427718243085383,-0.801193979414496
-0.335076410338893,-1.36966645219314,0.197423349253807,-1.71649600244302,1.0499124828692,-0.662412739482594,0.0170746986557003,0.362463939309716,0.285158986381788,0.630320631181559,0.109092526227779,-0.744025591386318,-0.48744394845628,-0.191022919114493,-0.343032310267798,-0.719834078126746,-0.648546268226338,-1.31629415827074,-1.32059932433376,0.101251614325784,1.43557439236276,-0.871105237635171,-0.518147229480902,-0.799195857584765,0.14483626226414,2.57605859390476,0.305830802304324,0.110937313581703,-1.06955952124901,-1.4798001384463,-0.716199456855226,0.186702269340762,"Feminine",2.33599963531248,-0.801193979414496
-1.34777146009703,-0.682788947809716,-0.981855458993054,-0.134249232647157,-0.104785320995311,-0.662412739482594,0.836660234129224,-0.853204405451099,-1.09777176188721,0.242811452521911,-0.206019912160196,0.992547075649308,-0.48744394845628,-0.696536272585953,-0.343032310267798,-0.719834078126746,0.789738838791069,0.12008460134074,-0.28051057749165,0.632697649057709,-0.648588670542188,-1.14707709635151,-0.621098989519207,0.240822705380194,-1.33627195010655,1.81536935186283,-0.32957811458118,-0.578088953960525,-0.619088728425991,0.402546111681317,0.343746063832954,-1.17593317195908,"Feminine",-0.427718243085383,-0.801193979414496
-0.898385141300616,0.690966060957138,0.394836358168932,0.207779885583853,0.199177158636614,-0.463780442756543,0.836660234129224,-0.541568469304956,1.02437930120864,0.33078126957523,0.726383952433858,0.122343995258387,-0.48744394845628,0.873568116673083,-0.343032310267798,-0.719834078126746,-0.648546268226338,0.129324618854539,0.246574531725166,-0.661723517180824,0.453915300754534,1.16494224393252,1.24385414923986,0.233016184101237,-0.225440790828531,-0.0863537532420052,0.605909183335486,1.40621245092151,-0.551798411797776,-0.704559961044522,-0.730855318626237,-0.60109175856318,"Feminine",-0.427718243085383,-0.801193979414496
-1.95159986041634,-0.682788947809716,-0.452752203758856,-0.512779629959262,0.382406613901632,0.00240213215307727,-0.802510836817823,-1.00542995814012,0.974185329214226,-0.224265791583319,0.583303895124677,-0.744025591386318,0.989823153466333,-0.696536272585953,-0.343032310267798,-0.719834078126746,-0.648546268226338,-0.0569193612332374,-0.262280693277234,-0.553771707638549,0.569336216796302,0.36395209683305,-0.0315979998874744,-0.093127999572408,-0.595717843921203,1.81536935186283,0.779347171094308,-0.546093819474078,0.434575829464542,-0.332676993677282,0.0985037300310753,-1.68521159171902,"Feminine",-0.427718243085383,1.24707584621909
-0.420106440607121,-1.36966645219314,0.923600624962757,-1.27959327147495,-0.753038545130283,-0.662412739482594,0.0170746986557003,-0.212389879939929,0.285158986381788,1.27280996116312,0.109092526227779,3.64106293096063,-0.48744394845628,-0.696536272585953,-0.343032310267798,-0.719834078126746,0.71340527165886,-0.553749594377609,-2.47646817195079,-0.327724522436377,0.475327425999809,2.04273053472597,-0.975352857970077,1.09103114445494,-0.595717843921203,-0.0863537532420052,1.11657732320774,-0.31692368451367,-0.493711612805874,-0.591127876019117,-0.862213673052963,0.0024917255025196,"Feminine",-0.427718243085383,1.24707584621909
-0.830063062849899,0.00408855657371117,-0.679913495390434,-0.777299103818669,0.581450822544934,-0.662412739482594,0.836660234129224,-0.543421078836344,1.47685579284643,0.212770592531254,0.468887011498081,-0.0456885402296435,-0.48744394845628,-0.696536272585953,-0.343032310267798,-0.719834078126746,-0.648546268226338,-0.356924357772422,-0.515929096485558,-0.00456753013609054,0.49661919839424,-0.7277793807489,-0.737465226151533,-0.501244239892286,-1.33627195010655,1.43502473084186,-0.255880798320913,-0.76680156486799,-0.929015222494475,-0.205082025558985,-0.625293970174914,-0.819052461142462,"Feminine",-0.427718243085383,-0.801193979414496
1.42659170256294,-1.36966645219314,2.22041233212598,-1.87934492050994,1.85800015541139,-0.662412739482594,-0.802510836817823,-0.1671781870587,2.08551814023428,1.8603375983155,0.560876900037716,-0.744025591386318,-0.48744394845628,-0.696536272585953,-0.343032310267798,-0.719834078126746,1.0990474639561,-0.780071943552654,-1.70592580634455,0.847922474460739,0.210684015503013,-1.32728416516793,-0.451048871787504,0.775178424232687,-0.595717843921203,-0.0863537532420052,0.440286316824608,0.135728053899619,-1.22492402611502,-0.775302551705534,-1.22953511274682,0.754238559781533,"Feminine",-0.427718243085383,1.24707584621909
-3.13108276243136,-2.05654395657657,-0.411243222340165,0.520529461630568,-0.528991829795928,0.784404709975377,-0.802510836817823,-2.01194058505118,-2.16936207991764,-1.85874766787125,0.131422534126585,-0.744025591386318,1.39201105556045,-0.696536272585953,-0.343032310267798,-0.719834078126746,-0.648546268226338,0.52009278325094,0.607007994932736,-0.845658632054765,0.179168094036605,1.71469496799534,-0.21630254870587,-0.0654859153075714,-2.07682605629189,1.43502473084186,2.10070170328848,0.531406440597052,-0.524100295174871,-0.860157899665762,-0.943706370680509,-0.382864925699916,"Feminine",-0.427718243085383,-0.801193979414496
-0.773239900977822,-2.05654395657657,-0.49070889986719,-0.359573984014103,-0.751064380222014,0.310376200893709,-0.802510836817823,-0.451481085241032,-1.56785889370987,-0.34175419804172,-0.0524372809102496,-0.744025591386318,-0.48744394845628,-0.696536272585953,-0.343032310267798,-0.719834078126746,1.92103819174152,-0.314252893579743,0.00722616809511022,-1.20264396144457,1.08480536712212,0.904421413976082,-0.0008451545848845,-0.663067548952038,-1.70654900319922,-0.0863537532420052,-0.336565611982312,-0.0107565601479454,-0.0964309880556719,-0.478293588543255,-1.30041720442425,1.19314729133426,"Feminine",-0.427718243085383,-0.801193979414496
0.080583859047447,-0.682788947809716,1.11064893168478,-0.316967538037676,-0.427478126152964,-0.564632407846832,0.426867466392462,-0.929853286070689,0.285158986381788,0.126368580489802,0.109092526227779,3.52964507376851,-0.48744394845628,0.164029109548763,-0.343032310267798,0.17160553614109,1.7111810216897,-1.47616239694787,-1.6382779782469,0.232039422510256,0.856194645907437,0.928062921583956,0.412718417883269,-0.229159851939474,-0.225440790828531,0.674335488799928,0.245644918170072,0.908565885630354,-0.503688355840338,-0.829451911889197,-1.01753962353382,1.11302586983031,"Feminine",-0.427718243085383,-0.801193979414496
0.593281000937874,-1.02622770000143,1.51656355074314,-1.06317278550383,0.966681531089718,-0.662412739482594,-1.21230360455458,-0.869833866647799,-0.971713731213898,0.289772206225881,-0.246346172244225,-0.744025591386318,1.43735983581822,-0.696536272585953,-0.343032310267798,1.91385614954927,-0.212819144652701,-1.84501863340537,-1.77771679465361,0.888124841866786,1.1123170945459,0.250257086082636,1.48940685056827,0.294381147263365,-0.595717843921203,-0.0863537532420052,0.27369366889496,0.00714685822247787,-1.09261872342239,-0.483980678635868,-1.11747798875772,-0.198583507482021,"Feminine",-0.427718243085383,1.24707584621909
0.04516105964311,-0.339350195618002,0.160644477786789,-0.526624399571635,-0.746269979730499,0.550745561161104,-0.392718069081061,-0.826800846505022,-0.858598593712741,0.0676965356270675,-0.236172803349926,0.745406753016156,2.23723085812584,0.203219942890762,-0.343032310267798,2.07627537611373,0.585049307431856,-0.903866291917294,-0.273225542168009,-0.656814578242697,0.995841537253194,-0.378340448321817,0.122308515790402,-0.887693249878635,-0.225440790828531,1.0546801098209,-0.453216473313014,0.648677636654459,0.471264684644144,-0.970311031844086,-0.834181441268988,1.0418255309728,"Feminine",-0.427718243085383,-0.801193979414496
-0.322285180153063,-0.682788947809716,0.0890473171149832,-1.02581349066011,-0.174476478775411,1.46176311079221,-0.392718069081061,-0.983643436239074,1.1178650674887,-0.645325266702482,0.383441384359827,-0.744025591386318,2.0630065365682,-0.696536272585953,-0.343032310267798,0.152605047027034,-0.648546268226338,-2.10613369559546,-1.14353369553991,-0.517622878943721,2.47690243973757,0.491052589760061,1.56069212896098,-1.37787119487954,-0.595717843921203,1.0546801098209,0.648765491981862,-0.0101239514988445,-0.50868743080026,-1.51396403962723,0.0851136727699186,-0.289884510621254,"Feminine",-0.427718243085383,1.24707584621909
0.809225336912705,0.00408855657371117,-0.146454686453881,2.23454606096114,-0.745581048281572,0.781847204382897,0.0170746986557003,-0.196790850043316,0.0929829160136022,-0.68392126385106,-1.03278798446574,-0.744025591386318,-0.48744394845628,-0.0162327925913644,2.39234310047481,2.09900797330268,0.284172337759126,0.429187483765441,1.46431688844631,1.21547388959303,-1.35174565833848,0.067864194225572,2.02098050587417,0.375764759680287,0.885390368449483,-1.98807685834684,0.208490692775599,1.43061297621974,0.523223789232395,0.6293926792112,-0.790409498993755,0.839393195005388,"Feminine",-0.427718243085383,-0.801193979414496
-0.286613390945401,0.00408855657371117,2.5116079335402,-0.723060292271883,-0.837542363324879,0.550745561161104,0.426867466392462,-1.15700955014949,-1.27236102578828,0.329971624211183,-0.18376108410623,-0.744025591386318,-0.48744394845628,-0.696536272585953,-0.343032310267798,1.7279228693562,0.97131636060722,-1.14888450799119,-1.54275139436211,0.736981269897478,0.505444148253082,1.07042542884337,0.737844543650498,0.803728991713759,-0.595717843921203,-0.0863537532420052,2.10864393775303,2.24333734450438,-0.274835067585597,-1.89993063779066,-1.08974671267989,2.01321360555119,"Feminine",-0.427718243085383,1.24707584621909
1.22500914251853,-0.339350195618002,0.945072837000008,-1.36143772973969,0.26822973762886,-0.168418355697755,1.24645300186599,0.0628665610782254,0.49059874258827,0.879435525624058,2.95368440744684,-0.744025591386318,-0.48744394845628,0.757977609488368,-0.343032310267798,0.0335144302499083,-0.149999590027052,-1.18919137934824,-1.03682569483194,-0.477141088707473,1.60999849445044,0.14103516337249,0.222105866511672,-0.628897368720008,0.14483626226414,-0.0863537532420052,-0.245911866119909,0.407675250891837,-0.959958746364417,-1.134047702199,-1.11237834122033,0.165594319303416,"Feminine",2.33599963531248,-0.801193979414496
1.15675843779272,-0.339350195618002,0.856457358751052,-1.33205560462667,0.24148374453557,-0.189023469032096,1.24645300186599,0.122199055581128,0.491548387069964,0.839409338177586,2.8953235234391,-0.744025591386318,-0.48744394845628,0.764701094305353,-0.343032310267798,0.0369967808279196,-0.147695059927519,-1.1643303638617,-1.0256465613099,-0.408124706097129,1.53702355789457,0.156379712212747,0.231654067319679,-0.551757300824581,0.14483626226414,-0.0863537532420052,-0.269651441954484,0.31823746502105,-0.952392526950537,-1.02219310308792,-1.11906034620708,0.145847238472867,"Feminine",2.33599963531248,-0.801193979414496
0.747303660444299,1.03440481314885,0.527901332375193,-1.08323043419289,-1.29927207021082,0.417527457940106,0.836660234129224,0.332418398495064,0.0292098378850513,1.6559021696948,-2.88232476165765,-0.744025591386318,-0.48744394845628,-0.696536272585953,-0.343032310267798,-0.0941229603412967,-0.234466734231518,0.205827823821483,-0.904547381490192,0.974255987862376,-0.765845233416868,-0.922677631454923,-0.787717651907408,1.32168490696813,-0.595717843921203,1.0546801098209,-0.00593045970541933,-0.590024816477908,0.211728903994856,0.478023712647096,-0.664388876844133,1.75424529579847,"Feminine",-0.427718243085383,1.24707584621909
-0.417021911510831,0.690966060957138,1.16260679466312,-1.47151726271664,1.50692628569673,-0.490148031290957,1.24645300186599,0.251576645236629,0.285158986381788,1.03647355306261,0.109092526227779,-0.744025591386318,-0.48744394845628,0.588481411848273,-0.343032310267798,0.611285779492708,-0.20809581539987,-1.55072531072647,-1.96301773265212,1.23415579460876,0.75256328073982,0.554035012239225,-0.229164224237031,0.580284456314082,1.25566742154215,-0.0863537532420052,0.713466154853855,0.739324214907766,-1.21689404841343,-1.08625329141456,-0.823662726390437,1.35896952398841,"Feminine",-0.427718243085383,-0.801193979414496
-0.106989441030691,-0.682788947809716,-0.510436393239278,-0.28079495135297,0.216089087882027,-0.50074185024392,0.426867466392462,-0.753750244605032,1.40887308912194,0.0337574012316338,0.453465781168122,0.572972471533318,1.92179031843764,-0.696536272585953,-0.343032310267798,0.104298853855768,2.07840368299794,-1.36799124396563,-0.683608186714111,0.270294877709341,0.825460598528891,-0.867585718113967,0.242367243927519,-1.06058726313589,-1.70654900319922,-0.0863537532420052,-0.217711161940545,0.177182871969025,-0.209235197831879,-0.744400760482973,-0.637092013191274,-0.424031827032458,"Feminine",-0.427718243085383,-0.801193979414496
-0.529061138630286,-0.682788947809716,0.640334053466059,-0.824995257209847,1.02986046521259,-0.643995861485179,-0.392718069081061,-0.746868238290013,-1.45065165353129,0.380634628834018,-0.160494561468317,0.103631909153751,0.287881981926429,-0.184471990127824,-0.343032310267798,0.341036823518132,2.15968210487029,-2.0584558055796,-1.88757133582292,0.808458528308367,1.22873203326549,1.07113134804334,0.170285844858939,-0.267165568742002,0.14483626226414,-0.0863537532420052,0.924435122345186,1.55926470193719,-0.975157880632,-1.7132807056333,-0.751541822082946,0.712652949877964,"Feminine",2.33599963531248,-0.801193979414496
-1.35672285167142,-0.682788947809716,-0.520222472628578,0.609441861275889,2.00614144090368,-0.662412739482594,-0.802510836817823,-0.637158400653825,-2.09259345823287,-0.15219967014856,-0.0353999116023618,-0.163455439389201,-0.48744394845628,-0.696536272585953,-0.343032310267798,0.0067683293607945,-0.648546268226338,0.911936757209435,0.543426254431484,-0.0364016709500128,-0.781990484382337,1.04189940105431,0.148771164447845,0.956500313052348,-0.595717843921203,-0.0863537532420052,-0.148012454089017,0.0282312231941033,-0.49740335192862,0.895347021236881,-0.806747144512332,-0.551391928029984,"Feminine",-0.427718243085383,1.24707584621909
-1.36372690650852,0.347527308765425,-0.152395778237198,0.311480928197703,-0.218862151777225,0.0651062620914425,0.426867466392462,-1.05078997349777,0.834120957884353,-0.0102533573816263,0.795302550211231,-0.422332621919063,1.86649641723024,-0.696536272585953,-0.343032310267798,0.890602733222691,-0.115673425298578,0.865581123478389,0.565762486820295,-0.448146689451436,-0.64741163668299,0.127677859382039,0.364327100186282,0.761461095930822,-0.595717843921203,1.0546801098209,0.523289308258146,-0.112057427605986,0.379217083867862,0.438438753637711,0.177858435273476,1.67911251457391,"Feminine",-0.427718243085383,1.24707584621909
-1.21933079910611,-0.682788947809716,-0.0745981288885647,2.071438689317,-1.37040552913608,0.0315891265175707,0.426867466392462,-1.19325519374169,0.285158986381788,-1.27317627963138,0.109092526227779,-0.421804390442104,-0.48744394845628,0.0820705017264094,-0.343032310267798,0.0867065252584396,-0.114798428840568,0.690316264814644,1.92860115999353,0.564239245980233,-1.01453990048484,-0.513060875860819,1.47367273991139,-0.256424566658363,-0.225440790828531,-0.0863537532420052,1.79696829130084,2.2226916477761,2.0128628050745,-0.900505040595794,-0.481721929096329,0.437788303037828,"Feminine",-0.427718243085383,-0.801193979414496
0.325608419107683,0.690966060957138,0.722980294638538,-0.534446503176518,0.217521693821241,-0.662412739482594,0.0170746986557003,-0.348447966027962,0.901856597093693,-0.279564111546791,0.617989066240034,-0.744025591386318,-0.48744394845628,0.176707789211891,-0.343032310267798,0.184739084785922,-0.349234634537633,0.100680388527881,-0.643547139098713,-0.904416576463999,0.632423015829231,1.5320952855841,0.0643844861061328,0.384100405317936,0.515113315356812,-0.0863537532420052,0.475041127066564,-0.987077332661472,-0.789144889752908,0.260552806574949,-0.4219400955392,0.537094239960717,"Feminine",-0.427718243085383,-0.801193979414496
-0.0607605376802121,-0.682788947809716,0.988272882646384,0.110950165858717,-0.916576568618617,0.570061384129753,-1.21230360455458,-0.0046760474000937,0.285158986381788,1.22733852083575,0.109092526227779,-0.744025591386318,-0.48744394845628,2.3824996076493,-0.343032310267798,-0.0819337827220984,-0.648546268226338,-0.467129477199678,-0.269771518427158,0.319324741980762,0.397626282586393,1.16550632763117,2.46186195538843,0.89265922822183,0.885390368449483,-0.0863537532420052,0.195197200442899,1.61739735733321,0.689503462833808,-0.339023839430187,0.107541241367491,0.57090399151176,"Feminine",-0.427718243085383,-0.801193979414496
-0.513894546880888,1.37784356534056,-0.281656358162927,0.747831240138593,-0.86264517314257,-0.131269978037135,0.836660234129224,-0.483859808590504,0.285158986381788,0.272587453815144,0.109092526227779,0.598501510381248,-0.48744394845628,-0.696536272585953,-0.343032310267798,-0.159761982959611,-0.648546268226338,2.32209162021335,1.33931025350856,-0.993698657120279,-1.57419897103743,0.130712148759317,-0.189708483789375,1.32495375792929,-0.595717843921203,-0.0863537532420052,0.0303821481829765,-0.433517306894144,-0.181491800177073,1.32937088014078,3.53269203024237,0.172282846681502,"Feminine",-0.427718243085383,1.24707584621909
0.32444172939542,-0.682788947809716,0.0695519119002156,-1.36816055079868,-0.00637090924125619,-0.662412739482594,0.0170746986557003,0.21926126080662,-0.581409449224846,0.814104892826098,-0.547683615447359,-0.0185811870424144,-0.48744394845628,-0.696536272585953,-0.343032310267798,0.642041783596668,-0.348128122028618,0.00474074832101897,-0.818207920207926,-0.749710576506534,0.530455501563939,-0.0871098200312417,-1.07751789695778,0.151487819542703,-0.595717843921203,0.674335488799928,-0.244617379082714,-1.27195983370974,-0.761171227886865,0.137059982193879,0.0332687892055642,0.576026681140711,"Feminine",-0.427718243085383,1.24707584621909
0.976072873400117,1.03440481314885,0.650898503468611,0.426165764467766,-0.764977542432681,-0.662412739482594,1.24645300186599,-0.0619235111974617,1.29379393402204,0.046984887554923,0.495818080129686,-0.744025591386318,-0.48744394845628,0.731691214029195,-0.343032310267798,0.0198996981708105,-0.648546268226338,0.0154558945075171,0.0879774299792775,0.100197922632163,0.062481591718831,1.26633289067178,0.964877427174247,0.463199656651211,0.885390368449483,-0.0863537532420052,0.190731868319579,0.418082078744336,0.306462313241541,0.199935640633962,-0.268194498581361,-2.03244687791898,"Feminine",-0.427718243085383,-0.801193979414496
0.0882550585362044,-0.682788947809716,1.28476550362105,-1.41476319479908,-0.95291317820228,1.37002129666074,0.836660234129224,-0.13625240666909,-1.14852151411727,1.91489039138167,-0.467122984631474,0.456174478185706,-0.48744394845628,0.753529554803127,-0.343032310267798,0.782255302489702,1.33954201425644,-0.881435664575998,-1.77135552594631,0.361213788864029,0.425982051538489,1.03344346610767,-1.20986445498038,0.756505443231651,0.14483626226414,1.0546801098209,0.17706276295123,1.15574477006577,0.00599795768820639,-1.027627489649,-0.893641874523164,-0.51707647506685,"Feminine",2.33599963531248,-0.801193979414496
0.392165683146675,-0.682788947809716,1.31588492978549,-1.07846552505443,1.72559196531064,-0.662412739482594,0.0170746986557003,-0.396337562588235,-1.69295714721817,-0.588779236250197,-0.0130702067754886,-0.744025591386318,-0.48744394845628,0.303825595676133,1.66810340839,0.316417456602321,0.0372183608579106,-2.09427692450394,-1.65993591745323,-0.474410834995505,2.47118675393147,1.38761249890289,1.65347341628778,-0.988223314632505,-0.225440790828531,-0.847042995283939,1.39776578033863,1.12609590161648,-1.18298311953908,-2.15700117352173,-1.10692893909518,-1.17593317195908,"Feminine",-0.427718243085383,-0.801193979414496
0.112571872209752,0.00408855657371117,0.960248237650152,-0.330374790316332,0.762798842802823,-0.662412739482594,0.0170746986557003,-0.38665767561844,1.68043733061747,0.487704803603222,0.462388776199457,0.891247003405563,-0.48744394845628,0.291321072322858,-0.343032310267798,1.32676270296316,-0.648546268226338,-0.247369388246022,-0.326654971909399,0.413179478691991,-0.114283958776924,-0.514070512739558,0.314792781620129,0.385068729486158,1.25566742154215,-0.0863537532420052,0.0145186994029667,0.79579442670843,-0.994541375541127,-0.35323558659084,-0.939729234858611,0.25158967130742,"Feminine",-0.427718243085383,-0.801193979414496
-2.10207567313637,-1.71310520438486,0.985565187477674,0.30070929055886,2.88348257197756,-0.662412739482594,0.0170746986557003,-1.67775231255151,1.96790673822382,-0.556351353395951,0.257196744921114,0.242068435623861,-0.48744394845628,-0.696536272585953,-0.343032310267798,0.514294634088274,0.16816839053229,-1.07618304818367,-0.939795714218054,1.23862443118541,0.164653005015143,1.76516698358527,-0.0214218501408299,0.262646278487488,-1.33627195010655,-0.0863537532420052,2.69084664142734,2.6626706382915,-1.3010519211936,-2.11172582653557,-1.19471125572512,-2.10692633061114,"Feminine",-0.427718243085383,-0.801193979414496
0.406151047755652,-1.36966645219314,0.0302306708738124,-2.29217289967103,1.4435311137298,-0.662412739482594,0.0170746986557003,-0.337250997883613,1.6746477939194,0.719322049793258,0.502773536857838,-0.744025591386318,-0.48744394845628,-0.696536272585953,-0.343032310267798,-0.719834078126746,-0.648546268226338,-1.42408507327122,-1.68973357713754,-0.981611162191931,2.29249171840082,0.0871912900561222,-1.41362314155522,-1.31741792981079,-1.33627195010655,1.43502473084186,-0.241553043585951,-1.36888858182278,-1.20701536616808,-1.08862876345419,-1.28283434221777,-0.170840557822458,"Feminine",-0.427718243085383,-0.801193979414496
-1.38106628806635,-0.682788947809716,-0.164073353870265,0.653086597417939,0.552798790390553,-0.532485449500828,0.836660234129224,-0.913939902978113,-1.16627607139899,0.34444533574347,-0.20749353170433,1.07856925110618,-0.48744394845628,-0.696536272585953,-0.343032310267798,-0.719834078126746,-0.648546268226338,0.148385669182213,0.574146466362104,-0.411031756567009,0.182324352694704,0.476445781520575,0.882761471946358,-0.278557099783118,-0.595717843921203,1.0546801098209,0.501563222687298,1.90180446820901,-0.883694328513154,-1.03303305761964,0.00916051519973562,-0.170840557822458,"Feminine",-0.427718243085383,1.24707584621909
0.0140358929379408,0.00408855657371117,-0.0464457491276836,-0.637199544539976,-0.970328296033919,-0.662412739482594,0.426867466392462,-0.211664838244998,1.35502097557209,0.0537624800556954,0.475165042671006,-0.744025591386318,-0.48744394845628,-0.696536272585953,-0.343032310267798,-0.719834078126746,1.94771918054311,-0.991867066713251,-1.13629006859763,-0.256397604618485,1.10119813761585,0.750372263644611,-0.0230850782480671,-0.495744302181386,-0.595717843921203,-0.0863537532420052,0.39175741128998,-0.108045909150802,0.0565715745223178,-0.68233258762101,-0.872619476019616,0.0420450337637125,"Feminine",-0.427718243085383,1.24707584621909
-0.654102227813425,0.347527308765425,0.260079471076477,-0.0462441747186806,-1.09724169959369,-0.662412739482594,0.426867466392462,-0.827969597868988,-0.498810116733915,-0.75685573528776,-0.149101679165901,0.240419448956622,-0.48744394845628,-0.696536272585953,-0.343032310267798,0.922919190975522,-0.104980324771599,-0.0489503886415331,-0.944002151006041,1.38063067731247,-0.955235515122687,-0.381774314504823,0.235391138624685,1.22974858863121,-0.595717843921203,-0.0863537532420052,2.20139326550163,-0.62376042391114,0.304089807849488,0.0962933215261486,-0.065055151837778,-0.747676318979131,"Feminine",-0.427718243085383,1.24707584621909
1.76951532490619,-1.36966645219314,-0.536328728290148,-0.7649274965245,-0.561187133033341,0.199832003123671,-0.392718069081061,-0.529380877587062,0.285158986381788,-0.48294665275762,0.109092526227779,0.217899464373613,-0.48744394845628,-0.696536272585953,-0.343032310267798,-0.719834078126746,6.52172801528691,-2.72983293029585,-1.12413868249386,-0.471502133328487,2.44299461655747,-0.526126764879817,-0.319995754626836,-2.7800412150173,-1.33627195010655,1.0546801098209,-1.26549173707448,0.762666432822183,-0.120184864470246,-1.9345196280847,-1.04137677435017,-1.58771860751672,"Feminine",-0.427718243085383,-0.801193979414496
1.18424553963877,-0.682788947809716,-0.183888355891835,-1.1654717300729,-0.86582396645506,1.93745211893427,0.426867466392462,0.685085521300094,-0.530168880858546,-0.179790561141631,-0.304393189991368,3.00999149578809,2.00977974383725,0.128109858816185,-0.343032310267798,-0.719834078126746,0.199416603563056,-1.06463747390217,-0.887080648391024,-0.339224498736164,0.982186623831464,-1.89529766011259,-0.942640510180384,-1.34473714444655,0.515113315356812,-0.0863537532420052,-0.304982123729176,-0.381161576374919,1.12482140811309,-0.998233985232031,-0.0720916998753222,0.639875884675905,"Feminine",-0.427718243085383,-0.801193979414496
0.398973056343601,-2.05654395657657,-0.67760094233964,0.648088256774905,1.8624007561076,-0.662412739482594,-2.03188914002811,-0.331114108744193,-0.38013929696238,-1.15369349207329,-0.0559138172639739,-0.744025591386318,-0.48744394845628,0.873568116673083,-0.343032310267798,0.906600449891724,5.80944911295116,-1.760896205306,-0.886071716420238,1.71832643757966,0.00616174714424215,-0.735314715922705,0.0432209972389721,-0.90447614015244,-0.225440790828531,-0.0863537532420052,0.101927945363706,-0.309422729147819,-1.1535885114961,-0.0239674508920948,0.191131621878269,-0.288829690786325,"Feminine",-0.427718243085383,-0.801193979414496
0.113122270128679,-0.682788947809716,-0.821144413849721,-0.937751517349156,-0.899084157029409,1.21110670124213,-0.802510836817823,0.970256520940818,0.9254396797213,0.683587087129799,0.950400706580753,-0.744025591386318,-0.48744394845628,-0.696536272585953,-0.343032310267798,-0.719834078126746,-0.027031097698739,0.168564384666123,-0.10532069306355,-0.334859893831889,0.198173538738342,-0.921239884734542,-1.54636351184277,-0.373303133388327,-0.595717843921203,-0.0863537532420052,-1.13068199922648,-1.43573173380386,1.70085370682512,0.467788471569866,-0.0396781818184936,0.286407301630994,"Feminine",-0.427718243085383,1.24707584621909
-0.136630102920271,0.347527308765425,1.62785234487482,-0.959982404424756,0.241861784729027,-0.662412739482594,0.0170746986557003,-0.396036956601429,-0.602745414495469,0.828735872220952,-0.535748213664547,0.742585858424485,-0.48744394845628,0.201515859149329,-0.343032310267798,0.210437186005031,-0.0329166580257051,0.135666268805739,-1.27471252994687,-0.980690192195044,0.494213120579473,2.03856687222959,0.216689098745597,1.24546876770179,0.515113315356812,-0.0863537532420052,0.890114512134918,0.258217435008848,-0.125257845774807,-0.374862158357043,-0.207656122544878,0.716364550510463,"Feminine",-0.427718243085383,-0.801193979414496
-0.88267141042304,-0.682788947809716,0.456210781993206,-1.19286264883102,-0.728909203213859,-0.204215050174916,0.0170746986557003,-0.75007509452236,-0.508095706787742,1.00354457768483,-0.664132386820382,0.584114587124855,0.119960291420532,-0.696536272585953,-0.343032310267798,0.111271213686415,-0.648546268226338,0.525005361838108,-0.956607938138355,-0.694290963041608,-0.0377499211590705,0.733353788655756,-0.528799293453251,1.29520988666237,-0.595717843921203,0.674335488799928,0.350720713854844,-1.09384652405188,0.62917409105146,0.442556386674323,0.39486904742637,0.527173231783572,"Feminine",-0.427718243085383,1.24707584621909
1.29122905251993,0.690966060957138,-1.14680058665448,-0.669468377455809,0.416872848570275,0.400526900109608,-0.802510836817823,4.17827951886366,0.285158986381788,0.932405407263489,0.109092526227779,-0.744025591386318,-0.48744394845628,1.63545483670698,-0.343032310267798,0.890602733222691,-0.648546268226338,1.07948152212811,0.811946613366431,-0.909228355669472,-0.354801019287563,-1.88828561325125,-1.16416044414083,-0.169463535581166,0.515113315356812,1.0546801098209,-2.75155599012003,-2.03239490927447,1.56549354613101,1.71135749575887,0.210462677127798,0.730181144772485,"Feminine",-0.427718243085383,-0.801193979414496
0.192464183168233,0.00408855657371117,-0.937659921578637,0.217222396108231,-1.2931919086324,3.50668271927298,0.426867466392462,-0.204924653419112,0.659835129169552,-0.64144380054307,0.721242663739116,-0.195122902225406,-0.48744394845628,-0.696536272585953,-0.343032310267798,-0.719834078126746,-0.648546268226338,0.161803937711254,0.745379343717588,-0.710930995722542,0.481920250289441,-0.564234638777698,-0.104789123597096,-1.09918261848979,-0.595717843921203,0.674335488799928,-0.871055413189197,-0.471023148358974,2.95378698967694,0.0876137609510894,0.355480263488974,-0.462171750325834,"Feminine",-0.427718243085383,1.24707584621909
-0.904073025546823,-0.682788947809716,0.345456428340751,-0.453293193070705,-0.994131281231575,-0.662412739482594,-0.802510836817823,-0.481279677739098,0.285158986381788,0.85613969939411,0.109092526227779,0.562015748880077,-0.48744394845628,0.0924346518004521,-0.343032310267798,0.0974425066678943,0.97401163952375,-0.488557881118258,-0.54008623247922,-0.224126978077613,0.486338320144094,1.81411013143049,-1.06779988717734,0.122314530350314,0.14483626226414,0.674335488799928,0.030544579502881,1.38958110359247,0.113856105986563,-0.961622356726051,-0.715109135580332,0.358463039252503,"Feminine",2.33599963531248,-0.801193979414496
-0.206625083957175,1.03440481314885,-0.385012972075422,1.21264877461138,-0.0981674873833453,-0.662412739482594,0.426867466392462,-0.387808443517037,0.285158986381788,-0.83166200652888,0.109092526227779,-0.0185811870424144,-0.48744394845628,-0.696536272585953,1.41903484434181,0.188083163022198,-0.648546268226338,-0.115850049439009,0.75476151434739,0.290066933264266,-0.0094310013770415,0.549353324378679,0.741661671613927,-0.66491147734704,-0.595717843921203,-0.847042995283939,0.177385395041549,1.18477790144057,0.367197421433105,-0.390612378830035,0.637096632573982,-0.564137667702014,"Feminine",-0.427718243085383,1.24707584621909
0.450298084547756,0.690966060957138,-0.826410651487195,0.194901476340749,0.583862146408797,1.26201755560965,0.836660234129224,0.657603756875304,0.285158986381788,0.144717073600852,0.109092526227779,-0.15028062504736,-0.48744394845628,0.73817333575362,-0.343032310267798,-0.719834078126746,2.30200532801512,0.686872356225264,0.78562738249009,-0.503137014242438,-0.482614431589571,-0.648330833472446,-1.05984611517852,-0.251565590268209,0.515113315356812,-0.0863537532420052,-1.51437648254167,-0.385369744617582,0.957550471564486,0.71314089385696,0.103630621645615,0.0699049458007768,"Feminine",-0.427718243085383,-0.801193979414496
0.997042904097352,-0.682788947809716,0.565292215933018,-0.570615310821658,-1.43705573204082,-0.662412739482594,0.0170746986557003,0.258944190591049,0.285158986381788,1.64231425246577,0.109092526227779,-0.744025591386318,-0.48744394845628,0.588481411848273,0.948672744805098,-0.719834078126746,-0.20809581539987,0.946590827303042,-0.131648010784623,0.7895264552341,-1.3362252482162,-1.31223361174867,-0.580104228015841,1.43524384388155,0.14483626226414,-1.22738761630491,-0.291935440815479,-0.573226653972903,2.40595596769358,0.940666377860549,0.215901153352452,0.0146564193129746,"Feminine",2.33599963531248,-0.801193979414496
0.874212008017312,-0.682788947809716,0.640334053466059,-1.0783358283251,-0.767365341893159,0.273063748386121,-0.392718069081061,-0.130790303370688,0.285158986381788,1.15968687893776,0.109092526227779,-0.199690747072793,2.4998728817839,-0.696536272585953,-0.343032310267798,2.00517689253389,-0.648546268226338,-1.27409037466525,-1.58069449077255,1.11725008164065,0.330109269620346,0.0962500793093632,0.599171002435339,0.895311100739076,-0.595717843921203,-0.0863537532420052,-0.585628982791638,-0.396430459138679,0.388442216612375,0.382877725079748,0.580207965992018,0.670825004460025,"Feminine",-0.427718243085383,1.24707584621909
-0.370278797541497,0.347527308765425,-0.855184686504016,1.36301111353213,0.543869743230161,-0.662412739482594,0.426867466392462,-0.684281170025026,-0.38649362631619,-0.964228317455158,-0.120203395506195,4.31641682229629,2.5983088231815,-0.0172074394108407,-0.343032310267798,-0.719834078126746,0.748527231140141,-1.33333336149465,-0.730054821103001,2.71391790831556,-1.05366706536692,-0.0777309116404272,-1.02717564830254,-0.362702268387859,0.14483626226414,-0.0863537532420052,0.692192504163042,0.811393377029278,-0.835173494734961,-0.460253034843672,1.27991526685444,0.702386358654727,"Feminine",2.33599963531248,-0.801193979414496
-0.185519769542171,-1.02622770000143,-0.850829893525873,-0.645690473479557,-1.27979128606736,2.02616141856529,0.0170746986557003,2.3988587354268,-0.667714029193804,1.09495272082721,-0.55700107296856,0.0536683572926479,-0.48744394845628,1.23099025406538,-0.343032310267798,-0.719834078126746,1.33348076949277,0.791889827602106,0.0548803868129863,-0.306167273939159,-0.643626946509737,-1.27890738632031,-1.42236023708498,0.338045963169959,0.14483626226414,1.0546801098209,-1.25866774434367,-1.30581318544118,1.82612144522982,1.0335023932472,-0.344773287289981,-0.363721899066078,"Feminine",2.33599963531248,-0.801193979414496
-0.216260297867512,0.347527308765425,-0.410881368547552,-0.828801508762315,-0.868491702085497,0.36111519238815,0.426867466392462,0.0217813937627526,0.285158986381788,0.231330622530491,0.109092526227779,-0.744025591386318,-0.48744394845628,-0.696536272585953,-0.343032310267798,0.463739963949347,0.917971486886598,-0.161398501364029,-0.560356871155735,-0.422222419061665,0.414383517129762,-0.0967498814267751,-0.345693218262861,0.0831032542266446,-0.595717843921203,0.674335488799928,0.053199638921246,-1.52249992456824,1.04983363581697,0.358148343964578,-0.318999716059024,2.02244079333422,"Feminine",-0.427718243085383,1.24707584621909
0.24176815783512,-0.682788947809716,-0.8246198950646,-0.736447298020368,-0.867493732602602,-0.662412739482594,-0.392718069081061,1.2069316786044,0.993122628277274,0.721416746875976,0.882443461065317,1.74518427806433,-0.48744394845628,0.305940525630176,-0.343032310267798,-0.719834078126746,-0.648546268226338,-0.843474017318688,-1.33865129548893,1.32453197866167,-0.121859797444032,-0.890618108655059,-1.29593280231985,-0.0792212136164162,0.14483626226414,1.0546801098209,-0.520190543686586,-1.19933258493707,-0.0611626413935534,0.290029187571469,-0.626553930853497,0.43362278554945,"Feminine",2.33599963531248,-0.801193979414496
0.229661717588315,0.00408855657371117,-0.477557237619125,-0.794376522895623,-0.0928373964296142,-0.662412739482594,0.426867466392462,1.21323620902335,0.838657833681895,0.851894246735115,1.15329167265478,-0.0953224132870597,0.699253260691471,0.0872183151102925,-0.343032310267798,1.30984867997895,1.2319223592956,-0.178288177370113,-0.269771518427158,-0.0791543367342518,-0.000854292009858039,-0.901962988624055,-1.32978168402201,-0.15521614299603,1.25566742154215,0.674335488799928,-0.99079501151151,-0.499665279118851,0.172624677665027,0.0789026383375588,0.525296745051557,0.313655881884222,"Feminine",-0.427718243085383,-0.801193979414496
-0.34868372813692,-0.682788947809716,0.145717190658544,-0.721472225903671,-1.13662697458796,0.218022820478234,0.836660234129224,-0.872372353195016,-0.634083216879367,0.180032762141621,-0.34902788582341,-0.744025591386318,-0.48744394845628,0.233211816739986,-0.343032310267798,-0.238281894340885,-0.329867411181305,-1.25874342389596,-1.00144888086548,0.769349997817103,0.8521525790244,0.100798346413594,-0.523128086225866,-0.573743077806409,-0.225440790828531,1.0546801098209,0.581080695876597,0.806837091337194,0.847902183105217,-1.30760347712077,-0.12514590160041,0.0657582952608954,"Feminine",-0.427718243085383,-0.801193979414496
-0.173222483612611,0.347527308765425,-0.721584209396053,0.270924884553121,-1.29457399106367,-0.662412739482594,0.836660234129224,-0.0340340867888895,-0.805105022137262,-0.0283113849581908,-0.232556594623955,1.08139497954416,-0.48744394845628,-0.696536272585953,-0.343032310267798,-0.719834078126746,0.863325518684984,-0.574515746500656,-0.60313501325335,1.83492241362431,-0.804542919597238,-0.433041283238756,-0.397941881868329,0.454360205432036,-0.595717843921203,-0.0863537532420052,-0.242654575482138,-0.518282664112782,1.00109448442989,0.577310531591417,-0.413317858347587,0.0972628774407725,"Feminine",-0.427718243085383,1.24707584621909
-1.51959118131349,-0.682788947809716,-1.47403180154127,0.53604819798762,-0.323764703434983,0.600159919333721,0.426867466392462,0.267244447169136,0.285158986381788,-0.0845681335253161,0.109092526227779,0.0635164307331298,0.251189602505026,-0.696536272585953,0.637706713028291,0.796163537495409,0.689118069987383,-0.0233598851076242,0.252713535780161,1.13417300665416,-0.899737664777436,-0.850603674333674,-1.31057934699247,-0.266230887919399,-0.595717843921203,-0.847042995283939,-0.982253915334886,-0.36068611706543,-0.00791440536206913,0.701126535690059,1.63151735082435,-1.48183092408761,"Feminine",-0.427718243085383,1.24707584621909
-1.09945918405527,-0.339350195618002,-0.508172582524447,-0.0943113841242944,0.597247310268042,-0.408183877229613,0.426867466392462,-0.714830225305664,-0.596069441556539,0.561276427733858,-0.469782550016897,2.94455920889612,-0.48744394845628,-0.250886342551904,-0.343032310267798,0.203442665222085,1.18445618019058,-0.711833799458796,-0.961782253271343,0.643744386658254,-0.0903914251681135,0.612418550019724,-0.967193690830513,0.0912005460076142,-0.225440790828531,1.0546801098209,-0.116906013229323,0.447161729143627,-0.84920495349619,-0.419416148311491,-0.706437371319172,1.59514058261705,"Feminine",-0.427718243085383,-0.801193979414496
0.924113835462214,0.690966060957138,-0.659317319781782,0.151189165661924,-1.47898293976321,-0.662412739482594,0.0170746986557003,1.03709021813653,0.285158986381788,0.186762684402291,0.109092526227779,-0.744025591386318,-0.48744394845628,0.61878002576697,-0.343032310267798,-0.719834078126746,-0.648546268226338,0.761820146463482,1.02284776292257,-0.345613041069157,-0.32255518905132,-0.995334025705942,-0.765844457477691,-0.44653639297987,0.885390368449483,0.293990867778962,-1.4168310488155,-0.365186304017114,1.12348468557282,0.604602577362425,0.50309618037374,-0.397284348359176,"Feminine",-0.427718243085383,-0.801193979414496
-0.623042572339771,0.690966060957138,0.838993372686783,0.136600501225504,0.454009194796927,-0.569425561358389,0.836660234129224,-0.776044440620316,0.632171217072529,-0.554730337764712,0.828376830951688,-0.337325671438078,-0.48744394845628,0.28620264048395,-0.343032310267798,-0.719834078126746,-0.648546268226338,-0.280115959962875,-0.083500313241752,-0.745580199524731,0.957329493008452,1.81690901375643,1.4308365438964,0.00275126863637302,0.14483626226414,-0.0863537532420052,1.58743222904869,1.5476682914048,-0.708538728037212,-1.33068939755781,0.258246440691248,-0.886570433459116,"Feminine",2.33599963531248,-0.801193979414496
-0.047517231193249,-0.339350195618002,-1.34107291065012,2.30558242075093,-1.18682211378406,-0.662412739482594,0.426867466392462,-0.170051486838464,1.04621990141944,-0.560742836272999,0.435212141586251,-0.744025591386318,-0.48744394845628,-0.696536272585953,-0.343032310267798,-0.719834078126746,-0.279168502105959,1.25388326761811,2.80193496961424,0.448692081771903,-1.39888890408488,-1.05440981320748,0.275551308470314,-0.698397985303883,-0.595717843921203,-0.0863537532420052,-1.76910240060657,0.915255980419465,0.31180512632425,1.06979283562561,1.27082685483749,-2.46070373089892,"Feminine",-0.427718243085383,1.24707584621909
-0.365316473244602,-0.682788947809716,-1.00269537491229,0.76775164293945,-0.521745766882141,-0.662412739482594,0.0170746986557003,0.0214317452017005,-0.770727328174949,0.180443631434008,-0.289832551681964,-0.744025591386318,-0.48744394845628,-0.696536272585953,-0.343032310267798,-0.166699812967312,0.449603847266683,0.889548566795554,0.659837351994442,0.270649166330674,-1.02246128141996,1.14219785560992,-0.676849850679188,0.825603884188155,-0.595717843921203,-0.0863537532420052,-1.21634054618921,-0.842996694277098,0.323821693797288,1.7234998049047,-0.885991335647499,-1.21238056370205,"Feminine",-0.427718243085383,1.24707584621909
0.220577196305162,-0.339350195618002,1.84320531600027,-1.12705475169795,0.37189776648115,-0.662412739482594,-0.802510836817823,0.235274579274724,-0.371442587376181,2.0395818859338,-1.19339740096612,-0.744025591386318,0.685679926599912,4.72699424848201,-0.343032310267798,0.0827528948496888,-0.648546268226338,-0.544518808469915,-1.24682848412223,1.67318056247871,-0.52657718683759,-0.28500172207466,-0.319995754626836,1.51571060977025,0.885390368449483,1.0546801098209,0.599732942674059,1.27799078216384,-0.677177245803445,-0.628444313576493,-0.844644846093573,-1.10209578351427,"Feminine",-0.427718243085383,-0.801193979414496
0.88282382012216,1.37784356534056,-0.660281396086862,1.17232453940211,0.338513618531199,-0.569059470105931,0.836660234129224,0.936965700707414,0.285158986381788,-0.46065337103977,0.109092526227779,-0.744025591386318,-0.48744394845628,-0.0220390811830661,-0.343032310267798,-0.719834078126746,-0.648546268226338,0.415873030726885,0.817082744977624,0.506810502601859,-0.568516882089751,0.390011200031388,0.661714197873446,0.0751733150579993,1.9962215277275,-0.0863537532420052,-0.56344557738534,-0.239498579004602,-0.414363540086057,1.0088077490405,0.222823747434156,-0.54921582613476,"Feminine",-0.427718243085383,-0.801193979414496
-0.654045465912772,0.00408855657371117,-0.679491280387559,0.202370113929267,-0.302267149469112,-0.662412739482594,0.426867466392462,-0.4448298331961,-0.466144737437426,0.705618341234701,-0.614737724813098,-0.115074593389442,0.0878379518116597,-0.696536272585953,-0.343032310267798,-0.719834078126746,-0.648546268226338,1.69204564454331,0.876648851753538,-0.157753909285271,-1.45609803120386,-0.419475303639074,-0.930369347172,1.15354568669585,-0.595717843921203,0.674335488799928,-0.964186211884326,-1.18254141331911,-0.491263962158333,1.7328967976264,0.508411651767273,-0.638636751246225,"Feminine",-0.427718243085383,1.24707584621909
1.713310073805,0.00408855657371117,0.539235692749383,-0.662230470252638,-0.973977068243191,1.72581910154915,0.0170746986557003,1.64643034742842,-0.63049242702288,0.931802606405052,-0.542483859742504,-0.744025591386318,-0.48744394845628,3.47098690124809,-0.343032310267798,1.19885040414504,-0.0136782327069357,-0.355677353773257,-0.766612932436161,0.0957855886651585,0.293493597875101,0.66442813397065,0.179900217667647,0.620583323280142,1.25566742154215,0.674335488799928,-0.99991580122746,-0.83506910565004,1.45129479201321,0.836225860550568,-0.0900964520794404,-0.488059470281446,"Feminine",-0.427718243085383,-0.801193979414496
1.05419506427463,0.00408855657371117,-0.174480125514554,-0.293437810288629,-1.39172456776765,2.35785236450695,0.0170746986557003,0.432357859540888,-0.496196886390198,0.380497340708837,-0.489764029356084,-0.744025591386318,-0.48744394845628,-0.696536272585953,-0.343032310267798,-0.719834078126746,-0.106792211249782,0.826366050392595,0.257348483841673,-0.446225515842189,-0.371204947838524,-0.0631666826939162,-0.72118210953492,0.455175399266706,-0.595717843921203,-0.0863537532420052,-0.437331979266108,-1.26918385886776,2.3550409950788,0.893320010013355,-0.616104139879249,-0.0117397852174735,"Feminine",-0.427718243085383,1.24707584621909
0.162719839054079,0.690966060957138,-0.440087407440686,-0.188309482517495,0.849250696008947,-0.662412739482594,0.0170746986557003,0.221107982724521,-0.466144737437426,0.705618341234701,-0.614737724813098,-0.115074593389442,-0.48744394845628,-0.696536272585953,-0.343032310267798,-0.719834078126746,-0.648546268226338,0.672676557228156,0.034336175189485,-0.833859237153067,0.0521425928419152,0.920623491951129,-0.0172504527244376,0.513148222354447,-0.595717843921203,-0.0863537532420052,-1.05565396060276,-1.14644039434051,-0.931260282708047,1.20221399813254,1.32209921697082,-1.27789908933525,"Feminine",-0.427718243085383,1.24707584621909
-0.0261321012070527,0.690966060957138,-0.118078469505451,-0.291080130712402,0.444613441404515,-0.662412739482594,0.0170746986557003,-0.253305489558105,-0.546070665503301,-0.340744026845937,-0.251281330229767,0.647695765883368,-0.48744394845628,0.144193382655587,-0.343032310267798,-0.719834078126746,-0.648546268226338,-0.118683077932475,-0.260089228472728,0.55031857356446,-0.181894745372085,-1.0853316513854,-0.741387293582269,-0.237687326543038,0.14483626226414,-0.0863537532420052,0.690017754300184,-0.0549606503277889,-0.863544931470882,-0.550635571435582,0.290768260616993,-1.84669691759033,"Feminine",2.33599963531248,-0.801193979414496
0.819791077113302,-2.05654395657657,-1.47708356847176,-0.644732067147758,0.0343024677836617,-0.662412739482594,-0.802510836817823,-0.0485035155922036,-1.37730031738839,-1.50700130165257,0.0926697305955252,-0.0481649127514752,-0.48744394845628,-0.696536272585953,-0.343032310267798,-0.719834078126746,3.38579245393951,-3.27077472381478,-1.23638679887727,-0.197712853012665,3.12671821566742,-0.387608123268342,1.09544761981321,-3.14636830679917,-0.595717843921203,0.674335488799928,-1.18215191095804,-0.134843756152784,-0.709485475693617,-1.52245088144047,-1.15897658896239,0.346757860858514,"Feminine",-0.427718243085383,1.24707584621909
0.285884306466314,-0.682788947809716,0.820073437522897,-0.115858753857838,0.464876409568321,-0.247781387846795,-1.62209637229135,-0.761386607760967,0.892902729787531,-2.04824669341021,-0.0538810064209396,0.324392074902389,-0.48744394845628,-0.696536272585953,-0.343032310267798,-0.719834078126746,1.1212491992107,-1.09135519157301,-0.411825296996243,-1.9799252557166,2.38756055644742,1.37442869955358,2.29289063413563,-1.45061907134621,-0.595717843921203,-0.0863537532420052,1.54046967316793,0.295307196629011,-0.607469375815708,-1.61695742172074,-1.01753962353382,1.97603726597335,"Feminine",-0.427718243085383,1.24707584621909
-0.542539940403768,-0.682788947809716,0.12459776191839,0.611061891793957,-1.35011342592872,0.815102120963319,-0.802510836817823,-0.579972314497482,0.285158986381788,-0.739381254426171,0.109092526227779,1.29740703670238,0.446173491770494,-0.0799283069731721,-0.343032310267798,-0.719834078126746,-0.225851295292744,-1.15910158363661,-0.558553056001525,1.06111130900781,0.361453318552568,1.04322413140083,0.716137627294086,-0.296169358855888,1.25566742154215,-0.0863537532420052,0.683898477638022,1.03722527248628,2.2306343670273,-0.657948076950858,0.986309067529304,0.485703417603123,"Feminine",-0.427718243085383,-0.801193979414496
1.08336977768425,-0.339350195618002,1.15922690943502,-0.119306333015211,3.36831666331917,-0.662412739482594,-0.802510836817823,-0.418564697190937,-1.80232238057862,-1.76604697621282,0.124982209032911,-0.744025591386318,-0.48744394845628,-0.696536272585953,4.60906291385583,3.10756769430114,2.72862187915999,-1.14494372746638,-0.789848807407717,-0.289462739389372,0.945537072656226,0.526681538900624,0.309186856884442,-0.964712282846822,-0.595717843921203,-1.60773223732587,1.38118941239728,0.154602822096231,-1.21534397079259,-1.1101655984081,-1.07150225329602,-0.0620812673475479,"Feminine",-0.427718243085383,1.24707584621909
-0.26228681388142,0.00408855657371117,-1.27932153614908,1.3030193013606,-0.000494504355916647,0.872549519698128,-1.62209637229135,-0.0563819322491797,0.846074903662466,-0.451788907448142,0.596921627963202,-0.086629573379532,-0.48744394845628,-0.29940769171809,-0.343032310267798,-0.719834078126746,0.440406610118499,0.453724325743264,0.821018725232442,1.27788459539437,-1.30307864368371,-1.03624557403043,0.325638414902737,0.156957831582178,0.515113315356812,-0.0863537532420052,-0.989925879865402,-0.771098644256418,-0.641440260175128,1.56066167659849,0.175284288263629,1.28257839144434,"Feminine",-0.427718243085383,-0.801193979414496
-0.345774130532252,0.347527308765425,-0.588488649624507,-0.0140379336559809,1.26619251475586,-0.662412739482594,0.0170746986557003,-0.836002702044592,0.285158986381788,-0.70451083578831,0.109092526227779,1.72741913625885,1.32099890175629,-0.696536272585953,-0.343032310267798,1.13602194502783,0.170225606297425,-0.322859189674389,-0.176923967151351,-1.15970680910613,0.829712489829979,0.538589104232126,0.374594019039865,-0.664323928374841,-1.70654900319922,-0.0863537532420052,-0.309857732387177,-0.784975531771352,-0.603811086700017,0.113560618609744,-0.511710909421336,1.52189634240801,"Feminine",-0.427718243085383,-0.801193979414496
0.597431655423814,0.00408855657371117,1.66451975103382,-1.99849646898639,-1.39860954419181,5.16152104829656,0.0170746986557003,0.471214150188192,0.285158986381788,1.96261959615022,0.109092526227779,-0.744025591386318,-0.48744394845628,0.259454706358057,-0.343032310267798,-0.719834078126746,-0.648546268226338,0.601008755390455,-1.13403302133485,-0.979258232393442,0.276113808982194,0.193359249942025,-0.590292808770707,1.39709243035031,0.14483626226414,-0.0863537532420052,0.21014165875884,-0.863454987508218,2.38864925383627,0.0995271578049245,0.0151843863173685,1.21726688881122,"Feminine",2.33599963531248,-0.801193979414496
0.544019591145506,-0.682788947809716,-1.37526424784162,-0.144235678365737,-0.954864451908905,0.023227658252508,1.24645300186599,1.12409829748583,-0.769539604536526,-0.27620689913647,-0.189209748004013,-0.125969807527969,-0.48744394845628,0.0501905393136203,-0.343032310267798,-0.719834078126746,-0.648546268226338,-0.248974693895331,0.0921326580583347,0.488538900188369,0.0544768235117606,-1.16444361047898,-1.19090563301795,-0.899760198972023,-0.225440790828531,-0.0863537532420052,-1.52192341351863,-1.2810090745332,0.0539598589387347,0.712596796753198,0.240075574709038,0.0699049458007768,"Feminine",-0.427718243085383,-0.801193979414496
-0.725648468477553,1.03440481314885,-1.19980702131304,1.62728515115147,-0.502441635823912,-0.277898192104125,1.24645300186599,0.0924051721614228,0.285158986381788,-1.42903468450851,0.109092526227779,0.237137965488811,0.110849227822379,-0.301393334622428,0.451366298602035,-0.719834078126746,-0.377669239738059,0.608900645098703,1.34192633023655,0.764754249183244,-1.07435712842813,-0.555061770016438,-0.0305321820982223,-0.421157972989962,0.14483626226414,-0.847042995283939,0.180990002070514,-0.0677419472597926,-0.156377990408727,0.531723730082365,2.00806824129708,1.37045892684062,"Feminine",2.33599963531248,-0.801193979414496
-0.71005709450828,1.03440481314885,-1.18219291057501,1.5844184887113,-0.511663164886159,-0.181855002936702,1.24645300186599,0.0796126568905522,0.285158986381788,-1.43676648103534,0.109092526227779,0.240419448956622,0.112850208345051,-0.300071786334925,0.454023150136718,-0.719834078126746,-0.376763296498968,0.578353665090858,1.31611633517827,0.714323977384786,-1.00950504282448,-0.546287721636103,-0.0244687839058428,-0.458438777321413,0.14483626226414,-0.847042995283939,0.197056510975846,-0.0587009964199362,0.0306717167833546,0.478193986829078,1.97298292821359,1.36260292489039,"Feminine",2.33599963531248,-0.801193979414496
1.30274989607868,3.78191483068256,-0.533550580752506,2.15563227846921,0.105782449931868,-0.366939463200073,3.29541684054979,2.74717713454928,0.285158986381788,-2.56367995245994,0.109092526227779,0.00638630679733765,0.198934456452315,1.57005801783579,3.30239151628592,-0.719834078126746,1.52675682862026,-0.268029641258534,1.97641792959462,-0.357267463652882,0.399842424184699,-0.498003193921666,0.682071961483092,-2.64540266069241,2.36649858082017,-4.65048920549361,0.615425081471176,1.68704092124792,-0.250992697224196,-1.34437764904633,2.07225793716749,0.629463365113254,"Feminine",-0.427718243085383,-0.801193979414496
-0.462531418989374,1.03440481314885,-0.405028544038104,0.0447365094467885,-0.780750398782613,-0.662412739482594,0.836660234129224,-0.270340227029912,0.632171217072529,0.272367106181155,1.38477711476618,-0.744025591386318,-0.48744394845628,-0.205166816051,-0.343032310267798,0.298162248218493,-0.648546268226338,0.902985985936572,0.772404085268347,-0.939887499278089,-0.118838053210805,0.185754320044426,-0.662584220613802,-0.0626331902263112,0.14483626226414,-0.0863537532420052,-0.571396211170128,0.00695910423915324,-0.194769262395669,0.231264535931914,2.78532099110036,1.28257839144434,"Feminine",2.33599963531248,-0.801193979414496
-0.460801830180684,1.03440481314885,-0.863339330228913,0.260616890126782,0.398221909029482,-0.482673675061754,2.06603853733951,-0.112494331973456,0.691058141068533,-0.692031687778922,0.645060164378692,-0.268309927446863,0.817922981606248,-0.121782908275374,-0.343032310267798,0.173226335439761,0.927465533887283,-0.221421811478002,-0.0270687835695588,0.445140821463915,-0.206480485952149,-0.495438123068254,-0.65054745786526,-0.4402779738392,-0.225440790828531,-0.0863537532420052,0.150722492494596,-0.668462903063779,0.414335750015213,0.163206947186195,1.39488367886876,1.30671525111309,"Feminine",-0.427718243085383,-0.801193979414496
-0.582447568727498,0.690966060957138,1.75933675262855,-0.17093458875793,0.59005486533577,-0.662412739482594,0.836660234129224,-1.1936928356333,-0.357271330388599,-0.279012619482319,-0.379620432185972,0.667720533613868,-0.48744394845628,-0.696536272585953,-0.343032310267798,-0.130885364144039,0.1309559720277,-1.16993508021902,-0.754303956721988,-0.0631748266498915,1.17032098653101,1.30399496288595,1.38616969243695,-0.218907796141096,-0.595717843921203,-0.0863537532420052,2.22073395931884,2.57715895167574,-1.07475951837507,-2.43949962121727,-1.24280069874849,1.93866212244055,"Feminine",-0.427718243085383,1.24707584621909
-0.331576879333352,0.690966060957138,-0.739261072678019,0.928603965557205,1.44351618046687,-0.215623740958486,0.836660234129224,0.0323349143670677,-0.375141751172001,-1.19293118107914,-0.0432907464248411,-0.191257390329908,-0.48744394845628,-0.028689053492674,2.34225876196825,-0.719834078126746,-0.648546268226338,1.863155341829,2.07927475776934,-1.78485058095207,-0.467574125351615,-0.545824303587844,-0.238456720111738,-0.708496577301725,0.14483626226414,-0.847042995283939,-0.281914103133831,-0.264456908139263,-0.516326280634131,0.422092241207812,-0.11474911278973,1.17947951943064,"Feminine",2.33599963531248,-0.801193979414496
1.17674018957204,0.347527308765425,-0.37702503975683,-0.309447322878527,1.30583606306391,-0.381951411914427,1.24645300186599,0.478831859273592,1.23379015526724,-0.466585149482729,0.393899815753738,-0.744025591386318,1.54641387458732,-0.0249052165573003,-0.343032310267798,-0.0241071270480233,1.65352479541342,-0.838199176531229,-0.19371205654721,-0.0919948452905697,0.725966808341904,-0.670255331542391,-0.669579016514686,-1.19034531593615,0.515113315356812,-0.0863537532420052,-0.338163319805722,-0.345979557101006,-0.520775465691966,-0.47791001589461,-0.41456114256404,1.47147282828061,"Feminine",-0.427718243085383,-0.801193979414496
-1.07553306239999,-0.682788947809716,-1.38360559987786,0.585066213251897,0.401337758218849,-0.340401585608032,-0.392718069081061,0.206394261463755,1.6362066050077,-0.376780907356051,0.324585287938024,-0.178513454858866,-0.48744394845628,-0.696536272585953,-0.343032310267798,-0.719834078126746,1.22495479336406,0.435931043193464,0.728229821053915,-0.772808419843195,0.0636083990368335,0.50716700644949,-0.947832716125276,-0.790278681027521,-0.595717843921203,-0.0863537532420052,-1.16873656636706,-0.953242722169703,-0.949803750668922,0.840339271895144,0.522380721154076,1.21328927098168,"Feminine",-0.427718243085383,1.24707584621909
-0.582075589852408,-0.339350195618002,-1.60596985850276,1.45278976274478,1.40236166857215,-0.644783200135626,1.24645300186599,-0.562543727933557,0.285158986381788,-1.80268299227795,0.109092526227779,-0.29291591006442,-0.48744394845628,-0.1515115305673,-0.343032310267798,1.53847961135178,1.21957116962386,-0.268459783155993,1.89572271069016,-0.428714128806217,0.386968424600948,-1.70847094028994,-0.176402209875802,-2.66698887733875,-0.225440790828531,-0.0863537532420052,-1.08025563094771,0.698695134283221,-1.0046987500613,-0.60425296784964,-0.571237821117852,1.45949361560984,"Feminine",-0.427718243085383,-0.801193979414496
-0.798046735905066,-0.339350195618002,-1.43741059837541,1.97149497952548,-0.910321857418391,-0.253589801177899,-0.392718069081061,-0.200492203308865,-0.847240829229784,-1.16867264970651,0.0152372467933589,0.203958521536513,-0.48744394845628,-0.696536272585953,-0.343032310267798,-0.719834078126746,-0.255970864620137,1.58749496892124,2.65079535891262,-1.42395438643542,-0.5150493459859,0.267139680290776,-0.216957615409939,-1.16185017980168,-0.595717843921203,-0.0863537532420052,-1.52094642147481,0.439388424850095,0.147483406676555,0.787957859797,-0.141594994522851,-2.21413160342562,"Feminine",-0.427718243085383,1.24707584621909
0.753038302124252,-0.339350195618002,-0.0841509929814796,0.0941881985077534,1.10582309104189,-0.662412739482594,0.426867466392462,-0.00294684479210588,0.285158986381788,0.166719721862025,0.109092526227779,-0.744025591386318,-0.48744394845628,0.514629820788832,-0.343032310267798,1.16209399643869,0.596865357007127,-0.235131751693325,-0.96196250792761,2.40304179188109,-1.4823014454015,-0.791271926891618,0.00882957142905845,1.51255051647385,-0.225440790828531,-0.0863537532420052,0.771247855754389,-1.39001853388581,-0.707481419488515,1.28284356867262,1.2426877330158,0.258049050688709,"Feminine",-0.427718243085383,-0.801193979414496
0.51857334777066,0.347527308765425,1.22391120203258,-0.245947407395883,0.697447292848432,-0.662412739482594,-0.802510836817823,0.841051508338043,-0.288898389532322,1.98489647155685,-1.35844574288535,-0.183360701743387,-0.48744394845628,2.69040319567283,-0.343032310267798,-0.719834078126746,-0.648546268226338,0.981698482745388,0.120286448308267,-0.0276841224002182,-0.807777455567243,0.194492648760742,0.67245077975699,1.6519964048058,2.36649858082017,-0.0863537532420052,-0.138363109169284,1.02642836509748,-0.947600255712532,0.289753287121029,0.850859597727313,-0.819052461142462,"Feminine",-0.427718243085383,-0.801193979414496
1.46789773314937,1.03440481314885,-0.159894011012114,0.60906285200653,0.54846721274407,-0.662412739482594,0.836660234129224,0.258427123548914,2.02724061849108,-0.187104902117401,0.30163170494628,-0.744025591386318,0.550058669367981,-0.0113173050191494,-0.343032310267798,-0.719834078126746,-0.648546268226338,0.691864325731055,1.39135684569029,-1.15953617735913,0.263632981324315,-0.477344241768946,1.4500735510699,-0.519631503375323,0.515113315356812,-0.0863537532420052,-0.828835092393444,-0.101597608063765,-0.892321273545648,0.431946478516375,0.750120710058406,-1.0499752740238,"Feminine",-0.427718243085383,-0.801193979414496
-0.152007511579843,-0.339350195618002,-0.527555292446471,-0.36077559692349,0.123887366619447,-0.662412739482594,0.836660234129224,-0.0741574145431486,0.285158986381788,0.641810325246284,0.109092526227779,1.4094198009322,-0.48744394845628,-0.0460952224402336,-0.343032310267798,0.627719357981835,-0.648546268226338,-0.347768154321784,-0.845940819542263,0.314314145426271,0.0573862277630377,0.465165077763611,-0.280288817380113,0.368479702686252,-0.225440790828531,1.0546801098209,-0.708227079668124,-0.978711791760898,-0.394892600093343,0.685462845851169,0.0242675504711745,-0.00624485104467561,"Feminine",-0.427718243085383,-0.801193979414496
-0.292846339498762,-0.682788947809716,-1.15415967696553,0.83144119868532,0.894044855510685,-0.662412739482594,-0.392718069081061,0.426391149987181,0.285158986381788,-1.00309257603924,0.109092526227779,-0.744025591386318,-0.48744394845628,0.0069823113253648,-0.343032310267798,-0.719834078126746,-0.648546268226338,0.643746733780803,1.22371452433527,-0.0139728553865815,-0.434682849555754,-0.843095292959,-0.152728033503012,-0.632726172297981,0.885390368449483,-0.0863537532420052,-0.558145404517011,-0.565074726693954,-0.988352697910463,0.611745896045541,-0.137478975145571,0.388851483159959,"Feminine",-0.427718243085383,-0.801193979414496
-1.53887891057251,-0.682788947809716,0.421687668592051,-0.597389103769534,0.782151832133184,-0.662412739482594,0.0170746986557003,-0.346556347266985,1.63000558323546,1.09278525944482,0.580667979978723,-0.744025591386318,-0.48744394845628,0.255615385157478,-0.343032310267798,1.25278932533341,-0.648546268226338,0.899727873865244,0.364399031238387,-1.47647608157894,0.192815638167335,0.37736586539011,0.0287555375763126,0.505432590253939,0.14483626226414,2.57605859390476,0.190731868319579,0.757344666736035,-0.575121417889601,-0.47648098954766,-0.66966208827726,-0.413283981720814,"Feminine",2.33599963531248,-0.801193979414496
3.64527140598704,-0.339350195618002,1.1684771216382,-2.50851423112467,-0.65617694092909,-0.662412739482594,-0.802510836817823,1.7431440929603,0.561337792663491,0.37245404094386,1.79655893354752,-0.744025591386318,-0.48744394845628,1.25881022455313,-0.343032310267798,0.292914844474447,1.36208734529491,-1.55678576226115,-1.70065426581566,-1.60243532807632,2.58666241293675,-0.74438221599624,-1.20267903059581,-1.76330318724202,1.25566742154215,-0.0863537532420052,-0.504018568847244,-0.913086385066433,-0.403786198802596,-1.56820301115548,-1.09216026956766,-0.159730469972757,"Feminine",-0.427718243085383,-0.801193979414496
-1.30100670611817,0.00408855657371117,0.165771169895704,-0.806022018037136,1.59050428741793,-0.662412739482594,-0.802510836817823,-0.652098316774355,-0.119106771304205,0.51758413750898,-1.127523812517,-0.744025591386318,-0.48744394845628,-0.696536272585953,-0.343032310267798,-0.719834078126746,-0.648546268226338,-0.463549472356722,-0.635107501355396,0.186420432667567,0.528222570577026,0.384520529577491,-0.592814328756322,0.0193714630756477,-0.595717843921203,1.81536935186283,0.602360019687808,0.855095979815352,-1.09823810666343,-1.06212588969604,-0.145993796810368,-0.939327175837558,"Feminine",-0.427718243085383,1.24707584621909
0.155935431638599,1.03440481314885,0.485802022051355,-1.20859669307268,-0.489322448046976,-0.662412739482594,1.24645300186599,0.700893896234483,0.285158986381788,2.20640059950832,0.109092526227779,-0.0578972299351783,-0.48744394845628,-0.696536272585953,-0.343032310267798,-0.290478110065925,-0.648546268226338,1.90114699578744,-0.0859942071768016,-1.03873963953723,-1.06130777381256,-0.512637251995613,-1.2095875215072,1.82764828073944,-0.595717843921203,-0.0863537532420052,-0.232444222136812,-1.62888128432732,0.466180094447244,1.30535610963291,1.66674456508552,-0.119195482787776,"Feminine",-0.427718243085383,1.24707584621909
0.632895084753294,0.00408855657371117,0.0119133225695859,-0.418529873914649,-0.655201604078528,2.24037561107088,0.0170746986557003,-0.0930926982113264,0.285158986381788,0.0584108504547155,0.109092526227779,-0.744025591386318,0.369300456716025,-0.130699129917421,-0.343032310267798,-0.426765326658023,-0.648546268226338,-0.631274977693113,-0.826930690482401,-0.0431871353506317,0.79596054524043,1.51739358595817,0.381756154656201,0.184704201891452,-0.225440790828531,-0.0863537532420052,-0.366043893295965,-0.674197709324436,1.75551683769189,0.389964907112308,0.758357686914384,-1.23524852555741,"Feminine",-0.427718243085383,-0.801193979414496
-0.68897782178298,-0.682788947809716,-1.16045317275903,1.96552524796814,-0.837750659934635,-0.0355509007487291,-1.62209637229135,1.34280507079264,-0.571904128176149,0.194410596320733,-0.386180193669188,-0.744025591386318,-0.48744394845628,2.33746800428207,-0.343032310267798,-0.270854893975395,-0.648546268226338,0.797344159009694,1.94400354140849,1.10340295153334,-1.39073111264927,-0.480722963400969,0.61860930591529,-0.00167144613130796,0.885390368449483,-0.0863537532420052,-1.33607702203023,1.347301839858,0.127736907174762,0.880586031522565,-1.04611297680496,-0.105291039509207,"Feminine",-0.427718243085383,-0.801193979414496
-0.812420680149568,-1.02622770000143,-0.122141584671523,0.751667234463002,-0.510481794838244,0.724804142329531,-1.21230360455458,-0.591083155195124,0.285158986381788,0.270133060473138,0.109092526227779,-0.744025591386318,-0.48744394845628,-0.696536272585953,-0.343032310267798,-0.719834078126746,0.000692947857418065,1.62007134454782,1.31054322651776,-0.572779949427813,-1.08397208449785,0.358426488020596,-0.739919782333223,0.559868648479581,-0.595717843921203,0.674335488799928,0.317093037806708,0.918528277116131,1.30425497356792,0.115896877647888,-0.0939027664588917,-0.156273998197296,"Feminine",-0.427718243085383,1.24707584621909
1.11481464733741,1.03440481314885,-0.18320563742128,-0.498908539492109,1.39538068452071,-0.0997615091378277,0.426867466392462,0.00719804875189772,-0.393911842751926,-0.520544213513001,-0.27022116541152,-0.744025591386318,-0.48744394845628,-0.696536272585953,-0.343032310267798,0.525243811509699,0.999374817633903,-0.117913390085094,0.224516133124551,-0.851568797916804,0.656170518126805,-0.934114004607177,-0.39916329831087,-0.923100403395823,-0.595717843921203,-0.0863537532420052,-0.31869517910326,-0.486876150263725,-0.250192546333467,-0.395748657325166,0.109244623872937,0.752857234591836,"Feminine",-0.427718243085383,1.24707584621909
-1.2435905877611,3.78191483068256,-1.85223473409771,1.76901598890339,-0.564859339994367,-0.458753705186022,3.70520960828655,4.62221315577193,0.484247454049187,-1.23005028215289,0.570966094398549,-0.0440278100247517,-0.48744394845628,-0.273672248605963,0.507096997678514,-0.427810756211419,-0.165412448092666,1.10265830432426,1.85703384577713,1.08646211817815,-1.77850618625173,-1.77475882363899,-0.858018666204531,-0.50293519422028,3.84760679319086,-1.98807685834684,-1.12776230471729,-0.695070341355928,0.536973532121643,1.43873546397773,3.93973641945581,0.0544180078728146,"Feminine",-0.427718243085383,-0.801193979414496
-0.0936299950415974,-0.682788947809716,-0.300607600099753,0.200969237924289,-1.22850486897885,-0.662412739482594,-0.802510836817823,-0.876073850320637,1.06211212470328,-1.19451006395674,0.238122461000044,-0.744025591386318,2.01122824945923,-0.696536272585953,-0.343032310267798,-0.719834078126746,0.105635713643579,-0.739788515807538,-0.551681162599045,0.83418097622533,0.166355709944028,1.15839180562211,-0.761843923708253,-0.20498218612609,-1.33627195010655,0.293990867778962,0.80659544775986,-0.57577625907082,0.769661075715,-0.0215110716339944,-0.0720916998753222,-0.156273998197296,"Feminine",-0.427718243085383,-0.801193979414496
1.67464579138518,-1.36966645219314,-1.05308138698147,0.719308824411717,-0.732333379945575,-0.662412739482594,-0.802510836817823,0.538883332945615,0.285158986381788,-0.659122774029531,0.109092526227779,-0.217932531399654,-0.48744394845628,-0.696536272585953,-0.343032310267798,-0.719834078126746,-0.648546268226338,0.0789380354146509,0.906328195393474,0.259751704259539,-0.105764637141613,-0.672870423637916,-0.454781953207966,-1.00249826690735,-0.595717843921203,-0.0863537532420052,-1.56252751717384,-0.717583517412362,-0.084720953752575,0.801785689963093,-0.918218161798943,-1.33454682121091,"Feminine",-0.427718243085383,1.24707584621909
1.21837810953838,-0.682788947809716,0.967446674061465,-1.65006495052909,0.273214785863233,-0.662412739482594,0.426867466392462,0.124322628925194,0.935385787579001,1.69887854713254,1.30203492066558,-0.744025591386318,-0.48744394845628,0.224185136261094,-0.343032310267798,0.233919761604474,-0.648546268226338,0.146522744522352,-1.21966996492683,-0.0400371887697632,0.015029875778852,0.451014913439338,-1.64232806857974,1.08783704549005,-0.225440790828531,1.0546801098209,-0.522299301570765,-1.10879719591039,-0.0603173377035496,0.528582628008359,0.2982196544416,-1.08671299425492,"Feminine",-0.427718243085383,-0.801193979414496
0.221170561904165,-0.682788947809716,-1.00479711004697,1.01082155622368,-1.33402823054785,-0.662412739482594,-0.802510836817823,1.09657304695204,-0.401244415760511,0.063621761740736,-0.464839102063598,-0.744025591386318,-0.48744394845628,-0.00228806532939482,-0.343032310267798,-0.360256312781521,-0.648546268226338,2.00539152008998,2.11483615375984,-0.834519174027503,-1.24505704117291,-0.945889101476207,-0.0991674146381443,0.22519883463524,1.25566742154215,-0.0863537532420052,-1.90698701858681,-0.429229960196016,0.656443099379637,1.6408103240635,0.739691794374605,1.23301162605314,"Feminine",-0.427718243085383,-0.801193979414496
-0.709107870084822,-0.682788947809716,-0.0369765523090722,-0.59875055342385,-1.21702768630614,-0.662412739482594,0.0170746986557003,-0.0372569820988486,0.285158986381788,0.720697083922623,0.109092526227779,-0.744025591386318,-0.48744394845628,-0.696536272585953,-0.343032310267798,0.688913228168412,-0.337788682962539,0.72989956085496,-0.0574646327725666,-0.155599335264019,-0.546450038294341,-0.450976894942456,-0.15978143955112,1.03419214901241,-0.595717843921203,-0.0863537532420052,0.0697666187531636,-0.746568113378637,0.300340017955046,0.598788432096338,-0.493222461669583,-0.0635777096735002,"Feminine",-0.427718243085383,1.24707584621909
-0.309138726263351,0.00408855657371117,1.0071036717743,-0.957038073004769,0.428062088515994,-0.662412739482594,0.836660234129224,-0.491470777420727,0.831434357697554,1.39325318994148,1.39843841759395,-0.744025591386318,-0.48744394845628,0.850516013078741,-0.343032310267798,0.0814436175691396,-0.118281285867555,1.20169785920328,-0.148024224840351,-0.789006137642529,-0.559103375315694,0.111497532652256,-0.660482656287529,1.42780537177655,0.14483626226414,0.674335488799928,-0.107105055866859,-0.419060809667178,-0.369995229315222,0.554480669482163,-0.402470677838568,-0.646626949174871,"Feminine",2.33599963531248,-0.801193979414496
-0.152252077235772,0.347527308765425,-0.77996624244352,0.93851911181153,-1.43067504037076,-0.662412739482594,0.0170746986557003,-0.112735335179415,-0.266386335574906,-1.25245768680012,-0.048143716891485,-0.744025591386318,-0.065119353436052,0.419161434605175,-0.343032310267798,-0.43090276785523,-0.648546268226338,0.0524450491996016,0.696577973671263,0.456839090713776,-0.210529902047681,0.0622183395647694,0.411280639129667,-0.408786207734567,0.14483626226414,-0.0863537532420052,0.11104407657994,-0.120746737477801,0.972506696907659,0.295510680344164,-0.103782175573048,0.674302746255257,"Feminine",2.33599963531248,-0.801193979414496
-0.00123296919698606,-0.682788947809716,0.687849736426799,-1.07982076189273,-1.19432623225027,0.512296841040617,-1.62209637229135,-0.391893159511322,0.285158986381788,0.666481958054868,0.109092526227779,-0.428030887078707,-0.48744394845628,-0.696536272585953,-0.343032310267798,0.0711211995891609,-0.648546268226338,-0.658071716178795,-1.03701114220704,0.0668887090454699,0.726114852379282,0.148324441807074,0.074983779037938,0.192868076826975,-0.595717843921203,-0.0863537532420052,0.432133043914058,0.203598194613029,1.48405187527848,-0.710648639789845,-0.473559988217288,0.3638667488677,"Feminine",-0.427718243085383,1.24707584621909
-0.128892163255431,0.347527308765425,0.0289696398204793,-0.573381237866933,-1.29348602468812,-0.662412739482594,-0.392718069081061,0.227521008106975,0.285158986381788,0.568922578523214,0.109092526227779,-0.744025591386318,-0.48744394845628,0.239328580485551,-0.343032310267798,-0.719834078126746,-0.648546268226338,0.192568849437352,-0.0961272920076688,-0.440057537412513,0.309173073055887,0.187095730154389,-0.548519627675746,0.0160862569570553,1.25566742154215,-0.0863537532420052,-0.30465560270401,0.074534068588515,0.724720572252353,-0.185458919309835,-0.574785790359255,0.34437865611974,"Feminine",-0.427718243085383,-0.801193979414496
-0.807595226929867,0.690966060957138,1.02517120921233,-0.549885985909487,-0.942713624869573,-0.662412739482594,0.836660234129224,-0.790003852904033,0.667863903657862,1.10113055849229,1.77132560137161,-0.744025591386318,-0.48744394845628,0.387284357256856,-0.343032310267798,-0.158481818170656,-0.648546268226338,-0.00621578701832844,-0.480402820464272,-0.255370640432655,0.34199226390237,1.54369060255966,-0.0675312853537591,0.72658836370277,0.14483626226414,0.674335488799928,0.497625214491253,1.42547871431011,-0.0773943839015275,-0.793404291258711,0.756063299856487,1.56104671550676,"Feminine",2.33599963531248,-0.801193979414496
0.640309257691502,0.347527308765425,-0.446575456196824,0.384878869179488,-1.29532233055822,-0.00145858138719915,-0.802510836817823,1.24057945163676,0.285158986381788,0.458970717169437,0.109092526227779,0.10669425561524,-0.48744394845628,1.01651114633106,-0.343032310267798,-0.719834078126746,-0.648546268226338,1.02183351006429,0.523308769429386,0.669465518838139,-1.35433613141524,-0.619510451977771,-0.795536762127454,0.817663353709967,1.25566742154215,0.674335488799928,-0.622636121294091,-0.75266800814035,1.77403017301654,1.24050524258476,-0.260057012489023,-0.135309043222757,"Feminine",-0.427718243085383,-0.801193979414496
-1.17118408154385,0.00408855657371117,-0.349798232923682,-0.186930207684511,-1.24739632877956,-0.662412739482594,0.0170746986557003,-0.555923553476393,0.749606701522655,-0.0159111143283768,0.917326581622261,-0.744025591386318,-0.48744394845628,-0.696536272585953,-0.343032310267798,-0.719834078126746,-0.648546268226338,0.309395586212653,0.0508586548764023,-0.475645318643351,0.217580914676961,0.437370112126647,-0.191101105935361,0.0201931700528123,-0.595717843921203,-0.0863537532420052,0.245573083232226,-0.115233063044577,0.607224987480852,-0.108084447831878,-0.177963031802708,-0.303182239345917,"Feminine",-0.427718243085383,1.24707584621909
-0.500544038788699,0.00408855657371117,1.32183730324647,-0.313811122142476,-0.110545639957553,-0.662412739482594,-0.802510836817823,-0.927621807362435,0.285158986381788,0.488612264775515,0.109092526227779,-0.744025591386318,-0.48744394845628,-0.696536272585953,-0.343032310267798,0.381473606764686,-0.648546268226338,0.0881538898209408,-0.593216446747746,0.445586719619177,-0.272850960522513,1.23311289720086,-0.449800047240566,1.0114702520768,-0.595717843921203,-0.0863537532420052,1.3918261138498,1.21922862061174,-0.747395484142216,-0.770347179265535,-1.10604204771364,-0.0600526395465407,"Feminine",-0.427718243085383,1.24707584621909
-0.228391296979634,-0.339350195618002,-0.769662578076058,0.128469682077385,-1.21451598368536,1.12527793105186,0.0170746986557003,0.0897581002895323,0.285158986381788,-0.777781456777997,0.109092526227779,0.474811125228749,-0.48744394845628,-0.696536272585953,-0.343032310267798,-0.21136282816652,-0.648546268226338,0.0848225255084457,0.120286448308267,-0.121825606838181,0.0616720634800322,-0.428778145113761,-0.342075355887603,-0.508682448927152,-0.595717843921203,-0.0863537532420052,0.162969151204995,-0.81211356640821,1.59909055612106,0.129936951564744,0.0158834264233948,0.463678779449865,"Feminine",-0.427718243085383,1.24707584621909
-1.04680334991207,0.00408855657371117,-0.824048227126457,0.403304949959803,-1.59872851426862,-0.470802796681202,0.836660234129224,-0.57597741409452,0.285158986381788,-0.657674073473542,0.109092526227779,-0.744025591386318,0.741925591842334,-0.696536272585953,-0.343032310267798,0.962300262495097,0.186348682593698,0.470378160904636,0.787637336030516,-0.250371077486323,-0.348606273962883,-0.904329742978317,-0.24695159429157,-0.402430848870507,-0.595717843921203,0.674335488799928,0.166004327075004,-0.263696300137627,1.82791317928897,0.0736670149859442,-0.218178730404102,0.739952749267001,"Feminine",-0.427718243085383,1.24707584621909
0.879941259121216,0.690966060957138,-0.448532879554439,-1.22581673038163,-1.05151347769022,-0.662412739482594,1.65624576960275,1.553580474674,-0.50408936995355,-0.0942145904207358,-0.343367446321138,-0.744025591386318,0.72122913493495,0.10173228895652,-0.343032310267798,0.107073712212612,-0.648546268226338,-0.828787312122067,-0.379324836244811,-0.847517930645332,1.49813086093178,-1.27385795822511,-0.27382931562706,-1.41893875804824,0.885390368449483,-0.0863537532420052,-0.635271883159424,-0.647225293515152,0.0144996206371416,-0.80258768884425,-0.0298258871427665,-0.319419465999187,"Feminine",-0.427718243085383,-0.801193979414496
-0.926973049188275,-0.682788947809716,-0.129840118670385,-0.637383455481563,-0.970328296033919,0.0264196526553723,-0.802510836817823,-0.405249659787954,0.285158986381788,0.899313332809385,0.109092526227779,-0.744025591386318,-0.48744394845628,-0.696536272585953,-0.343032310267798,0.555966512682549,0.617891787043535,0.549591898200361,-0.464800501794871,-0.472098983800417,-0.234578475186487,1.16550632763117,-1.30531946699356,0.89265922822183,-0.595717843921203,-0.0863537532420052,-0.471923418781467,-0.606050336227001,0.651362281563325,0.669392306925536,-0.592414555113964,-0.414587655550281,"Feminine",-0.427718243085383,1.24707584621909
-1.49126928431832,-0.682788947809716,-1.21780794129571,1.76648433789338,-0.256343547768892,-0.662412739482594,0.836660234129224,-0.768990239575983,0.285158986381788,-0.675876167755018,0.109092526227779,-0.744025591386318,-0.48744394845628,-0.696536272585953,-0.343032310267798,-0.719834078126746,-0.648546268226338,0.222400994641864,0.880151919653578,1.51430278947366,-1.0735304463213,0.974323828995074,0.0414733507295122,0.163880655615273,-0.595717843921203,0.674335488799928,-0.219662702665234,0.442477379831357,-0.548517921833629,0.879856760795056,0.910915767354635,0.102445493652712,"Feminine",-0.427718243085383,1.24707584621909
0.0548491087021043,-0.682788947809716,-1.0743139121249,0.260616890126782,0.265421720933023,-0.662412739482594,0.836660234129224,0.803078157520136,-0.886874822776188,-0.907616569522186,-0.0335848054915531,-0.744025591386318,0.409995815961707,0.488892541304619,-0.343032310267798,2.35006109350812,-0.242230725493921,-0.899765604127718,0.111347619903911,0.96007356612282,0.142637030284661,-1.21092188644647,-0.160029043492603,-0.999537998679357,0.515113315356812,-0.0863537532420052,-0.484895208599705,-0.236694716079663,-0.898651189181246,-0.0772805308540302,-0.279709696500127,-0.190563421739729,"Feminine",-0.427718243085383,-0.801193979414496
0.350203145207231,-2.39998270876828,0.209097970279643,-2.61375173748288,-0.0404806253865669,-0.662412739482594,-1.62209637229135,-0.155039445024581,-1.13548805502182,1.10495989299514,-0.339321944890121,-0.744025591386318,-0.48744394845628,-0.696536272585953,-0.343032310267798,-0.719834078126746,0.336461108094674,-1.27909446449833,-1.7866636112871,-0.421366693686243,1.66203579813215,-1.0916745925501,-1.21562467122256,-0.618731315098727,-1.33627195010655,2.57605859390476,-0.385444819993126,-1.33744760384549,-0.779378400799972,-0.9025505094525,-0.919653224744159,0.124132274587196,"Feminine",-0.427718243085383,-0.801193979414496
-0.174366702914559,-0.682788947809716,1.10477983375434,-1.12099911197935,-1.00297885822178,-0.662412739482594,0.836660234129224,-0.859216314359255,1.40511484797565,-0.199481947004854,0.406005716835959,-0.087728897824359,-0.48744394845628,-0.696536272585953,-0.343032310267798,0.101542556424388,1.52571750559262,-0.785350799544787,-1.11141833516784,-1.24540161063779,1.51402799530907,0.769819535414125,0.408631086978373,-0.38809763707339,-0.595717843921203,-0.0863537532420052,1.10378028088036,0.167322774576558,-0.0509907588334373,-1.29764410682953,-0.742877923880636,0.481835291189113,"Feminine",-0.427718243085383,1.24707584621909
-0.511247140514927,-1.71310520438486,-0.772335874213591,1.04636719253411,-0.499678717584013,0.313952630821557,-1.21230360455458,-0.458160019546076,-1.84581157572362,-1.11893045299583,0.0537686629080377,0.147941278500164,-0.48744394845628,-0.696536272585953,-0.343032310267798,-0.719834078126746,-0.648546268226338,0.47545596457745,0.412829923359837,0.608498795631567,-0.771952519293433,1.29327128537728,-0.430795208226308,0.401002063527194,-0.595717843921203,-0.0863537532420052,-0.0827697242339199,-0.415887046646183,-0.0747884406684418,1.01788906338671,-0.378375193368037,-0.446985337099591,"Feminine",-0.427718243085383,1.24707584621909
-1.08538787131672,-1.36966645219314,-0.430873191493562,0.385111505619649,-0.576938334919918,-0.662412739482594,-0.802510836817823,-0.525489130930926,0.285158986381788,-0.210620838155952,0.109092526227779,-0.744025591386318,-0.48744394845628,-0.696536272585953,-0.343032310267798,-0.719834078126746,0.138505630528951,1.17283635713204,0.665706486539982,-1.3522612238152,-0.113138013241422,1.46651190604998,0.664925538416881,0.693589001462237,-0.595717843921203,1.0546801098209,-0.0623540743988902,-0.916460295229832,0.0980302585550336,1.08160628499717,-0.653263164413888,-2.41976741406997,"Feminine",-0.427718243085383,1.24707584621909
-0.773311995600925,-1.71310520438486,-0.945171895327971,1.12526974279477,-0.486080159605386,0.178971243221906,-1.21230360455458,-0.230565291050465,-0.374677077887304,-1.15068566826183,-0.0583438867189219,0.222638011446322,-0.48744394845628,-0.696536272585953,-0.343032310267798,-0.719834078126746,-0.648546268226338,1.02508443798874,1.10663992740932,-0.320951747046452,-0.681481838439726,0.819659804077049,-0.950406438899689,-0.204621608692455,-0.595717843921203,-0.0863537532420052,-0.194595498529199,-0.274147300300824,-0.244222264510399,0.702631175846996,-0.0570107963197216,0.341939218349594,"Feminine",-0.427718243085383,1.24707584621909
2.15470856170847,1.03440481314885,3.56222873845453,-1.86983214465053,0.599251882654618,-0.358416195615001,0.0170746986557003,1.28035880036764,-0.349230084880986,3.10129597713024,-1.62968832829251,-0.212949241250931,-0.48744394845628,5.71985784860794,-0.343032310267798,1.93880314764634,0.231162619962928,1.06884439134277,-0.813512675935412,-1.1882274784622,-0.352065331389659,-0.050076105268553,0.679860613697203,2.50083869265305,2.73677563391284,-0.0863537532420052,-0.645348700790016,-0.0884704782110858,-0.905952146495967,0.652736543941472,0.140739623105745,-1.35512013973311,"Feminine",-0.427718243085383,-0.801193979414496
0.289049097520038,0.690966060957138,0.0127744568723331,-0.0025014585864463,-0.822026955678796,-0.505640968099637,-1.21230360455458,0.303434509523169,-0.365067814815425,1.28668129915221,-0.935865559610332,-0.199690747072793,-0.48744394845628,-0.0388781234094917,-0.343032310267798,-0.719834078126746,-0.648546268226338,2.20957873926613,0.849278279342903,-0.898250220759507,-1.42533306749658,0.16447408587282,-0.550315700649317,1.71208783604624,0.14483626226414,-0.0863537532420052,-0.5460479320286,-0.958825251326869,0.675611781338432,1.64987688098072,0.648717393503584,-0.702858741341698,"Feminine",2.33599963531248,-0.801193979414496
-0.603171285504922,0.00408855657371117,-0.810757803800654,1.52309374153929,-1.19374327164052,1.42213498989519,0.0170746986557003,-0.517878816635371,0.0451110992014555,-0.733936620933236,-0.756428608920081,-0.744025591386318,-0.48744394845628,-0.696536272585953,-0.343032310267798,-0.719834078126746,-0.648546268226338,0.993167472374293,1.50863494599754,-0.454206305136501,-0.477540478870617,1.1703910094088,0.755731915400275,-0.00378457332880683,-0.595717843921203,-0.0863537532420052,-0.497340067887709,0.404868267073448,0.750952421383568,0.79359283377131,0.721985264119757,-0.387940562475974,"Feminine",-0.427718243085383,1.24707584621909
-1.17111504742292,-0.682788947809716,0.814306041910956,1.79063939724458,0.731761029725822,-0.139359862533941,-2.03188914002811,-1.37174961161345,-0.0426062364076711,-0.741095632005087,-0.519696940338872,-0.744025591386318,-0.48744394845628,-0.696536272585953,1.21207100236482,-0.719834078126746,-0.648546268226338,0.243856759213831,0.954382671357222,0.625704738722483,-0.47969103216967,1.79661936524165,1.53652771647195,0.261266983911246,-0.595717843921203,-1.22738761630491,2.68616779243519,3.32932035827776,-0.786431881965827,-1.64359751538208,-0.547175563058723,-0.640612105734147,"Feminine",-0.427718243085383,1.24707584621909
0.237078822864536,0.690966060957138,-0.313759262347817,0.819414471246136,-0.164310145218641,-0.55584316455373,0.0170746986557003,-0.460078650924377,-1.27842141494069,-0.31094841113075,-0.0869376403531586,-0.744025591386318,-0.48744394845628,-0.696536272585953,-0.343032310267798,-0.719834078126746,-0.648546268226338,1.49230096854941,1.60893180125115,-0.982935638887851,-0.608079470213146,-0.594617535793347,1.38133632228721,0.33255692430035,-0.595717843921203,-0.0863537532420052,-0.902970442314009,-0.404332677360077,-0.48037979807098,1.18612191270579,-0.807109877615343,-1.30235585918563,"Feminine",-0.427718243085383,1.24707584621909
-0.725482358988053,0.00408855657371117,1.24722580749553,0.291721715413265,-0.609075715224653,-0.267217232454722,0.0170746986557003,-0.45347238175984,0.285158986381788,0.102989027666432,0.109092526227779,-0.744025591386318,-0.48744394845628,-0.696536272585953,3.00180393760518,-0.719834078126746,-0.648546268226338,0.156801513040336,-0.425452549010155,-0.234458256423487,0.20241919948459,2.77601724237817,1.06451145285075,0.94776700009308,-0.595717843921203,-1.98807685834684,1.63542348853444,1.37873088053137,0.59305016529807,-0.591127876019117,-0.061915258232342,-1.12273356289325,"Feminine",-0.427718243085383,1.24707584621909
0.836269768201896,0.00408855657371117,1.08168836596718,-1.0099275386003,0.524694924357666,0.369934707447356,-0.802510836817823,0.545460966833862,0.285158986381788,2.23117970521899,0.109092526227779,-0.744025591386318,-0.48744394845628,2.11753806305932,-0.343032310267798,-0.719834078126746,-0.648546268226338,1.12772018769899,-0.224534825450171,-0.292172475953339,-0.723583540051363,-0.113280623341015,-0.38328624370072,1.70763001473762,0.885390368449483,-0.0863537532420052,-0.431121943388725,-0.26426861010072,-0.912124940808537,0.730339084840651,0.233427608835968,0.331530950530341,"Feminine",-0.427718243085383,-0.801193979414496
-0.196438270092589,1.03440481314885,-0.72402575919524,0.822058986547725,0.415715922634592,0.147256104184265,0.426867466392462,0.316217727709648,-0.786414781991218,-0.189326568129803,-0.203438771824091,0.825836099613889,-0.48744394845628,-0.696536272585953,0.928005463923934,-0.719834078126746,-0.648546268226338,1.10907107727467,0.782951594017645,-0.188404017481937,-0.906682377672154,0.100798346413594,-0.0477984302841382,0.378058062508112,-0.595717843921203,-1.98807685834684,-0.589534313133607,-0.578354759693181,-0.238005233180911,1.1140840546028,0.708727246408786,-0.208901568455966,"Feminine",-0.427718243085383,1.24707584621909
-0.132854032724216,0.00408855657371117,1.56095041083034,-0.818528711387163,0.587703247472083,0.334167234761604,-0.802510836817823,-0.569564756097225,0.776887037213748,0.50769495230236,1.12106064153127,-0.744025591386318,0.566817155118447,1.39232507347673,-0.343032310267798,-0.719834078126746,-0.648546268226338,-0.0530755445844913,-0.588519328248375,-0.436072353111414,0.50314846682552,1.01091260489579,0.362332011206902,0.719387980752366,0.515113315356812,-0.0863537532420052,0.824874600053395,0.503869182492017,-0.951981117226624,-0.59951174525007,-0.33996052204773,-0.60198068858389,"Feminine",-0.427718243085383,-0.801193979414496
0.294709871180525,2.75159857410742,-0.904868131978286,0.380884343696173,0.635153986097613,-0.216551141810124,1.24645300186599,1.20123792462275,0.285158986381788,-0.814442472982827,0.109092526227779,2.04703047849918,1.47631921219577,0.600431795128021,1.22142884505572,-0.182434485718018,-0.648546268226338,0.374066558638006,0.679696716064295,-0.619833188798122,-0.102004538016753,-0.864334975904122,-0.596691326662714,-0.894723158137679,0.885390368449483,-1.60773223732587,-0.563889718586988,-0.626727913245886,0.0369611678853746,0.20844008144661,1.21264499302122,0.844715359706877,"Feminine",-0.427718243085383,-0.801193979414496
-1.48168405859549,0.00408855657371117,-1.90198342571682,1.8531230068915,-0.574836398775129,-0.0859949833756436,1.24645300186599,0.439362012746857,0.285158986381788,-1.49953862529012,0.109092526227779,-0.0754303226468781,-0.48744394845628,-0.696536272585953,0.468959453483307,-0.3014497276484,-0.233232255211942,0.337161505774902,1.29893264676984,1.68857801673189,-1.43275188749029,-1.25114499409805,-0.563962183549009,-0.685939040968571,-0.595717843921203,-0.466698374262972,-0.806493943224942,-0.487581422759948,-0.33892692189112,1.1693561193411,2.78426752846256,0.548463890924781,"Feminine",-0.427718243085383,1.24707584621909
-1.49528790346622,0.690966060957138,-1.42653992532237,1.5383204685916,-0.737235940046114,-0.057684044164777,1.24645300186599,-0.174569123572475,-0.446124295037458,-0.266531466471452,-0.324224671424046,-0.208358499370779,-0.48744394845628,-0.696536272585953,-0.343032310267798,1.06791197268882,-0.500660720371045,1.96593226430304,2.21550227811846,0.125443378487084,-2.023811897928,-1.65671579634022,-0.19384669519432,0.391607340634937,-0.595717843921203,-0.0863537532420052,-1.06539165541628,-0.126775489777391,0.360971989557349,1.48171704078272,3.30890324963693,-0.0284506950750078,"Feminine",-0.427718243085383,1.24707584621909
0.336530606472628,2.75159857410742,-1.66985692652388,1.58410530125994,-0.521543609189476,-0.662412739482594,2.06603853733951,6.66239433121289,-0.155041505320738,-1.47411207167643,0.0296289751120586,2.94109574898976,-0.48744394845628,-0.473920532888193,1.44716173788957,0.663780647117136,-0.190725938386995,0.324051593094025,1.03347380079056,0.371914834268128,-0.82562561492595,-0.961510292874482,-0.773467227281007,-1.22195387710281,0.14483626226414,-5.79152306855651,-1.00541111271516,-0.67692376159623,-0.409662781204167,0.743749421279853,2.55028592490603,-1.12306195554181,"Feminine",2.33599963531248,-0.801193979414496
-0.262434116620977,0.00408855657371117,-0.121609518755213,0.172291280534432,0.615793449931559,-0.0825062889525651,0.0170746986557003,0.0551815037231304,-0.365857883832675,1.00964794987326,-0.835259442278724,0.448153700077995,-0.48744394845628,-0.120386180780087,0.815264567792708,0.473806814854003,-0.253585837866759,1.16141603084541,0.467847212511539,0.236846243593435,-1.34023264451144,-0.787760620560262,-0.144136962082114,1.1425700187005,0.885390368449483,-1.22738761630491,-0.427160498873996,-0.115916410301181,-0.881579598527663,0.942020001414175,0.810391863685028,-0.131404262251883,"Feminine",-0.427718243085383,-0.801193979414496
-2.08555611910106,1.03440481314885,-1.86523532995509,1.89450371811466,-0.453951916459698,-0.620568509326702,2.06603853733951,-0.610599749061472,-0.137576382115228,-0.901374103037912,-0.289927548972932,0.140702593352302,-0.163750615934012,-0.696536272585953,-0.343032310267798,-0.276927651200166,0.0842139531125582,0.668316350963495,1.71299383577464,1.23936786080523,-1.51704012538462,-1.22688962598083,-0.348844575390454,-0.482414386891977,-0.595717843921203,1.0546801098209,-1.40626658440987,0.23532692088478,-0.321267615803917,1.16442712549671,3.69710827721778,-0.203472195760069,"Feminine",-0.427718243085383,1.24707584621909
1.28382057795848,0.347527308765425,-0.180897583500924,-0.385919121185035,1.75407548417972,-0.315043440311599,0.426867466392462,0.686311517021596,-0.596069441556539,-0.793115762481166,-0.110999937189031,0.362549848698414,-0.48744394845628,0.640413517516196,-0.343032310267798,0.203442665222085,-0.343045860156852,-0.251968045782781,0.16733291359433,-0.413623344142499,0.550131816259667,-1.69911851446581,-0.480363384836599,-1.25294988963418,0.515113315356812,-0.0863537532420052,0.0976649461703157,-0.187999055893493,-1.14971743610651,-0.848695467580569,-0.354152403263893,0.0983920978836915,"Feminine",-0.427718243085383,-0.801193979414496
-0.692817663803821,1.37784356534056,-1.35049881933417,2.41351515459809,-0.513093352945617,-0.637967656573653,2.06603853733951,0.633485991521835,0.285158986381788,-1.36096645409938,0.109092526227779,-0.432545097140245,0.652162101598305,-0.696536272585953,1.92667800078886,0.449649796781773,-0.648546268226338,1.06972019441196,2.1861490128699,1.33397054426431,-1.946214319379,-1.07038043292574,-0.116863423027812,-0.357728128902813,-0.595717843921203,-1.98807685834684,-0.047766481867217,0.733219327145532,-0.170440457243956,0.76825663499963,4.3569384689139,-0.644519558772281,"Feminine",-0.427718243085383,1.24707584621909
0.300034691698569,1.03440481314885,-0.868777570314619,0.168773588436303,0.430240604687094,-0.439041365945101,3.29541684054979,0.387502205856717,0.285158986381788,-0.747900446303122,0.109092526227779,0.139905540933617,1.12956463608063,-0.696536272585953,0.372642112137455,1.12394680573804,0.0835538087690082,-0.71450369072137,0.0773371226416987,0.46420884978431,0.244479584507268,-0.815042356709424,-0.832401636137904,-1.17969950818293,-0.595717843921203,-1.98807685834684,-0.423620057296078,-0.098860375150531,-0.851386782260893,-0.299656242125002,1.28512914532731,-0.0526365084051113,"Feminine",-0.427718243085383,1.24707584621909
-1.31922042697444,-0.682788947809716,-1.43671102389632,0.945629974276748,-0.204976403276695,-0.390904375875659,0.426867466392462,-0.154730700906646,0.285158986381788,-0.699973307564402,0.109092526227779,-0.234330237165471,-0.48744394845628,-0.696536272585953,-0.343032310267798,-0.719834078126746,-0.226400249803047,0.358956640312863,0.835392720656515,0.715036604871328,-0.740342281404789,-0.623203080814359,-0.565337401882808,-0.418426544297216,-0.595717843921203,-0.0863537532420052,-0.508985675405033,-0.401259101293828,-0.513106016713567,0.639733008503315,3.59349950296479,-0.788679634689976,"Feminine",-0.427718243085383,1.24707584621909
-0.115192744118428,1.37784356534056,-1.17669689104311,1.48879124959153,0.197592597297337,-0.662412739482594,2.88562407281303,0.0470810630037163,0.285158986381788,-0.998537045467376,0.109092526227779,-0.323827065957997,-0.48744394845628,-0.696536272585953,0.167287995216035,-0.456888024881789,-0.474535329154639,0.400050036374271,1.31468236357945,0.836859281817895,-0.850763769075761,-0.5978963172351,0.042119161981706,-0.555816822654074,-0.595717843921203,-1.60773223732587,-0.773024492935302,0.0509229524680871,-0.703675662767889,0.765927924916518,3.87284974240641,0.897527609437055,"Feminine",-0.427718243085383,1.24707584621909
-0.685375003643127,-0.682788947809716,1.24556506517845,-0.778095760348983,-0.483554774418993,1.63901991909148,-0.802510836817823,-1.14519563238803,0.285158986381788,1.02738362032597,0.109092526227779,-0.744025591386318,-0.48744394845628,-0.696536272585953,-0.343032310267798,-0.719834078126746,-0.648546268226338,-0.53773512826912,-0.472023797475149,-1.20264396144457,1.56369283581193,0.895780305722719,2.65620067955894,0.188557609646793,-0.595717843921203,-0.0863537532420052,-0.126009023628076,1.18831096033037,-0.0616227622473827,-0.833345479800638,-0.115065093626133,-0.871588200298197,"Feminine",-0.427718243085383,1.24707584621909
0.296470385552322,0.347527308765425,0.718110262967535,-1.06624735490428,-0.806096954345236,0.275633738737408,0.426867466392462,-0.475138193902061,0.718363129482131,0.504810733170564,1.25621871229215,3.82542952472037,1.37012865577241,-0.696536272585953,-0.343032310267798,1.18643976713164,-0.648546268226338,-0.448605769519366,-1.18873732319599,-0.8635973757656,0.652525570433578,0.00322536660834936,-0.168237770799624,0.114573072797374,-0.595717843921203,-0.0863537532420052,0.471845610168683,-0.235601877988981,0.0947467805239169,-0.716690688550479,-0.637263921521071,-0.078746193250123,"Feminine",-0.427718243085383,1.24707584621909
0.440428742561125,1.03440481314885,-0.438794443624835,0.863221944203059,-0.840143773969669,0.52317378160102,1.24645300186599,-0.472008736019303,0.675105772543727,-1.01254189655419,0.475113951753372,-0.172751322463391,0.557609634563209,-0.00633026740949276,-0.343032310267798,-0.719834078126746,-0.175398620211879,0.29362328895209,0.770856201172408,-0.157425862061645,-0.12875089564663,0.974323828995074,-0.938706677292006,-0.601476001377437,-0.225440790828531,0.293990867778962,-0.55198220892613,0.0162015924158732,0.135903793885447,0.347975310195583,-0.462709389014896,-1.2982922728105,"Feminine",-0.427718243085383,-0.801193979414496
-1.32349414458234,-0.682788947809716,-0.526682564251593,-0.653573365558648,-1.46275429148115,-0.662412739482594,-0.392718069081061,-0.705873179042932,-0.447362144341947,-0.628024379360123,-0.208291742290734,-0.130798368339362,-0.48744394845628,-0.696536272585953,-0.343032310267798,-0.719834078126746,-0.140651839810816,-0.349306296977537,-0.326654971909399,-0.343682874448906,0.680142783716144,-1.25703705088295,0.341771294410623,-0.64462298291541,-0.595717843921203,1.43502473084186,0.861738721907499,-0.447885677104502,1.0905869781677,-0.787389014797449,-0.202255162509162,-0.44537736393446,"Feminine",-0.427718243085383,1.24707584621909
-0.472217993543782,0.00408855657371117,-1.17328017054156,0.415142237765571,-1.29131789215356,2.08315604618472,-0.802510836817823,0.248813176444178,0.14861798633426,-0.140066088462062,-2.42787227985253,0.256141133257035,-0.48744394845628,-0.696536272585953,-0.343032310267798,-0.219137617921264,0.014149825934587,0.947401841718251,1.16269416437148,-1.02453793988167,-0.219111692121705,-0.571107277452034,-0.629042650561141,-0.594173515842845,-0.595717843921203,-0.0863537532420052,-1.36474222462073,-0.520578998041696,2.02576792449467,0.660171016386524,-0.0809585090601037,0.340020289916847,"Feminine",-0.427718243085383,1.24707584621909
0.960871098187448,-0.682788947809716,-0.896142901583285,-0.712828534472288,0.317306445584662,-0.381615931857528,0.0170746986557003,0.91836888423985,-0.992262059021998,0.791056362421823,-0.332234962934088,-0.209331554942105,-0.48744394845628,-0.0505260197845503,-0.343032310267798,-0.719834078126746,-0.205695540452585,0.00983382016100921,-0.249932057812086,0.196571952821653,-0.0381987956603053,-1.30206321052802,-1.13778327489268,-0.27731513281355,0.14483626226414,1.0546801098209,-1.51249424234907,-1.23644702203921,-0.922686805731093,0.70010220719923,-0.012406430776977,-0.2612097966621,"Feminine",2.33599963531248,-0.801193979414496
-0.737223195555207,-2.39998270876828,-1.00489646904944,-0.778095760348983,0.978116063717364,-0.168418355697755,-1.21230360455458,-0.585426324952894,0.285158986381788,0.179077258907267,0.109092526227779,1.23812300836142,-0.48744394845628,-0.696536272585953,-0.343032310267798,-0.719834078126746,-0.648546268226338,-0.801329558928389,-0.547868402118146,0.691361536151402,0.350796300529141,-1.68791106203194,-1.58187842062081,-1.06486466824759,-2.07682605629189,1.0546801098209,-0.731359215146488,-0.381755174157332,-1.08940016409945,-0.591127876019117,-1.21889030528994,-0.397284348359176,"Feminine",-0.427718243085383,-0.801193979414496
-2.14459126081946,-1.36966645219314,-0.913363689373374,0.774826186890276,-1.39833478943624,-0.662412739482594,0.836660234129224,-1.1742619501988,-0.945322703022912,-0.489026217204271,-0.106220248705421,-0.744025591386318,-0.48744394845628,-0.696536272585953,-0.343032310267798,-0.719834078126746,0.204609727012334,0.3674626754417,0.486285721557376,0.586967532346882,-0.661026303920427,0.565581106088419,-0.891805270742215,0.0165946973719426,-1.33627195010655,1.0546801098209,0.170878134416929,0.480948059616279,0.936007841963691,0.113183154099261,-0.0997056773174958,-0.375453072931144,"Feminine",-0.427718243085383,-0.801193979414496
-0.258589889686778,-0.682788947809716,0.118990536174148,0.519099904365764,-0.435970092181362,-0.36601610921169,-0.802510836817823,-0.959799571064251,-0.127407916225889,0.14263770439349,-0.890488653441585,-0.744025591386318,0.98678975079298,-0.696536272585953,-0.343032310267798,1.2973455007709,1.35383012306279,0.465561024771514,0.245099658061029,1.11624880640265,-1.43970527217313,-0.350357996510556,-0.779858989920326,0.922385248902677,-0.595717843921203,1.0546801098209,0.240859118254271,0.374472555113364,0.0335893393391355,0.499171076761011,-0.752318577362687,-1.31634525490332,"Feminine",-0.427718243085383,1.24707584621909
0.847672817475992,-2.05654395657657,-0.619456751348205,-0.362634161519549,-0.656340573601593,-0.662412739482594,-1.62209637229135,0.0433731619193249,0.285158986381788,0.34645649939455,0.109092526227779,1.82670861876686,-0.48744394845628,-0.696536272585953,-0.343032310267798,1.42507084528626,0.0611752037953527,-1.29700795064303,-0.941443388366021,0.183743250496577,0.934126098862352,0.0435179869000513,0.418465669199328,-0.662704533936858,-0.595717843921203,-0.0863537532420052,-1.00892153003482,-0.508445530557049,-0.147678789622845,0.0321706989021434,-1.09216026956766,0.183205343486265,"Feminine",-0.427718243085383,1.24707584621909
1.27339082810989,-1.71310520438486,-0.961813219200713,-0.998917415251956,-1.23197875038272,2.1167040518747,-1.62209637229135,1.91737422324758,0.285158986381788,0.413369890964594,0.109092526227779,-0.744025591386318,-0.48744394845628,-0.696536272585953,-0.343032310267798,-0.719834078126746,0.0868664788006614,-0.405117907640485,-0.340811487481917,-0.91340104043163,1.15808374008846,-0.340645962722003,-0.964550268354527,-1.07495818302471,-0.595717843921203,-0.0863537532420052,-1.55603635065069,-1.52231570958833,0.654999687512893,0.313078110948105,-0.0226931602879321,-0.406409139260734,"Feminine",-0.427718243085383,1.24707584621909
-0.537476669371386,0.347527308765425,0.342936787792176,-0.215126802710407,-0.904969828491117,0.194269133816534,-1.62209637229135,-0.518220945926682,-0.0282888787819227,-0.186179475862177,-0.961691599617307,-0.131755041074225,0.632605679522487,0.0432008967685382,-0.343032310267798,-0.719834078126746,0.365657894600289,1.32032803184021,0.605576976344906,-2.87799671828844,0.67246932860725,2.0397295798534,0.580789974811913,0.455886309334681,0.14483626226414,-0.0863537532420052,0.140846933319408,-0.521797022278562,-0.00129104636522582,0.29066944017682,-0.888563611080971,0.280140128172747,"Feminine",2.33599963531248,-0.801193979414496
1.48360077053372,0.347527308765425,0.629629212101364,-0.727740834624038,-0.920274274260858,-0.662412739482594,1.24645300186599,-0.110237182044268,0.285158986381788,0.627428999970134,0.109092526227779,2.13469389088789,1.26793945382829,0.46280731068111,-0.343032310267798,-0.719834078126746,-0.648546268226338,-1.14411510368854,-1.19103312201251,0.370677231240575,0.76035827074622,-0.292076295457696,0.689457702524815,-0.124447348564278,-0.225440790828531,-0.0863537532420052,-0.855051098498988,-0.51277483138842,-0.113445759359059,0.120804061047429,-1.13746191879255,1.06731701031684,"Feminine",-0.427718243085383,-0.801193979414496
1.12139537455578,-0.682788947809716,-0.533033340192759,-0.363801921563097,-1.1976990137916,-0.662412739482594,0.0170746986557003,0.552718168119588,-0.42195040074218,-0.957422206756999,-0.110952670252999,1.91976687071811,2.21976499398109,-0.696536272585953,-0.343032310267798,0.761864948906672,-0.403408685884006,-1.49982498180096,-1.22795313002556,1.41982518907293,0.2402902568963,-1.24950189329529,-0.437187484395511,-0.662566007845103,-0.595717843921203,-0.0863537532420052,0.370166828243469,-0.970182478150848,0.487566147277405,-0.18638805328141,-0.359320469409323,-0.599433562178373,"Feminine",-0.427718243085383,1.24707584621909
0.047350206225122,0.00408855657371117,-0.27512685229697,0.626426499557691,1.30063253879035,-0.662412739482594,-0.802510836817823,-0.573838952931311,0.285158986381788,-1.44808727531681,0.109092526227779,0.438099175933115,-0.48744394845628,-0.696536272585953,-0.343032310267798,1.49936725076593,2.77821132108321,-1.40920451667991,-0.288961117192235,-1.24115160333846,1.87086648619167,1.41449406155206,1.74497900183919,-1.69067995708805,-0.595717843921203,-0.0863537532420052,0.534562441815385,0.553787113941015,-1.15920692263009,-1.14143293108212,-1.20683464472261,0.349616991016699,"Feminine",-0.427718243085383,1.24707584621909
-0.371258907854002,0.690966060957138,-0.961952168508387,-0.141196915654646,-1.2452381180563,-0.662412739482594,1.65624576960275,0.0360626980200443,-0.143607726315477,-0.301617993354905,-0.610849136637585,-0.492767318178858,0.431828537503245,-0.39296935481628,-0.343032310267798,-0.719834078126746,0.391954481408534,-0.3859827007593,0.101973867710353,0.688027019430272,-0.0624288228351947,-1.41498591755082,-1.04760484252477,-0.800057144748762,0.14483626226414,1.0546801098209,-0.457307317577792,-0.232728688642581,0.573270166158692,-0.203677181841429,-0.425614213386487,0.710172139092515,"Feminine",2.33599963531248,-0.801193979414496
-0.381065791638285,-1.36966645219314,0.127419225791676,-0.231348034209916,0.596476320888588,-0.19485749173131,-0.392718069081061,-0.905388719847757,1.18292521323585,0.0712320376354142,0.549881179138159,-0.744025591386318,-0.48744394845628,-0.696536272585953,-0.343032310267798,-0.0614115212077411,1.09436222606821,-1.10167173863401,-0.97250329763948,1.26514872443114,0.198755795780256,0.250257086082636,-0.177040695525645,0.0124508398349373,-0.595717843921203,0.674335488799928,0.656239749325978,0.369512046039884,-0.140495551888431,-0.54520764856915,-0.76239697711718,0.30915107627784,"Feminine",-0.427718243085383,1.24707584621909
-0.0250076626084021,2.40815982191571,-0.292229233726596,0.746505093873012,0.897662280094002,-0.119614091275638,1.24645300186599,1.17171576932311,1.26144704065749,-0.603023436534551,0.353207881942475,2.11650955985313,-0.48744394845628,-0.00532413620661115,2.43620480531179,-0.719834078126746,0.772965834627602,-1.05157135625616,-0.0256536072730236,-0.146584044782097,0.965320350790599,0.836967864855464,0.270746230125437,-1.59907266087687,0.885390368449483,-3.50945534243071,0.119559942027443,1.62933853721269,-1.02188595150599,-1.4400496318798,-0.777741567734401,1.16001329884065,"Feminine",-0.427718243085383,-0.801193979414496
0.0139193692652698,-1.36966645219314,-0.497408803276569,1.506804844569,-0.48046516603995,2.2456296707225,-2.03188914002811,-0.599351843109635,0.285158986381788,-1.0379153605801,0.109092526227779,0.283370803247325,-0.48744394845628,-0.696536272585953,-0.343032310267798,-0.0769240945382926,-0.648546268226338,0.17852408383643,0.934609035929974,0.565548998189362,-0.500479603673861,0.427011493329051,1.1396855287222,-0.120543509376043,-0.595717843921203,-0.0863537532420052,-0.514030799343317,0.059636056457804,-0.331905465155746,0.903483366462229,-0.470849755390084,0.898435959662549,"Feminine",-0.427718243085383,1.24707584621909
-0.461526965734109,-1.02622770000143,-0.778498214942401,1.7208228479648,-0.843476449695944,0.0903406072371615,0.426867466392462,-0.701392806734228,0.285158986381788,-0.550616983815437,0.109092526227779,0.894660933666089,0.261983829763333,0.293383404984462,-0.343032310267798,-0.719834078126746,0.0300600661910606,0.991621598465623,1.09068118113992,1.01707907866593,-1.73172029195831,-0.0977396846560409,0.535577270427524,0.802561997855631,0.14483626226414,-0.0863537532420052,0.202934623537601,0.0978011971371295,1.96292807060803,1.20870856842365,-0.427570140828708,-0.543281002784153,"Feminine",2.33599963531248,-0.801193979414496
1.12292354639025,0.00408855657371117,-0.839001196643433,-0.5964029013191,0.202147200372588,-0.418321396906555,0.0170746986557003,0.76653286594817,2.51142027801546,-0.0428135727640703,0.274887237447963,0.343136244486401,-0.48744394845628,-0.0397890072726179,-0.343032310267798,-0.719834078126746,-0.648546268226338,0.390230445315633,0.773984702809456,-2.40082541716059,1.38008298372374,-0.589580723512755,-0.695593625381276,-1.74192102334288,0.515113315356812,-0.0863537532420052,-1.53985027030064,-1.39814749896419,-0.573784230680589,0.0889409402966315,0.481894056850604,-1.34064734618214,"Feminine",-0.427718243085383,-0.801193979414496
0.133494485362356,0.00408855657371117,1.80061499973095,-0.841809898392095,-0.139248410131231,0.46448137956718,-0.802510836817823,-1.09279098084211,-0.916926971728953,-0.914238941938739,-0.0287318350249091,-0.744025591386318,-0.48744394845628,-0.696536272585953,-0.343032310267798,-0.719834078126746,-0.648546268226338,-0.87990097575952,-0.888196756285427,-0.863908362836074,1.66960064138755,1.23594085561941,0.680040339399149,-0.545192850293983,-0.595717843921203,-0.0863537532420052,1.08469135940869,0.405903421739503,0.036455941171681,-1.35238320218962,-0.322431279192232,-1.75802986532988,"Feminine",-0.427718243085383,1.24707584621909
-1.00916855238963,-1.02622770000143,-0.825945641541278,0.355788650487639,-0.183671880674561,-0.194032879301413,0.0170746986557003,-0.798710844860054,0.44673524819919,0.223901762646408,2.77881885611787,-0.744025591386318,-0.48744394845628,-0.696536272585953,-0.343032310267798,-0.127333200609764,-0.648546268226338,1.08580306587592,0.650793514043104,0.208435828003802,-1.06760420547267,0.0256394669674483,-1.21865416975282,0.577671793931478,-1.33627195010655,0.293990867778962,-0.560801303181548,-0.488391542970539,-0.298606279362523,0.986020522892622,1.01426050017303,-0.612437312774932,"Feminine",-0.427718243085383,-0.801193979414496
0.601092421062655,1.37784356534056,-0.63804081239293,0.795095589781965,-0.613645858593111,-0.343599557342462,0.836660234129224,-0.353241356830791,-0.583215218134428,-0.102665171945524,-0.299867785195342,3.07249391671792,-0.48744394845628,-0.696536272585953,-0.343032310267798,0.872331975233313,-0.121718984294517,0.675514845423731,0.682404020575531,-0.111365267124699,-0.87224799585746,-1.42458134090746,0.507184120806809,-0.0117668364919629,-0.595717843921203,-0.0863537532420052,-0.876424611817368,-0.434308300355752,0.239617801104017,0.769137921554585,-0.781828054946207,-0.800269265836317,"Feminine",-0.427718243085383,1.24707584621909
0.148538955332504,0.690966060957138,0.398353864672697,-0.556808384355823,1.82946337405915,-0.041918859289301,0.0170746986557003,0.0649051796642709,0.0285560724993635,1.1689728818272,-2.43172776249015,0.258440367106789,-0.48744394845628,0.514629820788832,-0.343032310267798,-0.0925247199382686,0.181728148595971,0.139808602261665,-0.386589645118672,-0.141347777446838,-0.0523721656878721,0.339521377298087,-0.123478843788696,0.70672672589301,0.885390368449483,-0.0863537532420052,-0.504394310280526,0.0484895020432843,-0.840502662701749,0.262003092965063,-0.0410384107805437,-0.0258440968185785,"Feminine",-0.427718243085383,-0.801193979414496
-0.731153753926916,0.347527308765425,0.87369959521655,0.43892607759285,-0.968671455591953,-0.489963790961341,0.426867466392462,-0.882768412230395,0.571778218293256,-0.298054414982735,1.18898831731083,-0.744025591386318,-0.48744394845628,4.0384147672052,-0.343032310267798,2.08292328256699,3.06103928596407,-0.657734518688725,-0.813126161104955,2.33544476765946,-1.32192255928754,-0.371682907220025,-0.217850038665842,1.06488340542506,-0.225440790828531,0.674335488799928,1.97217643741629,0.731791079509289,0.81705927125139,-0.33864304957883,-0.347119756823459,-1.12370672647372,"Feminine",-0.427718243085383,-0.801193979414496
-1.73839614045193,-1.36966645219314,-1.73563965181663,1.54109886442018,0.689284167440134,-0.117315488409668,-0.802510836817823,-0.0163546722159462,0.285158986381788,-1.36549635893575,0.109092526227779,1.00026517639169,-0.48744394845628,-0.696536272585953,-0.343032310267798,1.46320248836916,-0.648546268226338,0.681389113529994,0.994305225622812,0.738711673591302,-1.28169687398661,-0.992301847636459,0.458678183169437,-0.0238868442336073,-2.44710310938456,-0.0863537532420052,-0.31049670104322,-1.1690636995671,-0.697098861006305,1.4135111495632,-0.676116042633528,1.13006526716372,"Feminine",-0.427718243085383,-0.801193979414496
-0.327005463709512,-1.02622770000143,-1.21169918836006,-0.302758356650768,0.29705373430201,-0.464814985968659,0.0170746986557003,1.41529553064303,-0.71631182518177,0.640326914957348,-0.418705908176074,-0.744025591386318,-0.48744394845628,0.189765644341579,-0.343032310267798,0.198265412455644,-0.648546268226338,0.840592759150154,0.474497966387321,0.59754631056954,-1.11454447447909,-1.7074141241178,-1.84348824161956,0.268770281953039,0.14483626226414,0.674335488799928,-1.52906367312866,-1.54989458587897,-0.892861583024781,1.40449940426897,-0.0167198199723153,-0.84650482351297,"Feminine",2.33599963531248,-0.801193979414496
-1.50521354341163,-0.339350195618002,-1.58882250039614,0.922844174909004,-0.107063367512887,-0.559318259388367,0.426867466392462,-0.287036555790277,-0.312817446862077,-0.0704247808177265,-0.497380847687001,1.30006515210354,-0.48744394845628,-0.343730077975663,-0.343032310267798,0.0110933436910796,1.28628964954708,0.0341706453934035,0.306512040065623,1.4734843420783,-1.26849667279423,-1.27533671931013,-0.995592125346825,-0.165769390218024,0.14483626226414,1.0546801098209,-1.0981211296506,-0.122718641875778,-0.198749086938925,0.836225860550568,1.19663067209167,-0.352362300843791,"Feminine",2.33599963531248,-0.801193979414496
0.710809420603192,-0.682788947809716,-0.979721536401943,0.588741353452114,0.403692608602013,-0.662412739482594,-0.802510836817823,0.00623869496719325,-0.0273139243024086,0.322955928624577,-1.3453939222491,-0.744025591386318,-0.48744394845628,-0.696536272585953,-0.343032310267798,0.044058966136983,-0.648546268226338,1.09287108829555,0.982195252460525,0.387967187391859,-1.21025165501535,-0.88350182832199,-0.393445625694918,0.487830061162909,-0.965994897013874,0.293990867778962,-1.56050472296939,-1.43968397462861,-0.343822525439855,1.93948372536415,0.919748818149457,-0.220002696557402,"Feminine",-0.427718243085383,-0.801193979414496
-1.04456662450894,-0.682788947809716,-0.733967343318741,1.76082654048237,-0.657565710964554,0.106616355274345,1.24645300186599,-0.550335729193442,-1.1573441633511,-0.865821371150009,-0.0135965171710849,-0.744025591386318,-0.48744394845628,0.0329583821159382,-0.343032310267798,-0.719834078126746,2.35193773964383,0.0568730778141885,1.08843032471823,0.554410369402152,-0.543872495143064,0.302601459161296,1.18474605560289,-0.340265661704729,0.14483626226414,-0.0863537532420052,0.382219049251076,1.2492232250797,0.293339165556103,-0.0465375272971413,-0.259379370384094,-2.46507369878648,"Feminine",2.33599963531248,-0.801193979414496
0.73614343696635,1.03440481314885,1.45238117144462,-1.68865773317337,0.937287925940499,-0.662412739482594,-0.392718069081061,0.49106702001016,0.285158986381788,1.3523792878802,0.109092526227779,-0.00769271568265654,0.859557574122312,0.193091355099279,-0.343032310267798,5.27020528116079,0.571162678062345,0.562388344529284,-0.919502221616505,-1.79030092047823,0.236708623791165,0.236154092768757,-0.774470999339487,1.09764449597028,1.25566742154215,-0.0863537532420052,-0.071817931704426,-1.41851880566707,-1.00856361617272,0.490768764832949,0.957489939718661,0.111464729637089,"Feminine",-0.427718243085383,-0.801193979414496
0.305780704480735,0.00408855657371117,0.0597076973858187,-0.0389337815214819,0.352001563120783,1.68814140666579,-1.21230360455458,-0.473393910102167,0.285158986381788,-1.32343418572604,0.109092526227779,-0.0708430480757674,-0.48744394845628,0.116793959929018,-0.343032310267798,0.122675745992598,-0.0909949231389735,-1.08419622390474,-0.450081333238815,0.124053285692212,1.02187877925521,0.0276750058167642,0.6442730750478,-0.998726300530091,0.14483626226414,-0.0863537532420052,1.05532126925415,0.320202203443811,1.41843373674077,-1.12975192755485,0.144085433322358,0.450964370087656,"Feminine",2.33599963531248,-0.801193979414496
0.190102142428392,0.690966060957138,-0.265340363019528,0.406946883940907,1.7899678802804,-0.662412739482594,0.836660234129224,-0.545952044440404,-0.100484164424236,-0.303927099388706,-0.689957013614702,-0.744025591386318,2.26860907086959,-0.696536272585953,-0.343032310267798,-0.719834078126746,-0.648546268226338,0.131812433484648,0.580095663733733,-0.351977384789191,0.184059992052748,0.409216251452666,0.542634348372875,-0.214067445557648,-0.595717843921203,-0.0863537532420052,-0.295646505320391,-0.00374959976051401,-0.956494397556406,0.230764870566109,-0.392022296733361,-0.258239915573475,"Feminine",-0.427718243085383,1.24707584621909
1.34653061703593,0.00408855657371117,-0.0918660027796133,-0.187309022603428,-0.582478167161484,-0.386159569521364,-0.802510836817823,0.193485667525222,-0.540216935560446,-0.523152454296413,-0.202246814165617,-0.398545465726062,-0.48744394845628,-0.696536272585953,-0.343032310267798,0.577304726789393,-0.648546268226338,0.237907726560352,0.290250086982595,-0.827510830318621,0.418031952584918,0.112345179449332,-1.113928459116,-0.752930382092202,-0.595717843921203,-0.0863537532420052,-0.201525546513674,-0.312049237384296,0.0925899812696866,-0.24936712219257,-0.599944761284381,2.03599322539054,"Feminine",-0.427718243085383,1.24707584621909
-1.57683384990519,-0.682788947809716,-0.959381315627589,1.44617892035823,0.386047335616144,-0.621085104760725,-0.802510836817823,-0.526055960097606,-0.525937075319232,-1.21427321921,-0.00881792173074966,-0.744025591386318,-0.48744394845628,-0.696536272585953,1.30623815797407,-0.719834078126746,-0.367359041421898,0.656306598501876,1.65442447203118,-0.701289565022106,0.000584194227289175,0.225616015630383,1.11387952724866,-0.881824291028821,-0.595717843921203,-0.847042995283939,0.0675953134516789,0.853606023882486,-0.886675300393199,-0.136745371643988,-0.286727463139317,0.604713743062816,"Feminine",-0.427718243085383,1.24707584621909
-0.458860433642283,0.00408855657371117,0.168978478495557,-1.35663761083321,-1.56082126523445,-0.0146776645491068,0.836660234129224,-0.246396136701004,-0.0224109815783167,1.21513545486985,-2.0457280157237,-0.518729711506839,-0.48744394845628,-0.152137276539767,-0.343032310267798,2.38178216876036,-0.275351739884279,-0.125887745004557,-1.4437519544741,1.28527686511913,-0.829281611277468,-1.20188592617418,-1.48666566142838,1.26019475381319,0.14483626226414,1.0546801098209,0.717728212311428,-1.29677150322156,2.83862890969035,0.359348779790781,2.17519621049161,0.84543917410628,"Feminine",2.33599963531248,-0.801193979414496
-0.0725172784701771,0.00408855657371117,-0.0961590324253542,0.213032072914159,0.151359840154792,0.431974818440739,0.836660234129224,0.0570988269935726,-0.646875851914814,-0.204037181033922,-0.246544709993814,3.15722115563209,-0.48744394845628,0.246150656949293,0.604560463732001,-0.719834078126746,1.29013624182893,0.112145673562535,-0.0716406824412635,-0.232578024430351,-0.270608699950213,-0.342526583181257,-0.60773290425767,-0.2710488609549,0.885390368449483,-1.98807685834684,0.142882683141216,0.319203559063245,-0.306331241976613,-0.307359737536076,0.0451795383773529,2.02850621747131,"Feminine",-0.427718243085383,-0.801193979414496
0.900417379161119,0.00408855657371117,0.052355493149442,0.0225650517934283,-1.28860944220185,1.48195244647733,0.0170746986557003,-0.112128977914827,-0.487186192634999,0.591578515716185,-0.560549635953122,-0.420742706089735,-0.48744394845628,0.0846359276714254,-0.343032310267798,-0.31523504397388,0.154713453814686,-0.172470110990254,-0.156566886126406,0.900029769515025,-0.38907112604257,-0.180130204281311,-0.392782051369487,0.26177569819997,-0.225440790828531,0.674335488799928,-0.391570981027552,0.309316840485388,0.952721084340941,0.151942602985864,-0.00392504752769136,2.18160055540372,"Feminine",-0.427718243085383,-0.801193979414496
0.0152020036221803,-0.339350195618002,-0.801964906404639,0.277016453715636,-0.402032024439793,0.16390513884841,0.426867466392462,0.015752642754939,0.0786635274198783,-0.947376537840753,-0.65577216714595,0.869398551471038,3.20192815603699,-0.696536272585953,-0.343032310267798,-0.719834078126746,-0.314473879546035,-0.532960357621265,-0.0597762821391479,0.667516143196051,-0.136033369058828,-0.448560332816083,-0.778765845776751,-0.665630666273974,-0.595717843921203,-0.0863537532420052,0.333847369106621,-0.502076163506552,0.847444861663652,-0.127567978017042,0.668215703237101,1.92794677165707,"Feminine",-0.427718243085383,1.24707584621909
-1.72201287772632,-0.339350195618002,-0.864727891853909,0.890038609544227,0.075711544537684,-0.135485396778765,0.426867466392462,-0.932445854098696,-0.538766362762661,-0.525602604506407,-0.202100753708561,-0.744025591386318,-0.48744394845628,-0.696536272585953,-0.343032310267798,-0.719834078126746,0.208358215567863,0.827894805438603,1.03144997634428,-0.221522484438589,-0.559754677485606,-0.0663364811476623,0.43237926970524,0.0434681284905113,-0.595717843921203,1.0546801098209,-0.00867777887482896,0.119125555688011,-0.726115626307899,0.44238660459022,0.274873665145863,0.3535555886836,"Feminine",-0.427718243085383,1.24707584621909
-0.586919023782375,-0.682788947809716,-1.13403284162234,-0.640769580465013,-0.0782138566970363,-0.157625201094052,0.0170746986557003,0.262199530784045,-0.502762902127773,0.719825985553611,-0.585307521289529,-0.0844198388652222,-0.48744394845628,-0.696536272585953,-0.343032310267798,-0.307075063453151,-0.648546268226338,0.0935624577635847,-0.552754749195978,0.165337320222429,-0.0932621175666641,-0.0369873923322111,-1.23409124682247,0.227476005399678,-0.595717843921203,1.43502473084186,-1.0736400557289,-1.82447213734204,-0.469405938874889,1.12649443555045,0.591468056571014,2.11835031250207,"Feminine",-0.427718243085383,1.24707584621909
-0.344034256001426,1.72128231753228,-2.05081575140375,2.16241647263642,-0.945950976072776,-0.615225216255386,1.24645300186599,2.54185739924552,-0.869554126089122,-1.7823036556477,0.141104267612659,0.222638011446322,1.28091026714567,-0.112581191851681,0.830955781658062,-0.719834078126746,0.952697249930972,1.38663406501678,2.64781723850471,-0.0900323575612411,-1.44085421990257,-1.84578155579869,-0.312490865528353,-1.13707485207885,0.515113315356812,-1.60773223732587,-2.37360058622557,-0.718029779958934,0.561199812485311,1.82763904703493,3.15129200843912,-1.13310748666108,"Feminine",-0.427718243085383,-0.801193979414496
-1.57535530447282,-0.339350195618002,-0.102895249674367,-0.0713496849327674,0.285867416558706,-0.222967542478629,0.0170746986557003,-0.912576842092944,0.0972954225015274,-0.0209035999467136,-1.8828691202682,-0.744025591386318,1.02297360736642,-0.364017671214124,-0.343032310267798,0.657958986281607,-0.192652251135266,0.912681211259603,0.160404612254873,-0.264274477537451,-0.733780829500834,0.408951416545514,-0.899051103820424,0.844006851787204,0.515113315356812,1.0546801098209,0.900575632956088,-0.243408594223507,0.0810932320905994,0.201623988891951,0.153281631689134,0.944761821162781,"Feminine",-0.427718243085383,-0.801193979414496
0.155878587992004,-1.02622770000143,-1.02828309425668,0.771612459128701,-0.256736938339793,-0.135485396778765,0.0170746986557003,0.310766172121548,-1.19491527932679,0.820628052276964,-0.276472072658202,-0.0212531737987453,-0.48744394845628,-0.696536272585953,-0.343032310267798,0.184739084785922,-0.0499230008489267,0.220827021286941,0.554881420453613,1.7286173093514,-1.39963598459975,-0.91379188894778,-0.889551877756715,0.34536743858836,-0.595717843921203,1.0546801098209,-1.57464499891124,0.38196904451612,-0.12436662046651,0.996573149557481,0.89758229768714,1.75897393237903,"Feminine",-0.427718243085383,1.24707584621909
-1.79454570788705,-1.36966645219314,-0.505445099735498,0.494111371016128,-1.26575215150547,3.83033618251847,0.426867466392462,-1.02514154394985,-1.80775852997174,0.211564368875265,-0.0956381211917068,-0.744025591386318,4.32026907521149,-0.696536272585953,-0.343032310267798,2.56933932005345,2.2537076084338,-0.888115671701254,-0.438390326963822,2.45008092677623,-1.34093680128902,-0.323753961096917,-1.61224384627245,0.49148063897447,-0.595717843921203,1.43502473084186,0.727967139406783,1.15113159922642,2.10187861836323,-0.336243280203097,-0.908464571062295,2.47478098459131,"Feminine",-0.427718243085383,1.24707584621909
-1.37043179470905,0.690966060957138,-0.153697554760618,-0.296014808895225,-0.0689150489135343,-0.00288116484005363,1.65624576960275,-0.886375260565474,-0.337849018486239,0.139412764178897,-0.551639402805793,0.168684694078917,-0.48744394845628,-0.696536272585953,-0.343032310267798,-0.148690790380724,-0.270578321498507,-0.00556555823172816,-0.60313501325335,0.69026037016441,-0.427180389763803,0.024535542177541,-0.759328471806136,0.552183465590926,-0.595717843921203,0.674335488799928,0.752854875685991,-0.099175020528599,-0.412055656796306,-0.0865749272782037,-0.278805440478377,0.581018019753527,"Feminine",-0.427718243085383,1.24707584621909
-1.56016466978776,0.00408855657371117,-0.759002809727632,0.0779737326029021,0.162024812080896,-0.323673733458704,0.0170746986557003,-0.428711817446093,0.285158986381788,0.544557246047217,0.109092526227779,-0.250978577881229,-0.48744394845628,-0.696536272585953,-0.343032310267798,-0.102769722019236,0.16816839053229,0.563003423880891,0.883904955212808,0.119709751229993,-0.609983142909253,-0.830259356558684,-1.71334064222822,-0.318640179491806,-0.595717843921203,1.43502473084186,-0.679211316379649,0.794851083498943,-0.528359408352511,-0.304222602336764,-0.538335162285207,2.55992448169579,"Feminine",-0.427718243085383,1.24707584621909
-1.0773550738651,0.00408855657371117,-1.91058899244583,0.92821860321991,0.212945726606705,-0.535950177233675,0.426867466392462,-0.426223198198343,0.285158986381788,-1.14414772017378,0.109092526227779,1.67860047497203,-0.48744394845628,-0.696536272585953,-0.343032310267798,-0.719834078126746,-0.247246966762221,-0.365666541588767,0.685308688188369,-0.302991350086496,0.529270565480657,-0.0206572307030809,-0.180812490383058,-1.63374370586065,-1.70654900319922,-0.0863537532420052,-1.66340633542082,-0.601716130196669,-0.0136073049906523,0.437976546396552,-0.57109664750473,1.71769421304058,"Feminine",-0.427718243085383,-0.801193979414496
-0.95438838138843,1.72128231753228,-0.420376097410158,1.13427535839397,-0.237857545979268,-0.109139029643574,1.65624576960275,-0.68157739131644,0.285158986381788,-0.157631368184178,0.109092526227779,1.81182737876597,0.551560120334443,-0.353430971894036,-0.343032310267798,0.346410265132831,0.057066830585386,-0.359780277469481,-0.195353802149363,1.80076634823819,-1.09185178637779,0.30961053977771,-0.0444001527830066,0.468516972459374,0.885390368449483,-0.0863537532420052,0.952533037671369,1.14108944064968,-0.382722287006265,-0.252363747513436,1.39541514656111,1.63365000364187,"Feminine",-0.427718243085383,-0.801193979414496
-0.247972128200191,0.00408855657371117,-0.442645552378819,-0.216722544077276,-1.38580540215736,-0.662412739482594,-0.802510836817823,-0.54647390311976,-0.539128527751293,-0.0768930178900774,-0.32903959750294,-0.140232633309315,-0.48744394845628,-0.696536272585953,-0.343032310267798,-0.719834078126746,0.351615067730382,0.307794699307158,0.703373101146074,-0.960065565021713,0.404758849084336,-1.36227422100724,-0.409061469251028,-1.05211800101476,-0.595717843921203,-0.0863537532420052,-0.232444222136812,0.417455747812668,1.05133044095825,-0.819504473870267,-0.464626075279611,0.756445310999224,"Feminine",-0.427718243085383,1.24707584621909
-0.702457465034687,-0.682788947809716,0.839800930894985,0.30070929055886,1.62371836153029,-0.662412739482594,-1.62209637229135,-1.13407186198474,0.73389172020633,-0.953173043327092,0.458048457727828,-0.744025591386318,-0.48744394845628,-0.696536272585953,-0.343032310267798,0.102918396683267,0.440406610118499,-0.420508459357837,-0.185160954453563,0.100079669125522,0.382094730748303,0.776433139720912,1.28005414377255,0.0864988669786236,-0.595717843921203,-0.0863537532420052,1.4957906280206,0.360913207133006,-0.435785003954453,-0.562437348650887,0.421628357004401,-0.908272638846612,"Feminine",-0.427718243085383,1.24707584621909
-0.674770723309157,-0.682788947809716,0.368994495506061,0.341206664732668,0.612782746263998,1.52636237636408,-0.802510836817823,-0.909720471043006,0.498790120427443,-0.328020578673161,1.52519509722605,-0.744025591386318,-0.48744394845628,-0.696536272585953,-0.343032310267798,0.0635522495631704,0.90672853649105,-0.142343482280218,-0.10211502395315,-0.0438116504154722,0.161011636402382,0.901010450191858,1.46105686573307,0.461381013577408,-0.595717843921203,-0.0863537532420052,0.838910078641813,0.462559566356637,1.4184653740241,-0.126725703355298,1.11931518040397,-0.872742479583891,"Feminine",-0.427718243085383,1.24707584621909
-0.67125552722591,1.03440481314885,-1.56546273877874,-0.0344236406337158,2.0683170745306,-0.662412739482594,0.426867466392462,1.61453617799836,-0.746788017059092,0.276217060301401,-0.320752113945204,-0.744025591386318,-0.48744394845628,-0.696536272585953,-0.343032310267798,0.793827639782585,-0.648546268226338,1.17283635713204,1.01830125873021,-0.408124706097129,-0.788204110524329,-1.96581789102772,-0.726103921421506,-0.0656555843185634,-0.595717843921203,1.0546801098209,-1.76470518371902,-2.07677867233306,-0.889823558804748,1.72254875090123,0.366331710633866,-0.905098798533019,"Feminine",-0.427718243085383,1.24707584621909
-0.349140560783925,0.690966060957138,0.465572982237597,0.870531949500334,-1.05723074400404,-0.662412739482594,0.836660234129224,-0.433038314780853,0.395131663759971,-0.893647819139123,1.65932779391851,-0.744025591386318,-0.48744394845628,0.0820705017264094,-0.343032310267798,-0.719834078126746,0.418949410545202,0.449283180129285,0.161384509937485,1.06456458986489,-1.09447383537566,0.536961478029623,0.367952412734406,0.986846424523502,1.25566742154215,-0.0863537532420052,2.59359380723286,0.558132349058151,1.1689780879359,-0.394251498561228,-0.0878907416954603,-2.43393767758768,"Feminine",-0.427718243085383,-0.801193979414496
-0.992708566093555,2.06472106972399,2.17417452683739,0.828432426238791,-0.37616771877938,-0.662412739482594,1.24645300186599,-1.0356148636732,-0.882132700299044,-1.31612475759599,0.0475308203814004,0.966063396631337,-0.48744394845628,2.40262402516718,1.73382679788862,-0.719834078126746,-0.648546268226338,0.183919232138736,-0.292574471457084,-1.31405604953847,0.781448488467384,3.03716553435194,3.79907652502012,0.965854376197448,1.9962215277275,-1.60773223732587,3.7706148982466,1.25345152743329,-0.696067967811642,-1.12599681434153,-0.977959755467063,-1.78772867621615,"Feminine",-0.427718243085383,-0.801193979414496
-0.938022085657651,0.690966060957138,2.12168946486131,0.363469033408327,3.40132395726101,-0.662412739482594,0.0170746986557003,-1.23989829635472,0.778517074951312,-0.347694823401944,0.712976089839847,0.701519243788826,-0.48744394845628,1.92319591280758,-0.343032310267798,-0.719834078126746,-0.0499230008489267,-0.590162749836707,-0.597453732962085,0.865327510723408,0.00487538334381649,1.5320952855841,0.636746304423835,0.577765238965814,0.885390368449483,0.293990867778962,1.26338194475033,1.66804291398597,-0.721765291912816,-0.832963131570523,-1.05329534975836,-0.319419465999187,"Feminine",-0.427718243085383,-0.801193979414496
-1.3571161582788,0.690966060957138,1.8611513969274,0.430671334588201,0.907520253581449,-0.662412739482594,0.0170746986557003,-1.35409388098526,-0.0717150483783162,1.39447930348086,-1.86534119824297,-0.744025591386318,-0.48744394845628,0.145686685773246,-0.343032310267798,-0.719834078126746,-0.0711884810399542,-1.29498387123101,-0.698973845945064,0.772941701900406,0.891711706067861,3.1121631794005,2.75675550240819,0.900906881468152,-0.225440790828531,-0.0863537532420052,1.51047941596513,4.35123822762868,-0.649151448405205,-2.08186321723222,-0.985825848969424,-1.14577423865064,"Feminine",-0.427718243085383,-0.801193979414496
0.126280295392414,-1.02622770000143,0.443797977174811,-0.330374790316332,0.30182963587833,-0.467521804509945,0.0170746986557003,-0.537520238596583,-0.341932404285935,0.215830370241955,-0.57578406474895,-0.744025591386318,-0.48744394845628,-0.252555443413455,-0.343032310267798,-0.719834078126746,0.568878578911992,-0.79485076323101,-0.877380542140151,0.612887993765042,0.441036097414735,0.598220344829629,0.387543827347305,0.170416285495207,0.885390368449483,0.674335488799928,0.400635926296404,0.266366898945788,0.0420650004800034,-0.377292110240883,-0.0878907416954603,0.727430619062919,"Feminine",-0.427718243085383,-0.801193979414496
-0.283688295171761,0.00408855657371117,-0.802610952971197,0.318137072765324,-1.24948553951605,1.57702846700868,1.24645300186599,0.270433664362388,-1.50420560775253,0.0612627723221276,-0.110760901541097,3.00087348065617,0.882693096456677,0.208371218933567,-0.343032310267798,-0.719834078126746,1.21244095039542,0.155709380631261,0.0793452495097117,0.366958876973465,-0.770263422612369,-1.48878628691873,-1.05266771402028,-0.352121634045764,0.14483626226414,0.674335488799928,-0.0481122705210432,0.152369547996625,1.67435842467085,-0.242461314414311,-0.523280910750227,-2.09615450894078,"Feminine",2.33599963531248,-0.801193979414496
0.863793315879155,0.00408855657371117,1.36632346279696,-0.691885658672471,0.420998790048827,-0.354160244000854,0.0170746986557003,0.0881408396499355,-0.85481310763205,1.06348698665302,-0.441234324689644,-0.744025591386318,-0.48744394845628,1.32121489999374,0.671093573395819,-0.197298729763364,1.42625650317324,-0.598726392809961,-1.21863593396082,1.4313333648664,-0.440829672757791,0.589204816095532,0.250503559651284,1.55227019976845,0.885390368449483,-1.60773223732587,0.720377262385452,0.152735424817198,-0.112450225465534,0.0162566927339392,-0.593317317514207,-1.15339333759171,"Feminine",-0.427718243085383,-0.801193979414496
-0.456350414995914,-1.71310520438486,-1.18699006881309,0.699016456357112,1.3368412849894,-0.662412739482594,-0.802510836817823,-0.482430021401237,1.20009560555273,0.285923874678555,0.59638622359845,-0.744025591386318,1.47417302294916,-0.696536272585953,-0.343032310267798,1.96422727412232,0.239575136653263,-0.596071600628144,-0.104405413221928,2.26711201161033,-1.1350959990087,-0.759346068576608,-0.286695372397488,0.382195505314823,-0.595717843921203,1.43502473084186,-1.03616083382669,-0.432113674550732,-0.314049350876952,1.21841347307469,-0.672752263511349,-1.87512803396716,"Feminine",-0.427718243085383,1.24707584621909
0.957602964307625,-1.71310520438486,-0.503860562115254,-0.10895420159445,0.247449428810632,-0.662412739482594,-0.392718069081061,0.0886815075035407,0.285158986381788,0.543318330836571,0.109092526227779,-0.744025591386318,-0.48744394845628,-0.696536272585953,-0.343032310267798,-0.719834078126746,-0.648546268226338,-1.23451863519917,-1.13650795404767,1.47386448866634,0.403942588068218,0.842438532567443,0.697049638597185,0.238456007261199,-0.595717843921203,-0.0863537532420052,-1.20145405052179,-1.05230231487859,-0.192980866322099,1.10458392001462,-0.880476006339691,-0.304259931380425,"Feminine",-0.427718243085383,1.24707584621909
-1.2791475620382,0.00408855657371117,-0.631323885411208,0.679083048949857,-0.967264704273304,5.60425887195937,-0.802510836817823,-1.0413664330579,0.0355688229408707,-2.00357272030536,0.464144372750697,-0.744025591386318,-0.48744394845628,-0.696536272585953,-0.343032310267798,-0.109668578174475,-0.648546268226338,0.118590445585134,0.275744333601353,1.11074846776192,-0.731179893610991,-1.46756280157126,0.987747485760699,0.0922318634774228,-0.595717843921203,0.674335488799928,2.21911869258246,-0.868081357321625,1.69057462131965,-0.0308250427818302,0.77098773901448,-0.179987002238267,"Feminine",-0.427718243085383,1.24707584621909
-0.155418950251915,-0.682788947809716,-0.356561944936969,0.165121283225912,-0.812259134398467,1.66988861346878,-2.03188914002811,-0.103229921038567,0.285158986381788,0.711156752875478,0.109092526227779,-0.744025591386318,-0.48744394845628,-0.696536272585953,-0.343032310267798,-0.719834078126746,-0.648546268226338,0.195185971612743,0.360108673790915,0.456054450703121,-0.313818231411412,-0.179141947184588,0.0515877787860173,0.209802055034833,-0.595717843921203,-0.0863537532420052,-0.852640176861846,0.525653143229507,0.221206590600054,0.290814270154027,-0.769085644822134,-0.732908841290171,"Feminine",-0.427718243085383,1.24707584621909
-0.0509384905755006,0.00408855657371117,-0.139767175668918,-0.53003414181738,-1.34493991996229,1.35052552652987,0.836660234129224,-0.664426762277779,0.285158986381788,0.27333604067054,0.109092526227779,-0.744025591386318,-0.48744394845628,-0.696536272585953,-0.343032310267798,0.677557749644457,-0.648546268226338,0.253469989789044,-0.00178005621776475,-1.06018942277404,0.585579048410753,-0.0298139100589583,0.514349348491508,-0.0444966760325359,-0.595717843921203,1.0546801098209,-0.522851071552964,-0.720160794708361,1.22074649695818,0.294115693176306,-0.34506595416833,0.18021352914409,"Feminine",-0.427718243085383,1.24707584621909
-0.254664796942137,-1.36966645219314,-0.297931425775144,-1.19749291901524,-1.38935687603845,-0.662412739482594,-1.62209637229135,-0.745918229512352,0.285158986381788,1.02936251162475,0.109092526227779,-0.744025591386318,0.606994788638827,-0.696536272585953,-0.343032310267798,-0.719834078126746,-0.648546268226338,0.120597989614079,-0.288501436037171,-1.09220842747652,0.782795746290494,0.270762096098205,-1.2117962348177,-0.239051623438087,-1.33627195010655,1.81536935186283,-1.22966577523784,-0.573226653972903,0.694599303617693,0.052921980725738,-0.0775188516455968,-1.47274485224221,"Feminine",-0.427718243085383,-0.801193979414496
-0.464666583093437,2.75159857410742,-1.96584716183608,1.51647421106839,-0.306418707051469,-0.411494957242675,4.11500237602332,3.86721577256414,0.285158986381788,-1.06703545915085,0.109092526227779,-0.744025591386318,-0.48744394845628,-0.696536272585953,1.26181336421671,-0.099653235372227,-0.511739688181753,1.14817091782246,1.98028508598177,0.829466103684421,-1.57508671157529,-2.0605588554581,-1.18946368912268,-0.817012805387115,-0.595717843921203,-3.50945534243071,-1.93245086498455,-1.1781655322308,-0.43833112989886,1.76376549407901,3.55971303853183,0.547982126053431,"Feminine",-0.427718243085383,1.24707584621909
-0.508495211178007,-1.36966645219314,-0.572137276764754,-0.224081322610723,0.640015750237315,-0.662412739482594,0.426867466392462,-0.0441681308534746,-0.839094067966392,0.153655825009301,-0.260011369634055,3.02063074194752,1.23426303364058,1.00911669704077,-0.343032310267798,-0.719834078126746,3.24896493304385,-1.75662232471695,-1.59459669880987,1.45441411072242,0.158591230286977,-1.05521408902063,-0.104441661742975,-0.471090061538676,0.14483626226414,1.0546801098209,0.304517525735449,0.308248866804564,-0.548493474842434,-0.741735944146374,-0.484980743499121,1.33860247856539,"Feminine",2.33599963531248,-0.801193979414496
-1.27798302785613,-2.05654395657657,-1.40540198950142,0.67311541852855,-0.546753435218421,-0.662412739482594,-1.62209637229135,-1.02498628812462,0.285158986381788,-1.48372521495823,0.109092526227779,-0.744025591386318,-0.48744394845628,-0.696536272585953,-0.343032310267798,-0.719834078126746,0.76064058518089,0.40903359630257,0.884995467871423,-0.753091355981953,0.169837670440867,0.233486809275161,-1.54407353319324,-1.37063732152053,-2.44710310938456,0.674335488799928,-0.251477973315221,-0.622453928125034,-0.156515545262203,0.035917696115544,-0.409847737395675,-0.85327389916597,"Feminine",-0.427718243085383,-0.801193979414496
-0.579795636524843,-0.682788947809716,-1.5352277594632,0.934590279125264,-0.758465362085919,-0.662412739482594,0.0170746986557003,1.19073641251704,0.285158986381788,0.508529874095533,0.109092526227779,-0.744025591386318,-0.48744394845628,0.115401271174714,-0.343032310267798,-0.719834078126746,-0.648546268226338,1.30821576691709,1.00192431832667,0.592445153143391,-1.51558697409844,0.19064219797935,-1.13391639836267,0.713993858250993,-0.225440790828531,-0.0863537532420052,-1.78864893320942,-1.38233335396783,-0.178787884175248,2.30268517894409,1.26541363732142,-0.381429508059623,"Feminine",-0.427718243085383,-0.801193979414496
0.76001965230502,0.347527308765425,1.12812331744265,-0.394137764470186,-0.993524062221431,-0.00655636611719003,0.426867466392462,-0.124824284111532,0.367740195411767,1.22089528509705,8.15090576859012,-0.260097819807956,0.397823390057148,-0.696536272585953,0.832403362535899,-0.114182749567463,0.954671656241895,-0.413535347978529,-0.554258925731704,0.179326141147804,0.203261646822268,0.824589720279039,0.839060798362691,0.767370513831921,-0.595717843921203,-1.98807685834684,0.162750588602269,0.895559659427112,0.345371089430971,-0.344728957252461,1.53021839599379,-0.59194655425915,"Feminine",-0.427718243085383,1.24707584621909
0.101396677179953,0.690966060957138,1.36882177972823,-0.6052546416852,-0.454677047224048,-0.662412739482594,0.836660234129224,-0.306126049622455,0.285158986381788,0.279938402645114,0.109092526227779,-0.744025591386318,-0.48744394845628,1.50891268348953,-0.343032310267798,-0.719834078126746,-0.648546268226338,-0.27107564609056,-1.12699193369452,0.254198639322541,0.289808416919689,1.05408339936422,1.77037765775852,1.38368117694143,0.14483626226414,-0.0863537532420052,1.35016054638685,-0.20395193142465,-0.505473696036111,0.0196467461409315,-0.434646794977313,-2.55684302442503,"Feminine",2.33599963531248,-0.801193979414496
-1.64412977154559,-1.02622770000143,-1.07593286674574,0.299636973567321,-1.25784045869519,0.0401570507891777,-1.21230360455458,0.128041353276509,0.00879023594170722,-0.305381141474767,-1.004667802992,0.33565920297421,-0.48744394845628,-0.696536272585953,0.968217112901111,-0.719834078126746,-0.201431503183789,1.10515251219991,0.400623845308611,0.239353346560066,-1.20303152228378,-0.47206434125225,-1.41598828653494,0.455705779849627,-1.33627195010655,-0.847042995283939,0.283901913682262,-1.46956189433196,0.76538584193018,1.05023075365387,0.569193997611466,-0.280487024819191,"Feminine",-0.427718243085383,-0.801193979414496
0.161339733625402,-1.02622770000143,-0.135614019169531,-0.701600720242904,1.14048642702997,1.20956597801785,0.426867466392462,-0.070617318030432,-0.275756930898889,0.980246417182583,-0.974716201042013,0.570766444627254,0.715155400847555,0.8919780508855,-0.343032310267798,0.102918396683267,-0.10406982905392,-0.338549135754604,-1.10749232749905,0.963803281722684,-0.406131525034409,-0.294695191132155,-0.628777313967072,0.826317995315905,-0.225440790828531,1.0546801098209,-0.177287790748807,-1.11070219967324,-0.167729972585787,0.699945855551455,0.142605993430651,-0.615597102639516,"Feminine",-0.427718243085383,-0.801193979414496
0.689652947140452,-0.339350195618002,-1.09380655438542,-0.123734342608937,-0.385100355538212,-0.0360651434384204,0.0170746986557003,-0.223504055839908,0.285158986381788,-0.108837979870227,0.109092526227779,-0.0578972299351783,-0.48744394845628,-0.696536272585953,-0.343032310267798,-0.719834078126746,-0.648546268226338,-1.89119114723114,-0.829854752713898,1.41982518907293,1.03793622956148,0.261323549735626,-1.11903027577686,-1.55512110027928,-0.595717843921203,1.0546801098209,-1.33005720675808,0.222116416030246,0.678151691905405,-0.471349940083206,-0.403371344584393,-0.820610892194063,"Feminine",-0.427718243085383,1.24707584621909
-0.760405162227742,0.00408855657371117,-0.770050206016009,0.235167487619655,-1.63214167561188,0.318762312448673,0.0170746986557003,0.462643606197367,-0.836404467357902,0.589185386346728,-0.351546808589429,-0.744025591386318,0.371350084479595,-0.129345452542616,-0.343032310267798,-0.719834078126746,-0.648546268226338,0.92417345755828,0.197271573321833,0.479531973920255,-1.09415511952681,0.234167030376637,-0.60428382636232,1.06517051407961,0.885390368449483,0.293990867778962,-0.594814059164877,-1.26199820150169,3.41401423898865,1.59429411298709,1.4801641589545,-0.105291039509207,"Feminine",-0.427718243085383,-0.801193979414496
-1.19917911444652,0.00408855657371117,-0.417994337520472,0.795323648622922,-1.14866951475432,1.22057761753256,0.0170746986557003,-0.622347755639379,0.285158986381788,-0.0522489411217626,0.109092526227779,-0.744025591386318,-0.48744394845628,-0.696536272585953,-0.343032310267798,-0.719834078126746,-0.648546268226338,0.318946771373501,0.835392720656515,0.36667487942066,-0.375068421358244,-0.367673165322145,0.787559100996439,-0.0906551011674443,-1.33627195010655,-0.0863537532420052,0.0881284590858975,1.16230572414838,0.393306945121287,-0.246750466561036,-0.461059659053114,-1.0046304307671,"Feminine",-0.427718243085383,-0.801193979414496
-0.107283052934045,-1.02622770000143,-1.64850868329132,0.282687118857031,-0.676159395137019,-0.104489670737364,0.426867466392462,0.883491161145326,-1.66012534417087,0.492688260478113,-0.144911445097871,1.69870525560571,-0.48744394845628,0.287222079190456,-0.343032310267798,0.29921826100516,-0.648546268226338,-0.815001469232294,-0.547343888946334,3.00582053632573,-1.34334145285732,-1.9538671635643,-1.19869059152305,0.166167198324969,-0.225440790828531,1.43502473084186,-2.25460258384569,-0.901522692971134,-0.270981975555769,1.61209033976479,-0.566255812664181,-0.0339148973458768,"Feminine",-0.427718243085383,-0.801193979414496
-0.149305906975967,-0.682788947809716,1.64816669731749,-1.52539473238879,-0.39501602108678,-0.662412739482594,0.836660234129224,-0.939316047427534,0.285158986381788,1.59494896443904,0.109092526227779,-0.744025591386318,-0.48744394845628,-0.696536272585953,-0.343032310267798,1.98889695566873,2.33906801657086,-0.571168980687311,-1.15481113290095,-0.0980975568263311,0.35501444229533,-0.104157939970791,-1.27217855899729,0.441772653573362,-0.595717843921203,1.43502473084186,0.20337269822752,1.20437301797217,-0.41022998570622,-1.22084275979986,-0.410680004960203,-0.793560981798417,"Feminine",-0.427718243085383,1.24707584621909
-0.759889171248781,-1.36966645219314,-1.24692947913069,0.954389732386081,-1.60910401104395,4.8703243589076,-0.802510836817823,-1.04181496301327,-3.35469756379826,-1.62624785735771,0.109239426955418,-0.744025591386318,-0.48744394845628,-0.696536272585953,-0.343032310267798,-0.719834078126746,2.88463236422947,-0.1853208351051,0.625524575510851,0.0480172774571054,-0.0055187803412495,-0.505159369853283,0.971660919127855,-0.704632768189503,-1.70654900319922,1.0546801098209,-0.280166525816009,-0.567254481162021,1.6476493948964,0.525931569991943,-0.923318453077215,-0.84650482351297,"Feminine",-0.427718243085383,-0.801193979414496
-2.08958013123258,-2.39998270876828,0.214548988185089,2.13209054486327,0.374712686542134,1.06207674572994,-0.802510836817823,-1.65345778671138,4.00590123767695,-0.151208359100688,0.201493083912679,-0.744025591386318,-0.48744394845628,-0.696536272585953,-0.343032310267798,-0.719834078126746,-0.648546268226338,-2.94303430803497,-0.67427607652314,4.12424650054409,0.268843831928954,0.920623491951129,5.35078183584606,0.209802055034833,-1.33627195010655,1.43502473084186,0.926147261630053,1.60927072102633,-0.743112281618913,0.0432515624563036,-1.33014682995417,-3.01131968473029,"Feminine",-0.427718243085383,-0.801193979414496
0.067119818475127,-2.39998270876828,-1.54612979527409,0.724967496189223,-0.787189630437138,-0.662412739482594,-1.62209637229135,2.50660107482114,0.285158986381788,-0.248032686848441,0.109092526227779,-0.744025591386318,-0.48744394845628,-0.696536272585953,-0.343032310267798,-0.719834078126746,3.2211255673205,0.422501726275368,0.716208341931823,0.217860161752391,-0.761415773330563,-0.836144677057879,-0.610184799768309,-0.290959871968976,-0.595717843921203,1.81536935186283,-1.90499734155968,-1.16191225961705,0.255441217903168,1.58388734161087,-1.11610946339609,-2.39952418047323,"Feminine",-0.427718243085383,1.24707584621909
0.643977780145341,-1.71310520438486,-0.830021785867158,-0.468456958644147,-0.575331162206133,-0.406069707896948,-0.392718069081061,-0.418994724958128,-2.84443729975433,-0.64400455894608,0.0359967503715694,4.7578261294088,2.86747105871376,-0.696536272585953,-0.343032310267798,3.87066337478519,0.870390340119148,-1.99458705753199,-1.58393878018526,0.948025832554578,0.462619295067708,-0.879927061332247,-1.35938782519196,-1.06784286152628,-1.33627195010655,1.0546801098209,-0.888960399854205,-0.665655795793667,0.0258879349768061,-0.217614748692469,-1.11788633906722,-1.02298429589481,"Feminine",-0.427718243085383,-0.801193979414496
1.1811488306095,-2.05654395657657,1.47809493866756,-1.56160745790612,-1.21277171522672,-0.398949068130679,-1.62209637229135,-0.512488266168174,6.79645792614832,0.612798847732861,0.18928367959384,-0.744025591386318,-0.48744394845628,-0.696536272585953,-0.343032310267798,-0.719834078126746,1.60876230250932,-2.71650784418716,-1.71713939036435,-0.758736422945515,3.19864458438567,1.60381111323241,-1.12406123387299,-2.41919806173515,-0.595717843921203,1.43502473084186,0.133426772736945,1.9221462188409,0.0551234945947856,-3.12864562992078,-1.23044872059818,-0.105291039509207,"Feminine",-0.427718243085383,1.24707584621909
-0.660037500160982,-1.71310520438486,0.400973800551354,0.292658607741165,-0.17035723776205,-0.514214424347142,-1.62209637229135,-1.12278209298399,-0.521748971730413,-1.48515250115167,0.0689360064261756,-0.744025591386318,-0.48744394845628,-0.696536272585953,-0.343032310267798,2.23910102706347,7.18404250733835,-1.26182585345363,-0.439736536060866,-0.535178168617093,0.844485870409794,0.970010548911225,-1.2194069818876,-1.43728235547166,-0.595717843921203,0.674335488799928,1.56605416230283,1.30016480752278,-0.608428963864224,-1.89810238179377,-1.03899305926854,1.0780502647775,"Feminine",-0.427718243085383,1.24707584621909
-0.796059108764748,-2.05654395657657,-0.293433966146272,-1.16275743882774,0.648301263238632,-0.412815577149202,-0.802510836817823,-1.21928193864577,2.17173252224975,-0.720387021114714,0.220898154592635,-0.744025591386318,-0.48744394845628,-0.696536272585953,-0.343032310267798,-0.719834078126746,-0.648546268226338,-1.51368422629105,-1.34014185437481,-0.99256940801405,2.38921967444368,1.67116763927423,-0.384368676612449,-1.41943745394937,-2.44710310938456,1.43502473084186,0.602360019687808,-0.867293078576366,-1.10355638917316,-1.15402794114519,-0.48996023454706,-1.86667003160415,"Feminine",-0.427718243085383,-0.801193979414496
1.0694177056132,-1.71310520438486,0.931248822393178,-2.85764184484277,3.60994338114697,-0.662412739482594,-0.802510836817823,0.0550839441345132,0.285158986381788,1.42700602659092,0.109092526227779,-0.744025591386318,-0.48744394845628,-0.696536272585953,-0.343032310267798,-0.719834078126746,-0.648546268226338,-0.272406523723934,-1.25974320008312,-3.07172833407218,2.59370596748165,0.273393113895178,-0.934738337097585,-0.897145362552517,-1.33627195010655,2.57605859390476,-1.11823715709431,-1.38774720540803,-1.16839607329666,-0.791458225011356,-0.694461097290538,1.35467550474062,"Feminine",-0.427718243085383,-0.801193979414496
-0.293018963162356,-0.339350195618002,0.482694266246155,-0.0137721043646516,-0.352300787508967,0.628021569179839,0.426867466392462,-0.875552330293911,0.285158986381788,-0.370883102693799,0.109092526227779,0.1904158913519,-0.48744394845628,-0.696536272585953,-0.343032310267798,-0.719834078126746,-0.648546268226338,-0.587159084017733,-1.07155733893884,1.66880365901788,-0.452337891752711,1.5062128816208,-1.35016686487906,0.710563982038642,-0.595717843921203,-0.0863537532420052,1.22058630036181,0.768976526895756,-0.705266230616619,-0.536752495578365,-0.796971487386107,0.25158967130742,"Feminine",-0.427718243085383,1.24707584621909
0.422430513065002,-0.682788947809716,0.140570888039741,-0.972757051667516,-0.92811200157264,1.49319911703307,0.426867466392462,-0.299525546327225,-3.11204046045292,0.695541594081704,-0.050292889526713,3.52190291676642,-0.48744394845628,-0.696536272585953,-0.343032310267798,-0.719834078126746,-0.648546268226338,-1.24901031752091,-1.46020205217159,1.06707458322884,0.347233149720436,-1.03982794302994,-1.09278179875358,-0.399821160448064,-0.595717843921203,0.674335488799928,0.133426772736945,0.493801554904802,0.108541554143689,-1.25308902921086,-0.593943724077633,-0.105291039509207,"Feminine",-0.427718243085383,1.24707584621909
-1.85871230444839,-0.682788947809716,0.840468044197435,0.246765522616397,-0.605660430889213,2.30155356322644,0.0170746986557003,-1.4398650783729,0.285158986381788,-1.3990465829996,0.109092526227779,-0.744025591386318,-0.48744394845628,-0.696536272585953,-0.343032310267798,-0.719834078126746,-0.648546268226338,-0.323822069794658,-0.913265585945082,0.278897448296019,0.32518615409158,2.97018635579497,0.989255601382528,1.03136459152545,-1.33627195010655,-0.0863537532420052,2.51158823941632,0.748863102036251,0.300512705647553,-0.680337484554723,-0.881597060462242,-2.03244687791898,"Feminine",-0.427718243085383,-0.801193979414496
0.862004939727024,-0.682788947809716,-1.26289935471763,0.509102028494901,-1.13968590858744,1.70876030268463,0.426867466392462,0.791771842524688,0.285158986381788,-1.40329018226973,0.109092526227779,-0.744025591386318,2.23207048917399,-0.696536272585953,-0.343032310267798,-0.719834078126746,-0.648546268226338,-0.513023150394822,0.905819853539303,0.217860161752391,0.432748769129329,-1.31526326860579,-0.666244047125185,-1.8615313702991,-0.595717843921203,-0.0863537532420052,-0.731359215146488,-0.381755174157332,1.75381778824985,-0.245102727759803,-0.746662909711456,-1.58379684146379,"Feminine",-0.427718243085383,1.24707584621909
-0.59797476061006,-1.71310520438486,-0.261869976750924,-0.490970355654127,1.40684679830683,-0.662412739482594,0.836660234129224,0.289694445337084,0.285158986381788,2.06376865205058,0.109092526227779,-0.744025591386318,-0.48744394845628,-0.696536272585953,-0.343032310267798,-0.719834078126746,1.11804304800156,1.58749496892124,0.353473276247908,0.0480172774571054,-1.59290246561879,0.029509203323371,-1.28045840947007,2.03867170148351,-0.595717843921203,2.57605859390476,-1.21075144756012,-1.0569726516544,-1.16973591771792,1.76710873222645,-0.923318453077215,-2.65268094085546,"Feminine",-0.427718243085383,1.24707584621909
0.156935537359379,-2.05654395657657,0.0525559176104136,-1.58780389764208,-0.531095646560069,1.60566582259041,0.0170746986557003,0.781746833378634,-3.9897363661701,1.7423213899308,-0.0747305509642021,-0.744025591386318,-0.48744394845628,-0.696536272585953,-0.343032310267798,-0.719834078126746,-0.648546268226338,1.5296584249601,-0.260089228472728,-1.77689030911995,-0.0955831029101873,-0.387608123268342,-0.741387293582269,1.17936238178688,-0.595717843921203,1.81536935186283,-0.777358469821139,-1.97215519012775,-0.0807441786056795,1.15004122107298,-0.946028171084706,-0.920257438836728,"Feminine",-0.427718243085383,1.24707584621909
1.87580398682455,-1.71310520438486,0.31811832838857,-1.80785399142408,1.85085676652263,-0.472718896109216,0.0170746986557003,0.0592326621897592,0.285158986381788,0.486483483679614,0.109092526227779,4.01313104800824,-0.48744394845628,-0.696536272585953,-0.343032310267798,-0.719834078126746,5.26149798969974,-3.20662873869424,-3.15186649486105,-0.634442312165788,2.84215134597485,1.29327128537728,-0.901692886024057,-1.76593136605291,-0.595717843921203,-0.0863537532420052,-0.471923418781467,-0.313491429179607,-0.939654319354632,-1.94062595423045,-1.08524727532072,-1.5053615204052,"Feminine",-0.427718243085383,1.24707584621909
-0.126915264719439,0.00408855657371117,-0.232503480288168,0.5020078581951,-0.284983485838231,0.498978138313602,1.24645300186599,-0.74438752111039,0.285158986381788,0.336668239716933,0.109092526227779,1.09853507880172,-0.48744394845628,-0.696536272585953,-0.343032310267798,-0.719834078126746,7.74482644549497,-1.13082259725249,-0.9876246778651,0.878094472534084,-0.277121205365261,-0.176325646444164,-1.113928459116,-0.629503146563095,-0.595717843921203,0.674335488799928,0.468379091987566,1.56520374950315,-0.593524371356159,-1.15402794114519,-0.369339386691578,1.11302586983031,"Feminine",-0.427718243085383,1.24707584621909
-1.20043007678906,-1.36966645219314,-0.10782881723702,-0.597791840290577,2.13118096260397,-0.662412739482594,0.426867466392462,-0.27525253509117,0.285158986381788,0.182105718311063,0.109092526227779,0.143905229315155,-0.48744394845628,0.376249984328591,-0.343032310267798,-0.719834078126746,0.822279225827663,0.443587576820986,0.395327322288368,-1.01945677813638,0.2402902568963,-0.952732609842792,-1.14033786300753,-0.599121057817458,-0.225440790828531,1.43502473084186,0.413210474699213,0.694711573568347,-1.18927211234786,-1.23698929528142,-0.406773442922597,-0.993696213244211,"Feminine",-0.427718243085383,-0.801193979414496
-0.407604409545314,-2.39998270876828,-1.00756922621599,-0.625870630537877,-0.13651655328516,-0.0978477294427779,-0.802510836817823,-0.53859479446053,-3.46534920292373,0.409722873497871,-0.0174883192903084,0.825836099613889,-0.48744394845628,-0.696536272585953,-0.343032310267798,1.24489883171957,1.95187320526114,0.0869836723933461,-0.0513390570553183,-0.65717037813694,0.0452774975876372,-0.0303736768724128,-1.42909828515754,-0.0425819561750849,-1.70654900319922,1.43502473084186,-1.42664714940474,-1.14903966770697,-0.623572029852416,0.550755113236631,-0.809709464853604,-0.51707647506685,"Feminine",-0.427718243085383,-0.801193979414496
-1.79394572254209,-1.36966645219314,-1.25613564270434,1.73122409495033,-0.0791793252949585,0.267459041759456,0.0170746986557003,-1.33215050102795,0.285158986381788,-2.069494852449,0.109092526227779,2.29834202683113,-0.48744394845628,-0.696536272585953,-0.343032310267798,-0.719834078126746,1.87124004329252,-0.372222346227259,0.813218882754261,0.944629713155507,-0.590704152691621,-0.890618108655059,-0.638866275160197,-1.50210499774561,-1.70654900319922,1.0546801098209,1.12893622390505,1.2454620026373,-0.672304786909372,-0.989459151340895,-0.292516885751644,-1.79885223083901,"Feminine",-0.427718243085383,-0.801193979414496
-0.593726192066967,-0.682788947809716,-0.451253913122996,-0.223311080091111,-0.470758094059733,0.205089593017611,-0.802510836817823,0.725768299388456,-0.0383838180786609,-0.401045878576855,-0.773253059836912,1.15194263445934,1.24673917119201,1.59414742575332,-0.343032310267798,1.65303175502097,1.70690615341087,-1.20961441076477,0.655752497651175,-2.04671162885147,2.18938211782031,-1.27745841999734,1.15933752984435,-2.68590821850891,0.885390368449483,1.81536935186283,-0.486963175092471,1.58206415599897,-0.699243736595799,-2.21844904428214,-1.1554545675428,-0.163689701279205,"Feminine",-0.427718243085383,-0.801193979414496
0.842139059661653,-1.02622770000143,-0.0961590324253542,-1.64104182355708,0.623357286731836,-0.662412739482594,-0.802510836817823,0.0257973732387615,-2.41537974439696,0.478692250515332,-0.0726648060653434,-0.744025591386318,-0.48744394845628,-0.696536272585953,-0.343032310267798,-0.719834078126746,0.662149030910493,-1.70079240951471,-1.03311076515667,-2.30238908908095,3.35131410250377,0.788393629767658,1.49836624597737,-1.82555287407741,-0.595717843921203,1.81536935186283,-1.40087094770137,-0.0459415899927095,-0.887705256443325,-1.23573924092156,-1.10375436527152,-0.287098194076162,"Feminine",-0.427718243085383,1.24707584621909
0.218022037324138,0.00408855657371117,-1.28264939379643,0.75401361416644,0.125299247236012,-0.463433183496533,0.426867466392462,-0.0107482990547291,0.285158986381788,-0.704930355107792,0.109092526227779,1.05627451297172,2.80591298518771,0.753529554803127,-0.343032310267798,0.0312106121814779,1.33954201425644,-0.931313051111293,0.98409983539562,0.00282972108496976,0.574849838536987,-1.22295601702316,-1.05145850832059,-2.39507879460881,-0.225440790828531,0.674335488799928,-1.56837684562079,1.08685475219832,-0.406747417321067,-0.887947613287432,-0.7337009573315,0.0182445911580912,"Feminine",-0.427718243085383,-0.801193979414496
0.425822512813206,-1.02622770000143,0.653485715714123,-0.557679282794444,0.93473466893919,-0.662412739482594,-0.802510836817823,-0.987043249778888,-0.230020709951388,0.865055080923787,-1.01873781022027,-0.744025591386318,-0.48744394845628,-0.696536272585953,-0.343032310267798,-0.719834078126746,1.85185707166547,-1.67448611048723,-0.374787124855919,0.33805666448444,1.37835417605457,-1.28659805372685,0.945674926874801,-1.40804417066977,-0.595717843921203,1.0546801098209,0.20660097171168,2.25427559344407,-0.986785484202779,-2.2600337833929,-1.20273594910713,0.537094239960717,"Feminine",-0.427718243085383,1.24707584621909
-1.05724392889062,-2.05654395657657,0.916518960675347,-0.162479426554076,1.45784668259552,-0.662412739482594,-0.392718069081061,-0.979021007646943,-2.25171073041037,-0.0804016906055465,-0.032943847128034,-0.744025591386318,-0.48744394845628,-0.696536272585953,-0.343032310267798,-0.719834078126746,-0.648546268226338,0.104776296462846,-0.231849216105647,-0.669954915245723,0.555677472029602,2.41121466565576,0.903414878867312,0.847135416676035,-0.595717843921203,-0.0863537532420052,0.782016263649485,1.15417908784149,-0.972320083909013,-0.504621588954283,-0.878298574293978,1.53344691832223,"Feminine",-0.427718243085383,1.24707584621909
-0.30855756134501,-1.36966645219314,0.779074828449138,-1.93278789445893,1.21927499815768,-0.559318259388367,0.426867466392462,-0.648120318677634,-0.945968964414407,-0.193595300744483,-0.162125300673557,-0.0225817995663711,2.15208477042015,-0.696536272585953,-0.343032310267798,4.6976279894642,1.74154515961142,-2.43001849285023,-1.4308631865648,-1.82150329452855,3.09921695703986,0.619217188444684,-0.319995754626836,-2.03258039750428,-0.595717843921203,-0.0863537532420052,0.0984538099916444,1.12155303325656,-1.19963841844366,-2.6901774886216,-1.23207398088111,1.74774342050019,"Feminine",-0.427718243085383,1.24707584621909
-0.31046016269593,-1.71310520438486,-0.737997197066642,1.12220307594131,-0.624160395364519,-0.372803818301863,-1.21230360455458,-0.7040953790904,1.22579607238337,-1.4054025902142,0.163331767616653,-0.744025591386318,1.52927462326953,-0.696536272585953,-0.343032310267798,0.659894088900159,3.91679690854239,-1.11555115025151,-0.361807667881563,1.22737573245139,-0.181894745372085,1.24302663907263,0.0480389472871341,-0.262827179440678,-0.595717843921203,-0.0863537532420052,0.347194095584535,-0.303136816177361,0.156658584882392,0.403208434849649,-0.789894833237503,1.25925285478965,"Feminine",-0.427718243085383,1.24707584621909
0.671806718326564,-0.682788947809716,-1.20007912147849,0.759706345574753,0.412106698648771,1.88723569295528,-0.802510836817823,0.196073720734013,-0.551057773841191,-0.847612154812987,-0.107633687959083,-0.744025591386318,-0.48744394845628,-0.696536272585953,-0.343032310267798,-0.719834078126746,-0.648546268226338,-0.106439587071232,0.777762135711312,1.39731392579166,-0.665377101273879,-1.61515803085226,-0.667580306142773,-0.804795038837809,-0.595717843921203,-0.0863537532420052,-0.768169061395764,-0.265141171669849,1.30962836743692,0.413366240522548,-0.342056445942022,-0.576373577787155,"Feminine",-0.427718243085383,1.24707584621909
0.341811798816402,-1.02622770000143,-1.14115253847844,-0.582769397601492,-0.289249201059305,-0.0917569865958754,-0.802510836817823,0.109603760249961,0.373166030433448,0.806017832010921,6.55464055621505,0.287420986143385,0.455988129775505,-0.696536272585953,-0.343032310267798,-0.719834078126746,-0.221407721332864,-0.609305692309814,-0.69254788228471,0.998110783955208,-0.0592891139643162,-1.11008662544474,-0.618287976127386,-0.0803898106795969,-0.595717843921203,1.81536935186283,-1.39784670777937,-1.58691077701639,0.271672323554066,0.97689804220987,-0.378656307353521,-0.689277657209131,"Feminine",-0.427718243085383,1.24707584621909
-1.00617783023908,-0.682788947809716,-0.752440000051379,0.61884369084229,-1.03389782506668,-0.304499827457352,0.0170746986557003,-0.0156578112009274,-0.587864335151151,-0.061288150848873,-0.308753860846397,-0.0131775043284939,-0.48744394845628,-0.696536272585953,-0.343032310267798,0.194846047500029,-0.648546268226338,2.42273220992434,1.7182892915446,-1.83353825079742,-1.06574525169982,-0.0640826884431182,-0.20367696139276,0.699373771379344,-0.595717843921203,-0.0863537532420052,-0.477720866744909,-1.09299475171855,1.23718500906639,1.46085924620024,0.832185740996141,-0.820610892194063,"Feminine",-0.427718243085383,1.24707584621909
1.63361573524392,0.00408855657371117,1.01216741338852,-1.2292214525872,-1.39596757740691,-0.354468188551785,-0.392718069081061,1.01424048909036,-0.309027989110215,2.80271507916757,-1.63002809013716,-0.744025591386318,-0.48744394845628,2.90933084191009,-0.343032310267798,-0.719834078126746,-0.236565996761276,1.94924825719531,0.097627821174282,-0.821862437926004,-1.21533718686458,-0.497705181887576,-1.05567463617845,2.11574383804172,0.14483626226414,-0.0863537532420052,-1.25910883893084,-1.17210917969792,0.711229076651585,1.63040620320468,0.730185298101865,-1.42784896782963,"Feminine",2.33599963531248,-0.801193979414496
2.59366218955547,2.75159857410742,0.102879252658438,0.813480075057435,0.17883717351703,-0.327658898235456,0.836660234129224,2.56802641354991,0.285158986381788,0.340946679485069,0.109092526227779,-0.744025591386318,-0.48744394845628,2.87249671547168,2.73205907890575,-0.719834078126746,-0.29902752178985,1.11398158642647,1.22754777323459,-0.235784703397602,-0.783848845380557,-0.110769433079963,0.161624450938599,0.141956890731089,3.10705268700551,-2.36842147936781,-1.06332544920495,0.0388375771570455,-0.644338861616123,0.99277433488402,3.93518714178885,-1.53013056916054,"Feminine",-0.427718243085383,-0.801193979414496
0.0423495567770658,1.72128231753228,-0.348327860746876,0.246765522616397,-0.444265825139703,-0.662412739482594,1.24645300186599,0.857459546927255,0.285158986381788,1.1328663909286,0.109092526227779,0.278019780358607,1.38222222741453,0.538285408550059,-0.343032310267798,-0.719834078126746,-0.648546268226338,1.16275784920659,0.672755703855109,0.17716863738998,-1.25239886646204,-0.44575175061143,-0.674419354031397,0.940079865248711,0.515113315356812,-0.0863537532420052,-0.807928807823643,-0.111544516953823,-0.474931884253672,1.01464507762178,1.86816739272101,0.745732193976586,"Feminine",-0.427718243085383,-0.801193979414496
0.303368520546214,0.00408855657371117,-1.02271485015973,-0.421900050561935,0.315049839034408,0.0907834033234664,-1.62209637229135,0.404792102993416,0.285158986381788,0.148849186387376,0.109092526227779,0.645232542242182,0.147911636972384,-0.696536272585953,-0.343032310267798,1.01886761200273,-0.648546268226338,-0.563103176352484,-0.753029176329423,0.49441848662261,0.155560862058599,-0.479608836267851,-0.376621139099132,-0.143833358902359,-0.595717843921203,-0.0863537532420052,-0.632635859007561,-1.77421475091536,-0.137597039516915,0.793278933963512,0.154278167465778,-0.84650482351297,"Feminine",-0.427718243085383,1.24707584621909
-1.33840675057993,-1.02622770000143,-1.23158587317464,1.21326019591568,0.384373690410072,-0.154304230446759,1.65624576960275,-0.741614879583371,0.285158986381788,-0.51011357398521,0.109092526227779,-0.744025591386318,-0.48744394845628,-0.696536272585953,-0.343032310267798,0.502014746404542,3.39439445547932,0.167478329875274,0.902989830978007,0.684294351458865,-0.928640746572299,-0.48653907128494,-1.58578304481482,-0.784247740360784,-1.33627195010655,-0.0863537532420052,-0.22152269990178,0.815407517616206,-0.84535236637241,-0.108242034791566,-0.137599922056425,0.99731055958096,"Feminine",-0.427718243085383,-0.801193979414496
0.454339022595617,-0.682788947809716,0.394836358168932,-0.450008733725855,-1.1529949547606,1.09903009184164,-2.85147467550163,-0.162868837871533,-0.663856243705644,1.75054106391602,-0.720971307163888,0.844903245658425,-0.48744394845628,-0.696536272585953,-0.343032310267798,0.274463953171996,-0.648546268226338,1.29035094346906,-0.567315736641997,0.23367549105925,-1.44651755537054,0.306584415333947,-0.585219143050672,2.21082238682736,-0.595717843921203,-0.0863537532420052,-0.059136908775564,-1.08373862453556,0.49972860063927,1.4661107078627,-0.31220732602873,-2.07624587424647,"Feminine",-0.427718243085383,1.24707584621909
-2.57000649972042,-1.02622770000143,0.32732449196222,-0.839850376905206,-1.24577801951066,4.13776683368521,-1.21230360455458,-1.87791777332441,-0.523140192347852,-1.51641380787071,0.0780335152412576,-0.744025591386318,-0.48744394845628,-0.696536272585953,-0.343032310267798,-0.719834078126746,-0.648546268226338,-0.943352420274978,-1.2975966778995,-0.56341710600594,1.524694764547,0.977163157160618,1.55022260871595,-0.116556580150398,-1.70654900319922,1.43502473084186,3.00362164631551,-0.285244362292268,1.61222735845774,-1.53613448781698,-0.949090760054696,-0.0758238248546286,"Feminine",-0.427718243085383,-0.801193979414496
0.983017853067895,-2.05654395657657,0.00886903087958306,-0.906016037501175,1.15933298705733,-0.662412739482594,-0.802510836817823,-0.858932073535821,-1.74433678705194,-1.81808179503434,0.131421436828899,0.105466665648426,1.06656430161816,-0.696536272585953,-0.343032310267798,0.343333080880999,0.758607126517966,-2.47232996757199,-1.61330451496025,0.623718482665829,1.87277071738978,0.228563304159705,-0.946540283909559,-1.83876946452618,-1.33627195010655,0.674335488799928,0.689360622090555,-0.235475720633623,-1.15663974910083,-1.60448723877855,-1.07226777591832,2.33960815847334,"Feminine",-0.427718243085383,-0.801193979414496
0.31603956535127,2.75159857410742,-1.05623037653381,1.35840154464434,0.483673272352433,-0.409487614984756,1.24645300186599,1.10106635853507,0.647961589433321,-2.140903313418,-0.223528887506358,1.38200595113835,-0.48744394845628,0.330920987557554,2.75538046538918,-0.187674568417561,0.760131669740874,-0.559475243148802,0.774961204683427,-0.332335097232357,0.631192720723507,0.0190822972375883,-0.103768760264924,-2.26254041664051,0.515113315356812,-1.98807685834684,0.0149051828482576,0.377429378601442,0.0199004218281675,-0.708656461045435,0.700165464293645,0.0997255390450281,"Feminine",-0.427718243085383,-0.801193979414496
-0.21659054118997,0.690966060957138,-0.240255505751936,0.262351699364872,0.42906488498599,-0.486044496676767,1.24645300186599,-0.504407385500859,0.285158986381788,-0.518283577190577,0.109092526227779,-0.744025591386318,0.215052931714354,-0.696536272585953,-0.343032310267798,0.241385545085736,2.21395070601378,-0.822285574085988,-0.271552605033248,0.386041178295292,0.36587170571195,-0.00188034109012862,0.183859881971536,-0.633947493204464,-0.595717843921203,-0.0863537532420052,0.62674402414206,0.711667042364568,-0.932889871276631,-0.803415320205608,-0.35106577165455,1.28426577069169,"Feminine",-0.427718243085383,1.24707584621909
-1.35306902534757,0.690966060957138,-1.08668685752933,0.900857877273483,1.33734253122313,-0.662412739482594,1.24645300186599,-0.554519621730872,1.26430168409104,-0.827026778883113,0.299090925005361,0.403534124257108,-0.48744394845628,-0.696536272585953,-0.343032310267798,-0.00172994441098953,-0.173323411229359,0.6336993316673,1.3016754654918,-0.124805306562654,-0.537740990609751,-1.02106764221672,-0.934738337097585,-0.958642441307389,-0.595717843921203,0.674335488799928,-0.116906013229323,0.390702992695871,-1.08937600297054,-0.190467178034641,-0.277986552219583,-0.83207730460291,"Feminine",-0.427718243085383,1.24707584621909
0.375548818689144,-0.682788947809716,-0.383281955761732,-1.229709956208,-0.243253925802243,-0.662412739482594,0.836660234129224,0.489871298323996,-1.0737207923521,0.863726146587049,-0.318263206619703,-0.744025591386318,-0.48744394845628,-0.00933116308417243,-0.343032310267798,-0.0079743281824301,0.764725184755984,-0.0434955707829921,-0.625911401098606,-0.257699914274406,0.229649173033213,-0.897249656849496,-1.39306437589997,-0.0645283919324778,0.14483626226414,1.0546801098209,-0.817837813934829,-1.26918385886776,-0.675094530969523,0.31906870961952,-0.405320398527395,-0.0117397852174735,"Feminine",2.33599963531248,-0.801193979414496
1.27523613358654,3.43847607849085,-0.455873033522327,2.19116823011295,0.175146652149552,-0.605787711609944,1.24645300186599,0.823353703312642,1.16158246105982,-1.53253388981238,0.133443653591516,0.111951339366248,-0.48744394845628,1.37182370803009,2.77565361332151,-0.719834078126746,-0.648546268226338,1.2584510759602,2.16734638823648,-1.40944581580314,-0.150927972885752,1.22012340880509,1.82817849366278,-0.742027867285374,1.9962215277275,-1.22738761630491,-0.826136741626609,-0.142422633150355,0.158278149795425,1.22069300660587,0.654594316586919,-0.352362300843791,"Feminine",-0.427718243085383,-0.801193979414496
-0.579848325328448,0.00408855657371117,1.50445804344662,-1.42656903629952,-1.22393016782986,-0.662412739482594,0.836660234129224,1.15856619933768,-1.22714270285431,2.34994978467188,-0.504322940756016,-0.744025591386318,-0.48744394845628,1.59784207687967,-0.343032310267798,-0.719834078126746,-0.648546268226338,0.745693400041646,-1.27532417998431,1.02433992201907,-1.25494335843068,-0.163661377953353,-0.673839170960632,2.65222796996951,1.25566742154215,-0.0863537532420052,1.17674922263499,-0.00960766121425281,0.407294975895003,0.256075632138376,-0.716816790745655,-0.790983191752385,"Feminine",-0.427718243085383,-0.801193979414496
0.804646977756679,1.72128231753228,1.98951319787922,-0.898636021511611,-0.293785115564724,-0.662412739482594,0.836660234129224,-0.668488510336146,-0.958378211663808,0.135467470968378,-0.221191354217584,-0.223514420630282,-0.48744394845628,-0.0676615702567381,-0.343032310267798,-0.719834078126746,-0.648546268226338,1.00345326372212,-0.135786089535283,-2.18606989288864,0.668171908370711,1.25768688069998,1.45404456842304,1.13030076965987,-0.225440790828531,-0.0863537532420052,-0.00535188049105199,-0.858877105235069,-0.608938621788571,0.605274725455743,-0.378261840954521,-0.942338524879105,"Masculine",-0.427718243085383,-0.801193979414496
-0.347763571614833,0.690966060957138,0.237064062142369,1.30400485692678,-0.177001957164266,-0.662412739482594,0.836660234129224,-0.87958565317942,1.02601474438304,-0.93463274724463,0.326295397119844,0.992547075649308,-0.48744394845628,-0.696536272585953,-0.343032310267798,-0.719834078126746,-0.648546268226338,0.613230708478453,1.19611004387645,-0.801948661206483,-0.00239708184512174,0.739246247363177,0.792288583221827,-0.581224528772051,-0.595717843921203,-0.0863537532420052,0.680614366840165,1.41545404096421,-0.527826436906437,-0.616390774011501,-0.139581085041824,-1.35289881368633,"Masculine",-0.427718243085383,1.24707584621909
1.62460582847312,0.690966060957138,0.985003836040246,-1.41863936652222,-1.42844467823735,3.35034163956964,-0.392718069081061,0.121547755465582,-0.527342787731193,0.319089247217986,-0.449164686363645,0.276248471222136,-0.48744394845628,-0.696536272585953,-0.343032310267798,0.557072059121725,-0.648546268226338,0.103491444926918,-0.418831798609403,-1.78610925988077,1.16094687400482,-0.0242356445869312,-0.0480378236731984,-0.172929331115394,-0.595717843921203,-0.0863537532420052,-0.270489732868915,-0.623695136860015,2.59885039949843,-0.383332877974307,0.663231309909015,-0.14220973373162,"Masculine",-0.427718243085383,1.24707584621909
0.252011369874908,0.690966060957138,0.0762812903499787,0.106514220763933,-1.00233258102682,-0.662412739482594,0.836660234129224,-0.154130438284277,-0.555008618749376,-0.764558507855127,-0.129690952768484,0.662660511660463,0.155882047542277,1.00300324553673,-0.343032310267798,-0.719834078126746,-0.648546268226338,-0.0493414150113213,-0.225732715731221,-0.74823538440038,0.617802730484593,1.93438576869109,0.198756167467454,0.0213432653022294,0.14483626226414,-0.0863537532420052,-0.0200029993069004,-0.389095361789335,0.0456799447816772,0.206962385288668,-0.81030749196476,0.777519139879288,"Masculine",2.33599963531248,-0.801193979414496
0.462596973335642,0.00408855657371117,0.254054818984359,-1.04158372252658,1.19836608335276,-0.662412739482594,0.0170746986557003,1.42525553477284,0.285158986381788,0.491482374529733,0.109092526227779,-0.134607233078785,-0.48744394845628,0.0397549161659548,1.13721354476915,0.0428727968135925,-0.648546268226338,-0.286624595335182,-0.890189806096899,-0.315931760318519,0.599198814050206,0.029509203323371,-0.395697244663745,0.0138517357724836,0.14483626226414,-1.98807685834684,0.340223422013408,-0.532274611841136,-1.00938845385693,-0.378354648207486,-0.159943947572218,0.0699049458007768,"Masculine",2.33599963531248,-0.801193979414496
0.633173326402042,-0.682788947809716,-0.0128132911965102,-0.120590725250305,0.854754596724212,-0.295387991611496,-1.62209637229135,0.182641457098015,-0.665781223888372,-0.372672682736641,-0.198077160908537,0.0520503168287964,0.968847758510027,0.265272095682259,1.59059513525715,-0.719834078126746,-0.648546268226338,-0.116278110080132,-0.256848705465667,0.154470525423119,0.0731885468530507,0.213877676832563,-0.47759842569505,-0.152818650726546,0.14483626226414,-1.22738761630491,0.181665342040765,-0.44060323017261,-0.578396830235228,0.0458251098740449,-0.128652269591449,0.298393698955495,"Masculine",2.33599963531248,-0.801193979414496
-0.631274181820907,0.690966060957138,-0.220116038023222,-0.0485667683066659,1.30146105656052,-0.662412739482594,0.836660234129224,-0.641959880970141,-0.992262059021998,-0.97976644532519,-0.00862902176986213,-0.209331554942105,0.490692034560601,-0.696536272585953,0.955712009410403,-0.0506471197322242,0.680005915094919,-1.27895979431917,-0.931913516454847,1.09067672791295,0.448156726441072,0.306313096793577,-0.573219301511186,-0.678470463982814,-0.595717843921203,-0.847042995283939,1.28686748409642,0.48223691145994,-0.830455877332119,-1.13562248942445,-0.706862091227156,0.438265735426879,"Masculine",-0.427718243085383,1.24707584621909
-1.05677961533986,1.03440481314885,-0.458056497044412,1.29209068753565,-1.3431495671352,-0.662412739482594,0.426867466392462,-0.846840526303069,1.06755805791582,-1.32888315923443,0.197132182079397,-0.744025591386318,-0.48744394845628,-0.696536272585953,-0.343032310267798,-0.719834078126746,-0.648546268226338,0.329955534102553,0.755193886374488,-0.311509949579183,0.0834933889266569,1.07386183691142,2.51341550622878,0.160661865936326,-0.595717843921203,-0.0863537532420052,0.978007480529626,0.0185766012961634,0.31115458469831,0.369334451392256,-0.560488166576502,0.711300417444082,"Masculine",-0.427718243085383,1.24707584621909
0.656897528508592,0.00408855657371117,1.019341047342,-0.244098632587398,-1.31771414751282,-0.662412739482594,0.0170746986557003,-0.388552056373382,0.774015632537357,0.975115117468318,1.35020834229754,-0.744025591386318,-0.48744394845628,-0.00431506739437815,-0.343032310267798,-0.00277827161349322,-0.648546268226338,0.242225399676136,-0.239876564772235,0.788135539678185,-0.63789742284598,-0.23431266198131,0.651925729775814,1.23837436349374,1.25566742154215,-0.0863537532420052,-0.206806546583626,-0.00854681657838627,0.968120892659454,0.650774061200636,0.898137858923289,0.174006908086417,"Masculine",-0.427718243085383,-0.801193979414496
-0.304802895986555,1.03440481314885,0.109551105358107,0.794857713838604,0.49978175017482,-0.662412739482594,-0.802510836817823,-0.0648325011592539,0.7286911752779,-0.0258283727640586,0.950220597520809,0.815439664574153,0.4634856032449,1.8156307502285,-0.343032310267798,-0.0692602669193567,0.212519782597328,-0.324328378943993,0.224474117127219,0.787002542238603,-0.326966896741815,-0.181525544764896,0.969423714496799,0.000874893437220329,0.885390368449483,-0.0863537532420052,1.04689276656081,1.3763753173551,-1.01142691470362,-0.719684239047906,0.329141391893856,-0.858086288888024,"Masculine",-0.427718243085383,-0.801193979414496
1.1439358056788,0.690966060957138,1.02173225865983,-0.119306333015211,0.711604708762877,-0.662412739482594,0.836660234129224,0.399911642463386,0.740760078377114,0.348524986133532,1.11974957982314,-0.744025591386318,-0.48744394845628,0.59372638198882,0.953945010336009,-0.719834078126746,-0.648546268226338,0.866308675854745,0.528918603935848,-0.962027956903041,0.000240434843429678,0.100798346413594,1.04596553643194,0.538874178494468,2.73677563391284,-0.847042995283939,0.0751860837570308,0.0180753321407811,-0.713022570296476,0.240038653575197,0.613742115530563,-0.0907574359012903,"Masculine",-0.427718243085383,-0.801193979414496
-0.949463110822661,0.00408855657371117,-0.00658554900613417,0.692495425835196,-0.252480374020287,-0.662412739482594,-0.802510836817823,0.182618779715631,0.857580871196429,-0.526596017837542,0.556608835647375,-0.744025591386318,-0.48744394845628,0.114013343749481,1.28650329767032,-0.719834078126746,-0.0929010815837156,-0.182896471612422,0.309759050383434,-0.302991350086496,0.532352538658786,1.19389854046364,1.87539598303959,-0.131743259280578,1.25566742154215,-1.98807685834684,0.69442896487668,0.925758095031412,-0.45589980380255,-0.405693886310922,0.922373449084586,-1.14545225715624,"Masculine",-0.427718243085383,-0.801193979414496
-0.46748116257177,1.72128231753228,-0.532418457282468,2.05673156970927,-1.10334934007869,-0.662412739482594,0.0170746986557003,0.719381737627904,0.586569249763034,-0.808300075021544,0.740813244962289,0.668991232196226,-0.48744394845628,0.583854885531677,0.515003990941741,-0.719834078126746,-0.355969819814156,0.846135632692037,1.38829667020393,0.400697326124283,-1.06917221482066,0.673421490371405,1.18704136796992,0.181406014169638,1.9962215277275,-3.12911072140974,0.74562675425836,1.22345665081393,0.626533403168692,0.2773609861961,1.84788221054149,0.888876654908527,"Masculine",-0.427718243085383,-0.801193979414496
0.365890855899298,1.72128231753228,-0.375297788909598,1.37067034253802,-0.458237150201852,-0.662412739482594,0.0170746986557003,0.0149785222214547,0.285158986381788,0.0802844900701686,0.109092526227779,-0.744025591386318,1.08701177859282,0.343313564160163,-0.343032310267798,-0.181255977839928,-0.648546268226338,2.55321305164087,2.41772216977802,-1.42693408615989,-1.46294122822766,0.165521384219189,-0.0259884325756134,0.671030145696223,0.885390368449483,-0.0863537532420052,-0.742737978144936,0.143696020737012,-0.4586643957286,1.31201043940713,2.22943129410921,-1.13664355241963,"Masculine",-0.427718243085383,-0.801193979414496
0.794429444755282,1.37784356534056,-0.815693395944275,1.93452885608096,0.334356914019803,-0.640558610061698,0.836660234129224,-0.0522334704763659,0.285158986381788,-2.40364798354838,0.109092526227779,0.380517167209817,-0.48744394845628,0.662121393764272,1.02269595713019,-0.0161331791846576,-0.182855101770846,0.162130743678294,2.06685079997259,-0.879062076647567,0.457404955957459,-0.359619213830981,0.67965977408758,-2.3514014971193,0.14483626226414,-0.847042995283939,-0.125513444265406,1.10185658990012,1.23543755976323,-0.738362072341493,-0.407761622952694,0.935192159632221,"Masculine",2.33599963531248,-0.801193979414496
-1.78292454618597,0.00408855657371117,1.78978933394661,1.13025103587387,0.76545124752399,-0.662412739482594,-2.85147467550163,-1.77649958012626,0.921787888694649,-0.718418597114215,0.441136905530363,0.00210639102822818,-0.48744394845628,-0.696536272585953,-0.343032310267798,-0.719834078126746,-0.339561064627541,-0.210935664212697,-0.124426724738676,0.96051916152268,-0.351564399945485,1.77785510800748,2.58796328898664,1.20942187129718,-0.595717843921203,-0.0863537532420052,3.02700726451413,2.75370505143554,-0.715836164190757,-1.35093594871781,-0.0531631353943052,-0.307006223883815,"Masculine",-0.427718243085383,1.24707584621909
0.151894670299423,1.03440481314885,-1.21102062121257,0.782184849072059,-0.304154562442943,-0.662412739482594,0.836660234129224,2.72801330429255,0.285158986381788,-1.08657657792859,0.109092526227779,0.0440575868266366,0.233391203686683,0.255615385157478,0.6140744474067,-0.226678227261707,0.0041694630707179,0.735973803613819,1.06801765262524,0.406119744344779,-1.01277429148121,-1.69689052693378,-0.699339265444303,-0.465924882608859,1.62594447463483,-1.98807685834684,-0.325013991924157,-1.18776083774975,-0.517514494441089,0.899281648109875,1.45926214194791,0.080522884304403,"Masculine",-0.427718243085383,-0.801193979414496
-0.261428176001264,0.690966060957138,0.893160038175054,-0.929809209051481,1.35179552134101,-0.0589449304316309,2.06603853733951,-0.340340049489063,0.438240953292218,0.885314986079342,3.93557043344327,0.601570143756717,0.333072407583024,0.387284357256856,-0.343032310267798,-0.158481818170656,-0.648546268226338,0.0497038886286834,-0.823653831191444,-0.844676922398941,0.54598366574376,1.54369060255966,-0.422722676606921,0.67851521871039,0.515113315356812,-0.0863537532420052,0.138862570375065,0.369926177683102,-0.55900483357165,-0.362751278167968,0.363062943360735,0.274393550592823,"Masculine",-0.427718243085383,-0.801193979414496
0.585301737056296,0.690966060957138,-0.836803438761129,2.33655517558217,0.0829182431725752,-0.662412739482594,-0.802510836817823,0.690658046822993,0.6881274612513,-2.03430672953803,-0.128623335754322,-0.271744697583609,-0.48744394845628,0.159369008201464,1.95125970090861,-0.424296636814123,-0.648546268226338,1.5580547064717,2.59863309615785,-1.05136283641096,-0.684704205249405,0.136314237195003,1.14849700359358,-0.89115106245729,1.9962215277275,-1.98807685834684,-0.192819204641469,0.102498468013183,-0.695376080938371,0.817331888105006,0.919677761707546,-0.214966575028467,"Masculine",-0.427718243085383,-0.801193979414496
1.1059270251657,0.690966060957138,-0.304009529603466,0.45611603917069,0.679211899563332,-0.515363248495479,0.836660234129224,0.0110803598956214,-0.309027989110215,-0.76932734385375,-0.226668630455893,0.250817051833077,0.422507650446621,-0.696536272585953,-0.343032310267798,-0.719834078126746,-0.648546268226338,-0.179928239503501,0.287960289099685,0.574336481642146,-0.145904212583785,-0.871769887075807,0.322999173343471,-0.469939420023564,-0.595717843921203,-0.0863537532420052,0.223851163104981,-0.00150275441448157,-0.300687891371149,-0.120770497681832,-0.0734975468169442,0.120107304164453,"Masculine",-0.427718243085383,1.24707584621909
-0.838646360372419,0.00408855657371117,-1.65775144342905,1.56000263871044,-0.330596564368082,-0.662412739482594,0.426867466392462,0.886444714157947,0.660991537017663,-0.825664332568979,0.604934608073887,-0.744025591386318,-0.48744394845628,-0.696536272585953,-0.343032310267798,0.107073712212612,0.0810888253447828,1.77969924127697,2.2752363262601,-0.360863740290814,-1.452158008675,-1.025426095941,-0.797048957624559,-0.344914018986216,-0.595717843921203,-0.0863537532420052,-1.67621797968575,-0.824205373087035,-0.520151363147872,1.72211431882558,2.76261473144327,1.26070064671994,"Masculine",-0.427718243085383,1.24707584621909
-1.02158366604381,1.72128231753228,-1.4075800818893,1.47588412312587,0.224755012036392,-0.454134026319256,1.24645300186599,2.64078648963015,0.745140858107839,-0.849460339103262,0.502148564921243,-0.744025591386318,-0.48744394845628,-0.0452017594592644,-0.343032310267798,-0.0451318426025994,-0.425295970021714,0.691346320732102,2.01119245692144,-0.479708827317536,-0.226473285984279,-0.881190014724776,0.931444502545752,-1.09025294776351,2.73677563391284,-0.0863537532420052,-1.29085674302159,0.447161729143627,-0.710008998555399,0.475466124934049,1.93778859474145,0.719629947788235,"Masculine",-0.427718243085383,-0.801193979414496
0.779656378669853,1.03440481314885,2.64905239465487,-0.389238503507877,1.7217723276891,-0.344134478789006,0.0170746986557003,0.0092931907038544,1.61928967409718,0.742422522865281,0.523150863737641,0.0377780395898803,2.37292183454926,4.97085247908212,3.45488932576327,2.21552385491058,-0.648546268226338,-0.459365668556176,-1.16177658976631,0.809265264836404,-0.295028332503422,1.52487708527561,0.632945761141512,1.50859095734351,1.62594447463483,-1.98807685834684,1.51673981710025,1.35747450366161,-0.578347715667766,-0.568381202926373,-1.05058401506835,1.43084767226669,"Masculine",-0.427718243085383,-0.801193979414496
-0.901634908313889,0.00408855657371117,1.51221189779341,0.532386786972888,2.50208360144259,-0.662412739482594,0.0170746986557003,-1.1812937759403,1.09992006330774,-2.16897216634741,-0.047061607732114,-0.266573738892338,1.25939744213834,-0.119685268259641,-0.343032310267798,2.26789844901181,0.933217401778207,-1.56734074656506,-0.653977033917966,-0.97971813189178,1.95993601245983,3.28435292616522,1.81141100941407,-0.890412105754542,1.25566742154215,-0.0863537532420052,2.73725319610852,2.27156192077982,-1.27182981004448,-2.43870010924314,-1.34262484869784,-0.0893113061890637,"Masculine",-0.427718243085383,-0.801193979414496
0.418515891783587,1.03440481314885,-0.259824162623455,0.386686221507984,0.980934993635986,-0.662412739482594,0.426867466392462,0.266489047715715,1.04106599003092,-0.196206031017271,0.55001237050446,-0.744025591386318,0.322885409934678,0.909010653676673,-0.343032310267798,3.71522892378367,0.452082741432581,-0.676746976717819,0.160642332752298,0.0767717161075526,0.376695500538233,0.152615737102195,0.611982719357419,-0.526080596160367,0.885390368449483,-0.0863537532420052,-0.628873291074507,0.432632844369265,-1.00779046004766,-0.0369408722042528,-0.182108385250672,-1.02298429589481,"Masculine",-0.427718243085383,-0.801193979414496
-0.374981526528909,0.347527308765425,1.15492558708442,-0.220858137943113,0.568292375795286,-0.64768495661199,-1.62209637229135,0.495504809340565,0.285158986381788,1.06689418838618,0.109092526227779,0.0493681203725466,0.480146094042897,0.901076684139885,0.299338532484089,1.26608193586885,0.00856781705519993,-0.456738456853613,-1.09404495756614,1.50244003596421,-0.695809619222058,0.533913517640969,0.320610250685463,1.45698270342167,2.36649858082017,-0.847042995283939,1.64621951164889,1.35795832655533,-0.857535250683351,-0.637295651865036,2.22962002673057,-0.423590051859172,"Masculine",-0.427718243085383,-0.801193979414496
-2.13324212598732,-0.682788947809716,-0.229423078561301,1.36301111353213,1.57300748102648,-0.662412739482594,-1.62209637229135,-1.27438731851549,-1.05814623901417,-0.642715374947976,-0.0614280759055152,0.380517167209817,-0.48744394845628,-0.696536272585953,-0.343032310267798,-0.719834078126746,-0.648546268226338,-0.071535522754979,1.27797998377178,-0.140318528337386,0.271426861025226,-0.0777309116404272,2.01544401769724,-0.844811172322757,-0.595717843921203,0.293990867778962,1.50989845259149,2.71554110584923,-1.16713920648985,-1.71992338115732,-0.762063594937014,-0.237288014742756,"Masculine",-0.427718243085383,1.24707584621909
0.992736502864266,1.03440481314885,1.83713531803963,-0.745397037818499,2.48984013593819,-0.662412739482594,1.24645300186599,0.106098290927742,1.53934176771723,-0.643860200740608,0.29151726610582,-0.744025591386318,-0.48744394845628,2.85531036079404,1.44213310292284,-0.719834078126746,-0.648546268226338,-2.10819520531494,-1.11173184862133,-1.09889927828975,3.05430695008141,2.9010999671261,0.678548010256027,-1.79887219148605,1.9962215277275,-1.22738761630491,1.04193789483917,1.95378531412554,-1.23723881718694,-2.70810195722359,-1.14045952355898,0.452150731931635,"Masculine",-0.427718243085383,-0.801193979414496
1.79583161041064,1.72128231753228,-1.31299044368633,1.96552524796814,0.289201807948162,-0.662412739482594,0.426867466392462,1.61477424305226,-0.571904128176149,-2.00790464889008,0.213669065212862,-0.0265385296860415,-0.48744394845628,-0.263107090176238,3.14244604674792,-0.270854893975395,-0.351423385058209,0.320271971893267,1.8524908557332,0.203577213530121,-0.382131444246214,-0.840426866379048,0.902697484477006,-1.50121081803668,0.14483626226414,-2.74876610038877,-1.5447639514646,-0.58829356161279,-0.778911229654429,1.19371665014846,1.18839419730725,0.103275609669337,"Masculine",2.33599963531248,-0.801193979414496
-1.11469075005534,0.347527308765425,-1.40387793041629,3.06453638690669,-0.369921467516032,-0.507560622443101,-0.802510836817823,-0.14336266950968,-0.264446551324179,-3.26330456002937,0.805390760267661,-0.283925447482389,-0.48744394845628,-0.696536272585953,0.774527280170417,-0.144003799742716,0.494662761735916,0.507178843560294,2.76525747909227,-0.56066935477114,-0.148604557365099,0.339153136675384,1.43568198829677,-2.07092489269059,-0.595717843921203,-1.98807685834684,0.495866386650561,1.13757331165992,0.167387977428454,-0.276541120479721,1.27082685483749,0.640914083107369,"Masculine",-0.427718243085383,1.24707584621909
1.03520748520163,0.00408855657371117,0.724615832661389,0.787717578089558,-1.09627913860351,-0.423804131465766,0.0170746986557003,-0.00761085079225177,0.285158986381788,1.19694586728655,0.109092526227779,-0.390453138458344,-0.48744394845628,0.157826836524368,-0.343032310267798,0.165180746128349,-0.648546268226338,1.66096301125026,0.919143905706327,-0.542301504174631,-1.16864676595003,0.987095801048769,1.51643032428871,1.82036068512816,1.9962215277275,-0.0863537532420052,0.159136626430779,0.638511068347588,1.44477415600114,1.00339341528396,1.9371835708405,-0.973751825058673,"Masculine",-0.427718243085383,-0.801193979414496
0.247507896533998,0.690966060957138,1.16795013501291,-0.224732763679404,-1.54028140807001,1.84990155519458,-0.802510836817823,-0.358696212635573,0.285158986381788,0.928660417245253,0.109092526227779,-0.343141604920485,-0.48744394845628,-0.454364911219135,0.630694278745273,-0.719834078126746,-0.648546268226338,1.94567981676231,0.175069870602555,-0.723822346883797,-1.27167841490379,0.539601590807535,0.484545221650214,2.26144259559893,0.14483626226414,-1.60773223732587,1.23627182470061,-0.492971387885085,2.25343165279416,0.907666445935569,4.87228123727947,-0.190563421739729,"Masculine",2.33599963531248,-0.801193979414496
-0.641267423049769,0.690966060957138,0.238303424011573,0.138094224669062,1.57384350590526,-0.510414467548797,0.0170746986557003,-0.890030630336449,0.285158986381788,-0.469445850119162,0.109092526227779,0.53228472650003,1.84735869067995,-0.696536272585953,-0.343032310267798,0.0788378364449251,-0.648546268226338,0.248226314367366,-0.0366880992803672,0.217860161752391,-0.465530240356639,0.100798346413594,-0.158976223481269,0.466289871305085,-0.595717843921203,0.674335488799928,1.17749766054739,0.305877183789038,-0.615427243300318,-0.284769025243185,1.1309588669591,0.484654625310113,"Masculine",-0.427718243085383,1.24707584621909
0.655314160334851,1.72128231753228,2.5359473623273,-0.812161486329719,0.598702007210402,-0.597001069353843,2.06603853733951,-0.895253132352929,0.285158986381788,-0.027851506758446,0.109092526227779,-0.744025591386318,-0.48744394845628,0.677873946417608,2.42009328580118,-0.719834078126746,-0.648546268226338,-0.894447156715634,-0.553364387961843,-1.58247441177768,2.18154318604116,1.09884634967668,2.21032654985672,-0.796076250511947,0.885390368449483,-0.847042995283939,0.257504762302811,1.04881548146283,-0.69045993499747,-1.40203028867899,0.352674364537292,-0.697782316690206,"Masculine",-0.427718243085383,-0.801193979414496
0.372401053959797,1.03440481314885,-1.09931971924715,1.44211463747113,-1.72679209146695,0.221753479630609,1.24645300186599,0.779055289851393,0.285158986381788,-0.072572892921745,0.109092526227779,-0.744025591386318,0.397459681208129,-0.306912997683547,0.440269522635897,0.289170086749133,-0.381453060185308,0.843698954512169,1.29548163704822,1.12945730244002,-1.55855480439259,-0.753382659783281,0.71027073411187,0.598643485617072,1.25566742154215,-1.98807685834684,-1.17583221056231,-0.457198672099019,4.34803416156285,1.78740406955468,2.16993269035647,0.265723560844711,"Masculine",-0.427718243085383,-0.801193979414496
-1.12181703087635,0.00408855657371117,0.519945760579966,-0.214946727729772,-0.941977915138066,0.222825196259838,0.0170746986557003,-0.92202874524773,0.866524963146658,-0.172409362683699,0.691943102854381,-0.0626620102230345,-0.48744394845628,-0.696536272585953,-0.343032310267798,-0.719834078126746,-0.648546268226338,0.851283961415858,0.1947766850112,-0.962194044757594,-0.0410389399655036,-0.0187594873106314,0.854363037430046,0.611454850652464,-0.595717843921203,-0.0863537532420052,1.52068762829992,0.201330980860733,0.52400051228527,-0.472181731304974,-0.573867703821734,0.509758696153487,"Masculine",-0.427718243085383,1.24707584621909
0.768834500307715,-0.682788947809716,-0.980886955519504,-0.104559191893745,0.0733414488730186,-0.43386594023756,-0.802510836817823,0.0809437977573146,1.16253925524615,0.00643578894130318,0.542882909935851,0.398522946459539,0.557609634563209,-0.696536272585953,-0.343032310267798,-0.719834078126746,0.297749027802582,-0.0387474178289816,0.0422180779645792,-0.0209582170383705,0.012966036954561,-0.60088605762727,-1.08950360467993,-0.601476001377437,-0.595717843921203,-0.0863537532420052,-1.13354134488264,-1.2298353246448,-0.497077651103497,0.713643807482722,-0.953644011688491,-0.508519894587725,"Masculine",-0.427718243085383,1.24707584621909
1.02520353146423,0.00408855657371117,0.249742453302777,-0.726330165804618,-0.849859961963275,0.353804278589074,-0.802510836817823,-0.169672916938203,0.490284133466973,0.337968486253174,2.341837528255,-0.744025591386318,-0.48744394845628,-0.696536272585953,-0.343032310267798,-0.719834078126746,-0.648546268226338,-0.647936168958227,-1.15551570680004,1.09126353918514,0.0852351618491962,-0.0147053494354926,-0.41565148505058,0.419155816247766,-0.595717843921203,-0.0863537532420052,0.18441338917418,-0.977102842837496,0.654645823639153,0.291951617968863,-0.891490254041814,-0.336213852390549,"Masculine",-0.427718243085383,1.24707584621909
0.776369409779215,-1.02622770000143,0.180025874783934,-1.56598906882282,-0.531076824938692,0.0820253086396759,0.0170746986557003,0.0549393014254623,-1.14487718137578,0.929814676645737,-0.307786983318574,-0.744025591386318,-0.48744394845628,-0.696536272585953,-0.343032310267798,0.154157429812004,-0.648546268226338,-0.182797253889406,-0.649534360892263,-0.00456753013609054,0.323381595730496,-2.04066662449229,-0.368790887662194,0.0601080982080711,-1.33627195010655,0.674335488799928,-0.560556288713976,-0.927136339548769,-0.173531325255727,-0.0628546069684095,-1.06393154679984,-0.901848786051913,"Masculine",-0.427718243085383,-0.801193979414496
-1.51226743397146,1.72128231753228,-0.263062141818012,0.140760159016513,-0.0432812892828834,0.0574879943822195,0.426867466392462,-0.738760752389036,-0.739943470607696,-0.427259408175763,-0.163423918099551,-0.744025591386318,-0.48744394845628,-0.696536272585953,-0.343032310267798,-0.719834078126746,-0.648546268226338,0.380894824752288,0.0883620611498542,0.0883116352108471,-0.243986284081923,0.209550661637962,0.667165193577624,0.558546968483908,-0.595717843921203,-0.0863537532420052,1.09197144553117,-0.0700406243866039,0.333995856458977,-0.00853451415394288,0.315528972239496,-0.796465074381905,"Masculine",-0.427718243085383,1.24707584621909
1.87549840440792,0.347527308765425,1.4354118166443,-1.91338822007464,1.28587688306806,-0.453749511771878,0.0170746986557003,0.540686236240473,0.285158986381788,0.9428459977093,0.109092526227779,-0.744025591386318,-0.48744394845628,-0.696536272585953,0.602680319339143,-0.232549130248197,-0.648546268226338,-0.871935209997846,-1.41917844355258,-0.898250220759507,1.65325517649641,0.237435870669847,-0.301858939305495,-0.374420193136278,-0.595717843921203,-0.847042995283939,0.246672556864536,-0.17858926648553,-1.07490884613245,-1.1575380889436,-0.175268079093085,-0.238329410997064,"Masculine",-0.427718243085383,1.24707584621909
0.135950508055862,-1.36966645219314,-0.520540719112789,1.10407103600188,1.68632722284682,0.127978274573149,-0.802510836817823,-0.42525840311088,0.285158986381788,-0.30881650705787,0.109092526227779,-0.744025591386318,-0.48744394845628,-0.696536272585953,-0.343032310267798,-0.719834078126746,-0.648546268226338,1.66666926696514,1.16170334978632,-0.0855484859207442,-1.4028273965079,0.16447408587282,0.67101392137813,1.12867588225542,-1.33627195010655,-0.0863537532420052,-0.189818475161225,-1.45873173327193,-0.63179936491687,2.01413913830225,0.169797078336642,-0.672101580217957,"Masculine",-0.427718243085383,-0.801193979414496
0.202812446047835,-0.682788947809716,1.42731255250327,0.00164300768542028,-0.523809796924249,0.415393188775241,-0.802510836817823,-0.542836935917308,0.285158986381788,-0.23546716486243,0.109092526227779,-0.744025591386318,-0.48744394845628,1.96734870244905,-0.343032310267798,-0.719834078126746,-0.648546268226338,1.86238101493882,-0.0805861001041765,-0.484411539603409,-1.32140238461628,2.34840885777494,-0.679471509984674,2.45479091879347,0.14483626226414,-0.0863537532420052,0.828170571991584,-0.999196912439007,-0.0177193138809885,1.52584620518536,-0.427570140828708,1.20327156681842,"Masculine",2.33599963531248,-0.801193979414496
-0.763634130406395,-0.682788947809716,-1.13625964042628,0.82012130890693,1.52291136167414,-0.122633510371355,0.426867466392462,-0.338832897057435,0.285158986381788,0.444609657727316,0.109092526227779,0.864439255949959,-0.48744394845628,-0.696536272585953,-0.343032310267798,-0.719834078126746,-0.648546268226338,1.45380721976517,1.05813073991254,-1.06292224440881,-0.64741163668299,0.450232015003364,0.279411125501441,0.382195505314823,-0.595717843921203,1.43502473084186,-1.5819683835564,-1.10915573539539,-1.13766268874715,1.84239324862428,-0.603266381759686,-0.813003635535397,"Masculine",-0.427718243085383,1.24707584621909
-1.35309508365062,-0.682788947809716,1.03368831524898,-0.85061394563597,-0.239661661127188,-0.662412739482594,-1.62209637229135,-1.21533436773437,-6.3178483891561,-1.84551509947257,0.116925390840607,-0.744025591386318,-0.48744394845628,-0.696536272585953,-0.343032310267798,-0.719834078126746,-0.648546268226338,-0.824533294021642,-0.635107501355396,-1.65280371879574,2.16067617046006,0.978357657129829,2.53387045340177,-0.530761358139812,-1.70654900319922,-0.0863537532420052,3.01401671829225,1.03640009122499,-0.573565975480746,-2.44065666143335,-1.03899305926854,2.18894210145481,"Masculine",-0.427718243085383,-0.801193979414496
-0.348836541807697,-1.02622770000143,0.0313109247481663,-0.234434582452176,-0.54944722271045,1.14419529264481,-1.21230360455458,1.84509839992006,-4.06376052811905,1.70632301950228,-0.0696693370057545,-0.744025591386318,-0.48744394845628,5.46153548788456,-0.343032310267798,-0.719834078126746,1.46218382389012,1.69340344552541,1.09543136514681,-0.289462739389372,-1.49898799073225,-2.53967744700601,0.174644663227942,1.16580209749663,0.14483626226414,2.57605859390476,-0.5460479320286,1.03227954323842,-0.000202352795148119,0.224502830592126,-0.540796607206464,-0.908272638846612,"Masculine",2.33599963531248,-0.801193979414496
0.295535838948732,-0.682788947809716,-0.747166313704373,-0.543883345389699,0.398221909029482,0.461698924952245,0.0170746986557003,1.71749994187234,0.285158986381788,0.78803528064549,0.109092526227779,-0.744025591386318,-0.48744394845628,-0.696536272585953,-0.343032310267798,-0.719834078126746,-0.648546268226338,0.597587415921565,0.306296750364159,-1.09179537379626,0.357428292207763,0.233486809275161,-0.645829407914298,-0.0941285943027335,-0.595717843921203,1.81536935186283,-1.48867179991142,-1.07820320817864,-0.8500158477616,0.827975260917219,-0.504640256598435,0.0580272518814554,"Masculine",-0.427718243085383,1.24707584621909
-1.16444613521056,0.00408855657371117,0.392475803406445,-0.201898338046076,-0.821123097314225,2.24418647349659,0.0170746986557003,-1.11327652514774,-6.70336558996394,-0.341604997978102,0.06625766934191,-0.744025591386318,2.63408566691063,-0.696536272585953,-0.343032310267798,-0.719834078126746,-0.648546268226338,-0.752621892393527,-0.190629322277927,0.149923008034291,0.699985079782121,0.671111491135358,0.408631086978373,-0.247415356577345,-0.595717843921203,1.0546801098209,0.83653538027693,1.93030818834912,-0.218859455994742,-1.53442251931735,-1.07226777591832,0.739952749267001,"Masculine",-0.427718243085383,1.24707584621909
-1.67433931251324,-2.05654395657657,2.16353566292332,-1.69841108763833,0.133790174491809,-0.504334536671445,0.0170746986557003,-1.51287787992629,-5.50266229341068,0.341188863206256,0.0298323193448677,-0.744025591386318,-0.48744394845628,-0.696536272585953,-0.343032310267798,-0.719834078126746,-0.648546268226338,0.0773185432691666,-1.91026222626087,-0.360863740290814,0.369007960218075,2.28699873451369,0.074983779037938,2.15720954893853,-1.33627195010655,1.43502473084186,1.71886775052319,0.0101292877518401,-0.683381178668777,-0.379668063193984,-0.913572973434733,-0.981270966059101,"Masculine",-0.427718243085383,-0.801193979414496
0.243777490519564,0.00408855657371117,1.41595333454547,-0.236863448474054,0.370137349071504,0.570061384129753,0.426867466392462,0.231059533727575,0.285158986381788,0.702868123548329,0.109092526227779,0.0839605325589381,-0.48744394845628,3.3049112004624,-0.343032310267798,0.316417456602321,-0.648546268226338,0.0390862286956949,-0.603871802170998,0.613443588465481,-0.404411258216893,0.764960489633875,-0.0950074126658876,1.05285694480073,1.25566742154215,-0.0863537532420052,1.51817901915786,1.41124825405509,-0.8233319677327,-0.904302535519642,-0.272352402151931,-0.382864925699916,"Masculine",-0.427718243085383,-0.801193979414496
0.201343116316033,-0.682788947809716,-0.390162320744914,1.20466853550993,-0.983859159643299,2.59795019349735,-1.62209637229135,1.23485495282783,0.285158986381788,-0.757634411836607,0.109092526227779,-0.744025591386318,-0.48744394845628,-0.696536272585953,5.84708671988674,-0.719834078126746,-0.648546268226338,1.26976953910872,1.42047967075965,0.623718482665829,-1.49898799073225,-1.26202786954491,0.174644663227942,0.0732306203974422,-1.33627195010655,-1.98807685834684,-0.916670498264349,-1.01563280609336,0.763747440798183,1.70746775170349,-0.172810591478777,1.82186479890056,"Masculine",-0.427718243085383,-0.801193979414496
0.579778418522232,0.690966060957138,2.27903116957447,-0.886959420870614,1.47457221053649,-0.41921550438852,0.0170746986557003,-0.244150352510477,0.285158986381788,-0.500674219999349,0.109092526227779,-0.744025591386318,-0.48744394845628,-0.696536272585953,6.18627132427876,-0.719834078126746,-0.648546268226338,0.917224884111283,-0.36951236836862,-1.65506479520251,0.42938085946082,1.20138552809412,-0.0695586334773485,0.497911656872633,-0.595717843921203,-1.22738761630491,2.41385557640209,0.00631954044207518,-1.13933513502993,-0.98218369425739,-0.631377780308653,2.40585141660049,"Masculine",-0.427718243085383,1.24707584621909
-0.351282058560574,-1.02622770000143,-0.168207269088653,0.503686049018707,0.0772454076189095,0.6309543744268,-0.802510836817823,-0.797111053607138,0.285158986381788,-0.610359513315026,0.109092526227779,-0.744025591386318,-0.48744394845628,-0.696536272585953,-0.343032310267798,-0.719834078126746,-0.648546268226338,-0.253945963002901,0.17795630898152,1.66700348098158,-0.705333093205544,-0.798364716434031,-1.00802461972033,-0.299036677243231,-0.595717843921203,0.674335488799928,1.3608649490876,1.04407627336128,-0.0441248319534556,-0.959477227391939,-0.300190366153743,0.3535555886836,"Masculine",-0.427718243085383,1.24707584621909
-0.16272178138355,-1.71310520438486,-0.261869976750924,-0.475225692385714,-0.0450396503072799,-0.662412739482594,-1.21230360455458,0.31584934970247,-1.46577854363946,0.897949728856654,-0.227135471517313,0.538541149626923,6.55129930188087,-0.696536272585953,-0.343032310267798,4.09568775973186,-0.648546268226338,-0.171416397426463,-0.347103272180788,1.29020150965599,-1.26897013768635,-1.57100195036884,-1.16638046962279,0.965854376197448,-0.595717843921203,-0.0863537532420052,-0.332879397200197,-0.415217794244447,-0.693921706490481,0.640314563374337,-0.631377780308653,2.25012165188051,"Masculine",-0.427718243085383,1.24707584621909
1.22279214020406,-1.02622770000143,-0.0133035602625697,-0.625870630537877,-0.685844684279596,1.56927953549833,0.0170746986557003,1.4263235543715,-3.46534920292373,2.10805891934952,-0.123196586880572,-0.744025591386318,-0.48744394845628,1.20014982963896,-0.343032310267798,-0.719834078126746,-0.648546268226338,0.217462915569685,-1.2527175946004,3.28046705136508,-2.29135128714093,-0.817405816588449,-1.42909828515754,2.64951416339737,0.14483626226414,1.43502473084186,-0.741736647001079,-0.60839080748338,0.999562643016361,1.73831342206261,0.527778169233532,2.43044032681944,"Masculine",2.33599963531248,-0.801193979414496
-0.246567674209955,0.347527308765425,-1.5145323694493,0.454536035272177,-0.101646852311469,0.782873686219332,0.0170746986557003,1.68326069673916,-1.38917502670103,-0.905180036274586,0.00887868609158135,-0.744025591386318,1.75615546258869,-0.696536272585953,-0.343032310267798,-0.719834078126746,-0.648546268226338,0.975873516532156,1.70692849008097,-1.14937505682469,-0.0804785654793521,-1.3338956582771,-1.19600393464765,-1.36759801502715,-0.595717843921203,-0.0863537532420052,-1.59074029060562,-0.659076638129341,-0.45005872571054,0.479387426408147,0.00606313466053842,1.78892196405595,"Masculine",-0.427718243085383,1.24707584621909
1.03304270343967,-0.339350195618002,1.45193005272142,-0.98046563880374,0.648619719756637,0.769238908618373,0.0170746986557003,0.164857298706697,-1.59009510827097,0.457816662432669,-0.150056096691007,-0.744025591386318,-0.48744394845628,1.20014982963896,1.5635243510198,0.26253237679641,0.00155860014553003,-0.630652165076518,-1.35283247272915,-0.000897473219935626,0.694341048901127,1.74044863748867,-0.807513350464508,0.378058062508112,1.25566742154215,-0.847042995283939,0.399780857005027,0.563015056334393,-0.181478193690208,-0.682478515159577,-0.162884894750858,2.87304071076044,"Masculine",-0.427718243085383,-0.801193979414496
0.436536775018602,-1.02622770000143,1.65301204656678,-1.89413014915301,-1.37261904692784,4.07993334485186,-0.392718069081061,-0.0140393026834342,-1.67026759824049,2.29269734963527,-0.358480248119702,-0.744025591386318,-0.48744394845628,1.03401674039298,-0.343032310267798,-0.719834078126746,-0.648546268226338,0.694616936236447,-0.714874161733489,-0.922690594099198,0.143821452823555,-0.306122163780221,-0.70920916371257,1.20767071249498,0.14483626226414,1.0546801098209,-0.456773883227292,0.0243393671335211,0.973617351838393,-0.13270769785075,-0.856137607024862,1.5006721591656,"Masculine",2.33599963531248,-0.801193979414496
-1.13417390351179,-0.682788947809716,-0.372343939634643,0.472603036372671,-1.19086117754806,2.35544385963933,0.0170746986557003,-0.650363223911593,0.285158986381788,-0.997420223505144,0.109092526227779,-0.744025591386318,-0.48744394845628,-0.696536272585953,-0.343032310267798,-0.719834078126746,1.70690615341087,0.523805486505435,0.353473276247908,0.557545930342987,-0.946190593839051,-1.03982794302994,-0.717428577320592,0.0573962511641139,-0.595717843921203,0.674335488799928,1.78779996694868,0.33056216474068,0.354386032749428,-0.591127876019117,-0.837090164082798,-0.720340775171901,"Masculine",-0.427718243085383,1.24707584621909
0.0279420606940008,0.690966060957138,2.65582629298143,-0.459978229009989,-1.03701612382302,4.55416795328531,-1.62209637229135,0.354654342302637,0.285158986381788,1.90456963614901,0.109092526227779,-0.744025591386318,-0.48744394845628,2.07639662540368,5.23169476952047,-0.719834078126746,-0.648546268226338,0.395250422353826,-0.0888089529631616,-0.741603149529781,0.31628999796064,1.7116828429084,1.48859474162768,1.13225823635763,1.9962215277275,-2.74876610038877,1.21820217859068,2.8937069752125,0.798302248068878,-1.42583766348677,-0.268637577931497,1.43084767226669,"Masculine",-0.427718243085383,-0.801193979414496
-1.29070359775521,-1.36966645219314,0.180025874783934,0.104177915891837,1.01870865454552,-0.456223779294139,0.0170746986557003,-0.861579562145877,0.285158986381788,-0.197693979867899,0.109092526227779,3.10367463165341,-0.48744394845628,-0.696536272585953,-0.343032310267798,-0.719834078126746,-0.648546268226338,-0.970921563948143,-1.49220808737899,1.82637218360781,-0.420521051002041,0.679498449145972,-0.319995754626836,0.622194230214441,-0.595717843921203,0.674335488799928,2.09191268647291,0.762666432822183,-0.954303641554836,-1.03892512670765,-0.204655535147519,0.891513704495851,"Masculine",-0.427718243085383,1.24707584621909
-1.61824233400458,0.690966060957138,-1.35970498290782,1.81435308225945,-1.29506902265913,1.4195928585179,0.836660234129224,-0.783466977957839,0.285158986381788,-1.10416358482856,0.109092526227779,-0.744025591386318,-0.48744394845628,-0.696536272585953,-0.343032310267798,-0.719834078126746,-0.648546268226338,0.973681324946524,2.33096444078273,0.469885086835725,-1.09791185408064,-1.59174388953487,0.662902624078138,-0.694800135681718,-1.70654900319922,-0.0863537532420052,-0.48029231543838,0.741293533540744,1.06062074964026,0.391137060975074,0.215512216753632,-2.2159855291961,"Masculine",-0.427718243085383,-0.801193979414496
0.0298509323693681,-0.682788947809716,-0.335519285340058,0.541429707231733,-0.614627118777062,-0.662412739482594,-0.802510836817823,-0.622989562814263,-0.685469426999558,-1.23327986414861,0.0151329988053764,2.50620565292053,-0.48744394845628,-0.696536272585953,-0.343032310267798,0.805579671753931,1.70690615341087,-0.286624595335182,-0.501545092864148,0.654599007083143,-0.576640952822057,-0.225094879141702,-0.66380668854445,-0.116781810402431,-0.595717843921203,-0.0863537532420052,0.694731963630206,-0.718833914885853,-0.0334677238824404,0.31906870961952,-0.118032940935964,0.508222991445214,"Masculine",-0.427718243085383,1.24707584621909
-1.09965661091599,-1.36966645219314,-1.05096971163459,-0.557679282794444,-1.05275864918802,-0.662412739482594,-2.85147467550163,-1.24301096628316,1.31551837904814,-0.458442778391299,0.373153619634256,-0.744025591386318,1.72163854857261,-0.696536272585953,-0.343032310267798,2.30283193702142,-0.648546268226338,-0.444970165171734,0.0872815434306637,-1.10430136830017,1.10375036588348,-0.151455544521036,-0.568442221736421,-1.18154569907112,-2.07682605629189,1.0546801098209,-0.671489415985332,-0.968823380965771,0.957525665615064,-0.151942110920758,-1.11178150193996,0.208656653464817,"Masculine",-0.427718243085383,-0.801193979414496
1.0368525499465,0.00408855657371117,-0.388590110646941,-0.225440187964916,-0.886661471270216,0.0920514102978874,-1.21230360455458,0.290767101110758,0.760822058280318,0.297699196706266,1.05217956993287,-0.465285944546792,-0.48744394845628,-0.696536272585953,-0.343032310267798,-0.0221306300279135,-0.186824060575864,-0.868257832337979,-0.219998496630175,0.561888504089175,0.555677472029602,-0.243900862505599,-0.519088522813388,-0.805947990080828,-0.595717843921203,-0.0863537532420052,-0.812432901510556,0.300882275619918,0.519836765322216,-0.412708658947907,-0.284587052997575,0.16487099391273,"Masculine",-0.427718243085383,1.24707584621909
0.921525907679417,-0.682788947809716,0.322572923666138,-1.51902347090678,-0.247356939009299,-0.662412739482594,0.0170746986557003,0.849999268026149,-0.419823755968875,1.04409829031786,-0.77437754495988,-0.448938807363723,0.59218283580596,0.0165036154685261,-0.343032310267798,-0.719834078126746,-0.404145941770749,0.520606420392917,-0.256085273980306,-1.67365322334675,0.73923867801454,-0.66354990957629,-0.675095507234164,-0.0590280320935246,0.515113315356812,-0.0863537532420052,-0.5460479320286,-1.24660036428867,-0.59997451119965,0.0527911028844997,0.317440978278663,0.869113597888998,"Masculine",-0.427718243085383,-0.801193979414496
1.66924770753636,0.690966060957138,0.970433509780662,-1.24784171358485,-1.28536932010445,0.199832003123671,-0.802510836817823,1.60655876091177,0.825266732537538,0.985491166016063,1.23692286267583,-0.744025591386318,-0.48744394845628,0.833049293724464,-0.343032310267798,0.864627945942862,0.92428809073786,-0.0961081688379695,-0.548683935501388,-0.790239538580948,0.577090858986431,-0.719026799123944,0.245170813128525,0.243724637186694,2.73677563391284,0.293990867778962,-0.618379110277846,-0.990623738232852,2.80154777128562,0.219240697001093,0.971813299262462,0.682539963614282,"Masculine",-0.427718243085383,-0.801193979414496
-0.0668864257718648,0.690966060957138,0.255585896567606,-0.71570841206574,-1.02763548308543,0.104731480042098,-0.392718069081061,-0.241359122691516,-0.413519886439657,0.574246305653942,-0.625363434689056,-0.744025591386318,0.582528945037593,0.0101276999270548,-0.343032310267798,1.47621611916794,0.804743303394828,-0.101832043142016,-0.433894269457898,-0.154731083676311,0.0659778850661941,0.266962608400338,0.0864202739449868,0.758326669562102,0.14483626226414,-0.0863537532420052,0.0129238072121866,-0.420922896685537,0.89924470552307,0.166156669761524,-0.551949535372142,1.64967905388801,"Masculine",2.33599963531248,-0.801193979414496
0.213033149133228,0.00408855657371117,-0.504432373517332,0.570527161578647,-1.60043601275273,2.28480799089475,0.0170746986557003,-0.345018647101824,0.285158986381788,-0.781048545146874,0.109092526227779,0.319566340185639,-0.48744394845628,-0.696536272585953,-0.343032310267798,-0.719834078126746,-0.648546268226338,-0.158416313417986,0.0718375138673213,0.471934069966484,-0.0609648831693722,0.420730110525804,0.121775779541779,-0.217677638748914,-0.595717843921203,-0.0863537532420052,-0.0599196879687098,-0.298506704672291,4.37782170565233,0.306286939385128,0.101359209250196,-0.0899229706223649,"Masculine",-0.427718243085383,1.24707584621909
1.06750578019739,0.00408855657371117,-0.45821655784256,-0.225440187964916,-0.886661471270216,0.334557744155896,-1.21230360455458,0.383993059576343,0.760822058280318,0.325347800934346,1.06574861303052,-0.465285944546792,-0.48744394845628,-0.696536272585953,-0.343032310267798,-0.0221306300279135,-0.186824060575864,-0.868257832337979,-0.148894179777367,0.495302373314319,0.601775735617221,-0.383643785040407,-0.371932998501591,-0.865697992734711,-0.595717843921203,-0.0863537532420052,-0.97458027423869,0.300882275619918,0.549884423818474,-0.380268801298597,-0.241244872229667,0.16487099391273,"Masculine",-0.427718243085383,1.24707584621909
1.20972181628953,0.00408855657371117,1.48476147091055,-1.63540373766703,-0.653469625880188,1.31700127832657,2.06603853733951,-0.324071236699967,-0.982475597655681,0.26978318402979,-0.239647535985583,-0.744025591386318,0.644972158064838,-0.696536272585953,-0.343032310267798,1.21700830145361,1.91495873324003,-1.31947555137179,-1.52084860889476,-1.12534523549774,1.8528273496367,0.700796560182388,-0.209458444845035,-0.61953552123329,-0.595717843921203,-0.0863537532420052,0.148430946028288,0.142605138211011,1.13213528304859,-1.29354801136571,-1.05658246155012,0.537094239960717,"Masculine",-0.427718243085383,1.24707584621909
-0.88717232240379,0.00408855657371117,0.481740479298272,-0.946781388981313,-1.07156589238504,0.431974818440739,0.836660234129224,-0.387520867020917,-0.316655549771216,0.239613380970605,-0.613774895472515,0.767394521900145,0.434188672255388,-0.0878436852223734,-0.343032310267798,-0.0893036192543738,-0.0226429931571458,-0.349175440868765,-0.820642857413128,-0.825180093021247,0.843983942117948,0.989029954672491,-0.0481530643932191,0.223301413785891,0.14483626226414,-0.0863537532420052,0.689043444027893,0.0918848022285518,1.44891260067309,-0.701065262661199,0.128268875934771,0.317986082622132,"Masculine",2.33599963531248,-0.801193979414496
2.77032920554056,-0.339350195618002,-0.351098946772378,-1.13780632762644,-0.772881408242631,-0.662412739482594,0.0170746986557003,1.42496578868548,-0.479626533460287,0.30372293090843,-0.479304939034693,-0.744025591386318,-0.48744394845628,-0.696536272585953,-0.343032310267798,-0.719834078126746,0.146851205311836,-0.421310671334377,-0.188854109884706,-1.32430214491577,1.45267598438354,-0.771185332037427,-0.575982257335238,-1.35130078754963,-0.595717843921203,-0.0863537532420052,-1.59685057496128,-1.11728867428437,-0.154635955799467,-0.0974916734860419,-0.324636989576212,0.0983920978836915,"Masculine",-0.427718243085383,1.24707584621909
-1.34455075459041,0.690966060957138,0.0473009723794605,-0.516968030410306,-1.31685275343452,-0.662412739482594,0.0170746986557003,-0.674792144985715,-0.253088457548396,0.092015264350367,-0.63513173092952,-0.293433831627362,-0.48744394845628,-0.696536272585953,-0.343032310267798,-0.155903851419998,-0.648546268226338,-0.1071622508633,-0.495476702393461,-0.867496318141516,0.828773958955035,1.22652839700245,0.47585852962309,0.149434658553316,-0.595717843921203,-0.0863537532420052,0.488376245375642,0.0998529921895436,0.854012231118696,-0.44036261337341,-0.0995368925228945,0.0401048056383119,"Masculine",-0.427718243085383,1.24707584621909
-0.0108307453956596,-0.339350195618002,-0.191761500305495,-1.0563038775658,0.210250026689481,-0.662412739482594,0.836660234129224,-0.269485469315633,-1.06979339414767,-0.0147733951719408,-0.16814824989831,-0.176879026718614,-0.48744394845628,-0.696536272585953,-0.343032310267798,0.699770625519434,-0.648546268226338,-0.345181682173378,-0.706426005273534,-0.346646534604777,0.638814224858124,-0.477344241768946,-0.945244116340616,-0.398059243640301,-0.595717843921203,0.674335488799928,0.160919968883513,-0.817775048148007,-0.803527786780551,-0.393113484818696,-0.423158720060748,-0.078746193250123,"Masculine",-0.427718243085383,1.24707584621909
1.94528679054619,-0.682788947809716,-0.0336266006043904,-0.307070701970776,-0.248917300729698,-0.451120092160762,0.426867466392462,0.364702764043123,-0.454294520973402,0.592193077882417,-0.590530038179234,1.11306631437102,-0.48744394845628,0.0513683418560474,-0.343032310267798,-0.719834078126746,1.91495873324003,-0.959319911689479,-0.731299096838322,0.575226735332722,0.342782021265395,-0.307821126756536,0.0356460246711456,-0.254626987675325,0.14483626226414,-0.0863537532420052,-0.886857011075033,-0.0705844754418374,-0.0784863332029648,-0.0688154676844648,0.150648162190237,0.465718097797385,"Masculine",2.33599963531248,-0.801193979414496
0.012680792182549,0.00408855657371117,-0.249122981033569,-0.253821463834064,-0.134381412187863,-0.662412739482594,-0.802510836817823,-0.576504503166081,-0.929383821035801,0.221601544669322,-0.2456314363457,-0.235650691451019,-0.48744394845628,-0.696536272585953,-0.343032310267798,-0.0835863741609721,3.98302986654734,-1.41251353675235,-0.731912736355477,-0.0047836192149958,1.05822020046651,-0.120087185026573,0.437803617141561,-0.988913024114178,-0.595717843921203,0.674335488799928,-0.334812272516,0.905706130085794,-0.64591351162001,-1.03486478894234,-0.142584882233863,0.84639085600179,"Masculine",-0.427718243085383,1.24707584621909
0.546218795697432,-1.02622770000143,-0.660036551310976,-0.795091675697287,-1.03691838885313,-0.662412739482594,0.0170746986557003,0.713686930230972,-0.731790088809516,0.032556972532111,-0.271159410108219,-0.318358104672597,-0.48744394845628,-0.182250453110652,-0.343032310267798,-0.719834078126746,-0.648546268226338,-0.800614823487348,-0.686341017247266,0.183965269441844,0.830067136420914,-0.0841513610395597,-1.16931803045575,-0.816705582749535,0.14483626226414,-0.0863537532420052,-0.722917703334161,-0.62090039788624,0.186127740192038,-0.256736978948564,-0.847174104463895,0.628863565599276,"Masculine",2.33599963531248,-0.801193979414496
1.8426798043558,0.00408855657371117,-1.24338864698699,-0.135969632275822,-1.03179707643083,-0.662412739482594,0.836660234129224,2.33421024758693,-0.243578070381208,-0.505716822260219,-0.384616335912132,5.45279687308819,0.45722948777318,-0.696536272585953,2.16559487563693,-0.0735403577825644,1.48995658826007,-1.71740691416365,-0.55718265181113,-0.316697968819089,1.31265948462609,-0.848472874735133,-0.344050899158304,-2.17013489277799,-0.595717843921203,-1.60773223732587,-1.69400256481671,-0.16259262449199,0.266032729710277,-0.921672951856312,-0.474967266289164,-0.503463733395523,"Masculine",-0.427718243085383,1.24707584621909
1.85434263741266,-0.682788947809716,-0.0844892476136889,-0.421718172146792,1.36374567658481,-0.662412739482594,-0.802510836817823,3.24999188547882,0.285158986381788,2.61251202492039,0.109092526227779,-0.137432975080211,-0.48744394845628,2.96784955087796,-0.343032310267798,-0.719834078126746,-0.648546268226338,3.03698424300152,1.30291969624125,-1.43646728311457,-1.88104681652699,-1.1257715776673,-1.20300917444488,1.88391032104601,1.25566742154215,-0.0863537532420052,-2.15284282892393,-1.97017971919545,-0.406104952799105,2.68274066350084,0.845392328709969,-1.12240106533659,"Masculine",-0.427718243085383,-0.801193979414496
0.75564683813136,0.690966060957138,-0.128026521718734,0.252034023398355,-0.385479705849674,-0.24042431672402,0.0170746986557003,0.932352920671263,-0.826432059648303,-0.0970289516599554,-0.211570640471308,-0.744025591386318,-0.48744394845628,0.615141529782591,0.975471604868852,-0.719834078126746,-0.648546268226338,0.403165738845561,0.491192191227491,-0.300830140493793,0.00326342538643563,0.155226571843471,0.449125625390232,-0.0374621329877895,1.9962215277275,-0.847042995283939,-0.241553043585951,0.00205135880871553,-0.408620522903239,0.253833948672203,-0.585731275592128,-0.60836384873264,"Masculine",-0.427718243085383,-0.801193979414496
-1.57267875439735,0.00408855657371117,-1.20089866126249,1.03899617656404,-0.0319786382854802,0.777507523747672,0.836660234129224,-0.68782568875298,0.285158986381788,-0.94648224620341,0.109092526227779,-0.265409222178939,-0.48744394845628,-0.696536272585953,-0.343032310267798,-0.719834078126746,-0.0539381569106057,-0.00371531371703415,0.360108673790915,1.43741492118006,-0.894281569984448,0.120794081670605,-0.0747506225743542,0.209802055034833,-0.595717843921203,-0.0863537532420052,0.0754228345252319,-0.490810669182721,-0.120974186708145,0.857113964012565,0.719487930616208,-2.30851327901349,"Masculine",-0.427718243085383,1.24707584621909
1.55916269972402,0.00408855657371117,-0.483471594606423,-1.62767360104509,0.877688027585435,2.82460644017509,0.0170746986557003,0.717641029664256,0.285158986381788,0.558543836494898,0.109092526227779,1.80859504438637,-0.48744394845628,-0.696536272585953,-0.343032310267798,-0.719834078126746,-0.648546268226338,-1.2369032827617,-1.29829835212243,-0.620583735354113,1.6452455362726,-1.4188775331194,-0.243201824388183,-1.27782727933257,-0.595717843921203,-0.0863537532420052,-0.725031512796098,-1.41570116516142,-0.41680149472878,-0.656113086789768,-0.896117600664035,0.0751542637126856,"Masculine",-0.427718243085383,1.24707584621909
-0.511585370783952,-0.682788947809716,0.22805803255945,-0.912292499697883,-0.778995803310213,0.659224693856517,0.0170746986557003,-0.828666236637961,0.463993059875281,0.446631233606322,2.81192414702737,-0.220039713215355,0.471103196449447,-0.696536272585953,-0.343032310267798,-0.0640487277107537,-0.214564380127628,-0.230765512591485,-0.982447523069896,0.353462357758531,0.00766820769844094,0.105176584841028,-0.598658599377176,0.673123837963584,-0.595717843921203,0.674335488799928,0.482689471448191,-0.725808094438924,0.694826650340237,0.0872939266762247,-0.147223387832275,-0.0356827274923386,"Masculine",-0.427718243085383,1.24707584621909
-1.55419312006517,1.37784356534056,-1.58935385595522,0.704317132189627,-1.30910322255158,0.464966691418618,1.65624576960275,0.337976304104706,0.00926460729502031,-0.321470824487369,-0.99296897424694,1.47900203490131,-0.48744394845628,-0.452369678581715,-0.343032310267798,0.0389453669735287,-0.648546268226338,1.49511136471555,1.33913390529732,-0.42582862733789,-1.2305234231507,-1.65874398448263,-1.20333897828997,-0.255891065546463,0.14483626226414,-0.0863537532420052,-0.949114286245859,-1.35579656104342,1.04729148435579,1.21401155601752,2.94716674666389,0.815324806864888,"Masculine",2.33599963531248,-0.801193979414496
-1.3548409768875,-1.36966645219314,-1.21405032351054,-0.0602689034593354,-1.27864782334491,0.327294269421993,0.0170746986557003,-0.703883998443395,-0.571904128176149,-0.0187166854738652,-0.32813026539028,-0.744025591386318,-0.48744394845628,-0.696536272585953,-0.343032310267798,-0.719834078126746,-0.648546268226338,0.528991053756712,0.75433862762986,-0.18206238847125,-0.204143267469217,-1.20013076935713,-0.991223705934414,-0.578417358402606,-1.33627195010655,1.43502473084186,-1.12739009259584,-0.423562038083354,0.65729598979224,0.33782629257103,-0.0481743811814192,-0.0842980565199882,"Masculine",-0.427718243085383,-0.801193979414496
-0.406355639631436,0.347527308765425,-0.378729717836003,0.122839688551098,0.59318632310558,-0.192652042449463,1.24645300186599,0.407490482099692,0.285158986381788,0.379827759053011,0.109092526227779,-0.744025591386318,0.246658108327348,0.273139648796928,-0.343032310267798,3.29802463321541,-0.316181816093482,-0.563811571179444,0.0252314223314892,1.03268921401569,-0.289740171842882,-0.563109133408213,-0.678281308827579,-0.241805326987008,0.885390368449483,-0.0863537532420052,-0.245911866119909,0.960485946416967,-0.823676026928607,-0.439343838592487,0.558462770825266,0.056460649565954,"Masculine",-0.427718243085383,-0.801193979414496
-0.0691185381226086,0.690966060957138,0.0298423768544621,-0.353000811772798,-1.18859665327382,0.00049585295125521,0.836660234129224,-0.10528210062129,0.0800338392966031,0.886529669656259,-2.74793562731581,-0.744025591386318,-0.48744394845628,0.0296069518493137,-0.343032310267798,1.53675042782231,-0.648546268226338,-0.597982400513994,-0.733898685583992,1.23483669711929,-0.212956362490843,0.437265634321803,-0.41565148505058,0.644613712938603,0.515113315356812,0.674335488799928,-0.340020379894499,0.264816437921123,1.67457007991329,0.187031282049499,-0.3849127279143,0.742657529391092,"Masculine",-0.427718243085383,-0.801193979414496
0.795046017990919,-0.339350195618002,0.569195516760643,-0.719185106397326,-1.37656525865128,0.92990784357861,0.0170746986557003,0.0422832972386281,0.285158986381788,0.889672179177383,0.109092526227779,-0.274569344077643,-0.48744394845628,-0.129345452542616,-0.343032310267798,-0.719834078126746,-0.648546268226338,1.08024910729073,0.0775169344118451,-1.03442636790809,-0.201304540566869,0.116488779821012,-0.728204267888045,0.712959972120006,0.515113315356812,0.674335488799928,-0.253451169210906,-0.830858759537105,4.26852998660314,0.556218668209152,0.215683905686075,2.28071142709337,"Masculine",-0.427718243085383,-0.801193979414496
0.663049356871822,-0.682788947809716,0.0479374409012273,-1.33283980150636,-1.1925555305677,-0.662412739482594,0.836660234129224,0.518585823675711,-0.693574883478732,0.773311800551748,-0.462685714664021,-0.334353960123216,-0.48744394845628,-0.696536272585953,-0.343032310267798,-0.719834078126746,0.0300600661910606,-0.438474490627855,-0.947147757806582,-0.0104881002229017,0.537969579545022,-0.405815939764089,-0.762094827052701,0.100031695253196,-0.595717843921203,-0.0863537532420052,-0.333268796924574,-0.889814152958149,0.407886400556494,-0.102430563289626,-0.811797657881054,-0.145948335678185,"Masculine",-0.427718243085383,1.24707584621909
-0.858181754654795,0.00408855657371117,0.407168602208387,-0.465923340876669,-1.17335640682127,1.21663004864993,0.836660234129224,-0.846263572554588,0.285158986381788,-0.284794032658652,0.109092526227779,-0.744025591386318,-0.48744394845628,0.0284966411085869,-0.343032310267798,-0.719834078126746,-0.648546268226338,-0.582171345364212,-0.699789552091119,0.361213788864029,0.525227242870821,0.732590201690229,0.0573831182979619,0.113324986529508,0.14483626226414,1.0546801098209,1.31159850852304,0.535734609258889,3.11481843265579,-0.957787551468208,-0.55075058227263,1.75969848153251,"Masculine",2.33599963531248,-0.801193979414496
-0.80874690976794,-0.682788947809716,0.222515860508429,-0.0462441747186806,0.291164526625565,-0.191541497066407,-1.21230360455458,-0.901934135337266,0.285158986381788,-0.789602047721473,0.109092526227779,-0.744025591386318,-0.48744394845628,0.00490089539663284,-0.343032310267798,0.0067683293607945,-0.648546268226338,0.381141019435864,0.247228390145228,-1.28459612239826,0.658239289242269,0.896368310130491,1.22152622925337,0.0853523453652408,0.14483626226414,-0.0863537532420052,0.780736994436637,-0.171712881918183,1.4762717254506,-0.185725631312931,-0.143818584652036,0.70164613420917,"Masculine",2.33599963531248,-0.801193979414496
1.49475997051935,0.00408855657371117,0.886545404854181,-0.799628620069238,1.1379294134345,0.181564106034555,-0.802510836817823,0.321286018906119,0.285158986381788,1.47005312882595,0.109092526227779,-0.0317471471938476,0.815553894618836,0.164029109548763,-0.343032310267798,-0.719834078126746,0.236351465492176,0.122267533070794,-0.866067030792785,0.0618882934158933,-0.174532409263719,1.10660923277181,-0.527367690242906,1.25949357171251,0.14483626226414,-0.0863537532420052,-0.479456944628718,-0.522371055372791,-0.436418851031838,0.745559107773909,0.562143216358079,0.298858639627498,"Masculine",2.33599963531248,-0.801193979414496
1.87127294779394,-0.682788947809716,1.04069512050588,-1.509470569702,2.00390180491526,-0.662412739482594,-0.802510836817823,0.305764146509334,0.285158986381788,0.743524353756062,0.109092526227779,-0.744025591386318,-0.48744394845628,-0.696536272585953,-0.343032310267798,-0.719834078126746,-0.648546268226338,0.710903962239818,-0.275700738334083,-2.32701693192297,1.09984720245789,0.666931671670784,-0.662409375481879,0.0385316891214807,-0.595717843921203,-0.0863537532420052,-0.532768296104835,-1.15667097626604,-0.461565589547374,0.0597826227423004,-0.644288671497429,-1.64802734059839,"Masculine",-0.427718243085383,1.24707584621909
0.0461654699059753,0.690966060957138,-1.28145259253186,0.191411544647377,-0.054138861202756,-0.13456900140015,-1.21230360455458,1.46702948544551,0.285158986381788,-0.539379948167025,0.109092526227779,0.22862725309956,-0.48744394845628,0.184823440343841,0.838229561657603,1.41045253416015,-0.648546268226338,0.26370463000393,0.545628469035864,-0.304927601059865,-0.0763314354465707,-0.862267623808943,-0.816499501936733,-0.819645326500879,0.885390368449483,-0.466698374262972,-0.909781602981153,-1.29151549291252,-0.220882508391102,0.717721894813058,1.08966450863309,-2.87780079617907,"Masculine",-0.427718243085383,-0.801193979414496
-0.0557099863528863,1.03440481314885,-0.343871268788312,1.05664650051954,1.85149770216729,-0.235174353506517,-0.802510836817823,-0.801027839982425,0.285158986381788,-0.92780498785944,0.109092526227779,-0.744025591386318,-0.48744394845628,-0.696536272585953,-0.343032310267798,1.28499542171643,0.678198361104006,-0.309779740530625,0.375681545575503,1.15858176986958,-0.56272284945908,-0.0665129077777399,-0.574947558572561,-0.519879610027846,-0.595717843921203,-0.0863537532420052,-0.254844487129084,0.0793733888554704,-0.965890455643658,0.341021502965162,-0.550093795061528,-1.818318451429,"Masculine",-0.427718243085383,1.24707584621909
1.12489160588939,0.690966060957138,0.0857188332978395,0.194998800788749,0.228347033126796,0.190527203743028,0.0170746986557003,0.356422222391999,-0.881285609089553,-1.42136960339165,0.0685487223292342,1.53443840135709,0.554576097312064,-0.0083337681502077,1.04053565873626,-0.363387614076253,0.0591150543845492,-0.649494958539574,0.104718096950904,-1.26758718333239,1.39012963961251,0.248343075073467,1.53959376868358,-1.30120526897229,0.14483626226414,-2.74876610038877,-0.0253474325856276,-0.155365250682582,-0.280498533792943,-0.499976113451527,0.275402733313353,-0.0675036701286263,"Masculine",2.33599963531248,-0.801193979414496
-0.144562076812445,-0.682788947809716,-0.890475955638834,-0.185117003690565,-1.1345866868269,2.49915131674037,0.0170746986557003,2.17661650865483,0.661413820782423,1.48389292493408,2.03729859118792,0.909620852785248,-0.48744394845628,0.968391836810919,-0.343032310267798,-0.719834078126746,-0.648546268226338,0.785744001370013,0.0248719878123656,0.996942830443995,-1.4125629957558,-1.45134251901422,-1.11597778434775,0.94828523390281,0.515113315356812,0.674335488799928,-1.45646769094199,-1.31558786528521,1.98098165568755,1.62207229978556,1.23332977830981,-0.81105065148289,"Masculine",-0.427718243085383,-0.801193979414496
0.865167650552787,-0.682788947809716,0.829872715276351,-0.161036199931479,-0.395409668232181,0.712867624974398,-1.21230360455458,-0.188381597870551,-1.05814623901417,0.855622508273457,-0.321809802352124,-0.744025591386318,-0.48744394845628,-0.696536272585953,-0.343032310267798,-0.719834078126746,-0.648546268226338,1.14352906269803,-0.514908234866416,-0.00600151955371612,-0.937430756034274,2.03643135478873,-0.0624425834733417,2.2286330902622,-0.595717843921203,-0.0863537532420052,0.283339529948818,-0.640922687324915,1.20310562592076,1.35563538646561,-0.410000516735614,0.716364550510463,"Masculine",-0.427718243085383,1.24707584621909
-0.578800239123808,-0.682788947809716,0.901083476839304,0.380884343696173,-0.411604076425469,-0.662412739482594,0.426867466392462,-0.58318437523285,-0.740691174806814,1.1671769922514,-0.52605155402792,-0.314632349865475,-0.48744394845628,1.89739986284199,-0.343032310267798,-0.719834078126746,-0.648546268226338,0.641734590318138,0.542778119061061,0.354626423066772,-0.723372817447064,0.0505683593784681,0.536760414207139,0.831097487444376,0.14483626226414,-0.0863537532420052,1.30949787004446,2.5526896181565,-0.405893437190644,-1.15332409611221,-0.232284075124929,1.78892196405595,"Masculine",2.33599963531248,-0.801193979414496
0.0415617043670444,0.347527308765425,-1.21513499668564,0.997359897165649,-0.0494725992050793,-0.662412739482594,0.426867466392462,-0.33081992564687,0.737681692620389,-0.609832695315542,0.632242742531995,-0.744025591386318,0.482761202265867,-0.696536272585953,-0.343032310267798,-0.0560729599354248,-0.20928622202913,0.000585254614423801,0.77257933186918,1.21029344782381,-0.773945957718841,-0.719026799123944,-0.443522172491115,-0.415473648413167,-0.595717843921203,-0.0863537532420052,-1.11350113141388,-0.487840723784885,-0.623089230782218,0.998249798215233,0.805697677615281,-0.556087726856526,"Masculine",-0.427718243085383,1.24707584621909
-0.221352007685645,0.00408855657371117,-0.579986607098553,-0.146150451026079,-1.46278755340628,-0.662412739482594,0.426867466392462,0.0460416199431835,-0.299396529407726,0.676209088059886,-0.809470466920319,0.234691173576405,-0.48744394845628,-0.105299956431055,-0.343032310267798,-0.107386163586125,-0.445895124718898,0.0825909796679545,-0.272041182406481,0.646491081719574,-0.475268233341085,-0.786493706362694,0.223294583627422,0.524495335845195,0.515113315356812,-0.0863537532420052,-0.779882119703535,-0.72052039237597,1.42242036497147,0.875380202451483,0.627313621303663,0.484654625310113,"Masculine",-0.427718243085383,-0.801193979414496
-0.179248579315031,0.00408855657371117,0.192871684421565,-0.0633604768631055,1.00951364778334,-0.662412739482594,-1.62209637229135,-0.407740954028117,0.733441185333013,0.146413828864187,1.03100200872097,-0.218636805911016,-0.48744394845628,-0.061768500757,-0.343032310267798,1.58155989257676,-0.213402447361635,0.615887485429424,0.297387733963451,0.437496341443508,-0.958468438794344,-1.20301995733285,-0.734010446540522,0.505432590253939,0.515113315356812,-0.0863537532420052,0.763782824145922,0.214524525949316,-1.04442268993858,-0.155469707427568,0.454543027463041,-0.078746193250123,"Masculine",-0.427718243085383,-0.801193979414496
-0.228561231662579,0.690966060957138,-0.775814064949064,1.36293569551382,-0.225560016670757,-0.662412739482594,0.0170746986557003,-0.545345583670062,0.682863027494098,-0.212620400947664,0.937504089217751,-0.744025591386318,-0.48744394845628,-0.696536272585953,-0.343032310267798,1.61357792881662,0.895645818167649,1.89742191233297,2.10338994704126,-0.886320299806291,-1.38636244006012,-0.257510030733452,-0.551595562625734,0.184823431597589,-0.595717843921203,-0.0863537532420052,-1.19969937010471,-0.015303716557182,-0.447811852950317,1.30748992084317,1.48091758146904,0.316847858428174,"Masculine",-0.427718243085383,1.24707584621909
1.87237508352326,2.40815982191571,0.844362543476532,0.936592862348652,4.69176754590733,-0.662412739482594,0.836660234129224,2.62510247111308,0.285158986381788,-1.62395734431649,0.109092526227779,-0.226261181425829,-0.48744394845628,3.0568003413156,10.9755758372179,-0.719834078126746,-0.648546268226338,-0.0693160014907047,0.639163031146705,-1.47250226453213,1.24167801723831,1.883215021672,2.25667623524739,-1.2607732081716,3.84760679319086,-3.88979996345167,0.873856991914153,0.616984841413878,0.546947413126969,-0.606192295402435,0.973240291908076,-0.647564327373426,"Masculine",-0.427718243085383,-0.801193979414496
0.492116101727655,1.03440481314885,-0.58467106483021,0.55420013591324,-0.0768300183733489,-0.662412739482594,-0.802510836817823,0.43553460482575,0.646396098158018,-0.910298513908026,0.570275992155195,0.52608904534524,-0.48744394845628,-0.185024378782039,0.685315403479556,0.339892410463498,0.0527534819051267,-0.18073102072575,-0.080282732717143,0.293712323670687,-0.0724921780660111,0.588979015600995,0.0563578370898083,-0.18724219129504,0.515113315356812,-1.22738761630491,-0.0358921666382853,-0.826905485258035,-0.691060024728931,0.585245645813939,1.2318611382287,-0.647221007786306,"Masculine",-0.427718243085383,-0.801193979414496
-1.17677718090501,2.06472106972399,1.3224883202155,0.483038849282705,-0.110400338378326,-0.662412739482594,0.426867466392462,-0.572829000912726,-0.0775126410007729,0.0723205392109907,-0.98274713194873,-0.744025591386318,0.808497949620237,0.587321648595173,1.37768669811451,-0.719834078126746,-0.648546268226338,-0.708845502142487,-0.428305908637598,0.781959272047236,0.301388133539132,1.43856356584668,2.08349239272268,0.551477160463423,2.36649858082017,-1.98807685834684,2.69188206902018,2.63712885464101,-0.523374704733689,-1.80721264797018,1.5650134773011,0.559245456494156,"Masculine",-0.427718243085383,-0.801193979414496
2.21223786131497,2.40815982191571,0.0660261471273281,0.723257054882086,0.655490911858439,-0.662412739482594,0.836660234129224,3.06549919632668,0.556525925293105,0.262161989050712,1.73160362875265,0.210104285639739,-0.48744394845628,4.10665989390746,2.74701090089524,-0.719834078126746,-0.648546268226338,2.08974489200682,1.51399032594,-0.434259437754159,-1.66122313926932,-1.30499582535094,0.045444906758771,0.806333686068544,3.10705268700551,-1.98807685834684,-0.413897260113098,-0.689882450920645,-0.801550233530128,1.41688353944683,3.13906355007032,0.520933603999211,"Masculine",-0.427718243085383,-0.801193979414496
0.221203451293926,1.03440481314885,2.51395208669479,-0.769773809233141,0.98116813821572,-0.662412739482594,-2.03188914002811,-0.0644845978653228,0.700111653812476,0.376589938965186,1.23454123179087,0.47179046422103,2.181521893679,2.24132943718003,4.3820151774338,1.10612587526202,-0.245755147797671,-0.120295620979719,-0.570894335374079,-0.914846657674187,0.567102072670895,0.17394259731657,1.43003836611944,0.457390665783916,1.9962215277275,-1.98807685834684,2.30825101364075,1.47202422012626,-1.00098093713553,-1.6877317380677,1.93230778999171,-0.247183370315813,"Masculine",-0.427718243085383,-0.801193979414496
2.67489342091847,2.06472106972399,-0.619805616494154,0.0204233440248977,-0.411262992616456,-0.662412739482594,0.0170746986557003,5.82234385383675,0.596953029786411,1.19565536122852,2.22013558209612,-0.744025591386318,-0.48744394845628,3.27696813151651,0.544563900759947,-0.491164046720052,-0.648546268226338,0.737071596263546,0.389949428104394,1.112619043822,-1.32259069798309,-1.57549217462964,-0.734204140289662,0.699373771379344,3.84760679319086,-1.22738761630491,-1.96573251070074,-1.49151773217511,-0.264568350239484,1.97119801234807,2.55094095405037,0.58197705424682,"Masculine",-0.427718243085383,-0.801193979414496
-0.186300797546599,0.347527308765425,0.409399780771296,-0.862886953231967,1.84262853865205,-0.662412739482594,2.06603853733951,-0.213648041656474,0.460711700728611,0.131961775296127,2.44401467683375,-0.229654132998309,-0.48744394845628,0.546377293747544,-0.343032310267798,-0.076081486433984,-0.648546268226338,-0.133274866546524,-0.306153071899413,-1.08256202704589,0.99309743058042,0.0449255973074961,-0.214169933118827,-0.520667177934012,0.14483626226414,-0.0863537532420052,0.688227219747323,0.299540262284858,-1.15039727374128,-1.13737596393307,0.723667606503942,0.076113441404231,"Masculine",2.33599963531248,-0.801193979414496
-0.278205384429953,1.72128231753228,0.335324736345698,0.609678002705423,0.70328684955011,-0.662412739482594,1.65624576960275,0.219025455909401,0.687159949907076,-1.05112901850138,0.44173127432705,0.669415306873171,-0.48744394845628,1.58039782372247,3.09014295015404,-0.130178342878753,0.32700125334009,0.30502341609259,0.330611822528349,-0.616877855420376,0.0664714094672677,0.600763741291229,1.70096366689411,0.146680803731835,0.885390368449483,-1.60773223732587,1.02987659330996,0.0955993450446513,-0.933205454466761,0.0325897231541933,1.48536121218481,-0.473872757237853,"Masculine",-0.427718243085383,-0.801193979414496
1.76891100588696,2.06472106972399,0.538707572458316,-0.308993036320558,0.738415008085254,-0.279965474616912,-0.802510836817823,1.87349670078894,-0.393297632522974,0.7503342281076,-0.707842305468551,0.391909062014699,-0.48744394845628,1.70520083225747,1.72631283584754,-0.36441929704022,-0.648546268226338,0.0178731036487099,0.0219722719362121,-0.0308822389810897,0.0822863310489352,-0.686993110369219,0.405371869426135,-0.0184758132809461,2.36649858082017,-1.98807685834684,-0.369050179701826,0.423875564327987,-0.992053558654878,-0.169738350316925,1.0795510766848,0.117317720703139,"Masculine",-0.427718243085383,-0.801193979414496
0.79281657099489,1.03440481314885,-0.309651660084062,1.14710441079144,0.238936404647187,-0.662412739482594,0.426867466392462,0.646805695178304,0.285158986381788,-1.56425668281328,0.109092526227779,0.219079740515649,-0.48744394845628,0.467074833073504,1.99630101646545,-0.719834078126746,0.149128416892519,0.356747506445033,1.30481831048024,-1.09545254601314,0.440290407344074,-0.040030512942548,0.698781429926574,-1.48049986053261,1.9962215277275,-1.98807685834684,0.314342123576345,0.656440063878149,-0.826393724702154,-0.626154961579113,0.542119959844641,0.537094239960717,"Masculine",-0.427718243085383,-0.801193979414496
0.398975224480565,0.690966060957138,-0.49462428023112,0.974584384314776,0.383416100824688,-0.662412739482594,0.836660234129224,1.05167844697957,1.28775420379665,-0.198055145256459,0.441093652062245,-0.744025591386318,-0.48744394845628,2.14281417984655,2.51109442818669,-0.719834078126746,-0.648546268226338,0.22019751048656,0.891059675989014,0.966389280562776,-0.692012057407387,-0.233022670931032,-0.75788581076846,-0.545838697090673,0.515113315356812,-0.847042995283939,-0.179863959400469,1.00600179709644,-0.810034443965302,-0.146682401159093,1.25667354654028,-0.274339797264449,"Masculine",-0.427718243085383,-0.801193979414496
-1.12502316566371,0.690966060957138,-0.0464457491276836,0.385405809854708,1.46219219359327,-0.662412739482594,0.0170746986557003,-0.72219699022253,-0.571904128176149,-1.01331066718197,-0.0572306000887089,-0.744025591386318,-0.48744394845628,0.170322092233477,0.52833727898613,-0.719834078126746,-0.648546268226338,-0.782957460813427,-0.206544571960596,0.546367970864684,0.596803528027333,0.59838874553327,0.713305365435864,-0.61686708588735,0.14483626226414,-0.847042995283939,1.68988345476843,1.22375319721094,-1.12451149589388,-1.3948297971589,-0.100242719845768,0.812402216876392,"Masculine",2.33599963531248,-0.801193979414496
-0.291964709645937,0.00408855657371117,-0.433131048398401,0.0149458910778102,1.06588382767012,-0.41921550438852,0.0170746986557003,-0.00238835571951677,0.84420206253632,-0.326931023673093,0.650692908920648,-0.0888245517368163,-0.48744394845628,-0.300733663607466,-0.343032310267798,-0.309831384085363,-0.105887780436799,-0.46826105357742,0.096409778112986,-0.434291146893958,0.827187779103188,0.270511732134218,-0.373407010431257,-1.10689249426566,0.14483626226414,-0.0863537532420052,-0.0492033232017284,0.576102549611915,-1.07509863433441,-0.886606779749741,-0.0303179621813547,-0.419014082971265,"Masculine",2.33599963531248,-0.801193979414496
-0.467230780188609,0.00408855657371117,-1.77971171147768,1.3992781037595,0.152504046873604,-0.479007089812201,0.0170746986557003,1.24032684975377,0.651534043949145,-0.878304926842502,0.584193561498648,-0.314632349865475,0.298061315804539,-0.177749045500365,-0.343032310267798,-0.182434485718018,-0.648546268226338,1.2662933309051,2.07626640549715,-0.389040122830128,-0.900906611570008,-1.1334241921637,-0.540018739619222,-0.848701274255487,0.885390368449483,-0.0863537532420052,-1.90648415710621,-0.9224876836089,-0.694905903670902,1.48275151365763,1.66680670686576,0.458204819674937,"Masculine",-0.427718243085383,-0.801193979414496
-0.0517558461064692,1.72128231753228,-0.577572250130081,0.868804346876797,0.837579118655449,-0.662412739482594,1.65624576960275,0.648117498466971,1.00309700117994,-0.347732993000688,0.524061401265428,-0.744025591386318,1.16175623117861,0.392678564066946,-0.343032310267798,0.78455559250596,-0.648546268226338,0.550954273703392,1.56583052104901,-0.739294224475266,-0.0141620129308172,-0.617333327778551,0.774212478756907,-0.740341938162282,2.36649858082017,-0.0863537532420052,-0.820751334874095,0.678789531507327,-0.991240281698443,0.0471375008236822,0.0137456139507071,0.17336924153939,"Masculine",-0.427718243085383,-0.801193979414496
-0.660555327567415,0.690966060957138,-0.260528187728045,0.227164530856421,0.890794792749829,-0.662412739482594,0.836660234129224,0.044555208285337,-0.395267027643159,-0.222745932994563,-0.371634127997142,-0.174409593200467,-0.48744394845628,-0.0083337681502077,-0.343032310267798,-0.719834078126746,-0.648546268226338,0.794487957599157,0.395327322288368,-0.417140230039582,-0.352638966962172,0.176950464431595,0.26154056479128,0.438742558672269,-0.225440790828531,-0.0863537532420052,0.430265504426965,-0.318841563038531,-0.966819042663393,0.361822369005635,0.97967308415186,0.770688887040687,"Masculine",-0.427718243085383,-0.801193979414496
0.794176048471005,1.72128231753228,-0.401647378065339,0.976448644586483,0.498797301483164,-0.662412739482594,0.0170746986557003,1.52870163538191,0.494232952635627,-0.747939684638952,1.08720399071374,-0.131436481994978,0.259644304961401,1.03041517324839,2.63286258248079,-0.719834078126746,-0.648546268226338,0.73041877479988,0.946267678596069,-0.326838869879334,-0.388737318306281,0.455686234596338,0.204745154004366,-0.260736987716922,2.73677563391284,-3.12911072140974,-0.0496990842186165,-0.145566878578836,-0.832503272890831,0.531743533810935,1.30903040584025,0.466000216936373,"Masculine",-0.427718243085383,-0.801193979414496
0.822682369404692,1.72128231753228,-0.286194519037248,0.569290932485141,1.11171193226571,-0.206417923681204,0.836660234129224,3.40801439264537,0.285158986381788,-0.655604944413919,0.109092526227779,-0.744025591386318,-0.48744394845628,0.116793959929018,2.92721925283271,2.22895030629095,-0.0909949231389735,0.874111456700698,0.837845915415862,0.0436473919263573,-0.954258105104046,-0.900428932527618,-0.599607583285878,-0.060763994718521,0.885390368449483,-4.65048920549361,0.370019165648442,-0.298035486920493,-1.05217766407123,0.35880908759844,1.43364838500054,-0.988921445766959,"Masculine",-0.427718243085383,-0.801193979414496
-1.2597651350068,-0.682788947809716,-1.33899111486713,1.22843354112764,1.18107901785812,-0.621530445652124,0.426867466392462,-0.855454865330943,1.05320211164914,-0.910790768798875,0.32585336390271,0.156124460792699,-0.48744394845628,-0.696536272585953,-0.343032310267798,2.0965835105291,1.9608196025323,-0.918843704477465,0.620532808551895,1.27509316170061,-0.293545585620963,-1.1477427009188,-0.655443641671105,-1.52678517806094,-0.595717843921203,1.0546801098209,-0.368387114727535,1.00074222986403,-1.05810771515304,-0.56493789920133,-0.535547698169074,-0.48433825410326,"Masculine",-0.427718243085383,1.24707584621909
0.0861545791260452,0.690966060957138,0.863751925558134,-1.02421861404097,-0.974341251781188,-0.662412739482594,0.836660234129224,-0.635591780921595,0.285158986381788,0.975011453123156,0.109092526227779,-0.0212531737987453,0.834750916247938,-0.696536272585953,-0.343032310267798,-0.719834078126746,-0.648546268226338,0.91167015965153,-0.04433285932255,-1.50871943550359,0.214057927505621,0.0826806636392848,-0.12640278666644,0.693964139154542,-0.595717843921203,0.674335488799928,0.0545926909685545,-0.406269778707337,0.110800038279028,0.0502612800085144,-0.404924847553161,0.0751542637126856,"Masculine",-0.427718243085383,1.24707584621909
-0.668144769596737,0.00408855657371117,-0.278593099572777,0.307739150361447,-0.10576986939035,-0.662412739482594,0.0170746986557003,-0.861256171422743,0.841416133585384,-0.718038959848947,0.489272218903974,-0.744025591386318,-0.48744394845628,-0.696536272585953,-0.343032310267798,-0.719834078126746,-0.648546268226338,-0.25481992642573,-0.21232112022582,1.00951985167364,-0.249280911413771,-0.0735166346973764,0.651800117474831,0.279675812291186,-1.33627195010655,-0.0863537532420052,1.20794491050568,-0.263824451936673,-0.737702631871814,-0.0220831969880175,0.20588603593328,0.0751542637126856,"Masculine",-0.427718243085383,-0.801193979414496
-0.627225974928796,-0.682788947809716,1.66037697742568,-0.601471891437007,-0.915678348848937,0.408439602141319,0.0170746986557003,-1.00225790285849,0.899593486595668,0.517233269710004,0.922588080862442,0.69621449210011,0.829898825001315,-0.696536272585953,-0.343032310267798,0.181419550243122,-0.0521197834815053,0.614885931482935,-0.653865296068757,-0.326883621271764,-0.487073708719019,0.973272813224181,-0.417834721681418,1.464003945604,-0.595717843921203,-0.0863537532420052,1.24178092418017,0.205062523495223,0.81245372594131,-0.0987563118446188,0.163806124547525,-0.955506850572337,"Masculine",-0.427718243085383,1.24707584621909
0.0320080550257349,-0.682788947809716,-0.623421128006715,0.518177453563144,-0.790561108080675,-0.662412739482594,-0.802510836817823,0.0592898484792534,-0.770727328174949,-0.739416111480019,-0.0864658252505564,-0.744025591386318,-0.48744394845628,-0.162559329392002,-0.343032310267798,-0.719834078126746,0.0835538087690082,0.485474333985943,0.659837351994442,-0.99628694354771,0.329754450483151,1.25298503743932,0.373124701167146,-0.216522288225158,0.885390368449483,-0.0863537532420052,-0.637868838077991,-0.640050425424401,-0.232740492974294,0.746212561847974,-0.100565346140737,-1.28038606292979,"Masculine",-0.427718243085383,-0.801193979414496
-0.0739433615880621,0.00408855657371117,1.13988161787192,-1.62816057507314,-1.59253460150392,-0.662412739482594,-0.802510836817823,-0.0654403175629363,-0.418765223322701,1.60850845324814,-0.96287957487162,-0.154738169839695,0.590561774568328,-0.696536272585953,-0.343032310267798,0.386434452192123,-0.40451290922789,1.22015475727614,-0.749437396439624,-1.08426861784483,-0.462083590721372,-0.0764611445134403,-1.14350520705534,1.66246278021704,-0.595717843921203,-0.0863537532420052,0.73332335892634,-1.31653798826673,1.91901200566628,0.45474092795387,1.72373272034849,-0.145948335678185,"Masculine",-0.427718243085383,1.24707584621909
0.529729331741568,0.00408855657371117,-0.705670551783766,-0.469235617488113,0.126901734836125,-0.662412739482594,0.426867466392462,0.906335566313392,-0.596069441556539,0.268434873092774,-0.392207931027089,-0.0063086313298304,0.86208953187152,0.194763587482146,-0.343032310267798,0.203442665222085,-0.648546268226338,0.29987085862842,0.496658170596816,-1.42693408615989,0.702637349932958,-0.404657758353912,-0.480363384836599,-0.818077689867719,0.14483626226414,1.0546801098209,-1.40433176962718,-0.823159840930595,-0.828167253851615,0.267430762519039,-0.46719940406091,-0.08628555786809,"Masculine",2.33599963531248,-0.801193979414496
-0.28259668427321,0.00408855657371117,-0.78573038139304,2.09691246864644,-0.361439433611643,0.417145718739883,0.0170746986557003,-0.90214697657285,-1.05430822408447,-1.83558766067943,0.145975101774273,0.377304187899543,-0.48744394845628,-0.696536272585953,-0.343032310267798,0.683546571763476,1.20889621283614,0.329302266863693,1.26445648406549,1.04378184481122,-1.22503259569733,-0.508214618842863,0.820447192779137,-0.270929394888823,-1.33627195010655,-0.0863537532420052,0.595469571977507,0.254072850492337,-0.0947076480423771,0.583380341501082,-0.634625710818297,-1.10572713048695,"Masculine",-0.427718243085383,-0.801193979414496
0.275501488373143,-1.36966645219314,-0.044078449923035,0.0389950099606169,-0.812121275370351,1.87812980569658,-2.44168190776487,-0.279723184206182,0.285158986381788,0.461715115628828,0.109092526227779,-0.744025591386318,-0.48744394845628,0.251806778526505,-0.343032310267798,-0.719834078126746,-0.648546268226338,0.739379888275042,0.899752285167869,-0.938430194529942,0.110183852718986,-0.719026799123944,1.16083894273008,-0.000517954306765221,0.14483626226414,-0.0863537532420052,-0.684660771800773,0.0674202677961044,0.723326185916314,0.276703195815251,-0.74721483009351,0.0255113929620425,"Masculine",2.33599963531248,-0.801193979414496
-0.110630177379893,0.347527308765425,0.171527877639025,-0.330374790316332,-0.544242309086069,-0.662412739482594,0.426867466392462,-0.354691812710606,0.285158986381788,0.975011453123156,0.109092526227779,-0.744025591386318,-0.48744394845628,-0.0886240603343786,-0.343032310267798,-0.719834078126746,-0.648546268226338,0.291066591207612,-0.567315736641997,1.05923568087676,-0.826797632895108,0.100798346413594,-0.648132597979115,1.18050979045759,0.14483626226414,0.674335488799928,0.20660097171168,-0.229474512283938,-0.353219927057554,0.521476062230068,0.029084945423274,0.606541297200702,"Masculine",2.33599963531248,-0.801193979414496
0.0777152563413278,-0.339350195618002,-0.283484447749912,-0.362354859604368,-0.674487368116146,1.59214523503707,-0.392718069081061,-0.013504888031471,-0.874552884151767,0.671418327188472,-0.352946987378633,-0.744025591386318,-0.48744394845628,-0.696536272585953,-0.343032310267798,-0.0110559721215817,-0.179495136644903,0.44603694329851,0.192519405111125,-0.255641212646597,-0.164333502100617,-0.48124201665202,-0.348574978769557,0.22497665888344,-0.595717843921203,-0.0863537532420052,-0.793129642852441,-0.267982265861124,0.393036506536301,0.405754098727961,-0.233132967531759,-0.183630707737249,"Masculine",-0.427718243085383,1.24707584621909
-1.74006364234517,-0.682788947809716,-1.90913520549222,0.191702665905511,-0.584463590941601,-0.662412739482594,-0.802510836817823,0.364657072597119,-1.37142590288744,0.106652207964386,-0.134778860147115,-0.744025591386318,0.781022149661016,-0.696536272585953,-0.343032310267798,1.01579570088943,-0.0742486813253945,0.463667565238112,0.789908929482438,0.438715926489737,-0.798275768041704,-1.2665425323628,-1.29438494242077,-0.19894707972799,-0.595717843921203,1.81536935186283,-2.10187693799351,-1.57697374788394,0.0284144648203349,1.60790473579849,-0.978997736824228,-1.70140170322282,"Masculine",-0.427718243085383,1.24707584621909
0.617340911172099,-0.682788947809716,0.109589455495649,-1.06017802473446,-0.235220458629578,-0.339404647051145,-1.62209637229135,0.709893630287087,-0.389975696312897,0.648270856922108,-0.676571689499732,0.0472353415774958,-0.48744394845628,1.21544568530207,-0.343032310267798,1.26074345196026,0.00680138134207746,-0.385477458140334,-0.629421740443936,0.627400665012813,-0.116464951892904,-1.49257149289727,-1.11245757245773,0.0825923719653218,0.14483626226414,1.0546801098209,0.0375331652095348,-0.27302864485812,0.131104423344448,-0.406953200332701,-0.496708425608044,0.673933707776801,"Masculine",2.33599963531248,-0.801193979414496
-0.613172524465064,-0.682788947809716,-1.17473377531635,0.681462694484879,-1.19555170320947,-0.662412739482594,0.0170746986557003,-0.428339636051183,0.285158986381788,0.16337335691277,0.109092526227779,0.299765426565946,-0.48744394845628,-0.0659890311547969,-0.343032310267798,1.23967347823593,0.648205463898399,-0.321110981796485,0.172588103865643,1.25679269866508,-0.699764600143482,-0.365804263014685,-0.741387293582269,-0.181751153845807,-0.225440790828531,0.293990867778962,-1.24540088613569,-0.0150190974152913,0.501762139296903,0.714748946799961,-0.346297155760012,-0.972001337206717,"Masculine",-0.427718243085383,-0.801193979414496
0.376801403995559,0.00408855657371117,-0.193636058499211,-0.402097081632229,0.661586562643034,-0.337125462939798,0.0170746986557003,-0.0656879196332963,0.718643520513263,0.375734667305763,1.18596667277607,0.52608904534524,-0.48744394845628,-0.696536272585953,-0.343032310267798,-0.719834078126746,-0.648546268226338,-0.91969113580209,-0.296280312282948,-0.275178890716449,1.19657760268448,0.084879411548786,-0.167153466287762,-1.18552486778159,-0.595717843921203,-0.0863537532420052,-0.559241615616298,0.728359125237729,-0.179394672268922,-1.0161005095609,-0.290838433329498,0.316183465120377,"Masculine",-0.427718243085383,1.24707584621909
-1.04500324267692,0.690966060957138,-0.0762281628329399,1.54831643523019,-0.989861572823403,-0.662412739482594,0.0170746986557003,-1.24626083343283,-0.388423662559576,-0.933862227495403,-0.130070207564936,-0.744025591386318,-0.48744394845628,-0.696536272585953,-0.343032310267798,-0.0141110501647096,-0.648546268226338,1.98586909499843,1.93887567540082,-0.826087911545377,-1.25434170515731,0.355226839856276,0.835757166540051,0.663077937236554,-0.595717843921203,-0.0863537532420052,1.03548801871879,0.756954709738356,0.0689100673165975,0.376847646482166,0.644789822714014,-1.0046304307671,"Masculine",-0.427718243085383,1.24707584621909
0.865690641550593,-1.02622770000143,0.128241204682194,0.133041195270975,-0.278463402359981,-0.662412739482594,-2.85147467550163,-0.207894113438792,2.01509818809098,-1.06325679619948,0.184754137669022,0.704186300680294,-0.48744394845628,-0.696536272585953,1.41578379793109,2.90513439022438,-0.648546268226338,0.233351531897425,0.239031032277529,-0.675851841956408,0.0725812779749897,0.0886976062580589,-0.314374011132402,-0.372264391482515,-0.595717843921203,-0.847042995283939,0.0105697227977745,-0.775972004010248,-0.640697125425456,0.314794052726222,-1.17486481892184,-0.28373139491752,"Masculine",-0.427718243085383,1.24707584621909
0.611791492520854,0.690966060957138,1.75881422495043,-0.103070297838198,1.39038456431578,-0.662412739482594,0.836660234129224,-0.562925273089804,-0.916926971728953,-0.0895661504434643,-0.188879860424159,-0.744025591386318,-0.48744394845628,1.73511257642036,-0.343032310267798,-0.719834078126746,-0.648546268226338,-0.336237462524779,0.0102700987162124,-0.743711860104025,1.04550107281689,0.73143307375016,2.27384786425307,-0.00591077505910827,0.885390368449483,-0.0863537532420052,1.23103975735819,1.27232787722603,-1.16764161736146,-1.17670889615027,-1.00987768219999,0.868019989990681,"Masculine",-0.427718243085383,-0.801193979414496
-0.825729862796498,-0.682788947809716,-0.76157862751508,2.56420585608471,-1.10699975292295,-0.558185353013705,-0.802510836817823,-0.97309308834621,-0.841796599347036,-1.28827466612346,0.039558467948823,2.08625389959963,-0.48744394845628,-0.696536272585953,-0.343032310267798,-0.719834078126746,-0.648546268226338,2.05797300922055,2.86210016079739,-1.84801722895474,-0.80599431394274,0.723550139658454,2.63909542203209,0.00757127682174936,-0.595717843921203,-0.0863537532420052,-0.644049091369784,0.857166158972059,0.441450532403806,1.16561518437434,0.0564730029361602,-1.26903248782428,"Masculine",-0.427718243085383,1.24707584621909
0.770567582509742,-0.682788947809716,-0.244311201193241,-0.180630276690539,-0.982478459274996,0.277108654583666,-0.802510836817823,0.638811845329856,-0.770727328174949,1.36312044375205,-0.551304057093774,-0.744025591386318,-0.48744394845628,1.43937150018985,-0.343032310267798,-0.719834078126746,1.5477539627597,0.889548566795554,0.208869432495539,0.534594189221999,-1.27828587934758,-0.519609871831027,-0.910177528867262,1.25192822744817,0.14483626226414,0.674335488799928,-1.21634054618921,-0.842996694277098,0.47877303813763,1.46631895146872,-0.324601124366723,-1.63477980015188,"Masculine",2.33599963531248,-0.801193979414496
0.54527358956904,0.00408855657371117,1.77709512082022,-1.59488401648964,1.46871363384901,-0.611962249223717,0.0170746986557003,-0.268615884105456,0.285158986381788,0.420175417714697,0.109092526227779,-0.744025591386318,-0.48744394845628,0.727402242597919,1.08831653454271,-0.719834078126746,-0.648546268226338,-1.57163085122661,-1.20040531593852,0.147474822314703,1.65760593496456,-0.519609871831027,-0.287970387032399,-1.02180160327183,0.885390368449483,-0.466698374262972,0.861872627395482,1.35558788496046,-1.00130320443088,-2.35710306961285,-1.28882177863105,-1.23625103857598,"Masculine",-0.427718243085383,-0.801193979414496
-0.427224086450681,0.00408855657371117,0.349477969246987,-1.14246442213088,-1.4005198859175,1.95511594342928,0.0170746986557003,0.263723674558297,-0.268994114874938,1.81898713616795,-1.34126708636625,-0.744025591386318,-0.48744394845628,-0.416293054172107,-0.343032310267798,-0.139239246611878,-0.648546268226338,1.6067738169083,-0.260089228472728,-1.30590755905287,-0.536731497715449,0.54268991422106,-0.802615124028789,1.70143332696107,0.14483626226414,-0.0863537532420052,-0.170168308115759,-1.57273966100276,1.60212263959905,1.21752839537888,3.338440588692,-0.828697885759117,"Masculine",2.33599963531248,-0.801193979414496
-0.423287360935159,1.03440481314885,-0.451253913122996,-0.168981828924221,0.603663535998432,-0.662412739482594,0.836660234129224,4.37238681557187,0.0856355687353744,1.53147897335404,-3.58273149064971,-0.354288329469683,0.225517135490483,1.18696531850135,-0.343032310267798,-0.719834078126746,-0.32575338422839,1.62798629314429,0.272965543198894,0.807503382702091,-2.07929378129967,-1.41998951045246,-1.02046946016569,1.84933738108403,1.9962215277275,1.43502473084186,-0.286943377281875,-1.20505525633655,-0.384844410102234,1.63707477928133,1.04038356203345,0.259700596553251,"Masculine",-0.427718243085383,-0.801193979414496
-0.0909280096450823,0.00408855657371117,0.943300527435041,1.55158540881333,1.62390728143796,-0.662412739482594,0.0170746986557003,-0.707717984540324,0.285158986381788,-2.47385709324225,0.109092526227779,-0.744025591386318,-0.48744394845628,1.10639728466207,6.90623256154817,-0.719834078126746,1.82333536056404,-1.04813613136127,1.30306678470178,-1.71305323765034,2.17805590460329,0.749177168739861,3.8681603978284,-2.70908780845122,0.14483626226414,-1.98807685834684,1.12809506678533,2.11129908634098,-1.0226534746012,-2.00220001103097,-1.32383265179473,0.831520826384435,"Masculine",2.33599963531248,-0.801193979414496
-1.46206009210366,-0.682788947809716,-0.947107124908003,1.43147279259461,0.380670216513706,-0.436586735466667,-1.62209637229135,-0.523285511698551,0.752197762694989,-0.701756031094371,0.570036607495177,0.350717568306993,2.51653852658301,-0.696536272585953,-0.343032310267798,-0.719834078126746,-0.648546268226338,1.1211727086153,1.36199817644437,-0.272481219685892,-0.957014223492274,0.937774645623462,-0.0373953351428365,0.283135391625347,-0.595717843921203,-0.0863537532420052,-0.165087218896448,0.150930534560062,-0.735018636232714,0.866086817382567,0.870490420144744,-0.437559287510889,"Masculine",-0.427718243085383,1.24707584621909
1.08778248797318,0.690966060957138,0.31278428511629,-0.101561639702279,-1.37366711961926,2.15446952113713,2.06603853733951,-0.142920126333338,0.285158986381788,-0.892997370036588,0.109092526227779,0.413689519970766,-0.48744394845628,0.00283175920789447,-0.343032310267798,-0.719834078126746,-0.648546268226338,0.0479168783449773,0.0148135467819799,-0.992082509554769,0.739526594066319,0.521593553857639,-0.162703019981575,-0.689796804980849,0.14483626226414,-0.0863537532420052,0.428066246484829,-0.179380354975569,0.897361621467315,-0.490076284049581,0.0365719389029662,1.65056205770859,"Masculine",2.33599963531248,-0.801193979414496
1.40189887934452,0.00408855657371117,0.713348454222548,-1.57729195048688,-0.813267806908815,-0.662412739482594,-1.21230360455458,-0.0137484506737623,-0.46135936340036,1.25938451762918,-0.792543167708315,-0.43155312104392,2.37064447325706,-0.696536272585953,-0.343032310267798,-0.719834078126746,0.386652566760714,-0.10063218204652,-0.745128785743774,-0.69031245841256,0.51574521822123,-0.358721480384518,-1.18363162304946,0.209802055034833,-0.595717843921203,1.0546801098209,-0.533064338943912,-0.941561363067025,-0.212837231352192,-0.0638252217449618,-0.980876037073089,0.48595909333624,"Masculine",-0.427718243085383,1.24707584621909
0.496842589264492,0.690966060957138,0.657751119686463,-1.01476570091121,1.5575145823756,-0.243970437923672,0.0170746986557003,-0.0944492172879101,-0.992262059021998,0.473894068496984,-0.274275689889747,-0.744025591386318,-0.48744394845628,-0.0505260197845503,-0.343032310267798,-0.719834078126746,-0.648546268226338,-0.745665884879091,-0.590922787133466,-0.378209688308464,1.19979707877959,-0.229812338980289,0.555908645251809,-0.449238846171806,0.885390368449483,0.674335488799928,0.120466764744147,0.48223691145994,-1.14467165356377,-1.04228055569782,-0.359634261002066,-0.0339148973458768,"Masculine",-0.427718243085383,-0.801193979414496
-0.150959737357543,0.00408855657371117,-0.559174906276207,0.341206664732668,1.31084221804648,-0.614021452907752,-0.802510836817823,-0.634489600742158,0.285158986381788,-1.72722762765846,0.109092526227779,-0.744025591386318,1.43221330163567,-0.696536272585953,-0.343032310267798,-0.719834078126746,-0.648546268226338,-0.287708058011442,0.560057685313879,-1.45332115965582,1.40171619199038,0.767180282893302,0.926498098367203,-1.42102154681179,-1.70654900319922,-0.0863537532420052,0.107991890740373,-0.241212169791418,-1.16211328326379,-0.499532983832822,-1.21747548910896,-0.344987039311412,"Masculine",-0.427718243085383,-0.801193979414496
1.87947919585387,-1.36966645219314,0.894857399325593,-1.18440901060982,0.26686836275148,-0.662412739482594,-3.26126744323839,-0.214316872842992,0.285158986381788,-0.502100309450453,0.109092526227779,3.79314692595532,-0.48744394845628,0.673901662547657,-0.343032310267798,0.699770625519434,1.23036953631663,-3.07921206664869,-2.73187151654896,1.61783676871821,1.48297202280919,-0.335178031560126,0.252414717364643,-0.823562152712912,-0.225440790828531,-0.0863537532420052,-0.00403920799597576,-0.557346888117377,-0.92362890148996,-0.954154259886553,-1.28153049939733,1.08564796175526,"Masculine",-0.427718243085383,-0.801193979414496
-0.303410704779872,0.00408855657371117,-0.0787157751279316,1.1845880268872,-0.370939827209721,-0.662412739482594,-1.62209637229135,-1.02638190432019,-0.705990112271894,-2.33594202438734,0.276782503091022,-0.329157279811211,-0.48744394845628,-0.696536272585953,-0.343032310267798,-0.719834078126746,-0.648546268226338,-0.291764743845784,0.672112641557975,0.13527271272931,0.358419785980325,0.253323954885692,1.66086656989857,-0.790663105681015,-1.33627195010655,-0.0863537532420052,0.746821485072858,-0.151563475976625,-0.659464456552564,-0.0479488642167003,-1.10525564156252,-0.319419465999187,"Masculine",-0.427718243085383,-0.801193979414496
0.903713307405362,0.00408855657371117,-0.145872315723025,0.505675592499764,0.796517631065106,-0.662412739482594,-0.802510836817823,-0.107432453809903,0.906433202739051,-1.37156270453805,0.203928311217512,0.348178739086924,-0.48744394845628,0.18318826462412,-0.343032310267798,0.191452058165607,-0.347013397923988,-0.757621298742556,0.398899281690715,-0.593856480074438,1.18035598268614,0.10688239202055,0.462949363920438,-1.76072864473339,0.885390368449483,-0.0863537532420052,0.195197200442899,0.572544117878229,-1.13469470677999,-1.0466099589319,-1.25682794519043,1.41412324426696,"Masculine",-0.427718243085383,-0.801193979414496
1.0289704453963,-0.339350195618002,-0.377706753366857,1.09576343469118,0.656497844078931,-0.662412739482594,-0.392718069081061,-0.429026057487662,0.285158986381788,-1.36281693883212,0.109092526227779,1.52894017743638,-0.48744394845628,-0.696536272585953,-0.343032310267798,0.228396090717999,3.11653984203545,-2.78910126696464,-0.556165430940087,1.27364025331771,1.46269195559114,0.240073660713406,-0.0435318670258462,-2.83537182539372,-0.595717843921203,-0.0863537532420052,-0.325677757510038,2.09972420408702,-1.07125321187693,-1.89172819196679,-1.13999507529399,0.965351092940662,"Masculine",-0.427718243085383,1.24707584621909
-0.456923606846132,0.347527308765425,2.10507589966056,-0.561787195309112,-0.233778676949196,-0.662412739482594,-0.392718069081061,-1.28557687077923,1.09206694449399,-0.499796847431982,0.434314414917348,3.03877366403586,1.24256041668683,0.446045716706166,-0.343032310267798,-0.128047057088699,0.526342048108363,-2.51945711298461,-2.18873139493672,1.72393682249136,0.961786512213426,-0.333807754835223,2.15063182066497,0.0324237339033652,-0.225440790828531,-0.0863537532420052,1.56605416230283,1.02875473712942,-0.55609595864991,-1.45785833774336,-1.21165583158936,1.19314729133426,"Masculine",-0.427718243085383,-0.801193979414496
-1.74449793136974,0.347527308765425,-0.304634091415581,2.62903385045676,0.0931244438603649,-0.662412739482594,-0.392718069081061,-1.34695038897218,0.285158986381788,-0.891165390151175,0.109092526227779,-0.744025591386318,-0.48744394845628,0.0175774707216195,-0.343032310267798,0.0198996981708105,0.820064127192038,-0.672311200548483,1.29418078092814,1.93572885290777,-0.670647419553932,0.970010548911225,0.652836797308273,-0.930487152238903,-0.225440790828531,-0.0863537532420052,1.73796944905073,3.9464129938581,-0.514863213253424,-1.82931424991089,-1.00775247219498,-0.502270706597357,"Masculine",-0.427718243085383,-0.801193979414496
-0.852372179514086,0.690966060957138,1.96126336622356,0.349446927984791,0.384647384669234,-0.137913633381087,-0.802510836817823,-1.05113710182052,0.969958173736724,-0.750656116309677,0.406790775616714,-0.744025591386318,-0.48744394845628,0.273139648796928,-0.343032310267798,0.284630599708792,2.01036934883652,-0.0968613144134002,-0.384236381876104,-0.261451045461308,0.141641534040307,1.95169192652286,0.486925623964394,0.532378756478994,1.9962215277275,-0.0863537532420052,1.21308289871407,1.05262106233782,-0.987082540498125,-0.532749400085795,-1.1783165264419,0.899968367294868,"Masculine",-0.427718243085383,-0.801193979414496
-0.739998279443693,0.690966060957138,-0.707575275281768,1.33439050670651,0.731477537166569,-0.662412739482594,0.0170746986557003,-0.607775193331143,0.285158986381788,-2.15930831139473,0.109092526227779,1.46704721283932,-0.48744394845628,-0.696536272585953,0.999613225850225,-0.0280267155048059,1.64055538097038,-1.60557101726029,0.915968075287324,-1.19063970124856,2.16067617046006,0.424109671414311,2.38795849690106,-2.95980935335264,-0.595717843921203,-1.98807685834684,0.441582906447494,1.9247902371323,-1.09551508895115,-2.05466804534691,-1.20268108467763,0.786910737532348,"Masculine",-0.427718243085383,1.24707584621909
1.63221521462046,-0.682788947809716,0.40548294189354,0.132450019669252,2.37850827172199,-0.662412739482594,-3.67106021097515,-0.0915326469811382,0.285158986381788,0.647213586779417,0.109092526227779,3.03877366403586,-0.48744394845628,-0.125245277939894,-0.343032310267798,-0.719834078126746,2.87611868077777,-1.22252487659328,-0.982528043987849,0.989724450381122,0.062481591718831,-0.333807754835223,0.652836797308273,-0.0689353067431937,0.885390368449483,-0.0863537532420052,-0.70322762276956,0.540216610421352,-1.25246517354503,-0.109610952838984,-0.859793772543136,0.130613159166189,"Masculine",-0.427718243085383,-0.801193979414496
-1.72244324819182,-1.36966645219314,0.904562904086197,0.182638821179417,1.40301047238587,-0.662412739482594,0.426867466392462,-1.32745535089578,1.83546825775477,-0.681706683558911,0.250973301415344,1.98142873326682,-0.48744394845628,0.401082999534947,-0.343032310267798,6.10215519217295,0.856326112264098,-1.73489316751332,-1.36951828575061,0.434881625018613,0.794705505446821,1.83154032032618,1.75364679711325,0.307172429730025,-0.225440790828531,-0.0863537532420052,1.58674766904102,1.60927072102633,-1.19596533105285,-1.17264236128825,-1.04124507738434,-0.0692019788648285,"Masculine",-0.427718243085383,-0.801193979414496
-0.848041513366126,0.00408855657371117,1.76653165755003,-0.894689762961658,1.23060586312692,-0.662412739482594,-0.802510836817823,-0.991620040423636,-0.334964722167405,-0.163810937405551,-0.440566690602326,0.164459183498061,-0.48744394845628,-0.147726636525504,-0.343032310267798,3.25965966288141,0.856326112264098,-0.526752026991661,-1.02189718113688,-0.758736422945515,0.757143957338399,1.37608190613865,1.15412429065778,0.940079865248711,0.515113315356812,-0.0863537532420052,1.65280770978209,0.722790143885045,-1.1718639486284,-1.06691245487568,-1.08008778766504,1.52394698813191,"Masculine",-0.427718243085383,-0.801193979414496
0.110786859039443,-0.339350195618002,1.96403108621686,-0.926872604428148,0.977261482857824,0.0401570507891777,-0.392718069081061,-0.650795430907662,0.0078365825585465,0.620373407384609,-1.78010492256234,-0.337746685847963,-0.48744394845628,1.75776768992041,-0.343032310267798,2.33099342163461,-0.648546268226338,-0.0502491547983271,-0.760641568352648,0.0237540082720777,-0.0055187803412495,-0.123253246155673,-0.342075355887603,0.710563982038642,0.885390368449483,-0.0863537532420052,1.22649477605542,0.493801554904802,-0.791552749255303,-0.815721838709167,-1.09623685147114,1.3771365284983,"Masculine",-0.427718243085383,-0.801193979414496
0.734633854525313,-1.36966645219314,-0.451253913122996,-1.42850122357209,0.764470848832354,-0.662412739482594,-1.62209637229135,-0.0354507864894985,-1.82661364273168,0.670759260164464,-0.144570604230958,-0.744025591386318,1.12956463608063,-0.696536272585953,-0.343032310267798,5.91777710378646,-0.648546268226338,-1.86550302054269,-1.65137323543743,1.06248423500465,0.80485727520586,-0.519609871831027,-0.676849850679188,-0.16915291675183,-1.70654900319922,-0.0863537532420052,-0.894967375016303,-1.0459429631298,-1.12329103952206,0.0775423429144334,-1.10515051292171,0.965351092940662,"Masculine",-0.427718243085383,-0.801193979414496
0.263241110427448,-0.682788947809716,0.141931404824027,-1.04610865936507,1.43478271053407,-0.662412739482594,-0.802510836817823,-0.698445199135627,-1.33703313702025,-1.31086298482868,0.0640369652258724,0.613986252039467,-0.48744394845628,-0.696536272585953,-0.343032310267798,-0.719834078126746,-0.0861718146174553,-1.93973370690972,-1.2901307670499,-1.10679679742263,2.72373144671037,0.906439665903766,0.486559091428128,-1.9370630922237,-1.70654900319922,-0.0863537532420052,0.511957663627085,0.113097925248682,-1.20941091507145,-1.87525234490534,-1.38133187006759,1.56491068711259,"Masculine",-0.427718243085383,-0.801193979414496
-1.18466276103009,1.37784356534056,1.33865524161312,0.252840683805172,1.62614128052553,-0.662412739482594,0.0170746986557003,-1.07534960444339,1.75387303294567,-0.224112308395766,0.331586452213287,0.116644195346251,-0.48744394845628,2.42301323765239,-0.343032310267798,1.43447832302053,1.48995658826007,-1.20235727004652,-0.820642857413128,-0.707336602698265,1.45499798272114,2.646571166767,1.56432390033784,-0.343671653758842,0.14483626226414,0.674335488799928,1.63542348853444,1.37873088053137,-1.22284944018746,-1.39244927198806,-1.13936064051997,1.06268219589066,"Masculine",2.33599963531248,-0.801193979414496
-0.545294283970876,-1.02622770000143,-0.907630151545404,0.425154346613774,2.31782590549821,-0.662412739482594,-0.802510836817823,-0.299861375361589,1.55359384477786,-0.446508573092224,0.325787729766286,-0.744025591386318,-0.48744394845628,0.201515859149329,-0.343032310267798,-0.719834078126746,0.582712952174928,-1.99574182285322,-0.895489506731887,2.08227182344844,0.617141823479745,0.361651801811902,-0.0776219498779968,-1.06486466824759,-0.225440790828531,1.0546801098209,-0.0827697242339199,0.38621195684208,-1.26423228934262,-0.504621588954283,-1.27120012392192,1.77338289101605,"Masculine",-0.427718243085383,-0.801193979414496
0.0439463023383287,-0.339350195618002,-0.163060966469833,-0.748801517192546,2.06920353693265,-0.662412739482594,0.426867466392462,0.21028166106997,-0.63049242702288,0.475398329781509,-0.426126199071049,0.789042466231071,0.213680867495273,-0.696536272585953,-0.343032310267798,1.67852152471299,-0.648546268226338,-0.67423019355924,-1.10880245729031,1.01134488681946,-0.150202189155606,-0.104157939970791,-0.932963434940315,0.49734894280655,-0.595717843921203,-0.0863537532420052,-0.219581569973286,-0.659076638129341,-1.01357793880075,0.323270611470837,-0.965327647408327,1.16211775512065,"Masculine",-0.427718243085383,1.24707584621909
1.27897538120638,-1.71310520438486,0.140570888039741,-1.94529391710853,0.797704548925578,-0.662412739482594,-1.62209637229135,-0.333277319492478,0.908166991249815,0.341462586706027,0.845532197133618,-0.744025591386318,-0.48744394845628,-0.696536272585953,-0.343032310267798,-0.719834078126746,-0.648546268226338,-1.18139594732083,-1.35981723166837,-1.05398655320305,2.10114856012014,0.024535542177541,-0.87979066845207,-1.20863521726896,-1.70654900319922,1.0546801098209,-0.3753891689712,-1.5136633176252,-0.828277665195173,-0.723904967793039,-0.983409157592188,-0.294227886412124,"Masculine",-0.427718243085383,-0.801193979414496
-1.97899042929802,-1.36966645219314,1.18575581990453,-0.164098995979445,0.519243297833912,0.127978274573149,-0.802510836817823,-1.60547273636861,0.285158986381788,0.63056980526971,0.109092526227779,-0.113052242913566,1.82108277673468,-0.696536272585953,-0.343032310267798,3.22858414905635,-0.648546268226338,-1.06089802963387,-0.718986186441296,1.59954021727358,-0.273201916979686,0.459307091729045,-0.177933754232017,0.649377637260032,-0.965994897013874,-0.0863537532420052,1.15810084519686,2.95131546084835,-0.596926980767757,-1.67426447354467,-0.0842578069453845,-1.33166293667906,"Masculine",-0.427718243085383,-0.801193979414496
0.459965793102091,0.00408855657371117,-0.676147337564848,0.509491576902706,1.60955636548861,-0.615225216255386,0.0170746986557003,0.764106183367435,1.06211212470328,-0.652116575795423,0.40108774125454,-0.744025591386318,-0.48744394845628,0.403629679980704,-0.343032310267798,1.55943843909635,-0.648546268226338,-0.664104500044006,0.0290315875677597,0.235987244531013,0.542842688664152,0.930134224497971,0.680348500173487,-0.497771062239681,1.25566742154215,-0.0863537532420052,-0.914950671970902,-0.31444173653428,-1.1105064018305,0.534858830323553,0.123712818420325,-1.26031875875315,"Masculine",-0.427718243085383,-0.801193979414496
0.750775101020965,0.00408855657371117,-1.0407114150811,1.02470968407246,-0.685514707928195,-0.662412739482594,0.0170746986557003,-0.1365035361111,0.285158986381788,-2.0070977075754,0.109092526227779,0.0300679446098397,3.76079162275312,-0.696536272585953,-0.343032310267798,-0.719834078126746,-0.00741720671561945,-0.905636526681876,0.395327322288368,0.726383827157221,0.274178016275714,0.120202491870103,-0.208813857153995,-1.34581931583497,-0.595717843921203,-0.0863537532420052,-0.232444222136812,-0.638249127180145,-0.271300285400347,0.185893093001072,-0.983856693032418,-0.217149172750245,"Masculine",-0.427718243085383,1.24707584621909
-0.240633537913619,0.690966060957138,0.570726475226322,0.0650960879245234,0.872538921653113,0.116523332340457,0.836660234129224,-0.523699767409293,0.428570893283957,1.32437519022823,4.90826878584306,-0.744025591386318,1.0499260976559,1.33417689896107,-0.343032310267798,-0.719834078126746,0.743541244347255,-1.04933127835221,-0.775510488145123,2.29234369926919,-0.555419005362447,-0.229238328877748,1.04038190506473,0.997939135008704,0.14483626226414,-0.0863537532420052,0.388047914779704,1.66688805038833,-0.820468177141555,-0.407741956973756,-0.662732801767115,-1.45610120661886,"Masculine",2.33599963531248,-0.801193979414496
-0.402195960054534,-0.682788947809716,0.891969191145641,-0.694542199040073,-1.1637908565766,7.16622206640286,0.0170746986557003,-0.553704935719612,0.285158986381788,1.04340536884526,0.109092526227779,-0.744025591386318,-0.48744394845628,0.416542425902846,-0.343032310267798,-0.143327942608461,-0.648546268226338,-0.403385502079224,-0.811366089610255,0.933113998432568,-0.0866682853789077,0.0546110142706314,0.34519110589111,0.950365468209479,-0.225440790828531,-0.0863537532420052,0.803331411238185,0.930639359569366,2.12598745045522,-0.617932641025126,-0.524621397723924,-0.646626949174871,"Masculine",-0.427718243085383,-0.801193979414496
1.31024264866186,0.00408855657371117,0.358611604257594,-0.475581591407991,-0.327906423797081,0.867376319980133,0.0170746986557003,-0.101817904170441,-0.0439484363371938,0.912853666362039,-1.69029987747413,-0.744025591386318,-0.48744394845628,-0.696536272585953,-0.343032310267798,-0.719834078126746,-0.648546268226338,-1.39797911481255,-1.05691552337069,1.5039922732956,0.545710279902561,-0.277892384203253,0.956443896637332,0.028937182136645,-0.595717843921203,0.674335488799928,-0.556064758143069,0.328556766827122,-0.506089223770788,-0.156258432936462,-0.853244324552641,-0.143988947911009,"Masculine",-0.427718243085383,1.24707584621909
0.970191817283849,-1.02622770000143,0.519945760579966,-1.45454374768093,0.6760316668567,0.366933697427213,-0.802510836817823,-0.196345409715474,0.285158986381788,0.464499725054658,0.109092526227779,0.677950577997927,2.11383073101615,-0.696536272585953,-0.343032310267798,-0.719834078126746,-0.648546268226338,-1.83994891886302,-1.46020205217159,-0.461511375428754,2.11099280002883,0.742400634225577,0.0332778655453849,-1.00944437593096,-0.595717843921203,1.43502473084186,-0.900556473645396,0.00408338441241302,-1.01199541592862,-1.00485359676395,-0.955286350196419,0.682539963614282,"Masculine",-0.427718243085383,1.24707584621909
-0.227712826665845,-1.02622770000143,-0.324011580873013,-1.07741483582025,0.522686995889323,-0.662412739482594,0.0170746986557003,-0.346349611249809,-1.47069690748784,0.0211281051002359,-0.109620695323817,-0.744025591386318,-0.48744394845628,-0.696536272585953,-0.343032310267798,0.199984699891192,0.568878578911992,0.274150526837315,-0.361807667881563,-1.01111531562028,0.441036097414735,-0.599277058764526,-1.0674770871963,-0.223441409901053,-0.595717843921203,1.0546801098209,-0.0268987193987466,-1.25230967471597,-0.482339142688548,-0.0137713084178962,-0.450215434104255,0.232806476001276,"Masculine",-0.427718243085383,1.24707584621909
0.425600165548579,-0.682788947809716,-0.640899429517703,-0.30306463872468,-0.122013269283599,-0.190798211758725,0.0170746986557003,0.79567290099412,0.285158986381788,0.842962230158555,0.109092526227779,2.52047422816125,-0.48744394845628,0.618172208623554,-0.343032310267798,-0.719834078126746,0.252708170366825,-0.296736246079036,-0.818207920207926,0.766631625242547,-0.399349031278864,-0.814496270785431,-0.598786431544177,0.229240133532211,0.14483626226414,-0.0863537532420052,-0.824871193503557,-0.689005116894413,0.158794501466675,0.580304765453972,-0.328577858795589,0.338345203218635,"Masculine",2.33599963531248,-0.801193979414496
0.425912121719362,0.00408855657371117,0.0642063975671375,-1.14334181484931,-1.38843198156388,4.07993334485186,0.0170746986557003,-0.317791360748254,-1.95796792109759,1.39052564578876,-0.204621862849094,-0.744025591386318,-0.48744394845628,-0.696536272585953,-0.343032310267798,0.45524541340813,-0.648546268226338,-0.714620864632589,-1.41941605196311,1.37669247278152,-0.123665359787749,-0.118867721290247,-0.356442943310873,1.06517051407961,-1.33627195010655,0.674335488799928,-0.936176949118877,-0.830858759537105,2.47588613549838,0.802078641972341,-0.631377780308653,0.697690559828197,"Masculine",-0.427718243085383,-0.801193979414496
0.150600725819979,0.347527308765425,0.504949295030151,0.186226328952133,0.152581351369561,-0.662412739482594,-1.62209637229135,-0.681274921933221,0.285158986381788,-1.28496141421566,0.109092526227779,0.62823113151596,-0.48744394845628,-0.696536272585953,-0.343032310267798,-0.719834078126746,0.488000704451753,-1.09280416975355,-0.654828741999289,0.600303579536209,0.640781958652886,1.6372538639245,-0.756801292855519,-0.599121057817458,-0.595717843921203,-0.0863537532420052,1.76321574990184,1.32483845028582,-0.858731030472814,-1.74898125673298,-0.574595552393848,-0.255381058076944,"Masculine",-0.427718243085383,1.24707584621909
0.342985832735617,0.347527308765425,-0.797243796879682,-0.171016478948774,-1.22437187882446,-0.662412739482594,0.426867466392462,2.65847560737751,-0.437203916026827,1.68906319761519,-0.961549139439068,-0.744025591386318,0.618799212613658,1.86062911947384,-0.343032310267798,0.0369967808279196,-0.147695059927519,0.946658932519734,-0.0615202311023121,1.36148636263132,-1.83830692851996,-0.904719089407483,-0.726103921421506,1.87875128170545,1.25566742154215,1.81536935186283,-1.28101132608931,-1.9032267783219,0.395663624219033,2.42632871346256,0.901903533924568,-1.21833484057096,"Masculine",-0.427718243085383,-0.801193979414496
0.658072600141572,0.00408855657371117,-0.88572294362365,1.47142911347362,-0.609638411479713,-0.271291412939546,0.836660234129224,-0.0732706037147772,-0.041540333244128,-0.36514250630661,-0.790382416943992,-0.744025591386318,-0.48744394845628,0.074474338074581,-0.343032310267798,-0.719834078126746,0.93707536194895,0.221706142990054,0.614465579605839,1.89474795596542,-1.49453343146338,0.180781287441647,0.177926180146389,0.705678499823974,0.515113315356812,0.674335488799928,-0.771434663365463,-0.353450694532413,0.269071083612809,1.64622009479905,1.34398857157389,-0.440865439232306,"Masculine",-0.427718243085383,-0.801193979414496
1.86024291098948,0.00408855657371117,0.634918663128637,-1.55153190416154,0.771825848033315,-0.292442477584161,0.0170746986557003,1.22349783505035,0.285158986381788,0.576396606890082,0.109092526227779,-0.744025591386318,-0.48744394845628,0.0795218707139299,1.21716135690699,0.887966993760581,-0.382545912918699,-0.187642034193838,-0.669724572698411,-1.41885817332234,1.23228831958059,-0.199759481082982,-0.402279309570801,-0.427009757210596,0.14483626226414,-1.22738761630491,-0.232444222136812,-1.03813733740469,-0.993632131974339,-0.376207182460342,-0.514916272034393,0.212372010778121,"Masculine",2.33599963531248,-0.801193979414496
0.170328385011423,0.347527308765425,1.42285795722571,-1.05870960776382,1.49867221187905,0.867376319980133,-0.802510836817823,-0.511564699331489,0.494778268144896,1.09060680363938,3.1321355396494,-0.744025591386318,-0.48744394845628,0.0455161930732481,-0.343032310267798,-0.719834078126746,-0.139857012849289,-0.0588100359445312,-0.478433200684422,-0.185616361503074,0.332328138591061,-0.407262307158964,0.264128907835158,0.522484385041904,0.14483626226414,-0.0863537532420052,0.73634094738805,1.03640009122499,-0.234596575399067,-1.06467872445851,-0.0878907416954603,0.807572252369101,"Masculine",2.33599963531248,-0.801193979414496
-1.1530182138825,0.690966060957138,0.366183657543779,-0.384395967687717,-0.992871273304335,0.981600569753348,0.0170746986557003,-0.937806447890125,-1.1840920671461,0.638198482909476,-0.250327236516465,-0.0265385296860415,-0.48744394845628,-0.696536272585953,-0.343032310267798,-0.719834078126746,-0.0543005018900789,0.976246229178337,-0.389569943311161,-1.29613234980856,0.00350960543730591,2.39690826042366,-0.0442631107287042,1.38251874331979,-0.595717843921203,-0.0863537532420052,0.1247314840105,-0.135281871906856,0.120560617542192,0.546580038321617,-0.825480294099086,-0.735669117493716,"Masculine",-0.427718243085383,1.24707584621909
-0.557410742023422,-0.682788947809716,1.52845806880573,-0.106514305300006,1.02671282738487,0.538981601882138,0.0170746986557003,-0.773600880413989,0.285158986381788,1.14900099604799,0.109092526227779,-0.744025591386318,-0.48744394845628,2.49653797358395,-0.343032310267798,0.933981502551967,-0.648546268226338,1.34037519017818,0.50552888459015,-0.0978074211802594,-1.17898311334103,-0.528562371372798,1.47023615769794,2.01557991301826,0.515113315356812,1.0546801098209,0.854081762639783,0.869746817100982,-1.08855716034719,0.27393499462918,-1.16656730688195,0.619982663118128,"Masculine",-0.427718243085383,-0.801193979414496
0.226037393505085,-0.682788947809716,-1.22812815915636,0.477621647789493,1.45541356026816,-0.662412739482594,0.0170746986557003,-0.0623660366719494,-2.15657811603066,-1.19940988450746,0.0685040459613022,-0.744025591386318,-0.48744394845628,-0.696536272585953,-0.343032310267798,-0.719834078126746,0.197944445799531,0.0584413379485224,0.976924170392111,0.8282330271886,-0.519948678347855,-2.40991616179511,-0.764347729999716,-1.10469800335016,-1.70654900319922,-0.0863537532420052,-0.758383777267825,-0.307091703087943,-0.898935189416673,0.122548992265725,-0.790515252231345,-0.44338855501969,"Masculine",-0.427718243085383,-0.801193979414496
-0.262122410285476,-1.36966645219314,0.0466952299242683,-1.0054631981332,-0.931529852866681,0.945162204359597,0.0170746986557003,-0.591259348734585,0.285158986381788,0.890354489037174,0.109092526227779,-0.744025591386318,0.449829956941094,-0.0775133932697283,-0.343032310267798,3.12755412653313,-0.224195831952273,-0.392689367795383,-0.906628564202291,0.483045657336158,-0.0865688321569805,-0.481427344412022,-1.03201965846939,0.456914337551079,-0.225440790828531,1.43502473084186,0.0713337840507914,-0.594745187860678,0.892383673710831,0.0200627579167306,0.332980318694018,-0.553014113079156,"Masculine",-0.427718243085383,-0.801193979414496
1.73476809490812,0.00408855657371117,4.40439956914409,-2.90228302928169,0.722070490801332,-0.386159569521364,0.0170746986557003,0.74952559839802,1.11199059778071,2.81457785778386,1.36222805334626,-0.744025591386318,-0.48744394845628,1.64505150793863,-0.343032310267798,1.09936306061984,-0.648546268226338,0.157861285970622,-2.28105807118219,-0.939587642334019,0.569336216796302,1.31535411758031,-1.20399756806706,2.10527868243441,1.9962215277275,1.0546801098209,0.239122837922676,-0.546093819474078,-1.06539161495981,-0.154110929513827,-0.94646689165189,1.56930306509187,"Masculine",-0.427718243085383,-0.801193979414496
0.156341645662839,-0.682788947809716,0.81323029619058,-0.389950564554531,1.20344636382466,-0.627022097062188,0.426867466392462,-0.902130700905823,2.44558997100478,-0.280877339962194,0.254215755062299,0.0472353415774958,-0.48744394845628,-0.696536272585953,-0.343032310267798,2.25103221700377,1.97284433004732,-2.62151287547678,-1.94141107076031,1.95053152170033,0.930411743774014,-0.00498554333318398,0.0363049076537181,-0.807875409521297,-0.595717843921203,0.674335488799928,1.24579262005473,1.04407627336128,-1.17399017782425,-1.65013226121598,-1.18839051445293,1.58519653804322,"Masculine",-0.427718243085383,1.24707584621909
0.0938245233759576,0.00408855657371117,-0.529705107695733,0.687733810226504,0.698448046640469,-0.358555324468029,0.836660234129224,-0.382305803054307,0.285158986381788,-1.25931522968259,0.109092526227779,-0.744025591386318,-0.48744394845628,-0.696536272585953,-0.343032310267798,1.17558080182422,-0.648546268226338,0.0500121558593723,0.68401410512084,-0.152535896832049,0.126714578226529,0.0754895216340436,0.212470748544815,-0.682956529270732,-0.595717843921203,-0.0863537532420052,0.096718657484993,-0.0637680489854627,0.0902773944089437,-0.00570826190233059,0.839084814817668,0.926699752419004,"Masculine",-0.427718243085383,1.24707584621909
0.132712307048539,-1.36966645219314,0.453107580788607,-1.57311430526678,0.188669248585454,-0.153655305147863,-0.392718069081061,-0.233637869191331,-1.17531928048173,0.69374554741094,-0.261364733705324,-0.132708733520194,-0.48744394845628,-0.696536272585953,-0.343032310267798,4.63574628360385,2.38932694846463,-1.4864903161911,-1.73988095795591,0.290876728832614,0.765920019980558,-0.726688716371959,-0.713920603288508,-0.0850390795561912,-0.595717843921203,-0.0863537532420052,0.26678162133577,-0.174412023524055,-0.467737980654828,-0.92906832455275,-0.64372975845896,1.3298250103704,"Masculine",-0.427718243085383,1.24707584621909
0.435943071459954,1.03440481314885,-0.76581284853554,-0.210393880713615,0.663156684279659,-0.662412739482594,0.836660234129224,0.0161167055068759,-0.802575407268304,0.283386345925964,-0.300244982697839,-0.744025591386318,-0.48744394845628,-0.146453296302624,-0.343032310267798,-0.719834078126746,-0.648546268226338,0.811733807344989,0.66781561275124,-0.525350232170856,-0.247779966648105,-0.553540052808944,-1.24257473166883,-0.20498218612609,-0.225440790828531,-0.0863537532420052,-1.37844385805229,-0.889377686114663,-0.928624324714963,0.799796878874771,-0.0720916998753222,0.891513704495851,"Masculine",-0.427718243085383,-0.801193979414496
-0.00626530378052275,-2.05654395657657,1.28476550362105,-1.63668262056404,2.57229781260478,-0.662412739482594,-0.392718069081061,-0.605175016193231,2.32702973404377,-0.500234693538817,0.237563889853844,-0.744025591386318,-0.48744394845628,-0.696536272585953,-0.343032310267798,-0.719834078126746,0.342467250633218,-2.68888266566914,-2.38694590901033,-0.306167273939159,2.98426891957177,2.220346283657,0.0515877787860173,-1.32912484258662,-0.595717843921203,-0.0863537532420052,1.46751735160585,0.663013117879815,-1.28684105671619,-2.4710571875987,-1.40886618276918,0.708396981152692,"Masculine",-0.427718243085383,1.24707584621909
-2.20808012846926,-1.36966645219314,-0.924713754053202,0.356186176741198,1.01544258401911,-0.662412739482594,-1.21230360455458,-1.54391094989592,-1.4576422168271,-0.138119941610516,-0.0899284635268653,1.4444433087069,0.84703897261136,-0.696536272585953,-0.343032310267798,0.193145898567638,1.16401377370266,-1.04998043915066,-0.105676500203265,0.943954276769452,0.104634238711477,-0.252732199617465,0.0821156452857384,-0.532963777212458,-1.70654900319922,1.81536935186283,-0.0610697040918508,1.16496425201084,-0.703943088508568,-0.824598375681072,-1.12296530557788,0.746852698563142,"Masculine",-0.427718243085383,-0.801193979414496
0.0793020611817109,0.00408855657371117,0.923600624962757,0.694154582714598,0.599118901194083,0.936130884450373,-2.03188914002811,-1.16025742377931,0.285158986381788,-1.81354777330905,0.109092526227779,5.46284849103542,-0.48744394845628,1.6108677447193,-0.343032310267798,-0.719834078126746,4.88762657678957,-3.11499600321871,-1.01935980081123,-0.97971813189178,2.90747404357442,0.411972854208862,3.32378311329005,-2.88614942067484,-0.225440790828531,-0.0863537532420052,2.04289948320943,2.05232069603383,-0.519462427772119,-3.18884221897319,-1.29799860110763,-2.43042294331449,"Masculine",-0.427718243085383,-0.801193979414496
-0.488764589433014,0.00408855657371117,1.79464533231512,-0.330374790316332,-0.204302261451094,-0.227697681751936,-1.62209637229135,-1.1104401687674,-0.287262898432852,0.154725691403235,-0.616274450505938,2.6103797312637,0.73982410544866,0.114013343749481,-0.343032310267798,-0.719834078126746,1.01838929170154,0.23530623087585,-1.1449015720002,0.738711673591302,-1.04869970172022,0.437136867659762,1.16703708310451,2.34895428679981,0.14483626226414,-0.0863537532420052,1.18225695804168,0.0785875163334747,0.481618138220448,0.570274480574339,0.0911019955723446,0.891513704495851,"Masculine",2.33599963531248,-0.801193979414496
2.36258097595747,1.03440481314885,0.946622765516912,0.043421545516523,0.132295551900649,-0.627922949778343,0.836660234129224,2.82031299661538,0.731053530478412,0.231230669217769,1.08034294141934,1.86892662399352,0.468550474359152,3.09178483705103,2.19565831727893,-0.719834078126746,-0.43213319619842,0.751367994505627,0.0441100145028506,-0.416732559063303,-0.543806013165051,0.358426488020596,-0.119162523984657,0.671889958381886,2.73677563391284,-3.50945534243071,0.241093203984738,-0.221321738890116,-0.1352820801489,0.480812879540544,0.0962345400776863,0.319566949558202,"Masculine",-0.427718243085383,-0.801193979414496
0.674170429370257,-0.339350195618002,0.55090275017925,-0.524479476706054,0.746700358996128,-0.662412739482594,-0.802510836817823,-0.118008299714098,0.802727460286834,-0.812555993247274,0.475060732994053,0.165863333072843,1.7318815895171,0.0363408921068263,-0.343032310267798,-0.719834078126746,-0.648546268226338,-1.90388354342863,-1.13418900627485,0.88200621626102,1.30407957515822,-0.137419779337653,-0.0821708068891808,-1.26926447124688,0.885390368449483,-0.0863537532420052,1.68456145424961,0.989322671260816,-1.0204566518645,-2.11775660199473,0.481301764960242,0.00769129607595197,"Masculine",-0.427718243085383,-0.801193979414496
0.104267153032101,0.347527308765425,2.38950513245819,-1.0229431658356,1.08410194055327,-0.168865409438737,-0.802510836817823,-0.177046612886178,0.285158986381788,0.856876507784992,0.109092526227779,0.789042466231071,3.25188840328534,3.00792877082209,-0.343032310267798,1.83841189823565,3.58390730190302,-2.0652442606247,-1.82577098555614,-0.209400844052934,1.5083749195068,1.30491652892185,1.52882585719245,0.209802055034833,1.25566742154215,-0.0863537532420052,0.950919776907976,1.80481790716044,-0.796644787510944,-1.69137971462492,-0.912030923199074,0.406162208476399,"Masculine",-0.427718243085383,-0.801193979414496
-0.258559505570577,1.03440481314885,-0.50699364508847,1.13239499396626,-0.522717619592549,-0.27954443175651,0.836660234129224,0.844392155457626,0.655586865382413,-1.20391059171118,0.373801956189559,0.558403908890402,1.10094501511538,0.35251577510482,-0.343032310267798,-0.448161939044014,-0.10918935309481,-0.613620582449511,0.780810494116658,0.70183723027527,0.0694019835656636,-0.62108308704645,0.333892613684195,-1.27918916154285,1.9962215277275,-0.0863537532420052,0.933162487195501,1.49021190327388,0.101397510280161,-1.22270032582871,0.834891700914742,0.954140180558989,"Masculine",-0.427718243085383,-0.801193979414496
0.598196843867464,0.690966060957138,-0.994145713966147,1.9697301930932,0.365630389449558,-0.431481104071525,0.836660234129224,0.479386245189,0.694031761249388,-1.94424774355939,-0.0737727192791639,0.453976309560115,-0.049133929204516,-0.696536272585953,0.820921695402284,-0.719834078126746,-0.251656849195894,1.35847920327291,2.38173363436686,-0.926868435695728,-0.672258692106174,-0.535842425945228,0.876103963488323,-0.907282243665961,-0.595717843921203,-1.98807685834684,-0.406668505410024,-0.240476727591715,-0.284224559696764,0.824026255964504,0.714367135654401,-0.190563421739729,"Masculine",-0.427718243085383,1.24707584621909
1.22392598543493,0.690966060957138,2.20409428566035,-0.721760009152817,0.936675831781431,-0.662412739482594,0.0170746986557003,-0.65009284085122,-0.749749454375808,-0.0905501068144655,-0.236791914303934,-0.310840798063965,-0.48744394845628,3.49040876543815,-0.343032310267798,-0.719834078126746,0.0690087741267167,-0.518751092286212,-0.250684796728919,-0.868684382812168,1.20614127081984,-0.246677211959933,1.81558422162123,-0.231266397226795,0.14483626226414,-0.0863537532420052,0.479913873842555,0.61055555581689,-0.939161871618166,-0.981838391106627,-0.870880543087354,0.606075209568219,"Masculine",2.33599963531248,-0.801193979414496
2.11147809330202,0.00408855657371117,1.54306793482398,-2.52292402636157,1.34775809192903,-0.382765795934616,0.0170746986557003,0.594002973184145,-0.505420311532529,1.63257108858365,-0.852486280490973,0.910550389853361,-0.48744394845628,-0.296728915455913,-0.343032310267798,0.522619279701866,-0.10039713806456,-1.47920731062382,-1.97800177072373,-0.954714489689278,2.05507596794485,-0.192292599377228,-0.183832007897306,-0.41087250878944,0.515113315356812,-0.0863537532420052,-0.917295494160201,-0.41571437275503,-0.484806499751038,-1.00513266976277,-0.983409157592188,0.214511155897899,"Masculine",-0.427718243085383,-0.801193979414496
-1.92354455939287,1.72128231753228,1.04703672273206,-0.369133426232049,1.03654148982878,-0.390310914971601,2.06603853733951,-1.29718974906017,0.636540730995183,0.15413735629273,1.29036786953968,1.10916895465275,0.265915769837937,-0.198979582600404,-0.343032310267798,-0.462130391105981,-0.307462916509724,-0.628803823226702,-0.881462632053687,-0.290420956831196,0.784379035767487,1.2088096658809,1.14594612425283,0.331182962839542,0.515113315356812,-0.0863537532420052,2.38432041696023,1.83842822099965,-1.06768197377696,-1.89117304217073,2.18390092481081,0.242497169121013,"Masculine",-0.427718243085383,-0.801193979414496
0.45261160004374,0.00408855657371117,-1.14620858062698,-0.543472752014553,0.477216156097887,-0.627797074633437,0.836660234129224,0.864573884751367,-0.466144737437426,-0.713418622167346,-0.173824004848443,0.199400905608999,-0.48744394845628,-0.696536272585953,0.420812505953193,-0.719834078126746,0.13282977548985,-0.660344556953188,-0.0458840797213725,-0.60849079453046,1.11831268915013,-1.28659805372685,-0.515315304241292,-1.71139033798939,-0.595717843921203,-0.847042995283939,-0.964186211884326,-0.893733261490274,-0.591477909155636,-0.35323558659084,0.0536423412767143,0.419105106996849,"Masculine",-0.427718243085383,1.24707584621909
-1.17758179515365,1.03440481314885,-1.64765378046457,1.33897074871959,-0.0981886224778179,-0.662412739482594,1.24645300186599,0.0905939395522963,0.0394753454305305,-0.973635327361035,-0.508820946013459,0.119801457953487,0.0392998604464255,-0.696536272585953,-0.343032310267798,-0.539649475242821,-0.648546268226338,0.851574806105321,1.44766639624745,0.934365359623217,-1.40513905750453,-1.41013398343989,-0.361352483914241,-0.183679987387075,-0.595717843921203,-0.0863537532420052,-1.14725592465312,-0.754626473760536,-0.626950075678378,1.44884650317219,1.11025113888359,0.129230570456,"Masculine",-0.427718243085383,1.24707584621909
-0.470732104566754,1.72128231753228,-0.533451802173387,0.465190933357082,0.339533825904445,-0.662412739482594,1.24645300186599,0.497089330210243,0.857580871196429,-0.410224280638754,0.604066540867451,0.262296005408686,0.73982410544866,-0.291261464418236,1.28650329767032,0.119795370525525,-0.0929010815837156,0.318946771373501,0.480895594193278,-0.0625983446223978,-0.327517978038573,0.100798346413594,-0.69240502922506,-0.311503951025543,0.515113315356812,-1.98807685834684,0.1578181723952,0.0785875163334747,-0.783980843646394,0.0237321951185948,1.33109255468371,0.225634710520756,"Masculine",-0.427718243085383,-0.801193979414496
-0.0167818677254826,1.37784356534056,-1.62967191499623,1.64362017499101,-0.362889168998363,-0.439617956997083,2.06603853733951,1.36793610157073,0.285158986381788,-1.1359413692514,0.109092526227779,-0.0570966134107323,-0.48744394845628,-0.14324394404893,0.213139411228,-0.146691455651159,0.110035841892527,0.911880451307474,1.86007242012406,0.473119945850815,-1.20907379025998,-1.34178779065829,-0.634649395464309,-0.833208493041945,0.885390368449483,-1.98807685834684,-1.55931359444442,-0.405253196057478,-0.47131551550239,1.25427228748055,2.78294805097902,0.387544227808984,"Masculine",-0.427718243085383,-0.801193979414496
0.0800190737288127,1.03440481314885,0.804443925865793,-0.415044085508747,1.89930396083921,-0.614021452907752,-0.802510836817823,0.0999657797712573,1.24466271880747,-0.430120898680644,0.399544017581447,1.50505992580595,0.541140308756312,-0.0172074394108407,1.02269595713019,-0.0161331791846576,1.67990956405113,-1.70719938778789,-1.23206352232168,0.867059037540133,0.782866622088867,-0.0777309116404272,0.0859778880388436,-0.664020333347171,0.14483626226414,-2.74876610038877,1.59166904743433,1.29549873181401,-0.768114479413675,-1.94895435321434,-0.573147026171523,-0.576972538420693,"Masculine",2.33599963531248,-0.801193979414496
0.0393987126798552,0.690966060957138,1.60308031193006,-0.67520835610449,0.342753772494122,-0.0215551605184778,1.24645300186599,-0.858527945425335,-0.0755592929179224,-0.985684453477322,-0.303968000756835,-0.0394198054795836,2.09047997087726,-0.696536272585953,-0.343032310267798,0.162002955017917,-0.0649691871025794,-1.23818882069202,-1.83758979106534,0.358125380380471,0.888710528899499,2.29681112404735,0.388414575949666,0.644035467499527,-0.595717843921203,-0.0863537532420052,1.47407794066751,-0.506149610696623,0.51723611534297,-0.314369880418529,-0.957470003476564,1.18686325827512,"Masculine",-0.427718243085383,1.24707584621909
1.64890408424321,-1.36966645219314,-1.17021144935035,1.21326019591568,-0.479526970566266,-0.58337363807702,-0.802510836817823,0.469434062251233,0.285158986381788,-1.06703545915085,0.109092526227779,-0.744025591386318,-0.48744394845628,-0.696536272585953,-0.343032310267798,-0.719834078126746,-0.648546268226338,1.14120402522108,2.02367876525513,-1.1231381336537,-0.161712421015328,-0.853624957346525,0.733563726427825,-0.993521381496706,-0.595717843921203,-0.0863537532420052,-1.64132059045662,-1.25797637834903,-0.288873097706153,1.39722558785905,-0.519541097272719,-0.564137667702014,"Masculine",-0.427718243085383,1.24707584621909
0.309668066187402,0.00408855657371117,0.172246018242829,-0.0607617974134428,-0.496471929631821,0.612839989077932,0.0170746986557003,-0.255616448510263,-0.855506521314539,0.921213439056841,-0.411783136745264,-0.744025591386318,-0.48744394845628,-0.696536272585953,-0.343032310267798,0.475258932728675,1.32865831927934,0.734300404355774,0.381274138946323,-0.637552905136288,-0.369428314030183,-0.0667571577838602,0.173007896881753,0.593597692519507,-0.595717843921203,1.0546801098209,-0.665079997097028,0.462821816625477,-0.321608492601983,0.33960400086817,-0.558944403211253,1.10202881197682,"Masculine",-0.427718243085383,1.24707584621909
-1.21021724330846,-0.682788947809716,-0.623421128006715,-0.547651143420404,0.382001093513738,-0.626485875207333,0.426867466392462,-0.778957954514309,-0.320934774010184,0.552048665473269,-0.729007247987958,0.143905229315155,2.76120678246856,-0.696536272585953,-0.343032310267798,-0.719834078126746,-0.280839894712838,-0.109916000001713,-0.397437549771937,-0.277066614203103,0.2402902568963,0.827883090872224,-1.84348824161956,-0.170867645130951,-0.595717843921203,1.0546801098209,-0.361575161504016,-0.120746737477801,-0.341414544045213,-0.203611024461742,-0.897670856534606,0.924949503036896,"Masculine",-0.427718243085383,1.24707584621909
1.56211324868857,-0.682788947809716,-1.04049432650775,0.224546975357948,-0.296542998593386,-0.0202200405623032,-2.44168190776487,1.45968760959176,-0.0292699362628731,0.436850876830984,-1.42090432418938,0.484348188739039,0.63611131216092,0.787568658732447,-0.343032310267798,0.817515616588678,-0.139857012849289,0.73243733073515,0.853298355018914,-0.515733516893933,-0.48027098668403,-1.1770511762083,-0.0601198843886431,-0.102880274972236,0.14483626226414,-0.0863537532420052,-1.98793791585031,-1.43135031407307,-0.159800729371497,1.52644855945515,-0.0701064799607385,0.125967661099966,"Masculine",2.33599963531248,-0.801193979414496
-0.422331678717883,-0.682788947809716,0.532848478758089,-0.381587240961316,0.0555571812593718,-0.372065020033545,-1.21230360455458,-0.620324748889943,-0.0630560596666326,-0.300458233031559,-0.778168831900133,-0.0638428829806824,0.756839953683044,-0.696536272585953,-0.343032310267798,-0.719834078126746,-0.648546268226338,-0.348776295718974,-0.765850440303522,-0.0800271847065833,0.486010772119049,1.93652466883041,-0.407127907262469,0.410280400161138,-0.595717843921203,-0.0863537532420052,0.867071038021042,0.508512903758415,-0.738788788394754,-0.561442876298435,-0.38466326935924,-0.414587655550281,"Masculine",-0.427718243085383,1.24707584621909
0.915757505967574,0.00408855657371117,-0.686851154542814,0.436977963780134,-1.01406643818086,-0.662412739482594,-0.802510836817823,0.415554891345242,0.285158986381788,-0.0337988037777542,0.109092526227779,-0.0530653400658048,-0.48744394845628,-0.696536272585953,-0.343032310267798,-0.719834078126746,-0.0762708559271585,0.352766215271905,0.290250086982595,0.699281013364058,-0.753253505331146,-1.01347104153531,0.436386078704055,0.320886567011028,-0.595717843921203,-0.0863537532420052,-0.452739785951653,-1.38287664539757,1.84436813674804,1.29860805690413,0.330004308553981,-1.0906230418834,"Masculine",-0.427718243085383,1.24707584621909
-0.0545771172714805,-1.02622770000143,-0.753060983038664,0.723366066315929,-1.16634778069091,1.39712041714265,0.0170746986557003,-0.497837981104378,-0.426242415231554,-0.0707534542470919,-0.40057762428497,-0.744025591386318,-0.48744394845628,-0.696536272585953,-0.343032310267798,0.0255122457906704,0.8312068464289,0.758387486674024,0.950417401792977,-0.0548162746427755,-0.717446044350408,-0.416724051983394,0.200164806182512,0.161929518765885,-0.595717843921203,-0.0863537532420052,-1.11519821583829,-0.446496965676416,2.1759392618381,1.15028700137394,-0.0356323725980501,0.924949503036896,"Masculine",-0.427718243085383,1.24707584621909
1.44161584248827,1.03440481314885,-0.240827317154031,0.409224809772538,-0.826229789462371,0.494257037184346,2.06603853733951,0.326509991838941,0.0512590078370401,0.317842543360344,-1.8288894599125,-0.744025591386318,1.18415514708362,-0.144532168329574,-0.343032310267798,-0.148025897147027,-0.648546268226338,0.647634297031147,0.565666955533318,1.16376046264725,-1.36724800046294,-1.00248205898966,-0.758066353331381,0.662761330101143,0.515113315356812,-0.0863537532420052,-0.47011129447624,-0.51566019195415,0.212393067238515,1.03728500155748,-0.101005776411037,0.597317859911022,"Masculine",-0.427718243085383,-0.801193979414496
0.443757271421094,1.03440481314885,0.51683673723427,0.0154182141982608,1.41856353018118,-0.526268832755289,0.836660234129224,0.113000545933271,0.760147358887553,-1.01666676295279,0.407554504590512,-0.744025591386318,-0.48744394845628,-0.0239525483927214,2.36130337950184,0.673593517508937,1.19572286190663,-0.783803333485628,-0.686109986467445,0.317597685296028,0.479827846835823,0.449660110472122,0.140293464847555,-0.491264642770487,0.515113315356812,-1.98807685834684,1.77284020934145,0.520197711612197,0.369627200752839,-1.14992167927193,-0.0910952643288026,1.02322364064066,"Masculine",-0.427718243085383,-0.801193979414496
0.264489679895051,0.00408855657371117,0.655320831376642,-1.22390991194027,0.120000632607541,-0.662412739482594,0.0170746986557003,1.41844841842401,-0.0571239464460458,2.04427762271833,-2.39267728786477,-0.744025591386318,-0.48744394845628,0.9190396236874,-0.343032310267798,0.953703323786639,-0.0947942508738104,0.878972673138317,-0.641112904703084,0.0315248679088475,-0.86606522642017,-0.245567302808399,-1.13754283027029,1.73256191824061,1.25566742154215,1.0546801098209,-0.198786583766819,-0.890535215516019,-0.0367692356039756,0.858110330106151,0.0503858278631909,0.0476578365550614,"Masculine",-0.427718243085383,-0.801193979414496
1.25485034864711,-1.71310520438486,-0.140283248370031,-0.271628102399522,-0.2693635568551,-0.543854087374233,-0.802510836817823,0.409655730413774,0.285158986381788,1.33615848204777,0.109092526227779,-0.744025591386318,-0.48744394845628,-0.696536272585953,-0.343032310267798,-0.719834078126746,-0.00231876487458074,1.8631096724498,1.32160811855535,-1.72368374420769,-0.528685658722983,-1.61382601363708,0.731002044551039,0.565213601635952,-0.595717843921203,0.674335488799928,-1.84285850176005,-1.20349866489317,-0.481728003871674,1.53145779983402,0.144963687392328,-1.51853865434304,"Masculine",-0.427718243085383,1.24707584621909
0.466276189213103,-1.02622770000143,0.639037410709222,1.45724581743797,-1.09424252066722,-0.662412739482594,-1.21230360455458,-0.688346672172374,2.62825031664347,-0.472255284796953,0.223835571702263,0.400188469109459,-0.48744394845628,2.06831227293141,-0.343032310267798,-0.719834078126746,-0.648546268226338,0.94555991685107,1.14186683737721,-0.283250622232548,-0.643146175788006,1.84083539000349,1.17684671801615,0.731003244365331,0.14483626226414,-0.0863537532420052,0.452363879055465,1.1696031118525,0.283768756818842,0.390958076839324,-0.253817084129213,-2.29312496234156,"Masculine",2.33599963531248,-0.801193979414496
-0.94641635366972,0.00408855657371117,-0.322128501960228,0.650936022359718,-0.573394818169869,-0.150790340342777,-0.802510836817823,-0.979678348432682,-0.114681971966348,-0.986822083153112,-0.262887660040479,2.18482084704691,-0.48744394845628,-0.696536272585953,-0.343032310267798,-0.719834078126746,-0.163393381381661,0.321651564971695,-0.20524700402937,0.0312864858698061,-0.436192032267299,1.37336275142708,-0.606503296956811,0.303975193545987,-0.595717843921203,-0.0863537532420052,1.04209742269204,-0.215680690107032,0.390260864046816,0.00537816314432983,0.467769778273932,-0.740206722706227,"Masculine",-0.427718243085383,1.24707584621909
0.48146338722989,0.690966060957138,0.127774676122721,0.537272391542261,0.310189784341926,-0.531408704003742,0.836660234129224,-0.126881851533974,0.285158986381788,-0.00911689904541113,0.109092526227779,-0.0855265599264994,0.717173184990684,-0.298741368595828,-0.343032310267798,-0.719834078126746,-0.648546268226338,1.80641987357953,1.33212761453603,-1.10611641616021,-0.944217708324169,-0.289856588708321,0.503099179620905,0.80970812194879,0.885390368449483,-0.0863537532420052,0.0695835118864743,-0.54096088811545,0.0656535835008702,0.979919189735439,0.491562350943585,0.0637577182460351,"Masculine",-0.427718243085383,-0.801193979414496
0.780005813533401,1.03440481314885,0.0942208550684299,-0.47108709518373,1.4806017146155,-0.213812434207713,0.0170746986557003,2.10470283328869,-0.210939980457567,1.20221618169428,-1.22076754771805,-0.328718265724887,1.03203078494983,0.808770157751282,-0.343032310267798,-0.200063467056292,-0.648546268226338,0.612352476928761,-0.118082309141165,-0.25338644419708,-0.375068421358244,0.100798346413594,-0.308710625093561,0.86635658155093,2.73677563391284,-0.0863537532420052,-0.908434441236896,-0.577877997029843,-0.838455971136247,0.901174231632578,0.0989960652626024,-0.555271066191038,"Masculine",-0.427718243085383,-0.801193979414496
0.2817427003832,0.690966060957138,-0.949726726781588,0.47327498434481,-0.869103734095362,-0.140754670205804,0.836660234129224,0.936688978553336,-0.835734076769895,-0.534064153147143,-0.117891452432955,-0.744025591386318,0.0132197973836,-0.0352091797599709,-0.343032310267798,-0.0347807622807508,-0.648546268226338,1.16666756327929,1.18746038333287,-0.141723517969016,-0.934382997853729,-1.60059609788188,-0.976563646510728,-0.30353130109877,0.14483626226414,-0.0863537532420052,-0.284492815549805,-1.13722632673509,-0.215205273009873,0.786457599163896,1.50964581805063,0.789835989260359,"Masculine",2.33599963531248,-0.801193979414496
-1.00684333938295,0.347527308765425,-0.696959375596256,0.862452454614709,1.02713353188721,0.292879996930106,0.0170746986557003,-0.401613145640008,-1.18948381413152,-0.368281062815069,-0.0896845518088596,-0.383965570514712,-0.48744394845628,-0.696536272585953,-0.343032310267798,-0.719834078126746,-0.648546268226338,1.72216391256655,1.45865048096006,-1.44504191274242,-0.546620823518419,0.612248895923247,0.627644526273217,0.422051605746536,-0.595717843921203,-0.0863537532420052,-0.433841100048975,-0.414947637311632,0.519033997804272,1.07455464959248,0.746454854654631,-0.766118001643344,"Masculine",-0.427718243085383,1.24707584621909
-1.13939865204946,0.347527308765425,-0.911562091805138,2.94038069305201,0.408886629115699,-0.398949068130679,0.426867466392462,-1.39207537203495,3.3526411477549,-3.01186903472674,0.00347032011597696,-0.744025591386318,-0.48744394845628,-0.696536272585953,-0.343032310267798,-0.719834078126746,-0.0282171953524183,-0.155548355953519,2.27652291836599,-0.796011101750778,0.840008746676823,1.13966074457566,1.51749900067735,-2.76036601581981,-0.595717843921203,0.293990867778962,0.496504859252867,0.926199023507486,-0.708866044578566,-0.634711196219721,-0.956316375328562,-0.760149819551365,"Masculine",-0.427718243085383,1.24707584621909
0.925452271716586,-0.682788947809716,-0.969259706828897,1.71510556819671,-0.842912663712218,-0.662412739482594,-0.802510836817823,0.119695368506101,-0.787640838934436,-1.6155701305713,0.10726747750528,-0.744025591386318,-0.48744394845628,0.388524426627385,-0.343032310267798,-0.719834078126746,-0.648546268226338,0.523805486505435,1.98578107182547,-0.568780565509999,0.068744783882268,-0.139333503995572,1.83102224188233,-1.0174657340294,-0.225440790828531,-0.0863537532420052,-1.22707749881877,-0.193522193154679,-0.295098658322699,0.937479786943385,-1.129335231914,0.401855233756518,"Masculine",-0.427718243085383,-0.801193979414496
0.580361672554905,0.347527308765425,0.110042368884742,1.26909810629575,-0.979567654394057,-0.662412739482594,-0.392718069081061,-0.402439652135843,-0.575049313917643,-0.86769032536341,-0.0961403721702838,-0.383965570514712,0.171227438272518,2.34860196493111,-0.343032310267798,-0.269207263941812,0.246093458890911,-0.761729936891274,-0.0109257117556264,2.21047557860394,-0.755035725316333,0.0707130199718467,0.532600958277341,0.0361433317252561,0.885390368449483,-0.0863537532420052,0.875238606380059,0.907740705743011,0.018498239213776,-0.119708293298852,-1.11704704885661,0.268188774136091,"Masculine",-0.427718243085383,-0.801193979414496
-1.00656398553533,0.690966060957138,-0.0218748160035413,-0.0847131654290486,-0.247349651814339,-0.320181578757427,0.0170746986557003,-0.816144649710712,0.285158986381788,-0.189511657895796,0.109092526227779,0.188196315383401,-0.48744394845628,-0.696536272585953,-0.343032310267798,-0.719834078126746,-0.262498246627842,-0.562623200997646,-0.2449103416083,0.254975471384624,0.463699938980708,-0.841708471734074,1.47852150436457,-0.264791790272808,-0.595717843921203,-0.0863537532420052,1.00334806933699,0.439517672189895,0.43709992794738,-0.794551211397219,-0.99893837867711,-0.268609330899869,"Masculine",-0.427718243085383,1.24707584621909
1.56268012552638,0.00408855657371117,-1.12586576739637,0.878772986375001,-0.589208971036272,0.0930052208538678,0.426867466392462,0.487631337757076,0.285158986381788,-1.44972479923674,0.109092526227779,1.01590903977983,-0.48744394845628,0.366628582921288,-0.343032310267798,-0.719834078126746,-0.648546268226338,-1.59403366234038,-0.144270804914749,2.60023030558948,-0.163703502341995,-1.52414656088502,-1.03050346156515,-1.67647605565216,0.515113315356812,-0.0863537532420052,-0.463779694231889,0.108029543171651,0.14609585130206,-0.309497542346173,-1.02246811552692,1.52049886532208,"Masculine",-0.427718243085383,-0.801193979414496
-0.56134113794062,0.690966060957138,0.231686361024505,-0.570336609521764,-0.119022966446585,-0.124620915485903,0.0170746986557003,-0.6482486278314,0.285158986381788,0.161421220881184,0.109092526227779,0.166567036804058,-0.48744394845628,-0.696536272585953,-0.343032310267798,-0.719834078126746,-0.27145527729138,-0.172158397581003,-0.319396062532318,-0.144681493819909,0.35459919930409,-1.12418400561929,0.920713904153772,-0.00978960205035472,-0.595717843921203,-0.0863537532420052,0.872808760057221,-0.0531072139977412,0.436480388596942,-0.604374778446683,-0.895128843165046,-0.22830098664174,"Masculine",-0.427718243085383,1.24707584621909
2.05334554550064,-1.71310520438486,0.354263333023338,-1.54549787160122,-0.86373279177259,-0.662412739482594,-0.802510836817823,0.385209454358698,-0.591127973736324,-0.326528204890109,-0.236538519109405,-0.744025591386318,-0.48744394845628,-0.696536272585953,-0.343032310267798,-0.719834078126746,-0.648546268226338,-1.50681418584473,-1.2096775535357,-0.672941956626275,2.16110335457965,0.0395030084294757,-0.391186992336779,-1.46096437431432,-0.595717843921203,-0.0863537532420052,-0.355541005458822,-0.328802923380217,-0.200211068213783,-1.26345150520708,-1.10988267300069,0.743838927606215,"Masculine",-0.427718243085383,1.24707584621909
-0.415171527860248,-0.682788947809716,-0.610621114481862,-0.908905802798272,-0.310022151895982,-0.662412739482594,-0.802510836817823,-0.0179591775079051,0.285158986381788,-0.980712566950176,0.109092526227779,-0.744025591386318,-0.48744394845628,-0.696536272585953,0.6140744474067,0.759633474468369,0.330527328719247,-2.40810434521364,-1.69619835996593,1.95926130073182,1.03998694008253,-1.30179407125304,-1.2194069818876,-1.56398115627984,-0.595717843921203,-0.847042995283939,1.27952868438966,-0.102120556176293,-0.520594845251247,-1.73759674073373,-0.595479843809337,0.3535555886836,"Masculine",-0.427718243085383,1.24707584621909
1.7190484569112,-0.682788947809716,-0.0474205193884258,-0.257232255608011,1.1317096506347,-0.344490096957379,0.0170746986557003,-0.0198442834388748,-1.26208036564194,-1.67573975648892,0.116905209546919,0.551239830231014,-0.48744394845628,0.868386254002261,-0.343032310267798,0.0906993005227228,0.424234042618329,-1.88441558589471,-0.729344766362935,0.140505976825829,1.70585196946294,0.0683300238180467,-1.15967643227629,-2.39316835760871,0.14483626226414,-0.0863537532420052,0.368888304091333,0.351573175355869,-0.830152848015163,-1.77823395395826,-1.19842929384325,1.53097335159343,"Masculine",2.33599963531248,-0.801193979414496
-0.363347977381855,0.00408855657371117,-1.37586396897098,0.765150869823697,1.06192012220129,-0.662412739482594,0.426867466392462,-0.10629312696252,0.956234743128409,-0.768085756216169,0.406815608162478,0.0424782618201985,-0.48744394845628,-0.221414503491536,-0.343032310267798,-0.227666515539995,1.30567678299171,-0.847551027230375,0.406902188728411,0.34311503433891,0.509117301993223,-0.319793311417286,-0.286411751907559,-1.62364892820355,0.14483626226414,-0.0863537532420052,-1.01991005078293,0.208541538425603,-1.14989889872918,-0.236434763124046,-1.01727989670894,1.52152882408346,"Masculine",2.33599963531248,-0.801193979414496
-0.29239514320118,-1.36966645219314,1.83092891563043,-1.03155136033358,0.47147169699006,-0.662412739482594,-3.67106021097515,-0.685490806504002,-0.849982717403178,0.941555514945435,-0.418501127170368,0.586365672173179,-0.48744394845628,0.910824830994483,-0.343032310267798,-0.719834078126746,-0.648546268226338,1.06226072732158,-1.24932386991807,-0.444239217703817,-0.663191870286756,1.99056478358487,-0.438776524799153,2.52688690371346,-0.225440790828531,-0.0863537532420052,0.697736273304935,-0.785552580889979,-0.685220647080366,0.976541990586227,-0.498196550549471,-0.274339797264449,"Masculine",-0.427718243085383,-0.801193979414496
-0.153389664594387,-0.682788947809716,-1.23091875987219,3.86700930373983,0.401212767133892,-0.260944287898725,0.0170746986557003,-0.883370761352697,0.285158986381788,-3.58700824451026,0.109092526227779,-0.186546297707268,-0.48744394845628,-0.696536272585953,-0.343032310267798,-0.719834078126746,1.19834256237557,-0.497578164223375,2.58862201905582,1.06128448490061,-0.274091272547293,-0.243900862505599,1.54108881755177,-2.77769807765833,-0.595717843921203,-0.0863537532420052,0.565819766678648,1.58082749395228,-0.348249647571632,-0.558688018369808,-1.34984506725873,-0.218653147650962,"Masculine",-0.427718243085383,1.24707584621909
1.03696012739595,0.690966060957138,-1.32025495282026,2.24895330653283,0.930033723784249,-0.662412739482594,0.0170746986557003,0.218887726909314,1.19327234940976,-1.27630154352394,0.198461106764718,-0.744025591386318,-0.48744394845628,-0.16074923805914,-0.343032310267798,-0.719834078126746,-0.648546268226338,2.29702192687167,3.50189068534495,-0.735562944664566,-1.57994829869563,-2.0112935539543,0.380638643346081,-0.776444316454025,0.14483626226414,-0.0863537532420052,-2.10768810094737,-0.3019213029122,-0.0434176518297707,1.75069994940369,2.82907640610607,-0.357914464019857,"Masculine",2.33599963531248,-0.801193979414496
1.86601251767427,0.00408855657371117,0.34591329508855,-1.28888771040478,0.756411933064592,-0.461323859581487,0.0170746986557003,1.25856433112059,0.0989494575866643,1.38298942078801,-3.66054233018412,-0.744025591386318,-0.48744394845628,0.182372949946445,-0.343032310267798,-0.719834078126746,-0.648546268226338,0.113708336658372,-0.207774353186077,-1.44751306887241,1.08510257154547,-0.169690765552451,0.076761788324926,-0.209278593792265,0.885390368449483,-0.0863537532420052,-1.36972996523836,-0.724971871566193,0.84584470106446,0.154958785172084,0.652763587241685,0.689740246963473,"Masculine",-0.427718243085383,-0.801193979414496
1.18140888472822,1.72128231753228,0.215017627733514,1.63818632290749,-0.183755697711169,-0.519570989954448,0.836660234129224,0.944947067322217,0.604993563857017,-1.28934380625037,0.35331945072915,0.755364753408531,0.19827888968545,2.02077906011449,6.03036627092283,-0.719834078126746,-0.0276247129523476,0.691774280927041,1.18235927877776,-0.117932360206782,-0.627467264480563,1.14378506451865,0.184924869046964,-0.443053752377002,1.9962215277275,-2.74876610038877,0.773963099005886,0.99427762217017,-0.0832888118116664,-0.171237760581236,1.1993154023884,0.816945252799101,"Masculine",-0.427718243085383,-0.801193979414496
-1.10179113550706,0.690966060957138,-0.144897545462283,1.0440244665281,0.691793324840221,-0.494754039531376,-1.21230360455458,-0.920339969866518,-0.234014351008234,-1.61969386177702,0.10717550220942,0.559846244992591,-0.48744394845628,-0.171429378282267,-0.343032310267798,0.368057898532342,0.0713926779219102,-0.390284256965956,0.70234969324289,-0.690601777501476,0.81092810097538,0.253323954885692,1.71301470697474,-1.22260996872024,0.515113315356812,-0.0863537532420052,1.60298834350891,1.32030265327731,-0.953698817511031,-1.44469489456577,-0.393374228164294,0.59976597454315,"Masculine",-0.427718243085383,-0.801193979414496
-0.218386766796649,1.03440481314885,-0.135993394042075,0.724967496189223,0.619636040819403,-0.166351433589869,0.0170746986557003,-0.315183120018118,1.38911547852431,0.0176613632037241,0.456225429841211,-0.744025591386318,-0.48744394845628,0.171909744916297,-0.343032310267798,0.179768902572114,-0.0532121396806719,0.0939138886060019,0.716208341931823,0.174932839348083,-0.13731620475989,0.064762076280073,0.812857633136978,-0.136879279044714,1.25566742154215,-0.0863537532420052,-0.284711507118781,0.818486495780696,-0.696008878274013,0.0153667519738615,0.690700240587468,0.440130424191668,"Masculine",-0.427718243085383,-0.801193979414496
0.292694004900865,0.00408855657371117,1.50115780205308,-1.98515149555701,1.54781611366866,-0.662412739482594,0.0170746986557003,-0.298342559436358,0.285158986381788,1.55977943254708,0.109092526227779,-0.482381976219618,-0.00880940743335449,-0.0643075718443138,-0.343032310267798,-0.719834078126746,-0.648546268226338,0.0652371318639623,-0.718771577913704,-1.25094110163327,0.953966469426523,-0.358303735087429,-0.94564333595185,0.125674051298194,0.14483626226414,-0.0863537532420052,0.209527939670667,0.412834817383389,-0.712395948904225,-1.23058235000234,-0.0451445701191538,-0.142784343758421,"Masculine",2.33599963531248,-0.801193979414496
-0.438949649454251,1.72128231753228,0.0663804105734039,1.30247710185243,0.623357286731836,-0.41634761246524,2.06603853733951,-0.85164378526336,0.611222085326837,-1.03651950738477,0.529660027759632,-0.36187814956543,-0.48744394845628,0.226874682732895,-0.343032310267798,-0.719834078126746,-0.648546268226338,0.483757456657915,1.1751900535737,-0.154901144188775,-0.209544726258121,0.174239352635068,1.33403941869048,-0.33289319789139,0.14483626226414,-0.0863537532420052,0.990213279719765,0.935994333324072,-0.967347299707093,-0.385433277175574,0.82630813498412,0.309533402952923,"Masculine",2.33599963531248,-0.801193979414496
-0.397332973661854,1.72128231753228,-1.21865777946441,0.660390809755936,0.192174411512726,-0.428070540256704,0.0170746986557003,0.168422054965182,0.116743159416207,-0.345440300280544,-1.66305170822541,0.242895002285229,0.114359749393167,-0.696536272585953,-0.343032310267798,-0.308113015711341,0.441319395431445,-0.27864257231621,0.153254465893465,1.30496851420742,-0.674949098580672,-0.70459567753443,-0.45408352590449,-0.222120847636514,-0.595717843921203,-0.0863537532420052,-0.628063319695184,-0.391768715960441,-0.203967692004172,0.610098571186221,0.769621587584957,-0.615597102639516,"Masculine",-0.427718243085383,1.24707584621909
0.884192729623292,1.03440481314885,-0.837497467566058,1.07511586502981,2.27477038685358,-0.374997825280506,1.24645300186599,-0.347794743411884,0.285158986381788,-1.30756114288905,0.109092526227779,5.6301228059463,-0.48744394845628,-0.696536272585953,0.762859024585797,-0.719834078126746,1.61399967738341,-1.23173461827054,0.377459237667838,-0.797256473850094,1.22051925036036,-0.0970248905606606,1.04089660614392,-2.25450431892125,-0.595717843921203,-0.847042995283939,-0.583884110484238,0.783163258119176,-0.969618728926916,-1.26671989982472,-0.954658863621663,0.390263318939026,"Masculine",-0.427718243085383,1.24707584621909
0.454850179426615,-1.36966645219314,-1.02668971979201,1.69753783865513,-0.930832802255178,6.15053515632184,-0.802510836817823,-0.604490237069719,-0.152575396123525,0.0365985205229998,-0.77646805531474,-0.744025591386318,-0.48744394845628,-0.696536272585953,-0.343032310267798,1.42039784981041,-0.648546268226338,1.46312749857342,1.77951995604444,1.34126538336569,-2.32953149604173,-1.67816863606002,0.41353766503632,0.874211670601972,-1.33627195010655,-0.0863537532420052,-1.20331758108286,-0.317060775322239,1.30668605881447,2.00858394047817,-0.012406430776977,-0.970040454180254,"Masculine",-0.427718243085383,-0.801193979414496
0.86727063780515,-1.36966645219314,-1.44670322867875,0.355886040799313,0.0182298468213418,-0.662412739482594,-1.21230360455458,0.213091815829528,0.285158986381788,-0.0504320179754783,0.109092526227779,2.11546747054484,-0.48744394845628,-0.696536272585953,-0.343032310267798,0.174853039289608,-0.0564653316399367,0.146638116905665,0.602234209271576,0.047089174264236,-0.337067042475725,-1.65532983419141,-0.333870913889068,-0.728784507600722,-0.595717843921203,1.43502473084186,-1.81588590486912,-1.58103353537803,-0.649744494296577,1.29121111355547,-0.646856841534976,-1.83478986885131,"Masculine",-0.427718243085383,1.24707584621909
0.176480440456065,-0.339350195618002,-0.924713754053202,0.472603036372671,1.25501552258083,-0.00829603819508278,0.426867466392462,-0.148374631986501,-0.498810116733915,-0.448228190591804,-0.241000763235916,-0.744025591386318,-0.48744394845628,-0.696536272585953,-0.343032310267798,0.101542556424388,-0.648546268226338,0.169242325700176,0.10234900000522,1.45901970083337,-1.03663980667539,-1.03982794302994,-0.197708732259531,0.385654905654901,-0.595717843921203,-0.0863537532420052,-0.136999614778447,-1.22649047990176,-1.02306170733477,1.14652015110919,-0.102945784316335,0.420296916420732,"Masculine",-0.427718243085383,1.24707584621909
0.109294430780036,1.03440481314885,-0.852873749287781,1.8554090465285,-0.971196586746818,0.573624271859896,0.426867466392462,-0.412316513762351,-0.300126311574754,-0.998766453499879,-0.140263847078594,0.235913042196833,-0.48744394845628,-0.104561833689289,-0.343032310267798,0.199984699891192,1.78630342605032,0.375960173510485,0.950559648412975,1.15422243022681,-1.3619182117894,0.0762342971090973,0.0318720482366474,0.0653875667228647,-0.225440790828531,-0.0863537532420052,-0.133782380822542,0.153872337933819,0.191030545701083,0.927106061006312,0.370355994871066,-0.795260413754685,"Masculine",-0.427718243085383,-0.801193979414496
0.19413155342502,1.72128231753228,-0.972845563608352,0.760145572406085,-0.52361306385077,0.570597242444365,1.24645300186599,2.80101867269022,0.816693593709669,-0.618403940545196,0.550712838692377,-0.744025591386318,-0.48744394845628,0.808770157751282,-0.343032310267798,-0.719834078126746,-0.648546268226338,0.241280555197105,1.19294585683066,-0.414602388337693,0.243087341797459,-0.679987506479299,0.540898412626187,-1.09217895517506,1.9962215277275,-0.0863537532420052,-0.772539500283781,0.196861330891969,0.217769526654128,0.0251264356427153,-0.332659720482656,0.847698111352766,"Masculine",-0.427718243085383,-0.801193979414496
0.888315904012131,-1.36966645219314,-0.0898341872220879,-1.44725971555978,0.483780062999828,-0.464814985968659,-0.802510836817823,0.0813333541313499,-1.45065165353129,0.27555502785937,-0.146362955644065,0.95128940969382,-0.48744394845628,-0.696536272585953,-0.343032310267798,-0.719834078126746,0.0535108250478179,-0.966431902105912,-1.3469942400953,-0.811468419959446,1.50910505759098,0.00872295209836105,-0.948477536518001,-0.948547888423218,-0.595717843921203,0.674335488799928,-0.246668148503412,-0.922115056108441,-0.8994858463617,-0.776098122658821,-0.743619668717906,-1.1418091199288,"Masculine",-0.427718243085383,1.24707584621909
1.82962258256305,-0.339350195618002,-0.367582130889656,-1.20938140363361,-1.00617629832371,0.720771535114953,-0.392718069081061,1.98981839100921,-0.901710693778189,0.697461552876682,-0.347496980313427,-0.744025591386318,0.421355812979655,-0.0963191516287021,-0.343032310267798,-0.719834078126746,0.174371286674761,-0.208659169740383,-0.223688720669379,-1.00844846105816,0.978614452387792,-0.936955002368098,-0.92553580641888,-0.881732170662066,1.25566742154215,-0.0863537532420052,-1.44398665579471,-0.888980722282962,0.124191376277154,-0.0563219190259147,-0.380537608641035,-0.738298431687603,"Masculine",-0.427718243085383,-0.801193979414496
0.0758186946767899,0.690966060957138,-1.13274913870436,0.434244222995825,0.428922187807079,-0.26140553382196,0.836660234129224,0.830360087669693,-0.46135936340036,-1.20035380851906,-0.0233704581284265,-0.119080650701522,0.655791420229054,0.436039027309499,-0.343032310267798,-0.32876462951084,-0.389746559479575,-0.983652537937349,0.171528139798184,0.951862690378853,0.3607141152005,-1.14199391242675,0.053599536769462,-1.33075852294502,1.25566742154215,-0.0863537532420052,-0.487621763147493,-0.15239768705063,-0.815816724465842,-0.209288022924041,0.875689594621267,0.597911781212308,"Masculine",-0.427718243085383,-0.801193979414496
0.925937661121755,0.347527308765425,-0.808716093025304,0.297487076338867,-0.696328307943895,-0.662412739482594,0.426867466392462,-0.10366316574453,0.890704741565449,0.0305607115360585,0.746915257770674,-0.0343231994332417,-0.48744394845628,-0.696536272585953,-0.343032310267798,-0.719834078126746,-0.648546268226338,0.45199522608918,0.844444698787508,-0.516794773571896,0.0455122402825042,-0.687894198660492,0.310889922626925,-0.49380014619837,-0.595717843921203,0.674335488799928,-1.73297842896082,-0.652711630262407,-0.0891612991168452,0.926564704637253,-0.230810604154978,-0.122107408081716,"Masculine",-0.427718243085383,1.24707584621909
0.482973709556649,1.72128231753228,-0.010702715844899,0.847511574518286,-1.10334934007869,2.65262530005217,1.24645300186599,-0.431817548783048,0.285158986381788,-0.0915200188283192,0.109092526227779,0.276248471222136,1.37898190475271,0.125251466679609,-0.343032310267798,-0.719834078126746,-0.648546268226338,0.131758178717287,1.18612941922594,-0.242511191866036,0.0641757084404367,-0.535738335043628,0.580369822608027,-0.865490887006258,0.14483626226414,-0.0863537532420052,-0.270489732868915,1.6016792878038,1.88138055161323,-0.759342874436343,-0.300878905476315,1.4822128120544,"Masculine",2.33599963531248,-0.801193979414496
0.119908831818616,-1.71310520438486,-0.261869976750924,0.745586972479751,-0.59748862875057,-0.199744828815818,-0.802510836817823,-0.687403609362162,0.879949044315296,-0.897767510507465,0.394103715570443,1.69581273832094,0.787781294055958,-0.696536272585953,-0.343032310267798,-0.719834078126746,-0.0711884810399542,0.0955586848223412,0.990353582515298,-0.975565149565836,0.459386960521569,-0.470021293108104,0.180619005752653,-1.41522821252459,-0.595717843921203,-0.0863537532420052,-0.0101922145936183,0.910163480794125,0.566462983828515,-0.824372181106877,-0.451768937073023,1.32576527614161,"Masculine",-0.427718243085383,1.24707584621909
-0.763836950731149,1.37784356534056,-0.87144952194855,0.589341178244724,-1.30157280792994,2.11758324098933,0.836660234129224,-0.352643963255076,0.733441185333013,-0.205032703009955,0.847988471654612,-0.481331198648666,0.954226355829642,-0.696536272585953,-0.343032310267798,-0.719834078126746,-0.648546268226338,1.35823927056925,0.933995058075365,-0.0331526150374296,-1.21913653169134,-0.281128227411126,-1.08072225750272,0.477277301185452,-0.965994897013874,-0.0863537532420052,-0.229505499286433,-0.901272430112312,2.6813320707937,1.12857542105279,0.444390378595793,1.360345277728,"Masculine",-0.427718243085383,-0.801193979414496
0.480134541201932,0.00408855657371117,-0.432926435409572,0.179100796272566,-0.37202880513203,0.0104877184297272,-2.03188914002811,-0.0423225853190981,1.05496772802906,-0.640709490804341,0.407256806840863,-0.744025591386318,-0.48744394845628,-0.1515115305673,-0.343032310267798,-0.155255655757117,0.0987007069137407,-0.605906101715493,-0.118082309141165,0.864434452311022,0.0885484010085416,-0.803836296938173,-0.057324636179816,-0.636312925075039,0.14483626226414,-0.0863537532420052,0.428646816876458,-0.129885494411925,-0.15355884715985,-0.341751131239128,-0.229734886388463,1.33453803516475,"Masculine",2.33599963531248,-0.801193979414496
1.31958985548477,0.00408855657371117,0.468577270375721,-0.77914183738176,-0.391967745722072,-0.662412739482594,0.426867466392462,0.380075001577487,0.806758367404474,0.742466170527418,1.16817760912702,-0.438367162453257,-0.48744394845628,0.0420486581869895,-0.343032310267798,-0.337292623717418,-0.648546268226338,-0.52110650764342,-1.19408333575864,0.838500981934267,0.0834933889266569,0.116122180909619,-0.149136784122981,0.635683693888545,0.885390368449483,-0.0863537532420052,0.0889751565373281,-1.33234377244529,-0.508012684574941,0.600556863546851,-0.444120645194824,0.00860705968758345,"Masculine",-0.427718243085383,-0.801193979414496
1.06299368029361,-1.36966645219314,1.67433158326363,-2.10334983164565,1.10582309104189,-0.662412739482594,0.0170746986557003,-0.138402116844668,1.17813712669262,2.10646949703177,1.08429129851096,-0.744025591386318,-0.48744394845628,-0.0643075718443138,-0.343032310267798,-0.0649231081779742,0.218260222936152,-1.26130184042883,-1.71992035920126,0.092855798911065,1.25686279337282,-0.0303736768724128,-1.01470832869552,-0.0425819561750849,-0.225440790828531,1.0546801098209,-0.285129645398636,1.01355577318738,-1.1323481857818,-1.48940916090031,-0.728149753011362,1.45949361560984,"Masculine",-0.427718243085383,-0.801193979414496
0.33475985547724,0.347527308765425,-0.303297712832316,0.341206664732668,1.02547408635021,-0.662412739482594,1.24645300186599,0.00794019961834779,-0.968353108974339,0.751110986135173,-0.333213672729439,-0.744025591386318,0.472384676589696,-0.062617120772813,-0.343032310267798,1.90681419706886,1.08970204292839,-1.15989551239873,-0.778376514268428,2.5575140117239,-0.811000460214708,-0.0219562208326696,-1.01249233962353,0.322272648265642,0.14483626226414,-0.0863537532420052,-0.197226693218496,1.02367486950174,-1.10998979403559,-0.0720901536301465,-0.352395191840203,-0.344987039311412,"Masculine",2.33599963531248,-0.801193979414496
1.2295584589469,-1.71310520438486,0.343691004982019,-1.09364817834248,2.28956899816533,-0.135485396778765,-4.08085297871192,0.642828046581714,-0.456243528636435,1.23602646354162,-0.791410062468793,-0.744025591386318,-0.48744394845628,-0.696536272585953,-0.343032310267798,2.90513439022438,-0.648546268226338,-0.187937537398873,-0.869251751435643,-0.589363583532975,0.551594968981255,0.451719810924127,0.832461661732963,0.869477361087827,-0.595717843921203,-0.0863537532420052,-0.726572576837164,-1.44097675213274,-1.15485119799986,0.946832607664828,-0.684903018959959,-1.05529743872529,"Masculine",-0.427718243085383,1.24707584621909
0.123357647805599,-1.36966645219314,-1.94080143736637,2.02076751886058,-0.580515477241439,-0.468847593183229,-0.802510836817823,0.16566969839755,-0.925932523985536,-1.72974974631041,0.129484204208433,-0.0343231994332417,-0.48744394845628,-0.696536272585953,-0.343032310267798,-0.719834078126746,-0.648546268226338,1.10085222199321,2.42854087171089,-0.347259019266285,-0.717401518042572,-0.687894198660492,0.40455853846373,-1.10232096888653,-1.33627195010655,-0.0863537532420052,-2.40385218809641,-0.978600033049381,0.168773141696275,1.87641312246302,-0.144168985338844,-1.11726784963306,"Masculine",-0.427718243085383,-0.801193979414496
-0.0931766866714829,-2.39998270876828,-1.3031893676363,0.053386041140246,1.39816113402606,-0.662412739482594,-1.62209637229135,0.79911699666417,-0.729588900335077,-0.182711011190865,-0.222462416053335,-0.744025591386318,-0.48744394845628,-0.696536272585953,-0.343032310267798,-0.719834078126746,-0.648546268226338,1.02264976036566,1.04125664754467,-0.847517930645332,-0.234578475186487,-1.36849866766667,0.06252616851419,-0.290959871968976,-0.595717843921203,-0.0863537532420052,-1.16375220908819,-1.84454970939431,-0.313002972049078,1.2872943573886,0.103259642607652,-3.01703739972335,"Masculine",-0.427718243085383,1.24707584621909
-0.573304991765561,0.347527308765425,0.104438426495077,0.152912798831079,-1.04831721069588,0.625631876015649,0.426867466392462,0.315356657944695,0.785894392163567,0.0700519106750174,0.898830324375876,-0.744025591386318,-0.48744394845628,0.189765644341579,-0.343032310267798,-0.719834078126746,-0.648546268226338,0.718649541228337,0.474497966387321,-0.410082315137489,-0.23497237223183,0.683104057262687,-0.488007075622298,0.268770281953039,1.25566742154215,-0.0863537532420052,0.711297783331919,0.639649084808463,1.60820411481285,-0.367019999623131,0.0392150979802052,-0.365717504159172,"Masculine",-0.427718243085383,-0.801193979414496
-0.919999337993308,-0.682788947809716,-0.269153974303689,-0.811061516704132,1.2974842415565,-0.311127844346709,0.0170746986557003,-0.244480151243878,-1.32036677958804,0.921379764732014,-0.260994171990886,-0.744025591386318,-0.48744394845628,-0.696536272585953,-0.343032310267798,-0.719834078126746,-0.648546268226338,0.861369043710462,-0.455227161287086,0.110835878497826,-0.737599840674734,0.0221849762935537,-1.3113093591769,1.21818566146715,-1.33627195010655,-0.0863537532420052,0.0682716640607992,-1.30518597094506,-0.676491944798382,0.89488423328631,-0.74543526662311,-1.2418188416483,"Masculine",-0.427718243085383,-0.801193979414496
-0.536260667210722,-1.36966645219314,0.0172221400079317,-1.25946447199453,0.229101075061685,-0.662412739482594,0.0170746986557003,-0.282364135390218,1.31235776741419,0.429974115281419,0.575866784851548,-0.744025591386318,-0.48744394845628,-0.696536272585953,-0.343032310267798,-0.719834078126746,-0.648546268226338,-1.71451041821003,-0.614562021742874,-0.117657683297205,1.98330958608013,-0.91518128179857,-0.731245260318125,-2.04823485507435,-0.595717843921203,1.81536935186283,0.366865935110368,1.58239797888275,-0.699176346276772,-2.69275300961865,-1.17061882643267,-0.426483679244169,"Masculine",-0.427718243085383,1.24707584621909
0.204450002492271,-0.682788947809716,-0.912792103382292,-0.537015238023704,-0.93440037945741,0.120726980866215,-0.802510836817823,1.5040915028074,-0.807646430082524,0.757390289603886,-0.399600058060156,0.62823113151596,-0.48744394845628,-0.143888806902703,-0.343032310267798,0.42511517003544,-0.648546268226338,0.884154060190982,0.453669325859897,-1.03873963953723,-0.153526583164323,-1.45858934300046,-0.394572309934173,-0.0598389825826042,0.14483626226414,-0.0863537532420052,-1.56288420349592,-1.458221921883,-0.0154471528826608,1.0724545675353,0.517017777308928,0.120900960304147,"Masculine",2.33599963531248,-0.801193979414496
-0.216244724022588,-0.339350195618002,1.08497216649094,-0.97587541215953,-1.22567763428398,1.94931408957117,0.426867466392462,-0.116474608946983,0.285158986381788,0.724508436502467,0.109092526227779,-0.744025591386318,-0.48744394845628,0.0707315681199196,-0.343032310267798,-0.719834078126746,-0.648546268226338,-0.339079616813529,-1.02527214331759,0.293712323670687,0.330109269620346,0.960420829113148,-0.50242042135412,0.720287514601817,1.25566742154215,-0.0863537532420052,0.82609516109016,0.582553068003755,0.426727387108884,-0.720467373184008,-0.773080945955656,-0.208901568455966,"Masculine",-0.427718243085383,-0.801193979414496
-0.17327514816268,-2.05654395657657,-0.900344497534738,-0.836360818092952,0.00856641228237338,-0.662412739482594,0.0170746986557003,-0.163112848370521,-0.785191524264768,0.156360556233503,-0.27918922901707,-0.296005702402241,-0.48744394845628,-0.696536272585953,-0.343032310267798,-0.719834078126746,-0.277481845639656,0.24695479930132,0.0304899985841659,-1.17345552055697,0.688709903935399,-0.483186688763831,-1.48870231999112,-0.89461808534342,-0.595717843921203,1.43502473084186,-1.03936518343371,-1.22803858792229,-0.432859796487839,0.112772596809765,-0.756893460720085,0.0368295975416634,"Masculine",-0.427718243085383,1.24707584621909
1.28194212030735,-0.682788947809716,-1.1657478548904,1.22843354112764,-1.29057656201412,-0.662412739482594,-0.802510836817823,0.761926114024179,0.285158986381788,-0.303657406029072,0.109092526227779,-0.744025591386318,0.829898825001315,0.173503223847494,-0.343032310267798,-0.719834078126746,1.73715967075299,0.854297386852367,1.68827176107188,-0.11185318060432,-0.874129954915148,-1.01235873193095,0.817731662264969,-0.118219977883248,0.14483626226414,-0.0863537532420052,-2.10946312427812,-0.786953733795759,0.683706695321085,1.78692201903643,-0.477144972053551,0.194488757576753,"Masculine",2.33599963531248,-0.801193979414496
0.305022817079515,0.00408855657371117,0.550648201877673,0.0364936343379686,-0.438795125567178,0.165615941909137,-2.03188914002811,-0.679964008588784,-0.47074801726734,0.330611298488854,-0.494519667006607,-0.744025591386318,-0.48744394845628,0.373828344922465,-0.343032310267798,-0.719834078126746,1.55271175109149,-0.897648629950902,-0.517336525907466,1.18784322556073,0.0470356832796899,0.041578471340904,0.728909907975369,0.233540205073397,-0.225440790828531,0.674335488799928,-0.0490957777531243,0.89029271476169,0.626728501040977,-0.268926129615126,-0.74254558366134,0.670001539161391,"Masculine",-0.427718243085383,-0.801193979414496
0.0633604351847797,-1.02622770000143,-0.172877062205716,-0.40932406060453,-1.08555887644931,0.785631866421059,0.0170746986557003,-0.0682378009804752,0.285158986381788,1.70272271640626,0.109092526227779,0.454342111667274,1.70477532340445,-0.696536272585953,-0.343032310267798,0.0300639790665039,-0.152283009927202,1.45054156482395,0.289510070008997,0.134364881228602,-1.63733305222963,-0.775350664084537,-1.36899592505999,1.63869372155409,-0.595717843921203,0.674335488799928,-0.963069048541203,-1.25771971848983,1.88197545546942,1.68392143845226,-0.0740262764247271,1.0780502647775,"Masculine",-0.427718243085383,1.24707584621909
1.17802858796889,0.347527308765425,1.36148353340142,-1.05059445659449,-0.300194472011273,0.127978274573149,-0.392718069081061,0.167661436870519,1.21793559534158,2.53147189456579,1.14904547497327,-0.744025591386318,-0.48744394845628,1.28468180076876,-0.343032310267798,-0.0357348755340191,0.256892267110525,0.0655400084729979,-1.08483693545413,0.892500699371019,-0.622589008972817,-0.30112150209506,1.33080808225385,2.23098320330367,0.14483626226414,-0.0863537532420052,-0.727745903219384,-0.261010109920974,0.0754553070885328,1.1105640439024,-0.3888724877629,-0.131404262251883,"Masculine",2.33599963531248,-0.801193979414496
-0.251572778207196,-1.36966645219314,0.744148238445442,-0.500984397834541,1.10710186634888,-0.662412739482594,-0.802510836817823,-1.0701014906221,-0.178859677752019,-0.194992403482236,-0.609796030298498,1.06874772385641,1.17064337610351,-0.696536272585953,-0.343032310267798,0.414538271669046,0.102152194096835,-1.52005051665842,-0.796304732184322,-0.5038740347911,1.68247659861441,0.683953415294796,0.788318641222366,-1.07737583123592,-0.595717843921203,0.674335488799928,0.451979578897214,1.3910527063843,-0.616851413594235,-1.81739944646698,-0.667725639578964,0.727430619062919,"Masculine",-0.427718243085383,1.24707584621909
-0.257176490573691,-0.682788947809716,0.49899999296929,-0.432977512615468,-1.12432082733285,-0.662412739482594,0.0170746986557003,-0.625342299316816,0.285158986381788,-1.2183379366236,0.109092526227779,0.164459183498061,-0.48744394845628,-0.696536272585953,-0.343032310267798,0.41716413358987,0.10388992201888,-0.828787312122067,-0.558402374985218,-0.433204228046205,1.09519789031419,0.69289428485737,0.074983779037938,-0.666531317221834,-0.595717843921203,-0.0863537532420052,1.32250750607662,0.566352394977745,0.165116135393206,-1.38410217411338,-0.179489680787572,-0.44338855501969,"Masculine",-0.427718243085383,1.24707584621909
1.02801259606797,1.03440481314885,0.48790413200083,0.0183863944945327,0.445182662660648,0.259710110249106,0.426867466392462,0.709885148411306,0.76422451229962,-0.998358098314629,0.413935888605644,0.37890837928622,-0.48744394845628,0.660177677503401,-0.343032310267798,0.685554269402806,-0.648546268226338,-0.827491023344686,-0.519114725107563,-0.821607447711491,1.40246102634272,1.60674324894607,0.750154189741434,-0.828258076908685,1.9962215277275,-0.0863537532420052,0.439627819948868,0.355083103177344,0.874558117898137,-0.778991314880941,-0.314343674450952,1.56491068711259,"Masculine",-0.427718243085383,-0.801193979414496
0.00415829336238894,0.347527308765425,0.2043058666265,-0.0348789500947632,0.311237785826299,0.164740647319928,-0.392718069081061,-0.49046890094627,0.540295597899171,0.257741923997397,1.83077428814896,2.24618715337597,-0.48744394845628,-0.696536272585953,-0.343032310267798,0.21575302180007,-0.0293987745388446,0.298235780393135,0.263307702777927,-0.987539051360464,0.212179553639673,-0.180284560627846,0.327125816038639,-0.170777009488057,-0.595717843921203,-0.0863537532420052,-0.056826144597415,0.747522207045612,0.945736000951578,-0.493252191225763,-0.506828667293133,0.569827247831796,"Masculine",-0.427718243085383,1.24707584621909
-0.208154234883502,-0.682788947809716,-0.741720073202881,-0.449286597246533,-0.102074142741241,-0.362609251392484,-0.802510836817823,-0.237222760977787,0.958935249191775,-0.470756109404691,0.508636733348246,1.62498098456973,-0.48744394845628,-0.696536272585953,-0.343032310267798,-0.719834078126746,-0.648546268226338,-0.365099339175378,0.120286448308267,-1.22836737615036,1.2138530825279,-0.110343743382796,-1.53081976340375,-1.80029863786776,-1.70654900319922,-0.0863537532420052,-0.431207136856967,0.175205562029144,0.00975257798213344,-1.17700345400748,-1.02714951605421,0.222456552057084,"Masculine",-0.427718243085383,-0.801193979414496
1.05721457481295,-0.682788947809716,0.395795333541181,-1.35732221709527,0.989391783391851,-0.313995476143736,0.0170746986557003,-0.075845275816218,-1.81714381031413,0.00429657472479085,-0.0717090907999033,1.89587635536291,2.73207090147372,-0.696536272585953,-0.343032310267798,0.381473606764686,-0.648546268226338,-1.15520212699394,-0.986043883351601,-1.18353404050471,1.72818577278701,-0.310952399327235,0.247044049948924,-0.969121764144533,-0.595717843921203,-0.0863537532420052,-0.39979328705665,-0.447569995548407,-0.752451556686835,-0.821552694478793,-1.10692893909518,0.770688887040687,"Masculine",-0.427718243085383,1.24707584621909
1.28796051032593,0.00408855657371117,-0.0172490589369836,-0.687469461278937,-0.0326394479036144,0.571368355628808,0.426867466392462,0.150520055094588,0.082822549755465,-0.338221124608373,-1.37429023363154,1.62736669109133,1.68159475708568,-0.696536272585953,-0.343032310267798,0.0221345434164243,-0.648546268226338,-1.04869819948288,-0.695280372874416,-0.159796523568865,1.0069112304098,-0.503544056943382,-0.513309000710507,-1.06101371137967,-0.595717843921203,-0.0863537532420052,-0.0102687841621219,-0.18480086462944,1.57784490472031,-0.884360667821952,0.268772627394442,-0.281068106030828,"Masculine",-0.427718243085383,1.24707584621909
0.189870409176141,0.00408855657371117,-0.778302477942255,0.0327696762480735,-0.280254251955339,-0.26420047285909,0.836660234129224,-0.352825022069793,0.661413820782423,-0.513209414151121,0.798234766051077,1.18522859348051,-0.48744394845628,-0.696536272585953,-0.343032310267798,0.314962047143434,0.492789525965846,-0.313800182700265,0.481857035450647,-0.97819632961921,0.843662129947681,-1.24408335300754,0.266292084468674,-1.53301824709358,-0.595717843921203,-0.0863537532420052,-0.81516572239922,-0.0816631491850278,1.66810828813871,-0.526977146285647,0.0769536725897757,0.16487099391273,"Masculine",-0.427718243085383,1.24707584621909
0.971624716705987,0.690966060957138,1.13411919059781,-0.730329351125744,0.560290047375478,0.56708439349301,-1.21230360455458,0.392156937410552,-1.20787771318251,0.460853916535345,-0.216873026576196,-0.744025591386318,1.79902678891439,1.56861432720495,1.17492681496118,-0.719834078126746,0.90425198425424,-0.594084733867871,-0.027745104884839,-0.95156759572027,1.18754666464444,0.267896465249268,-0.0288825405517951,-0.794911365386822,1.9962215277275,-0.847042995283939,-0.0786385809796952,1.31831643643443,-0.681353270852569,-1.4275389827988,-1.12441243757998,0.770688887040687,"Masculine",-0.427718243085383,-0.801193979414496
0.535132439140443,1.03440481314885,-0.101305335044158,-0.998161999856559,0.531597564607698,-0.514214424347142,-0.392718069081061,3.07704674281363,0.915793266262324,0.889432912594637,1.03946702732967,0.73418692367979,0.188593538864236,0.196442118292068,0.554593236477772,-0.257326330987785,0.269680946988164,-0.455082637299695,-0.957086466717366,-0.444239217703817,0.681384224712946,0.341650931543262,-1.063092843386,-0.245693257098576,3.10705268700551,-1.60773223732587,-0.592114013707633,-0.607372636371848,-0.343519788498302,-0.128783539503142,-0.404410181796889,1.02096886605495,"Masculine",-0.427718243085383,-0.801193979414496
1.12959250572751,-0.682788947809716,2.08544835387916,-1.89685876257515,1.19007737543087,-0.662412739482594,-0.802510836817823,-0.128282900618395,-0.198985788485534,1.87862774010446,-1.57974896868958,-0.744025591386318,1.24256041668683,0.446045716706166,-0.343032310267798,0.463739963949347,-0.648546268226338,-0.750913154269174,-1.16345854663018,0.368467827826287,0.531684158933412,-1.282039248469,-0.09606071437008,0.53921893713614,0.14483626226414,1.0546801098209,0.259497983018747,0.811626680814711,-0.246109006304798,-1.18270581021186,-0.86789528785328,1.06731701031684,"Masculine",2.33599963531248,-0.801193979414496
0.655388029466277,0.690966060957138,0.0770842275513864,-0.87950801372945,-1.03946819851273,1.69346241209001,0.836660234129224,0.124192182471862,-0.372363487199124,1.24893788591653,-0.910870980142412,-0.193583203237577,-0.48744394845628,-0.696536272585953,-0.343032310267798,-0.375385812024658,-0.192652251135266,-0.0251955366769079,-0.401249682997609,0.360309032451684,-0.142067914558672,-1.03982794302994,-0.826402093220492,0.254048901319876,-0.595717843921203,0.293990867778962,-0.58035521024958,0.00934917119191045,0.557727124237556,-0.0706342273401246,0.782724492446624,-1.08283385609387,"Masculine",-0.427718243085383,1.24707584621909
0.0932145641745235,0.00408855657371117,0.684223903061341,-1.24596037334576,-0.326170461252757,-0.317996543413611,0.0170746986557003,0.198620323511648,-0.510789271110892,1.41532964477329,-0.782286314714403,0.255461902883763,-0.48744394845628,-0.294013755135844,-0.343032310267798,-0.719834078126746,-0.648546268226338,0.29987085862842,-0.905630020510547,-0.591272492462519,0.224458708867053,0.412582442509362,0.00332608047348167,1.08464759474098,0.14483626226414,1.0546801098209,-0.262260534112957,-0.590950521669716,-0.524119262860062,0.349132310379934,-0.135199850209855,0.664989951710388,"Masculine",2.33599963531248,-0.801193979414496
-0.188800540010949,-0.339350195618002,1.42285795722571,0.181622952641802,-0.766096823429778,-0.662412739482594,0.426867466392462,-1.29766243926779,3.6006718835755,-2.29681101904784,0.0617179483588318,-0.744025591386318,-0.48744394845628,-0.696536272585953,-0.343032310267798,-0.719834078126746,0.960624198040662,-2.20738400959852,-0.481535662083832,1.22346456579778,1.3845333797038,-0.743378041070604,1.23366490042514,-1.76845545857426,-0.595717843921203,-0.0863537532420052,1.31073442950891,0.351573175355869,-0.0400274239766945,-1.55211851054128,-0.23650047881626,-2.82307491418966,"Masculine",-0.427718243085383,1.24707584621909
2.3468845238104,-2.05654395657657,-0.669773839706178,-1.58780389764208,-0.202759305828866,-0.0300999282379994,-2.85147467550163,4.42816518642427,-5.4147014836874,1.11112765855371,-0.00292398695357698,-0.744025591386318,-0.48744394845628,-0.696536272585953,-0.343032310267798,-0.719834078126746,-0.648546268226338,0.0259082819703762,-0.260089228472728,-1.11197348549584,0.940156606632623,-1.0853316513854,-0.741387293582269,-0.461432017331964,-0.595717843921203,2.57605859390476,-3.40851583721109,-0.853791708577774,-0.405607269014488,0.745118175237613,-0.767249539961956,-4.92318063553363,"Masculine",-0.427718243085383,1.24707584621909
0.959875042412127,0.00408855657371117,0.448319784644377,-1.4114571325903,0.249531100135156,0.830548064844916,0.0170746986557003,0.361922560988244,-2.43733534383418,0.343037517899476,-0.0595673152505426,-0.744025591386318,-0.48744394845628,-0.696536272585953,-0.343032310267798,-0.719834078126746,0.67280509025307,0.460387685385789,-0.199476519001937,-1.87824958101388,0.90647401445236,0.0208154053855423,-1.42236023708498,-0.388669516262408,-0.595717843921203,0.293990867778962,-0.446612609379992,-0.756373286839971,-0.934223483300494,-0.359037837552496,-0.767249539961956,-0.105291039509207,"Masculine",-0.427718243085383,1.24707584621909
0.484220389151588,-0.682788947809716,-0.16520525922768,-0.330374790316332,-1.2881336051307,2.38623831473241,0.426867466392462,0.805068345993379,-1.88527399354039,1.26005161337875,-0.201095958495367,-0.744025591386318,-0.48744394845628,2.59632154377675,-0.343032310267798,-0.719834078126746,-0.648546268226338,1.43647732635604,0.832082043469721,-0.758736422945515,-0.707756418889952,-0.673480957705193,0.074983779037938,0.988765052596307,0.14483626226414,1.0546801098209,-1.58413428653152,-0.580857763675698,1.93954093457433,1.31201043940713,-0.496424073085438,-1.17593317195908,"Masculine",2.33599963531248,-0.801193979414496
0.247085594182788,0.00408855657371117,0.358733755919349,-0.0936791341523587,-0.689079631010293,-0.318408360308073,0.0170746986557003,-0.535300957443389,0.285158986381788,-0.507768639731883,0.109092526227779,-0.413110395138383,-0.48744394845628,-0.696536272585953,-0.343032310267798,-0.719834078126746,-0.648546268226338,0.721117194879373,0.132345576003858,-1.15233943094351,0.249081263615587,1.21786195112579,0.0782189763746326,0.333936967799687,-0.595717843921203,-0.0863537532420052,0.189572237380284,-0.94754995757305,1.09644779085005,0.554606320620294,0.420532617007181,-1.22008336298794,"Masculine",-0.427718243085383,1.24707584621909
1.84339027816543,0.00408855657371117,0.940618865318392,-1.23541564857528,0.893154827100303,-0.0171955851513756,-1.62209637229135,0.936387991791678,0.285158986381788,1.04458231959382,0.109092526227779,1.66005050509179,-0.48744394845628,0.755750176284581,1.11681199393404,1.91284784548049,0.347020145819403,0.101370357705291,-0.925542786136741,-0.95465396137649,0.284029511409238,-0.165362344021256,-0.41565148505058,0.515780629115267,1.62594447463483,-0.847042995283939,-0.427426008072607,-1.01160060063635,-0.909672070727211,0.30943834062209,-0.20974133696193,-0.573047310967886,"Masculine",-0.427718243085383,-0.801193979414496
1.15324957410661,1.72128231753228,0.762708666823027,0.0567721661236756,-1.31127083765345,-0.0353256539507653,0.836660234129224,0.446012179945757,0.929822349707795,0.522634309264326,0.886398298848133,-0.324276476145621,-0.48744394845628,1.83914033466661,-0.343032310267798,-0.719834078126746,-0.648546268226338,1.22989811262245,0.399445581364008,-1.77920151733042,0.169536722919307,1.55631678661927,2.03449263436191,1.23328445343512,1.25566742154215,-0.0863537532420052,-0.227748551614365,-0.819446244896867,2.86586259073503,1.22245098926943,0.345916683703618,0.288428970488494,"Masculine",-0.427718243085383,-0.801193979414496
-0.436716449749785,0.690966060957138,-1.01974511997468,0.615450843816004,-0.648946956235862,-0.239827444838929,0.836660234129224,1.00529290620409,0.285158986381788,-0.0619508448451879,0.109092526227779,-0.744025591386318,-0.48744394845628,0.581554092794719,-0.343032310267798,-0.719834078126746,-0.648546268226338,1.65343798265592,1.53700642182839,-0.266489626884842,-1.26439628816244,-1.25600122059462,-0.307676408370835,0.408217158187287,0.515113315356812,0.674335488799928,-1.1229604172069,-0.827953507232761,0.116714013439752,1.42486500258604,1.16037895205184,0.396572460076671,"Masculine",-0.427718243085383,-0.801193979414496
0.768708139734877,0.347527308765425,-0.416357470664011,-0.558556906317523,0.975927783888352,0.132711154896836,-0.802510836817823,1.9489689389979,0.285158986381788,1.22948512349847,0.109092526227779,-0.238922087203498,-0.0254414957314462,0.523982454714508,-0.343032310267798,-0.719834078126746,-0.648546268226338,0.527456072459675,-0.266257482690807,0.187695016279103,-0.521253905888309,-0.456302910785662,-0.643517325223746,0.764700406579583,0.885390368449483,-0.0863537532420052,-0.913331556226192,-1.35036236640884,-0.275820576427863,1.19444204926496,0.45965217034021,0.379528039336021,"Masculine",-0.427718243085383,-0.801193979414496
0.860436489363162,1.72128231753228,0.284653026261545,0.34324794575105,-0.926613198218987,0.164234743107816,1.24645300186599,0.90430458012865,0.0815925410221746,-0.790095015030635,-0.847140210251047,0.448878429130556,-0.48744394845628,1.70554845667558,1.58863603956766,-0.719834078126746,-0.648546268226338,-0.122814259643981,0.0949280698562061,-0.162092308889963,0.331865031186846,0.60913977404173,0.150789664352675,-0.504050053672726,1.9962215277275,-1.98807685834684,0.783987660278401,0.652575429836487,0.0738688228309834,-0.677897100126698,1.05049427161594,0.370120448907159,"Masculine",-0.427718243085383,-0.801193979414496
1.58587473622091,1.72128231753228,1.80909624116558,0.092517288712722,-0.65500944735721,-0.176018269294444,0.836660234129224,-0.263154907100715,-1.15255179408289,-0.836255174158868,-0.0188061233429461,-0.0419407564130601,-0.48744394845628,4.39296131835747,-0.343032310267798,-0.719834078126746,-0.648546268226338,-1.19890210695988,-0.589702784524086,0.161954811644466,1.21870079804813,1.30927047507715,2.04836734232606,-0.260502080344414,2.36649858082017,-0.0863537532420052,0.584384045488302,0.735010385451442,0.288930232158823,-0.683050478016446,0.492049695849086,-1.44536629138355,"Masculine",-0.427718243085383,-0.801193979414496
-0.588692155302546,1.72128231753228,-0.184721888656367,0.291054229892094,-1.62678716865677,2.0974771948432,2.06603853733951,-0.508561498766984,0.285158986381788,0.390034553377898,0.109092526227779,-0.744025591386318,-0.48744394845628,-0.696536272585953,-0.343032310267798,-0.298217573867881,-0.648546268226338,1.58049500952338,0.84153097192131,-0.372289190717425,-1.14643661078967,0.0304270892859062,-0.554077432885808,1.01317033106068,-0.595717843921203,-0.0863537532420052,-0.0176324105542843,-0.450604874027559,3.75180646391027,0.952619512888865,2.25540482333965,-0.154403063933513,"Masculine",-0.427718243085383,1.24707584621909
2.44916626617239,-0.682788947809716,1.53793500189623,-1.87279813213212,-0.582208803059916,-0.662412739482594,0.0170746986557003,-0.284612332172315,0.285158986381788,-1.12552497220478,0.109092526227779,-0.744025591386318,-0.48744394845628,-0.696536272585953,-0.343032310267798,-0.719834078126746,-0.648546268226338,-2.14645773186685,-1.71331937822574,-1.32752344480256,3.25065288176657,1.32603153095321,0.0539016689208228,-1.83176580121145,-0.595717843921203,-0.0863537532420052,-0.33697879210075,-0.625554263363495,-0.413715367338875,-1.49041301407768,-1.20536664251747,-2.99602479712386,"Masculine",-0.427718243085383,1.24707584621909
0.313616635128438,0.00408855657371117,0.44541025489564,0.232192440566404,0.204757221215507,-0.5467457618159,0.0170746986557003,-0.505226473515903,-0.117486467666185,-0.562544093241929,-0.50627865154756,-0.744025591386318,0.951337236983379,0.253707265602883,-0.343032310267798,-0.719834078126746,0.00286141551300894,0.688652487120309,0.657690961596029,-0.690237664499788,-0.141246977880009,0.173087537603277,1.06305453917617,0.483765995058951,0.14483626226414,-0.0863537532420052,-0.104865959395269,-0.513768228072175,-0.48842154730905,0.701785729050021,-0.0185684153417516,-1.24500685792359,"Masculine",2.33599963531248,-0.801193979414496
1.10569978016195,0.347527308765425,0.24821967903313,1.39460092671304,-0.681404561315899,0.982891004062013,0.0170746986557003,-0.505142799126203,-0.508095706787742,-0.364622928789741,-0.261506153754362,-0.744025591386318,-0.48744394845628,-0.696536272585953,1.26995978896029,-0.719834078126746,-0.648546268226338,0.994156616913783,1.37262992018719,0.733423840983797,-1.30073314283507,-0.26541796225292,0.260014075446533,0.298769910086262,-0.595717843921203,-0.847042995283939,0.0609954590309698,0.964461319438926,0.877652595199811,0.42323518550249,-0.309576244287678,-0.48316473331504,"Masculine",-0.427718243085383,1.24707584621909
1.08177916807224,1.37784356534056,-0.216433104919719,-0.438005725496359,1.30556672686518,-0.278508532655519,1.65624576960275,0.545085569844227,-0.158373202514324,0.373511838605441,-0.942216492759783,-0.744025591386318,-0.48744394845628,-0.0684945168823378,-0.343032310267798,-0.0692602669193567,-0.648546268226338,0.690990235176524,0.323925982818041,-0.672071560462397,-0.0690608498622883,-0.833042216715258,-0.196905633161201,0.0844457580762704,0.14483626226414,-0.0863537532420052,-0.540648133050336,-1.15978103579088,0.859755145629478,0.641500781256958,0.291750939688747,0.010802685696198,"Masculine",2.33599963531248,-0.801193979414496
-0.944996297800074,1.72128231753228,-0.820420152729422,1.58969729922901,0.535729744512357,-0.518158866194854,1.24645300186599,-0.47844505767004,0.285158986381788,0.235855189631148,0.109092526227779,-0.167718068992704,1.62107825869318,-0.000249157231726442,-0.343032310267798,0.00143350992256038,-0.648546268226338,-0.00517567557701255,1.10211370916822,1.42247268913309,-0.974162112522366,-0.000325460084429715,0.134143709190374,-0.176247888690559,-0.225440790828531,-0.0863537532420052,-0.432303267794729,1.72780505059485,-0.220871226467804,0.0376623163023272,-0.368164326630518,-0.0558767872422872,"Masculine",-0.427718243085383,-0.801193979414496
-0.777694851281308,-0.339350195618002,1.20804747384071,-0.508384332618467,2.69864606028676,-0.640807518141662,-0.802510836817823,-0.658798618253932,-1.12692994031457,0.732454373354864,-0.280458697094708,-0.744025591386318,3.83756696440147,0.731691214029195,-0.343032310267798,0.0198996981708105,-0.648546268226338,-1.45833073775534,-1.34438904927251,1.2297554181864,0.551234265900678,1.71081640331261,0.964877427174247,0.90664545947989,0.14483626226414,0.293990867778962,1.39413887555493,1.9786899835062,-0.85361370482174,-1.31340326078932,-1.016759498598,-0.814025972257711,"Masculine",2.33599963531248,-0.801193979414496
1.1521398154287,0.347527308765425,0.335237227595762,-0.370853672538443,-1.17899434144805,1.15732471148295,0.0170746986557003,0.29538451288119,-0.448795649490131,0.765383094184318,-0.650856147986046,-0.744025591386318,-0.48744394845628,0.602563797431112,0.962828416641514,-0.719834078126746,-0.648546268226338,0.626774514026969,0.247634140644255,0.367694158308786,-0.682029331144463,-1.29178135285565,-0.566258923757171,0.411478776321288,0.515113315356812,-0.847042995283939,-0.166286727173338,-0.117116272394371,0.640237588723452,0.206625993186952,-0.604623109488898,-0.0489414535907882,"Masculine",-0.427718243085383,-0.801193979414496
-0.718439760974616,1.72128231753228,0.851469421652005,-0.345090718614218,-1.07745925739481,0.127978274573149,1.24645300186599,-0.982975092189822,-0.648732495018988,-0.821100538542634,-0.0915934962535368,-0.353123775898219,0.227647497295104,-0.696536272585953,-0.343032310267798,-0.719834078126746,-0.648546268226338,-0.881733736607083,-1.11191858273008,-1.29177918033044,1.90299564604823,3.38663139984291,1.35523901194683,-0.125369274593219,-0.595717843921203,-0.0863537532420052,1.06195196689861,0.549732182610439,0.93095709594865,-0.932327972410273,-0.990396590487441,-0.931214970256247,"Masculine",-0.427718243085383,1.24707584621909
0.082461680389581,-0.682788947809716,1.25679741175176,-1.06068770341142,-0.265640919257204,-0.662412739482594,0.0170746986557003,-0.794168336229886,1.55841679100751,-0.404114457860306,0.332739485196361,-0.744025591386318,-0.48744394845628,0.204930506038056,-0.343032310267798,-0.719834078126746,0.58739454616885,-0.986121281942862,-0.885756596440238,-0.910981517898431,1.68447145493524,0.00104775836339965,1.11081277878457,-0.709848175926531,0.14483626226414,0.674335488799928,1.67064140899358,0.312562384076201,-0.83161629391698,-1.7416943861057,-1.0610263175907,-0.490722207191162,"Masculine",2.33599963531248,-0.801193979414496
-0.546837586562789,-1.36966645219314,-0.395479848091961,0.092151549483871,1.54786495287591,0.65338270588188,-1.21230360455458,0.172509448332812,-0.579810614472806,0.251519033879092,-0.397065584267424,-0.744025591386318,-0.48744394845628,1.0531741538208,-0.343032310267798,-0.719834078126746,-0.648546268226338,1.34675835789479,0.562280177527217,0.448495517548211,-1.45427486210747,-1.09112455890667,-0.601082929348744,1.10230393969476,-0.225440790828531,1.0546801098209,0.168528787005276,-0.900660394283216,-1.03207296593517,1.05217236682126,-0.0899746643895386,-0.323048761363419,"Masculine",-0.427718243085383,-0.801193979414496
2.60884413080768,-1.71310520438486,-1.44482839682689,-0.0890779358640545,-0.309859374589404,-0.662412739482594,-3.67106021097515,1.57551866245284,0.285158986381788,-0.966093367464578,0.109092526227779,3.6933975301595,-0.48744394845628,0.494849470017636,-0.343032310267798,-0.719834078126746,-0.648546268226338,-1.1581423717869,0.0663839654679506,-0.940314682411966,1.632384653714,-1.44821800897392,-0.151569449532165,-2.69663023486162,0.14483626226414,-0.0863537532420052,-2.11327853246771,-1.01636787872413,-0.3676159766629,-0.390294184441478,-1.19400168647864,-1.40133151563274,"Masculine",2.33599963531248,-0.801193979414496
0.763397883989434,0.00408855657371117,-0.769359743747981,-0.431571995871656,0.60373880115721,-0.662412739482594,-0.802510836817823,0.0798019015130351,-0.517603896603126,-0.267988507823015,-0.28521754594405,-0.744025591386318,-0.48744394845628,-0.696536272585953,-0.343032310267798,-0.299300492971285,-0.648546268226338,-0.479171125909462,0.487635560815921,-1.65506479520251,1.7908583429523,0.443328030508045,-0.335648074698681,-1.84297885805953,-0.595717843921203,-0.0863537532420052,-1.6909162701952,0.160614306487616,-0.266111822178371,-0.610680666931028,1.17263827852554,0.341939218349594,"Masculine",-0.427718243085383,1.24707584621909
0.255439052720509,-0.339350195618002,0.463440753386118,-0.304499497827561,-1.04186624403819,0.70338293280573,0.0170746986557003,-0.382038882648083,-0.535880459613288,0.0548095533770655,-0.368218888509009,0.286969389568284,-0.48744394845628,-0.696536272585953,1.32645688525549,1.00059754170365,1.05925986585037,-0.454813675366895,-0.737590603458034,0.327321074923439,0.0525524655883462,0.525786512926921,-0.664182323492092,0.117717987897523,-0.595717843921203,-0.847042995283939,0.374991335026625,0.503521588644866,0.803300723866387,-0.461141195981247,-0.105613145128513,2.41589849819533,"Masculine",-0.427718243085383,1.24707584621909
0.123243566076568,0.690966060957138,-0.78109760230437,0.460158361567896,-0.124579573727787,-0.159035222151004,0.0170746986557003,0.11524203043881,0.449915100830282,-0.0956981062077105,2.27445663895742,0.704186300680294,-0.48744394845628,-0.696536272585953,-0.343032310267798,-0.115672666734892,-0.648546268226338,0.233351531897425,0.4853160953249,0.246689581226869,-0.36651460544742,-0.637346803074082,-0.0595216393845433,-0.24291629225644,-0.595717843921203,-0.0863537532420052,-0.831878619642155,-0.332635505261922,0.287795237450035,0.59570007714338,0.951128596829731,0.746852698563142,"Masculine",-0.427718243085383,1.24707584621909
0.443346271663119,-0.682788947809716,-1.43049816243647,0.580552235930571,-0.116032760722229,-0.148569371428296,0.0170746986557003,0.841736218763394,-0.419823755968875,-0.682046089219916,-0.202801421106145,1.61666868079444,-0.48744394845628,-0.696536272585953,-0.343032310267798,-0.719834078126746,0.32905503759602,-0.534019041370736,-0.105536585064881,0.96976610365515,-0.236796737494473,-0.959426653830441,-0.363524111398058,-0.786450620793799,-0.595717843921203,-0.0863537532420052,-0.889361467068032,-1.00947367120815,-0.159681199348489,0.653782149861205,0.427012324425808,0.419105106996849,"Masculine",-0.427718243085383,1.24707584621909
-0.788135514900135,-0.682788947809716,-1.1906695906251,-0.537221878471411,-0.00819752619219527,0.233363743113914,0.0170746986557003,-0.193847804002289,-1.59009510827097,-0.126951316991252,-0.0772615396913486,0.0409052541137852,-0.48744394845628,-0.696536272585953,-0.343032310267798,0.26253237679641,0.00155860014553003,-0.30445405713567,-0.151453935184075,-0.469663833874939,0.629434693769778,-0.227131711801422,-1.22190330692653,-0.883861993541478,-1.70654900319922,-0.0863537532420052,-0.855888397401689,-0.788607094224576,-0.631298570608597,-0.0886993607465877,0.60777266772941,1.43084767226669,"Masculine",-0.427718243085383,-0.801193979414496
0.273919243764676,-0.682788947809716,-1.49031398318838,-0.225695089832987,-1.04481779260517,-0.522931972296286,0.426867466392462,0.995585313885321,0.285158986381788,-0.0291355822512468,0.109092526227779,0.844903245658425,0.965899799589044,-0.21660557870313,-0.343032310267798,-0.222685062477375,0.00945461069255719,-0.756641231868241,-0.51665031248776,1.75194710451676,-0.559639221085913,-1.88404147962466,-1.42406520876326,-0.428821455111729,0.14483626226414,0.674335488799928,-1.09898078894308,-1.67655535723686,1.06018821280586,0.842004620617652,0.118343179206852,-1.10901803868096,"Masculine",2.33599963531248,-0.801193979414496
0.574985626762645,-0.682788947809716,-1.26016100977298,0.181306318292416,-1.19549315901809,0.750200987765968,-0.392718069081061,2.08640318459577,-0.681267572396174,-0.0366007377417285,-0.274333062982648,0.105466665648426,1.06656430161816,0.671924118629714,-0.343032310267798,1.05211118688616,0.758607126517966,0.54017781139111,1.09543136514681,0.0487525280384694,-0.773123268844863,-2.18477478660015,-1.24552293647956,-0.594451948940971,0.14483626226414,-0.0863537532420052,-2.19325933752082,-0.560541172908517,1.88355547968617,0.933030515123121,-0.46885313816474,-0.194158568289634,"Masculine",2.33599963531248,-0.801193979414496
0.417842259937303,-1.02622770000143,0.834686395576304,-0.759874558080209,-0.0759818594007673,1.10434364487731,-2.44168190776487,-0.258856911218005,1.58309232985684,-0.460756081330024,0.318300349990594,0.0165663131680451,0.903935531261529,0.222400792445498,1.50440631501088,-0.719834078126746,0.611346887533096,-1.82620616069227,-1.80606571945159,0.672091131379348,1.29610849647549,1.96923705019683,-1.04040693064665,-0.605391779622533,-0.225440790828531,-0.847042995283939,1.23954838514595,0.98351972539719,-0.461006762626227,-1.65334461021051,-1.10692893909518,0.236403258081177,"Masculine",-0.427718243085383,-0.801193979414496
-0.651354669204713,0.690966060957138,0.763661905112976,1.04787073310511,-0.994872653278846,-0.096162460756092,-1.21230360455458,-1.08722713518012,0.285158986381788,-0.721537622983276,0.109092526227779,0.720397627830293,-0.48744394845628,0.188112095989101,-0.343032310267798,1.11293915867019,-0.648546268226338,0.735484985493662,0.934120079152362,-0.0736612068141379,-0.726817503004682,0.492356624879283,0.669137427226644,0.445234901312737,-0.225440790828531,-0.0863537532420052,0.807830770750506,1.09559453058449,0.926436870317481,-0.0798369853075894,0.488087369878288,0.186702269340762,"Masculine",-0.427718243085383,-0.801193979414496
-0.219780180466511,0.690966060957138,0.380607092310216,0.943870372211113,-1.01362705958395,-0.662412739482594,0.0170746986557003,-0.850948816426571,1.01630921043542,-0.52185048859569,0.460970864828333,0.54134151369027,-0.48744394845628,-0.178881768703607,-0.343032310267798,1.42507084528626,-0.648546268226338,0.732827437198498,1.02587954429515,0.28609398426404,-0.979052491253825,-0.278684035363607,-0.147022808505393,0.209802055034833,-0.225440790828531,-0.0863537532420052,0.361896433291276,0.770381831689426,0.177071301591291,0.0820345848958418,0.462475879684966,1.0283300419083,"Masculine",-0.427718243085383,-0.801193979414496
1.8205264237816,2.75159857410742,0.418888497235199,0.401050556766721,-0.91665103660411,-0.577727987976622,1.24645300186599,1.81121043106115,0.285158986381788,0.908027721230383,0.109092526227779,0.227423474826681,-0.48744394845628,3.99823130717869,2.01656751805843,0.901232679172191,-0.648546268226338,1.47983882768664,1.25312806786986,-0.671712964903143,-0.998579494343261,-1.06806126702606,0.635329567249785,0.626277321057805,3.10705268700551,-1.98807685834684,-0.902603965222412,0.240053195936812,1.02843154112819,0.859779552573169,1.90134286368613,-0.837311474253998,"Masculine",-0.427718243085383,-0.801193979414496
-1.26306656010815,0.00408855657371117,-1.56793386689587,0.908740288717723,-0.355953948364597,-0.371216050093636,0.426867466392462,-0.651450566480069,0.713925699079054,-0.625937352923954,0.652459984553451,0.763524047858439,0.431828537503245,-0.696536272585953,-0.343032310267798,-0.719834078126746,-0.648546268226338,0.658185378436757,1.03133733305413,-0.272313796252201,-0.43640910208112,-0.407262307158964,-0.318045060021214,-0.584620515461607,-0.595717843921203,1.0546801098209,-1.18811237776095,-0.896136914482446,-0.455335265239288,1.03908919570964,0.992213415099003,-0.00925337314327634,"Masculine",-0.427718243085383,1.24707584621909
0.461081892078236,-0.682788947809716,1.86294699161059,-1.55840945097732,2.44617971128474,-0.662412739482594,-0.802510836817823,-0.213316291089167,-0.236711355358312,2.32728791756831,-1.65835617664273,-0.744025591386318,-0.48744394845628,-0.696536272585953,-0.343032310267798,0.555966512682549,-0.648546268226338,1.73576683616708,-0.594819824040004,-1.68967394654069,-0.445313394444114,0.909976412138954,0.309186856884442,2.58614501772562,-0.595717843921203,-0.0863537532420052,-0.397798905534306,-1.36670349455023,-0.888302695267228,1.47019336432567,0.0273576258676054,-1.51276440463994,"Masculine",-0.427718243085383,1.24707584621909
1.29987731626896,1.72128231753228,-0.134293350157171,-1.07189509200152,-0.925390284255496,-0.610299046248149,1.24645300186599,1.58718565595817,0.0330635264446007,1.8363893928098,-3.09518438480503,-0.744025591386318,-0.48744394845628,0.493354632197558,-0.343032310267798,-0.719834078126746,-0.648546268226338,1.12705221931841,-0.18926394561914,-0.272276141734635,-0.736693420820406,-0.956642368282251,-1.19356672897524,1.09383220722349,0.14483626226414,-0.0863537532420052,-1.22125993475671,-1.97957219117047,0.062828022414338,1.55079818287341,1.83029880635106,-1.53657052183693,"Masculine",2.33599963531248,-0.801193979414496
-1.03566560161311,-0.339350195618002,-0.78983275285797,1.69431892972023,0.933239832651065,0.134620215867735,-0.802510836817823,-0.854346291774673,0.946624275500928,-1.81084615470787,0.0431369245318824,-0.744025591386318,-0.48744394845628,-0.696536272585953,-0.343032310267798,-0.113435031877883,-0.648546268226338,0.560574999477836,1.24150245557034,0.796584063795619,-0.953158533198302,0.100798346413594,0.202881913748441,-0.23161031025001,-0.595717843921203,-0.0863537532420052,1.01422731595153,0.343863152087392,-1.02546998312869,0.184224771006388,1.06179337844781,-1.52130160178162,"Masculine",-0.427718243085383,1.24707584621909
0.622748231710775,1.03440481314885,-0.460723109941608,0.0132250238947931,0.825893848111795,-0.596086220820574,0.836660234129224,1.64984143805328,0.285158986381788,1.045389718431,0.109092526227779,-0.744025591386318,0.0691078434308423,0.773763031464369,-0.343032310267798,0.422452497365295,-0.396567637074452,0.512811279968841,0.463980935793482,0.435891027173338,-0.741649164625001,-0.814355304419005,-0.397941881868329,0.454360205432036,1.62594447463483,-0.0863537532420052,-1.08330700091298,-0.151563475976625,-0.987999531010707,0.780902072311434,0.331539472886443,0.189858953760758,"Masculine",-0.427718243085383,-0.801193979414496
1.08219175978853,0.347527308765425,-0.454862600934978,0.724967496189223,0.792234150271622,-0.426536887120409,-1.62209637229135,0.680063752697492,-0.0259832227857514,-1.61491484707189,0.102308228472377,-0.516113034620899,-0.48744394845628,-0.145814407828428,-0.343032310267798,-0.719834078126746,1.05033404981862,-0.808791944813778,0.410980054953895,-0.136028496117225,0.90647401445236,-0.0934459389402486,0.743440929092818,-1.58561265885687,2.36649858082017,-0.0863537532420052,0.481450402007085,0.290178900971844,-1.04594227407172,-0.823217914485739,-0.51708025276247,0.113997108101015,"Masculine",-0.427718243085383,-0.801193979414496
-0.475851404294513,0.690966060957138,-0.162977961588888,2.06198477019626,2.58293942203965,-0.662412739482594,0.0170746986557003,-0.882677029258041,0.285158986381788,-0.861593163734192,0.109092526227779,1.35098556208371,-0.48744394845628,-0.27467548472454,-0.343032310267798,-0.719834078126746,-0.0701611540164918,0.165456953876627,1.53268495775056,-0.213093491281556,-0.0519665433742846,0.672633679244045,2.02759231251852,-0.763208664339119,1.25566742154215,-0.0863537532420052,-0.205101549922064,1.71838744268409,-1.26567412103528,-0.1238092149358,-0.168392795825318,-0.77191727292139,"Masculine",-0.427718243085383,-0.801193979414496
-0.179763845653629,1.03440481314885,0.849093537319096,1.7044768040237,3.06199376798287,-0.662412739482594,0.426867466392462,-0.449468730197932,0.285158986381788,-1.36212093561921,0.109092526227779,0.43102058451204,-0.48744394845628,2.14281417984655,3.93815779741393,-0.719834078126746,-0.648546268226338,-0.512283270817745,0.666250817915476,0.545341651231945,0.231057364370777,0.945169154991175,2.49892148178484,-0.671778822444927,1.9962215277275,-3.12911072140974,0.930894090904881,1.41067908768295,-1.02988748117771,-0.522751649117574,0.399854036547143,0.457623896108771,"Masculine",-0.427718243085383,-0.801193979414496
-0.110004641170401,0.690966060957138,-0.294818351646062,2.24210870701323,-0.217630404232668,-0.423919512804265,0.836660234129224,0.244651632906955,0.725194206640086,-0.52289955228738,0.693207207846988,0.287420986143385,-0.48744394845628,1.48427889094467,2.78863106241222,-0.074389626797472,-0.00783844788612578,1.29816024768594,2.2345954007177,0.474521550634911,-1.61584756488037,-0.399068759406931,0.1985122008674,-0.246213733944976,1.9962215277275,-2.36842147936781,0.814687219170715,2.26133450490797,-0.104962783961459,-0.358549869009072,1.32340880516771,0.784760853732255,"Masculine",-0.427718243085383,-0.801193979414496
0.538338363992629,1.72128231753228,1.02830808978387,2.27630520578157,1.71627482582687,-0.662412739482594,0.836660234129224,-0.69620043799189,0.775447130769145,-1.48135531332965,0.176989398005489,0.97983424499751,-0.48744394845628,2.77470476369683,9.42702378710641,-0.719834078126746,-0.648546268226338,1.5039156586875,1.74838345197084,-0.594302151729905,-1.03123669117945,1.57480314688225,1.56931337638756,0.0712310386311445,1.25566742154215,-1.60773223732587,1.47745360456452,1.51673653280007,-0.873333254707549,0.0859769711969592,0.983405824801672,1.29627684297063,"Masculine",-0.427718243085383,-0.801193979414496
-1.05102056386374,1.03440481314885,-0.710027510392554,1.51335979453992,0.285409735591908,-0.238988981952732,-0.802510836817823,0.111459222410617,-0.0536607127243479,-0.924747774883715,-0.372649081021053,-0.0821951988904464,-0.48744394845628,-0.696536272585953,2.87207167166744,-0.719834078126746,-0.648546268226338,1.18868615229879,1.35634703710586,-0.361839665926641,-0.790733869180057,1.79851382486234,-0.271182335987948,0.121134260202786,-0.595717843921203,-0.847042995283939,0.0451981854402299,0.72393330899791,-0.493156845406856,0.516094246783674,0.228865507803011,-0.397284348359176,"Masculine",-0.427718243085383,1.24707584621909
0.245443970869909,1.03440481314885,1.98160126950294,0.23004835493144,0.711267834317815,-0.520615016030733,-1.62209637229135,-0.327387368378485,1.11655242736085,1.74726412716943,1.05566993786836,-0.744025591386318,3.47366949449208,4.53570125079313,2.28670101564612,-0.719834078126746,-0.200198083142292,0.788872014997106,0.963618672939661,-1.12916961024474,-0.0308196084284303,0.34957287333533,2.30041132300064,0.804500012483481,0.885390368449483,-1.98807685834684,0.887877996649016,2.66657412743422,0.645975179318095,-1.07150623701636,-0.268068509931355,0.932408258096058,"Masculine",-0.427718243085383,-0.801193979414496
-0.72358046485938,0.00408855657371117,-1.59768833144525,0.712696074253122,-0.719268238474929,-0.662412739482594,0.0170746986557003,1.16214232518423,0.285158986381788,-0.00634191022542011,0.109092526227779,-0.744025591386318,-0.48744394845628,-0.302706101858189,-0.343032310267798,0.912003886861886,-0.378569163420746,2.15644515719017,1.99120402131244,-1.01505247009215,-1.38136850091404,-1.38087899302966,-1.15513283221421,0.0700545405221483,0.885390368449483,1.0546801098209,-2.11041992672136,-1.7606374647373,-0.183336120797023,2.15925473929788,3.3051498861106,-1.0046304307671,"Masculine",-0.427718243085383,-0.801193979414496
0.614517943436681,1.72128231753228,1.58952126330028,-0.0847131654290486,1.31264796802977,-0.662412739482594,-0.802510836817823,-0.693984341056845,1.08056706860641,-0.929815766461159,0.31281245014434,0.188196315383401,0.365230412035868,0.992910968113199,-0.343032310267798,2.19693093055247,-0.648546268226338,-0.756327540629978,-0.601614182922158,-0.357427137547087,0.887672567510895,0.910886851267787,0.986371912366915,-0.264791790272808,0.515113315356812,-0.0863537532420052,1.88456704511367,0.600042868218275,-1.12996718316126,-1.22852099353717,-0.445574349263324,1.37321476244538,"Masculine",-0.427718243085383,-0.801193979414496
-1.56014121581296,1.37784356534056,0.686906410368019,0.390346771199651,0.748211124513673,-0.227999357711498,0.836660234129224,-1.28627227712654,-0.0031051191704911,0.113873699851235,-1.29822608026002,0.382130571454577,0.542616039397937,-0.0162327925913644,-0.343032310267798,2.09900797330268,-0.182186965233607,-0.90462113550489,-0.367052833421191,0.37478816388463,0.464142325967565,1.19703512638631,2.02098050587417,0.375764759680287,0.14483626226414,-0.0863537532420052,0.740762125777009,1.88309289271484,0.153120967808655,-0.828678856567301,-0.113648421250589,0.633602826547749,"Masculine",2.33599963531248,-0.801193979414496
-0.231438247265925,1.72128231753228,-0.346652320359347,0.985188881902927,0.366946718664295,-0.237391156452619,0.836660234129224,0.937597567342829,0.101670327413808,-1.41416757296945,-0.157808675509443,0.331222142175467,-0.48744394845628,0.169530440758757,-0.343032310267798,-0.271264920627588,-0.351694730156992,0.0458737738583438,0.293348696867435,1.28810299429806,-0.889492566724119,-0.483186688763831,-0.235125396903956,-0.0687038934083776,2.73677563391284,-0.0863537532420052,1.52774609840649,0.376626978951369,0.723106673149998,-0.314781764464075,1.95018565310398,1.54341642681094,"Masculine",-0.427718243085383,-0.801193979414496
1.06145605197826,1.03440481314885,1.24556506517845,0.403125522290361,1.78390173968342,-0.494356178354463,0.836660234129224,-0.217184013519568,0.285158986381788,-0.128975292691913,0.109092526227779,-0.744025591386318,2.05848446124014,0.424436601069435,1.91058076454024,-0.719834078126746,-0.648546268226338,0.10302367391857,-0.0825805793082736,1.10441592658455,-0.786076242605378,0.193828150162533,0.72808063713411,0.930757169799184,1.25566742154215,-1.98807685834684,1.65140217700038,0.637359600155516,-1.16151274207463,-0.199702265044921,0.447549222314116,0.767515046727107,"Masculine",-0.427718243085383,-0.801193979414496
0.555185605664382,0.690966060957138,1.02562904747408,-0.15399033512789,0.992877005836691,0.0407627144014811,0.0170746986557003,-0.067019433039243,0.755477529382581,-0.406507220915023,0.713367380767731,-0.468417850691058,-0.48744394845628,1.30137745869029,3.67358986941112,-0.0299699946132945,-0.420279109387902,0.579579466856824,-0.0454334041319875,-0.319816609598149,-0.250265203726729,0.0685580317014438,0.193541038741492,0.416577345117858,0.515113315356812,-0.847042995283939,1.62979803267004,-0.144941339754269,0.965940518556543,-0.334524957085236,0.691029259765233,1.02140565484904,"Masculine",-0.427718243085383,-0.801193979414496
-0.811816961555533,0.690966060957138,-1.58527971768777,1.61536482329883,-0.30178702301871,-0.432944380563184,1.65624576960275,0.851236347988809,-0.19945288426447,-1.20099910153503,-0.0946486885632335,-0.460041928036063,-0.48744394845628,-0.696536272585953,0.346749405103983,-0.719834078126746,-0.648546268226338,1.43407328284198,1.94168592635883,0.274392525555472,-1.44409322160581,-0.900551035400707,-0.644096182395188,-0.322846304368631,-0.595717843921203,-1.98807685834684,-1.11244073947427,-0.717146511638342,1.2224659303783,1.49929467305255,2.00305404207413,0.215901600225755,"Masculine",-0.427718243085383,1.24707584621909
-0.39903290576802,1.37784356534056,0.829872715276351,-0.330374790316332,0.428283311697248,-0.402234151314619,0.836660234129224,-0.569120222690918,0.285158986381788,1.28928892998746,0.109092526227779,0.538541149626923,-0.48744394845628,-0.180009556293764,-0.343032310267798,-0.184776096142455,-0.648546268226338,0.859056928312594,0.0891271336089974,-0.241714701634869,-0.632633322673123,0.250831706381245,0.074983779037938,1.28660384578158,0.515113315356812,-0.0863537532420052,0.164513850732744,0.958980470666622,0.280181240584831,-0.00650368762020529,0.1950641998222,0.830467044758,"Masculine",-0.427718243085383,-0.801193979414496
1.49162000668496,1.03440481314885,0.168017835340043,0.104177915891837,0.937353629412944,-0.662412739482594,0.836660234129224,0.635880896731774,0.285158986381788,-1.39976514773224,0.109092526227779,-0.744025591386318,-0.48744394845628,-0.0901788230255577,2.09501968626366,-0.0917225340582312,-0.648546268226338,0.273525608289959,0.321467241040521,-1.18084594420881,0.699985079782121,0.595628869039828,0.143675871849205,-0.785318193768124,0.14483626226414,-1.98807685834684,0.705158685442463,-0.639271859175605,-0.572538705104807,-0.255279938002725,0.63886518203147,-0.392314249485131,"Masculine",2.33599963531248,-0.801193979414496
0.530504379595186,2.75159857410742,2.28770318713872,-1.23073674104133,-0.0466804916163024,-0.0101702980841585,1.24645300186599,3.64364268403482,0.0844396241740571,1.18525927410159,-3.15807502272764,0.824267806216286,0.229790628501153,2.61934852151355,2.51394570364968,2.71501366635982,-0.648546268226338,-0.147774686208632,-1.20491048995949,-0.64068628633368,0.397626282586393,1.2441309170134,0.12289766566775,1.1237801176082,2.73677563391284,-5.41117844753554,1.27855547097817,1.18981126241779,0.0339914637780421,-1.098758175938,1.13556989952653,0.0519361267946169,"Masculine",-0.427718243085383,-0.801193979414496
1.44007162704715,1.03440481314885,-0.318454201642591,0.24585504710081,0.068433182928211,-0.371608498462084,0.0170746986557003,1.32175748715408,0.402553132785492,0.302641577333127,3.94016455020661,-0.0560932114563415,-0.48744394845628,-0.280960877707575,0.492443877851219,-0.28934921619723,-0.363662452112461,0.451090517505938,0.405451526238553,0.00559376998632507,-0.370327963051833,-0.333184465071661,0.0632140120400387,0.108420806009522,2.36649858082017,-1.98807685834684,-0.871195336763026,-0.599229944528964,-0.625011869732442,0.875005848134845,1.87817988185914,-0.184180459794987,"Masculine",-0.427718243085383,-0.801193979414496
0.475002390485424,1.03440481314885,-1.18894532814865,2.03092713930981,0.597170211330094,-0.460384543064758,0.426867466392462,1.78657923229585,0.956234743128409,-1.28268643902343,0.227806860376916,0.239104225121827,0.591641940623466,0.7288290346973,0.13456204376216,-0.227666515539995,1.63138062486137,0.24740254150894,1.9617925805077,-0.103105449250531,-0.368874475835634,-0.615521820829624,0.025003546034841,-1.70794552513405,1.9962215277275,-1.98807685834684,-0.991314922927065,1.26943400796923,-0.916417463450859,-0.144901056570481,0.0935899917606117,1.49437426426884,"Masculine",-0.427718243085383,-0.801193979414496
-0.125712135791089,0.347527308765425,0.432289254597139,-0.574121359026988,1.29111917371757,-0.492174674916742,0.426867466392462,-0.257777337627012,0.285158986381788,0.399290516981465,0.109092526227779,0.750132109438751,0.423662411358936,-0.0947957579206875,-0.343032310267798,1.15015282845287,-0.648546268226338,0.304228300626037,-0.596634814578956,0.376495139977452,-0.655513453500579,-0.307033451874116,-0.660268188269884,1.01051275049778,0.515113315356812,0.293990867778962,0.809452367326013,-0.426802315513185,-1.04446671581183,0.133417167924883,0.84966102302809,0.568816969811082,"Masculine",-0.427718243085383,-0.801193979414496
1.61414363071869,0.347527308765425,1.06995502023606,-1.61186185250162,1.60261746107355,-0.550300538907312,-1.62209637229135,1.12284100384106,1.13941103387302,-0.0594831951102835,0.536613877614379,0.257161711547487,-0.48744394845628,0.513084966077896,4.5206326419965,3.03922123407921,0.180669125105126,-1.86587785749334,-1.79517678119601,-0.53950045495212,2.01200628904213,0.335034102281459,-0.522091696778932,-1.34613678958414,0.885390368449483,-1.60773223732587,0.473164125119718,0.0448932319534549,-0.561329918548017,-1.69805526356295,-0.892568153234416,0.392331360080168,"Masculine",-0.427718243085383,-0.801193979414496
-0.280407348755639,0.00408855657371117,0.180025874783934,-0.890556477940114,1.80615097296935,-0.662412739482594,0.836660234129224,-0.157955417338573,0.814174472347925,0.0831305486034307,0.862383811328977,1.11600010885089,-0.48744394845628,0.0525498657335238,-0.343032310267798,0.056126786741466,-0.648546268226338,0.157479566810902,-0.252517769503622,-1.3743162606935,0.785804664662832,-0.303286085510122,-0.697860399899915,-0.571006826407117,0.14483626226414,-0.0863537532420052,0.516637625187648,-0.0663184378858391,-1.14331789004151,-0.924853552183912,0.751841281079815,-0.492721850084449,"Masculine",2.33599963531248,-0.801193979414496
0.498266258693488,1.03440481314885,-0.0839744041661219,-0.201417752813155,1.85474329117641,-0.662412739482594,-0.802510836817823,2.01534240984288,1.12023829465253,-0.0936628073291618,0.536874767267056,0.724049556057766,0.407757811561661,1.07717267587874,2.03422038460452,0.505061750954497,0.972662879833184,-0.66986101495869,-0.584119979565958,0.471142069005726,0.131711396939615,-0.357158842116103,-0.680922902418132,-0.498257826788496,2.36649858082017,-1.22738761630491,0.28762178055156,0.0378710886109913,-0.856071749304211,-0.462986393434309,-0.259067761731118,0.205540547331081,"Masculine",-0.427718243085383,-0.801193979414496
0.390278589346764,0.690966060957138,0.417907765664917,-0.539946308203942,1.69195162437828,-0.36468697634052,0.0170746986557003,0.59808584692998,-0.823147216131664,0.0179945740308118,-0.236748186814614,1.57551000406315,4.60441287093657,0.984923037897127,-0.343032310267798,-0.139239246611878,-0.264323532781971,-1.59351494894163,-1.56181932234545,1.82474248551069,0.0194990870390078,-0.0387463592098198,-0.251564650010143,0.383825703426226,1.9962215277275,-0.0863537532420052,0.706884147680907,0.158060965205546,-0.688872698916125,-0.415661222823793,0.47928036511417,0.950377077102203,"Masculine",-0.427718243085383,-0.801193979414496
-0.081932796321467,0.347527308765425,-0.0547312963439619,0.509491576902706,0.759319120246475,-0.575794546161417,-1.62209637229135,2.32527891698295,-0.802575407268304,-0.100809041521639,-0.217792311140507,-0.28872927729113,-0.48744394845628,2.05387860883068,2.97464169429298,0.989620309790578,-0.648546268226338,-0.210000405462768,0.145174137601136,0.83418097622533,-0.323077362392123,0.245361481125546,-0.160930413757531,-0.156184040107161,1.9962215277275,-1.60773223732587,0.674168823165195,1.20129849417762,-0.817310498517239,-0.604374778446683,0.277917841986492,0.411312506917652,"Masculine",-0.427718243085383,-0.801193979414496
-0.0471524731416697,2.06472106972399,-0.17089141908199,0.793310445465931,0.277924717365506,-0.547942316757279,0.426867466392462,-0.21928748854739,0.789476460201916,-0.304843538631671,0.719688161950953,-0.152963207726603,-0.48744394845628,-0.339479400932167,1.09262782624394,0.759633474468369,0.820064127192038,0.359339442035526,0.577997541302256,0.559080655201065,-0.841710855517581,-0.141198232690862,-0.51731556468915,0.0197538538225515,1.25566742154215,-1.22738761630491,0.319668333380493,0.689492149137695,-0.762034666349401,-0.0408228209561108,0.915707483016383,-0.236390076135721,"Masculine",-0.427718243085383,-0.801193979414496
-0.0835567923501084,0.00408855657371117,-0.369205474779991,0.724967496189223,0.913598038560035,0.0655789839898009,-0.802510836817823,0.36652715837901,1.00997890546526,-1.16026628087719,0.258431805945537,-0.744025591386318,0.289560176580937,-0.183363625880079,0.688654194757955,0.343333080880999,0.406818777831889,-0.21294913334966,0.282810601114679,0.826647643122526,-0.375068421358244,0.0156217079161849,-0.834421789195807,-0.564102741243779,0.515113315356812,-1.98807685834684,1.0599831883263,0.447161729143627,-0.985737938753628,-0.541695711982076,-0.390817943545431,1.43937585387267,"Masculine",-0.427718243085383,-0.801193979414496
-1.34671034069887,-1.71310520438486,-1.03684897953667,1.29620781640781,-0.213105760585405,0.0888500065505872,-1.21230360455458,-0.668202817684686,-1.14852151411727,-0.278915969955214,-0.109914834511779,1.65637454775773,-0.48744394845628,-0.696536272585953,-0.343032310267798,-0.719834078126746,-0.151524197605644,0.415376385341754,0.98409983539562,-0.427231160249894,-0.169489096455539,0.582163569481504,1.4830366382361,-0.143947196151332,-0.595717843921203,0.674335488799928,-1.13201694347778,0.260174537789163,-0.468677601699703,0.927890779412844,0.109342457801246,-0.244940013307013,"Masculine",-0.427718243085383,1.24707584621909
1.44047131349559,0.690966060957138,1.38567921971676,-0.537498042808066,-0.558458713887378,-0.0944671006401439,0.836660234129224,-0.173900651779625,0.285158986381788,1.2885057438649,0.109092526227779,-0.744025591386318,-0.48744394845628,0.780633588959932,1.14182490257301,0.045248830691912,-0.142234065444509,0.342657952636077,-0.180459180249418,-0.512305509049797,0.108768449336063,0.0395030084294757,1.86794828432532,1.09432545880791,0.515113315356812,-1.22738761630491,-0.977863632253441,-0.525300432288063,0.665938754717028,1.02742900906301,-0.098423436242226,1.24633409602705,"Masculine",-0.427718243085383,-0.801193979414496
-0.0592357229299219,1.03440481314885,0.732395689202494,0.300089432790878,0.160160098157614,-0.549499737474631,1.24645300186599,-0.791893261084523,0.0366492998388831,-1.09468027244227,-0.388089254577099,2.89665551019115,-0.48744394845628,0.18318826462412,-0.343032310267798,-0.719834078126746,-0.0454805276216364,-0.243208698093721,-0.622681107378249,0.580233662567946,-0.324893440582615,-0.0756389761881753,0.847355631510441,0.463434719361428,0.14483626226414,-0.0863537532420052,1.62474138449508,-0.0125736962165634,-0.204613722541338,-0.220386645741283,0.0885660890230927,0.858286879695678,"Masculine",2.33599963531248,-0.801193979414496
0.119326110964012,-0.682788947809716,2.2353554168065,-1.36461023109175,-0.23137745891736,-0.662412739482594,0.426867466392462,-0.409562153631631,-2.84026450470615,1.3908464607135,-0.1160853034245,-0.744025591386318,-0.48744394845628,0.884035479268144,-0.343032310267798,-0.719834078126746,-0.648546268226338,0.282702537157855,-1.11923109042872,-0.250906198902611,0.0885484010085416,0.428728404628607,1.26443643184559,1.89236212976762,0.14483626226414,-0.0863537532420052,0.704185524739999,0.232618530642193,-0.828152466618103,-0.0582491476997648,-1.00283363936081,2.35088797022873,"Masculine",2.33599963531248,-0.801193979414496
0.325844629757611,-0.682788947809716,0.230902041901425,0.189864365003308,-0.463215059890921,-0.662412739482594,-0.802510836817823,-0.690077590088536,-1.91584347213084,-1.56102209792433,0.102417563340325,1.09853507880172,-0.48744394845628,0.416542425902846,-0.343032310267798,1.58619046394639,0.114487614839234,-2.20283515856043,-1.69265903088451,1.86844593870664,0.713233978563768,1.67116763927423,-0.627555270780297,-0.629503146563095,-0.225440790828531,-0.0863537532420052,0.870321875088293,0.296074969635578,-0.648214289465749,-0.778761231061141,-0.857285043346672,1.53984199327962,"Masculine",-0.427718243085383,-0.801193979414496
-0.831398349933674,-1.02622770000143,-0.822060956683376,1.33947059972411,-0.899487172272046,-0.0910457413700086,0.0170746986557003,-0.982119169323546,0.527377288455253,-1.77176116948489,-0.0333547549728183,1.38508158447291,-0.48744394845628,-0.696536272585953,-0.343032310267798,1.94481272546229,-0.648546268226338,0.186553727764805,0.437105682892934,1.56001821667179,-1.42162960265033,-1.04369534681422,0.591895770137336,0.380948536415878,-0.595717843921203,1.0546801098209,1.15693930270021,-0.571239529565665,1.27054524710201,0.740724796801781,-0.0423239930312571,0.713435297070102,"Masculine",-0.427718243085383,1.24707584621909
-1.56125677963555,-0.682788947809716,-0.304179154025542,-0.136818563096962,0.492970121898304,-0.662412739482594,-0.802510836817823,-0.795046531900265,0.285158986381788,0.739170364426273,0.109092526227779,0.398522946459539,0.557609634563209,-0.696536272585953,-0.343032310267798,2.14003915309059,0.297749027802582,1.12455005590477,-0.0670776405166159,-0.430361152108243,-1.04991095755442,0.329919784467752,-0.410917431434266,1.48029410564275,-0.595717843921203,-0.0863537532420052,0.112656803595632,-1.06588309871576,-0.240272568399818,1.2455252580822,1.54110938748115,0.627253577430178,"Masculine",-0.427718243085383,1.24707584621909
-0.543158197326736,0.00408855657371117,0.480682862378836,-0.187392932144607,-0.831153698908826,0.475750320757676,-0.802510836817823,-0.547885820979147,1.00530264792279,1.15639758297993,1.01036590468718,-0.744025591386318,-0.48744394845628,-0.696536272585953,-0.343032310267798,-0.719834078126746,0.0504912246466377,1.00875639031651,0.312519317219083,-0.538214613497613,-0.504681726536058,0.629717795147489,0.273019600525163,1.22747951959096,-0.595717843921203,-0.0863537532420052,0.0413689095106437,0.281063769013491,1.07113498721489,0.37885874926265,-0.42099570084549,-1.5053615204052,"Masculine",-0.427718243085383,1.24707584621909
-0.733159817787591,-1.36966645219314,-0.541123605151423,0.00324954541769749,-1.1637908565766,-0.662412739482594,-0.392718069081061,-0.825795780004446,0.825266732537538,-0.146317826417335,0.747743439638121,-0.111016845015268,0.091549447942421,-0.696536272585953,-0.343032310267798,0.864627945942862,-0.648546268226338,0.45632411073928,0.339431918866591,-0.147575979618437,-0.338926249722127,-0.719026799123944,-0.33965372220094,0.00626656212360275,-0.595717843921203,1.0546801098209,-0.0660319309200365,-0.554616592891248,0.940471404090129,0.329745502412942,0.546033232483135,0.282963799730854,"Masculine",-0.427718243085383,1.24707584621909
1.72423769707165,0.690966060957138,2.14646241411402,-1.76019337203352,0.00421477388779602,-0.283025052735837,0.0170746986557003,0.7108315654625,0.285158986381788,2.29189966075441,0.109092526227779,-0.744025591386318,-0.48744394845628,1.85277300459807,-0.343032310267798,-0.719834078126746,-0.648546268226338,0.885993661521574,-1.16767377339425,-1.00026030948371,0.00712465801221626,0.700240388312008,0.384414750111727,2.13208171030751,1.25566742154215,-0.0863537532420052,0.0822835153889874,-1.5598552890955,-0.138357309802121,1.02551649945049,1.2821968765658,-1.03778580003006,"Masculine",-0.427718243085383,-0.801193979414496
-0.435460235471193,1.03440481314885,-1.29857381137308,1.16877892229912,0.0401199409951328,0.742726841060947,0.426867466392462,1.01259926317222,0.285158986381788,-0.720657213499053,0.109092526227779,0.215547569371755,-0.48744394845628,-0.696536272585953,0.822344622059581,-0.719834078126746,-0.251171654307104,0.530740707254682,1.01198375612639,0.657209236530928,-0.905941799862996,-0.532611790480937,-0.830309863961808,-0.535831229917037,-0.595717843921203,-1.60773223732587,-0.645726372825507,-0.127226540682925,1.45324276423309,0.623344251917927,0.576591586535988,0.170016937406469,"Masculine",-0.427718243085383,1.24707584621909
-0.0871535927820347,0.347527308765425,0.457519715202741,-0.376763462250624,-1.35061677852923,3.43591103710274,0.0170746986557003,-0.829832804958912,-0.0302571542303607,0.4754612690085,-1.44469122716014,0.488204935301442,0.639638958191113,-0.696536272585953,-0.343032310267798,0.822342460214158,1.3925993153588,-0.320021439367067,0.00241178803107103,-0.272737808582514,0.244785571916029,-1.17076718544055,1.40918017644967,0.127258880253979,-0.595717843921203,0.293990867778962,0.0811594877549761,0.411797465654379,2.69041443234059,-0.456683254050229,0.188458599972255,-1.06886895871409,"Masculine",-0.427718243085383,1.24707584621909
2.03322501166025,1.03440481314885,-1.39471263123391,1.97464391217916,-0.0631721357873983,-0.505899667392348,1.24645300186599,2.09948347664426,0.0282279357808437,-2.36381070576375,0.781301807938455,-0.493088620318511,-0.028395475608206,-0.696536272585953,6.36161068019371,-0.719834078126746,-0.648546268226338,0.607232112577272,2.4658715999365,-0.671317291322951,0.0152313331917962,-0.662414832552296,-0.253756950844546,-2.56039755649772,-0.595717843921203,-1.98807685834684,-1.59393347416062,-0.0343258838614953,0.140864480544739,0.46022219081482,1.53359771077077,0.20060671261933,"Masculine",-0.427718243085383,1.24707584621909
-0.542487429979197,0.00408855657371117,-1.42875120971015,1.25174880614816,-0.90815674428225,1.48875455650417,-0.802510836817823,-0.0814506409466055,0.285158986381788,-1.06586299202419,0.109092526227779,0.579635193605424,-0.48744394845628,-0.696536272585953,-0.343032310267798,-0.719834078126746,-0.648546268226338,-0.104004494684334,0.512208098414823,1.53535977011384,-0.872824537558655,-0.689994205437118,-0.009131351716015,-0.339938272923806,-0.595717843921203,-0.0863537532420052,-0.387923970379963,-0.643643909105604,0.705226786321365,0.901214985149864,-0.194963595770073,-0.54381973582631,"Masculine",-0.427718243085383,1.24707584621909
-0.609050726755888,0.00408855657371117,-0.0583653082809255,-0.260600093687853,-0.912579031615794,-0.491517385092163,0.836660234129224,-0.0159117381125707,-0.268339860918319,1.10195630133365,-1.04057117425783,-0.280666178458275,0.360196915220687,0.423113138408684,-0.343032310267798,-0.139924718667975,0.118991947088736,0.5958065061731,-0.0570126274805714,0.59604632442173,-1.00088727248696,-0.507053119226988,-0.68153293276797,1.06647741776035,0.14483626226414,-0.0863537532420052,0.0267323976084546,0.048217764988079,-0.0841063464254077,0.42672531983459,1.83312690632575,0.162369493603257,"Masculine",2.33599963531248,-0.801193979414496
-0.505138498322047,0.00408855657371117,-0.452576426645152,0.813480075057435,-0.135195434731208,0.748804434402399,0.836660234129224,-0.727782779420334,0.285158986381788,-1.28950559558431,0.109092526227779,-0.322019760472285,-0.48744394845628,-0.696536272585953,-0.343032310267798,-0.191680070103544,-0.29902752178985,0.658005736616679,0.635470536989275,-0.336594673430931,-0.330202277258238,0.947069464387826,-0.61814159616735,-0.174653876019698,-1.33627195010655,-0.0863537532420052,0.655087997685969,-0.106498137956827,-0.152535118351985,0.133292515014102,0.456160080152786,0.0119325516349405,"Masculine",-0.427718243085383,-0.801193979414496
1.55764824960176,1.37784356534056,0.273384153277206,-0.619205310833637,-0.81955581581507,-0.662412739482594,0.836660234129224,1.29411001529258,-0.419823755968875,0.37119454914212,-0.55155973396605,0.436321544704062,0.59218283580596,0.0165036154685261,-0.343032310267798,0.0187873165523187,1.55105666987397,-0.215178785488706,-0.218448101751431,0.335345465174702,-0.236796737494473,-1.32927258414813,-0.519309809316111,0.130734382350013,2.73677563391284,-0.0863537532420052,-0.803533083308188,-0.873972703733563,-0.0251148823526254,0.396214558299765,0.306820515397915,-0.416122626349495,"Masculine",-0.427718243085383,-0.801193979414496
0.682249535439809,1.37784356534056,2.4739438302037,-0.93519083755343,-0.832162210482195,-0.072968593407125,-2.03188914002811,-0.548048111691247,1.85178730271659,1.46092443100277,0.568764471902608,0.0210142190426332,0.912072253365144,2.07639662540368,-0.343032310267798,-0.719834078126746,2.8364213497515,-0.304199711632408,-0.040020025999816,-0.558848233095075,0.411182330024011,-0.685466705446969,1.08470589517347,0.517287448809106,1.25566742154215,-0.0863537532420052,-0.45068306118431,1.18112530296428,1.21037295543338,-0.758069833512651,-0.0724004759369452,1.40976858188213,"Masculine",-0.427718243085383,-0.801193979414496
1.98132899369567,2.75159857410742,1.36776407677203,-1.74388491986775,0.793604287225764,-0.368520869467501,-0.802510836817823,0.833926161843,0.285158986381788,1.13348516028411,0.109092526227779,-0.195889526092951,-0.48744394845628,1.29021592946528,-0.343032310267798,0.309181063203375,0.259421425030461,-0.940995951569964,-1.7074293036433,-0.0331087929744499,0.951246929407055,0.325219754968561,0.399194832808273,0.738539508686891,1.25566742154215,-0.0863537532420052,-0.158861228754374,-1.35518092307155,0.288176405560345,0.206276446086854,1.37013511770701,-0.0904895353739543,"Masculine",-0.427718243085383,-0.801193979414496
0.0119382417659855,-0.682788947809716,2.60146099147927,-1.48918200687143,-1.03669866351936,-0.662412739482594,-0.802510836817823,-0.83658823513612,1.37949494264507,1.38766455725992,0.751521654694103,-0.744025591386318,-0.48744394845628,-0.696536272585953,-0.343032310267798,-0.719834078126746,-0.648546268226338,0.0417849803126594,-1.00144888086548,-0.777885375586668,0.693068375271101,1.16174853475629,1.20349673236588,1.51571060977025,-0.595717843921203,0.674335488799928,0.506471708686636,0.100106555097206,0.441987097734096,-0.180647062887962,-0.191582347746668,-0.289884510621254,"Masculine",-0.427718243085383,1.24707584621909
-0.680340821371761,0.00408855657371117,-0.863339330228913,1.29170086962006,-0.957919162050183,-0.662412739482594,-0.802510836817823,-0.549441344230097,-0.30306375347165,-0.691895095879433,-0.260802553559074,0.487045370815852,-0.48744394845628,-0.696536272585953,-0.343032310267798,-0.411689016983975,-0.444623787557622,-0.714718779092895,1.16109356991927,0.139438353194471,0.668117904168009,-0.21602241246415,0.4962292039,-1.96728712572826,-0.595717843921203,-0.0863537532420052,-0.397705901126209,2.23188118468244,0.199819015120452,-1.41494559097778,0.653699396870238,-0.738936383204024,"Masculine",-0.427718243085383,1.24707584621909
-0.225868096505227,0.690966060957138,-0.406511144650222,-0.76070853821179,-0.151416898457291,-0.38881585000176,0.836660234129224,0.167698126401636,0.140664141671297,1.19255157246962,-4.44114663817606,-0.744025591386318,-0.48744394845628,-0.185024378782039,-0.343032310267798,1.92948214334887,0.0527534819051267,0.98049201725139,-0.0262833378256728,0.0914398918885803,-1.0877480026664,-1.48048251682386,-1.39646563486441,0.947169941076036,-0.225440790828531,0.674335488799928,-0.497671092207105,-1.55593577142792,-0.61953632480408,1.12723972917157,2.24663312871116,-0.197060365147766,"Masculine",-0.427718243085383,-0.801193979414496
0.87037555479969,0.690966060957138,-0.429382126993077,-0.525808547076607,0.51333844382626,-0.662412739482594,-0.802510836817823,2.753935819236,-0.541672625017138,0.0962067006148703,-0.376562893640306,0.64033216081845,-0.48744394845628,0.557885752695076,-0.343032310267798,-0.719834078126746,-0.0752615518490301,-0.354160435488561,-0.541848989051247,-0.360863740290814,0.626572861532938,-0.228866791474517,0.074983779037938,-0.365146824117684,1.9962215277275,-0.0863537532420052,-0.344722093579562,-0.983126260865866,-0.274031055029454,0.12380768162778,0.933740428216723,0.0836458073937096,"Masculine",-0.427718243085383,-0.801193979414496
0.605652094173006,1.03440481314885,-0.795252078798851,0.387257964507454,1.02944002913227,-0.662412739482594,0.426867466392462,1.13712553253319,-0.607819153929048,-0.857477615361366,-0.0912786705403724,1.4986339671854,0.880083311609224,-0.244944343484784,1.47273593857753,-0.719834078126746,2.75676494705489,-1.28615502960527,-0.785514829999525,0.57501548415622,0.490349647059737,0.100798346413594,-0.166195560701859,-1.09217895517506,0.14483626226414,-1.98807685834684,0.214963737308814,0.146801251241642,-0.00220359906887793,-0.623753104283569,-0.473369610374764,0.136067591505503,"Masculine",2.33599963531248,-0.801193979414496
0.400860161569788,-1.71310520438486,0.267242161271079,-0.436821418638214,0.778164429370981,-0.49261006638622,-1.21230360455458,-0.847822673072722,-1.06588863224412,-0.942866608982997,-0.00858939846443003,3.21455936430585,1.58158144501459,-0.696536272585953,-0.343032310267798,0.695679545681837,-0.648546268226338,-2.24321768196911,-1.4356364209221,0.307920941897461,1.70029602842964,0.223653987819795,0.246374651200424,-1.57822107913726,-0.595717843921203,-0.0863537532420052,0.640585125861638,0.604823157437182,-0.390543128580956,-1.85805857015013,-1.03053045832127,0.872251777075458,"Masculine",-0.427718243085383,1.24707584621909
0.211190867747102,-1.02622770000143,-0.108525520807852,-0.968377172612848,1.95005133706749,-0.662412739482594,-0.392718069081061,-0.0239325474285622,-1.84581157572362,-0.321519571963207,-0.0335848054915531,-0.744025591386318,-0.48744394845628,-0.696536272585953,-0.343032310267798,-0.719834078126746,0.0902092640144218,-1.52621424324139,-0.38353842539164,-2.05494643536277,3.06342301119537,1.74044863748867,0.275551308470314,-2.1801980511197,-0.595717843921203,-0.0863537532420052,-0.731359215146488,1.01765159788604,-0.623110093982751,-1.94062595423045,-1.23261031677449,-0.469530115497314,"Masculine",-0.427718243085383,1.24707584621909
-0.435847923092667,-1.02622770000143,-0.401416035130351,1.32694078133201,1.83726021910933,-0.662412739482594,0.0170746986557003,-0.703622418636143,1.08436376589626,-1.13759974919779,0.251152940277107,-0.275689764715611,-0.48744394845628,-0.696536272585953,-0.343032310267798,0.452440927748142,1.67879812928632,-1.97421468222285,-0.587993033850522,1.57903535378961,0.71850666083547,1.51739358595817,1.86525241884004,-0.769014217557324,-0.595717843921203,-0.0863537532420052,0.417216923891983,1.20753559495415,-1.01870568673077,-0.49574385543689,-0.612228069216582,-1.78175993958925,"Masculine",-0.427718243085383,1.24707584621909
-0.377048888778077,-0.682788947809716,-0.27149633866196,1.1544672639531,-0.937197075189354,-0.574046042258971,-0.802510836817823,-0.647410974870836,0.841416133585384,-1.07391435534898,0.33992477126194,2.18968604046623,-0.48744394845628,-0.696536272585953,-0.343032310267798,-0.311874586879589,-0.378569163420746,0.395408860167313,0.619197801109387,-0.314238974096313,-0.276235377830439,0.335034102281459,1.59828880540718,0.0700545405221483,-0.595717843921203,-0.0863537532420052,0.544271943060284,-0.00188217469656731,0.388664592529258,0.281407298495237,0.296730854861566,1.34466430558005,"Masculine",-0.427718243085383,1.24707584621909
-1.59772586081102,0.00408855657371117,1.26851933260876,0.298339763346544,2.64500330410744,-0.662412739482594,-2.03188914002811,-1.2638824061032,-0.427323572376858,-0.37322180041986,-0.300702516755566,1.34355644451821,-0.48744394845628,1.82565269313866,-0.343032310267798,-0.719834078126746,-0.648546268226338,-0.407865797738196,-0.39322071534607,0.010073654369862,0.422286751861226,1.79277790209744,1.73833983950162,0.657291436612705,0.14483626226414,0.293990867778962,1.60080299685827,1.90217544238465,-1.14754162451045,-1.07703553102157,-1.13592596097243,-1.04210290540285,"Masculine",2.33599963531248,-0.801193979414496
-0.43196442327431,-0.682788947809716,-0.54074937085981,2.54945755082593,4.8671852473097,-0.662412739482594,-2.44168190776487,-1.11762554722314,1.23111040620259,-4.3415828098178,-0.56155791751586,-0.189695898236527,-0.48744394845628,-0.696536272585953,-0.343032310267798,-0.719834078126746,-0.648546268226338,-1.77584710448015,2.05955769535439,-3.29126654936555,4.19561720028034,3.49126166016205,4.3021255194697,-4.60260493837462,-0.595717843921203,-0.0863537532420052,0.697736273304935,1.68351236457555,-1.28956613155684,-2.3329832833584,-1.27883985451019,0.490586708415388,"Masculine",-0.427718243085383,1.24707584621909
-0.12475372178056,1.37784356534056,1.66384282724164,-1.18440901060982,-0.371226580016847,-0.662412739482594,1.24645300186599,-0.400949814261433,0.930374405681527,0.0965476786153392,0.731574319620047,0.0121698281706223,3.66256652284077,1.58752695263673,-0.343032310267798,-0.719834078126746,-0.0222410000453469,-0.188053499157546,-0.513526432771121,-1.27243751663055,0.951465261136302,0.0439318623300638,0.651634328599732,0.189540011745673,0.515113315356812,0.674335488799928,1.20566142245366,0.223937591974519,-0.391537333686877,-1.10816545304243,0.327544494654535,0.839393195005388,"Masculine",-0.427718243085383,-0.801193979414496
0.530385277696766,2.40815982191571,1.69276593472567,0.162118276719608,-0.112654168351989,-0.662412739482594,-1.62209637229135,0.173121184965687,-0.661939041220614,0.269018768875529,-0.357486967845872,-0.744025591386318,-0.48744394845628,4.09307509666889,1.58278249911361,0.768599944484097,-0.648546268226338,-1.5591635470738,-0.927091425333129,0.0758097494326944,1.596473823252,2.58511696925461,3.17942032155644,0.103579828094633,1.9962215277275,-1.22738761630491,1.19999615779315,2.14400339001852,-0.729071133700972,-1.36391737379826,0.164722818670765,0.921651414065165,"Masculine",-0.427718243085383,-0.801193979414496
-0.590464206717899,-0.682788947809716,0.198136360502569,1.23516608502966,0.389791729688205,-0.662412739482594,0.0170746986557003,-0.81345166410618,1.02437930120864,-1.6667732606883,0.0955715890069935,0.988713581903094,1.88987993079667,0.35019998692007,-0.343032310267798,-0.719834078126746,0.0690087741267167,-0.446742679937232,1.13059111564355,-2.62785174067862,2.13746866232927,1.70787280389115,3.53077443876533,-1.76339891560929,0.14483626226414,-0.0863537532420052,0.983895111814336,1.5056695628096,-1.03188362282956,-1.46077386121389,-1.25507826739185,-0.0135217138706483,"Masculine",2.33599963531248,-0.801193979414496
0.601420745500701,-0.339350195618002,0.601039452846855,0.252840683805172,1.68550839146755,-0.662412739482594,-0.392718069081061,0.277937817815076,-0.74294084621293,-0.635889504478831,-0.115257911738384,-0.313690698020034,0.29978391506827,3.46286307439851,1.74749034465281,-0.719834078126746,1.13353944551234,-0.916218578870355,-0.0522172577406521,-0.450337501461964,1.17032098653101,1.24423868097911,1.10994894807685,-0.851022553486385,1.25566742154215,-1.22738761630491,0.446342755194738,1.37873088053137,-1.20941005912254,-1.14203633574777,-1.12072302636964,0.133309207151056,"Masculine",-0.427718243085383,-0.801193979414496
-0.341140644616885,0.00408855657371117,-0.346488331300145,1.15465541181924,-0.525946249073099,-0.662412739482594,0.0170746986557003,-0.642777558023115,0.855630541094846,-1.12714169631147,0.312392217090136,-0.744025591386318,-0.48744394845628,0.9190396236874,-0.343032310267798,0.953703323786639,-0.0947942508738104,0.601120792439117,1.61872037503461,-0.68719697977344,-0.092054177153645,-0.245567302808399,1.15677975661483,-0.596364931368233,0.14483626226414,-0.0863537532420052,-0.441869527550085,0.18400823183353,-0.331469060078707,0.352335922599342,-0.956438066061484,1.48620402224061,"Masculine",2.33599963531248,-0.801193979414496
-0.246957618230497,0.00408855657371117,1.04590288116979,-0.3744786470658,0.988016695626672,-0.636066372347402,0.0170746986557003,-1.24537610538457,-1.11428436783669,-0.279669105760649,-0.115147182739498,-0.158256303699674,-0.48744394845628,-0.696536272585953,-0.343032310267798,-0.719834078126746,-0.648546268226338,-0.579044703223183,0.878085632438512,-2.48745813854513,2.44584388587843,-0.0949807928192519,2.17671282853436,-1.95618013072193,-0.595717843921203,-0.0863537532420052,-0.27831461552398,1.80166580326456,-1.14233134029309,-2.07387145908256,-1.29684553605466,0.675988354440702,"Masculine",-0.427718243085383,1.24707584621909
2.86525806232576,-1.02622770000143,1.82064666686295,-2.43354803032737,0.297062595378377,-0.662412739482594,-0.802510836817823,0.144710503753778,1.47685579284643,1.21770519420791,0.665742474131875,-0.744025591386318,-0.48744394845628,-0.696536272585953,-0.343032310267798,-0.719834078126746,-0.648546268226338,-1.51777171699251,-1.8519817405526,-0.171388299052464,1.8247741521496,-0.7277793807489,-1.10613956464087,-0.800632153545788,-0.595717843921203,0.674335488799928,-0.45899779191628,-0.6866341775276,-0.866694153020757,-1.13971934772561,-0.786386407518753,-0.200694793885923,"Masculine",-0.427718243085383,1.24707584621909
0.654987794149474,0.690966060957138,0.410179964125004,-0.739589146308271,1.9136786332805,-0.662412739482594,-1.21230360455458,-0.175005833941881,0.285158986381788,-0.0078712920903827,0.109092526227779,0.972295499357349,0.559133036287728,-0.00532413620661115,-0.343032310267798,-0.0038235424684692,-0.174708900608359,-1.62218029142966,-1.48505416308579,0.331748976294433,1.29647522390974,0.693558218405751,-0.182304013819919,-0.740623643156066,-0.225440790828531,-0.0863537532420052,0.535564863312449,0.447161729143627,-0.430548832233472,-1.30688543488205,-0.858848479054067,0.228749305815154,"Masculine",-0.427718243085383,-0.801193979414496
-0.842517163169477,-1.36966645219314,-0.362480192948598,-0.972757051667516,0.388107476098879,-0.662412739482594,-1.62209637229135,-0.534233206522916,2.10508726147182,0.484459910128165,0.379536765811089,2.45542078972824,-0.48744394845628,-0.696536272585953,-0.343032310267798,-0.719834078126746,-0.648546268226338,-1.07172873711828,-1.55088581859256,0.0480172774571054,0.964549027328366,0.564177776500025,-1.28045840947007,-0.590328415286474,-1.33627195010655,1.0546801098209,0.185125935056047,-0.322395395915831,-0.90013313152205,-0.901422166577742,-0.649766439509856,-0.344987039311412,"Masculine",-0.427718243085383,-0.801193979414496
-1.66770701087636,-1.36966645219314,-0.273706472774183,1.02224701351474,0.623645552260265,-0.662412739482594,-2.44168190776487,-1.02147346482972,0.285158986381788,-1.07680601853972,0.109092526227779,-0.744025591386318,4.5685547243211,-0.696536272585953,-0.343032310267798,2.73920273498295,3.9296570301671,-1.74340120371417,0.069926851664015,1.64836783511275,-0.124758869376185,-0.407262307158964,-1.113928459116,-1.41943745394937,-0.595717843921203,1.0546801098209,2.21013115209077,2.94009326102635,-1.01824563946595,-2.60148525146938,-1.1554545675428,-1.83478986885131,"Masculine",-0.427718243085383,1.24707584621909
-1.30788750148897,-1.36966645219314,-0.131168386860333,0.0335363429614561,0.473783874640329,-0.662412739482594,-1.62209637229135,-0.902337741506306,0.285158986381788,-0.523780368713199,0.109092526227779,-0.744025591386318,3.04926448274761,-0.696536272585953,-0.343032310267798,1.69978773202881,3.35456252716694,-1.26472986652212,-0.372890291242259,0.256346726666601,0.557494152368033,0.213877676832563,-1.07798955357395,-1.08527189411294,-0.595717843921203,1.0546801098209,1.42208569556813,1.66783854820344,-0.965850708073735,-1.96926251822433,-1.03899305926854,0.215901600225755,"Masculine",-0.427718243085383,1.24707584621909
-1.85260202041519,-1.36966645219314,-0.273706472774183,1.02224701351474,0.64079735120174,-0.662412739482594,-2.44168190776487,-0.993807098866543,0.285158986381788,-0.666442524207142,0.109092526227779,-0.744025591386318,4.5685547243211,-0.696536272585953,-0.343032310267798,2.73920273498295,3.9296570301671,-1.51368422629105,0.069926851664015,1.97848499050358,-0.58184587734343,-0.407262307158964,-1.84348824161956,-1.12321208867953,-0.595717843921203,1.0546801098209,2.21013115209077,3.25737545599326,-1.02492289690956,-2.60148525146938,-1.1554545675428,-1.83478986885131,"Masculine",-0.427718243085383,1.24707584621909
0.880590813998483,-0.339350195618002,-1.34120650182335,0.252092971658861,-0.73469325659245,0.235758867398932,0.426867466392462,1.70601110432121,-0.616405482201273,0.239053461925107,-0.373292738156629,3.02968039659494,0.202894331865248,0.215332045791411,-0.343032310267798,-0.719834078126746,-0.335995850739864,-0.168956381529477,0.0584022516627319,0.653572484156089,-0.462739551228878,-1.57038368102831,-0.747745568282484,-0.599121057817458,0.515113315356812,-0.0863537532420052,-1.71422175137551,-0.778210000758737,-0.179794562739586,0.704470131021064,1.64496648286832,0.118796848677972,"Masculine",-0.427718243085383,-0.801193979414496
1.58829955230887,0.00408855657371117,0.44128186809,-2.5605320750073,0.515360528276434,-0.662412739482594,-1.21230360455458,0.144613221625021,-1.18909737733894,0.458205894787948,-0.220606154849843,-0.126941593351647,2.89912120029084,-0.696536272585953,-0.343032310267798,-0.719834078126746,-0.648546268226338,-1.18211160793501,-1.17275162276171,-2.50923973513991,2.90523928406708,-0.239506430979346,-0.866153438643095,-1.77434897648967,-0.595717843921203,0.674335488799928,-0.853734590790363,-1.07083259987588,-0.565463991860978,-1.4170180883739,-0.582245581505458,-0.204628969324149,"Masculine",-0.427718243085383,1.24707584621909
0.512257847916648,0.00408855657371117,-0.332353364835097,0.626085339872696,-1.11752910983289,1.70876030268463,0.0170746986557003,0.00392452090833615,-0.627595501159106,-0.736981936411982,-0.117754477979906,-0.744025591386318,1.95872917431847,0.111251675550722,-0.343032310267798,0.116934622829945,-0.0947942508738104,0.434409664019604,0.893868190967802,-0.0483331151669701,-0.423773198267865,-0.329365443749202,-0.0786247132463927,-0.20223884912674,0.885390368449483,-0.0863537532420052,-0.198786583766819,-0.238133836768075,2.08005558289943,0.430147369908089,0.331840490354519,0.581018019753527,"Masculine",-0.427718243085383,-0.801193979414496
-0.0597104629306257,1.03440481314885,-0.241474783603165,0.846689495940761,-0.488251946043776,0.114350843296325,0.0170746986557003,-0.39875936013639,-0.113017948953009,-0.083126320269088,-0.794253962555676,-0.277360403811941,-0.48744394845628,-0.132717573945967,-0.343032310267798,-0.135787434296095,-0.262039212119402,0.840846505441894,0.651726900410122,0.543005279131016,-1.13214385066904,0.0384097503203693,0.373818303064257,0.847514330684149,0.14483626226414,-0.0863537532420052,0.161704554742628,0.121903015601046,-0.0771552778657465,0.759851403778108,0.120484015756016,-0.541478574951753,"Masculine",2.33599963531248,-0.801193979414496
0.0241865995878902,-0.682788947809716,-0.0872498418702183,-0.502776097330063,-1.03237553164221,0.121446117432193,0.0170746986557003,-0.355493798075217,0.128861762290043,0.752529881901388,-3.44034605546338,1.08778501654858,-0.48744394845628,-0.696536272585953,-0.343032310267798,-0.146691455651159,-0.648546268226338,0.226750236262522,-0.855996327243036,0.719263309088558,-0.716785215751496,-0.0790466096669876,-0.755533280079831,1.08102263048719,-0.595717843921203,1.0546801098209,0.105676930652003,-1.29897457137846,1.33318367966974,0.961140131545584,1.56927349453838,-1.00751755561866,"Masculine",-0.427718243085383,1.24707584621909
0.969114420382023,1.72128231753228,0.581176576509961,-0.330374790316332,-0.793695671078985,0.926914056348417,0.426867466392462,0.360125687864401,-0.563679550035358,1.41815640404262,-0.727522782445587,-0.744025591386318,-0.48744394845628,0.505419432246059,-0.343032310267798,0.525243811509699,0.175414274703786,0.667608035881469,-0.600257894552146,0.633749201623749,-1.0713750557114,0.312768346020255,0.388650307130233,2.00911772430706,0.515113315356812,-0.0863537532420052,-0.101676642219958,-0.601081655169414,0.381672819673056,1.28306536997099,-0.0295766817584332,0.215901600225755,"Masculine",-0.427718243085383,-0.801193979414496
-1.17219265262522,-1.02622770000143,-0.676512339644859,-1.01001522282589,-1.02002416181507,2.81289431468617,-0.392718069081061,0.17032213652809,0.463754614443956,-0.108758535409177,2.08958977366517,-0.744025591386318,-0.48744394845628,-0.0643075718443138,-0.343032310267798,-0.0649231081779742,-0.215143022645092,-0.674145246135303,-0.718771577913704,-0.0633996546406101,0.824153759163825,-0.227131711801422,-1.01470832869552,-0.603435314419354,0.14483626226414,1.0546801098209,0.133426772736945,-0.728534998644176,2.60561208474816,-0.545452556448887,-0.471701716306656,1.51174776743232,"Masculine",2.33599963531248,-0.801193979414496
0.171130734573377,-0.682788947809716,0.336668060962334,-0.819435849916459,-1.13652413911043,2.09120756755031,0.426867466392462,0.397556262560022,0.596301195549328,1.64871692733948,2.56447582519641,-0.28820047785548,-0.48744394845628,0.404907456929097,-0.343032310267798,-0.719834078126746,-0.648546268226338,1.1044489902632,0.0912170876436903,-0.789361402953483,-0.393914633649569,-0.20770728326604,-0.158976223481269,1.15025738135906,0.14483626226414,0.674335488799928,-0.711773469776288,-0.704045677449379,1.59748792687239,0.834568074561518,0.508092204056494,-0.018482217959214,"Masculine",2.33599963531248,-0.801193979414496
-1.63042177051527,0.347527308765425,-0.583382240824459,0.407465005608381,-1.53586893483031,0.936130884450373,1.24645300186599,-0.725218862779142,0.0404329430566494,-0.121548438436687,-1.32403027865675,-0.265992189741919,-0.48744394845628,-0.696536272585953,-0.343032310267798,-0.121559745043216,-0.648546268226338,-0.409028164334242,-0.162794597383793,0.712700818554274,0.0305727691413079,0.656002708068734,0.932571150026126,0.248228366120381,-0.595717843921203,0.674335488799928,0.347779937821312,0.137498281854732,3.91877971741688,0.125156824914761,0.878072549589686,-0.737560015365433,"Masculine",-0.427718243085383,1.24707584621909
0.376105702358957,0.347527308765425,-0.868676236648425,-0.447449211957198,1.53274750275548,-0.662412739482594,0.0170746986557003,1.68011362204005,-0.563948595530261,0.515906924376148,-0.47920761736082,-0.122051862780848,-0.48744394845628,0.806384569113663,-0.343032310267798,-0.719834078126746,-0.648546268226338,-0.0538346550283428,0.114619996070948,-0.425981643690291,0.493141634262594,-0.0603083382879217,-1.02258896178196,-0.640144099990654,0.14483626226414,-0.0863537532420052,-1.50226590006632,-0.414751120620413,-1.12252750646936,0.214162029240479,-0.280544729263568,-0.345831782923049,"Masculine",2.33599963531248,-0.801193979414496
-0.240021564505951,1.03440481314885,0.174765209884698,-0.243371197103346,-1.04232963361145,0.558389222821328,1.24645300186599,-0.4834128992013,-0.216782687775803,0.423189269860717,-0.842982424186585,-0.744025591386318,-0.48744394845628,-0.188857979699198,-0.343032310267798,-0.456888024881789,-0.648546268226338,-0.333371833728292,-0.695118455386499,1.76535796191613,-0.711777997916561,-0.650561744143294,-0.290635085712634,0.772757112159021,0.14483626226414,-0.0863537532420052,0.99913865568232,0.195636244819154,0.340229165145082,-0.187678854119331,0.477064599898273,-0.602913439098582,"Masculine",2.33599963531248,-0.801193979414496
0.452594986791151,-1.71310520438486,-1.19381699697506,-0.351361710786597,0.568324194404594,-0.662412739482594,-0.802510836817823,0.461098491497419,-1.2369628436935,-0.252837925551183,-0.101189093368021,-0.186546297707268,-0.48744394845628,-0.696536272585953,-0.343032310267798,-0.719834078126746,0.274898147074611,-0.0342285790801247,0.0999709292074727,-0.603368784470844,0.509579208441997,-0.942615475179634,-0.371932998501591,-0.865697992734711,-1.33627195010655,-0.0863537532420052,-0.97458027423869,-1.55503829096199,-0.98950636249581,0.544267141706767,-0.272894700151958,0.373080977117338,"Masculine",-0.427718243085383,-0.801193979414496
-1.20767119715968,0.690966060957138,-0.276059293084614,-0.50679021731427,0.472026619626125,-0.394895780879112,0.836660234129224,-1.12820052571279,0.418439305831167,0.551447241952403,3.91930733869109,0.42751298398697,0.226935963518237,-0.696536272585953,-0.343032310267798,0.257644981498285,-0.325111010329887,1.01137393250831,-0.0184655149831867,-0.575077960748602,-0.638015275834916,-0.192870362435675,-1.0188316118444,0.827159296385798,-1.33627195010655,0.674335488799928,0.232812625075768,-1.11227913160553,-0.812406337886894,0.630289251791755,1.43211347600868,0.741367383223117,"Masculine",-0.427718243085383,-0.801193979414496
0.919740047488456,0.00408855657371117,0.187153227228032,-0.282404686384242,-0.794825035688675,0.587842137296492,0.836660234129224,0.46502726679403,0.285158986381788,0.272587453815144,0.109092526227779,0.530212794165797,0.289560176580937,0.329809020825798,0.688654194757955,-0.188250498622875,-0.296757919540263,0.104776296462846,-0.0964124221003045,-0.238730449275198,0.04640141715701,-0.623203080814359,0.286763157941688,0.0277068088516246,0.515113315356812,-1.98807685834684,-0.0518845103809435,-0.235475720633623,-0.0366584440846902,0.00205809242542734,-0.0154591051155874,-0.1920998610592,"Masculine",-0.427718243085383,-0.801193979414496
-0.569131835797328,1.03440481314885,-0.896627153320059,-0.115624906434392,0.258171999972789,-0.224261199082128,0.836660234129224,2.03196117194524,0.285158986381788,0.334685807377158,0.109092526227779,0.777158217722409,0.208245791402625,0.222400792445498,-0.343032310267798,0.708024141238306,-0.33357297928648,0.354769561005255,-0.253897066292571,0.535821840491268,-0.810832295094465,-0.604632592769871,-1.14079209451827,0.454360205432036,1.62594447463483,1.0546801098209,-0.253715791606233,-1.24298963114375,-0.71130953371554,0.847290618198395,0.647415251722378,-0.208901568455966,"Masculine",-0.427718243085383,-0.801193979414496
-1.35866210352517,-0.682788947809716,-0.715944060414696,-0.463652553302849,0.0255740175794872,0.0903406072371615,0.0170746986557003,-0.496364419672353,-0.923123291100664,0.634424939422209,-0.327226849265564,0.267483230134433,-0.48744394845628,-0.696536272585953,-0.343032310267798,-0.719834078126746,0.189217737407512,0.284383970703939,-0.681443521979097,0.80180451136558,-0.809211322028164,-0.516183464145584,-1.04247672783988,0.860276310730489,-0.595717843921203,1.81536935186283,0.157943901259396,-1.20338323870882,-0.649168183386267,0.733220951725952,-0.435408896193314,-0.190563421739729,"Masculine",-0.427718243085383,1.24707584621909
-0.418854907034492,0.00408855657371117,0.0969627447961766,-0.957286836657922,0.746158401842214,-0.34321636842162,-0.802510836817823,1.93379795568669,-0.790101388992499,0.589934883594254,-0.371545668788637,0.156124460792699,1.15923451836571,0.391013097955856,-0.343032310267798,-0.156550560395577,-0.648546268226338,0.390437692074099,-0.240546991867466,-0.498907973805701,-0.0330269583735696,-0.583642830136097,-1.13066148165048,0.258040589287485,1.62594447463483,-0.0863537532420052,0.220698753165542,-0.239278091749702,-0.993944274635113,-0.303038131023402,-0.173757653000525,0.537094239960717,"Masculine",-0.427718243085383,-0.801193979414496
-1.22576662480588,0.00408855657371117,2.019842256655,-0.405373734534996,0.60946906538007,-0.662412739482594,0.0170746986557003,-1.38206045695636,0.285158986381788,0.0785317097025222,0.109092526227779,1.24818467638044,-0.48744394845628,-0.0947957579206875,-0.343032310267798,-0.719834078126746,-0.236043179157894,-1.26880826051004,-0.533110145715528,-0.872755313544769,1.85672491135492,0.566891830170973,2.75792307696251,-0.644289353458977,0.885390368449483,-0.0863537532420052,2.76509783738721,3.11806119272098,-1.04562239498476,-3.31541724124857,-1.08157973020465,2.0578430648283,"Masculine",-0.427718243085383,-0.801193979414496
0.0511057237168967,-0.339350195618002,-0.129901079912468,1.71930733838808,-0.8092414929056,-0.662412739482594,-0.802510836817823,-0.827642139355504,-0.618142600637848,-0.513772810391258,-0.177812294683682,1.5245606672845,-0.48744394845628,0.217089017503121,-0.343032310267798,-0.719834078126746,0.604064268135643,-0.439458591982867,1.02967014724826,1.7984789115525,-0.924440956532745,-0.714287925450314,0.951049037026044,-0.337273113772801,-0.225440790828531,-0.0863537532420052,-0.1140119925823,1.82991124549673,-0.240202063196999,-0.338109487263032,-0.821871352887903,0.965351092940662,"Masculine",-0.427718243085383,-0.801193979414496
-0.00413657773866881,0.00408855657371117,0.363237644912863,-0.711883504217383,-0.283755849247226,-0.662412739482594,0.0170746986557003,-0.587013694460032,0.285158986381788,-0.408065509257003,0.109092526227779,3.55528263905243,5.13033235462972,-0.696536272585953,-0.343032310267798,1.20185304026753,0.368832242527759,-1.33501546607304,-1.26180470403932,-0.882530356217082,1.29728959985526,0.824399883319964,0.34519110589111,-0.497847428665386,-0.595717843921203,0.674335488799928,0.423718782754152,-0.126967956986954,0.929532524804586,-0.903850134422497,-0.951929601626627,0.68605314534505,"Masculine",-0.427718243085383,1.24707584621909
0.826631713209513,0.347527308765425,-1.05317185042961,0.38115910256843,0.129023338137679,-0.471189107049753,0.0170746986557003,1.62942797335229,-1.04292465005784,-1.00714485151379,0.000674079307956624,0.36777447306142,-0.48744394845628,-0.0249052165573003,1.00722028271209,-0.719834078126746,-0.188132055498386,0.409300669701476,0.798928378157182,-0.29118734981819,-0.14741899016776,-1.36699058270744,-0.376101710238468,-0.952022359175126,0.885390368449483,-0.847042995283939,-0.580695367399084,-0.98413921270015,-0.699702765210381,0.460180825137022,1.85960448000178,0.341939218349594,"Masculine",-0.427718243085383,-0.801193979414496
-1.03414440454906,-0.682788947809716,-0.759002809727632,0.558564977985037,0.908128838151585,-0.662412739482594,0.426867466392462,-0.138052316413141,1.6746477939194,-0.371436875557062,0.319521348849411,0.884461639941697,1.00208263149059,-0.696536272585953,-0.343032310267798,1.31827060013706,-0.648546268226338,0.673869562862845,0.491192191227491,0.282696449533182,-1.00669023329638,-0.321020400667963,-0.768825491458717,0.340706625164449,-0.595717843921203,0.674335488799928,0.232105671769281,-0.621103159660145,-0.63285294857088,0.617088564894637,0.492851456822661,0.0553052803582733,"Masculine",-0.427718243085383,1.24707584621909
-0.98472920671383,-0.339350195618002,-1.18426101624988,0.403472495002096,-1.31536531807321,3.41304092674233,0.0170746986557003,0.0554512022077315,-0.749749454375808,0.167198864832438,-0.294931302638206,-0.744025591386318,1.09743863771235,-0.696536272585953,-0.343032310267798,-0.719834078126746,-0.648546268226338,0.921417154693249,1.40684629811805,-0.92042459922001,-0.155029532155464,-0.35526332395166,-0.471336067904259,-0.509835946023619,-0.595717843921203,1.81536935186283,-1.72500404228403,0.013812884488439,1.95438590871237,0.631417929254696,-0.260689321045469,0.55305412268047,"Masculine",-0.427718243085383,1.24707584621909
0.489814845074871,1.37784356534056,-0.895122513995069,0.76343099638078,-0.435528008479807,-0.662412739482594,0.836660234129224,-0.321115550927126,1.04795352537168,-0.408689080750233,0.481004385971335,-0.744025591386318,-0.48744394845628,-0.696536272585953,-0.343032310267798,-0.719834078126746,-0.648546268226338,0.677261068630733,1.21982342743144,-0.0134975712967606,-0.468355025706907,-0.937522339050803,0.752348615488764,-0.19742347558102,-0.595717843921203,-0.0863537532420052,-1.37256158201676,-1.28286770751934,-0.568421899763631,1.50275778765031,0.220908712062028,-0.0871445626880233,"Masculine",-0.427718243085383,1.24707584621909
0.508035696043851,-1.36966645219314,0.905390631080828,-0.90439542588185,1.30285679034258,-0.662412739482594,-0.802510836817823,-0.284752722593124,-0.167363719856813,0.988126331591248,-1.23838693934093,-0.0810772421463658,-0.48744394845628,-0.696536272585953,-0.343032310267798,0.939568717351559,-0.374008739353083,-0.341041142215518,-1.04538509361078,0.125479403740436,0.256661708218111,0.0620228327733052,0.693950258675748,0.84928856992482,-0.595717843921203,-0.0863537532420052,0.390525309675257,-0.0312116188662983,-0.926387062724339,-0.128202339834349,0.155614369731368,1.16211775512065,"Masculine",-0.427718243085383,1.24707584621909
0.685326501189193,1.03440481314885,1.12694555664433,-0.65427410927755,0.9489127609633,-0.505496876397998,0.426867466392462,0.681579662488795,0.398098886083833,-0.00218420641083392,3.46120167433964,-0.744025591386318,0.117911710510321,0.502885798804171,0.46074368521601,0.93677039897807,-0.648546268226338,-1.06664646584197,-0.922828097359932,0.151985181334328,1.01526083514921,0.222458739006011,1.3884738977343,-0.0562013294612895,2.73677563391284,-1.22738761630491,1.05581654902067,0.496003772647318,-1.03053228413701,-1.00513266976277,0.0655128579130977,1.24816222226705,"Masculine",-0.427718243085383,-0.801193979414496
-0.7945936907396,0.00408855657371117,0.705005450470986,-0.538052589668823,-1.15539437772332,-0.662412739482594,-0.802510836817823,-0.977157512490247,0.733441185333013,1.14868727161637,1.55292950331763,-0.218636805911016,-0.48744394845628,-0.696536272585953,-0.343032310267798,0.595248190846689,0.22174137350307,1.70758128710562,0.364399031238387,-1.06858031929546,-0.980190779869092,-0.0177305902906295,-0.456640997770766,1.60348886392495,-0.595717843921203,0.674335488799928,0.419952250650117,-0.0568855444440663,0.244872307348247,0.440694102224034,0.580598315798757,0.0447989790585296,"Masculine",-0.427718243085383,1.24707584621909
-2.12650402023523,-0.682788947809716,1.17626429007455,-1.28729137134466,-1.1976021974289,-0.662412739482594,-1.21230360455458,-1.46398382171719,0.285158986381788,0.0360291779191601,0.109092526227779,-0.744025591386318,1.37253483790224,-0.696536272585953,-0.343032310267798,1.82515673773634,-0.648546268226338,0.0241102546969722,-1.12096019022369,-1.27992527384648,0.805993431821374,1.66398826122092,-0.23316457661171,0.809159594609338,-0.595717843921203,1.43502473084186,2.03102711402515,0.263743968766765,1.19264199481024,-1.15319463238853,-0.794978470503443,-0.148116724807197,"Masculine",-0.427718243085383,1.24707584621909
-1.49299548754635,0.00408855657371117,-1.34806288189224,0.981999285166226,-0.018468501524683,-0.36601610921169,1.24645300186599,-0.812809056615879,0.8608612258372,-0.946501273907391,0.383792530426033,-0.744025591386318,-0.48744394845628,-0.696536272585953,-0.343032310267798,-0.719834078126746,-0.648546268226338,0.629463276544825,1.34969551251731,-0.140318528337386,-0.333001947504516,-0.923395818212099,0.234398359551029,-0.784547559330896,-1.33627195010655,0.293990867778962,-0.452595823636785,-0.253638403497137,-0.740356964449352,0.406792787943648,0.891552924516943,1.52267165503786,"Masculine",-0.427718243085383,-0.801193979414496
-0.96948663833407,-1.71310520438486,-1.72959548363455,1.49454013741772,-1.42320467081546,1.15656932026213,-0.802510836817823,-0.293252737390252,0.285158986381788,-0.976143163352303,0.109092526227779,0.188196315383401,1.21790477252802,-0.696536272585953,-0.343032310267798,0.446871925344936,-0.648546268226338,0.0572306858258134,1.41970758452303,0.421994364729636,-0.384245318079682,-0.257510030733452,0.494222320369271,-0.814321505892183,-0.595717843921203,1.0546801098209,-1.77588100811255,-0.416616706628132,1.91620891795171,1.26680525376755,0.670234294051188,-0.506781839177909,"Masculine",-0.427718243085383,1.24707584621909
-0.693027753135274,-1.36966645219314,-1.00621093978709,1.11813423037756,2.72341864734188,-0.662412739482594,-0.802510836817823,-0.517731806314557,1.01471629055731,-0.757220101491087,0.386426768231813,0.111018902622508,0.294638634914516,-0.696536272585953,-0.343032310267798,-0.719834078126746,-0.648546268226338,0.681389113529994,1.56140475314954,-1.21192830211907,0.251167809289688,0.572331763454789,0.526388960369115,-0.91282108850965,-0.595717843921203,-0.0863537532420052,-1.14114342509123,0.222802828749984,-0.683273480968072,0.441293563068326,-0.997907169081611,-0.770825338059131,"Masculine",-0.427718243085383,1.24707584621909
1.20935813367644,-0.339350195618002,1.32749024064791,-0.516054402663796,0.817633727885138,-0.217817794076239,-1.62209637229135,0.018487377946993,-0.55651699865087,0.528170324706711,-0.487803299006473,0.665185980427153,0.801518011210486,1.85734986146915,-0.343032310267798,-0.719834078126746,-0.648546268226338,0.752966595823033,0.139544247384061,-1.11465941521425,0.043879156004921,0.0890234789731993,0.946390280341975,0.8705920305246,0.885390368449483,-0.0863537532420052,-0.0629743537751738,-0.344375565147973,-0.937153477777704,0.423651441183034,-0.839925132334644,-0.450074099111703,"Masculine",-0.427718243085383,-0.801193979414496
0.272181993268606,-0.682788947809716,-0.185654490162168,-0.595096707648054,-1.27139001134271,0.645820663092432,-0.392718069081061,0.400811108467166,-0.0898318340175004,1.90914961749723,-2.09034482090629,-0.744025591386318,-0.48744394845628,-0.696536272585953,-0.343032310267798,0.930277548283931,-0.648546268226338,1.57836288303264,0.0201875859974711,0.0166353335503667,-1.49474025439784,-0.259080104930992,-1.49545636329199,1.79956696327199,-0.595717843921203,0.674335488799928,-0.88388305959401,-1.71148400269881,2.3428900449305,1.90873913853294,1.26021187361458,-0.0320549327292483,"Masculine",-0.427718243085383,1.24707584621909
-0.1277004514611,1.03440481314885,0.499578659984743,-0.0450247300165417,-0.441340039608829,-0.117683797363096,0.426867466392462,-0.161893090361317,0.285158986381788,0.0299318904178315,0.109092526227779,0.37890837928622,-0.48744394845628,-0.0181792975412761,-0.343032310267798,-0.719834078126746,-0.648546268226338,0.899165628130472,-0.0894371365721256,-0.754545021294454,-0.268947260301473,1.46600073469069,0.527841981339065,1.24786218697835,1.25566742154215,-0.0863537532420052,0.113013369589465,-0.643969988556749,1.25324996194051,0.952619512888865,0.500380843395615,0.450358674800216,"Masculine",-0.427718243085383,-0.801193979414496
-1.17867334401074,0.00408855657371117,-0.936853749974494,0.937847699904931,-0.873025468019377,1.13640818905806,0.426867466392462,-0.519799441968471,-0.0022803291689108,-0.837424958944584,-0.529679495179948,0.37890837928622,-0.48744394845628,-0.0181792975412761,-0.343032310267798,-0.0171399043619698,-0.648546268226338,0.19916968834325,0.984756834766457,0.553172293837528,-0.52430130409433,-1.20810703616136,0.231425703469236,-0.617637180572303,0.14483626226414,1.0546801098209,0.0721865632945611,0.580675736794716,0.716171981512441,-0.158225169076664,0.117975560809532,0.194488757576753,"Masculine",2.33599963531248,-0.801193979414496
0.5816892282935,0.690966060957138,-0.370633816370182,1.02262814110103,0.437577193563569,0.254440836822068,0.836660234129224,-0.261191314196276,-0.287262898432852,-0.871744387136906,-0.197668390502108,-0.264824831007745,0.389176090047248,-0.696536272585953,-0.343032310267798,-0.719834078126746,-0.648546268226338,-0.274502777871746,0.334207128070555,0.876079105285055,-0.216566943626008,0.605306128282846,0.686364972434283,-0.136879279044714,-0.595717843921203,-0.0863537532420052,0.150849201064249,0.254622961257724,-0.528869441423579,0.280272451557,0.0711081259839227,-0.981270966059101,"Masculine",-0.427718243085383,1.24707584621909
0.116642205380027,0.690966060957138,1.23582134284979,-1.73208582726472,-0.38180900085032,-0.446851553831028,1.65624576960275,0.976045513981446,0.285158986381788,2.79816866923754,0.109092526227779,-0.744025591386318,-0.48744394845628,0.924562960084916,-0.343032310267798,0.119795370525525,-0.648546268226338,1.07171163585238,-1.40160638771496,-0.222860348265114,-0.771322115688817,0.689390758594387,-1.13512934168448,2.49276284019576,0.515113315356812,1.0546801098209,0.255383771028188,-1.3847071195993,-0.266067764028083,1.07777803135467,0.29478604973313,-0.319419465999187,"Masculine",-0.427718243085383,-0.801193979414496
-0.235071960215122,0.690966060957138,0.0617928710287871,0.680827704738424,0.860611195530613,-0.432325867466367,0.0170746986557003,-0.45211244812362,0.0305074254566443,-0.458816772664146,-0.958996440450485,-0.744025591386318,-0.48744394845628,1.10639728466207,-0.343032310267798,-0.719834078126746,-0.648546268226338,0.750294501772689,1.17617847275152,-0.435679758045447,-0.248734306264627,-0.310672829293461,0.782557109850779,-0.123404550385941,0.14483626226414,-0.0863537532420052,0.477039456135486,0.769384403698984,-0.397726726452773,-0.279968379580609,0.000337673663815958,-0.811459254529333,"Masculine",2.33599963531248,-0.801193979414496
-0.650069558062431,1.37784356534056,0.0802429405663878,-0.0671268257537035,0.961143551872842,-0.548959483876506,1.65624576960275,-0.029387131997181,0.285158986381788,0.357756363731245,0.109092526227779,-0.744025591386318,-0.48744394845628,0.623540357581722,0.718524850805474,0.374115203524876,-0.648546268226338,1.20608292734231,0.753370509017473,-0.62605849050327,-0.64267204377113,-0.494442182417672,-0.516794338692716,0.444011419557781,-0.225440790828531,-0.847042995283939,0.334696562789975,0.339651217645143,-0.989116503225694,-0.0570623353872523,1.44066655440412,0.167307879823051,"Masculine",-0.427718243085383,-0.801193979414496
-2.49982123526547,-0.339350195618002,0.384607287531539,-0.175177395241967,-0.199793937992396,0.855138007504432,0.0170746986557003,-1.72332821165629,0.285158986381788,-0.162037395756687,0.109092526227779,-0.744025591386318,-0.48744394845628,-0.696536272585953,-0.343032310267798,3.4077560686092,0.717220261966662,-0.948078559190392,-1.1416657970122,0.972876008745751,0.0567315602578724,0.748391318518872,0.550571380797572,0.651650814155848,-1.33627195010655,1.0546801098209,1.97200538563193,1.39367584017932,-0.263782320912155,-1.21484547519243,-1.01209458908337,-0.431138645037433,"Masculine",-0.427718243085383,-0.801193979414496
0.066352650862957,0.347527308765425,0.882070090528813,0.233940182328997,2.25610289457498,-0.662412739482594,-0.392718069081061,-0.865407722137563,-0.8000575035793,0.0524568177763842,-0.251519646851997,1.52718634582463,4.49833252053254,-0.147726636525504,-0.343032310267798,2.1226614511648,0.856326112264098,-1.84815639943722,-1.13777088267479,1.57424430716619,0.193720735712108,0.465165077763611,1.27402879194888,0.258487242382429,0.515113315356812,-0.0863537532420052,0.199486813478017,0.98351972539719,-1.01088384303981,-0.300370633384551,-0.926751170859288,-0.292228554698873,"Masculine",-0.427718243085383,-0.801193979414496
3.32172041681503,0.00408855657371117,-0.586034451781958,-1.43160152406123,-1.13269865934652,5.00205619458356,-1.21230360455458,3.0355947092209,-0.408147023176316,0.813709956666917,-0.711683973408274,0.0685322196903931,-0.48744394845628,0.285185312416591,-0.343032310267798,-0.719834078126746,0.0244401379557198,-1.5022697180961,-1.48611169972044,0.654599007083143,1.10313014270975,-0.836144677057879,-0.985538021201298,-0.813494056668591,1.25566742154215,-0.0863537532420052,-1.60957355687902,-1.93146938467651,1.58866695414451,0.366351649133222,-1.17994413703971,-1.014326812344,"Masculine",-0.427718243085383,-0.801193979414496
1.57564429582897,1.03440481314885,1.56658683750809,-0.296719227648717,0.750946518715782,-0.662412739482594,-2.03188914002811,0.349496841176049,-1.240430091598,0.385104385933743,-0.198326792962004,-0.744025591386318,-0.48744394845628,2.54381583827665,-0.343032310267798,0.399034321557943,0.832330425103658,0.0456701990413892,-0.604593486076652,1.00091710438035,-0.764055960246086,-0.0411303803765022,0.280378277832705,1.38356976092757,1.9962215277275,-0.0863537532420052,1.16269938929522,0.205250833339059,-0.102155801412027,-0.00588033027300493,-0.699735622121807,0.163864803844112,"Masculine",-0.427718243085383,-0.801193979414496
0.886840926628328,0.347527308765425,0.441974446570057,-0.393299798881397,-0.0366987069864281,0.0534130845678897,-2.85147467550163,0.507577843325274,0.285158986381788,0.461839270189216,0.109092526227779,-0.0754303226468781,0.735642612931095,1.72682757182408,-0.343032310267798,-0.719834078126746,1.56646180118378,-0.788138611056817,-0.641112904703084,1.2693236055839,-0.230270435951251,-1.33494313503886,0.0978616395909258,0.156057589274634,1.25566742154215,-0.0863537532420052,0.238762715043004,0.145631680142471,1.68181506923479,-0.347967103179312,0.0819489578711532,0.63285353627921,"Masculine",-0.427718243085383,-0.801193979414496
1.64783631704732,1.03440481314885,1.39701177606976,-1.70277927320308,-1.53256597198205,7.75142708756241,0.0170746986557003,0.609748422090751,-0.200859595064604,2.06987200180481,-1.66509450357158,-0.744025591386318,7.84871641769047,1.36807124072128,-0.343032310267798,1.4188447061762,-0.648546268226338,-1.02824457588744,-1.56628494873952,1.6579503359949,-0.44684267542566,-0.679760863270911,-1.09169223932997,1.47660617516202,0.14483626226414,-0.0863537532420052,-0.0253474325856276,-0.416927350452096,6.68111683267264,0.16294579613091,0.235613447955248,0.0929760220555822,"Masculine",2.33599963531248,-0.801193979414496
1.28732213329129,0.347527308765425,1.69804939354574,-0.603350162345476,0.689284167440134,0.0150652725651853,-2.44168190776487,0.49259650882415,-0.797551229930429,0.991271116417205,-0.454769497074711,0.162361066235048,-0.48744394845628,3.68380114594734,-0.343032310267798,-0.719834078126746,-0.648546268226338,-0.013361796377367,-0.218274257999815,0.416337065801854,-0.153788644708974,-1.47447768381096,1.26682898355726,0.6712431840753,2.36649858082017,-0.0863537532420052,0.0565347160775576,0.558644915431901,1.09367783454333,-0.287856412359973,-0.43459799046595,1.69995226411066,"Masculine",-0.427718243085383,-0.801193979414496
-0.160499237025272,-0.682788947809716,-0.174918986952722,-0.0786417678471096,0.03464249487776,2.14555533676807,-0.392718069081061,-0.965799780756004,-0.0659464423118575,-0.133525033968856,-0.881853860920532,2.85657461732975,2.33543342323857,-0.696536272585953,-0.343032310267798,3.78643406372259,0.203491567123424,-2.22812510102903,-1.32304731239465,1.31349145467694,0.695361856583407,-0.212948629336029,0.0573831182979619,-0.879010575239489,-1.33627195010655,-0.0863537532420052,-0.396438822722433,1.00812330320697,1.35593903599875,-0.853027644197044,-0.632870876568577,0.0679664010117233,"Masculine",-0.427718243085383,-0.801193979414496
0.360504061323635,0.00408855657371117,0.406406946266947,0.157336790631877,-0.0466804916163024,0.147988173663167,0.0170746986557003,0.0192671938070513,0.025068265902903,0.856631567796307,-2.1173187178897,0.0180431906526175,2.30071842643456,1.14490654510814,-0.343032310267798,0.233919761604474,-0.648546268226338,-0.0751652900005579,0.0925153309355164,0.688143565645763,-0.457589214983398,-0.313093960071378,0.570433834858225,0.556932167540383,0.515113315356812,0.674335488799928,0.0318354091118012,0.640875490897344,0.346065731730814,0.0186154677582224,-0.462709389014896,-0.70248338474506,"Masculine",-0.427718243085383,-0.801193979414496
1.46305238930371,1.37784356534056,0.583680739166726,-1.01757441873854,-0.923208702715779,-0.662412739482594,0.426867466392462,0.184059071824078,-0.62339435405075,0.699741502130432,-0.487949440398991,3.81952583593987,1.59962527112043,0.222400792445498,-0.343032310267798,2.61183510039171,2.8161599101121,-1.13082259725249,-1.51503409698427,0.535821840491268,-0.0875541129137301,-1.65324615101556,-0.638866275160197,0.128282671569099,0.885390368449483,-0.0863537532420052,-0.0877975497448547,-0.544476891836792,0.548650323558805,-0.259185146584313,-0.403732990012337,0.818687787125614,"Masculine",-0.427718243085383,-0.801193979414496
-0.252254908039013,0.690966060957138,0.732395689202494,-0.554574972578503,-1.00125598428394,0.259710110249106,1.24645300186599,-0.0124362024224828,-0.934386273526794,1.22607316151038,-0.436448017585427,-0.148478667638138,-0.48744394845628,0.742527537903361,-0.343032310267798,4.49759018929517,2.31095996108414,-0.281090550770257,-1.17645406072993,0.727646542839025,-0.717446044350408,0.32970248416611,0.042960725582353,1.63002063101376,0.885390368449483,-0.0863537532420052,0.183949171118603,0.305543684609308,0.758462311829551,0.387876507788926,-0.887907859345193,0.720632891237833,"Masculine",-0.427718243085383,-0.801193979414496
0.635931807777134,0.690966060957138,0.969125609667588,-0.675865112446055,-0.127307168656407,0.204208879989692,1.24645300186599,-0.10244926351274,0.00879023594170722,0.497044902331644,-1.68245213794228,-0.204183194206055,-0.48744394845628,-0.0443058385333696,0.968217112901111,-0.0442037790049062,1.13991279194386,-0.330657591528711,-0.701052942903287,-0.0830444255548136,0.314723687115024,-0.0660986570796034,0.00901156374710362,0.166407280067514,1.25566742154215,-0.466698374262972,0.676445759626587,0.513560930880661,-0.335616286655208,-0.740342296898477,-0.620361151147565,-0.105291039509207,"Masculine",-0.427718243085383,-0.801193979414496
0.657849393147853,0.347527308765425,0.547337781833843,-0.380037956740112,0.542068444927325,-0.14434131850488,0.426867466392462,-0.458182844065445,0.060038446807627,0.638234765973296,-2.23670113609828,-0.0844198388652222,-0.48744394845628,-0.696536272585953,-0.343032310267798,0.105683951220445,-0.102239656149137,-0.0709071764923142,-0.13210400075584,-0.0316233355149718,0.124910504723577,-0.367673165322145,0.0717594563141465,0.0860844024809617,-0.595717843921203,-0.0863537532420052,-0.0184558083283036,0.560743422467917,-0.0201695791618885,-0.447193045440658,-0.748888491360157,-0.599433562178373,"Masculine",-0.427718243085383,1.24707584621909
1.73604538213844,1.03440481314885,-0.22394607904458,-0.256129604331012,-0.207734904296057,1.23452569425119,0.426867466392462,1.51880919457916,-0.836672848179566,0.296401971482433,-0.290511801345775,-0.744025591386318,-0.48744394845628,0.8919780508855,1.25374881308865,0.92567087149328,-0.648546268226338,0.590323198415302,0.401777192029944,-1.03846509293436,0.219013436448437,0.11727724381133,-0.281717048923505,-0.160107509133797,0.885390368449483,-1.98807685834684,-1.32454156361928,-1.11070219967324,2.03792705946791,0.929470074497336,-0.0611743844602613,0.57090399151176,"Masculine",-0.427718243085383,-0.801193979414496
2.29990924009271,-0.339350195618002,0.0879642390474988,-1.28358717812779,-0.84924322987759,0.900405856491258,-1.21230360455458,0.461534540412194,-2.9554874905527,0.105195283012308,-0.015467049082749,1.78800939409788,-0.48744394845628,-0.696536272585953,-0.343032310267798,2.44908997001246,0.92428809073786,-1.14836012993748,-1.03311076515667,-0.790239538580948,1.30990454595328,-0.798364716434031,-0.673839170960632,-1.07925606673625,-0.595717843921203,-0.0863537532420052,-0.756465905117285,-0.808954094340517,-0.000646780644478275,-0.664797746293684,-1.03741925510268,1.56491068711259,"Masculine",-0.427718243085383,1.24707584621909
0.697717375888681,0.00408855657371117,1.38795546895201,-1.09458817019964,0.27597395209528,-0.163218414815809,0.426867466392462,-0.017437896172225,0.505104341138153,0.442556272312512,2.30239699455125,-0.744025591386318,0.691458861945016,1.63928405035113,1.22228514563335,0.0867065252584396,0.952697249930972,-0.434504797050342,-0.74277284590516,-0.821277090931109,0.930519181858554,0.698503378628153,-0.482601685094043,-0.118283345415934,0.14483626226414,-1.98807685834684,0.250577583903421,0.410171522505445,-0.6118868606195,-0.881754909409338,-0.579949684365122,-0.471949304046832,"Masculine",2.33599963531248,-0.801193979414496
1.79009320487039,-1.02622770000143,0.868863525705904,-1.07302306600542,0.893611041918981,0.101756771737176,-0.802510836817823,-0.237064939195732,0.521396589638624,-1.32227810091812,0.407199302831101,-0.744025591386318,0.778784996048815,-0.696536272585953,1.33823458681121,0.146450273657341,-0.0752615518490301,-1.13082259725249,-0.806703163995033,-1.14627475020661,1.94301569047565,0.638673045073143,-0.747218515529557,-1.58923153457143,-0.595717843921203,-0.847042995283939,0.410249800604386,-0.466633375584653,-0.223066264036506,-1.28592440387315,-0.688483302481782,1.71769421304058,"Masculine",-0.427718243085383,1.24707584621909
2.00946957689053,1.03440481314885,0.803669213643596,-1.52833089932263,1.17906948365871,-0.481751936269853,0.426867466392462,1.75431957858091,1.29076500024534,0.770861257069593,0.665022649562643,0.434549251706931,-0.48744394845628,0.727402242597919,1.08831653454271,-0.719834078126746,-0.160479550229441,-0.641035648392359,-0.974921356189073,-1.04907594812599,1.41396346074779,-0.371893629391837,-0.443522172491115,-0.769164955414036,1.9962215277275,-0.466698374262972,-0.423620057296078,-0.470928534713822,-0.520979557040693,-0.745436388080699,-1.15346036363398,-0.266784545521203,"Masculine",-0.427718243085383,-0.801193979414496
-0.0249149223845694,0.690966060957138,-0.499437879235374,-0.151827454835017,-0.0886650672253671,1.4755301673895,0.0170746986557003,0.101995483124542,-0.423018541810341,-0.853155613928371,-0.144990694309597,-0.744025591386318,-0.48744394845628,-0.696536272585953,-0.343032310267798,0.764103164959592,0.333485254994006,-0.432765216210895,-0.355010771983628,0.0526353619243554,0.394124644955222,0.165195487754912,-0.904538189213166,-0.647998587294948,-0.595717843921203,-0.0863537532420052,0.550143887744212,-0.35494463987605,1.68099826798517,-0.453135973994255,-0.454988208920188,1.6630729320653,"Masculine",-0.427718243085383,1.24707584621909
0.414097865944923,0.347527308765425,0.619089060603811,-0.920979189186397,-0.095623435607937,0.383693014414714,0.426867466392462,-0.0775189971601128,0.460711700728611,1.61222550935341,4.41238585223935,0.799088783777712,1.39447429934029,-0.075079489419206,-0.343032310267798,-0.076081486433984,0.629510484798304,0.850022182292199,-0.371759151931359,0.453369692007208,-1.34625350796755,-1.50231976255365,-1.43615866449437,1.40887419217239,0.885390368449483,1.0546801098209,0.0897907825226332,-0.58618853886782,1.36885419231495,0.508851150328165,-0.0849241093886229,0.170016937406469,"Masculine",-0.427718243085383,-0.801193979414496
1.47952863576597,0.00408855657371117,0.752604340949515,-1.85551461081466,0.39116914228328,0.0888500065505872,-1.62209637229135,0.306744341268786,-0.362970309005111,0.375571875649177,-0.611088291022182,-0.744025591386318,0.670542844341122,-0.696536272585953,-0.343032310267798,-0.719834078126746,1.44856621039259,-0.569621551332746,-0.629421740443936,-2.15117413403095,1.99037439813677,-0.481013047193689,-0.172560997821094,-1.07925606673625,-0.595717843921203,-0.0863537532420052,-0.112060862533202,-0.66361837922665,-0.509524399080473,-1.21732177335291,-0.908092217651347,1.43084767226669,"Masculine",-0.427718243085383,1.24707584621909
0.145265762598789,-2.05654395657657,1.60968892386727,-1.77522826774031,1.32446922778009,-0.487847852942676,-2.44168190776487,-0.692578471523279,-1.19374802832859,-0.389628017879855,-0.0857418676910997,-0.744025591386318,-0.48744394845628,-0.696536272585953,-0.343032310267798,0.829639825537539,3.45306173411983,-2.29704085908097,-2.19196569414274,-1.67987957381202,3.13252678045981,2.09734412671322,0.934362412897132,-1.08396456394345,-0.595717843921203,0.674335488799928,0.868631264013216,0.42685795641478,-0.783612606486246,-2.0500004648159,-1.17824952467832,0.448489373826933,"Masculine",-0.427718243085383,1.24707584621909
-0.208844519937082,-1.36966645219314,-0.384351979078517,-0.943945887121884,1.58308672239175,-0.600013448899246,-1.21230360455458,0.0461559174893944,-1.27236102578828,0.329971624211183,-0.18376108410623,0.559846244992591,-0.48744394845628,0.0911240688695755,-0.343032310267798,0.0960849043675687,1.51127057021841,-1.31144170463944,-1.45959950222859,0.503376771232191,0.774988812419812,-0.563777519071985,0.0494891342451508,-0.314251124387761,-0.225440790828531,1.0546801098209,-0.166806236345522,-0.600607379816817,-0.567465108905558,-0.344541848438973,-0.699621062306467,-0.21604712217643,"Masculine",-0.427718243085383,-0.801193979414496
-0.627324612908348,0.00408855657371117,0.458892188859322,-0.862799727652462,0.984419261050931,-0.430371340860725,0.426867466392462,-0.644708536735564,-1.12268943302719,1.16153527915663,-0.352779395577399,2.2024115163468,1.66856749759294,-0.696536272585953,-0.343032310267798,0.0176782754191664,0.327587167767459,-0.641035648392359,-1.42588927568798,1.13286957444233,-0.437719343299703,-0.371893629391837,-0.910177528867262,0.872973255661504,-0.595717843921203,1.0546801098209,0.60477409045717,0.408505296981202,-0.483351203636061,-0.505400924873786,-0.963508748350037,-0.258239915573475,"Masculine",-0.427718243085383,1.24707584621909
1.4965093063796,2.06472106972399,0.640968961298737,-0.0482785228017056,1.14330675592126,-0.251913534004896,-0.392718069081061,3.66345339114763,1.08436376589626,-0.420376905987442,0.460646891013567,-0.275689764715611,0.369300456716025,1.56681229808817,3.06965861089138,0.452440927748142,0.515125930529989,-0.689663660498753,0.128819936045114,-0.378819374483082,0.873414429645374,-0.243567347177352,0.0108820886102417,-1.32116698671188,3.84760679319086,-4.65048920549361,0.212888015060347,0.938716551485794,-0.911018886625259,-1.20431086547626,-1.22015540547294,1.66845935902715,"Masculine",-0.427718243085383,-0.801193979414496
0.488702371289925,0.690966060957138,1.39884187833794,-0.852715922021083,1.45051764338993,-0.45558144608483,-0.802510836817823,0.485534540694828,-0.391339604762787,1.00499828722573,-0.798084004919325,3.22027160810915,0.72122913493495,2.49653797358395,-0.343032310267798,0.933981502551967,0.445906372130342,-1.13082259725249,-1.09563499120646,0.138943266019235,0.623971195863105,-0.694183612895534,0.598203421035437,-0.0380498078256408,1.62594447463483,-0.0863537532420052,0.373645102704549,1.1731412392242,-0.513880633875123,-1.18706007579905,-1.11223642970665,0.770688887040687,"Masculine",-0.427718243085383,-0.801193979414496
1.46222510588301,1.03440481314885,0.145305486449054,-0.678963349561359,0.529873554958623,-0.405076130255143,0.426867466392462,0.606041559688702,-0.201036008342807,0.830009292603264,-1.06914707805157,1.3928097411911,2.11855173769396,1.88515987381821,-0.343032310267798,-0.719834078126746,0.531317376731681,0.211069195849615,-0.320976950236955,-0.0231872711312998,-0.41012716473141,-1.21449281267022,-0.527367690242906,0.457910958976823,0.14483626226414,-0.0863537532420052,-0.634835915228442,-1.05386191917396,0.875672702093712,0.66266379094953,-0.614740421983764,0.302313833250896,"Masculine",2.33599963531248,-0.801193979414496
-0.0997416993831972,1.37784356534056,-0.000221117289506996,0.109024228600478,0.924828492746044,-0.311127844346709,-0.802510836817823,0.86209651243093,-1.4576422168271,0.796071607699588,-0.215059064240994,2.90342257543572,2.181521893679,1.94754286620342,-0.343032310267798,2.0191058519564,1.16401377370266,-1.17124367630339,-1.03611217054487,1.64100462718579,-0.558906566534653,-0.618453454132351,-0.11044474340479,0.327080870652831,0.885390368449483,-0.0863537532420052,0.151108270630467,1.24870787967868,-0.827502024178994,-0.6548016486542,-0.901207612859559,0.131377221348134,"Masculine",-0.427718243085383,-0.801193979414496
0.413231697208336,0.00408855657371117,-0.495745706685594,1.4059328839782,0.189048862390221,1.86683850549579,-0.802510836817823,-0.305218026483198,-0.00815500131155291,-0.706569355412104,-0.621029956082567,0.401858854599234,-0.48744394845628,-0.00431506739437815,-0.343032310267798,-0.719834078126746,-0.648546268226338,-0.51969718821489,0.0158913720530358,1.95149731064682,-0.732651225957435,1.05825837039904,0.87878154535721,0.440079437525633,0.14483626226414,-0.0863537532420052,-0.373451437679403,0.155884101981106,-0.609750430009817,1.05084985305666,0.109455130294541,-0.0339148973458768,"Masculine",2.33599963531248,-0.801193979414496
-1.00998430833041,1.72128231753228,1.92551448834659,1.05933336914147,4.62336306477929,-0.662412739482594,0.426867466392462,-1.2502788661381,0.815641049932782,-1.94723208435739,-0.0331654129820901,2.36461142049527,0.934242807057363,1.1813707593199,1.54464755239319,-0.719834078126746,-0.648546268226338,-2.40116506382081,-0.0850410952372676,-1.37563604773491,3.21604934133096,2.47098589588846,4.31081804246985,-2.43481588421101,1.25566742154215,-2.74876610038877,2.27141747743485,2.98344468964559,-1.22843616485168,-3.13492661446014,-1.20312133530992,0.596164150716568,"Masculine",-0.427718243085383,-0.801193979414496
1.3110196248876,0.347527308765425,1.97522777164427,-1.49680573855929,-0.635806222221198,0.509852584734917,-2.44168190776487,-0.323715676369046,0.546263705770923,1.00540874899964,2.4598714202701,0.0210142190426332,-0.48744394845628,2.07639662540368,-0.343032310267798,0.237638100160932,1.25234515976157,-0.431372463266255,-1.01579856526646,-1.01573552418182,1.01216709975872,0.0816211500267513,0.377900413878597,0.312297186292932,0.515113315356812,-0.0863537532420052,-0.283794537206816,0.0394041881321448,0.608810684862895,-0.490962701523004,0.310863335547902,-0.911372953901972,"Masculine",-0.427718243085383,-0.801193979414496
2.02605676841676,0.690966060957138,0.732395689202494,-1.1551811404493,-0.950032000619842,1.16156652372296,0.0170746986557003,0.666814567477084,0.827014654046132,1.12717077964097,1.29432254497582,-0.744025591386318,-0.48744394845628,0.83799940882579,-0.343032310267798,0.0749607883159379,-0.648546268226338,0.558229094350607,-0.0127834891028116,-1.18540483373588,0.408879118080724,-0.711067331691542,-0.167153466287762,0.209802055034833,0.14483626226414,-0.0863537532420052,-0.74395318584382,-0.98486204726151,1.82328284697384,0.332725675158673,0.638090719197137,-0.812162872130551,"Masculine",2.33599963531248,-0.801193979414496
1.99809587667232,0.00408855657371117,2.0352265618311,-2.56790338814779,0.360493855591959,0.0645162223496955,0.836660234129224,-0.0192023090027577,-0.466144737437426,1.53209041882051,-0.871533627649656,-0.115074593389442,0.663119852079599,-0.696536272585953,-0.343032310267798,1.64162374620776,-0.648546268226338,-1.10468492834697,-1.44973854066148,-1.24703471529449,1.89843714986346,-0.734792667307357,-0.43230449565515,-0.498005668710927,-0.595717843921203,-0.0863537532420052,-0.46111359393292,-0.0273088060037504,1.03670746666295,-1.37800237182035,-0.641386191175963,2.46425007837049,"Masculine",-0.427718243085383,1.24707584621909
-0.993942836156839,0.00408855657371117,0.400973800551354,0.227164530856421,0.709580462854206,-0.63467972144555,0.836660234129224,-0.533201170540944,-0.136057117538419,0.187491806258205,-0.894821742348912,-0.744025591386318,-0.48744394845628,-0.100094102074974,-0.343032310267798,2.98720914799837,0.578066690965865,-0.084526779329007,0.0708136873281936,0.542163933274734,-0.462543293502922,-0.146696037144907,0.241492671396891,0.434672505274276,1.9962215277275,0.674335488799928,0.582136483431153,1.13936714317651,-0.947402280886572,-0.440313141589117,0.85303935857735,0.325173323022182,"Masculine",-0.427718243085383,-0.801193979414496
-1.25036484164655,1.37784356534056,0.438635378807162,1.6585395188672,0.308694390411003,-0.571866752192199,-1.21230360455458,-1.2423476032722,0.285158986381788,-0.649344045276621,0.109092526227779,0.0107156062099357,0.202894331865248,0.215332045791411,-0.343032310267798,-0.719834078126746,-0.648546268226338,0.61517368563602,1.50236684005827,-0.56341710600594,-0.119484788515016,0.889091755584302,2.24064354081861,-0.113767190106079,-0.225440790828531,-0.0863537532420052,1.52373655325718,2.42756048454139,-0.229167463506994,-1.03031364111748,-0.257214211172215,-0.877779666719875,"Masculine",-0.427718243085383,-0.801193979414496
0.671105331594898,3.09503732629913,0.557963116228205,-0.663569197782636,1.19084728837827,-0.549499737474631,1.65624576960275,5.02295770385582,0.285158986381788,2.17421409760094,0.109092526227779,0.520360435514621,2.28814295180554,2.35869262919387,-0.343032310267798,0.229618036811872,0.398658738815975,-1.24992414010029,-1.77806267673996,2.64424961445549,-0.788300769472968,-0.389406379784112,0.0255386238663537,1.51075056642617,3.84760679319086,1.43502473084186,-0.136261641010206,0.50936819778128,-1.09521957944093,0.218196407602871,0.749500718199845,0.010802685696198,"Masculine",-0.427718243085383,-0.801193979414496
-0.106220931362439,-0.682788947809716,0.792291211247875,-1.52429737707008,1.08400977892124,-0.662412739482594,0.0170746986557003,-0.928343017739282,-1.29333772628889,0.280151700255434,-0.172501592732131,-0.744025591386318,0.72122913493495,-0.696536272585953,-0.343032310267798,0.107073712212612,-0.101319948047998,-1.73489316751332,-1.93835282057309,0.217860161752391,1.60740081906535,1.12765004385455,-0.448235862959561,-0.321309079666168,-0.595717843921203,0.674335488799928,0.565819766678648,0.338806578385328,-1.0432853548795,-1.34084903058098,-0.619841498828657,-0.695236704328527,"Masculine",-0.427718243085383,1.24707584621909
-0.0257436939034445,-0.682788947809716,1.17256538506729,-0.914988862697102,-0.693110602573371,0.207017375978723,-0.802510836817823,-0.697632499962305,-0.357271330388599,0.349394761391147,-0.607965006148724,0.197138491947138,-0.48744394845628,-0.696536272585953,-0.343032310267798,1.63596077780408,-0.648546268226338,-0.544135352754558,-1.11442941761679,-0.231795819691247,0.664456108408995,0.360311342123319,1.26195207958862,0.688948359290279,-0.595717843921203,-0.0863537532420052,0.646699031732486,-0.123924482694696,-0.107634655593273,-0.276220097207581,0.591468056571014,0.270128929012175,"Masculine",-0.427718243085383,1.24707584621909
-2.40698930610589,0.690966060957138,1.37793631569167,0.291495990991743,-1.13562425147829,3.67344653762319,0.836660234129224,-1.68137864494571,-0.00645216248604749,1.11965364323465,-2.08721857029482,-0.744025591386318,-0.48744394845628,0.679868736285538,1.04053565873626,2.84463056237818,-0.648546268226338,0.0133168718191955,-0.76710957906149,1.07964640775579,-0.800106582163777,3.53240316459973,0.26154056479128,2.33131738874182,-0.225440790828531,-0.466698374262972,2.45981404202852,3.63728519597539,1.08246724699063,-1.3617745959087,1.33131770673794,0.141780221825377,"Masculine",-0.427718243085383,-0.801193979414496
-0.284961292477297,-0.682788947809716,0.244140228243222,0.945981587603984,1.59582940240663,-0.662412739482594,-0.802510836817823,-0.688022362214364,0.75268680853406,-1.17883402257726,0.331345886095583,-0.744025591386318,-0.48744394845628,0.130988204824569,-0.343032310267798,1.85180585622707,-0.648546268226338,0.292380316974594,0.388607300934586,0.504192144700474,-0.613754219958936,0.770393753240061,-0.0355041383821247,0.228154586390991,0.14483626226414,-0.0863537532420052,1.55285298845135,0.64934903663187,-0.930050197398236,-0.322097852372473,-0.560045106490672,-1.83478986885131,"Masculine",2.33599963531248,-0.801193979414496
-0.063370764652521,0.690966060957138,-0.0737656615705532,0.841738145844329,0.761622245967223,-0.662412739482594,0.836660234129224,-0.0661253493362667,0.984254607710733,-1.82609388126672,0.0415956482611616,0.0753176711398855,0.261983829763333,-0.696536272585953,1.64711034243324,-0.719834078126746,-0.648546268226338,0.855421970932915,0.986177132988838,-1.72310006503764,0.436341674850834,1.3399495058482,0.751855953340898,-0.558590463436562,-0.595717843921203,-1.98807685834684,0.619981728341482,-0.325462524332267,-0.976870490663568,0.112119476445282,-0.064136937560272,-0.274339797264449,"Masculine",-0.427718243085383,1.24707584621909
-0.259413507243745,-0.682788947809716,1.53237955836041,-1.53792990660632,-0.863505688591413,-0.662412739482594,-0.802510836817823,0.0599103329798279,3.50503208846414,1.1642220935961,0.311234922731721,-0.744025591386318,-0.48744394845628,-0.696536272585953,-0.343032310267798,-0.719834078126746,-0.648546268226338,0.646538888322642,-1.04863726610716,-1.96070145026605,0.910279499626572,1.5512582192877,0.646836015964695,1.22095594610021,-0.595717843921203,1.81536935186283,1.41397525479508,-1.03813733740469,0.629006701910687,-0.151942110920758,-0.631377780308653,0.822598808614013,"Masculine",-0.427718243085383,1.24707584621909
-0.297665316661596,-0.682788947809716,-0.881671950332268,0.647368798652054,-0.518735723070728,-0.662412739482594,0.0170746986557003,-0.322900950934326,1.92666292077671,-1.19514613670449,0.170074242920826,1.17982452013354,1.27224186412801,-0.696536272585953,-0.343032310267798,-0.719834078126746,0.148150874386246,0.548138252443062,0.838898143560184,-0.241714701634869,-0.500063152878699,-1.00837685049014,-0.573911169125627,-0.61498229532438,-1.33627195010655,0.293990867778962,0.133426772736945,-0.893733261490274,-0.181530932011393,0.248491969021875,1.05668114668828,1.09130899087595,"Masculine",-0.427718243085383,-0.801193979414496
-1.04608117870289,-1.02622770000143,1.1382184099998,-0.573381237866933,-0.61152385682564,0.849639635232736,-1.21230360455458,-1.1467949425797,-2.79914051140236,-1.5995709891205,0.107246806312596,0.546979088712536,-0.48744394845628,-0.696536272585953,-0.343032310267798,-0.719834078126746,-0.648546268226338,-1.30965927923759,-1.14996811441562,-0.964335703934567,2.05993659962517,2.32295597773903,2.24588632872932,-0.205303226560423,-0.595717843921203,-0.0863537532420052,1.76058988151758,0.637709964654752,-0.012810342005447,-1.49261444648419,-0.886137329658583,-1.06886895871409,"Masculine",-0.427718243085383,1.24707584621909
0.82777805656505,-0.682788947809716,0.301977651993222,-1.05180018148222,1.2782965673205,-0.662412739482594,-0.802510836817823,0.266342434687824,1.59323243410274,0.155835570404678,0.426716145134356,-0.744025591386318,-0.48744394845628,1.15569624911807,-0.343032310267798,1.19885040414504,-0.0136782327069357,-0.451243205709052,-0.522191843254627,-0.178882200781132,0.578726603823412,-1.06489053239759,-0.831794011975955,-0.529604227806723,0.14483626226414,0.674335488799928,0.170585545653801,-0.395087936848293,-0.948006027511027,-0.680337484554723,-1.18737932310043,1.64666881359058,"Masculine",2.33599963531248,-0.801193979414496
-1.67061596093813,-2.05654395657657,0.400973800551354,-0.568677887269197,-0.397903964355573,-0.346256333860297,-1.62209637229135,-1.56291862151974,-3.49559523670846,-0.0369096238154409,0.0111013465653042,-0.744025591386318,-0.48744394845628,-0.696536272585953,-0.343032310267798,1.26074345196026,-0.648546268226338,0.403711512684304,-0.629421740443936,0.34387262429407,-0.574473506247183,0.391704043217234,-0.172560997821094,1.39709243035031,-2.07682605629189,1.0546801098209,1.3608649490876,0.135728053899619,-0.547610277315318,-0.130691186803093,-0.339505111423793,1.2712488450692,"Masculine",-0.427718243085383,-0.801193979414496
-0.209380175077131,-1.36966645219314,-2.02945338289034,0.593049710376029,-0.893050422585671,0.50080422459944,0.0170746986557003,0.273244149039567,-2.05890863193416,-0.72731310919981,0.0197978696415301,5.14295574986446,1.30743558037969,-0.696536272585953,-0.343032310267798,0.508123990527199,0.164084817238497,-0.36969367872384,0.299063016395329,-0.914991876497192,0.467168805941405,-1.45686943010773,-0.0305321820982223,-1.78823803371035,-2.07682605629189,-0.0863537532420052,-1.91179208860734,-0.968823380965771,0.049076167098684,0.265284365922693,-0.154169648843426,1.80008902671515,"Masculine",-0.427718243085383,-0.801193979414496
-0.122380806036711,-1.71310520438486,-0.510436393239278,-0.286138886091546,-0.553679816590247,-0.662412739482594,0.836660234129224,0.00864213634105681,-2.52210762237983,1.11023391483958,-0.118270937530959,0.43102058451204,-0.48744394845628,-0.696536272585953,-0.343032310267798,-0.719834078126746,0.324664612569872,-1.78191662507852,-1.20715633269749,3.49267505654783,-0.643429456261167,-2.00031040981435,-0.912971872318616,-0.105048258350804,-0.595717843921203,1.0546801098209,-0.350749813293604,1.27578665748744,-0.499088873225066,-0.693692216371434,-0.558216063572254,2.75940007164045,"Masculine",-0.427718243085383,1.24707584621909
-0.40460718369602,-1.36966645219314,1.10439984993337,-2.09110129940849,1.36097799993743,-0.662412739482594,0.836660234129224,-0.50379365910386,2.02022013983549,1.04286352167741,0.467894236372713,2.30622380822548,5.09249241061929,-0.696536272585953,-0.343032310267798,0.552661329804804,-0.648546268226338,-1.07448440935252,-2.02873758258289,-0.794157024463059,1.22637137956327,0.899384498543423,-1.30671368661694,0.26428910408707,-0.595717843921203,2.1957139728838,0.256647574119281,-0.55329878200291,-1.1820239262079,-0.857370023773051,-0.68052288486409,1.47518067982156,"Masculine",-0.427718243085383,1.24707584621909
-2.25242957531171,0.00408855657371117,-0.737116458590296,0.00983423625454744,-1.14893569567778,-0.662412739482594,-0.802510836817823,-0.765669693163581,-2.79914051140236,0.509428280932992,-0.0523761435935416,0.546979088712536,-0.48744394845628,-0.696536272585953,-0.343032310267798,-0.719834078126746,-0.648546268226338,-0.880451242473322,-0.985305485914376,2.27385297164275,-0.608910239657272,0.381264843571172,-1.16192581322808,0.486538909431672,-0.595717843921203,1.81536935186283,0.634092344669425,0.9341183310054,0.265457104068585,-0.516003995147029,-0.907612928033526,2.11835031250207,"Masculine",-0.427718243085383,1.24707584621909
0.473335858385254,-1.02622770000143,-0.571197072825326,0.984659053601586,1.30285679034258,-0.662412739482594,-1.21230360455458,-0.205558204469456,-1.11742448007503,-1.88916368705902,0.153232354341385,-0.744025591386318,-0.48744394845628,0.54475044352983,-0.343032310267798,0.56598588905016,1.05329893693562,-2.04167246235782,0.213886745736036,1.73132921447798,0.773859829533244,-0.860671981337238,-0.21630254870587,-2.37790486618379,0.885390368449483,-0.0863537532420052,0.307742272912398,1.47494720887557,-1.2040830312251,-1.63735574575606,-1.19631825465657,2.40071746831302,"Masculine",-0.427718243085383,-0.801193979414496
0.251712961922177,-1.02622770000143,-0.193636058499211,-0.0678784855509915,0.713792216464282,-0.510414467548797,0.426867466392462,-0.630968977437407,0.625125283454443,0.759627529297562,1.74579674560729,-0.744025591386318,-0.48744394845628,-0.696536272585953,-0.343032310267798,0.526823859592997,-0.648546268226338,-0.440894280964743,-0.596634814578956,2.39909111234673,-1.10854004388437,-0.806419327328454,-1.18614376753641,0.690228472312603,-0.595717843921203,1.0546801098209,-0.132154710851612,0.0305994274847789,-1.00964225006745,0.394253383744728,-0.783207632538674,-1.75604205647375,"Masculine",-0.427718243085383,1.24707584621909
1.40440127640705,0.00408855657371117,2.67242625691647,-1.95466482113248,0.637428247838234,-0.330448513579182,0.0170746986557003,-0.190905104434311,-0.847582840650986,2.27634431542899,-0.69469767349975,-0.744025591386318,-0.48744394845628,0.305940525630176,-0.343032310267798,2.39549294594247,0.0386681803697172,0.742690143915882,-1.12699193369452,-0.608014328478395,-0.396305273686528,-0.266649710360103,-0.310333011580374,2.14403469908547,-0.225440790828531,-0.0863537532420052,-0.0978532007667806,-0.580196293278627,-0.157165316859037,0.507300792292433,-0.755734984059122,-0.747676318979131,"Masculine",-0.427718243085383,-0.801193979414496
0.710850114302508,0.00408855657371117,1.4884518726879,-1.10219228343232,-0.43668009359855,-0.339804162316984,-1.62209637229135,-0.309440065644379,0.285158986381788,0.842040956509969,0.109092526227779,-0.0118139817780128,-0.48744394845628,0.188112095989101,-0.343032310267798,-0.719834078126746,-0.648546268226338,0.97891640933011,-0.466741088694036,-1.42923557064858,0.151113606514493,1.31829986851785,-0.587175407196456,1.19077224785945,0.515113315356812,-0.0863537532420052,-0.0440479635824168,-0.375387287498951,-0.12049518970023,0.2610236085001,0.302329190872817,-1.60049815551679,"Masculine",-0.427718243085383,-0.801193979414496
0.0934048714961751,0.00408855657371117,1.15911915098507,-0.475428849331109,-0.624358480703017,2.03581865332839,0.0170746986557003,-0.492395841365047,0.285158986381788,1.06604363517009,0.109092526227779,-0.744025591386318,-0.48744394845628,-0.364017671214124,-0.343032310267798,-0.719834078126746,-0.192652251135266,1.14143163758558,-0.15552592882466,-0.494384191743983,-0.642748073355886,0.960867363050449,-0.172560997821094,1.64045008491808,0.14483626226414,-0.0863537532420052,0.500324053711317,0.356891098638121,-0.0847535363360647,0.281699934842569,0.68490422366783,-0.65366871710548,"Masculine",2.33599963531248,-0.801193979414496
-2.49314565971153,-1.71310520438486,-0.0731436234912452,-0.330374790316332,1.13887879967044,-0.662412739482594,-1.21230360455458,-1.16023289478054,1.83546825775477,-1.26423417264022,0.163258370387893,-0.744025591386318,-0.48744394845628,-0.696536272585953,-0.343032310267798,-0.719834078126746,-0.648546268226338,-0.224716741861239,-0.558402374985218,-0.867247154578628,1.02007479409734,1.14835269904489,0.7944107867845,-0.179679443745893,-1.33627195010655,-0.0863537532420052,2.11522799496976,-0.372274098465991,-1.11988833610761,-0.908317595256828,-1.09407620507394,-0.612437312774932,"Masculine",-0.427718243085383,-0.801193979414496
0.473265037219964,1.72128231753228,2.43093286853958,-1.82748826652187,-1.53223921626181,0.350515550375248,0.426867466392462,-0.0339249584027616,0.581829464890373,2.68108519301203,3.49658673278673,-0.744025591386318,-0.48744394845628,-0.171429378282267,-0.343032310267798,0.368057898532342,-0.648546268226338,2.15644515719017,-0.738949770404756,-1.05398655320305,-1.29152027952514,0.0899036600941576,-0.925681029079093,3.08627172875437,1.25566742154215,-0.0863537532420052,0.686487578941446,-1.44880142040384,3.36833974147009,1.21084694091271,2.57591086203364,-1.09196124000223,"Masculine",-0.427718243085383,-0.801193979414496
0.391048643038191,0.347527308765425,0.947819916825734,-0.330374790316332,-0.450091479801552,-0.662412739482594,0.0170746986557003,-0.364995437542375,1.17813712669262,0.13684401594887,0.569396774988956,-0.744025591386318,-0.48744394845628,0.0937496033410943,-0.343032310267798,0.0988046343092168,-0.648546268226338,0.0652371318639623,-0.034653244033851,-0.719672559557615,0.57534606449366,0.264763375521101,1.43709891370476,0.279908724815358,0.885390368449483,-0.0863537532420052,0.513932607405638,0.457888889068688,-0.028487381220886,-0.438876810785022,-0.492192075297957,-0.840551299143462,"Masculine",-0.427718243085383,-0.801193979414496
-0.978740915890645,-0.682788947809716,-0.799386149101091,-0.0955153797356166,0.770937261864483,-0.662412739482594,-1.62209637229135,-0.100934640866972,-1.06979339414767,0.125458734186311,-0.192308361861746,-0.744025591386318,-0.48744394845628,-0.696536272585953,-0.343032310267798,-0.719834078126746,-0.178817317090596,-0.0152124978401409,-0.417076646519914,1.2791327509039,-0.721217782951933,-0.477344241768946,-0.645829407914298,0.574518834239923,-0.595717843921203,-0.0863537532420052,-0.00403920799597576,-0.557346888117377,-0.912893355355619,0.563956072649994,0.160740571072156,-0.691816729460001,"Masculine",-0.427718243085383,1.24707584621909
1.04659585381407,-1.02622770000143,-0.948163415986072,0.934869829416851,-0.704548874522222,-0.50844046401719,-0.802510836817823,0.368709085674242,0.285158986381788,-0.458902366153887,0.109092526227779,-0.744025591386318,-0.48744394845628,-0.696536272585953,-0.343032310267798,-0.719834078126746,-0.648546268226338,0.91167015965153,1.38456273091292,-0.515936167081402,-0.353723263790706,-0.460849819590023,0.159778122492416,-0.545490796191906,-0.595717843921203,-0.0863537532420052,-1.36442078086223,-0.862618571099873,0.131250733274157,1.18583552346727,-0.124946676146363,-1.35739794017092,"Masculine",-0.427718243085383,1.24707584621909
-0.563483760058407,-1.36966645219314,-0.385558528496327,0.956194176940434,-0.566871898981487,-0.0696194789407868,-0.392718069081061,-0.577237452894235,0.912250377049512,-1.13195996958328,0.292242724541637,2.56326729695682,4.89047224281256,-0.696536272585953,-0.343032310267798,0.199984699891192,-0.648546268226338,1.34315181690562,1.18491095489415,-0.396627576933931,-1.44294986613565,-1.24408335300754,-0.291465932773043,0.327959363653711,-0.595717843921203,-0.0863537532420052,0.881612402703481,-0.703898689782552,0.478138186862405,0.691886718650266,0.911972005753187,-0.564137667702014,"Masculine",-0.427718243085383,1.24707584621909
-1.72112356019933,-0.339350195618002,-0.492893703693414,1.29387386785512,1.12451557162217,1.42647779766472,1.24645300186599,-1.40878730262489,0.0190396730441214,-0.469293159743303,-0.90377989713879,1.33526141656097,-0.48744394845628,-0.696536272585953,-0.343032310267798,0.58131354428803,-0.648546268226338,0.82060537740468,0.589130957993549,1.25266448990913,-1.74545015457925,0.860901130355678,-1.15741215476191,0.948011359346395,-1.33627195010655,-0.0863537532420052,0.933496988017157,1.28686391665582,-0.331918963654619,0.172648163151945,0.4458911712282,-1.07273874955427,"Masculine",-0.427718243085383,-0.801193979414496
1.24146912108275,1.03440481314885,0.015527027229815,0.55092859280058,0.841050172609319,-0.412815577149202,0.0170746986557003,0.398711374920136,0.128496154748308,-0.697461078685488,-1.27146067516352,0.174022181128423,0.352265772636574,0.967223466207832,0.771913105689862,-0.719834078126746,-0.648546268226338,0.471554073334134,0.613751595308827,-0.412644299947305,-0.101236263118217,0.0432667572530637,0.337511529233174,-0.26987515925303,0.14483626226414,-1.98807685834684,0.317004149112177,-0.136245214149729,-0.941662182382412,0.0699622756552601,1.1800034860853,-0.0414779322770901,"Masculine",2.33599963531248,-0.801193979414496
0.737783894688158,1.03440481314885,-0.83724170133002,-0.029768645635202,-0.925651440420181,0.153892734050386,1.24645300186599,1.68523954237503,0.0807641933299684,0.363393538982424,-2.16066868771075,0.852985284504025,-0.48744394845628,0.268207421322957,0.626732013886623,0.779199169467083,-0.648546268226338,1.23076763826366,1.02599073017357,-0.608720060494463,-0.838056397577353,-2.17769839581281,-1.00037541056764,-0.25020610374892,0.515113315356812,-1.98807685834684,-1.34233975287284,-1.1668229635502,0.239350122096427,0.971265430744853,0.256858499215886,-0.0656376271962543,"Masculine",-0.427718243085383,-0.801193979414496
0.83682326180037,0.690966060957138,-0.30405094439744,0.419214123463326,-0.156480122544908,-0.0743618250251213,0.836660234129224,0.19859248757976,-0.161926197351942,0.295923617862277,-0.8933499730839,-0.220039713215355,0.471103196449447,-0.063463474780574,0.929702443595751,-0.0640487277107537,-0.214564380127628,1.22819798754448,1.05593951493215,-0.178515488111649,-1.0755486669903,-0.682906332097591,-0.598658599377176,0.420402865456985,0.14483626226414,-0.847042995283939,-0.812757629226306,-0.485198899857885,-0.628681085690701,1.03251082031917,-0.0954224356895463,-0.511396675955712,"Masculine",2.33599963531248,-0.801193979414496
0.267823938815704,2.06472106972399,-0.0234787936860643,0.423441128616205,-0.043274180662693,-0.365086966170089,1.24645300186599,3.61478988203111,0.572907044484099,-0.92065692904671,0.67965593828839,1.36373715163221,-0.48744394845628,1.34072055042685,1.70482661700137,-0.719834078126746,-0.648546268226338,-0.173133916581186,-0.121666801734385,0.511573420308157,-0.160108240561614,-0.00839426158496163,-0.285631262439034,-0.388853181007316,0.885390368449483,-4.65048920549361,1.44639669096809,0.543948134482616,0.293075485741981,-0.854828029284409,1.97361181856144,0.0775015196895552,"Masculine",-0.427718243085383,-0.801193979414496
2.70967588722041,0.690966060957138,-0.573538242899685,0.375313582643255,0.69084542093352,-0.14481154443724,-1.21230360455458,2.01516939017664,0.85204353736509,-0.370197743662879,0.625384170394369,-0.0321777871238305,-0.48744394845628,1.31023560098938,-0.343032310267798,-0.719834078126746,-0.648546268226338,0.157666503037841,0.660723473964458,-0.311178858736931,0.19581001166493,-0.620885699476765,0.160816263638096,-0.794749380151757,1.9962215277275,-0.0863537532420052,-1.24113330111162,-0.891463306246153,-0.882233450785993,0.686068937840091,0.533237302433884,-0.252241920433699,"Masculine",-0.427718243085383,-0.801193979414496
-0.654674612297058,0.690966060957138,-0.741944330164704,-0.220115148442605,-1.18996882625136,-0.404676539247025,0.836660234129224,2.29585425504285,1.1181609829404,0.82177661904773,0.79448387519338,-0.255884518314114,-0.48744394845628,0.482994885514118,-0.343032310267798,1.72386357093583,-0.648546268226338,0.289194041793498,0.218124371141985,0.334468709179022,-0.524994259437048,-0.731262995325998,-1.32807784801008,0.0528468241828985,1.62594447463483,1.0546801098209,-1.00241153970695,-0.19326572906959,0.627335425958291,0.431453905403939,1.31850115647023,-0.578365470126598,"Masculine",-0.427718243085383,-0.801193979414496
1.83002809607976,1.72128231753228,1.15596178007951,-0.882130508572344,-0.969868323333316,0.316166611253086,0.836660234129224,0.285613692767579,-0.363269123802431,0.818725775432222,-0.77029589623774,-0.20119651427698,-0.48744394845628,1.92681933215113,-0.343032310267798,-0.719834078126746,-0.648546268226338,0.786662822870065,0.352720713870973,-2.53768206893053,1.12543415725623,-0.116914555305921,1.73872092558324,0.0498075804319606,1.25566742154215,-0.0863537532420052,-0.794154878167044,-0.776891789277361,2.48112107927625,0.301214985570782,0.637011663158704,0.0476578365550614,"Masculine",-0.427718243085383,-0.801193979414496
0.308332597597332,0.00408855657371117,1.31898310274434,-1.24664096154595,0.266044917346436,-0.45916933586826,0.426867466392462,-0.681152213499492,-1.44541880491828,0.756827378002227,-0.212054900997281,0.2700969480195,-0.48744394845628,-0.696536272585953,-0.343032310267798,-0.719834078126746,0.191382502279952,0.76567803031058,-0.480254994878266,-0.993422423919439,-0.0456249429322444,-0.636408761201556,-0.237325619673745,0.889130250582626,-0.595717843921203,1.0546801098209,0.17029749315056,-0.559029240572355,-0.150008552172779,0.0727575828505048,-1.10283641621407,-0.369802625173298,"Masculine",-0.427718243085383,1.24707584621909
0.534451317901383,1.72128231753228,0.561181429382721,0.635432197890424,-0.587086482626954,0.267903956487324,1.24645300186599,-0.0539666127096119,0.0988631295714603,-0.888926722150632,-0.811945757760512,-0.744025591386318,-0.48744394845628,-0.0370487544270814,2.30864593908908,-0.719834078126746,-0.648546268226338,1.12246984981225,0.965683293226237,-1.72718338384903,0.275112796842733,1.61046245307799,1.32639320558643,0.165924445297364,1.25566742154215,-1.98807685834684,0.378188870837448,-0.0138525152022675,0.761328827604018,0.353823971835078,0.336708507221084,0.739952749267001,"Masculine",-0.427718243085383,-0.801193979414496
0.454711938316586,0.690966060957138,-0.797853700981004,2.28632703453976,0.488011971690835,1.42421953762457,0.0170746986557003,-0.135519541041744,-0.727397220234176,-1.78386897897467,0.145959404834758,-0.744025591386318,-0.48744394845628,-0.696536272585953,1.71588417060434,-0.719834078126746,0.755567918321974,1.25284248237285,2.16675688213428,-0.406486682892493,-0.909112277216302,0.114963791692858,1.51280190251127,-0.403442032678249,-0.595717843921203,-0.847042995283939,-0.123394119993027,0.148284055205364,1.04977711297595,0.999616245082307,-0.90089389371929,1.6242077898329,"Masculine",-0.427718243085383,1.24707584621909
-0.140457889294318,0.00408855657371117,0.840000198504804,0.312763214871771,-0.0426102493400438,0.507776554054476,-0.802510836817823,-0.823007648041398,0.915496497189439,-0.773170539499291,0.424174124302001,0.179422462143216,-0.48744394845628,0.419161434605175,1.89997552654114,-0.719834078126746,0.116282988681743,-0.158624314762119,0.19600358302748,-0.756438548628587,0.724885216021754,0.756658462843623,0.837858535487624,-0.65622151284233,0.14483626226414,-1.22738761630491,0.614654740112062,0.780334696228178,0.203865625974102,-0.765768803787646,-1.05948768223301,1.43084767226669,"Masculine",2.33599963531248,-0.801193979414496
-1.1292802904792,2.40815982191571,0.726280894208929,0.682163403449836,-0.301582562390468,1.20578420283098,0.836660234129224,-0.595044848543446,-0.3705242634968,-1.37371869812212,0.0200011354202379,-0.195122902225406,-0.48744394845628,0.629817645053847,2.32348050272184,-0.0328645292294332,-0.648546268226338,-0.636583039766346,-0.234766316284221,-0.448684080670796,1.04928349444459,2.39401553672837,1.0543436217512,-0.657951829661267,0.885390368449483,-1.98807685834684,2.20226094375033,2.01797801467504,1.76796398590965,-1.86077399693984,-0.106761819425086,1.0780502647775,"Masculine",-0.427718243085383,-0.801193979414496
-0.721615305601741,1.03440481314885,-0.779109995440779,1.26740806075441,-0.519685416037964,-0.468847593183229,0.836660234129224,-0.472558202449254,0.512379887224241,-1.0034547248478,0.746578726726128,-0.744025591386318,0.121505849282813,-0.696536272585953,2.08261229696833,-0.719834078126746,-0.648546268226338,0.695222790711548,0.663136417563308,1.58956834178612,-1.6235700422357,-0.591776585694453,-0.173978238909978,0.486304187757029,-1.33627195010655,-0.847042995283939,1.04112198902678,-0.229768464601328,0.303167227286575,0.69215877433191,1.98106559847972,1.24164583679869,"Masculine",-0.427718243085383,-0.801193979414496
-0.496099591014832,0.690966060957138,2.31745689579489,-0.383521524169125,0.725949969178849,0.435814774784337,0.0170746986557003,-0.683136230296468,0.285158986381788,0.703477399659314,0.109092526227779,2.07946665861406,2.95597001573744,1.57766768691634,1.94300685194754,1.63596077780408,0.91045821228174,-1.09171011428595,-1.41453396836246,0.723723140876503,0.0807658644220402,1.77583677326728,0.392428789650332,1.09243998392643,1.25566742154215,-0.466698374262972,2.49447916411647,2.19900727086389,-0.708861285568325,-1.8096840635942,-1.03665044272279,1.47147282828061,"Masculine",-0.427718243085383,-0.801193979414496
0.0107101207939061,1.72128231753228,0.744274609942674,1.26951184460414,0.497249987753108,-0.350632201066142,0.0170746986557003,-0.4526527462402,0.285158986381788,-0.931840653693974,0.109092526227779,1.53775012227678,-0.48744394845628,0.681869324961223,1.73533614317071,0.708024141238306,-0.17608633481655,-0.972780878288903,0.146271414599981,0.376841001121817,0.572830314294768,1.39726601842644,1.24335554743255,-0.921279390552254,1.25566742154215,-3.12911072140974,0.479089776614758,2.00946031125427,0.297731145461527,-1.08904197017134,0.181724238295401,1.22137421156998,"Masculine",-0.427718243085383,-0.801193979414496
0.90061941211087,-0.682788947809716,1.13061578796937,-0.55255211379117,-0.0205905360228771,2.56238259786484,-0.802510836817823,-0.3579097022623,-0.554106183083286,0.148623018830813,-0.383947502848443,-0.744025591386318,-0.48744394845628,-0.696536272585953,-0.343032310267798,-0.719834078126746,-0.648546268226338,0.218116946863809,-0.193356653598864,-1.72064734471566,1.17032098653101,1.62949485839336,1.53186854660491,0.341581509509518,-0.595717843921203,-0.0863537532420052,0.169188599303547,0.0519505740094213,0.0772353601903975,-0.17615786739234,-0.785245799518673,0.504568403025534,"Masculine",-0.427718243085383,1.24707584621909
-0.661618881920823,-0.682788947809716,-1.64346001859785,0.720126476526343,0.397122583617754,-0.475438521103816,-0.802510836817823,-0.732390000577192,0.694781986524375,-1.20428003465219,0.348262469965946,-0.744025591386318,-0.48744394845628,-0.696536272585953,-0.343032310267798,1.15777764764381,0.345497873015051,0.315621612271148,1.40507218226729,-0.857292041584759,0.252302966706899,-1.22295601702316,-0.180225801691725,-1.59110322373115,-2.07682605629189,0.674335488799928,-1.39383288476359,-0.738730721288556,-0.0903217410525503,0.456471196692578,0.0469026706589875,-0.230431029016339,"Masculine",-0.427718243085383,-0.801193979414496
1.18663295026385,1.37784356534056,0.121034923729521,0.493399584402031,-0.729895258051787,0.14347613759385,0.0170746986557003,4.91049081736974,-2.60577743908496,1.5550549453318,-0.147609390747408,-0.744025591386318,-0.48744394845628,3.56759615148086,-0.343032310267798,-0.719834078126746,-0.0639195880358098,0.590126653274763,0.776229252080954,1.25768961884084,-1.32009072114663,-1.23215476791363,0.20610237037784,0.815039491989069,3.10705268700551,-0.0863537532420052,-0.824681444054763,1.6858014183335,0.28503063324153,0.189295749731212,1.41724038894664,1.17947951943064,"Masculine",-0.427718243085383,-0.801193979414496
-0.86750847858874,-0.339350195618002,-1.74517184973681,1.02746277882512,-0.3044822904601,-0.570506807615647,0.426867466392462,0.0626580333271893,-0.747849145083193,-0.244813035847178,-0.202567725842898,0.264882950387594,-0.48744394845628,-0.696536272585953,-0.343032310267798,-0.404163623459922,-0.648546268226338,0.224842204386856,0.37305537490951,2.07565315063792,-1.56887180714417,-0.775929829791073,-1.37743269932615,0.182768634810974,-0.595717843921203,-0.0863537532420052,-1.28491117140089,-1.09159283080232,-0.482667478465484,1.68383180694542,1.89721869595099,-0.377488191826971,"Masculine",-0.427718243085383,1.24707584621909
-0.566065328068717,0.00408855657371117,1.32422049036525,1.17250519934918,0.41517010495446,0.841257970184432,0.426867466392462,-1.11138075851292,0.285158986381788,-1.70719833782879,0.109092526227779,3.19187406370017,-0.48744394845628,1.34145022693939,1.02269595713019,0.687567719757431,2.14560073050662,-2.40819818708771,-1.66235669479485,1.60580258585031,0.782866622088867,3.02304041245569,1.12492118862414,-0.422965881379721,0.515113315356812,-1.98807685834684,1.91875142680571,2.39280420265941,0.365256916371866,-1.62176725027573,-1.19838108501568,2.37940673957257,"Masculine",-0.427718243085383,-0.801193979414496
0.548764968533918,0.690966060957138,1.41595333454547,-1.38571707682186,1.98224857367693,-0.257578317649165,0.836660234129224,-0.185805977052631,-1.38917502670103,1.59226654251507,-0.339321944890121,-0.744025591386318,-0.48744394845628,-0.696536272585953,1.3592504230247,0.157278828054643,-0.648546268226338,0.0730037534815932,-1.30992609638826,0.608498795631567,-0.355751053759631,-0.0163195315203405,-0.363524111398058,1.5618592579451,-0.595717843921203,-0.847042995283939,0.0654793022603741,-0.357375265236718,-1.18800676697292,0.346847436583817,-0.904957404475416,0.104834986485629,"Masculine",-0.427718243085383,1.24707584621909
0.0913094140470301,0.347527308765425,0.929279979490301,0.858401578391066,0.0783669048099051,0.966271774329242,-1.62209637229135,0.364003687776788,-2.79407598020731,-1.04979149383444,0.0655643997360526,-0.744025591386318,-0.48744394845628,0.211838297445136,5.1355787853862,-0.719834078126746,-0.0258404556096067,-0.0684915943799854,-0.0030077365793574,-0.0515457926470308,0.237758412804737,2.28699873451369,2.1257642149132,0.491840381738131,0.885390368449483,-3.12911072140974,1.71886775052319,1.54453785940953,-0.752217632678385,-0.613003029069999,-1.06850366770003,2.03599322539054,"Masculine",-0.427718243085383,-0.801193979414496
-1.1655407140274,1.03440481314885,2.16481232659302,-0.181349510665687,0.0715876504705924,-0.131553103176497,0.426867466392462,-0.650898375099224,1.25019299968601,-0.114314937573404,0.474272465886953,3.21455936430585,-0.48744394845628,0.669952273685601,1.03056758979531,5.64997722901187,-0.180171002828738,-0.269108095007216,-0.930734297794369,0.307920941897461,-0.544304149023352,0.50716700644949,0.0970987302847146,1.08866088369569,1.9962215277275,-0.847042995283939,2.03869734258382,2.16288903704406,-0.340805708631087,-1.39735649955704,-0.681322735438115,1.6242077898329,"Masculine",-0.427718243085383,-0.801193979414496
-0.91891817062184,0.690966060957138,-0.993473481989123,0.746709888779671,-0.155722216442154,-0.423302852877496,-0.802510836817823,0.0660457047366471,-0.988502386486286,0.281208187136433,-0.240091351806555,-0.122051862780848,0.65035606982326,-0.696536272585953,-0.343032310267798,-0.330623913735637,-0.390976985987087,1.29024629686739,0.907923309294071,1.24553073582439,-2.10414119785558,-1.54145043957602,-0.776319177830682,1.05974821006032,-0.595717843921203,-0.0863537532420052,-0.326376236668586,-0.414751120620413,-0.571879396071508,1.28184976879815,2.0198634785672,-0.125491834461089,"Masculine",-0.427718243085383,1.24707584621909
0.763937621374906,1.03440481314885,-0.0337946985393879,0.364909539616738,-0.209623143914354,-0.446237419398972,-0.392718069081061,1.51420559615053,0.285158986381788,1.03234164718433,0.109092526227779,-0.359255569082346,0.216430376577436,2.09270799539185,0.591554288402592,0.724822473230836,0.944848016998829,-0.0115153641221167,-0.412537833049274,2.42381950601124,-1.78864520328047,-0.767251807684978,-0.523128086225866,1.40573936305568,1.9962215277275,-0.847042995283939,0.077470032344475,0.232618530642193,-0.164115412922591,0.797043601115317,1.4278484638708,1.39360794592062,"Masculine",-0.427718243085383,-0.801193979414496
-0.746619022502932,0.00408855657371117,-0.0961590324253542,0.181622952641802,1.00223047411032,-0.519570989954448,0.0170746986557003,-0.411555439525762,-2.36725133137318,-0.617218300301549,0.0204888687285503,-0.0963928805776522,-0.48744394845628,0.0859249907081539,-0.343032310267798,4.14336619377007,-0.112156112804005,-0.646369961696771,0.0140825464743733,0.372568531605536,0.152812118960373,0.230671636795777,-0.304911670597208,-0.380204571831036,0.515113315356812,-0.0863537532420052,0.463072916633082,1.31807966365436,-0.856985849758463,-0.986829901998836,-0.117428080750528,0.585123045902389,"Masculine",-0.427718243085383,-0.801193979414496
0.262741464769337,0.00408855657371117,2.52207388791865,-1.64593846253557,1.41903558478177,-0.183387882479114,-1.62209637229135,-0.742689244180509,0.285158986381788,0.158952991128456,0.109092526227779,-0.206401724605426,-0.48744394845628,-0.696536272585953,2.26868914355083,1.97158086686819,-0.648546268226338,-2.41178320377819,-1.94666455806822,0.046621308545093,2.34100638730193,1.40353419411708,-0.282430186454414,-1.08669115323529,-0.595717843921203,-1.22738761630491,1.08469135940869,2.22816417149791,-1.13529998586383,-2.92182055271921,-1.00649217323852,0.68452692705218,"Masculine",-0.427718243085383,1.24707584621909
1.42348454005986,1.03440481314885,1.12022981421978,-0.898636021511611,0.542195630193373,-0.662412739482594,-0.802510836817823,-0.014997153129577,0.285158986381788,0.688008763835344,0.109092526227779,-0.744025591386318,8.3253851620313,0.855580014013815,-0.343032310267798,0.0840664578169165,-0.382545912918699,-1.25539361501495,-0.546833969430704,0.921137571354836,0.329335752286864,-1.00482509044881,-0.317502313567933,-0.117209416118218,0.885390368449483,-0.0863537532420052,0.141211261989563,0.731580699333724,-0.947342425844818,-0.955558617270949,-0.784895223033815,-1.07045118846649,"Masculine",-0.427718243085383,-0.801193979414496
-0.662420484611147,-0.682788947809716,0.452478553517408,-0.445035038739321,-0.774958875050387,1.10591969874382,-0.802510836817823,-1.02696841674744,0.285158986381788,0.255075498153731,0.109092526227779,-0.308919801197791,2.69637783218403,-0.696536272585953,-0.343032310267798,0.369263987198261,2.59477070258676,-1.28753270084564,-0.680442304542905,-0.215220363612524,1.05039054467708,1.72954187280302,-0.465251135870045,-0.373124800124815,-0.595717843921203,0.674335488799928,-0.13022749186166,1.47468569535887,0.390670660028893,-1.16080342498263,0.229873857493693,-0.60836384873264,"Masculine",-0.427718243085383,1.24707584621909
-0.570676134141878,-1.71310520438486,-0.659289297774152,1.27953224779759,-0.822718874840637,1.58127788106274,-0.802510836817823,-1.18571361212933,-0.891877226681711,-1.09560406785138,0.00430489416666174,0.635466228473266,3.29789073450182,-0.696536272585953,-0.343032310267798,-0.719834078126746,-0.648546268226338,0.655909862763294,0.94347556674081,0.931856961812753,-1.38676886852651,-0.0663364811476623,-1.11521063799562,0.117394318065757,-1.33627195010655,1.0546801098209,-0.159141421757893,-0.237189598237903,0.617736283069507,0.924024420796506,0.262746057409804,-1.72203251468519,"Masculine",-0.427718243085383,-0.801193979414496
0.851789224120671,0.00408855657371117,-0.108284223473564,-0.717387832208964,-0.894590043498326,0.449989428447711,-0.802510836817823,0.242912869238843,0.078769585693613,1.58451382863834,-3.51990103744854,-0.744025591386318,-0.48744394845628,0.0340824108596997,-0.343032310267798,0.0369967808279196,-0.648546268226338,0.846135632692037,0.0541749285226026,-0.0108650784233947,-0.688194318334261,-1.05630463249609,-0.406851258507778,0.971361410894248,-0.225440790828531,1.43502473084186,-1.19306698833846,-1.17430882347499,0.199055488379327,1.24749727617234,0.578964520406608,-0.612437312774932,"Masculine",-0.427718243085383,-0.801193979414496
-0.442034561582555,1.72128231753228,0.460972590738192,-0.996688939835515,-1.13246736253269,0.958389086808929,0.426867466392462,1.04838176750459,0.722893368887101,1.14892447248291,1.58784725301976,-0.744025591386318,-0.48744394845628,0.543127846515299,-0.343032310267798,-0.0777644997455981,-0.223641125499627,0.894590491269117,-0.379820552615031,-0.609374592344653,-0.356887369500718,0.550898426316555,-0.963248138023763,1.26827530466249,1.25566742154215,-0.0863537532420052,0.226688006724368,-0.621347533981113,0.904445284748484,0.386562787984173,1.65073144597335,-0.429430400709626,"Masculine",-0.427718243085383,-0.801193979414496
-1.46988019952726,0.00408855657371117,-0.981125990419354,0.356824838105896,-0.536995925155051,0.0752855403027663,0.0170746986557003,-0.41444793570098,-0.441683685964245,-0.29095558901235,-0.319027704756884,-0.744025591386318,-0.48744394845628,-0.696536272585953,-0.343032310267798,-0.719834078126746,-0.648546268226338,0.866824730447278,0.580393584780391,0.544906459883788,-1.04353918849173,-0.661829695946908,-1.04040693064665,0.323929191886858,-0.595717843921203,1.0546801098209,0.0228146114960456,-0.605596756526153,-0.281187705315172,0.674680398892299,0.320509923158377,-0.63639697922843,"Masculine",-0.427718243085383,1.24707584621909
-0.44775310399142,0.347527308765425,-0.912438869288341,1.18667974653539,-0.343365360323194,-0.0438458589172303,1.24645300186599,0.0897896778634806,-1.1101193578539,0.437169299208566,-0.235748770753125,-0.159999664674931,-0.48744394845628,-0.696536272585953,-0.343032310267798,-0.719834078126746,-0.648546268226338,1.58749496892124,1.23763999885242,0.496887757380371,-1.77557757225789,0.042239407446627,0.623118642082938,1.46170687254436,-0.595717843921203,1.81536935186283,-0.800850946315693,-0.357375265236718,-0.612674828651738,1.92373346936556,0.227919294255434,-1.75465864895901,"Masculine",-0.427718243085383,1.24707584621909
-1.12903969823005,0.347527308765425,0.555637348588547,1.24268258013534,1.80342398773726,-0.346256333860297,0.426867466392462,-0.727886670881556,-1.88109526235071,-3.45128099116452,0.306008747398215,-0.744025591386318,-0.48744394845628,-0.696536272585953,4.79593443174731,-0.719834078126746,0.22760584548238,-1.29201663082614,-0.149564975219386,0.554799145152216,1.00995038759911,1.85977628670439,0.390419879469496,-1.74600396175362,-0.595717843921203,-1.98807685834684,2.6846619849698,1.29723855339456,-1.17873829159279,-1.89921485832018,-1.20105696536103,-0.173629899027282,"Masculine",-0.427718243085383,1.24707584621909
-1.16116814128256,-0.682788947809716,0.799349606101713,-0.37978881042026,0.0208988881075695,1.41692362057174,-2.44168190776487,-1.36144342598359,-1.28277921984962,-0.318287415006994,-0.08530015301203,-0.744025591386318,-0.48744394845628,-0.696536272585953,-0.343032310267798,-0.719834078126746,2.06928344904737,-0.785350799544787,-0.274337414358848,-0.461511375428754,1.0256022459929,-0.0527475002422688,0.581871035332062,-0.739803338313524,-0.595717843921203,0.674335488799928,1.86733713974734,1.82483042855075,-0.835674011901944,-2.25239577008685,-1.253214227773,2.36184083091876,"Masculine",-0.427718243085383,1.24707584621909
-0.339700324241907,-0.682788947809716,0.117661540897968,1.26298513244696,-0.550386704925743,-0.662412739482594,-2.44168190776487,-0.893152427357096,-1.2469113523868,-2.53129700100274,0.247343001960464,0.538541149626923,-0.48744394845628,-0.696536272585953,-0.343032310267798,0.0827528948496888,-0.117414839817949,0.0950853247474364,0.879794744102987,-1.08426861784483,0.640040307353334,0.679498449145972,2.5577122763594,-0.683714324520978,-0.595717843921203,-0.0863537532420052,1.43908404856092,0.100106555097206,-0.367747219309204,-0.329912813117477,-1.15870163561735,-0.153230239469649,"Masculine",-0.427718243085383,1.24707584621909
0.485512226751377,-1.02622770000143,-1.01614048195696,-0.156553707833063,-1.43502330940397,-0.662412739482594,0.0170746986557003,0.00244428946404432,0.285158986381788,0.462861719510049,0.109092526227779,-0.0514395512391687,0.357205241584179,-0.696536272585953,-0.343032310267798,-0.719834078126746,-0.648546268226338,1.1653562409978,1.0204790499702,-1.66639677813536,0.0949117691586726,-0.632221783714089,-0.259056055147133,-0.334555616202235,-0.595717843921203,0.674335488799928,-1.869824533313,-1.57837846847276,1.4439100955688,1.30305449439335,1.77108196992463,-1.4339192279711,"Masculine",-0.427718243085383,1.24707584621909
0.128239695082234,-0.682788947809716,0.638917720608577,0.241026005692214,-0.726175801199888,-0.662412739482594,-1.21230360455458,-0.73122072072562,0.285158986381788,-0.65606551630448,0.109092526227779,-0.744025591386318,-0.48744394845628,0.176707789211891,-0.343032310267798,-0.267547496670413,0.848011900217189,0.130717046717646,1.24628251250303,-2.41517372406298,1.55880285426008,-0.098496164103821,1.97225721383182,-1.47508199770173,0.885390368449483,-0.0863537532420052,0.00203663645630292,0.962776598470246,-0.428625144053029,-1.14840042142017,-0.976283016351637,-1.2982922728105,"Masculine",-0.427718243085383,-0.801193979414496
-0.956852020217074,0.00408855657371117,-0.442420707135504,0.803701784422052,-0.786100383813845,0.078578836194665,0.0170746986557003,-1.27522146275274,0.765599162302254,-1.19143068453618,0.319252018367255,0.100591530744353,2.60273601510637,-0.696536272585953,-0.343032310267798,-0.719834078126746,0.284172337759126,-0.155816296616281,0.997497155421259,-0.835799281135451,0.627106632251429,0.703022843565987,0.460329665540161,-1.07263702631639,-1.33627195010655,-0.0863537532420052,0.290378605545033,0.978133059724612,0.60336806357441,-0.877827335301411,-0.477121681082818,0.296199760159495,"Masculine",-0.427718243085383,-0.801193979414496
0.676935286294314,1.72128231753228,-0.00584264096828419,1.96384757165225,1.98993980141278,-0.662412739482594,0.836660234129224,-0.217664749603227,1.53310980358638,-1.59955564392163,0.113657077261004,-0.744025591386318,-0.48744394845628,0.776046104917863,3.60428996983074,0.297108421793705,-0.648546268226338,0.354965886121974,1.41576882575077,-0.17035214520826,-0.106305046073148,1.20068798266271,1.80280019515804,-0.639315995102045,0.885390368449483,-1.60773223732587,0.399308178949536,0.773640509471871,-0.456407267191614,0.224502830592126,0.880045245215179,0.219510506290198,"Masculine",-0.427718243085383,-0.801193979414496
0.347569811935276,1.72128231753228,0.56516446098403,-0.0245271849914783,0.485067742688622,-0.626889547839639,-0.802510836817823,1.97074417357045,0.285158986381788,-0.51011357398521,0.109092526227779,-0.744025591386318,0.655791420229054,0.813564127274649,-0.343032310267798,-0.719834078126746,-0.130946850732812,-0.749911855495655,-0.027745104884839,-0.503701646049887,1.18754666464444,0.424550951657716,1.29083069658839,-0.794911365386822,3.10705268700551,-0.0863537532420052,1.19375354132009,1.17483213170419,1.28319281264943,-1.50027038338834,0.508929137155463,0.659453340812136,"Masculine",-0.427718243085383,-0.801193979414496
-0.293207128081237,0.690966060957138,0.101814219645012,-0.479830778867677,0.313292528894091,-0.567565817795905,0.836660234129224,-0.461325310275418,0.769070550856592,-0.329123549181323,0.733723435716723,-0.176879026718614,1.58756128719225,-0.696536272585953,-0.343032310267798,0.699770625519434,0.0560471584772768,-0.274473999816257,-0.887269354494565,-0.3805169363862,0.427774775370354,1.7973151215722,-0.720683085020876,0.392160444637377,-1.33627195010655,-0.0863537532420052,0.408358734202759,-0.850328568151835,-0.364443910039917,0.250433286582663,0.539209687473584,0.385200183731377,"Masculine",-0.427718243085383,-0.801193979414496
0.841752548849389,2.40815982191571,0.670031355316528,-0.511185182060285,1.1090599050985,-0.662412739482594,1.24645300186599,0.118023974576596,-0.534445075966444,0.408602604522454,-0.469822347220224,0.28516695079039,-0.48744394845628,-0.696536272585953,0.490252943791467,-0.290478110065925,1.34041093396032,-0.180361909779146,-0.873611255392557,-0.342146271431036,0.300364012159797,0.949288706830065,-0.304015064203839,0.356878984644342,-0.595717843921203,-1.98807685834684,0.416145268775757,0.340265205414765,-1.12648398262691,-0.391497982792583,-0.427570140828708,0.675988354440702,"Masculine",-0.427718243085383,1.24707584621909
-0.635352816741205,0.690966060957138,-1.43424048037282,1.45717172019822,0.0371060036102108,-0.662412739482594,0.836660234129224,-0.00425117390917342,-0.252471201305357,-1.04983706834624,-0.140191634659382,0.831236999926964,-0.48744394845628,-0.696536272585953,-0.343032310267798,-0.438192319261162,-0.462162991743578,0.278213572369681,0.591830148537908,2.1083361192869,-1.70778956210677,-1.26056267507534,-0.00201911169946134,0.306279123540158,-0.595717843921203,-0.0863537532420052,-0.0411171881202761,-0.833454495856272,-0.788307291567592,1.37312038531531,2.09287229725399,0.303499592880746,"Masculine",-0.427718243085383,1.24707584621909
1.15906854408854,1.03440481314885,1.20095766970928,-1.06452594614627,1.5955554718795,-0.549499737474631,0.426867466392462,2.18254040767186,0.285158986381788,0.753393958767838,0.109092526227779,-0.337746685847963,0.255777388535842,2.24862848242168,-0.343032310267798,2.33099342163461,-0.648546268226338,-1.63734139840287,-1.27883451932964,1.18839092915405,0.733580501692755,-0.428778145113761,-0.342075355887603,-0.247415356577345,2.73677563391284,-0.0863537532420052,0.517477692821793,1.28667859284484,-1.21307847273137,-1.5249659314146,0.0636209327380557,-0.391502302639367,"Masculine",-0.427718243085383,-0.801193979414496
-0.939375482718982,0.690966060957138,0.302184583741888,-0.592987013078909,0.244623362360573,-0.662412739482594,0.836660234129224,-0.584095950405501,0.802727460286834,1.32070163239683,1.43722879790877,0.165863333072843,-0.48744394845628,-0.330097690239562,-0.343032310267798,1.17809183942185,0.35625260097284,1.80176729639399,0.606602924093794,-1.00175350198165,-1.20389396160179,-1.04974451625732,-0.562530107270194,1.46131988496551,0.14483626226414,1.0546801098209,0.0966700267295128,-0.438202011194563,-0.508953011701396,0.635469770863023,2.08777730844908,0.697690559828197,"Masculine",2.33599963531248,-0.801193979414496
-1.43692153327496,-0.339350195618002,-0.610072720523638,0.400372264327393,1.23590787276819,-0.662412739482594,0.426867466392462,-0.746787225891232,0.802727460286834,0.19398105547213,0.929041439679169,-0.440729283233264,0.0673874360370673,-0.696536272585953,-0.343032310267798,-0.719834078126746,0.35625260097284,0.415299295099806,-0.128398113172974,1.31671999739395,-1.27913316770458,0.0146343434822893,-0.962829524254369,0.908701622398716,-0.595717843921203,-0.0863537532420052,0.581859074027343,-0.159660609739846,-0.624805807356865,0.564874222841034,0.183852777611126,0.623986934768247,"Masculine",-0.427718243085383,1.24707584621909
-2.06099697592465,-0.339350195618002,-1.00969372550221,0.360036051322813,0.218941655099258,-0.662412739482594,0.426867466392462,0.946241878582307,0.285158986381788,0.248027174119061,0.109092526227779,-0.744025591386318,-0.48744394845628,-0.253385314122189,-0.343032310267798,0.657315157746838,-0.344758946557241,-0.348353615587527,-0.320807140243002,2.48137374123918,-1.2965249094268,-0.6960410473799,-1.26256774190645,0.543955340904669,1.62594447463483,1.43502473084186,0.284562267815629,0.176476385239957,-0.822823636426105,0.294631825926931,1.62002997544176,0.519848997558835,"Masculine",-0.427718243085383,-0.801193979414496
2.29793473566015,0.347527308765425,2.88311220066201,-1.96294849319783,1.66570484713299,-0.392015813621418,-0.802510836817823,-0.321633858428444,1.21020540244965,-0.225742829725172,0.461938956040343,-0.744025591386318,-0.48744394845628,-0.0416032262375705,-0.343032310267798,-0.0414042059422456,0.249388632839778,-1.70151910285802,-1.51932185569466,-2.0914400495775,3.20237998695999,1.16974163009789,0.732139940810124,-1.47508199770173,-0.225440790828531,-0.0863537532420052,1.44732813554323,0.77608845612786,-0.837304682578536,-2.76764517598173,-1.13604431616376,-0.0414779322770901,"Masculine",-0.427718243085383,-0.801193979414496
-0.276822897024178,-0.682788947809716,-0.478568903945898,-0.830716352444446,0.577243175041011,-0.662412739482594,0.0170746986557003,0.524552129199269,-1.58262397641976,0.679986690423968,-0.178860045779098,-0.744025591386318,-0.48744394845628,-0.696536272585953,-0.343032310267798,-0.719834078126746,-0.648546268226338,0.515329873099729,-0.0649004349691812,-0.591431031941498,0.092858251946878,-0.826812575230475,-0.192532239778841,0.251698471238339,-0.595717843921203,1.43502473084186,-0.416108546256709,-1.15550160627538,-1.03129450524484,0.477965759339849,-0.850862930517828,-0.970040454180254,"Masculine",-0.427718243085383,1.24707584621909
0.250270245126134,-0.339350195618002,0.683657176165566,-1.54142331581449,0.491004973779542,-0.662412739482594,0.426867466392462,0.878225314731309,-1.63620791387719,2.60773599624537,-0.405045030638385,-0.744025591386318,-0.48744394845628,-0.696536272585953,-0.343032310267798,-0.719834078126746,-0.648546268226338,1.85487046723342,-0.275366612212287,-1.35109828579508,-0.71391404972741,0.248635667740035,-1.41890836819536,1.93373655783482,-0.595717843921203,2.57605859390476,-0.997174580274572,-1.10915573539539,-0.974409444348635,1.23401296746342,-0.581610798575183,0.455521506059779,"Masculine",-0.427718243085383,1.24707584621909
0.33155551345815,-0.682788947809716,-0.56961887335556,0.853241144272776,0.798204303814199,-0.55463214665681,0.836660234129224,-0.303377211574665,0.285158986381788,-0.817380820973149,0.109092526227779,0.88221234818572,0.504202200071883,-0.0416032262375705,-0.343032310267798,-0.0414042059422456,0.698356083372837,-0.845474344449716,0.209180874428917,1.08114996038041,-0.0698326681425508,-0.732615061204674,0.302868577071842,-0.894087496758089,0.515113315356812,-0.0863537532420052,-0.129353499824311,0.464941552223852,-1.02181190196425,-0.275690586169465,0.177799085349351,-0.473872757237853,"Masculine",-0.427718243085383,-0.801193979414496
0.12099659283507,-0.682788947809716,2.55521607678376,-2.03515848390222,1.64867875198352,-0.223306620562737,-0.802510836817823,-0.672411129004216,-2.1190129298397,1.32417227833528,-0.1771647278964,-0.744025591386318,-0.48744394845628,0.519288151917198,-0.343032310267798,-0.719834078126746,0.184921511737596,-0.210776651778294,-1.1449015720002,-1.10430136830017,1.08710771072159,-0.151455544521036,1.07849222061263,0.910868752840154,-0.225440790828531,0.674335488799928,1.08469135940869,0.463665052105281,-1.18499159618284,-1.26454604916994,-1.2020391708525,0.770688887040687,"Masculine",-0.427718243085383,-0.801193979414496
-0.470771609987519,0.690966060957138,1.36434420569831,-0.835828201221605,0.233644661079601,0.0747395016056635,0.836660234129224,-0.860399084820243,0.285158986381788,0.145735224992742,0.109092526227779,-0.744025591386318,-0.48744394845628,-0.0726263705382838,-0.343032310267798,1.2190470829058,-0.648546268226338,1.2012077358334,0.430793119196329,-2.47549041920398,0.586733144341266,0.704880032599145,-0.207738413480004,0.265149425914192,0.14483626226414,-0.0863537532420052,0.408792837299807,0.2523790883989,1.13504413850612,-0.561078323670287,0.543824712277008,0.751222666450695,"Masculine",2.33599963531248,-0.801193979414496
-0.586563040910467,-0.682788947809716,-1.3453646127258,0.844144336864442,1.24000374647963,2.49915131674037,0.0170746986557003,-0.467399808930004,0.484188289571426,-1.06556311592575,0.764029252217093,-0.744025591386318,-0.48744394845628,-0.696536272585953,-0.343032310267798,-0.719834078126746,-0.648546268226338,0.727165635199103,1.60256467999596,-0.977853933033755,0.149629171067761,-0.401085695133905,0.157651964177714,-1.08711925071202,-0.595717843921203,-0.0863537532420052,-1.1457626045854,-0.427906740226974,-0.131839713826368,0.537181467004766,1.31833446310789,-0.200694793885923,"Masculine",-0.427718243085383,1.24707584621909
1.45255953900584,0.00408855657371117,-0.332888952890449,0.849860074473907,-0.567336791908655,-0.56151175896484,-0.802510836817823,0.387510363180285,0.945645776552527,0.292008967297897,0.786264816808535,-0.744025591386318,2.34471309901666,0.238713284724164,-0.343032310267798,-0.719834078126746,-0.648546268226338,1.60357968824772,1.38265353657591,-0.290663503652438,-1.32607728775163,-0.267880417260092,0.302021887991491,0.935758694774077,-0.225440790828531,-0.0863537532420052,-1.02047405724951,-1.12700138412126,0.16678997014116,1.94263615339452,-0.384855964889788,-1.92434320629297,"Masculine",-0.427718243085383,-0.801193979414496
1.35669752063555,0.347527308765425,-0.287363968185634,0.0191567342424102,-0.590528470147114,-0.491517385092163,0.426867466392462,0.334605320745866,-0.314346798353749,0.448530365539711,-0.69790839781138,-0.744025591386318,-0.48744394845628,-0.696536272585953,-0.343032310267798,-0.719834078126746,-0.648546268226338,1.31635843418781,0.897575874773769,-1.45059640750134,-0.109269348006447,0.406922313801013,-0.187518147062255,0.236697196894381,-0.595717843921203,-0.0863537532420052,-1.26549173707448,-1.27302478569515,0.0161878650418288,1.3071430779866,1.87039519022033,-2.03244687791898,"Masculine",-0.427718243085383,1.24707584621909
-1.66430228049227,-1.02622770000143,-1.36458719894487,0.468937710705618,-1.44633713890763,1.10022916796915,-1.21230360455458,-0.365823249951449,-0.111133087720655,0.182392794173803,-0.954957376822331,-0.412271218816537,-0.48744394845628,-0.295715033738761,-0.343032310267798,0.110568673287587,-0.648546268226338,1.04291232886784,0.860781109023922,0.64713338579545,-1.3717988678667,-1.14106696280303,-1.40562903149485,0.289805439822424,0.14483626226414,1.0546801098209,-1.02851517801598,-0.71441831008006,2.38201019640394,1.18974627036875,1.95018565310398,0.35988450769315,"Masculine",2.33599963531248,-0.801193979414496
-1.52711699789504,0.690966060957138,-0.553292671944172,0.168161136437836,-1.54369864148156,1.29993736437994,0.836660234129224,-1.32504631394384,-1.15291930706358,-0.720044930408113,-0.0376375915148419,-0.744025591386318,-0.48744394845628,-0.696536272585953,-0.343032310267798,0.78686293862656,-0.149999590027052,-1.21420657167498,-0.307461168587172,1.46406930050804,0.241191158474902,-1.06606934539444,0.0632140120400387,-0.886958729875348,-1.33627195010655,1.0546801098209,0.979643736340645,1.09868862029824,1.45803830852349,-1.32669667277895,-0.135684828005672,-0.426483679244169,"Masculine",-0.427718243085383,-0.801193979414496
0.194195044976917,-1.02622770000143,1.22822371159397,-0.444908061720017,-0.532597883598384,0.502374018073241,-2.85147467550163,-0.436900666100029,-1.09930324665827,-0.556682214382587,-0.0708652934074986,-0.744025591386318,-0.48744394845628,0.528713147455982,-0.343032310267798,-0.719834078126746,-0.648546268226338,0.597100196749426,0.0371345561747398,-0.387781131083512,-0.129483282895216,-0.127990066294557,0.565755691299158,0.780437739294975,0.885390368449483,-0.0863537532420052,1.35016054638685,-0.209772870918885,-0.170848954681159,-0.222302621091553,-1.14511774728177,0.720632891237833,"Masculine",-0.427718243085383,-0.801193979414496
-1.7655916080738,-0.682788947809716,2.62181019459684,-0.763653148412444,-0.374970297221023,0.0489391731675746,-2.85147467550163,-1.57486118503856,-2.07167481502512,-0.213289578041603,-0.0306315448315099,0.406899402015593,-0.48744394845628,-0.696536272585953,-0.343032310267798,0.720585943754715,0.304686676600449,0.0330318445696995,-0.812916751677013,-2.50859130051277,1.61445049378366,3.02428039032457,2.71358605964898,1.04244725330802,-0.595717843921203,0.674335488799928,1.65377633208036,0.796344940780837,0.231746367102605,-0.8757614657163,-1.26486904187689,2.70514455817171,"Masculine",-0.427718243085383,1.24707584621909
-0.35255714401982,0.690966060957138,1.47296229879907,-0.89399083433564,1.22587465623797,-0.584242199630927,0.836660234129224,-0.806468066421538,0.285158986381788,1.49215320363411,0.109092526227779,-0.744025591386318,-0.48744394845628,-0.0505260197845503,-0.343032310267798,-0.719834078126746,-0.648546268226338,0.454245411361078,-0.284031130744236,-0.53787125528904,0.116550688644675,0.0382503789066417,1.19104311530599,1.21269038295799,0.515113315356812,-0.0863537532420052,-0.268333475039953,0.48223691145994,-0.739115518598054,0.0778226490217164,1.73477920487315,-0.642695067081322,"Masculine",-0.427718243085383,-0.801193979414496
-0.779837124674227,-0.682788947809716,-1.44496904437766,1.11628792687494,-0.66536586192358,-0.200768430388089,0.0170746986557003,-0.638705907783527,0.285158986381788,0.203971505981153,0.109092526227779,-0.289256851235621,-0.48744394845628,-0.696536272585953,-0.343032310267798,-0.719834078126746,-0.648546268226338,2.27731136172778,2.05513366259933,-0.696496779656546,-1.62498940247841,-0.898571355910266,-0.643053837036651,0.416953860295974,-1.33627195010655,1.43502473084186,-1.91129606419945,-1.20479603915529,0.636347649548585,2.19411394597781,1.17377559794229,-0.0721783962375602,"Masculine",-0.427718243085383,-0.801193979414496
2.05188156186819,1.03440481314885,0.257953566444637,-0.163191853840195,-0.585450397811441,1.39511307488474,0.426867466392462,1.05509756489073,0.000972166622327786,1.02443393064794,-2.06638029885899,-0.188911839264604,-0.48744394845628,1.31550697588461,1.00531044877576,-0.719834078126746,-0.188783277864338,1.3683378242651,1.00531896359076,-1.59443788509863,-0.153205585572156,-0.673803064080149,0.647540492416627,0.28417263825321,0.515113315356812,-1.98807685834684,-1.35334461095794,-0.540586659996593,-0.0343818781155355,0.902849160843072,0.215207799069588,0.69082746923557,"Masculine",-0.427718243085383,-0.801193979414496
0.229711585701741,0.00408855657371117,2.5915916499284,-1.67353770041429,0.927147788238073,0.338484424045284,-0.802510836817823,-0.754329535127841,-0.902838539530634,1.58544052004181,-0.521550313756027,0.126185988990737,-0.48744394845628,0.354841832860231,-0.343032310267798,1.45836205252327,2.23440215027418,0.0143666213129489,-1.01341861760971,-1.098704635357,0.438745291222026,-0.779014004894986,1.14269215417105,1.16580209749663,0.14483626226414,-0.0863537532420052,0.249434649160316,0.225958653083403,-0.776850367878078,-0.426554939651884,-1.20446064775721,-1.34387703587279,"Masculine",2.33599963531248,-0.801193979414496
0.675881763804657,0.00408855657371117,1.5164913769869,-0.563048680254562,0.730694557717204,-0.52882552583937,0.0170746986557003,0.638036661130002,-0.875009463628357,1.16673279352306,-0.45242848678586,-0.125969807527969,-0.48744394845628,1.54364416311277,-0.343032310267798,1.6007166027941,-0.648546268226338,0.804105812055432,-0.262605099090811,-0.803336896892359,-0.25216737395917,1.31439777445341,0.277405236335661,1.55121313823715,1.9962215277275,-0.0863537532420052,0.00609214302497383,0.350870687296521,-0.828954795527483,0.352948611160835,-0.871344839696327,-0.709514817228441,"Masculine",-0.427718243085383,-0.801193979414496
-0.497842496637939,1.03440481314885,0.432401738268274,-0.00918365964071681,1.42873106281886,-0.662412739482594,0.426867466392462,-0.452738499320926,-0.0160705212193192,-0.012202669497454,-1.1399489870917,-0.15562165922732,-0.48744394845628,0.014365564829683,-0.343032310267798,-0.719834078126746,-0.16121128443933,0.523805486505435,-0.303202273697075,0.0304473239093234,-0.443417728004013,0.730109402658301,0.253312512592308,1.01387405476658,0.515113315356812,-0.0863537532420052,1.19593369488156,-0.0353192270065059,-0.75777205408461,0.102219366332574,-0.963508748350037,1.79198641380894,"Masculine",-0.427718243085383,-0.801193979414496
-0.15401521736767,1.72128231753228,0.177264025711836,0.155120151433122,-0.827685173123775,2.12531772901131,0.836660234129224,0.0230846931296179,0.879949044315296,-0.863191428945075,0.407673955293048,-0.744025591386318,-0.48744394845628,0.145686685773246,-0.343032310267798,1.4612637347577,-0.648546268226338,1.28331378478457,0.901441612596337,-2.34939196143218,0.401743661115402,1.62686717860425,0.364628755513758,0.191123546212317,0.515113315356812,-0.0863537532420052,0.0404968397583504,-0.490273916173441,0.590548019317987,0.433118855018452,-0.103875654595865,1.46332417780107,"Masculine",-0.427718243085383,-0.801193979414496
-1.16612348742126,0.690966060957138,0.615815125355359,0.404283375980365,-0.756518738675922,3.54038498795154,0.836660234129224,-1.22405551104786,0.0384799420970259,-0.254609257785896,-1.1867643821564,3.59260891413912,-0.48744394845628,-0.696536272585953,-0.343032310267798,-0.719834078126746,-0.648546268226338,0.0105704139585876,-0.551360326825457,0.865327510723408,-0.772088352114315,0.263857491382386,0.2551717588787,0.848896006072846,-0.595717843921203,0.674335488799928,1.78894248987288,1.12872161388571,1.24313482726906,-0.601642452347445,-0.0627293047226393,-0.018482217959214,"Masculine",-0.427718243085383,1.24707584621909
0.964013773263281,-0.682788947809716,1.67363385297173,-1.65590317643051,0.0233325893087266,-0.662412739482594,0.426867466392462,-0.431829663015051,-0.15449108269904,1.53285092115618,-1.56707146109681,-0.744025591386318,-0.48744394845628,-0.696536272585953,-0.343032310267798,-0.719834078126746,-0.648546268226338,-0.143424969276915,-1.48361711658663,0.764925207009868,-0.190771435078233,-0.164703013629198,-0.936726848923672,1.38336009403063,-0.595717843921203,-0.0863537532420052,0.185465316865602,-0.50349467559463,-0.0981672725284113,0.0960008374279944,-0.891798652977475,-0.26940406711101,"Masculine",-0.427718243085383,1.24707584621909
-1.18382238964217,-0.339350195618002,-0.924713754053202,0.254922109480118,-0.645587569408704,1.37002129666074,-0.392718069081061,-0.568178023244004,1.00221852089263,0.788197353353447,0.894374065805855,-0.744025591386318,-0.48744394845628,-0.696536272585953,-0.343032310267798,-0.719834078126746,-0.648546268226338,1.39540828865629,0.832330167027623,0.234589867700121,-1.35458718952788,-1.07188515940884,-0.401553168277412,0.907866325868828,-1.33627195010655,1.0546801098209,-0.711915418845021,-1.17914003251599,-0.129295996704992,1.52392305697065,-0.305285557140741,-0.943184882296066,"Masculine",-0.427718243085383,-0.801193979414496
0.103349595423708,-0.682788947809716,0.212047313300944,1.74114244010281,-0.765861912603226,-0.572934511476283,-2.85147467550163,-0.636161642189695,-0.681466835604175,-0.112969659711684,-0.255810931255894,-0.744025591386318,0.252712558280203,0.769973600268364,-0.343032310267798,0.292914844474447,-0.313440665972799,2.1423680391299,2.73742796051066,-0.829212465140219,-1.4950774458388,-0.4401172135287,0.506145532134158,0.318214430984117,0.885390368449483,-0.0863537532420052,-0.562859677301164,1.3628409474899,1.50687458847272,0.621387050716365,1.01761130275635,-0.384588987104832,"Masculine",-0.427718243085383,-0.801193979414496
1.57525542323329,0.690966060957138,0.675811464310827,-0.618944946782684,-0.121771091218112,-0.577727987976622,0.836660234129224,0.569094051523235,-0.447362144341947,0.194305591704765,-0.470352147489508,3.85517858146585,-0.48744394845628,1.52614275345887,-0.343032310267798,0.815113507690686,-0.648546268226338,0.262315155411552,-0.991480334483173,-0.966263197193832,0.122353794306114,0.203276489605785,0.341771294410623,0.669877075469579,0.515113315356812,-0.0863537532420052,0.0591092269032051,-1.43344349522042,-0.413658500585921,0.764858173722084,0.237272443799609,1.42655078076522,"Masculine",-0.427718243085383,-0.801193979414496
0.714537207507738,0.347527308765425,1.50962401214544,-1.36161027332301,0.86635464481388,0.52317378160102,0.0170746986557003,0.0125498286738161,-0.9047230533725,2.25934090624332,-0.652762407029413,-0.744025591386318,-0.48744394845628,1.10868527140984,-0.343032310267798,1.77348179731274,1.00146608804744,2.20843045358022,0.165661211782131,-1.28917213138551,-1.43801392779984,-1.55549814050996,-0.660268188269884,2.2382691502076,0.14483626226414,-0.0863537532420052,-0.49431127938149,-1.51313145513334,-0.157504724251359,1.49556185053961,-0.92900163478731,0.215901600225755,"Masculine",2.33599963531248,-0.801193979414496
-1.41684803682835,-1.36966645219314,-0.324011580873013,1.61367679008862,-0.13012609857503,0.457307863763046,-2.85147467550163,-1.32134490776451,-2.18228061184553,-2.11639353751558,0.15568104270756,0.288778152692765,-0.48744394845628,-0.696536272585953,-0.343032310267798,-0.719834078126746,-0.648546268226338,-0.901911644311532,0.891848478999814,-0.440057537412513,1.31265948462609,1.22266433504391,3.60901118551228,-1.22922958782874,-0.595717843921203,-0.0863537532420052,0.78429201624918,0.785914147830076,-0.540467635262,-0.531028771321445,-1.38050856326197,0.0997255390450281,"Masculine",-0.427718243085383,1.24707584621909
-2.38707633388275,-1.36966645219314,1.02830808978387,1.54403912153681,-0.561187133033341,-0.335354388838838,-2.85147467550163,-1.76590937089071,0.285158986381788,-0.752253524057227,0.109092526227779,1.2085387009025,-0.48744394845628,-0.696536272585953,-0.343032310267798,1.72386357093583,-0.648546268226338,-0.23824070985216,0.902989830978007,-1.64787659707349,1.25105028395807,1.71597624508456,5.88766766252262,0.0528468241828985,-0.595717843921203,-0.0863537532420052,2.33411350309696,1.5999311539274,-0.222228638452954,-0.90358342034283,-1.2712899386758,1.0151484014267,"Masculine",-0.427718243085383,1.24707584621909
-0.0766435964632994,-1.71310520438486,0.184179031283321,-0.878858948500181,0.41135158800355,-0.662412739482594,-0.802510836817823,-0.637824614572132,-1.2687472902612,1.94669491494812,-0.427319100039144,-0.744025591386318,-0.48744394845628,-0.696536272585953,-0.343032310267798,1.55943843909635,-0.648546268226338,1.7577840043892,-0.0871109624655909,-0.362206487163305,-1.45253829855249,-0.667668843371014,-0.882026625698398,2.08853067676373,-1.33627195010655,1.43502473084186,-0.319030861294879,-1.72564815823158,-0.966124875648954,1.70058624394892,-0.983409157592188,-1.17593317195908,"Masculine",-0.427718243085383,-0.801193979414496
0.973059044484255,0.690966060957138,1.54168169637389,0.479855739323428,-0.428127261400749,-0.129564864838273,0.836660234129224,-0.434943919778055,1.00530264792279,-1.038442018075,0.298891810858883,-0.744025591386318,-0.48744394845628,1.34291114916127,-0.343032310267798,-0.719834078126746,-0.648546268226338,0.938606259576551,0.52782013039922,-2.15117413403095,0.75157030826425,2.74539559008308,2.50092259225645,0.775178424232687,1.25566742154215,-0.0863537532420052,1.14606326822623,-0.106498137956827,0.316211763176495,0.280632255563224,-0.972135526740735,-2.41128947863202,"Masculine",-0.427718243085383,-0.801193979414496
-0.649659437461042,0.00408855657371117,-0.023612766476369,0.0265042437676822,-1.07421328177176,0.628021569179839,0.0170746986557003,-0.73904669618234,-0.0383838180786609,0.613127803172026,-1.50499178063865,0.519953225844122,-0.48744394845628,-0.696536272585953,-0.343032310267798,0.0711211995891609,-0.648546268226338,1.78447450270194,0.575144705276977,-0.763454280842619,-1.20748831981067,-0.326936512127732,0.492042913963485,1.61532224628706,-0.595717843921203,-0.0863537532420052,0.294268611063083,-1.02976608662704,1.00359396165468,1.31201043940713,-0.26721387626326,0.430030026715733,"Masculine",-0.427718243085383,1.24707584621909
0.0326598786258793,-2.05654395657657,-1.09914632702749,-0.198457004503136,1.08571088277994,-0.226334938624253,-1.62209637229135,-0.43451392993097,-2.50539770208959,-0.0569320399778756,-0.0219947701418036,-0.744025591386318,-0.48744394845628,-0.696536272585953,-0.343032310267798,2.20387560914455,0.31887169066037,-0.548325975929543,0.716208341931823,-0.340195029503546,0.687386796565632,-2.00732345639722,0.314792781620129,-1.41767420772753,-1.33627195010655,1.81536935186283,-1.7351286653683,0.178982731016845,-1.04593323283128,-0.251281748264428,-1.15742182275013,-1.72852265967514,"Masculine",-0.427718243085383,-0.801193979414496
-1.70547151445866,-0.682788947809716,0.0695519119002156,-0.137143104054741,2.28516380158646,-0.402558159519062,0.0170746986557003,-1.12002629800945,0.285158986381788,-0.275620148652308,0.109092526227779,-0.744025591386318,0.957127100908689,-0.696536272585953,-0.343032310267798,-0.719834078126746,-0.648546268226338,-0.332282628114925,-0.23223072820145,1.17677189884009,-0.3533023733598,-0.605208016343078,-0.175923024468575,0.273278919021221,-1.33627195010655,-0.0863537532420052,1.69334757381838,0.855095979815352,-0.589186114073813,-1.01617486397146,-0.31292834362124,-0.722969192845671,"Masculine",-0.427718243085383,-0.801193979414496
-1.60323107920194,-2.39998270876828,-1.22689253488218,1.99246622173454,-1.28421650480276,1.66402118868148,-2.85147467550163,-0.802719651057688,-0.923123291100664,-0.88997022061451,-0.0327137595103607,0.267483230134433,-0.48744394845628,-0.696536272585953,-0.343032310267798,-0.086866001501,-0.648546268226338,1.04102906644302,2.15686487857843,0.076908077363008,-1.01831684758018,-0.516183464145584,0.559546299719473,-0.549084576610106,-0.595717843921203,-0.0863537532420052,-0.504018568847244,1.00287284897334,2.45614648452781,0.438921212227044,0.119004892322056,-1.77699542175551,"Masculine",-0.427718243085383,1.24707584621909
2.99275864631729,2.75159857410742,2.30304724846224,-1.01960621790273,0.0484147899113099,-0.188178131049148,1.24645300186599,0.8467158152019,0.901208294743405,1.18756151874107,1.17446377808214,-0.744025591386318,0.455988129775505,1.79582391430618,3.41496373694822,-0.719834078126746,-0.648546268226338,0.162253564317668,-0.889883384509583,-0.634255649337503,0.431133411666776,0.958328984847074,0.402712245116092,0.831641767280022,3.84760679319086,-1.98807685834684,-0.197828306721695,-0.965271154551687,0.393955239360191,0.601772224451738,1.05629249749019,-0.319419465999187,"Masculine",-0.427718243085383,-0.801193979414496
-0.297906135764844,1.03440481314885,-1.08354213519592,1.20985449269177,1.02469772532344,-0.00731388098594199,0.0170746986557003,1.97283680838579,-0.318204621936346,-0.905748536035262,-0.168780928806126,-0.744025591386318,-0.48744394845628,2.35476054566521,-0.343032310267798,-0.719834078126746,-0.648546268226338,0.779346503302021,1.63425017805457,0.248025307225703,-0.750973953006981,-1.46921428751158,0.823113794815574,-0.453369145591838,1.9962215277275,-0.0863537532420052,-0.619504656868129,-0.0457077809272135,-0.936960557297649,0.665384293625239,1.40921475818807,0.266616227552333,"Masculine",-0.427718243085383,-0.801193979414496
0.68287078017643,1.72128231753228,-0.380777066572325,1.0269479697375,-0.0873597897311409,-0.662412739482594,0.836660234129224,1.2013958494045,0.789476460201916,-1.16953804454675,0.319435591422022,-0.448494399556461,-0.48744394845628,1.44580495733677,2.52828796275569,-0.719834078126746,-0.648546268226338,0.654096768488091,1.14340536205954,-0.111594107784248,-0.401833448753917,-0.807923501652108,1.43293837197322,-0.328667848399977,1.9962215277275,-0.847042995283939,0.362647155067483,-0.226516838439905,-0.627318573737602,0.406300036282585,1.61050625397074,0.50115660194841,"Masculine",-0.427718243085383,-0.801193979414496
0.765444528867077,0.690966060957138,1.1040268511091,-0.756898809111857,-0.076079578685382,-0.269834421242987,0.0170746986557003,0.0217284544005723,0.285158986381788,0.847684451519484,0.109092526227779,-0.517428926980977,0.341599713823616,0.124776993389039,0.207359335600446,-0.719834078126746,-0.648546268226338,1.15432196184045,-0.189372734290576,-0.99104461745796,-0.322425248687652,0.740754233692319,-0.527584800198595,1.22982981396637,0.515113315356812,-0.847042995283939,0.484933317465535,-0.637941284062191,-0.469616077952433,0.424172241448469,1.7742802499814,-0.184402527128652,"Masculine",-0.427718243085383,-0.801193979414496
-1.0246849756823,0.00408855657371117,-0.30139735796619,0.925086069301177,0.720360829181191,0.539872183306426,0.0170746986557003,-0.868658159400913,0.884205144908737,-1.45002728749934,0.176870689790959,-0.744025591386318,0.796906340514005,-0.696536272585953,-0.343032310267798,-0.719834078126746,-0.648546268226338,0.843483184261892,1.02216466298719,-0.383122351907854,-0.435888755836884,0.51731058493356,-0.268213362403472,-0.185253418683733,-0.595717843921203,-0.0863537532420052,1.29910877966027,0.170827019088112,1.00254600815215,-0.213223845585636,0.319724537264429,-0.564137667702014,"Masculine",-0.427718243085383,1.24707584621909
-1.41999750001562,0.690966060957138,-1.40260673956139,1.37877678360158,-0.156937423894459,-0.488381690516192,0.0170746986557003,0.636004737821094,0.542550840814197,-0.672743987126482,0.971790121592008,-0.744025591386318,0.0644021787799922,0.0323976637034073,-0.343032310267798,0.0352515905305611,-0.648546268226338,0.302510108662339,1.27731850310695,0.656240181324708,-0.634019144586413,0.224307745741307,-0.60923683401746,-0.622748327831605,0.515113315356812,-0.0863537532420052,-0.762268168595034,0.501580834067119,-0.247925978557067,0.440165369465514,3.96917893559257,-0.527912933897311,"Masculine",-0.427718243085383,-0.801193979414496
-0.6876064223631,1.03440481314885,-1.2900607179206,0.506036006512399,-0.15993708243921,-0.625071431731929,0.426867466392462,1.10749182622621,0.725451349208535,0.161525928328949,1.05574392227691,-0.45734522414742,0.0369912681502873,-0.35017284997366,-0.343032310267798,-0.719834078126746,-0.648546268226338,1.61727931040598,1.37133065742008,-0.404194054359055,-1.18049964307408,-1.1663674738621,-1.16242366744896,0.094579259559166,1.25566742154215,-0.0863537532420052,-1.24587213489158,-1.4381229151019,2.0104970882494,1.55667979186515,3.19513502983155,0.194488757576753,"Masculine",-0.427718243085383,-0.801193979414496
-0.747134288568722,-0.682788947809716,-1.57059499374735,1.66422213117915,-0.544281970114877,-0.662412739482594,0.0170746986557003,0.575397364280474,-0.496196886390198,0.0556262410288862,-0.392704620023204,-0.744025591386318,-0.48744394845628,-0.696536272585953,-0.343032310267798,-0.719834078126746,-0.648546268226338,2.81073787369942,2.63507683939964,0.17879629836449,-2.72406032134992,-1.70281697376899,-0.807513350464508,0.910868752840154,-0.595717843921203,-0.0863537532420052,-1.76910240060657,-0.818643142014774,-0.353284697014931,2.4919561949714,3.17229305650727,0.0476578365550614,"Masculine",-0.427718243085383,1.24707584621909
0.337628239133399,0.690966060957138,-0.102342276616603,0.767181187649448,0.858945154864076,-0.662412739482594,0.836660234129224,-0.287577645456103,0.76354013297688,-0.565805762501773,0.625448583878694,-0.744025591386318,-0.48744394845628,-0.696536272585953,1.0187938763662,-0.0181437531816336,-0.648546268226338,0.212802942599106,0.799637407039113,-0.697350351907376,0.420807123704725,0.826929189603982,1.26443643184559,-0.45120368861018,-0.595717843921203,-0.847042995283939,-0.179131591455204,0.543706168469261,-0.954955409557537,-0.00387376725902267,0.335346156689803,0.416016386238631,"Masculine",-0.427718243085383,1.24707584621909
-1.56418753013146,0.00408855657371117,0.0500565066854472,2.17829064496046,-0.768733631471639,-0.662412739482594,-0.802510836817823,-1.54983947569244,0.285158986381788,-1.6604768121962,0.109092526227779,-0.744025591386318,-0.48744394845628,-0.696536272585953,-0.343032310267798,-0.259061819720013,-0.0386917950819966,1.57219487004972,2.64932082612528,-0.690942663782634,-0.98104663195647,-0.317573960502372,1.65511364220612,-0.243984081443285,-0.595717843921203,-0.0863537532420052,1.53444497261934,1.66679754801663,0.240860600342497,-0.451873852939143,0.750073223481474,-1.49025012827464,"Masculine",-0.427718243085383,1.24707584621909
-1.57888672208885,1.03440481314885,1.92865221036933,-0.373830060937137,0.855108212722965,-0.618502127590608,0.0170746986557003,-1.39281535168095,0.285158986381788,-0.0951521693519903,0.109092526227779,0.0255144532216262,-0.48744394845628,-0.231662227922984,-0.343032310267798,-0.238281894340885,-0.648546268226338,0.851950215721299,-0.559765595003316,-0.793204537699557,-0.197803165747419,2.22269872309896,1.50819522976442,2.18928449589694,0.515113315356812,-0.0863537532420052,2.42765312882765,0.541813140247198,-0.737986306207654,-0.232890075468293,0.430567288560537,0.120900960304147,"Masculine",-0.427718243085383,-0.801193979414496
0.201196612555969,2.75159857410742,0.0916467044769528,0.83905855418982,-0.0253930782411859,-0.339070961005244,2.06603853733951,0.764165620727248,0.716132992323313,-0.610121613694072,0.658243758681596,0.266181416979324,0.436560956993384,-0.0862769089357239,0.883838128141207,-0.0876806322302499,-0.648546268226338,0.317547380091045,0.732314339056769,-0.596598766026553,0.126138954173411,0.873143271167104,0.756448743904696,-0.318028084239446,2.36649858082017,-2.74876610038877,0.298704403625838,0.911038915092638,-0.381022821153916,-0.275162827512053,1.2065088621022,-0.524237960902636,"Masculine",-0.427718243085383,-0.801193979414496
-1.00478171118062,0.690966060957138,1.68319618943117,-0.0256315696042057,0.404834737109256,-0.662412739482594,0.0170746986557003,-0.964398884295586,0.285158986381788,0.453371179391933,0.109092526227779,-0.744025591386318,0.0231903413974814,0.652458110219819,1.01298238481584,-0.021138164241143,1.20096971576191,0.18386868652997,-0.0729855171912692,-1.02684899882987,0.470169455360705,1.15969056853036,1.39853844478315,0.434183288329563,0.515113315356812,-0.847042995283939,2.03460279588604,2.09972420408702,-0.879124270281746,-1.60631545537167,0.591468056571014,-1.23625103857598,"Masculine",-0.427718243085383,-0.801193979414496
-0.0523034288171178,0.00408855657371117,0.668660710615734,-0.834633903322387,-0.773103561539023,-0.662412739482594,0.426867466392462,0.123717822731929,-0.514864091541746,1.5343814058304,-0.812484500294088,0.260578733059207,0.125142921453611,0.112630153277919,-0.343032310267798,0.95655918966021,-0.648546268226338,0.474190846256236,-1.06342188646616,1.00447038014391,-1.1925952412314,0.514907976241427,-0.517581810960364,2.3632492496587,0.885390368449483,-0.0863537532420052,0.198359509028515,-0.810442173334857,-0.155990573541254,1.20158944499674,0.399571253164581,0.0537152177853244,"Masculine",-0.427718243085383,-0.801193979414496
0.475308708707703,1.72128231753228,2.24847454154282,-0.509308257578515,0.633184203830478,-0.662412739482594,0.0170746986557003,0.0823181466409906,0.864513316168232,1.50175926049113,1.36854211548358,-0.744025591386318,-0.48744394845628,4.22565949443373,-0.343032310267798,-0.719834078126746,0.476202638991428,0.825613574941759,-0.25087597678598,-0.0524779931812941,-0.701257881154939,-0.0296928532221411,1.47234834771753,1.99279175360547,1.9962215277275,-0.0863537532420052,0.660078447018877,0.580787250701601,-0.963484597686853,0.278125610611552,-0.379299910425555,1.2830900483774,"Masculine",-0.427718243085383,-0.801193979414496
-0.812696185366769,-0.682788947809716,1.40141502964733,0.158856733229287,1.47658941384185,-0.662412739482594,-0.802510836817823,-0.985456131817321,-0.749749454375808,0.618259565214522,-0.396675232223186,-0.310840798063965,-0.48744394845628,0.35019998692007,1.76133486554632,-0.719834078126746,-0.648546268226338,-0.0506964120178936,-0.250684796728919,-0.144321353102454,0.310634163599241,2.90232003580016,-0.128298024475435,0.558013991030847,0.14483626226414,-0.847042995283939,0.794902147574925,2.79861201735458,-1.13160003368728,-1.28432395117437,-0.593163847906163,1.3466756880598,"Masculine",2.33599963531248,-0.801193979414496
-0.833048501034733,-1.36966645219314,2.59664381286515,-1.58780389764208,1.33247841067663,-0.662412739482594,-1.62209637229135,-1.23728266280443,1.1757621848301,-0.0744911116735687,0.515230232639441,-0.744025591386318,-0.48744394845628,-0.0659890311547969,-0.343032310267798,-0.0666648926725188,0.215954886523486,-0.581375429621618,-1.3251411234595,-2.54570038643533,2.40745452848492,3.10100951731692,1.18728936548298,0.209802055034833,-0.225440790828531,-0.0863537532420052,1.98029684792411,1.06340283122219,-1.17673945024116,-2.0184816125888,-1.24458327285472,2.33796921146614,"Masculine",-0.427718243085383,-0.801193979414496
-1.03651584435795,0.690966060957138,-1.68552500787501,1.78030978269478,-1.09978574786424,1.30610827665624,0.836660234129224,0.536685623856397,0.285158986381788,-0.573868941310568,0.109092526227779,-0.744025591386318,-0.48744394845628,-0.696536272585953,-0.343032310267798,-0.719834078126746,1.10375795919111,1.65343798265592,2.1441721247656,0.933855501477029,-2.2703573178262,-0.659362974516093,-1.28501121134729,0.464907187659405,-0.595717843921203,1.0546801098209,-1.46910790831386,-0.402915095107301,1.79977747722024,1.85576424381463,-0.272123636140611,-0.840045444131668,"Masculine",-0.427718243085383,1.24707584621909
2.47884730233363,0.347527308765425,0.630940009003163,-0.941189124627637,0.287436160074187,-0.662412739482594,0.0170746986557003,1.11594997044658,0.807572094987973,0.473479782000337,1.04633148188064,1.39892133470601,0.632605679522487,1.89254382015477,-0.343032310267798,0.046442407772752,-0.648546268226338,-0.689785113817122,-0.253443038800426,-0.428125722665562,0.900299748335076,-1.79720557866863,0.176743605406668,-0.954996748651095,1.25566742154215,-0.0863537532420052,-0.616009446091825,0.0756438659040275,-0.714359692122216,-0.813803965967583,0.409496949892501,0.365791498768741,"Masculine",-0.427718243085383,-0.801193979414496
-0.363372219180592,0.00408855657371117,-0.58161179884167,-0.642079263123867,-0.598117972938001,0.772450947572444,0.0170746986557003,0.209461680023124,1.03872703727701,0.135515988820005,0.654141665150898,1.46393740580103,-0.48744394845628,-0.363082316498591,-0.343032310267798,-0.028999721640701,-0.648546268226338,0.314358893624685,0.0297666669983596,-0.606271977233186,0.0748550771411698,-1.4489133211004,-1.04210119501579,-0.514929341430581,0.515113315356812,1.0546801098209,-0.368295055676435,-0.774919781307522,0.150670502864384,-0.0531098712361672,0.170505174017979,0.00297614242392856,"Masculine",-0.427718243085383,-0.801193979414496
-0.515961106301869,-0.339350195618002,0.0317386762822985,-0.32210223039971,-1.30575128340338,2.04749930870853,0.0170746986557003,-0.688271177084402,0.960142463100506,1.10448059624905,1.05271089113331,-0.304534636459048,-0.48744394845628,-0.696536272585953,-0.343032310267798,-0.169796869323186,-0.648546268226338,1.08523024504816,-0.372199954260819,0.121622200438394,-1.11315194035575,0.78750518724459,-0.451360728309302,1.87022318141588,-0.595717843921203,-0.0863537532420052,0.234625133021171,-1.43399531930671,2.57176819803641,1.52512783195206,2.93095011539009,-0.48316473331504,"Masculine",-0.427718243085383,1.24707584621909
0.597878804178916,-0.682788947809716,0.0759561996036243,-0.649091413051423,0.679884784163598,3.45798631739817,-0.802510836817823,1.28081168218298,-0.540398616370913,0.824029005335164,-0.58311617910024,-0.744025591386318,-0.48744394845628,0.764701094305353,-0.343032310267798,-0.719834078126746,-0.648546268226338,2.32885430515044,1.24969157798001,-2.43053735607249,-0.438169837859115,-0.753133546318881,-0.726103921421506,0.582480037689432,0.885390368449483,-0.0863537532420052,-0.533484455207058,-1.31315033868393,0.144609690662873,0.878012795827644,0.388852274631893,-1.4914908531022,"Masculine",-0.427718243085383,-0.801193979414496
0.785097506650565,0.347527308765425,-0.67717873348388,0.0117332736160139,0.961302564557777,-0.225617705399157,0.0170746986557003,1.84801350256776,-0.393297632522974,0.637539922251266,-0.669032582879606,-0.744025591386318,-0.48744394845628,0.675884930181713,-0.343032310267798,0.701825046219355,-0.648546268226338,1.31605660124254,1.03616061766891,-1.08238420571807,-0.457817202967369,-0.402249210327239,-0.644096182395188,0.164146481371669,1.25566742154215,-0.0863537532420052,-1.52543549490338,-0.880149665347816,-0.567047539443941,1.16879308426652,0.432951003642164,-1.2133355171975,"Masculine",-0.427718243085383,-0.801193979414496
0.100560820645163,-0.339350195618002,0.164621138923655,-1.14246442213088,-0.100502067731842,0.118996558504333,-0.392718069081061,0.00664040924205307,0.285158986381788,0.791013662153978,0.109092526227779,0.879649325428317,4.1800914693205,-0.696536272585953,0.220370958434209,-0.719834078126746,-0.456434900504156,-0.0897648059519049,-0.585521751940912,-0.945744279589815,0.575729671793482,0.135684522819446,-1.10875427626136,-0.0636636781516448,-0.595717843921203,-0.847042995283939,-0.372565028684209,-0.507631583336109,0.544319559131385,-0.213199699906103,-0.34604708503673,1.18258282995948,"Masculine",-0.427718243085383,1.24707584621909
0.103450872002466,1.03440481314885,-0.825037998067896,0.850749571034356,-1.13052728747459,0.218908214243279,0.426867466392462,-0.102007160016873,0.285158986381788,-0.550470232330546,0.109092526227779,-0.173581662970545,-0.48744394845628,-0.696536272585953,-0.343032310267798,-0.00590496844421873,0.768833532003026,-0.261593142952748,0.619197801109387,0.308706355677778,0.00678651954462439,-0.318647076884683,0.565755691299158,-0.7072910089547,-0.595717843921203,0.674335488799928,-0.723817476880058,0.241349939883534,2.78366621257816,0.238728947567907,-0.577366646036529,1.5006721591656,"Masculine",-0.427718243085383,1.24707584621909
-0.0679339398434376,0.690966060957138,-0.58354416279467,0.349835120257903,-0.569814733196152,-0.473975146727582,0.836660234129224,-0.200137028263174,0.285158986381788,-1.47841509165987,0.109092526227779,1.35696703575529,0.281241074599813,-0.696536272585953,-0.343032310267798,0.33195013485308,-0.30052439008294,-0.630233066865039,-0.132374226076024,0.0338333963275125,0.486974278331592,-0.229238328877748,0.042119161981706,-1.02869907063838,-0.595717843921203,-0.0863537532420052,0.693593285230998,-0.117909221941487,1.15485417652696,-0.627805059828194,0.424412614374347,0.852651921103839,"Masculine",-0.427718243085383,1.24707584621909
1.86661045722575,0.00408855657371117,0.464787953024561,-0.721472225903671,0.285323347273852,1.37002129666074,-0.802510836817823,0.777462614279515,0.547799615884976,0.73804665100366,2.20848755009795,-0.359255569082346,5.14355065181343,1.62783395072889,1.52614088707298,-0.719834078126746,0.307490302908762,-0.747060117322079,-0.461613753700613,0.81530748415584,-0.00690212124345087,-0.670801790562915,-0.929392749423926,-0.0376332500729309,0.515113315356812,-1.22738761630491,-0.146356929225351,-0.209088054507799,1.15764932871362,-0.255279938002725,-0.290031243020151,0.335561603264268,"Masculine",-0.427718243085383,-0.801193979414496
2.06842307354711,0.690966060957138,-0.602716184510628,-0.717438952283175,-0.193377351092007,-0.662412739482594,0.0170746986557003,1.43329831537089,0.285158986381788,0.543466261010981,0.109092526227779,-0.744025591386318,-0.48744394845628,0.723138953630302,-0.343032310267798,0.0154701546001664,-0.161940827828234,0.244613536530038,0.254101244780612,-0.89323774898176,0.473970370101881,-1.19030352949283,-0.912971872318616,-0.797718947799161,0.14483626226414,-0.0863537532420052,-1.58967225401878,-1.48950816152042,-0.49647987859478,0.605456094757868,-0.0240930880511493,-0.502958117276303,"Masculine",2.33599963531248,-0.801193979414496
-0.104363907194811,1.72128231753228,-1.18879494022941,0.866656969840437,-0.057422639094803,-0.0743618250251213,0.836660234129224,3.97150458793507,-0.438318673592273,-0.478671023108577,-0.260449975644542,-0.744025591386318,0.0665312147647,1.13282918094888,1.12807622467633,-0.719834078126746,-0.648546268226338,1.08410282703722,1.6045733870558,-0.288523252535422,-0.707756418889952,-1.05302963619479,-0.00495255515612403,-0.406876984701335,3.84760679319086,-0.847042995283939,-1.2758540964064,-0.407038042667605,-0.700875593171043,0.994820720169423,0.687907002697168,-0.718805070463628,"Masculine",-0.427718243085383,-0.801193979414496
0.709636415459508,0.00408855657371117,-0.693074799619609,-0.0557504034933204,0.806287232638973,0.00386728889497414,-1.62209637229135,0.6779500380939,0.285158986381788,-0.829827989543262,0.109092526227779,-0.0145359580219095,-0.48744394845628,0.184823440343841,-0.343032310267798,3.84506580534516,1.76820045434566,-0.504295871963369,0.173454200899208,-0.972934186875556,0.768175043957607,-0.435592826874908,-0.11044474340479,-1.15845079384173,0.885390368449483,-0.0863537532420052,-0.697603628258835,-0.59365192901384,-0.911202580571344,-0.102962285816842,-0.390253249092943,-0.0853411861095189,"Masculine",-0.427718243085383,-0.801193979414496
