"PartSop_AbsoluteIntervallicTrimRatio","PartSop_Ambitus","PartSop_AscendingIntervallicMean","PartSop_AverageDuration","PartSop_DescendingIntervallicStd","PartSop_DottedRhythm","PartSop_HighestNoteIndex","PartSop_IntervallicKurtosis","PartSop_IntervallicMean","PartSop_IntervallicSkewness","PartSop_IntervallicTrimRatio","PartSop_IntervalsAugmentedAsc_Per","PartSop_IntervalsAugmentedDesc_Per","PartSop_IntervalsBeyondOctaveAsc_Per","PartSop_IntervalsBeyondOctaveDesc_Per","PartSop_IntervalsDiminishedAsc_Per","PartSop_IntervalsDiminishedDesc_Per","PartSop_IntervalsMajorAll_Per","PartSop_IntervalsMajorAsc_Per","PartSop_IntervalsMinorAll_Per","PartSop_IntervalsPerfectAll_Per","PartSop_IntervalsPerfectAsc_Per","PartSop_IntervalsPerfectDesc_Per","PartSop_IntervalsWithinOctaveDesc_Per","PartSop_LargestSemitonesAsc","PartSop_LargestSemitonesDesc","PartSop_LeapsAsc_Per","PartSop_LeapsDesc_Per","PartSop_RhythmInt","PartSop_StepwiseMotionAll_Per","PartSop_SyllabicRatio","PartSop_TrimmedAbsoluteIntervallicStd","PartSop_VoicePresence","y","PartSop_LargestIntervalAll_M9","PartSop_LargestIntervalAll_P8"
-0.120571481157745,-0.0222437625044037,-0.382986019195109,-1.07589515338652,0.688507363547493,-0.674900510795505,0.0519257301379719,-0.777706192957598,-0.851484591566278,-0.694334500128832,-0.100082402241867,-0.766541941486642,-0.485281197029374,-0.696019841208689,-0.327695780864305,-0.114776652954175,-0.67051635910956,1.42247860903015,1.80844887958132,-0.589844957697998,-0.883989996439626,0.353502648144812,1.11966464817714,0.300620767399232,-0.596396257762758,-0.0504429825283554,-0.348400663696626,0.322552990446126,-0.0628794146333485,0.947841651731035,0.35007013257225,0.201309239387981,-0.225225790153361,"Feminine",-0.404708713784664,1.23709114477995
-0.780766764513506,-1.74216325614849,-1.23913356750506,-0.809004727658382,-0.920688765652313,0.144272529215169,-0.346018361007918,0.0783240538723441,0.264008546801011,0.433113877253469,0.0814360658104744,-0.766541941486642,-0.485281197029374,-0.696019841208689,-0.327695780864305,-0.733808618572149,0.714401236273088,0.67562510031454,0.887279737049624,0.175219184889993,-0.734084053376463,-0.326557458569194,0.139465586060975,0.0704786488350987,-0.596396257762758,-0.0504429825283554,-1.2621945641783,-0.635004022556999,-0.0899848170165666,1.31928512546618,0.111728706422548,-1.04727463920689,-2.68615326044779,"Feminine",-0.404708713784664,1.23709114477995
1.12830924166212,-1.05419545869085,-1.29200825847417,-0.628217010313825,0.62633307662532,0.326465514344877,0.0519257301379719,-0.211000222215225,-0.574708098587928,-1.20307240234055,-0.104867829532521,-0.412695666935084,-0.485281197029374,-0.696019841208689,-0.327695780864305,-0.733808618572149,1.20380820606996,-0.206909578242931,0.700898044360289,2.28173413989543,-1.32633036294929,-1.50260125213477,-1.22396919958933,-0.68608712940205,-1.3284716074758,-0.0504429825283554,-1.10691830740472,-0.115907326034251,-0.228454483722254,0.82836749857377,-0.148999956126715,-0.796370581218607,-2.0301228332794,"Feminine",-0.404708713784664,-0.807414449455619
-0.540286068136434,-0.710211559962037,-0.201864881773868,1.6710925830451,-0.36404685796839,-0.313296112828145,-0.743962452153807,-0.188377469995005,-0.916407472635272,0.553293163101664,-0.20315108703677,-0.268536073599263,-0.485281197029374,-0.696019841208689,-0.327695780864305,-0.0787483374949262,-0.230859979623004,0.729559180380516,0.403448254125426,-1.39295990949407,0.265288900377915,1.19103699058718,1.74349504145138,0.685408648173129,-0.596396257762758,1.09912604035469,-0.325193199557403,-0.709480679123907,0.982668657701159,0.975866453088914,-0.901729184523705,-0.197874505811258,0.731322388803364,"Feminine",-0.404708713784664,1.23709114477995
-0.310820206309061,-1.05419545869085,-1.07763083677938,-0.586087555240413,-0.77522418183417,0.331101468164971,0.449869821283861,-0.975621738023972,0.264008546801011,0.0631719344953177,0.0814360658104744,1.35454220568439,-0.485281197029374,-0.696019841208689,-0.327695780864305,-0.733808618572149,2.13833059490595,-1.48646889807993,-0.399208264666214,2.41006852535126,-0.361718458571697,-1.50412632603587,-0.225397243901786,-0.464358668954787,-2.06054695718883,1.09912604035469,-1.02795443757595,0.140482290790593,-0.411907835877363,0.0171607109547157,-0.7809657443408,-0.235824319061467,0.578372632824895,"Feminine",-0.404708713784664,-0.807414449455619
-1.04933444148779,-1.39817935741967,-0.877138979857202,-0.877103598368807,0.285570240736965,-0.674900510795505,-0.743962452153807,-0.96272523273099,-0.968580556367262,-1.28532227485175,0.0197239136556577,-0.766541941486642,-0.485281197029374,-0.696019841208689,-0.327695780864305,-0.733808618572149,-0.67051635910956,1.27170274763198,1.80707647537119,-1.44198269883467,-0.121208927040906,0.188405183173945,1.13359012814407,-0.53631103761853,-1.3284716074758,-0.0504429825283554,-0.291856510738631,0.0828992186834685,-0.24640852079431,0.46923205846592,0.218779438633483,-0.245759662737936,-2.08398704728988,"Feminine",-0.404708713784664,-0.807414449455619
-0.734087490617861,-0.366227661233221,-1.45886150832419,1.85594552105425,-0.783640132828844,-0.674900510795505,-0.346018361007918,-0.915222338191034,-0.752617690034068,-0.502318859842722,-0.130828671581946,-0.166075536187029,-0.485281197029374,-0.696019841208689,-0.327695780864305,0.0560248303822036,-0.140404360876967,1.23627227710157,1.18763406474463,1.31952086418668,-2.08643257844383,-0.21745690668994,0.540344446051523,1.06294869229748,-0.596396257762758,1.09912604035469,-0.397369523435347,-1.07804595153978,-0.521346981973367,2.26664716979972,-0.171182220203527,-1.28416264527036,-0.947078637119126,"Feminine",-0.404708713784664,1.23709114477995
0.0541305366287103,-0.0222437625044037,-0.0159644185443814,-0.553676226657118,-0.881231697446266,-0.332836083474824,0.0519257301379719,0.403894705354183,0.264008546801011,0.601377140105859,0.0814360658104744,0.269675772612966,1.4934281677161,-0.696019841208689,-0.327695780864305,-0.733808618572149,-0.67051635910956,0.0284014422532749,-1.12911308241856,0.241197193516838,-0.166466887816221,-0.0439636743437307,-1.34432198503231,0.705070321328456,-0.596396257762758,0.715936366060339,0.577130039176558,-1.65669100065116,0.1101989318466,0.465359017314188,-0.864495737008896,-0.804670267646324,-0.517424906649681,"Feminine",-0.404708713784664,1.23709114477995
-0.635463558030654,0.321740136224413,0.05174523067882,1.00139819404239,-0.664862854058697,-0.0223586866049254,0.449869821283861,-0.289830479334249,-0.343062548909078,0.844368213817043,-0.652318619204032,-0.766541941486642,-0.485281197029374,0.580107651513134,-0.327695780864305,-0.733808618572149,0.233919621548497,0.232785871484269,0.106789028117118,0.259532376113965,-0.294656613599503,-0.318393471693875,0.172805690214587,0.379248309040191,0.13567909195028,1.48231571464903,0.556690437732846,0.414400295775002,-1.03755589286942,-0.231759647578432,-0.485467168127833,-0.0745194961508142,-0.147069632927844,"Feminine",2.4680596971786,-0.807414449455619
0.576851071986674,-0.0222437625044037,-0.961281128080145,-0.636673210772875,-0.494863669402068,-0.382048182688413,0.847813912429751,0.737914583160423,0.264008546801011,0.544227372203759,0.0814360658104744,-0.766541941486642,-0.485281197029374,0.474958569715831,-0.327695780864305,-0.115549476881289,-0.67051635910956,1.2311599250146,0.871579972595419,0.654124504607362,-1.52112853483165,-0.429937382260018,-0.98198563267903,0.7985118037602,0.13567909195028,-0.0504429825283554,-1.52207252988334,-1.31677027039181,0.656268698414942,2.06609265437531,0.220818098761439,-1.33454477046436,-0.713350259616823,"Feminine",2.4680596971786,-0.807414449455619
-0.286402748300746,1.69767573113968,-1.33659813638936,-0.236444744317335,-0.66728534328184,0.029503289361931,0.0519257301379719,0.860592405396675,0.414522041605166,0.426036795283651,1.74662689723751,-0.766541941486642,-0.485281197029374,1.51874688169695,-0.327695780864305,-0.733808618572149,0.114324781130902,0.773691477300557,1.3430191367912,1.02591270258699,-1.34258923386897,-1.76659028402304,-0.63837833150633,-0.151874322859103,-0.230358582906239,-0.0504429825283554,-1.35130834951453,-0.5582411876303,1.11528631844032,1.21127326574146,-0.26931837070463,-1.43298939160745,0.761215904380726,"Feminine",-0.404708713784664,-0.807414449455619
0.486097391270385,-0.0222437625044037,-0.435050874209598,0.366532588272291,-0.356784234070995,-0.674900510795505,1.24575800357564,-0.698106801159724,0.264008546801011,-0.0716360682845107,0.0814360658104744,-0.766541941486642,-0.485281197029374,-0.190656852442235,-0.327695780864305,-0.733808618572149,3.9856721081252,-0.921792236593498,-0.302994997682361,-0.442108433612033,0.974091818205267,-0.85074171932238,-0.753819273503022,-1.34476311474895,-0.230358582906239,1.09912604035469,-0.827354708087034,-0.212358168541837,-0.755204739532561,-0.611123075472662,-0.737090174819786,0.166447006335425,-0.179839832709411,"Feminine",-0.404708713784664,-0.807414449455619
-0.350782238381605,1.00970793368205,-1.37068186788672,-0.23013937362075,0.00531111032348304,-0.55664395163607,1.24575800357564,0.406493504868756,0.264008546801011,-0.402816923443486,0.0814360658104744,-0.766541941486642,-0.485281197029374,-0.252752493784047,-0.327695780864305,-0.733808618572149,0.586119644262219,0.866602559626945,1.71030770970516,1.46035339491587,-1.77330140054398,-1.22115448541526,-0.478618348597749,-0.323726135220889,1.23379211651984,-0.0504429825283554,-0.478301044256603,0.290513748234122,-0.406711120844628,0.934874460027718,1.35229110037462,-1.26609554040445,-1.04048162200378,"Feminine",-0.404708713784664,-0.807414449455619
-0.843881347264876,1.00970793368205,-1.80052765364956,-1.72546811552261,-0.680120308810714,5.47499837945344,1.24575800357564,-0.273705551668896,-0.612606886100591,-0.364887368688826,-0.0246882756500419,-0.766541941486642,-0.485281197029374,-0.696019841208689,-0.327695780864305,2.18500615054993,-0.67051635910956,1.82190029117234,2.88747405296164,0.530846249990823,-2.18896687996191,-1.9007633914805,0.790088875958457,0.017477134954898,-0.596396257762758,0.332746691765992,-1.51748236898872,-0.308983137776179,5.4396020618681,2.04093346337254,0.30956471549272,-1.60504683895755,-0.615299694671681,"Feminine",-0.404708713784664,1.23709114477995
-1.13663910912336,-0.710211559962037,1.14391597882592,-1.14103081779299,-1.55808325269853,4.39323773889459,0.847813912429751,-0.677905439937972,-1.07592315093747,1.45619425734634,-0.47277910618586,0.364065974798218,-0.485281197029374,0.712319058416747,-0.327695780864305,-0.733808618572149,1.32576125585642,-1.44685486135069,-2.1399250622511,1.62309733101296,0.28984351840627,0.332960291980162,0.0574669515210107,1.02767634916942,0.13567909195028,1.86550538894338,0.797546281772282,1.37241504884684,1.32039152560016,-1.15982952987743,-0.827152916757267,0.299118795711314,-0.349439989473662,"Feminine",2.4680596971786,-0.807414449455619
-1.47943289977601,-1.39817935741967,-0.675127705665283,-0.241568616960003,-0.437432445819824,0.116374995344836,-0.743962452153807,-1.03013758351537,-0.739809800436145,-0.520014273147633,-0.107953678194363,-0.766541941486642,-0.485281197029374,-0.696019841208689,-0.327695780864305,0.241044870590016,-0.67051635910956,-1.21336275903534,-0.669734902255717,0.74028230752584,0.873354047615726,1.22003592909443,1.12628016490684,-0.284902662858434,-0.596396257762758,0.715936366060339,0.21570517723064,-0.123050312455338,-0.699731398379524,-0.084785639092557,-1.02594746849297,0.161437537611216,-0.640183115355241,"Feminine",-0.404708713784664,1.23709114477995
-2.55696350462101,-2.43013105360612,-0.365068963825743,-0.993989607333898,-1.37314741587956,2.81904328255146,-1.53985063444559,-1.78380312205517,-1.09800993716393,-0.183375857267934,-0.154805318469758,-0.766541941486642,-0.485281197029374,-0.696019841208689,-0.327695780864305,-0.733808618572149,-0.67051635910956,0.272783117673989,-0.329534010719861,-1.02926641395366,0.614720003089231,1.38641445427001,-0.524771873614818,0.110911974508765,-2.06054695718883,1.48231571464903,0.763772425436627,-0.283899784455855,0.830431954838298,-0.338790054493767,-1.18047738395288,-0.204727411449144,1.05954592826012,"Feminine",-0.404708713784664,-0.807414449455619
0.669918359958847,-1.39817935741967,-0.829792587468476,-0.949232622888401,-0.918071502141384,0.886978572442323,0.0519257301379719,-0.603778066476693,0.852400531873867,-0.172640728268568,0.642557994854092,-0.766541941486642,-0.485281197029374,-0.696019841208689,-0.327695780864305,-0.733808618572149,0.352192019019165,-1.42208610607796,-0.962224081533916,-0.0248745139407145,1.55958170482065,-0.468108431007401,-1.61627559113612,-1.6585377803775,-2.06054695718883,1.48231571464903,-0.775775041768068,-0.928163784999492,0.779394820006797,-0.746474932759188,-0.955783604314096,-0.580586167755133,0.911209994663772,"Feminine",-0.404708713784664,-0.807414449455619
-1.32197577058602,-1.39817935741967,-0.995230147606217,1.09150035318596,-0.686737187144402,-0.43537623009063,-0.743962452153807,-0.527896769662983,-0.973709221151595,0.194740243874133,-0.16787845657467,1.97490783610698,-0.485281197029374,0.442273492711868,-0.327695780864305,-0.733808618572149,-0.67051635910956,0.251343324830601,0.57124647063071,0.503528263553959,-0.625590784787076,-0.796501906955229,1.02993768826082,-0.0995832187122823,-0.230358582906239,1.09912604035469,-0.47615437405523,0.0631758966326655,-1.13187469543104,0.537853482637919,-1.1778473215261,-0.374419073255767,0.240473599271561,"Feminine",-0.404708713784664,-0.807414449455619
-0.597564486203192,-1.74216325614849,-0.351947355628781,1.81813992730071,-0.736855147663637,-0.428532679213348,-0.743962452153807,-1.0471934752347,0.264008546801011,0.325457173851421,0.0814360658104744,0.8883698656468,-0.485281197029374,-0.696019841208689,-0.327695780864305,2.53141493633585,0.059989625268102,-0.172820005369224,-0.132387056726985,0.244159030705612,-0.215927646784543,-0.172697705918967,0.00866979284296422,0.130894467505786,-1.3284716074758,1.48231571464903,-0.235933722098877,0.19312495462263,-0.914228114057763,0.0372299788578431,-0.796182448431488,-0.044493317451836,0.367360673077133,"Feminine",-0.404708713784664,-0.807414449455619
-0.0948815472586067,-0.710211559962037,-0.1261123701069,-0.626015000418347,-0.763558608685712,-0.100042237103804,-0.743962452153807,-0.552050064337504,-0.369614366216477,0.582324259048363,-0.817792358019121,0.730445876099274,-0.485281197029374,-0.696019841208689,-0.327695780864305,-0.733808618572149,-0.67051635910956,1.535804830545,0.0488711612582046,-0.0495849508445997,-1.44879917681874,0.595193990011713,-0.401996264497372,1.84547579256532,-0.596396257762758,1.48231571464903,-0.142024943826402,-1.55810421262701,0.181455185616012,1.95718661666171,0.293288141465346,-0.628692059339518,-0.513191864970178,"Feminine",-0.404708713784664,1.23709114477995
-0.130812857896068,0.321740136224413,-0.411008346821439,-1.10599786699133,-1.88550856255986,1.42387450730532,0.449869821283861,1.59349181701205,0.514716373937922,2.38721933283809,3.06268202177934,-0.396342889251778,0.221632341998015,0.687392706210986,-0.327695780864305,-0.246861152992623,-0.67051635910956,0.321639282781703,-0.672427453505296,1.45393701141021,-1.18995248843579,-0.861117979723876,-1.63051038577543,1.2543791899246,0.501716766806798,0.715936366060339,-0.709245924693121,-1.32337170417606,0.5468743713388,1.27510123909498,0.329910433026918,-1.40953163893995,-0.488837378594965,"Feminine",-0.404708713784664,-0.807414449455619
-0.785241729051889,0.66572403495323,-0.546142624436799,0.441618938007366,-0.00605334965283166,-0.189104786548998,0.0519257301379719,-0.257270015833329,0.560485128426869,-0.863131004130815,0.792752338991197,-0.766541941486642,-0.485281197029374,-0.696019841208689,-0.327695780864305,-0.273133667414587,-0.67051635910956,0.359702780160168,0.335348500095039,-0.874519987498175,0.392904389609968,0.981465126984694,0.175286814244621,-0.229836002004414,-0.596396257762758,-0.0504429825283554,0.16162383889779,-0.635449397911883,1.27511392607158,0.280791547584491,1.82982896048834,-0.251484911855802,0.27432434547137,"Feminine",-0.404708713784664,1.23709114477995
0.418759563228367,1.00970793368205,-0.547416195107608,-0.228069541579583,0.793411675164363,0.106039030823409,0.847813912429751,0.385047685987872,0.685028791514086,-1.70722060733805,0.701419052877603,-0.766541941486642,0.464429594504123,-0.696019841208689,3.27795503803702,-0.0796136747222416,0.207634824224221,1.35997639101346,1.12033048489302,-1.078192373416,-0.62642973134961,0.170712384012109,-0.9990747474595,-0.220534759565015,-1.3284716074758,-1.96639135400009,-0.640042151617865,-0.864084042444535,0.586658138544052,0.996743798232832,1.25151040017391,-0.346924568055854,0.834950055554042,"Feminine",-0.404708713784664,-0.807414449455619
-0.198108717582236,1.00970793368205,-0.912499114718501,-1.11935914202192,-1.46351654605991,1.1511198879899,0.449869821283861,2.48595764425265,0.536121524600625,1.85576613998579,2.34798130043331,-0.364735712967051,0.281987820250087,0.304997989261472,-0.327695780864305,-0.205286129250507,-0.67051635910956,0.213863729657203,-0.279798144237634,1.62843280386342,-1.20560347455699,-0.975067284734409,-1.48274219245267,0.820562382824812,1.23379211651984,-0.0504429825283554,-1.05212924276555,-1.29221311013684,0.518802258188843,1.40930285458592,-0.223667074867264,-1.52227237282175,-0.779873490778797,"Feminine",-0.404708713784664,-0.807414449455619
-0.654328003953329,-1.39817935741967,-1.29472098027783,0.454025940104499,-0.756543223608913,-0.521604971144385,0.0519257301379719,0.406432936718996,-0.208157860973503,0.173775883172083,-0.615369792354907,2.02229091868267,-0.485281197029374,-0.00123931739347468,-0.327695780864305,0.733526411040829,0.314313930940325,1.26099676930786,1.00803224637026,0.552650828566743,-1.87882034585875,-1.63333962441179,-1.13116282779332,0.27410233398444,-0.230358582906239,0.715936366060339,-0.879078010346721,-0.998875687498185,0.0775653437406828,1.51492274150274,0.481753735466425,-1.77269174707537,0.488400416292591,"Feminine",-0.404708713784664,-0.807414449455619
-0.574832315499709,0.321740136224413,-1.69347558414768,0.211861863766958,-0.512116979796866,-0.12057288973565,0.847813912429751,0.946894753363148,0.264008546801011,-0.401849097861486,0.0814360658104744,1.38894910501827,0.200721731587857,-0.248522843522361,-0.327695780864305,-0.0249933907653075,0.439532095204777,0.150963206942011,0.882144134145027,1.22294824733493,-1.14083786141043,-1.56941539944302,-0.785149668825052,-0.601989203966798,1.23379211651984,-0.0504429825283554,-1.07943578408197,-0.819936789190426,-0.0562586601273913,0.982529839721372,1.52793247803399,-1.32601396422446,0.0529573406438,"Feminine",-0.404708713784664,-0.807414449455619
-0.763140034181364,-0.710211559962037,-0.897735329010903,-0.395725936913898,-0.64187386064118,-0.285654783154729,0.449869821283861,0.0595919634721572,0.264008546801011,-0.124790132057638,0.0814360658104744,-0.0143093018805314,0.232931659305149,-0.696019841208689,-0.327695780864305,-0.239077776919422,-0.00642000967532175,-0.0695748730792352,0.339111252822405,1.33496776627164,-0.813863258385102,-1.54424750097242,-0.338253808419787,-0.200179109649427,-0.596396257762758,-0.0504429825283554,-0.0606605663621312,0.216083364524803,0.411856814078704,0.0441695146749881,1.24063081563359,-0.991574691681676,0.020822623828518,"Feminine",-0.404708713784664,1.23709114477995
0.0834216432554992,-0.0222437625044037,-0.857430225528606,-1.00413032041753,-0.73476343911997,0.7933185936333,0.847813912429751,0.67419150316881,-1.03307649781211,0.385901445456461,-0.174060067434723,0.875140192770006,0.559676752375942,-0.696019841208689,-0.327695780864305,-0.733808618572149,0.295705219064381,-0.669274524116778,-0.302994997682361,-0.532909951737957,0.951961648729228,-1.03359669400373,-0.98401838878978,-1.34783905859502,-0.596396257762758,-0.0504429825283554,-0.569411281487551,-0.231939326385911,0.847908053276464,-0.855414886118209,-0.277412048141179,-0.325688436492729,-0.394666697944135,"Feminine",-0.404708713784664,1.23709114477995
-0.731387109605938,0.66572403495323,-1.65946690779769,-0.338134766343578,-0.17431323735758,-0.246220483842551,2.04164618586742,-0.0561609448972144,0.148323492264606,-1.45931425869991,-0.91993923317634,1.11250379233887,0.167106343071223,-0.696019841208689,-0.327695780864305,2.41190735915984,-0.368900911839291,0.0893009522302952,0.964953311232787,1.32961905448646,-1.20549261215947,-0.99231503074464,-0.436150404525784,-0.451390301205978,-0.596396257762758,-0.0504429825283554,-1.0728020715558,-0.480856459846695,0.479802526454427,1.09476611908021,2.64963594243156,-1.21327592734793,0.454875905484073,"Feminine",-0.404708713784664,1.23709114477995
-0.486864033188831,0.66572403495323,-1.3064318315715,0.0245044723868244,-0.497288719847274,-0.399184787049956,1.24575800357564,-0.0692659766505541,0.0570524914452989,-0.0400078928976177,-1.42490305493324,-0.155352921806677,0.292782730666357,-0.696019841208689,-0.327695780864305,-0.733808618572149,0.228780780749303,0.168372892745313,1.00086326622507,1.73647995032713,-1.30397441543475,-0.944793919218286,-0.748593551848851,-0.310877579377237,-0.596396257762758,-0.0504429825283554,-1.09525905508599,0.470539074273883,0.25494778170214,0.729448676618753,1.34257894741856,-1.11225867716685,0.249813897760022,"Feminine",-0.404708713784664,1.23709114477995
-2.02290428234933,1.00970793368205,-1.85420326843584,-0.0206621872942262,-0.585968532941962,-0.454315359262644,2.04164618586742,-0.642324600201031,-0.34059478022733,-1.52783015652683,-0.00502376286162035,-0.511465765251644,-0.485281197029374,-0.696019841208689,-0.327695780864305,-0.0627712574686542,0.45543290542918,1.0588162545336,2.24669213292059,0.557958590639966,-1.41879856049421,-1.4355985699488,-0.215349018305506,-0.799570823785405,-1.69450928233231,-0.0504429825283554,-1.16858640851921,0.245481328423932,-0.573677700024656,0.966902102394674,3.25599793036399,-1.45170816237687,-0.235719653146189,"Feminine",-0.404708713784664,-0.807414449455619
-2.03465392174371,1.69767573113968,-0.597137075739116,0.133941376757259,-1.47886993925442,-0.674900510795505,1.64370209472153,1.57378819499874,-0.121724978461073,1.51457591647056,-1.06831727272755,-0.766541941486642,-0.485281197029374,0.0134761551230357,-0.327695780864305,-0.359205311087747,-0.419094102761726,1.27858631917171,0.650602730991951,0.843521811108315,-1.70431836510142,-0.875471329521941,-1.02885034814492,1.01847539037386,2.33190514108939,1.09912604035469,0.662440637411096,0.0830913047435183,-0.665067587650364,0.508519997568535,1.88418430627672,-1.18239399218256,-0.39954912669947,"Feminine",-0.404708713784664,-0.807414449455619
-1.93553526289301,-2.0861471548773,-0.164194961798052,1.45971850781165,-1.75101721296292,0.123174007467973,0.0519257301379719,-1.51036193232659,-0.951787789294125,0.541039241700352,-0.287686421467504,-0.253609467204818,-0.485281197029374,-0.696019841208689,-0.327695780864305,-0.733808618572149,-0.67051635910956,-0.726065868800812,-1.64824093647433,0.337404444544887,0.668800893100137,1.71285985135532,-1.19786322387175,0.560654187466238,-1.69450928233231,1.86550538894338,0.524060869624288,-0.645701525972018,-1.09074744785599,-0.191844035436957,-0.941206954765307,-0.27382827814112,1.38701666143372,"Feminine",-0.404708713784664,-0.807414449455619
-0.174270619319863,2.72962742732613,-1.29816110227703,0.310864006019629,0.714253691591107,-0.235622018634866,2.8375343681592,1.27412842649148,-0.541401661406415,-1.65763713937621,0.0496285528461495,-0.0869527066078366,0.163573558558042,0.573773083634101,1.31458921908052,0.160100357049476,1.42935869526124,-0.0191986098623887,1.70352684363321,0.550293952267057,-0.498918182735878,-1.30714954278837,-0.24220037159643,-1.3894883006602,0.501716766806798,-1.96639135400009,-0.564808172258362,0.647154447200612,-0.801376795866768,-0.272702551007117,1.53135359266366,-0.704775772379952,-0.738389682319675,"Feminine",-0.404708713784664,-0.807414449455619
-1.36101233252226,3.07361132605495,-1.82646137851601,-0.16564961585934,0.0109559803121132,-0.674900510795505,2.04164618586742,0.368979244205021,0.264008546801011,-1.80381593784517,0.0814360658104744,-0.585361750859665,-0.485281197029374,-0.696019841208689,0.110141509785086,-0.733808618572149,0.449147529361494,0.348367931146831,1.92344684198452,1.6792807995678,-1.39698075146134,-1.18630620923011,-0.235875317004269,-1.01255032426026,-0.596396257762758,-2.73277070258878,-0.991486419261782,0.480425479692942,-0.570306937429985,0.834546354728611,2.32017297505131,-1.13629574320013,-0.435586100845983,"Feminine",-0.404708713784664,1.23709114477995
1.78915825298943,-0.0222437625044037,-0.0387110163626235,-0.631564272224357,-0.240857594519817,-0.674900510795505,-0.743962452153807,1.24192764986182,0.90399313565201,0.916522887991965,1.0480917229846,0.367471420329195,-0.485281197029374,1.65828163256275,-0.327695780864305,1.25504910228881,0.330628890564645,-0.102195307383965,-0.714509573336162,0.422866453534951,-0.303904895845829,-0.909741533072343,-0.723761929916259,0.44480619107796,0.501716766806798,-0.0504429825283554,-0.683091441704369,-1.31452339684476,-0.330537511595423,0.808702913486318,-0.318004700071844,-0.600359392854441,-1.0347630719088,"Feminine",-0.404708713784664,-0.807414449455619
-0.293928125704471,-0.710211559962037,0.00945631819942769,0.425714811721593,-0.138566820877455,-0.674900510795505,-0.743962452153807,-0.645741937464963,0.850955738785904,0.2086186824021,1.18302687065481,-0.766541941486642,-0.485281197029374,0.167657605522933,-0.327695780864305,-0.733808618572149,-0.67051635910956,1.50961337705709,1.39535521233635,0.316396767002906,-1.53669447680854,0.674636003703947,-0.310533720277545,1.1213526770239,0.13567909195028,-0.0504429825283554,-0.695743317581373,1.56420288520763,-0.393337602129623,0.703766217099007,0.693130601365187,0.335582374955362,-0.289445376196509,"Feminine",2.4680596971786,-0.807414449455619
-1.44737142023001,-0.0222437625044037,-0.020083635733195,-1.50134932331607,-0.686174159427099,-0.27692170593202,-0.743962452153807,-0.384591174028456,0.264008546801011,0.399683648118728,0.0814360658104744,-0.766541941486642,-0.485281197029374,-0.15881840526909,-0.327695780864305,-0.450174270064485,-0.67051635910956,0.77932585219806,0.0348986219188274,-1.17595595261536,0.180993149826932,1.54714766666062,0.990382952208294,0.842745029889363,0.501716766806798,0.715936366060339,0.423666210295671,-0.626119472951813,2.56316821425933,0.627273351865351,0.275471043729187,-0.210179963698183,0.563791623872312,"Feminine",-0.404708713784664,-0.807414449455619
-1.63882968503843,-0.710211559962037,-0.820989248635765,1.01789570218505,-1.35670645884787,-0.674900510795505,0.0519257301379719,-0.965119075492087,-1.04066179047067,0.315266299565606,-0.219284431434498,-0.21611440329533,-0.485281197029374,-0.696019841208689,-0.327695780864305,0.7142193711775,-0.184580360729684,-0.588017512424614,-0.865901432109375,1.44316759430191,-0.356330640234861,0.382277121184313,-0.814529324018672,0.377783427034761,-0.596396257762758,1.48231571464903,0.309958450568537,-0.351096767824492,-1.10287049384955,0.226281602274227,-1.02748706659893,-0.739055704179664,-0.121250687645391,"Feminine",-0.404708713784664,1.23709114477995
1.51770018442809,0.66572403495323,1.77514908804616,-0.527531172803183,-0.453690740340023,-0.609958362721547,0.0519257301379719,0.5064180915062,0.117977699035698,1.2864857217312,-5.94187286202344,0.0959836853698474,-0.485281197029374,1.45278590254971,-0.327695780864305,-0.733808618572149,-0.67051635910956,1.0752834049537,-0.932544162623521,-1.37226107053025,-0.0437955183090115,0.61235714196783,-0.421129361099229,1.78006815500738,0.501716766806798,-0.0504429825283554,-0.313230589176383,-1.36320803278927,0.584882381718522,0.932292315435965,0.283354541350806,-0.28440796730955,-1.253974158883,"Feminine",-0.404708713784664,-0.807414449455619
-1.22287962584786,-0.0222437625044037,-1.14729231558877,0.155918596879346,0.0764468799025769,0.16942257868918,0.0519257301379719,-1.01809617563779,0.264008546801011,-1.33477658561653,0.0814360658104744,-0.766541941486642,-0.485281197029374,-0.696019841208689,-0.327695780864305,-0.733808618572149,-0.67051635910956,0.463431470134708,1.29585145702445,-0.186573793563415,-0.141247674371839,0.795720721656939,0.000526864082308585,-0.823191820210955,-0.596396257762758,0.715936366060339,-0.259273165232009,0.322180400168698,-0.729632743330026,0.262241352491552,0.956362091669833,-0.371812267242142,-0.681102518257089,"Feminine",-0.404708713784664,1.23709114477995
-1.21384956480233,0.321740136224413,0.745358287673016,-0.564971702696121,-0.400224893213201,-0.387471373949654,0.0519257301379719,-0.902851388860748,0.264008546801011,0.444600436628323,0.0814360658104744,-0.766541941486642,-0.485281197029374,0.134027687243117,-0.327695780864305,-0.733808618572149,-0.67051635910956,-1.00260707246306,-0.726163083443159,1.2950564343064,0.35372898478096,0.781505078658727,0.517418448191737,0.107817340637537,0.501716766806798,1.48231571464903,1.99349945647588,2.24698836790638,-0.0359271974307614,-1.84637293623136,-0.443365357307228,0.339115476750803,-0.112236973020167,"Feminine",-0.404708713784664,-0.807414449455619
-0.129092296596619,0.66572403495323,0.163921655938936,-0.806302103010374,-0.647381715004309,-0.674900510795505,0.0519257301379719,-0.543990359936779,-0.26387936251211,0.738432460476495,-0.857816472367341,0.0129455039022975,-0.485281197029374,-0.696019841208689,-0.327695780864305,-0.221152746424758,-0.67051635910956,-0.23814312575377,-0.219421832402784,-0.331338812624791,0.564367198226489,-0.244562633864911,0.938178516001833,-0.0769668998654148,-0.596396257762758,1.09912604035469,-0.0123969437679502,0.493247936242334,-0.298540333974872,-0.478307131268553,-1.12534378428821,0.0730435170647869,-0.446889803305057,"Feminine",-0.404708713784664,1.23709114477995
-1.14405564474668,1.69767573113968,-0.432100453431587,-0.100708699946915,-1.13727568394564,-0.674900510795505,2.04164618586742,0.0809123833349086,0.264008546801011,0.843674559531062,0.0814360658104744,-0.368558393788061,-0.485281197029374,-0.200272638697832,-0.327695780864305,-0.733808618572149,-0.67051635910956,1.39619086768002,1.00336407325246,-1.10226001133834,-0.50877856139994,-0.0821383927311767,-0.0662844435888982,0.392958737450342,1.23379211651984,-0.0504429825283554,-0.407130757934759,0.0777989886024156,-0.675357217559275,0.454086281548625,1.0966432212856,-0.752079044276023,-1.34737714376766,"Feminine",-0.404708713784664,-0.807414449455619
-1.48163431877666,-0.710211559962037,0.35384731626181,0.893985471360025,-0.17497860036476,-0.674900510795505,0.0519257301379719,-1.21197745778362,-1.84069548785425,-0.490896885752612,0.00488619602550479,0.121411917293683,1.21031094728868,-0.696019841208689,-0.327695780864305,-0.733808618572149,-0.67051635910956,0.136717545580938,-0.127236628320794,0.149235874387004,-0.188971533146807,-0.636018772390215,-0.904142579803946,-0.091151560219369,-0.596396257762758,1.09912604035469,2.57573981784474,0.956708672642546,-1.00965971997061,-1.67838476119572,-0.254559311849723,0.136048784866031,-0.369392949092984,"Feminine",-0.404708713784664,1.23709114477995
0.875347513524436,-1.05419545869085,-0.996155834251508,0.902998700152489,0.250855237172571,0.29190658586781,0.0519257301379719,-0.546943083018732,0.264008546801011,-0.830856963445103,0.0814360658104744,-0.27759072574267,0.448395516205505,-0.696019841208689,-0.327695780864305,-0.0906585244236034,0.624471522287202,-1.79247801816826,-0.375580921652466,1.15887308250311,0.989745799557591,-1.25650978173044,-0.651604157947433,-1.95364287013805,-0.596396257762758,0.715936366060339,-0.633219541768844,-0.0915593281643268,-0.998315235974803,-0.81170656944042,-0.330625230563386,0.204857440747199,0.6989973432508,"Feminine",-0.404708713784664,1.23709114477995
-0.681654201073019,-1.39817935741967,-1.26839449108945,-0.953441171207871,-1.22606087090221,-0.199762549887058,0.847813912429751,-0.340152693838313,-0.888955937299544,0.569215925080246,-0.243104921555643,-0.280117605410599,-0.485281197029374,-0.696019841208689,-0.327695780864305,-0.733808618572149,-0.67051635910956,0.22784680767374,0.507370679486026,0.858834638396263,-0.643231966671529,-0.770007505354887,-0.0794419195057567,-0.0395376093932301,-0.596396257762758,1.48231571464903,-1.03221129310101,-0.52143330706127,-0.0596069160090565,0.954497942713103,-0.399709426099787,-1.21109022247631,-0.759408713738323,"Feminine",-0.404708713784664,1.23709114477995
-0.131168447455261,0.321740136224413,-0.147965991839508,-1.15971053284704,-0.880770297417179,3.00590843567822,0.0519257301379719,-0.180791414956881,-0.212189164348312,0.658112984667573,-1.1798040037172,-0.565638827226845,-0.485281197029374,-0.19551092597361,-0.327695780864305,-0.469547373911327,-0.315788266375477,1.69598093521936,0.409479786691571,0.400410957062626,-1.85136110257719,-0.411516942049693,-0.705636669811403,1.80302606933125,0.13567909195028,-0.0504429825283554,-0.0222825416890737,-0.850735383757595,0.706389657567497,1.53286164777285,1.02784679720998,-1.0363874349594,0.393314847264636,"Feminine",2.4680596971786,-0.807414449455619
0.211521762531218,-0.0222437625044037,0.149474998055477,2.34254009872058,-1.19345128813501,-0.674900510795505,0.0519257301379719,-0.208172091962942,0.264008546801011,1.31394169399544,0.0814360658104744,-0.111772487359932,-0.485281197029374,-0.696019841208689,-0.327695780864305,-0.733808618572149,-0.67051635910956,-0.199360737745943,-1.24801463584385,1.2622755405324,-0.494708555362573,0.546563189948533,-0.792027932596004,1.35460496256251,-0.596396257762758,1.48231571464903,-0.46282355210477,-0.998875687498185,-1.02024561851694,0.994403171307099,-0.57158389605276,-0.475462337464342,-0.128690579082097,"Feminine",-0.404708713784664,1.23709114477995
0.0755558303308619,-1.05419545869085,-1.45342595070166,-1.04444115706808,0.927094244428878,1.41003322811619,-1.1419065432997,-0.0046738721346605,0.732014898119362,-2.05252318040778,-0.0790687893277488,-0.766541941486642,-0.485281197029374,-0.696019841208689,-0.327695780864305,-0.00660513473311949,0.30563701208526,0.291631481811911,1.44331882496597,-0.0254275931807962,-0.218988742410552,0.327244820754198,-0.151489243579127,-1.25859302461529,-0.596396257762758,-0.0504429825283554,-0.913047467401014,-0.542622971522775,2.23694900188347,0.867385962529067,-0.306471659738877,-0.546902579411455,0.954809103389461,"Feminine",-0.404708713784664,1.23709114477995
-0.364908301939586,-0.0222437625044037,-0.873332797285977,-1.01743092614257,-0.686552114351459,2.01145642203302,0.449869821283861,-0.463294176938839,0.0255703982365747,-0.0278389955502358,-1.73957738890873,-0.297100001183827,-0.485281197029374,-0.696019841208689,-0.327695780864305,-0.116320373566689,-0.67051635910956,1.50342087781863,0.959163400417894,0.216048044369754,-1.54495591950364,-0.49315572440642,-0.703847821495329,0.861532398014395,-0.596396257762758,0.715936366060339,-0.651023681113005,-1.2327010807981,2.41050448352147,1.70911010089735,0.484157030490692,-1.32006245485952,1.76160792453602,"Feminine",-0.404708713784664,1.23709114477995
-0.676450668153122,-0.0222437625044037,-0.167614859682029,0.57870469861542,-0.346056499142131,0.142003351819017,0.0519257301379719,0.0413691843675623,-0.400965008112424,0.408292861916728,-0.563601383065562,-0.205450382436184,-0.485281197029374,0.701824729805529,-0.327695780864305,-0.733808618572149,-0.175165803384023,-0.184879375329322,-0.150286906269836,0.530272797411453,-0.0610203827203169,0.664886354410023,0.87717128854781,0.396503789473636,0.501716766806798,-0.0504429825283554,0.364113447677468,0.587557964089461,-0.47444636079567,-0.0599235225822916,-0.841832560703592,-0.362971724960015,0.464640762994746,"Feminine",-0.404708713784664,-0.807414449455619
-1.5339558610734,-0.0222437625044037,-1.22757467335836,-1.10173087488429,-0.117998407639162,1.96819785628699,0.847813912429751,-0.570172410109216,-0.832299205894113,-1.56512014574649,-0.0197389622876584,-0.766541941486642,-0.485281197029374,-0.696019841208689,-0.327695780864305,0.48296182981699,-0.67051635910956,0.611895320203011,0.986331549714527,0.787646451855999,-1.02271242710986,-0.17814139249922,-0.309519944322175,-0.0278485189380017,-1.3284716074758,-0.0504429825283554,0.00723804351785966,-0.352912902510134,0.340029318559943,0.821897672921578,-0.537933241863606,-0.82041459815409,-0.99746446905051,"Feminine",-0.404708713784664,-0.807414449455619
0.515453533716165,-0.0222437625044037,-0.701755189655009,1.13122156864491,0.126617485970542,-0.526230267599376,1.24575800357564,0.57822100196169,0.629818963154294,0.212611803694868,0.814466439100422,-0.766541941486642,-0.485281197029374,-0.0231692621910856,-0.327695780864305,0.687211675529372,0.760101529951426,-0.62859560483136,0.29841635228515,0.425264538808986,0.321338250855847,-0.509643941851973,0.449858607370563,-0.902296462551471,1.23379211651984,-0.0504429825283554,-0.707100823197029,0.294939079454203,-1.0499531715834,-0.0961644269932318,-0.458018955806404,-0.12693074271217,0.488400416292591,"Feminine",-0.404708713784664,-0.807414449455619
1.33730418626905,-0.0222437625044037,0.450356873941407,-1.22118590342621,0.413318539201731,1.89665484370702,0.449869821283861,0.0765616935397258,-0.278150937217112,0.251910799008349,-0.827297405076318,0.605848469653788,0.3882680972487,0.443656595183219,-0.327695780864305,-0.733808618572149,0.137212007577769,-0.564552485584286,-0.751965445460173,0.335297004274735,0.312757183832494,-0.0354017127885552,0.489111319900366,0.210763739332882,-0.230358582906239,-0.0504429825283554,-0.0801471930327344,-0.100843117733496,1.22754024931366,-0.044577282986637,-0.251400758398287,0.257779385594595,-0.37513698292279,"Feminine",-0.404708713784664,-0.807414449455619
-2.60407810202764,1.69767573113968,-0.00520508844675692,-1.05392998282241,-0.673271356446899,0.293443640075542,1.64370209472153,-1.50825526830349,0.264008546801011,-0.322585184309883,0.0814360658104744,-0.286321997452384,-0.485281197029374,-0.0978350789953332,-0.327695780864305,-0.102143347533398,-0.67051635910956,-0.310979507172437,0.235638644476747,0.371949964412613,0.186488621093005,0.179609727700537,0.468103755575142,-0.427901675946638,0.13567909195028,-0.0504429825283554,2.20276271560733,2.38032346940999,0.383296490633192,-2.03335402058487,0.160466786573223,0.248844807965178,0.113105892610664,"Feminine",2.4680596971786,-0.807414449455619
-0.922698464384765,-1.39817935741967,-1.60813532490113,-0.329397008124017,-1.34192513445779,-0.0684566176701944,0.0519257301379719,-0.291511438105799,-1.14207524105692,-0.115254750992765,-0.0874816830712545,-0.305154152120395,-0.485281197029374,-0.696019841208689,-0.327695780864305,-0.126914534632959,-0.67051635910956,0.594488391630537,0.975560983359657,-1.03388218555299,0.211846496433833,-1.71491546189536,-1.27454706657159,-1.25572157687761,-1.3284716074758,1.09912604035469,-1.65279666281557,-1.14757865892926,-0.670133247906703,0.406992712892834,-0.435698167020816,-1.13343800078996,-1.46880102411772,"Feminine",-0.404708713784664,-0.807414449455619
0.14355799137635,0.321740136224413,-1.32266717905151,-0.680507707657785,0.236814796709007,0.428127039739844,2.04164618586742,0.0413457049900252,-0.978880743858919,-1.27326836929694,-0.0541764996974312,0.806546231728643,-0.485281197029374,-0.696019841208689,-0.327695780864305,2.02510821983664,-0.207591257588897,-0.237770612181525,0.60517150695751,0.794516231787136,-0.450898858326797,-0.853623541603312,0.223326627984963,-0.62792539713251,-0.596396257762758,-0.0504429825283554,-1.1507066175457,-0.468831872389596,0.249377145911948,0.816668074673455,-0.605101543703612,-0.689905582372552,0.916441592972922,"Feminine",-0.404708713784664,1.23709114477995
-0.321666884148584,0.66572403495323,-0.848872476938553,-1.62511627330741,-0.340576860173394,0.212023682900262,1.64370209472153,-0.216373995194758,0.264008546801011,0.183332904465212,0.0814360658104744,-0.766541941486642,0.936936546177066,-0.696019841208689,-0.327695780864305,-0.488889937813307,-0.67051635910956,1.01693717376319,1.3831379641751,-0.233874460493853,-0.751068271365818,-0.515298175915197,-0.132696510457082,-0.135533831185218,-0.596396257762758,1.09912604035469,-0.8010495117295,-0.109626302366267,2.28540806986344,0.782281698853433,1.5188658194665,-0.690498012654152,-0.329402840151301,"Feminine",-0.404708713784664,1.23709114477995
-2.07875997414448,-0.0222437625044037,-1.60521557018594,-1.57706630893558,-0.92138544913082,1.71297231838541,1.24575800357564,-0.374569154070902,-0.683331698096899,-0.482247900944203,-0.0850189143663605,0.0328050566510604,-0.485281197029374,-0.198167555035365,-0.327695780864305,0.317625717933965,-0.317671111878311,0.0239978781867512,0.969356283421325,1.94152650686489,-1.29134876354755,-0.98648839764348,-0.296079341448938,-0.388013965289492,0.13567909195028,-0.0504429825283554,-0.20250405792971,0.431726688107,1.84475842830766,0.458503512703315,0.49467997001907,-1.38433557372448,-0.949794526692248,"Feminine",2.4680596971786,-0.807414449455619
-1.0915285899423,-0.0222437625044037,0.243627860867065,-0.584314657288165,-0.996077865231657,0.265776664336369,1.24575800357564,-0.83580442850065,-1.30159585792501,0.808366415524841,-0.277907610998937,3.19653633349082,-0.485281197029374,0.126746568572486,-0.327695780864305,2.741458556827,-0.67051635910956,0.195783230087103,-0.270310107941442,-0.546893988289556,-0.203316599468638,-0.263393981165417,0.200881567396576,0.449562645300387,-0.230358582906239,1.09912604035469,-0.0149460473805006,1.0331610895695,-0.103408253625597,-0.525237661058684,-0.8111186602809,0.107979626194598,1.59248180547702,"Feminine",-0.404708713784664,-0.807414449455619
1.5306225733284,0.66572403495323,-1.63948269144939,-0.240477047522237,0.192118442373293,-0.141103542367497,2.04164618586742,1.3991492395242,-0.900997341833235,-0.884422213551744,-0.0797649648076521,1.19947600171366,-0.485281197029374,-0.0837785180033763,-0.327695780864305,-0.733808618572149,-0.67051635910956,0.466657902371039,1.06712485816758,-0.903061818162215,0.163287863085149,-0.369381086852518,-0.644766785531407,-1.27051480963911,0.13567909195028,-0.0504429825283554,-2.52051023810529,-1.21728869182182,-0.432330366516056,1.18218695274884,0.0436545485744166,-1.36553584123617,1.93377932524508,"Feminine",2.4680596971786,-0.807414449455619
-0.315707310489284,-1.39817935741967,-0.379648528489059,0.28339542561192,-0.24549044537742,0.474816036587895,0.0519257301379719,-0.761474757266376,0.264008546801011,-0.202066795143695,0.0814360658104744,0.417396536887125,-0.485281197029374,-0.696019841208689,-0.327695780864305,0.044847941953604,1.41992529429822,-1.4120862630763,-1.06461459824917,0.611161394440133,0.86525551069357,0.647113504428664,-0.375733381897659,-0.766621090596294,-0.596396257762758,-0.0504429825283554,0.0470019800338001,0.342426815244308,-0.621126490635192,-0.76820717301844,-0.942620847798473,0.467259991029002,1.05954592826012,"Feminine",-0.404708713784664,1.23709114477995
-0.494646996598704,-0.710211559962037,-1.27540608079317,-0.840225876265277,-0.745866541061374,-0.674900510795505,0.0519257301379719,-0.527183536739828,-1.1303578761581,-0.44836510608577,-0.0552014623388157,-0.178272510044677,-0.485281197029374,-0.696019841208689,-0.327695780864305,-0.733808618572149,0.88751593569592,-0.485025622689454,0.0851380679911099,-1.20189627176839,1.29305313122759,0.0234734787100751,-0.735712147971317,-1.59165887412809,-0.596396257762758,1.09912604035469,-1.07943578408197,-0.682881873207154,0.728654033653005,-0.296735182342596,-0.936877521020116,-0.323149548337286,-1.33209301896835,"Feminine",-0.404708713784664,1.23709114477995
-1.3314580083474,-0.710211559962037,-0.952505644296387,0.369547160114228,-1.42911088167572,-0.674900510795505,0.0519257301379719,0.0891602217242568,0.264008546801011,0.812696172995522,0.0814360658104744,-0.569425482783575,-0.108877495882328,-0.696019841208689,-0.327695780864305,-0.47452821412483,-0.322474240898213,2.42096056040203,1.82015383486028,-1.08974027180784,-1.60597868651868,-1.26695471115493,-1.02255050477981,0.658887381289653,-0.596396257762758,0.715936366060339,-0.784725290523467,-1.00850139150324,0.40821617135587,1.46867576578327,0.681293359192494,-1.89202073227954,0.385494023171428,"Feminine",-0.404708713784664,1.23709114477995
0.0854404420430281,-0.710211559962037,-0.642809670661639,2.20842924119319,-0.472696653573657,-0.674900510795505,-0.346018361007918,-0.98588411940682,0.264008546801011,-0.455834576581935,0.0814360658104744,0.617621426612101,0.836283268394993,-0.696019841208689,-0.327695780864305,-0.733808618572149,1.16246281124983,-2.57182219115956,-1.49022555150709,-0.0137966621023309,2.45642746208538,-0.303025966987393,0.71605326965872,-1.83233037066574,-2.06054695718883,1.48231571464903,-0.326899630744118,-0.640636710868782,-1.26685189740892,-1.26719865077211,-1.01652032366484,0.436628046096295,1.34016157225322,"Feminine",-0.404708713784664,-0.807414449455619
-1.64838356124073,-1.05419545869085,-2.16520605622949,-1.19429364855917,-1.59737295449358,-0.674900510795505,-0.346018361007918,-0.93616113007395,-0.780949896634387,-0.0405642485033809,-0.124059611859008,2.76031928683053,1.19839812191877,-0.696019841208689,-0.327695780864305,-0.733808618572149,3.22152372159109,-0.666196334263136,0.0242366267730158,1.5258171958568,-0.907064724315856,-1.55289535592232,-1.69861261506352,-0.97543134354653,-1.3284716074758,2.24869506323773,-1.58448346678378,-0.899845903670976,0.176288140898529,0.783059434878308,-0.634605077363129,-1.21782948402774,0.00354895468608406,"Feminine",-0.404708713784664,-0.807414449455619
-0.74659121913482,-1.05419545869085,-0.133800619354137,1.43362732005496,-0.781604465830102,-0.537392883865929,-0.346018361007918,-0.31571828672931,0.264008546801011,0.184582686488713,0.0814360658104744,-0.766541941486642,-0.485281197029374,-0.696019841208689,-0.327695780864305,0.222225305162174,0.291974633820466,-1.62697188549396,-1.34600895022574,0.950917423668397,1.05805228243649,-0.16129188641748,-0.447140030263374,-0.749482867542041,-0.596396257762758,-0.0504429825283554,0.853996870219028,0.445667463546531,-0.755678004542339,-1.41313300692691,-1.08809473098778,0.0235125230241,0.0271034778378003,"Feminine",-0.404708713784664,1.23709114477995
-0.705686013980931,-0.710211559962037,0.542432470216514,1.35130244821923,0.546246947472418,-0.674900510795505,0.449869821283861,-1.08402579291352,1.07705019284131,-0.558099515466882,0.416155765154812,-0.766541941486642,-0.485281197029374,-0.696019841208689,-0.327695780864305,1.79285246558286,0.177392372757368,-2.08233642249354,-0.873312971733165,1.80839692600639,0.853973339741583,0.7919087433494,0.753876076891807,-0.79320662604844,-0.596396257762758,-0.0504429825283554,1.3076176702375,2.4389494089816,-1.17719893449006,-1.97428535261744,-1.19412099855201,1.00069986543726,0.773265273613637,"Feminine",-0.404708713784664,1.23709114477995
-1.21434519456815,-1.74216325614849,-0.294414150457454,2.08391039715647,-0.831936379203241,-0.674900510795505,-0.346018361007918,-0.774228517256079,-1.32388204162218,0.417474878487599,-0.149719613603287,4.59278099264657,5.91090269256898,-0.696019841208689,-0.327695780864305,0.147375674122476,0.512331409188788,-2.29505171539521,-1.55165083885253,0.429514526234196,1.30960292193296,0.631534339250622,-0.764988556156027,-1.14848286882665,-0.596396257762758,1.48231571464903,0.67660943392552,1.25182629096552,-1.26850674711304,-2.17240713040855,-1.25268357115251,0.660853170596077,1.43136165655098,"Feminine",-0.404708713784664,1.23709114477995
-0.54681419084997,-0.710211559962037,0.637945576582175,1.9000008371769,-0.0945407355120552,-0.674900510795505,0.449869821283861,-0.846754465310998,0.940680150299517,0.0205916173123821,0.632695171807425,0.432478555719913,-0.485281197029374,-0.198167555035365,-0.327695780864305,0.317625717933965,1.44655512427793,-2.10166540478187,-1.6676411903687,0.382160101590022,1.69461790777416,1.7653471784192,0.893121825813627,-0.301147395413896,0.13567909195028,-0.0504429825283554,0.60458354844054,1.11482468464426,-1.20953768063754,-1.50794386251794,-0.966441791052626,1.03397859824115,1.49889704831639,"Feminine",2.4680596971786,-0.807414449455619
3.0269669695743,-0.366227661233221,-1.24456284657237,0.885619622471485,-0.495258683371458,-0.674900510795505,0.449869821283861,2.33648614839319,-0.70809876332299,1.43338097248212,-0.307483428590603,1.69419293513334,-0.485281197029374,1.34745228765959,-0.327695780864305,1.42403701321164,-0.67051635910956,-2.54983392322351,-1.62214005748762,1.66634420005168,1.31632284461157,-1.76720766541047,-0.740669581758862,-1.74040722962705,-0.230358582906239,1.09912604035469,-2.37746110677054,-0.884719871046048,-1.12850818184011,-0.0943188253797159,-0.903876359703242,-0.803524869249121,1.09521170555421,"Feminine",-0.404708713784664,-0.807414449455619
0.225555858390595,-0.0222437625044037,-1.2312479037568,-0.509009879797658,0.74289754222764,-0.674900510795505,0.0519257301379719,0.777420231293268,0.806036310827877,-1.79930488038689,0.262433881151323,-0.126248682774298,-0.485281197029374,-0.696019841208689,-0.327695780864305,-0.733808618572149,-0.67051635910956,0.403055838538392,1.15448426933638,-1.52249457913859,0.756631818272,0.302069530830307,1.37304943974459,-1.15851157615024,-0.596396257762758,-0.0504429825283554,-0.905379803037837,-1.15677488474441,-0.379869903519352,0.75271815187864,0.948303984823767,-0.494078734947397,-1.99003433458762,"Feminine",-0.404708713784664,1.23709114477995
-0.495776488527046,-0.0222437625044037,-0.797779439587498,0.0719882026593911,0.387615657482586,-0.674900510795505,0.847813912429751,-0.0959877802734393,1.0069277198728,-1.26029539212223,0.185757582700489,-0.327739568383078,-0.485281197029374,-0.696019841208689,-0.327695780864305,0.420563345284214,0.104262715230383,0.699386268455492,1.22420457074844,-2.28475628896985,0.83073195749259,0.789625110657003,-0.133083936705261,-1.20838671086278,-0.596396257762758,-0.0504429825283554,-0.576742636031446,-0.426752112736036,-0.566967076988294,0.0210377286178144,-0.848176685067701,-0.0775127198321415,0.0233747695396509,"Feminine",-0.404708713784664,1.23709114477995
0.262772097437665,-0.0222437625044037,0.401433722653047,0.523806235317036,0.326125869396425,-0.674900510795505,0.847813912429751,0.290978972566742,1.12539320963289,-0.678990595833498,0.605047031346075,-0.766541941486642,-0.485281197029374,-0.696019841208689,0.901798665040334,-0.733808618572149,0.227808567625132,0.143717013391444,-0.319779130252032,-0.192838699922613,0.0983174977850492,0.116724963931194,0.00700625334257237,0.253624779223979,-0.596396257762758,-1.96639135400009,0.639484634121409,0.0197579349829685,-0.469229625787116,-0.273267360204188,0.355659301939292,-0.139551884641499,-1.18176344787974,"Feminine",-0.404708713784664,1.23709114477995
0.513789543201082,1.35369183241086,-0.921800054468661,-0.0916448200609706,-0.889852769156298,-0.485827523767338,1.64370209472153,2.1577786568634,0.264008546801011,1.44974404664072,0.0814360658104744,0.132008025393687,1.23054474376026,1.5425331591506,-0.327695780864305,-0.43832796672586,-0.67051635910956,0.427765892268238,0.62333690129967,-0.689175481222551,0.0549630671946355,-1.350991678005,-0.757852682531562,-0.631665364445303,0.867754441663317,1.09912604035469,-1.3498664372078,-1.05482078458247,0.0777747185927163,0.574337353466279,0.513683005836857,-0.979636107495771,-1.0607043147272,"Feminine",-0.404708713784664,-0.807414449455619
-0.25443960601228,-0.710211559962037,-1.54349636664724,-1.00027827211148,0.447764058454185,-0.674900510795505,0.0519257301379719,-0.153292917075375,-0.39702442408331,-1.77114891941508,0.144204857834262,-0.766541941486642,-0.485281197029374,-0.696019841208689,-0.327695780864305,-0.000141103765661327,-0.178101214084618,0.0409117580727351,1.5600437175503,0.153684046061581,-0.0375513886385711,-0.922165656606296,0.694393097417747,-1.39277062351711,-0.596396257762758,-0.0504429825283554,-1.09568100897943,-0.181760369735509,-0.135812658731798,0.502967072798599,-0.416311963614433,-0.548970040887929,0.510675091259334,"Feminine",-0.404708713784664,1.23709114477995
-1.26915233056278,-0.710211559962037,-1.00268528832216,0.447191024609203,-0.488703820053409,-0.674900510795505,-0.743962452153807,-0.888388058664482,0.000972239856474449,-1.40197228224941,-0.738011602517122,-0.766541941486642,-0.485281197029374,-0.696019841208689,0.923784122807542,-0.0526180099141312,-0.67051635910956,1.50621816002782,0.760500279926372,0.585428267119434,-1.75795082968129,0.306786001927464,-0.111892200549674,1.22541009665007,-1.69450928233231,-0.81682233111705,0.936692711616269,-1.50971325548048,-0.972503659926191,1.71498764884452,-0.74204718517944,-1.04832218986827,-1.91497989806676,"Feminine",-0.404708713784664,-0.807414449455619
-0.493475679316798,-0.0222437625044037,-1.07730769682183,-1.29710556162233,-0.79359004795152,0.0701158119089391,0.847813912429751,-0.0722080937476058,0.136904927559616,0.202137310643392,-3.20436293764223,-0.766541941486642,-0.485281197029374,-0.696019841208689,-0.327695780864305,-0.240064279096196,-0.67051635910956,1.89790819297825,1.71854750987319,0.31572249003925,-1.96208179959672,-0.829493236275109,-0.732396419766607,0.698034675029428,-0.596396257762758,-0.0504429825283554,-0.827983025823785,-0.362821067016425,1.89123600280578,1.57810905030281,0.57516165006508,-1.41733987153604,-0.082191257602715,"Feminine",-0.404708713784664,1.23709114477995
-1.83934735687922,-0.0222437625044037,2.38373972769357,0.872320216549271,-0.771680935746293,-0.559928856057165,0.0519257301379719,-1.61849880385023,0.104052549186057,0.645787154045051,-4.54056560517779,-0.766541941486642,-0.485281197029374,-0.696019841208689,-0.327695780864305,-0.733808618572149,-0.67051635910956,-0.269940220581302,-1.38217049772303,1.7109150635754,-0.666030482783181,0.246140586866395,1.13126047863057,2.13623918191075,-0.596396257762758,1.09912604035469,2.52987814153449,2.41055591754542,-0.861790030213422,-1.42143374822222,-1.00307378294909,0.762554397625146,0.262450772185596,"Feminine",-0.404708713784664,1.23709114477995
0.706704808689863,-0.710211559962037,0.709403295960507,0.0359957758777909,1.34210567350719,-0.674900510795505,-0.346018361007918,-0.804100744736712,0.887711727325076,-0.780060997836207,0.548980117657462,-0.766541941486642,-0.485281197029374,-0.696019841208689,-0.327695780864305,-0.249243479145164,-0.67051635910956,0.335715308041954,0.140585648801609,-0.556307899392761,0.20306144373069,0.630865714576001,-0.755236661020176,-0.141948681737792,-0.596396257762758,-0.0504429825283554,-0.4428200725918,-0.183959065551423,-0.604653242863986,0.150163794621904,-1.03345562021754,1.66157912114717,0.790763474073956,"Feminine",-0.404708713784664,1.23709114477995
-0.188659169859745,0.66572403495323,-0.669978128659207,-0.512058500492867,-0.46531203670215,-0.674900510795505,0.0519257301379719,-0.643147396830537,0.822173739879465,-0.0475761024603033,0.751377009303167,-0.766541941486642,-0.485281197029374,-0.696019841208689,-0.327695780864305,-0.733808618572149,-0.67051635910956,1.40013698847313,1.24681829432378,-1.58884990465702,-0.153171674112464,0.320084633217173,-0.293371878195976,-0.106192037628328,-0.596396257762758,1.09912604035469,-1.20106159220211,-0.905501301361558,-0.434202755597061,1.08657853907105,-1.13906347280122,-0.605293703822417,-1.04691212010255,"Feminine",-0.404708713784664,1.23709114477995
-1.1557643244585,1.00970793368205,-0.739404020180894,-0.500633196778932,-0.648620027174181,-0.674900510795505,1.24575800357564,-0.22380833741152,0.789070038148288,-0.0470692007709159,0.784618713111773,-0.766541941486642,0.699119246448149,-0.696019841208689,-0.327695780864305,0.0820489967398437,-0.67051635910956,1.73027842543658,1.50275092894348,-0.916541211007401,-1.04435814849895,-0.20068142369917,-0.115446149321083,0.518503805512666,-0.596396257762758,-0.0504429825283554,-0.543503941295351,-0.603611296760026,-0.402596477554416,1.21624987359995,-0.937462486617934,-1.00579316645951,-0.16624319566924,"Feminine",-0.404708713784664,1.23709114477995
-1.13494332746498,-0.0222437625044037,-0.358685478756949,-1.24393036701368,-0.131025430883663,0.0253028000169422,1.24575800357564,-0.924990290674214,0.529049981518514,-0.424867948367723,1.13859527165617,-0.375177662772652,0.262048396724115,-0.208517914415269,-0.327695780864305,-0.733808618572149,-0.325006771903909,0.694299585417561,0.671775778478865,0.209257381670424,-0.741450438784981,0.665630027440112,0.251546559899622,0.559842982718876,-0.230358582906239,-0.0504429825283554,0.311202750538809,0.315983472477493,1.61555151222515,0.48492381657518,0.75151653342525,-0.127240683765417,-0.580462905714696,"Feminine",-0.404708713784664,-0.807414449455619
-0.129703402288458,-0.0222437625044037,1.41027341017469,-0.162914293314855,-0.100408023549925,-0.418775537368509,0.449869821283861,-0.217405129853491,0.921147361744925,0.633112394893913,0.889277600709822,-0.766541941486642,-0.485281197029374,1.23790532817387,-0.327695780864305,-0.733808618572149,-0.32785633550973,0.601751320544679,-1.05205180071405,0.0411357784570546,-0.467147509965028,2.31697515758409,-0.459625151462161,1.94878631752862,1.23379211651984,-0.0504429825283554,1.71658514027846,0.0530549857555637,-0.364920555882536,0.118024299643099,-1.08271446380928,-0.0743082502041227,0.128819456420936,"Feminine",-0.404708713784664,-0.807414449455619
0.231052677376003,0.321740136224413,1.16280314213975,0.243066555286062,-0.921227183661734,1.39458927449462,1.24575800357564,-0.20310101609108,0.264008546801011,0.97250499671048,0.0814360658104744,-0.766541941486642,-0.485281197029374,-0.696019841208689,-0.327695780864305,-0.00767141550121208,-0.67051635910956,0.139621413113152,-0.63990815732853,-2.54984506023427,1.71732371721646,0.251792778812222,-0.482654891151425,-0.37158319180862,-0.596396257762758,1.09912604035469,0.238999990220028,-0.478593683482887,-0.318894173048672,-1.07846829574491,-1.07529576464188,0.22380959814012,0.290848242804856,"Feminine",-0.404708713784664,1.23709114477995
-0.173478532079091,0.66572403495323,0.263018681869262,0.600685405502661,-0.245282195698716,-0.674900510795505,0.847813912429751,-0.609244228009341,0.264008546801011,-0.300592157218672,0.0814360658104744,-0.766541941486642,-0.485281197029374,-0.696019841208689,-0.327695780864305,0.176532507336636,0.245973226070134,-0.0486684454987009,-0.531308565725573,-0.598845712316691,0.502439567879789,1.02062043448883,-0.00468133483846075,0.348755066706771,-0.596396257762758,-0.0504429825283554,0.264378775449905,-0.175939925146671,-0.948796577949793,-0.139247689658856,-0.367614538885478,-0.0971144911365259,0.367360673077133,"Feminine",-0.404708713784664,1.23709114477995
-0.851482470611382,-2.43013105360612,0.282477066707696,1.24422662341656,-1.90227560026025,-0.674900510795505,0.0519257301379719,-0.190466256274755,1.41459455852591,1.72103083498,0.68518690277077,-0.766541941486642,-0.485281197029374,-0.696019841208689,-0.327695780864305,0.160100357049476,-0.0705520578607583,-0.252385382024558,-0.807427862817553,0.108379646079059,0.268568759103714,-0.00739567563482407,-1.15213245607766,0.309113777791496,-0.596396257762758,2.24869506323773,0.0157973385169984,0.149363075819917,-1.16218986820731,-0.481681953924352,-1.02562388228606,-0.318165441314273,-0.082191257602715,"Feminine",-0.404708713784664,1.23709114477995
0.300667761803193,-0.710211559962037,3.47720707744114,1.00895012432515,-0.44219344575471,-0.243756805526729,0.0519257301379719,0.114291379972497,0.264008546801011,1.6008453143904,0.0814360658104744,-0.766541941486642,-0.485281197029374,1.6371983357827,-0.327695780864305,-0.733808618572149,0.156300115745753,0.660059375714439,-1.67787431489386,-0.0173790520003272,-0.534751863143231,-0.0220529331748612,1.10433815253638,2.89541272441086,1.23379211651984,-0.0504429825283554,1.52101252972657,-0.436346672098129,-1.0991405227773,0.249018167320606,-0.980453023578633,0.772785236192396,-1.51437035916751,"Feminine",-0.404708713784664,-0.807414449455619
-0.175278453628256,-0.0222437625044037,1.45756474250189,-0.660946087900793,-1.24714336741037,1.95483789040189,-1.1419065432997,-0.703390105719455,-0.220725027720353,1.13632559142432,-1.66585289899231,0.664988233885442,0.881507907896208,-0.696019841208689,-0.327695780864305,0.20768486525747,-0.0386147946764124,1.24626078393396,-0.952343092345201,0.396884157001045,-1.63465968090418,0.432444986633868,-0.789620434250113,3.0374354498425,-0.596396257762758,-0.0504429825283554,0.435446879834421,-0.652844438388616,0.967005146620936,1.24068973338901,-0.425603232429536,-0.358105503879015,-1.0762978041776,"Feminine",-0.404708713784664,1.23709114477995
2.5015768142355,1.35369183241086,-1.02945231219443,0.819073020073072,2.07401615716703,-0.395239728999543,0.847813912429751,1.61411391236281,-0.587025699521547,-1.56905834403152,0.036275999485101,0.238778315183206,-0.485281197029374,0.556254801181885,3.31646666227094,-0.733808618572149,0.217014276115636,-0.0222340852009429,1.43401706658662,-1.23376543231411,0.87541706610003,-0.178613808557584,-0.315767051027116,-2.38269772402141,0.867754441663317,-1.96639135400009,-1.72848565732129,-0.0759390268476869,-0.747491836152106,-0.0374402912743779,-0.833402400597603,-0.15256268540217,0.0201713866470466,"Feminine",-0.404708713784664,-0.807414449455619
-0.212140974779556,-0.0222437625044037,1.12412942678287,0.0797458461474365,-0.0593028656582381,-0.55550686933646,0.0519257301379719,-0.583198924108883,-0.36004355857929,0.663351590687165,-0.92607619828581,-0.239979093762365,-0.485281197029374,0.615803525435422,-0.327695780864305,-0.733808618572149,-0.67051635910956,0.194990778413829,-0.350765221149867,-0.196077678715649,0.0912086782999053,0.297273902176273,1.01586734489611,0.899312152754874,0.501716766806798,-0.0504429825283554,0.459316462323552,0.76249352019652,-0.73769892146765,-0.351384026902671,0.52767080745942,0.925601949324588,-1.20967995986554,"Feminine",-0.404708713784664,-0.807414449455619
0.46263657690528,0.321740136224413,-0.28241175844891,-0.0418532324319391,-0.104712553293571,0.474816036587895,0.0519257301379719,-0.246775842319727,-0.368895361492486,-0.110072928709209,-0.597506199893034,-0.766541941486642,2.57399994846363,-0.696019841208689,-0.327695780864305,-0.733808618572149,-0.67051635910956,-0.0308579484704995,-0.236929795014538,1.44164451028032,-0.867462648751817,-0.471251098295577,-0.689780834270332,0.648100908588264,-0.596396257762758,-0.0504429825283554,-0.130645521454193,-0.816328648423547,-0.244538196037632,0.850747005101178,-0.558390265243626,-0.494834254456093,0.43924251291773,"Feminine",-0.404708713784664,1.23709114477995
0.70107790184625,0.321740136224413,0.0249174379353843,0.0927144799999492,0.382127227471658,0.110981686150111,0.0519257301379719,-0.121577418101238,-0.434265718217636,-0.692302516473115,-0.457135213026144,-0.177351900605799,1.76489429339584,-0.696019841208689,-0.327695780864305,-0.733808618572149,-0.67051635910956,0.181418648347535,-0.453631930838898,1.03079795843207,-0.822376926371411,-0.347216561507206,-1.08441363636666,0.726569769311349,-0.596396257762758,-0.0504429825283554,0.344881469250962,-1.18301435065597,-0.419981937392255,0.763625981018171,-0.678994064979729,-0.325436686533378,-0.285740400078644,"Feminine",-0.404708713784664,1.23709114477995
-0.84443565331993,-0.366227661233221,0.955457179858486,-0.65511171988401,-0.73731656802455,-0.273057834040141,-0.346018361007918,-0.538180318472218,-0.531351979664079,0.946596451653609,-0.678196887817122,-0.766541941486642,-0.485281197029374,-0.696019841208689,-0.327695780864305,-0.733808618572149,-0.67051635910956,0.360613178128999,-0.6627618321747,0.880823796966692,-0.750116774559693,-0.131887846392488,0.435247579594884,1.4928563097172,-0.596396257762758,0.715936366060339,1.78085314505499,0.767535367076984,0.470079801668888,-0.47266715615146,-0.510331483628175,-0.28543184881752,-1.65180168709544,"Feminine",-0.404708713784664,1.23709114477995
-2.36352934307634,-1.05419545869085,0.194894316020292,-0.605664557318366,-0.905812179827449,-0.55863703971179,-0.743962452153807,-1.1804905768133,0.264008546801011,0.317724184812124,0.0814360658104744,0.808740218023223,-0.485281197029374,-0.696019841208689,-0.327695780864305,0.302228143968394,-0.67051635910956,-0.409225439033195,-0.601808738619262,-1.17372654601619,1.19661782266708,2.69797764562033,0.38261119919798,-0.0156507818688174,-0.596396257762758,1.09912604035469,0.893441423652533,1.29733801665391,0.231166030285916,-1.19168728935867,-0.823871860793251,0.636141867998724,-0.443971224391436,"Feminine",-0.404708713784664,1.23709114477995
1.46965338665273,0.321740136224413,0.232693187369591,0.255578867782573,-0.485206441710508,-0.326762042242027,0.847813912429751,1.25837084204886,-0.275267807256175,1.32568890884891,-0.916481564505968,-0.129498902361671,-0.485281197029374,0.0975112139102113,-0.327695780864305,-0.733808618572149,-0.10811327469021,-1.35331497766832,-1.22243034783948,0.599046596536866,1.06312702220305,-0.60881590835494,-1.39231757482397,-0.892016449389976,1.23379211651984,0.715936366060339,-0.331083418882092,0.117917710002312,-0.517863538615173,-1.08570668499581,-0.7809657443408,-0.103420086936416,0.0907436235022612,"Feminine",-0.404708713784664,-0.807414449455619
-1.5493204072127,-0.710211559962037,0.955044345687704,0.409062493717945,0.413555428917479,-0.674900510795505,-0.743962452153807,-1.53211132306592,0.264008546801011,-0.110584168704773,0.0814360658104744,-0.766541941486642,-0.485281197029374,-0.696019841208689,-0.327695780864305,-0.733808618572149,-0.67051635910956,-0.247976388433241,-0.694389685756439,1.11772677567486,-0.292039026467535,1.71395902573829,2.74587725783446,1.65955518177791,-0.596396257762758,1.09912604035469,1.40854088613704,0.445667463546531,-0.668781599623524,0.435368837700715,-0.994620691573477,2.0031592040363,-1.00417547837752,"Feminine",-0.404708713784664,1.23709114477995
-3.08014676915547,-1.39817935741967,-1.48769544289993,-0.586002529469481,-1.7256442538025,1.54240997344391,0.847813912429751,-2.12706719125214,0.264008546801011,-0.35076714709538,0.0814360658104744,-0.766541941486642,-0.485281197029374,-0.696019841208689,-0.327695780864305,-0.733808618572149,-0.67051635910956,1.39172016336876,1.61918780374815,1.10058248116309,-1.94111891959929,-0.269409550441966,0.0394452736001409,0.685408648173129,-2.06054695718883,2.63188473753207,0.138956083226944,0.172079745545636,0.585044549182193,1.2055779396289,-0.471025508388109,-1.30012222113525,-0.349439989473662,"Feminine",-0.404708713784664,-0.807414449455619
-0.818159653982138,-0.0222437625044037,0.948378288047524,-0.942234910515187,0.409688160454637,0.0956541964933708,0.0519257301379719,-1.00288545441959,0.264008546801011,-0.312719217236306,0.0814360658104744,-0.766541941486642,-0.485281197029374,-0.696019841208689,-0.327695780864305,-0.733808618572149,2.72111856835815,-0.640534282115893,-0.74657564416633,-0.439954839966468,0.812255544826035,2.01650677464712,0.896762237550142,0.198335381370728,-0.596396257762758,-0.0504429825283554,1.53140393157996,1.61818625497892,-0.0451190506966739,-1.29499567099206,-0.468677476297566,0.893388702826439,-0.38124001886696,"Feminine",-0.404708713784664,1.23709114477995
1.7381861518588,-0.0222437625044037,-0.772826465860653,0.753223871875895,-0.557534484205322,0.535971172087017,0.0519257301379719,0.591451102844094,0.264008546801011,0.0225313113392943,0.0814360658104744,-0.766541941486642,-0.485281197029374,-0.696019841208689,-0.327695780864305,0.407264129110755,0.861189737166181,-1.05779315039109,-0.889666175290179,-0.488306490847611,1.37477290852584,-1.35706328576661,-0.928493234085343,-1.35715666422403,-1.3284716074758,1.09912604035469,-1.09627991127977,-1.56652607529875,-0.377017355180082,-0.239381411187133,-0.106514598412985,-0.820369403573646,0.781227722288016,"Feminine",-0.404708713784664,-0.807414449455619
-0.0539567608492502,-1.74216325614849,-0.188605957038892,-0.803111786696563,0.0572297214677981,0.704759346064574,-0.743962452153807,-0.0315034849000284,0.264008546801011,-0.60083649430715,0.0814360658104744,-0.766541941486642,-0.485281197029374,-0.696019841208689,-0.327695780864305,-0.733808618572149,-0.67051635910956,-0.53068269046808,-1.04229607515564,1.68348849456346,-0.383654576085973,2.01650677464712,-1.2941588925443,0.928945281574332,-1.3284716074758,-0.0504429825283554,-0.209155878861316,-0.375095690456153,0.725428971952894,0.792097263856925,-0.662973924096511,-0.177283023101078,-1.253974158883,"Feminine",-0.404708713784664,-0.807414449455619
-0.190216082855497,-1.05419545869085,-0.208977795226716,0.951562185899208,-0.458835791174817,-0.674900510795505,-0.743962452153807,-0.807795014638327,0.768300200674108,0.157194027445729,0.799982081819677,-0.170826061545411,-0.485281197029374,-0.696019841208689,-0.327695780864305,0.049776148032883,-0.67051635910956,-0.511215319796314,-0.224385769191539,-0.574349987721533,1.00130580532935,0.595042983887615,0.343304450696344,-0.578515651757153,-0.596396257762758,1.09912604035469,-0.431683145765848,0.0352858865451888,-0.384512766795741,-0.311390193635779,0.172308295548157,0.195562191471658,-0.485120114885066,"Feminine",-0.404708713784664,1.23709114477995
1.02609578059378,-0.366227661233221,-0.30338036425038,-0.986761477391374,0.229248954630732,-0.590085355660664,-0.346018361007918,0.426901726255372,-0.0475382031968349,0.082975757630071,-1.43241465968979,-0.766541941486642,-0.485281197029374,-0.237586944263166,-0.327695780864305,-0.733808618572149,-0.345609005354099,1.68656376822409,1.10839796840299,-0.419930418894499,-1.25601730221806,-0.0766820010392923,-0.0993903507345436,0.928231097898666,0.867754441663317,-0.0504429825283554,-0.761439079711013,-0.725705170709492,0.245216203377464,1.54711378618541,2.88321660069981,-1.08301727416123,0.0430937066851119,"Feminine",-0.404708713784664,-0.807414449455619
0.794535184574473,-0.710211559962037,-0.102636799886331,2.15433870386657,-0.733783018343811,-0.674900510795505,-0.743962452153807,0.292760790988817,0.550491535787795,1.39523736310359,2.37198714596935,-0.766541941486642,-0.485281197029374,0.357860728623378,-0.327695780864305,-0.733808618572149,-0.67051635910956,0.948919506024327,0.722722946659223,-0.342273639647047,-0.52890125081812,-0.537812085241753,-0.198805358329033,0.497146621454003,0.13567909195028,1.09912604035469,-1.31763823903898,-0.255208937624293,-0.919776278914329,0.883775376237823,-0.35838519115531,-0.475755725555581,-0.874169756258086,"Feminine",2.4680596971786,-0.807414449455619
-0.523611264070046,-1.05419545869085,-0.933671985694497,-0.817816041798363,-0.750944740455968,-0.112539156097102,-0.743962452153807,-0.702226703984247,0.264008546801011,0.0941676566360997,0.0814360658104744,1.70712715261886,0.459437684955981,-0.696019841208689,-0.327695780864305,-0.0830522815230309,-0.67051635910956,0.469926731877221,0.117269977501538,0.816023238090496,-1.11838479858437,-0.477424932192844,0.247108997237617,0.722531183619306,-0.596396257762758,1.09912604035469,-0.431014356670522,-1.26704198265091,-0.0587872448035389,1.50568196054618,-0.103587793519096,-0.905072089203374,-0.283788315887498,"Feminine",-0.404708713784664,1.23709114477995
-0.137396911430373,1.00970793368205,0.855103302143703,0.981634668075614,0.725067595117142,-0.674900510795505,0.449869821283861,-0.786949838249542,0.76591772041959,-0.176108495861352,0.778267277154826,1.60506395535026,2.91124353930538,0.781072610996887,-0.327695780864305,0.0460741727575832,-0.147082937232653,-0.234299636309605,0.230000330297591,-0.493458923986118,0.30678040454237,-0.329707343269117,0.773452605989882,-0.301010597666069,0.13567909195028,-0.0504429825283554,1.02157066426959,1.21602154194905,-1.1402707044452,-1.12402210922179,-1.26415462500548,1.18220201798045,1.35849324748896,"Feminine",2.4680596971786,-0.807414449455619
-0.293459683386783,0.321740136224413,0.109195698456932,0.0128444268731788,-0.489267246728803,-0.311832127411273,0.847813912429751,-0.631282973870601,0.264008546801011,0.37207845792627,0.0814360658104744,-0.766541941486642,0.103523937443073,-0.696019841208689,-0.327695780864305,-0.328218469109102,-0.126077009573383,-0.512261631180703,-0.030888606022662,-0.034437213234439,0.638072646808523,-0.21745690668994,-0.21777322036138,-0.681268675385446,-0.596396257762758,0.715936366060339,0.390417795398789,1.22811489291518,-0.661959732513758,-1.29257680661994,0.931600140235302,0.133231487646218,0.800891508579521,"Feminine",-0.404708713784664,1.23709114477995
0.00301184631432641,-2.0861471548773,-0.705991112870347,-0.599241135438411,-1.01275057109307,-0.674900510795505,-1.53985063444559,-0.379534570984582,0.946476052684945,0.0743013055869242,0.756215611540065,-0.766541941486642,-0.485281197029374,-0.696019841208689,-0.327695780864305,0.326631579488622,-0.67051635910956,0.114371971622362,-0.269750195483347,-0.385390985545997,0.27501610452191,-0.454191865799809,-1.00145134001795,-0.174009706955734,-1.3284716074758,1.09912604035469,-0.539377718700924,-1.65632982165091,-0.32396101659041,0.566616010259652,-0.5628596523741,-0.838015926200605,-0.985440577339606,"Feminine",-0.404708713784664,-0.807414449455619
-0.914369690364297,-1.74216325614849,-0.55414410556164,1.12688515588363,-1.2548716026702,-0.674900510795505,-1.93779472559148,-0.297725930973917,0.264008546801011,1.08890715790346,0.0814360658104744,-0.766541941486642,-0.485281197029374,0.742559464236924,-0.327695780864305,-0.733808618572149,-0.160730741177296,0.741877235476673,1.01141881981308,1.52792768730632,-1.61863780552829,-0.476263941822725,-0.93007677356622,0.637597775358171,0.13567909195028,1.09912604035469,-0.518826029185242,1.60379952134171,-0.64545493558612,0.230642931111348,-0.185683703860249,-1.0260793883698,-1.06340193972317,"Feminine",2.4680596971786,-0.807414449455619
0.801024294427775,-0.0222437625044037,0.149997896599351,-1.51925798762299,-1.11750028376872,-0.674900510795505,0.847813912429751,0.375529673935254,0.264008546801011,1.51691387876747,0.0814360658104744,-0.766541941486642,-0.485281197029374,-0.696019841208689,-0.327695780864305,-0.433307664388666,-0.67051635910956,0.447316431289695,-0.604457572962724,-0.298674915081989,-0.0698935554267386,0.718195075446042,-0.805386491845736,1.01761153159903,-0.596396257762758,0.715936366060339,-1.29235863467963,-1.13609453712854,1.68512353776936,1.17011762277467,0.640259238973399,-0.705061885350071,-0.0137365863939117,"Feminine",-0.404708713784664,1.23709114477995
1.05470259250875,-0.0222437625044037,-0.10633028960103,-1.25299326281017,1.22671786398823,-0.674900510795505,-0.743962452153807,-0.318829209507169,-0.438664296264998,-1.29269555433303,-0.104647894054751,-0.47009120438203,-0.485281197029374,-0.696019841208689,-0.327695780864305,0.0460741727575832,0.114633773705801,-0.488601746108495,0.0344057145251204,0.239074932224098,0.384040446779646,-0.480901808865561,0.244211267614448,-0.719816902664669,-0.596396257762758,-0.0504429825283554,0.192680449029532,-0.304005968455917,0.865969031555937,-0.23064338928613,-0.155539444259656,0.38613178421587,-0.498539028387294,"Feminine",-0.404708713784664,1.23709114477995
-0.306682132861932,-0.710211559962037,-0.0398474747363771,-1.00414694088892,-0.205623471604166,1.79108030812497,-0.346018361007918,-0.379725190798055,0.0847048476461327,-0.529593684017861,-1.49581390250049,0.82203373835664,-0.485281197029374,-0.0364180780929789,-0.327695780864305,-0.0372888260343439,-0.203033626490944,0.119040805702095,-0.368502688091391,-0.565741671067942,0.23078810795832,-0.426144319567273,-0.85806470319327,-0.132545614220783,0.13567909195028,-0.0504429825283554,0.858681236911515,-0.83338397757157,1.63950176770629,-0.366346485985218,-0.75122400452715,-0.118964044008868,1.4194268307046,"Feminine",2.4680596971786,-0.807414449455619
1.36605929415825,-0.0222437625044037,0.649627278262292,-1.24435707379128,-0.448804766433232,-0.674900510795505,-0.743962452153807,0.969592698266645,-0.62253477794947,1.26152182277382,-0.701443092614871,0.280724918382226,1.51452706219415,0.60850548167106,-0.327695780864305,-0.733808618572149,-0.67051635910956,0.023044195525813,-0.644163422585875,-0.273178631085782,0.180628402335745,-0.322662816707949,-0.558729056833216,0.553986932234786,1.23379211651984,-0.0504429825283554,-0.952343447436394,-0.408200184845689,0.671705664864858,0.291396510441817,-0.186130948067962,-0.164429414519533,-0.830100523442309,"Feminine",-0.404708713784664,-0.807414449455619
1.2711117259639,-0.0222437625044037,0.0440164681974673,-1.10846534203843,-0.87888799956264,-0.674900510795505,0.0519257301379719,0.315091474027748,1.06378853487578,1.04676549083911,0.934854746990039,-0.766541941486642,-0.485281197029374,-0.696019841208689,-0.327695780864305,-0.112446545178951,-0.67051635910956,0.641814206959884,0.0827031052202536,-0.961529820947767,0.154716097236391,-0.838020480741729,-0.695961289788166,0.211169181374313,-0.596396257762758,-0.0504429825283554,-1.35919200957449,-1.19379921295568,0.631395143313457,0.713931949992885,0.129774558601253,-0.746012206927649,0.0163064355483773,"Feminine",-0.404708713784664,1.23709114477995
0.935509501024469,-0.366227661233221,0.164481652694872,-0.752976996251322,-0.80366758845008,0.961059793781668,0.0519257301379719,0.53103502475438,1.06580056000302,0.568636192690201,0.890060179619301,0.180608841212371,-0.485281197029374,-0.696019841208689,-0.327695780864305,0.512041878269057,-0.252428028428006,0.0910151381123681,-0.845893071932556,-0.574447440362895,0.289287564790539,-0.349200969336584,-1.39732449784982,0.339862330592564,-0.596396257762758,-0.0504429825283554,-0.61506756295669,-1.53655298385616,1.51758998577008,0.382257298437661,-0.404920758191301,-0.655276297028242,0.0465992955109744,"Feminine",-0.404708713784664,1.23709114477995
-0.353391018339368,0.66572403495323,-0.24806795740276,-1.35609251897512,-1.1547620187687,-0.674900510795505,0.847813912429751,-0.102486836746867,0.264008546801011,0.712963341617046,0.0814360658104744,1.51063005119194,-0.485281197029374,-0.696019841208689,-0.327695780864305,-0.733808618572149,-0.67051635910956,0.997937643308639,-0.152749940002312,-0.974844977839053,-0.353824109829159,0.0670257151457427,-0.944625542546767,0.652020561335871,-0.596396257762758,-0.0504429825283554,-0.489891332158295,-1.07671580597457,0.705418245023493,0.720960803509064,-0.0548183609662274,-0.846576865184937,-0.134453875265461,"Feminine",-0.404708713784664,1.23709114477995
-2.13869581897248,-0.0222437625044037,-0.332497595960937,-0.875458852297498,-0.253216177108467,-0.674900510795505,1.24575800357564,-0.96850378590152,0.264008546801011,-0.414873163058395,0.0814360658104744,-0.766541941486642,-0.485281197029374,-0.091668225776639,-0.327695780864305,-0.733808618572149,-0.67051635910956,0.730770316199083,1.48961957367552,0.331386917088356,-0.757967849365918,0.337418752352302,1.4314805501169,0.0665243169010105,0.13567909195028,-0.0504429825283554,1.67136647303814,2.49334461064599,-0.125977411895525,-0.974076206880389,1.35321255742684,-0.47021691040199,0.520682553925547,"Feminine",2.4680596971786,-0.807414449455619
-0.491252617545777,-0.710211559962037,-0.576634646606552,-1.24579759474409,-1.17636767295942,-0.674900510795505,0.0519257301379719,-0.191984650048702,-0.773659488889493,0.396708319730269,-0.364381270559837,-0.766541941486642,-0.485281197029374,-0.696019841208689,-0.327695780864305,-0.157964929625195,-0.67051635910956,0.98309778932066,0.34690222856158,-0.931454993458215,-0.207987086178067,-1.00568725049973,-1.30966591773203,0.0556115869123613,-0.596396257762758,1.09912604035469,-0.518408831228098,-1.34092396005,0.592273015395318,0.544649913705016,0.0549592367071026,-1.06566393407585,-0.259734121433067,"Feminine",-0.404708713784664,1.23709114477995
0.536920999243903,0.66572403495323,-0.527670062856929,-0.389448939410211,-0.806537780137633,-0.674900510795505,2.04164618586742,0.224896521894274,-0.793330920845709,0.584146202685105,-0.318992801290361,-0.766541941486642,1.21834692901531,-0.696019841208689,-0.327695780864305,0.439711695395577,0.117114500823701,-1.09464826702022,-0.582597964423436,0.767690658344398,0.566693927361133,-1.19298474813791,-0.500948831638483,-0.625764885209624,-0.596396257762758,-0.0504429825283554,-0.646358106128577,-0.277848871261529,-0.543991147229337,-0.421563234696504,-0.142043192579522,-0.543612041228934,-0.640183115355241,"Feminine",-0.404708713784664,1.23709114477995
1.18987439601252,-1.39817935741967,-0.395477770123501,1.69844882286315,-1.16112594688504,-0.674900510795505,-0.743962452153807,0.676633770190039,0.264008546801011,1.38454308526756,0.0814360658104744,0.309150733150094,0.541763187528993,-0.696019841208689,-0.327695780864305,1.38858669211805,-0.19568746926408,-0.446096964899263,-0.711089192447599,0.109642258382462,0.254905804754487,-0.795170305212455,-1.16079847592986,-0.0939085787107057,-0.596396257762758,0.715936366060339,-1.05854906635666,-1.19585884445883,-0.702957048022335,0.406181966469757,-0.0502307354888514,-0.883767500384828,-0.95274091611845,"Feminine",-0.404708713784664,1.23709114477995
0.747032249972881,1.00970793368205,-0.277787713487151,-0.793576576922201,-0.363789619892263,0.310570815533125,0.449869821283861,1.17899077185981,-0.0343181226977065,0.986236920001788,-1.90284649083428,-0.179190247067207,-0.485281197029374,0.0356133156950085,-0.327695780864305,0.0387741778309394,-0.151982470042733,0.412524325962005,0.15719397253891,0.353535226859807,-0.603546187767656,-0.580558067390519,-0.213336171308673,0.437692758972537,1.23379211651984,-0.0504429825283554,-0.765809172372178,-0.112605134183833,0.248706869627385,0.596860418510613,0.265182661894839,-0.785465620899477,0.17820494268179,"Feminine",-0.404708713784664,-0.807414449455619
1.36796307849418,0.321740136224413,1.98549729643367,-0.614335292087453,1.6195411041704,0.839360307709462,0.0519257301379719,-0.362768608290662,-0.0439260669649763,-0.151233278284701,-1.55388772127987,-0.766541941486642,-0.485281197029374,5.34554993109752,-0.327695780864305,-0.733808618572149,-0.135282505821579,0.738846150688917,-0.2879946859655,-0.483401250903135,-0.274556832216679,0.73827095518306,-0.337442860310246,1.17012890402478,0.13567909195028,-0.0504429825283554,0.397937929418201,-0.320906818774815,5.0637459881829e-06,0.336669273151565,-0.755472824500523,1.78480305826663,-0.238428977773431,"Feminine",2.4680596971786,-0.807414449455619
0.0217706112573981,-1.39817935741967,-1.93947422774557,-0.861970137982955,-1.80006375807342,0.16733370414815,-1.1419065432997,0.863087525136243,-0.683130606981447,1.3172295675095,-0.336955324773194,-0.766541941486642,-0.485281197029374,-0.696019841208689,-0.327695780864305,-0.733808618572149,-0.67051635910956,-1.06741299691079,-0.455249276044601,1.70557482939511,0.145142753026655,-0.416312791244497,-0.96224403692886,-0.667974723179742,-0.596396257762758,1.48231571464903,-2.43179644512171,-1.47147916066181,0.142345231487571,1.33193632345817,0.0834231359272507,-1.62188973354106,-1.44927130909639,"Feminine",-0.404708713784664,1.23709114477995
-0.0363343351729884,-0.366227661233221,-1.16161306523046,0.0439304810917845,-0.594084290833442,0.417330209218731,0.0519257301379719,-0.364839241503982,0.397221639903539,-0.510926640295885,2.87943466015814,0.0202761068369896,-0.485281197029374,-0.696019841208689,-0.327695780864305,0.301145555919762,1.41337218566685,0.546224488154622,0.537351618906377,-0.157507770329564,-0.586271410743661,-1.12035802569065,-0.556286994975356,-0.304006639876893,-1.3284716074758,-0.0504429825283554,-0.945756425599797,-1.30049113786356,1.90616373382404,1.06515869237091,0.619946461753031,-1.00895776838939,0.526264405611876,"Feminine",-0.404708713784664,-0.807414449455619
0.927198690761689,0.321740136224413,1.76996248546807,1.71935239368205,0.145943944892139,-0.650496150119914,0.847813912429751,-0.242040451721424,0.0282164442748976,0.394867642154157,-2.46135719326197,-0.766541941486642,0.401193610850844,-0.696019841208689,-0.327695780864305,0.487462830242598,0.968843556509853,-0.675988849457219,-1.75406707551462,0.0652235264118564,0.562154535110473,1.60850876224683,-0.579669360867655,1.2199280161807,-0.596396257762758,-0.0504429825283554,0.565618586698862,-0.287048348411463,-0.929884855827524,-0.264972116867141,-0.33300938622457,0.621049914542314,-0.97497823000675,"Feminine",-0.404708713784664,1.23709114477995
-1.80157592413311,-0.710211559962037,-0.0355345799142489,-1.20276986019694,-1.53888384825269,1.09894787659602,-1.53985063444559,-1.3865854550737,0.587574359235323,0.439561992097677,1.74095764357593,-0.766541941486642,-0.485281197029374,-0.696019841208689,-0.327695780864305,1.27725969612584,-0.67051635910956,1.41182244701803,0.0216970288302756,-0.130029757279629,-1.27227890202961,0.0897229889565506,-1.67663927522025,1.45483606253305,-1.69450928233231,1.09912604035469,0.668368996128673,-0.714233359165887,0.451127701444287,0.700865656207743,0.295412793494884,-0.939578329737074,-0.480894782259795,"Feminine",-0.404708713784664,-0.807414449455619
0.94018306481738,0.66572403495323,-0.47895461987493,-1.62866748513183,-1.70391605280706,0.0547272981208843,0.847813912429751,3.1258219267225,-0.38642477003123,2.94523277502974,-1.1545142976385,-0.492130544895637,0.562723277009775,1.35489934352281,-0.327695780864305,-0.733808618572149,-0.67051635910956,1.37210380771736,0.249217643858893,-0.475642963235883,-0.939891841626446,-0.817562954927614,-1.79766250629272,0.973676499954128,0.867754441663317,1.09912604035469,-1.96392434081642,-1.76536797172599,4.34245689035114,1.79345182559041,0.379212038977884,-1.77057033642464,0.0680373194844928,"Feminine",-0.404708713784664,-0.807414449455619
0.2649497297222,-0.710211559962037,-0.774295374717595,-0.460811574941597,-0.378273977582162,0.618530605010822,-0.346018361007918,-0.638192070980464,1.78168628607623,-0.533035833372,0.325787849727088,1.02627918290792,-0.485281197029374,-0.696019841208689,-0.327695780864305,-0.733808618572149,-0.67051635910956,-0.184650176777455,-0.569143385572747,0.692548271782816,-0.227908141734634,-0.155113734187511,-0.894077642700973,-0.0939085787107057,-1.3284716074758,1.09912604035469,-0.278778271278985,-1.5241641060599,-0.452813993017751,0.736966507087327,-1.07136542858859,-0.729842063784416,-1.75944913590587,"Feminine",-0.404708713784664,-0.807414449455619
-0.500651968506271,-0.0222437625044037,1.07297395076912,-1.26066115184815,1.00099644236687,1.64292804872943,0.0519257301379719,-0.96551042314282,0.533532711915427,-0.816386429988748,0.858682893596196,-0.766541941486642,-0.485281197029374,-0.696019841208689,-0.327695780864305,-0.733808618572149,0.734896845507082,-0.857044105189211,-0.887246039457221,0.864585649099287,0.355564758203126,0.120839378206964,2.30206122144564,0.479458006819052,-0.596396257762758,-0.0504429825283554,2.43664222622807,0.660835816815735,1.91399425800943,-1.0145131588254,-0.211798476948228,0.967914088702442,1.2768628836082,"Feminine",-0.404708713784664,1.23709114477995
-0.717678227273044,1.00970793368205,-0.997109786137872,0.600479724105221,-0.964154290254589,-0.157528064472974,2.04164618586742,0.33676023345958,-0.965184994099581,0.622070655174082,-0.248945231088689,0.270627304030874,-0.485281197029374,-0.0500462136945425,-0.327695780864305,-0.733808618572149,-0.212692360635957,1.02789350755997,0.766242097836836,-0.51565691962886,-0.62821509283599,0.0470292796840025,-1.18945443321891,0.11380200448766,0.13567909195028,1.09912604035469,-1.19019868111006,-0.5582411876303,-0.982828794724259,0.99257274301909,-0.882338998353487,-0.937785139707794,0.823859455682302,"Feminine",2.4680596971786,-0.807414449455619
0.51342428076555,-0.710211559962037,-0.813037845819118,0.823249258134347,1.81763951508126,-0.255409338101562,0.449869821283861,-0.136852874604559,-1.15249067652253,-2.17888490943445,0.203736134282347,-0.168934900021789,-0.485281197029374,-0.696019841208689,2.56064037776882,-0.733808618572149,-0.142928703725694,-0.492234633391349,0.929173464773111,-0.939588565738215,1.22572524554447,0.378266741666611,1.06187513431089,-2.04220164592032,-0.596396257762758,-0.81682233111705,-0.185948414722093,0.00792711474510382,-0.8099311833487,-0.457533222920587,-0.665667369732841,0.833086718484818,2.23696240118117,"Feminine",-0.404708713784664,1.23709114477995
0.786545434442297,0.321740136224413,1.33782418884783,0.481493921463249,0.831422394658505,-0.0501488775003741,0.0519257301379719,-0.58949302081232,0.264008546801011,-0.159147334662353,0.0814360658104744,-0.766541941486642,-0.485281197029374,-0.696019841208689,-0.327695780864305,0.933617551442597,-0.67051635910956,-0.563693648564267,-0.73164026886383,-0.680519226449174,1.11874789669708,0.429064882224148,0.302124882083138,-0.180499381697794,-0.596396257762758,-0.0504429825283554,0.188184037461628,0.335126971424954,-0.217255052088795,-0.839550385990717,-0.971016695847043,1.50589771555495,2.23696240118117,"Feminine",-0.404708713784664,1.23709114477995
-0.586665280342613,-1.05419545869085,1.01332473534177,1.13548446848039,0.232295960796228,-0.561192280834509,0.0519257301379719,-1.01673585536452,0.264008546801011,-0.359245130894322,0.0814360658104744,-0.178272510044677,-0.485281197029374,-0.696019841208689,-0.327695780864305,2.36135120951773,-0.67051635910956,-0.131784098296934,-0.302994997682361,-0.130806472145204,0.168758558253909,0.173486737544047,-0.210605507551942,0.198335381370728,-0.596396257762758,-0.0504429825283554,1.5705665273149,1.39980463007464,-1.15560376974066,-1.45448107450411,-1.15585984547929,0.755376605475326,2.01139419268472,"Feminine",-0.404708713784664,1.23709114477995
0.994804828285153,1.69767573113968,1.31834827891876,0.138800818345755,-1.01089496084028,0.38885592089568,1.24575800357564,0.540825435348822,-0.56612588175139,1.70192260440612,-0.926681702936629,-0.416316419511891,-0.485281197029374,0.394624004315194,-0.327695780864305,-0.733808618572149,-0.0521345490782373,1.00563013904935,-0.61205723416281,-1.33000003517848,-0.0178315558653976,0.177673154069647,-1.02309609226285,1.27352129962384,1.23379211651984,-0.0504429825283554,-0.464006217618028,-0.7850955171533,-0.920919986062331,0.453107215255037,-0.158761248852957,-0.406198911962556,0.927861191157107,"Feminine",-0.404708713784664,-0.807414449455619
0.372192132500206,-0.710211559962037,-0.509674441914815,-0.839243534771316,-1.31257680993577,-0.455674897946975,0.0519257301379719,0.965952367767241,-0.502653403966884,1.63940351448637,-0.877171156832213,2.14448204915401,-0.485281197029374,0.10978231270071,-0.327695780864305,0.967997472473831,0.471683719556543,0.862563913910587,-0.335005972170883,1.06753110926925,-1.86083725240788,-1.06476703468688,-1.5760030719872,1.5340208346639,0.501716766806798,1.09912604035469,-1.11711800678223,-1.45534410276895,0.878542313887388,1.90039598242098,0.49428722195431,-1.67972859466466,-0.275554772665468,"Feminine",-0.404708713784664,-0.807414449455619
0.157624221411919,-1.39817935741967,0.234714117124899,0.24181201827912,-0.584738480202878,2.05233408997442,-1.93779472559148,-0.302913646969326,0.264008546801011,0.253010740527914,0.0814360658104744,0.399069315859669,-0.485281197029374,-0.696019841208689,-0.327695780864305,-0.733808618572149,-0.155995890236749,1.20900261657994,0.168051942701551,-1.79499862874681,0.0262044616806894,0.588693714007115,-1.35402657182943,0.451673798778796,-0.596396257762758,-0.0504429825283554,-0.615466125633081,-0.66731786602986,-0.0627304248618597,0.41744707466416,1.203325548878,-0.492420416891988,-0.907479214956041,"Feminine",-0.404708713784664,1.23709114477995
-0.637233690751238,0.66572403495323,0.153066334208483,-0.592193951516395,-0.43023553969127,-0.599918996835718,-0.346018361007918,-0.281433697051033,0.97621486020391,0.50972354242419,0.635728540456306,0.0747819381175099,-0.485281197029374,-0.172023356767046,-0.327695780864305,2.03281469145232,0.81498184375898,0.582592615837652,-0.188506585014433,-0.247916849278793,-0.62292982439109,0.413172726518994,0.417175615630998,1.101189626762,1.23379211651984,0.715936366060339,0.754278009510316,-0.706152113467285,1.98248296025082,0.713867027993923,0.510222320102082,-0.228733956599868,0.416901459609247,"Feminine",-0.404708713784664,-0.807414449455619
-0.164825930690936,-0.0222437625044037,-0.290495328478979,0.512659500555482,-0.0261958533647693,1.37052543978194,0.0519257301379719,-0.755661302540758,0.264008546801011,-0.685411691553903,0.0814360658104744,0.70989898448535,0.45449797838351,-0.696019841208689,-0.327695780864305,0.237221915730556,1.50190339835342,-0.790772488340127,-0.550588378138119,0.83427443974684,-0.0019231193425116,-0.49127789964179,-1.00913368840755,-0.430084637366485,-0.596396257762758,-0.0504429825283554,0.463860581175982,0.016510258839252,0.413494660078208,-0.548336822305803,0.569105210154932,-0.0780603802508197,-0.665407404815278,"Feminine",-0.404708713784664,1.23709114477995
0.0818336025736918,1.00970793368205,0.387614173036474,-1.04100783084836,0.0845975260906706,2.79320050301486,0.449869821283861,0.0227595147204537,0.264008546801011,0.0346003695224948,0.0814360658104744,-0.0918243140263238,-0.485281197029374,-0.135712967164161,-0.327695780864305,-0.437974943246953,0.917919592583801,0.436031002697896,0.331373023633415,-0.592769934109333,-0.0766275549632787,-0.488578947202297,-0.555657660754639,0.0150282379504811,0.867754441663317,-0.0504429825283554,0.505783742201653,0.704546164450594,0.785305254835708,-0.759072774284045,0.43615776187898,0.0314489622432851,-0.537884608100612,"Feminine",-0.404708713784664,-0.807414449455619
-0.394417079384645,0.321740136224413,0.139593187008423,-0.453187785464956,-0.955284015988735,0.580180895377755,0.449869821283861,0.190289439356424,0.264008546801011,0.934252859164765,0.0814360658104744,0.607518044363205,-0.485281197029374,-0.0113820987630393,-0.327695780864305,0.350626941634522,-0.185289756347756,0.912101699542907,-0.361923229551043,-0.035871505546702,-0.935019690395425,0.517312746842347,-1.30681353061721,1.37797705965565,0.13567909195028,-0.0504429825283554,-0.166975889294419,-0.656671371026412,0.236862808801508,0.943405034261075,0.917745164246025,-0.727721226472893,0.324873886817939,"Feminine",2.4680596971786,-0.807414449455619
-0.465419122826803,-0.0222437625044037,-1.44013978133724,0.706093745604903,-1.08039052691709,-0.512090999714989,0.0519257301379719,0.646664786604478,0.264008546801011,0.2324326239467,0.0814360658104744,0.409996921397289,-0.485281197029374,-0.696019841208689,-0.327695780864305,0.426876316961553,-0.67051635910956,0.776551250140975,0.977844119040092,-0.819364200474394,-0.214523682532572,-0.576579556625812,-0.998265468181005,-0.664697563244772,-0.596396257762758,-0.0504429825283554,-1.71909151441914,-1.00605736509571,-0.988693243776004,0.95145960764404,1.00125081833817,-1.3486016100426,-0.676827356759877,"Feminine",-0.404708713784664,1.23709114477995
-0.543787484739871,-0.710211559962037,-0.798299738232542,-1.50921235024257,-0.115891539635505,2.79694090531622,1.24575800357564,-0.0661390918231736,0.264008546801011,-0.2948413070794,0.0814360658104744,0.234767729052873,0.789419280259378,0.135499402719094,-0.327695780864305,0.144250907127105,-0.0811897227765179,0.553225301588874,1.08437425834195,0.5734866179819,-1.00084124412715,-0.743615596604063,-0.371985798933785,-0.0918359265115605,0.13567909195028,-0.0504429825283554,-0.48320146603718,0.585371830185282,3.6240097023009,0.337561769213977,0.399944294698108,-0.48956768193065,1.32394822393362,"Feminine",2.4680596971786,-0.807414449455619
-0.688198023659396,0.66572403495323,-1.77388988073811,-0.328611356263627,-0.54045620751253,-0.285099352607297,1.24575800357564,1.09017944089896,0.264008546801011,-0.716066843097814,0.0814360658104744,0.465167227944736,-0.485281197029374,-0.440307271102217,-0.327695780864305,0.076265927492812,-0.308051557700797,0.307250156509659,1.06160805982174,0.955968393869092,-0.978106615594868,-1.66102654987597,-0.861501052382936,-0.794401734936455,0.501716766806798,-0.0504429825283554,-1.35447080756392,-0.807406054014813,0.606600961131753,1.01093690904922,3.55926127495026,-1.38633239801802,0.057600386760542,"Feminine",-0.404708713784664,-0.807414449455619
-0.591562209562545,-0.0222437625044037,-0.659997747797836,0.069769436257158,-1.44565625170125,-0.174217498225315,0.449869821283861,0.861192105439389,-0.00723598532477326,1.67172208638613,-2.13237256157261,0.301521707088842,1.04435937571713,0.301803251504652,-0.327695780864305,-0.733808618572149,0.743867568089741,0.495962237857549,0.0801831777910322,1.19856030043677,-1.40097703025318,-1.01598009491255,-1.32537090494343,0.735152300952946,0.867754441663317,1.09912604035469,-0.46246288106171,-0.0991795663446063,1.23702260378511,0.67010580206888,0.630383560071649,-1.21055259149847,-0.371442171972811,"Feminine",-0.404708713784664,-0.807414449455619
0.433469773993221,-0.366227661233221,0.672624212377655,-0.340500483321008,-0.555446783206677,-0.674900510795505,0.0519257301379719,-0.171547508509386,0.537875206519849,0.904725182457283,2.84013256455351,-0.362146199142004,-0.485281197029374,-0.696019841208689,-0.327695780864305,1.39390597861101,0.043512046673116,1.08962828633726,-0.473089832048387,-0.308472280552843,-0.939891841626446,0.7919087433494,-0.878034284311261,1.76942133218448,-0.596396257762758,-0.0504429825283554,-0.337407654367525,-1.08477811684944,-0.433266968189025,1.38485652837213,-0.276269736308621,-0.330359746958518,-1.253974158883,"Feminine",-0.404708713784664,1.23709114477995
0.0969432966101777,-0.710211559962037,1.25947412596493,-0.454704338051724,0.424525537700029,-0.291661661667705,-1.53985063444559,-0.499588931858478,-0.654801760219664,-0.27956749608006,-0.36518251580405,-0.766541941486642,-0.485281197029374,0.148983498566572,-0.327695780864305,-0.733808618572149,-0.67051635910956,-1.02011606568816,-1.88629817008729,1.63780126648613,0.142515810236092,1.02491334173686,0.662995329662272,1.39627233485772,-0.230358582906239,-0.0504429825283554,1.42979287237583,-0.187281419179869,0.0180749405064783,-0.158535785305297,-0.883485658537124,0.744401170918515,0.541593669944491,"Feminine",-0.404708713784664,-0.807414449455619
-1.74611514584323,1.00970793368205,1.50923681554024,-0.197387969645399,0.705480582196311,-0.18216484763119,0.0519257301379719,-1.07700996983863,0.595568833144623,-0.0635714374400606,1.08391768877303,0.212632144658632,-0.485281197029374,1.74339162082133,-0.327695780864305,-0.733808618572149,-0.67051635910956,0.292525709751006,0.27440971900224,-1.18518225668975,0.613811209584125,2.86592236618708,3.42895027064737,0.903293178446233,1.23379211651984,-0.0504429825283554,3.02253631534945,2.81083150681042,-0.357826438442174,-1.61745375698329,0.497315835897051,1.1115745685867,-0.404658645164345,"Feminine",-0.404708713784664,-0.807414449455619
0.289344129645839,-0.0222437625044037,-0.637056350144503,0.680205247230098,0.851417530885037,0.227493290929839,-0.743962452153807,0.0309203750908604,0.264008546801011,-1.28012669243421,0.0814360658104744,0.127739379470265,0.368556177306559,-0.417530023171117,0.752857532638584,0.442499154573646,-0.473140929838873,0.797647452479996,1.45973759511496,-0.52006238507239,-0.470591421864037,-1.58747650511032,0.300781006870726,-0.797793081139635,0.867754441663317,-0.433632656822702,0.266293950594136,-0.108006493072849,-0.987486930716159,-0.00867370442355215,1.09842126007881,-0.354196235486166,-0.165768203982241,"Feminine",-0.404708713784664,-0.807414449455619
0.378821293084072,-0.710211559962037,0.998307249688585,1.91713484367345,1.6065379315998,-0.549324674309454,0.0519257301379719,-0.555666517746725,0.264008546801011,-0.973888483804325,0.0814360658104744,-0.766541941486642,-0.485281197029374,-0.696019841208689,2.38011936785425,0.00313419763972639,0.318710494735189,-1.10740354661914,-0.67264553641899,0.809129474462895,0.638431399344643,0.587809071466446,0.206145794368198,-0.593158677183166,-0.596396257762758,-1.2000120054114,1.35734795053583,1.40322447654966,-1.17171375104187,-1.48204645288891,-0.534534185884907,1.50100242249757,-0.690979615509258,"Feminine",-0.404708713784664,1.23709114477995
-0.759119294526219,-0.0222437625044037,-0.0314052125313503,1.90714943564208,0.382858194076059,-0.170146904627183,0.847813912429751,-0.323672792120294,0.264008546801011,-0.713587104021479,0.0814360658104744,-0.766541941486642,-0.485281197029374,0.12964363339566,1.27411036344808,1.00994339725313,-0.0853399103563278,0.446764394370084,0.615404368981614,-0.779494660649376,0.0989400092280162,1.43697869223018,-0.974845218960423,-0.377920314564504,-0.230358582906239,-0.81682233111705,0.516485957604329,1.28955070639434,-1.1815307708973,-0.749234457095871,-0.341178050703013,0.111745930307083,-0.889860827976704,"Feminine",-0.404708713784664,-0.807414449455619
-0.0936347196776414,-0.0222437625044037,1.14976833928935,1.69068402123019,2.57906528697859,-0.674900510795505,0.0519257301379719,-1.04773357619366,0.264008546801011,-1.03489707128169,0.0814360658104744,1.37261962739324,-0.485281197029374,0.636300765539237,-0.327695780864305,0.673082212377793,1.21800763459406,-2.26958345371141,-1.43210937055064,3.05464241244842,-0.00313771943215483,1.782719877763,2.17624285799068,0.430802167799138,0.867754441663317,-0.0504429825283554,1.24658505350777,1.99392523132431,-0.775144544126255,-0.586171655382976,-1.24020776407192,2.92170624416052,-1.7910413219698,"Feminine",-0.404708713784664,-0.807414449455619
0.411212157486006,0.66572403495323,1.69379255386664,-0.223946671266353,1.16094255361918,-0.0721364956624598,-1.1419065432997,-0.902557877783735,-0.398595039992746,-0.312554101264713,-0.511666915036834,-0.766541941486642,-0.485281197029374,0.278984012378152,-0.327695780864305,1.32534137100947,-0.67051635910956,1.29859753032427,-0.102876493967142,-0.299725000092902,-1.0474387557538,1.16463463063004,1.53247197519845,2.38864614248006,0.13567909195028,-0.0504429825283554,0.797546281772282,-0.257356277511905,-0.225692390751382,1.18294109043556,-0.346160696484592,1.83479738007947,-2.43012124229096,"Feminine",2.4680596971786,-0.807414449455619
-0.988199489792805,-1.39817935741967,1.73222306580892,-1.0839673628253,1.68809776077601,0.728143411435086,0.0519257301379719,-1.49790311512068,0.812566765816152,-0.554090122493228,0.562962972954785,-0.118534306163307,-0.485281197029374,0.91835831223458,-0.327695780864305,-0.733808618572149,-0.0984333592957292,-0.486675878151336,0.867416587618705,-1.78234424776285,1.77427794805899,-0.317606581392638,3.14851040792484,-1.19246418769154,0.13567909195028,-0.0504429825283554,0.398991524786824,1.63231298740583,1.35182517360004,-1.63232758203496,-1.25079578455479,3.77050549661775,0.0423948554644378,"Feminine",2.4680596971786,-0.807414449455619
2.37400193577577,1.00970793368205,1.72903258924187,-1.29159595571809,-0.547358415719751,-0.564821266897095,0.449869821283861,0.678896847072787,0.606249969885894,1.26857519318751,3.12379411319876,-0.261182966825088,0.479726949535533,-0.0665207088928906,-0.327695780864305,-0.733808618572149,-0.67051635910956,0.25092244299122,-1.7409107846069,1.72691303650133,-1.29200123012159,-1.70923000084204,-0.607666009703503,2.40879808614779,-0.230358582906239,-0.0504429825283554,-0.0245864492977414,-1.69602860542153,2.61006738517058,1.27088383607073,0.226425264594526,-1.16983007177203,-2.08023133286269,"Feminine",-0.404708713784664,-0.807414449455619
-0.727016488337025,-0.0222437625044037,1.78353294767827,1.58820475395596,0.606824593888894,-0.524209507012244,0.847813912429751,-1.07244691066803,0.264008546801011,0.069227722816544,0.0814360658104744,0.605015202858924,-0.485281197029374,0.158218507744445,-0.327695780864305,-0.733808618572149,0.540340554886198,-1.28388643156152,-1.77917321466999,1.11810151435272,0.518483240375288,1.50748442356855,0.793696810190036,0.775903134901443,0.501716766806798,-0.0504429825283554,1.23084824846551,1.39051685030372,-1.1792441728569,-0.99739287391029,-1.28546946391935,2.03634100289729,0.287531591656201,"Feminine",-0.404708713784664,-0.807414449455619
0.486363394622512,-0.710211559962037,0.914957305184886,4.62383869060242,0.830114820332597,-0.530180945390601,0.449869821283861,-0.712965600224141,1.00643326451635,-0.254587168312182,0.672632812641524,-0.140098620150771,-0.485281197029374,-0.696019841208689,-0.327695780864305,-0.733808618572149,1.54166482486273,-1.76121243734168,-1.25879688985663,1.51618186010161,0.7021649911887,0.227900864708447,-0.00382474510171411,-0.329259787827872,-0.596396257762758,-0.0504429825283554,0.422774488257305,0.948231258343497,0.866286692792213,-1.13518593036805,-1.21798274780175,1.60757378400127,0.119918583897168,"Feminine",-0.404708713784664,1.23709114477995
1.78830752276014,-0.710211559962037,-0.534449200355284,-0.406102920434605,0.440711048581423,-0.326110097544361,0.847813912429751,1.5111795800845,0.264008546801011,-0.761650141575018,0.0814360658104744,-0.114042052192261,-0.485281197029374,-0.696019841208689,2.03753616879627,-0.304670340847383,-0.67051635910956,1.5139943136908,0.854004782141504,-0.42436834592161,-1.13134543077088,-0.963702160445192,-0.504859373067134,0.606058757220922,-0.596396257762758,-1.96639135400009,-1.49119733369244,-1.76200050007939,-0.607267655723815,1.97210566265157,1.03374509897591,-1.5873391168859,0.0423948554644378,"Feminine",-0.404708713784664,1.23709114477995
0.252797404898439,-0.710211559962037,0.392249321999423,0.681939555891019,0.18550507180651,-0.355972290459698,0.0519257301379719,-0.497658069758006,0.264008546801011,-0.0497499972106782,0.0814360658104744,-0.766541941486642,0.807760294321086,-0.696019841208689,-0.327695780864305,1.04757833284648,0.525095953451001,-1.43656317195234,-0.906137027793644,0.695903126536213,0.899292670908812,-0.191293704800434,-0.550602612859452,-0.831877139779673,-0.596396257762758,0.715936366060339,0.945373722021323,0.71728692458339,-1.10331304675847,-1.50237344054677,-1.13516282757598,0.566831681230808,0.7510765833077,"Feminine",-0.404708713784664,1.23709114477995
-0.52193426271081,-0.710211559962037,0.383033113897658,1.1098748462202,0.438618300493478,-0.616985684714625,0.449869821283861,-1.15452278353942,0.264008546801011,-0.527106988953818,0.0814360658104744,0.485650196394261,-0.485281197029374,-0.696019841208689,-0.327695780864305,0.364252517779026,-0.67051635910956,-0.510648780461351,0.282216719962786,-1.14896943973126,1.30676404065409,0.0663819274674642,0.647107482342233,-1.230484866921,-0.596396257762758,0.715936366060339,0.452334035794181,1.13721956669734,-1.17903409671185,-1.54882067879887,-1.32035692260037,1.38153718331145,1.36858757255382,"Feminine",-0.404708713784664,1.23709114477995
0.180150580044364,-0.0222437625044037,1.86607222317794,1.18522925887167,0.656378601087229,-0.506754465740683,0.847813912429751,-0.405573224767059,0.264008546801011,0.28507960732536,0.0814360658104744,0.139940649499372,2.39967493937053,0.0567519943856447,-0.327695780864305,0.856000602918636,-0.67051635910956,-0.554442725740225,-0.856224792735399,-1.68623222335217,1.57630055282967,2.11282347373798,1.09583958498423,0.313262781402757,1.23379211651984,-0.0504429825283554,0.756952600192607,0.482555695187098,-1.18657405275192,-0.892797774494771,-1.26057076332517,1.60020987224474,2.97875318584066,"Feminine",-0.404708713784664,-0.807414449455619
0.826583146929271,-0.710211559962037,0.924824884385585,0.957096630999632,0.954768884476889,-0.413307700857147,0.449869821283861,-0.550690865154009,-1.86665880861601,-0.31948822680175,-0.0727604182962728,-0.766541941486642,-0.485281197029374,0.610322369307383,-0.327695780864305,1.33537901023445,1.18118404697308,-1.27233393073662,-0.98628217736379,0.112564906917608,1.09788880360706,-0.318757326262134,-0.244735001358214,-0.74189240106398,-0.230358582906239,-0.0504429825283554,0.315436242280028,0.491392430343343,-1.11434498804153,-1.24728003391531,-1.05829269571567,1.53659317474273,1.18348450435708,"Feminine",-0.404708713784664,-0.807414449455619
-1.58004451022485,0.321740136224413,-0.429114908596679,1.2588796301998,-0.571150283962946,-0.674900510795505,0.0519257301379719,-1.1108635775187,0.264008546801011,-0.496792457467441,0.0814360658104744,2.1384922878564,-0.485281197029374,-0.696019841208689,-0.327695780864305,-0.733808618572149,-0.157583916375245,-1.25692376858422,-1.03134346660048,1.13296614857421,0.41670904488615,-0.608063820825536,-0.232214834318171,-0.811890653478697,-0.596396257762758,0.715936366060339,1.85372982240244,0.63819215399161,-1.16283345533068,-1.65815859256957,-1.14396210234899,0.088014565101764,-0.566528190131905,"Feminine",-0.404708713784664,1.23709114477995
0.332941348897251,-0.366227661233221,-0.880907846913029,1.32856456284476,-0.353417321004936,-0.674900510795505,1.24575800357564,-0.643048645069832,0.264008546801011,-0.0576868811508406,0.0814360658104744,-0.766541941486642,-0.485281197029374,-0.0518208665173832,-0.327695780864305,0.626701195972852,-0.213950118873521,-2.18690668761983,-0.610089291402021,1.48171333607872,1.29361471692838,-0.0935698331274189,-0.57606434154345,-1.8248920345777,-0.230358582906239,1.48231571464903,-1.03926901922564,0.887616854163352,-1.18103143606021,-1.06326474281217,-1.25309360210106,0.336617304950849,1.49580971612139,"Feminine",-0.404708713784664,-0.807414449455619
-1.46313995136732,0.321740136224413,-0.369648105073784,0.533811865297401,0.59514327103349,0.810624335081073,0.0519257301379719,-1.07928829240518,-0.0261695945475138,-0.974349116308751,-0.192139390813999,-0.195233237203095,-0.485281197029374,-0.696019841208689,-0.327695780864305,-0.733808618572149,-0.67051635910956,-0.413121484080184,0.662920370609731,1.01876335181631,-0.108321349956524,1.38952744875964,1.26882999428717,-0.282825008141191,-0.596396257762758,-0.0504429825283554,1.25566122412918,1.76586312855843,0.142175813926978,-0.68279688158765,-0.796732449784164,0.342229400764479,1.00170792608155,"Feminine",-0.404708713784664,1.23709114477995
-0.0808541763440083,1.00970793368205,-0.357707005431406,-1.07478421066772,-0.263565047199036,0.762245173433748,0.0519257301379719,0.250549637198502,0.119303745326416,-0.268076048926693,-2.61264261779976,-0.766541941486642,-0.485281197029374,-0.696019841208689,-0.327695780864305,-0.733808618572149,-0.67051635910956,0.859949930133754,0.229201078746199,0.235486439709072,-0.824729892438491,-0.620340518623917,-0.689420113458374,0.604690490451059,-0.596396257762758,-0.0504429825283554,0.310443701327155,-0.959225653633993,0.158628450206143,0.681960905270676,0.349220368577575,-0.968986559361982,-0.807580672680996,"Feminine",-0.404708713784664,1.23709114477995
0.150465124720229,-0.0222437625044037,0.850759394875183,-0.539923977278864,1.39053687344454,-0.674900510795505,-1.53985063444559,-0.870335591443571,-0.669458514594207,-0.801046322646578,-0.114107695961571,-0.766541941486642,1.01875869667535,-0.205458278891461,-0.327695780864305,-0.733808618572149,-0.67051635910956,-0.0713973224593599,-0.0301650603052022,-0.815202763715546,0.751860745492253,0.488577348149295,1.78875450408669,0.0699436834270007,0.501716766806798,-0.0504429825283554,0.281696553037191,-0.481554509594573,-0.46872131010763,0.116226480028828,-1.09932598127018,1.94014455778648,-0.417280052179364,"Feminine",-0.404708713784664,-0.807414449455619
-0.758092322388,0.66572403495323,0.90153071629854,0.503176290082268,1.49112678284092,-0.674900510795505,0.0519257301379719,-1.24370689353104,0.264008546801011,-1.02104228658594,0.0814360658104744,1.54322760527935,0.0660463100188276,-0.696019841208689,-0.327695780864305,-0.354034406536583,3.40776858434855,-0.793686271085022,-0.512539229456998,0.476551196878639,0.0367652467028986,1.14351112288764,0.272621462159138,0.135583610801087,-0.596396257762758,-0.0504429825283554,1.3648227472678,1.14558205499667,-0.763830431902685,-0.92355159328281,-0.988822489880482,2.03446574943269,0.387192451064634,"Feminine",-0.404708713784664,1.23709114477995
-0.41565680192769,-0.0222437625044037,-0.792818564371086,0.186416353910677,-0.161621145362005,-0.674900510795505,0.0519257301379719,0.552365382558519,0.796082545545246,-0.0523097343802557,0.61014743032845,0.17626048619998,0.114828209640788,0.086913136379408,-0.327695780864305,-0.320431679929096,0.994159214639195,0.626931181616973,0.863348104508381,0.975535030876026,-1.38339587839126,-0.722585783504283,-0.371322620646352,0.352019600779155,0.867754441663317,-0.0504429825283554,0.0494581831241255,-0.113383232335104,-0.424440486911647,0.718466870842443,-0.240670760487622,-1.25269283181357,-1.59967256270899,"Feminine",-0.404708713784664,-0.807414449455619
0.257476402666568,-0.710211559962037,-0.53270559254192,-1.10349233808918,0.759736672728793,-0.674900510795505,-0.743962452153807,-0.0422428906659373,-0.00878374299738835,-1.4779746741675,-0.367535706990866,-0.766541941486642,2.59145661691152,-0.696019841208689,-0.327695780864305,0.679103143180717,-0.196364828593388,-0.132216021905316,0.348138362135042,-0.0764552677216841,0.108468608062674,0.297178126425697,0.276297939341916,-0.283179274683574,-0.596396257762758,-0.0504429825283554,0.312763767579127,-0.739228844371746,0.272172289131207,0.33044599105018,-0.163510469899851,-0.247493415083243,-0.412949835410918,"Feminine",-0.404708713784664,1.23709114477995
0.614747834998955,0.321740136224413,-1.00151159269924,-1.41306593875605,0.184562476289013,1.06038595513099,0.449869821283861,0.166640016319644,0.740409630878436,-0.390619979864558,0.387685101295431,-0.766541941486642,-0.485281197029374,0.00499189806675274,-0.327695780864305,-0.733808618572149,0.323146489595479,-0.455683117246645,0.490676203874155,-0.139726502507222,0.660475107121383,-0.400106560060289,-0.286480408260271,-1.46819781401148,0.13567909195028,-0.0504429825283554,-0.800790110392481,-0.226646749298726,2.01593349601613,-0.162183996818597,-0.849440912748946,-0.17088546397823,-0.456879002808479,"Feminine",2.4680596971786,-0.807414449455619
0.00981931247577124,-0.0222437625044037,0.713424778970334,-0.152983827435002,1.04499614117454,-0.381355860399743,0.0519257301379719,-0.482365572089658,0.770705407290355,-0.747090099872742,0.582410447980585,-0.766541941486642,-0.485281197029374,-0.323224250131369,-0.327695780864305,-0.733808618572149,-0.67051635910956,-0.713754122812795,-0.84107454182747,0.93979680020131,0.298509854180998,1.45229610776305,0.532391169671019,0.34468966980579,0.867754441663317,-0.0504429825283554,1.63434323992403,0.670105082765069,-0.358478221334898,-0.705811532951339,-0.70398712364667,0.703796558138796,0.0376229449821784,"Feminine",-0.404708713784664,-0.807414449455619
0.5953664160334,-0.710211559962037,0.498111527203909,-0.581642251730108,0.942324760413929,-0.674900510795505,0.0519257301379719,-0.35002596261568,-0.648460278039309,-0.370198470599668,-0.218257457233413,-0.766541941486642,0.9849254884325,1.22208589938546,-0.327695780864305,-0.733808618572149,-0.67051635910956,-0.149740284462372,-0.156949017960645,-0.274432010569699,0.471517563450488,0.112745172617407,1.7044050761179,0.261087151940369,0.13567909195028,-0.0504429825283554,0.0492585224434576,-0.628541981364951,-0.382505223127906,0.372697641806004,-1.05797640129121,1.14255313882664,-0.417280052179364,"Feminine",2.4680596971786,-0.807414449455619
1.38893538207112,-0.710211559962037,-1.13481425996653,-0.555154963149402,-0.76519434611692,-0.674900510795505,0.449869821283861,0.720430211626441,0.910483851563277,0.64548587700453,0.618235841556462,2.67000159310334,5.34783092622302,-0.220384087075555,-0.327695780864305,2.279734418919,-0.67051635910956,-2.23198971912733,-1.19105604855391,1.25251640149157,0.864212392854725,-1.66622961724336,-0.25676092557393,-1.27474015778217,0.501716766806798,0.715936366060339,-1.65032527971758,-1.01938644217833,-0.437593197179998,0.083113495258061,-0.819250324313677,-0.641114083844075,0.0680373194844928,"Feminine",-0.404708713784664,-0.807414449455619
0.282049190929063,-0.710211559962037,1.28242184312727,0.397160324678698,0.595033855862606,-0.674900510795505,0.449869821283861,-0.930002914732645,-0.955109637206956,-0.166253341318649,-0.124059611859008,-0.252208012357055,-0.485281197029374,0.585337682221011,-0.327695780864305,1.295804383454,1.14576901188408,-2.47514590492272,-1.77917321466999,-0.844030202885696,2.91638257799758,0.545650778585705,1.09976989750187,-1.5902615327889,-0.230358582906239,0.715936366060339,0.458534277930922,0.55330853292392,-1.00118458992083,-2.1361593252167,-1.0818259162177,2.08367366691074,1.02856128423588,"Feminine",-0.404708713784664,-0.807414449455619
0.541719708678038,-0.0222437625044037,-0.475754638412451,0.29375306967567,-0.381605252533803,-0.674900510795505,0.0519257301379719,0.2134924747476,-0.542858099395945,-0.0972928106645762,-0.333604647028767,1.02060569833705,0.652267963082742,-0.696019841208689,-0.327695780864305,-0.733808618572149,1.95907401187016,-0.766724559863243,-0.735345754381917,-0.496875137839213,0.846052239441153,-0.544298222446349,-1.07470504241927,-0.902203582227089,-0.596396257762758,-0.0504429825283554,-0.38541510017183,-0.437432132532313,-0.817932840471293,-0.73272176831481,-0.332935003699839,-0.319068296013723,-0.41853634963687,"Feminine",-0.404708713784664,1.23709114477995
0.108042437348282,0.66572403495323,-0.956208533106246,-0.868858012269816,-1.55368706132785,0.359844381849557,0.0519257301379719,0.442875195456468,0.0540992217201355,1.40270273828308,-2.44981154963885,0.0600056680037153,-0.485281197029374,-0.181226368568435,-0.327695780864305,-0.190202062595881,-0.305664303245853,-0.0733998162348772,-0.0814481325339536,0.154559933619238,0.030928413268569,-0.808268530478061,-0.977226618153224,-0.239549366720565,-0.230358582906239,1.86550538894338,-1.62109188316002,-0.920168915671978,0.4488450279033,0.69103429590388,0.37858563067205,-1.08853956931246,-0.702391667064138,"Feminine",-0.404708713784664,-0.807414449455619
-0.41776260818389,-0.366227661233221,0.269350378523032,-0.703282754547962,0.00267594511997874,-0.157528064472974,-0.743962452153807,-0.80736365839647,0.686844135852815,0.218710387113746,0.928666794144601,3.6040170184802,3.09149029148235,-0.696019841208689,-0.327695780864305,-0.733808618572149,-0.67051635910956,-1.53587940657879,-1.34831522762219,0.591627230656797,0.821249430960396,1.01286440803463,2.12610452858734,0.181372630785561,-0.596396257762758,-0.0504429825283554,0.599641565393496,0.478334653755586,0.867524069650002,-0.499772708206746,-0.123032450341786,0.829095124775776,-0.732251771884404,"Feminine",-0.404708713784664,1.23709114477995
-0.187788578473778,-0.710211559962037,-0.858691367426086,-0.658995382443857,0.0945598702526905,1.39458927449462,0.0519257301379719,-0.698924491901037,-0.208157860973503,-1.91704668778351,-0.111037954751535,-0.766541941486642,-0.485281197029374,-0.696019841208689,-0.327695780864305,1.71174976411615,-0.67051635910956,-1.46625207933534,-1.44535206998551,1.79791078608279,0.325856958181199,-0.282109085581347,-0.854563445185578,-0.433055890410155,-2.06054695718883,1.09912604035469,1.11366957707406,-1.7025027666827,0.833285296764531,-0.0287384480459499,-0.510703847773365,-0.358447393262286,-1.56931634638351,"Feminine",-0.404708713784664,-0.807414449455619
-0.0529984594873276,-0.710211559962037,0.063570237275302,0.156495802040469,0.135189616628286,-0.674900510795505,0.0519257301379719,0.55648076008637,1.09997530154933,0.109960998513733,0.413555021093054,-0.766541941486642,1.87186984949802,0.841609186906951,-0.327695780864305,-0.733808618572149,1.50902608608281,-0.613251468780419,-0.313175537109867,-1.19186264366887,1.29891755895547,1.28014192566351,-0.124522451745489,-0.707141806422579,0.501716766806798,-0.0504429825283554,0.0590615345509351,0.402611035795566,0.327049320151353,-0.832904386499364,-0.133759623613513,0.373624770623529,-0.935712136313051,"Feminine",-0.404708713784664,-0.807414449455619
-0.00801053814377202,-0.710211559962037,1.07058934478403,-1.23924753365949,-1.33775364823177,2.30391054378876,0.847813912429751,0.249141407002063,0.264008546801011,1.63812719636014,0.0814360658104744,-0.766541941486642,-0.485281197029374,1.2580503820216,-0.327695780864305,-0.733808618572149,-0.67051635910956,0.776551250140975,-0.613501450221137,0.328232013407592,-0.802223118405176,-0.926610493905081,-1.02743805931541,1.56214052841745,0.13567909195028,0.715936366060339,0.504473643419615,-0.539248321256685,1.65340493828961,0.233898351564762,-0.679433598080428,-0.570150376018304,0.161355776781023,"Feminine",2.4680596971786,-0.807414449455619
1.59889965923533,-0.710211559962037,-0.395707179422546,1.24129973873887,-0.565741613039854,-0.674900510795505,-0.743962452153807,0.830766244134563,0.751336261247184,1.03325589137954,1.25257659403826,-0.766541941486642,-0.485281197029374,1.09670513423195,-0.327695780864305,0.780642673459594,-0.67051635910956,0.37408122147531,0.238254781972385,-0.260422843702918,-0.101453467972329,-1.29178038391071,-0.847585020395017,-0.0831840297168919,-0.230358582906239,1.09912604035469,-1.51537415862369,-1.3263777557987,-0.552604411463266,0.883138880540669,0.607167420419244,-0.823371831598947,-0.897492897794831,"Feminine",-0.404708713784664,-0.807414449455619
-1.53663907056063,-1.05419545869085,-0.154327983692582,1.04781613450789,-0.701255984201575,2.199390857663,-1.1419065432997,-0.630223112142777,0.264008546801011,0.0431924835426194,0.0814360658104744,-0.766541941486642,0.108876711392821,-0.696019841208689,-0.327695780864305,-0.324531285932166,-0.67051635910956,0.34281903601085,-0.0823044611672011,0.118313587507422,-0.27682024508464,0.761141982893655,-0.294506844037681,0.621002265786024,-0.596396257762758,-0.0504429825283554,0.727006372903291,0.12550200181987,-0.560931543924718,-0.00251463536766358,-0.242932148773062,-0.320331658471108,-1.0140659845092,"Feminine",-0.404708713784664,1.23709114477995
-0.24844698902357,-0.710211559962037,0.184094638491923,-1.31078109550446,0.523648540122252,1.01447890576786,-0.743962452153807,-0.737996930874296,0.264008546801011,-0.457651380936991,0.0814360658104744,0.0379290758698913,-0.485281197029374,-0.696019841208689,-0.327695780864305,1.38253998183118,0.0396977923687211,0.272783117673989,0.678948484705235,-0.401521476445562,-0.0841422023334169,-0.254756240665754,0.432687527719656,-0.195069949508128,-0.596396257762758,-0.0504429825283554,-0.110970453656946,1.09105387524094,1.10037848207378,-0.388266374671606,0.944335747301477,0.876632750044423,-0.420317666927374,"Feminine",-0.404708713784664,1.23709114477995
0.717050002226111,-0.710211559962037,0.503794281649349,1.83564651857475,-0.757859985237793,-0.574439841606664,-1.1419065432997,0.160160906595054,-0.0573820332808007,1.23365996507287,-2.21291912103528,-0.133781544641502,-0.485281197029374,0.0921765513547911,-0.327695780864305,0.0985032679730279,-0.67051635910956,0.891895421371183,-0.485645852116945,0.00677649131180528,-0.814247659292594,-0.222346567278365,-0.266499211574174,1.59079189705287,0.501716766806798,1.09912604035469,-0.458977404595249,-1.29241921551797,-1.16579929957342,1.33043288878357,-0.201733172232499,-0.622653682917342,-1.1126406949128,"Feminine",-0.404708713784664,-0.807414449455619
-0.883118597638196,-0.710211559962037,0.32886223889867,-0.764006516770683,-0.91574600161115,0.265776664336369,0.0519257301379719,-1.25570831009418,0.665535885695874,0.505739267028502,1.44194674773429,-0.173640467277417,-0.485281197029374,-0.696019841208689,-0.327695780864305,0.825956964087316,-0.67051635910956,-0.463171535128611,-0.826210594873679,0.547510240102106,0.152260320067817,0.653056683107769,0.508831936802164,0.697681360407524,-0.596396257762758,1.09912604035469,0.330828818236213,0.456007786746556,1.06025567726039,-0.212411170511936,-0.308042634036764,0.166319274549558,-1.4518410084413,"Feminine",-0.404708713784664,1.23709114477995
0.540377625160866,-0.0222437625044037,-0.302432715638121,-0.921331696804673,-0.524471517363168,0.773742338907581,-1.53985063444559,0.682770882920939,0.115597685218801,0.88646171009879,-3.49411500160216,-0.328250397688204,-0.485281197029374,-0.150063085009305,-0.327695780864305,-0.157294564445979,-0.67051635910956,0.33383910515145,0.322355599398063,-0.980303770399472,0.444031655362024,0.226227138205116,-0.135211849439732,-0.218426959839707,0.13567909195028,-0.0504429825283554,-1.0581600238845,-0.269036656586184,0.317971744886709,0.296626434681972,1.1155075473055,-0.42708256114255,0.0680373194844928,"Feminine",2.4680596971786,-0.807414449455619
0.555301065878218,0.66572403495323,-0.268843837047964,-0.989600087288593,-0.117726849052602,1.18326813444738,0.0519257301379719,0.481973734178687,0.506744514240308,0.381620693703369,1.78396052463413,0.0936844929144044,0.609815633421285,-0.338840211676877,-0.327695780864305,0.397704494514781,-0.67051635910956,0.667707816664785,0.413558354330204,-0.587980368774708,-0.279270065629641,0.0174181072567619,-0.467893097297914,0.143803949367711,1.23379211651984,-0.0504429825283554,-0.369557811125913,-0.544499205105598,0.629261302060203,0.520432377109569,0.915009719948784,-0.605068650127562,-0.111278067208971,"Feminine",-0.404708713784664,-0.807414449455619
-1.34065466836988,-0.0222437625044037,-0.214372623188265,-1.01920551967257,-1.05531984769723,2.19162250261311,0.0519257301379719,-0.489399349025887,0.264008546801011,0.394787510716855,0.0814360658104744,-0.23924161078236,0.0181719326561013,-0.696019841208689,-0.327695780864305,0.306581239609322,-0.67051635910956,0.543601257264278,-0.276902018477427,-0.0480852511258917,-0.452366238299798,0.571000863193732,-0.548909505581234,0.91461959725661,-0.596396257762758,-0.0504429825283554,0.261819128669862,-0.552123037397905,0.557976359557649,0.516443480008943,1.31153531919209,-0.52497481402349,0.0886937488339835,"Feminine",-0.404708713784664,1.23709114477995
-0.706063428859285,0.321740136224413,-1.39858677495781,-0.985710066793824,-0.62312566253901,1.89022338273637,0.0519257301379719,0.497911998839248,0.0915762698409772,-0.448720176318043,-1.38861693547247,-0.427053721357826,-0.485281197029374,-0.273137195964983,-0.327695780864305,-0.733808618572149,-0.67051635910956,1.22721517614684,1.47492743119162,0.167354684235787,-1.18064376900194,-1.30879035019506,-1.05184938895719,-0.253601851757921,0.13567909195028,-0.0504429825283554,-1.22775219714482,-0.806569918394438,0.500115665966057,1.2250899522818,1.19855410300256,-1.55779677355076,0.378710016900853,"Feminine",2.4680596971786,-0.807414449455619
0.365634330412436,0.66572403495323,-0.584497537875932,1.0320953259817,0.323628099932478,0.704759346064574,1.64370209472153,0.660831910663208,-0.388422006418632,0.0687267013497607,-0.225149857182264,1.54559175015835,0.98643030592018,1.22404916012302,-0.327695780864305,-0.733808618572149,-0.33031142267984,-0.0771372884113855,0.558286974047517,-0.241533257981381,0.141611034136789,-1.16143165785262,0.332237590527456,-0.90094461177081,1.23379211651984,-0.0504429825283554,-0.334932258203344,0.126435121150403,0.561301577168918,-0.28399642252608,0.27948111660075,0.0301041480642498,0.35722733037739,"Feminine",-0.404708713784664,-0.807414449455619
0.449538098843246,0.66572403495323,0.678968783791986,-1.25814319150533,-2.40974950980544,0.522720892728874,0.0519257301379719,1.15272895151577,0.136650974274419,2.82652250137675,-8.26632163552145,-0.766541941486642,0.232931659305149,0.70950519448143,-0.327695780864305,1.24511474803876,-0.338468184392441,1.85013930543756,-0.306096960245182,-0.841758185866823,-1.30397441543475,-0.92081577594812,-1.73713929738249,2.23178111760171,0.867754441663317,1.86550538894338,-1.1122995007826,-2.148632855399,0.78742046728359,1.87158061319167,0.648840858552036,-1.64755054562179,-0.078079738650864,"Feminine",-0.404708713784664,-0.807414449455619
1.91950645881599,-0.0222437625044037,-1.01421284070675,1.01821116581401,0.834862485896042,0.0195591486978243,0.0519257301379719,0.314275173242731,0.264008546801011,-0.879907355963546,0.0814360658104744,1.09421144956537,-0.485281197029374,-0.309712713057724,-0.327695780864305,-0.733808618572149,-0.67051635910956,-0.584205933021355,0.152278054639732,0.737106490929086,0.141059523170165,-0.5961035227673,-0.576824855894946,-1.16659316365544,0.13567909195028,-0.0504429825283554,-1.16976137556284,-0.717193018236507,-0.501982974983814,0.377027151110545,0.0214646914335468,-0.36800913450899,-0.196032812500971,"Feminine",2.4680596971786,-0.807414449455619
0.362908315403031,1.35369183241086,-1.08185657304342,-0.0653147974680002,-0.407447544429468,-0.353218160750408,2.04164618586742,1.23405940090687,-0.131556395882425,-0.148208917390869,-1.03058741113451,-0.0990021611269652,1.10809439958157,-0.280260219244797,1.2854706907127,-0.0752639742977072,-0.228521381859778,0.653435663118663,0.577874371221959,1.24630898451318,-1.50825981348987,-1.50964074809669,-1.31543981008916,0.289013915083937,0.13567909195028,-1.2000120054114,-1.18312870895932,-1.00376534033054,1.9448752338506,1.40498705985935,1.67310211424106,-1.47230986061667,-0.212833719861496,"Feminine",2.4680596971786,-0.807414449455619
-0.819123515892126,0.66572403495323,0.0605112120514612,-1.21169728164251,-0.271142451379943,1.39458927449462,0.847813912429751,-0.667161473479792,-0.0812919139224955,-0.102034473757744,-1.06257430123917,-0.766541941486642,-0.0958277467634698,-0.187919241452167,-0.327695780864305,-0.197269536779756,0.409809392434869,0.228072845450401,-0.0708720808332186,0.102442769159509,-0.25541265831023,0.929891620115339,-0.383175764966762,0.475381389031896,0.13567909195028,-0.0504429825283554,0.68281030785454,0.449224400291935,1.74866132203846,-0.140884773782398,0.116819797010507,-0.212855574363525,1.46101567169075,"Feminine",2.4680596971786,-0.807414449455619
-0.69196848440876,-0.0222437625044037,-1.24008719386957,0.64179462030293,-1.46335794872397,-0.331511718988516,0.847813912429751,0.608405272926742,-0.568449019144726,0.967200554524247,-0.358086341831317,-0.0641306800633996,-0.485281197029374,-0.696019841208689,-0.327695780864305,-0.271844465125901,2.11998924352712,-0.645453010100124,-0.442027737625093,0.835229743719643,-0.0669314166774827,-1.15648155719296,-1.85646214170222,-0.793985527861022,-0.596396257762758,0.715936366060339,-0.752106625700479,-0.393470984948737,-0.828306609810027,-0.154176919501811,0.261854007874995,-0.944394644963304,-0.20118024978571,"Feminine",-0.404708713784664,1.23709114477995
-1.47575135085026,3.07361132605495,-0.926970089034747,-0.00179713177778215,-0.495323379367316,-0.517439331479953,1.64370209472153,1.76297496312638,0.264008546801011,0.582489911510538,0.0814360658104744,-0.451748934694954,-0.485281197029374,0.480343503879782,0.433028207404455,-0.319740414145409,0.163213296973641,0.584825320035903,1.07818755039982,1.85017232113782,-1.76141149534775,-0.959389310774041,-0.64965788248453,0.164126222163863,3.06398049080243,-0.81682233111705,0.742039683098913,0.967222645019802,-0.682782109484715,0.110799115817937,1.26767361948931,-0.938832029972235,0.101309420450123,"Feminine",-0.404708713784664,-0.807414449455619
-1.68124331026168,1.69767573113968,-0.448288602833088,-1.34330596130885,-0.490299349228964,0.342881350822588,0.0519257301379719,-0.389156292586389,-0.478416170914325,-0.197464555615732,-0.334276102324568,0.486344701185098,-0.485281197029374,-0.305856069515452,-0.327695780864305,0.0901939978910462,0.988619528869654,0.576378254145784,0.353150085053489,-0.357652445870967,-0.467876857557159,0.707144553495847,-0.563006525248806,0.113239386338701,1.59982979137635,-0.0504429825283554,0.812011158013214,0.757038510322919,1.1291207231984,-0.345375920740401,0.593986848935776,-0.280191160037118,-0.316547837858782,"Feminine",-0.404708713784664,-0.807414449455619
-0.98368913968621,-0.710211559962037,-1.89005884757429,-1.65892307865446,0.365373557615786,2.08441920292466,0.0519257301379719,0.0525775969030324,1.04325628579318,-2.40978956851975,-0.0572768079286589,-0.766541941486642,-0.485281197029374,-0.696019841208689,-0.327695780864305,-0.733808618572149,-0.67051635910956,0.9719877065286,2.72615107965192,-1.46976225029799,0.200870550391522,0.0421792884913294,0.230193057755277,-1.97741732877104,-0.596396257762758,-0.0504429825283554,-1.94631117133598,-0.365061911067375,3.75266911885461,0.89993248492215,0.860022947599159,-0.757976078352057,-2.31415868861279,"Feminine",-0.404708713784664,1.23709114477995
0.505456102648857,0.321740136224413,-0.566151474479006,-0.952760397177002,0.451064579719793,-0.674900510795505,0.0519257301379719,0.2407441470644,-0.307306760941519,-0.313629010887421,-0.359244497384801,-0.525509652035388,-0.485281197029374,0.204703949268782,-0.327695780864305,0.217328844605277,-0.67051635910956,0.829275794480527,1.0447858910583,-0.0663490834354876,-0.675803777526059,-0.299410372890317,1.19460944568301,0.34239930535454,0.501716766806798,-0.0504429825283554,-0.466339748419486,-0.483339742776594,0.140523912253138,1.11116387153756,0.599236868885988,-0.658296932292862,-0.739099853775,"Feminine",-0.404708713784664,-0.807414449455619
-0.0151648860849758,-0.710211559962037,0.598323313360552,1.92923507472744,0.279729982292208,-0.674900510795505,-1.1419065432997,-0.597489084071411,0.264008546801011,-0.0403028720444187,0.0814360658104744,-0.766541941486642,0.617373817067033,-0.696019841208689,-0.327695780864305,-0.733808618572149,-0.67051635910956,-0.00113736447253128,-0.664935034383995,1.67812432879597,-0.966509330406913,0.554502008447509,0.616249529509242,1.57887433390268,-0.596396257762758,-0.0504429825283554,1.18542762570083,-0.0880803543938594,-1.00807626228103,0.550266030174342,-0.398770489726245,0.366652906462124,-1.81196601663552,"Feminine",-0.404708713784664,1.23709114477995
-0.236185553410707,-0.0222437625044037,0.791118022586595,-0.0372035999587713,-0.355846644487458,-0.674900510795505,0.0519257301379719,-0.637481417241016,0.264008546801011,0.50558335487092,0.0814360658104744,-0.766541941486642,-0.485281197029374,-0.696019841208689,-0.327695780864305,-0.733808618572149,0.0176414522607004,1.16604678487487,0.294874569317756,-0.838213606885985,-0.485228337619457,-0.642113299097796,0.706247356672364,0.981888027965886,-0.596396257762758,-0.0504429825283554,0.774638796605484,0.112604154675865,-0.80757975773015,0.0010907536844556,-0.691486321995478,-0.0584230497210775,-2.11328161982188,"Feminine",-0.404708713784664,1.23709114477995
2.20683081322306,-0.0222437625044037,1.04558738813869,-0.500468142840478,0.49659805655592,-0.674900510795505,-0.743962452153807,0.600407969338293,0.933572255304788,-0.203456891582643,0.979305507863983,-0.371066693458431,-0.485281197029374,0.28922564949566,-0.327695780864305,1.86716602688153,-0.67051635910956,-0.858622000828487,-1.73810885395402,0.191934872038982,0.738635906739799,-0.202176717351107,0.392458141108967,0.628105910902266,-0.230358582906239,-0.0504429825283554,-0.00438413645646362,-1.72694088528409,-0.499030836746223,0.411046445008252,-0.077921639384291,-0.000473383147986911,-0.0687224886224923,"Feminine",-0.404708713784664,-0.807414449455619
0.713850722398461,-0.0222437625044037,0.809627389045944,0.539846932123125,0.44203673266845,-0.257146361590977,-0.743962452153807,0.0656171721718105,0.264008546801011,-0.444570631102513,0.0814360658104744,0.112086847598207,-0.485281197029374,-0.696019841208689,0.733944697513097,-0.733808618572149,-0.282674792141257,0.0482813428753079,-0.480530775680027,-0.392731582338105,0.302393019802335,-0.270076387176236,0.195836427272858,0.30575293962704,-0.596396257762758,-1.96639135400009,0.451728791287565,-0.289858910168835,-0.664945554998655,-0.241684837995359,0.729739686781516,0.191767531195726,-0.414196412965465,"Feminine",-0.404708713784664,1.23709114477995
-0.256937379798131,0.66572403495323,-0.144608273917055,-0.0135590243999557,-1.12778393384461,-0.674900510795505,-0.346018361007918,2.36109876871477,-0.451051157280583,1.77543793855515,-0.776863039478601,0.741841216056859,0.0907853648222729,1.18289383497428,-0.327695780864305,-0.336993255996525,-0.404186052305205,0.755848450176582,-0.422420556351113,-0.244585242068548,-0.608288856400398,-0.20346965644901,-0.435010054739712,1.14906493099464,1.23379211651984,-0.0504429825283554,-0.0953500451017045,-1.43787874884423,0.00193659430965949,1.06510053055252,1.16252980377885,-1.15341991149577,-0.115818581480516,"Feminine",-0.404708713784664,-0.807414449455619
-0.0787697667670226,-0.366227661233221,-0.379648528489059,0.717519727521732,1.2234784064141,-0.51013221578833,-0.743962452153807,0.00515162499905233,0.773133667005159,-1.44559994334554,-0.0577929939018765,-0.165116324676964,-0.485281197029374,0.427726613045154,-0.327695780864305,-0.733808618572149,-0.13955753659864,-0.041176276887264,0.560074055700183,-0.269153534351218,0.320438729368134,0.323979271965347,1.17066542092075,-0.651319582444328,0.501716766806798,-0.0504429825283554,1.52473085882427,-0.157449231088038,-1.09414717440639,-0.438216908780864,-0.638658854739193,0.0245249969105971,-0.521384848865997,"Feminine",-0.404708713784664,-0.807414449455619
-1.3779256640024,-0.710211559962037,-0.990984757129543,-0.11557313931071,-1.62104641376828,-0.674900510795505,0.847813912429751,-0.875803079135895,-1.05220754566777,0.65898013182586,-0.242364297680552,0.899353793570251,-0.485281197029374,-0.696019841208689,-0.327695780864305,-0.733808618572149,0.80019259173927,0.131100238861599,-0.257197585803489,0.659534125891119,-0.659311982017538,-1.14432885185881,-0.639158616252123,0.228508061615117,-1.3284716074758,1.86550538894338,-0.335461988999546,-0.600260803501133,-0.617924406917973,0.421306333371152,0.289079612932303,-1.00114623153835,-1.253974158883,"Feminine",-0.404708713784664,-0.807414449455619
-0.91981721854394,0.66572403495323,0.389828495407402,0.182861771127103,-0.167492339036118,-0.458200009718005,0.847813912429751,-0.556664377796402,0.967567763683566,0.160935124146972,0.715746755696115,0.0645671890273925,-0.485281197029374,0.856883647451145,-0.327695780864305,-0.733808618572149,-0.67051635910956,0.140248636665703,0.265924109618258,-0.692529063369845,0.451806429374809,1.11198028177247,1.3774653475795,0.220914936785411,-0.230358582906239,-0.0504429825283554,0.62308530202517,1.42406062725833,-0.550830195309708,-0.701179525465245,-0.745912979560423,0.187859522961152,-0.677257742145509,"Feminine",-0.404708713784664,-0.807414449455619
-1.99347375308267,-0.710211559962037,-0.460297512765792,0.362759191814686,-1.41689562513686,0.050387965357575,-0.743962452153807,-1.03169352552228,0.919795224265614,0.288027146263153,0.568721856260099,-0.766541941486642,0.994000838342759,-0.696019841208689,-0.327695780864305,-0.733808618572149,-0.67051635910956,-0.0441486348674008,-0.239104781110605,-0.579770038947864,0.568129189394386,0.330290720028939,-0.00171534881172146,-0.096313878793687,-0.596396257762758,1.86550538894338,0.800798579049062,-0.567620380901223,0.432669443038641,-0.324130404070699,0.0528766794597027,-0.427134999354867,-1.76491373025207,"Feminine",-0.404708713784664,1.23709114477995
-0.850169078757717,-0.0222437625044037,-0.688138862614816,0.558183773991934,-1.54568052054325,-0.674900510795505,0.847813912429751,-0.558561589675262,1.39821610996043,0.820508207432514,0.451150399235647,-0.0966265747199918,-0.485281197029374,-0.696019841208689,-0.327695780864305,-0.733808618572149,-0.67051635910956,-0.341178921602315,-0.49084587644247,-0.00610918484793778,0.494843994899298,-0.735134495678088,-0.764988556156027,-0.493273990352258,-1.3284716074758,1.48231571464903,-0.259948015678484,-0.792779430749328,-0.926947678288929,-0.194762901805234,-0.644242522510912,-0.574301685569024,-0.895929383491813,"Feminine",-0.404708713784664,-0.807414449455619
1.45028503673138,-1.39817935741967,2.2208697400263,1.81151900893532,-0.0229346733977272,-0.674900510795505,-0.743962452153807,-0.173260493290078,1.97751567178917,0.95198737652605,0.545676529333879,-0.766541941486642,-0.485281197029374,-0.696019841208689,-0.327695780864305,-0.733808618572149,1.11647408654547,-0.760130773022805,-1.67189441210062,0.884343153611338,0.206674650890854,-1.32019366762002,-0.455278852550219,0.748256811631509,-0.596396257762758,-0.0504429825283554,0.453379790919564,0.127952694255165,-1.22199411114433,-0.77290486379613,-1.22621190841482,1.00963386833158,0.682493358725725,"Feminine",-0.404708713784664,1.23709114477995
-3.19584920619859,-2.0861471548773,-0.418664264911967,-0.532065436696723,-0.354067247530759,0.903523901713912,-0.743962452153807,-2.06243631574452,-2.07210273773782,-1.4453964970224,0.104381731527067,-0.766541941486642,1.39673730870585,-0.696019841208689,-0.327695780864305,-0.733808618572149,-0.67051635910956,0.527142125962568,0.623647295234408,-0.884655014737141,0.174912479048394,1.64848621445608,-0.201441342797679,-0.069427409279804,-2.06054695718883,1.48231571464903,2.15472482704691,0.53161124930596,-0.523212799658038,-0.858939012174959,-0.95091854327588,-0.00386850134538649,-0.458319102458122,"Feminine",-0.404708713784664,-0.807414449455619
-0.79224303770473,-2.0861471548773,-0.498367840747366,-0.750099589390038,-0.276573098243929,0.386376302173793,-0.743962452153807,-0.464408102372022,-1.49961696840419,-0.704742717938356,-0.0845472591686927,-0.766541941486642,-0.485281197029374,-0.696019841208689,-0.327695780864305,-0.733808618572149,1.95699528430416,-0.298930567772333,0.0283755247898612,-1.25753730032024,1.08762596976257,0.857736937917184,0.0315385295320934,-0.650673751672189,-1.69450928233231,-0.0504429825283554,-0.34262172993864,-0.0214862683759383,-0.0967898546040995,-0.471769887382828,-1.29448135327505,0.121160277412768,1.12283371179899,"Feminine",-0.404708713784664,-0.807414449455619
-0.436986679672354,-0.710211559962037,-0.522559172927215,-0.723886369963183,-0.255242443164898,0.236532814332269,-1.1419065432997,-0.554733521675975,-0.331715425624777,-0.33525618116603,-0.611554189541535,0.238778315183206,-0.485281197029374,-0.696019841208689,-0.327695780864305,-0.0726262787932709,-0.226751041496962,1.09886813984035,0.704389087323278,0.302491537582198,-1.286110550832,-0.114522696639197,-0.764456303187866,0.676304474961859,-0.596396257762758,-0.0504429825283554,-0.244943089917137,-0.260035435222138,2.29186084579861,0.982736329321887,0.210133997096139,-0.805869908583697,0.894294493464179,"Feminine",-0.404708713784664,1.23709114477995
0.600800630691189,-1.05419545869085,1.51491382963314,0.936409047524619,0.82938401720448,-0.674900510795505,-1.1419065432997,-0.892832901549576,-0.932230743673295,0.178446784134664,-0.283802387970613,-0.766541941486642,1.44214794289249,-0.696019841208689,-0.327695780864305,1.92155638139771,-0.224966462471711,-1.81451794754786,-1.74314556843862,0.926335777425436,1.1153526607003,0.219335293863278,1.64298808463442,0.280602447881596,-0.596396257762758,-0.0504429825283554,0.282680593043525,-0.00322176813321685,-1.09007438746699,-0.477535981855753,-1.11828510396632,2.29810873407981,-0.273436599720392,"Feminine",-0.404708713784664,1.23709114477995
0.0420422445795663,-0.366227661233221,0.154935509165325,-0.745392375252883,-0.143029099082012,0.648610398401666,-0.346018361007918,-0.84876384349126,-0.824572450250289,0.161722304013638,-0.273348530411851,0.662271857841093,2.24310995739513,0.193879311685562,-0.327695780864305,2.08531228746796,0.590888661352815,-0.882697634292091,-0.249967330265871,-0.687401523887577,0.997967018966161,-0.394115611820165,0.164707904006499,-0.869159159723718,-0.230358582906239,1.09912604035469,-0.462148063832492,0.651247608382123,0.469251375424036,-0.97062237858652,-0.845430599109274,0.828531699913259,0.971018373905149,"Feminine",-0.404708713784664,-0.807414449455619
1.0532561871201,-0.0222437625044037,1.28629613303781,0.50500094707586,0.863478463754338,0.0266214503197905,-1.1419065432997,-0.439471852498113,-0.136048765225512,-0.0391616945736921,-0.852385305224823,0.0210991382682905,-0.485281197029374,0.285103283425767,-0.327695780864305,3.41033843159003,0.720195870563392,-1.52405822372687,-1.17345241693332,-0.559114347786513,1.64137489984192,0.890286493144027,0.968504242901606,-0.315231410404181,-0.230358582906239,-0.0504429825283554,-0.146524856393548,0.383852665337111,-0.102273219250699,-0.901039785050331,-0.808003689625918,1.50571468742991,1.72537652685397,"Feminine",-0.404708713784664,-0.807414449455619
-0.296171607166093,-0.0222437625044037,2.5129371007099,-0.835004967097833,1.3608833384569,0.648610398401666,0.449869821283861,-1.18692245945611,-1.21837436132828,-0.500297496473369,-0.219491774299281,-0.766541941486642,-0.485281197029374,-0.696019841208689,-0.327695780864305,1.73409290548622,0.985863489188624,-1.12528636386413,-1.50994698927827,0.768461613062877,0.503737898706502,1.01974093521874,0.830303558174175,0.776026930368915,-0.596396257762758,-0.0504429825283554,2.162862839554,2.27806892364553,-0.274674008870948,-1.91315614972093,-1.09157597648015,2.12264548149109,1.9455748978043,"Feminine",-0.404708713784664,1.23709114477995
1.24478996634113,-0.366227661233221,0.941712230407345,0.250658626357411,-0.226491471942271,-0.135970879209536,1.24575800357564,0.0623226781448118,0.459537580695365,0.933567513240502,3.00445582927756,-0.766541941486642,-0.485281197029374,0.742559464236924,-0.327695780864305,0.0257398054989861,-0.160730741177296,-1.16519357105962,-1.00782559546977,-0.499726972804198,1.61692270565085,0.112745172617407,0.272621462159138,-0.617437636034518,0.13567909195028,-0.0504429825283554,-0.249733346834811,0.405384609362356,-0.95780102305629,-1.13663365932481,-1.11337342461091,0.57003539495647,0.0919290931899367,"Feminine",2.4680596971786,-0.807414449455619
0.926528423644973,0.321740136224413,0.413612330691468,0.775383518640071,1.53130819884778,-0.188970588835117,0.449869821283861,0.174767960425016,-1.70233998943218,-0.706887753849642,0.0428409004275094,-0.282618501740038,-0.485281197029374,0.509576183406402,0.841746237091266,-0.733808618572149,-0.243292422230593,-0.263325378404906,-0.215191116501729,-0.00454138743017855,0.389071949101879,-0.0416993766702355,-0.233103649814982,-0.459025711357446,1.23379211651984,-1.96639135400009,0.452167360170088,-0.474262446852359,-0.164266822114695,-0.243907445618008,-0.888231035471967,1.42101455732212,0.530181162557882,"Feminine",-0.404708713784664,-0.807414449455619
1.17521458557048,-0.366227661233221,0.852831461871723,0.224399010160597,-0.270303040762302,-0.158450296997614,1.24575800357564,0.123083627209458,0.460441412901348,0.968296032176201,2.94448588473321,-0.766541941486642,-0.485281197029374,0.749209291534824,-0.327695780864305,0.0292508151634126,-0.15837425912214,-1.14057906582247,-0.996730523385328,-0.427637213445147,1.54337757775253,0.127719980611647,0.282946188373821,-0.542406243180846,0.13567909195028,-0.0504429825283554,-0.274058109081166,0.314143013598494,-0.950256853971246,-1.02322518940388,-1.11980913721763,0.538118327255815,0.0721176018251405,"Feminine",2.4680596971786,-0.807414449455619
0.75781271174618,1.00970793368205,0.523291829424498,-1.2883381017921,-1.1942017605468,0.503274366968675,0.847813912429751,0.338364088518429,0.020406769541549,1.75965849312683,-2.99245720900228,-0.766541941486642,-0.485281197029374,-0.696019841208689,-0.327695780864305,-0.102948016668481,-0.247102062432062,0.215993271487154,-0.876541948231686,1.01630243973513,-0.777484731738706,-0.925336495953197,-0.819327855044469,1.2798241763218,-0.596396257762758,1.09912604035469,-0.00383633943856331,-0.61243739231425,0.210471963179482,0.497832460207748,-0.681896427919296,-0.764776092583443,1.68576189169736,"Feminine",-0.404708713784664,1.23709114477995
-0.429111223108944,0.66572403495323,1.15989742470685,1.46682943082613,-0.822020954157574,-0.486966075165526,1.24575800357564,0.255576036318937,0.264008546801011,1.1178587093318,0.0814360658104744,-0.766541941486642,-0.485281197029374,0.57492014138012,-0.327695780864305,0.608266103634843,-0.220136653294065,-1.52314270037571,-1.92705313697731,1.28777587571035,0.752787902209319,0.515793414883355,-0.215349018305506,0.558690399899342,1.23379211651984,-0.0504429825283554,0.733293579475174,0.743722375840191,-1.21398753530821,-1.0881752942606,-0.83529959410635,0.424080537291656,1.2891968192633,"Feminine",-0.404708713784664,-0.807414449455619
-1.38705079288887,-0.710211559962037,-0.527969769000741,1.95696633954523,-0.447105708429569,-0.674900510795505,-0.743962452153807,-0.654555676627558,-1.99903754963305,-0.360094054396349,-0.0670401547108464,-0.209600467932119,-0.485281197029374,-0.696019841208689,-0.327695780864305,-0.00122641074022766,-0.67051635910956,0.915100757595019,0.560543657307125,-0.039360935575508,-0.793756133993324,0.99190226798737,0.193322677386041,0.924622146070169,-0.596396257762758,-0.0504429825283554,-0.149420690100606,0.018287833059931,-0.4965936596508,0.920953174649764,-0.81900750456755,-0.472579604155905,-0.627395801948405,"Feminine",-0.404708713784664,1.23709114477995
0.579238032364622,-0.0222437625044037,1.78045356795558,0.416733683220675,2.38345365963465,-0.674900510795505,-0.346018361007918,-0.0534273482636424,0.83415581915843,-1.70386356472316,0.29710625248798,-0.766541941486642,-0.485281197029374,0.981893767289595,9.4378772778416,3.69575821948133,0.518679429412214,0.81843831053406,-0.341877737714042,-0.70809458546115,-0.561968919529355,1.16695558227278,0.343621536897847,1.13152942206011,0.13567909195028,-1.58320167970574,2.27495613682753,-0.781806591455688,-0.950370445123391,0.190491510199441,-0.629335312646061,1.38991647329113,-0.824320428413568,"Feminine",2.4680596971786,-0.807414449455619
0.0373358214463468,0.66572403495323,-0.865958007591611,-0.502327153811613,0.319653888350713,0.191288652730904,0.847813912429751,-0.320624673556589,-0.348059018832618,-1.174776503765,-0.198866501761814,0.00813385300483529,-0.485281197029374,-0.696019841208689,-0.327695780864305,-0.0544868456031774,-0.214576410012391,0.421025389023984,0.783138684037641,-1.3185974139574,0.500831347390733,0.824161531004977,-0.347464577071396,-0.85398340493075,-0.596396257762758,-0.0504429825283554,-1.12456140879711,-0.567620380901223,0.976106628185647,0.533459145678572,-0.0657806520778883,-0.177865034752962,0.227590428942644,"Feminine",-0.404708713784664,1.23709114477995
-0.0659351821036143,-0.710211559962037,0.985041605068469,-0.912601932377633,0.114800510236826,0.669683248008815,-1.1419065432997,-0.00684604681489256,0.264008546801011,1.06785289188312,0.0814360658104744,-0.766541941486642,-0.485281197029374,2.34928440278657,-0.327695780864305,-0.0906585244236034,-0.67051635910956,-0.450291298398539,-0.246539279038953,0.332206372589874,0.395077595670692,1.1125307733619,2.69452993165136,0.862526199737625,0.867754441663317,-0.0504429825283554,0.202249167242986,1.63950477845952,0.686854137585015,-0.330565419451213,0.0615810766812603,0.858449212286843,0.49856079434759,"Feminine",-0.404708713784664,-0.807414449455619
-0.527864056785988,1.35369183241086,-0.288689453425468,-0.859651281369094,-0.429237103442572,-0.0954433709142707,0.847813912429751,-0.497566356996211,0.264008546801011,-0.0259488798896238,0.0814360658104744,0.521345525296225,-0.485281197029374,-0.696019841208689,-0.327695780864305,-0.169127236024397,-0.67051635910956,2.31127318182322,1.35044301070543,-1.03928742777933,-1.59215455984973,0.102670900420596,-0.172684465484406,1.28300367106867,-0.596396257762758,-0.0504429825283554,0.033371383209281,-0.4527733891816,-0.181602772926007,1.36100644146793,3.36048404900341,-0.827766572097687,0.0986394370392996,"Feminine",-0.404708713784664,1.23709114477995
0.326743465145184,-0.710211559962037,0.063570237275302,-0.0189483973584251,-0.851554857234345,-0.674900510795505,0.0519257301379719,0.222482645525125,-0.560755326298646,0.57508923490462,-0.593447967630331,-0.0706224662133367,-0.485281197029374,-0.696019841208689,-0.327695780864305,0.63927522383371,-0.363325764939657,0.0169000817616065,-0.790851716088929,-0.784434284907061,0.528944678800768,-0.109902450123828,-1.13269665061739,0.141615204275434,-0.596396257762758,0.715936366060339,-0.248406950372204,-1.30812589325032,-0.759592833555481,0.152132102095253,-0.0099537631846138,-0.508642011074259,0.50370019303742,"Feminine",-0.404708713784664,1.23709114477995
1.49498767350015,0.321740136224413,-0.20040564527552,0.994403576398947,-0.0224427691344284,-0.674900510795505,1.24575800357564,0.575087629940423,1.01391990032524,-0.11495205783814,0.735852523381537,-0.766541941486642,-0.485281197029374,-0.696019841208689,0.742687619099736,-0.733808618572149,-0.67051635910956,0.311103594470825,-0.134956211602551,-0.100203906441683,-0.0446770424977736,-0.303025966987393,-1.69737803454327,-0.162671863435748,-0.596396257762758,-0.81682233111705,-0.744019670022814,-0.944801879705067,-1.02531729392112,0.408127757885157,0.253371442889934,-0.729761554141203,-0.319944310036398,"Feminine",-0.404708713784664,1.23709114477995
0.452236728441635,1.69767573113968,-1.30986075293276,-0.480962157580352,-0.875609818400129,-0.266448579488244,0.449869821283861,3.10934543994068,-0.909165656565111,1.71768206288863,-0.332459566716773,-0.477820748140893,0.0660463100188276,0.382914637875521,-0.327695780864305,0.785288229570119,0.0941620677888353,0.494205702160277,0.592330356263803,1.49037852693388,-1.5183103478173,-1.2125253348729,-0.844169756728692,0.574846004788531,1.59982979137635,-0.0504429825283554,-1.86428944093739,-1.11025777931744,-0.294317888510348,1.88202894293683,2.5087173847238,-1.75572693954111,-0.570434133136169,"Feminine",-0.404708713784664,-0.807414449455619
0.395781871246157,-0.710211559962037,1.31363443226562,1.68151866678191,1.13451233619131,-0.674900510795505,0.0519257301379719,-0.407936976402629,-1.61868029432522,-0.779352418941028,-0.0440948004221444,-0.766541941486642,-0.485281197029374,0.293382803464876,1.5917681220248,0.310971070234559,0.0307077398183634,-2.06130470953565,-1.62625034394466,-0.496875137839213,2.4848398793721,1.32928509463617,1.82039767269177,-0.966941168321093,-0.230358582906239,-0.81682233111705,1.43446135985918,1.138294597726,-1.18017543348234,-2.17379787881122,-1.10812488229084,1.36795119351873,-1.253974158883,"Feminine",-0.404708713784664,-0.807414449455619
-1.28338389266324,2.0416596298685,-1.43615837711339,1.1330586840512,-1.07152841889971,-0.674900510795505,0.449869821283861,-0.871255533897818,0.852038667184401,-0.212611180539051,0.555764863788015,0.275411295015731,-0.485281197029374,-0.696019841208689,-0.327695780864305,-0.733808618572149,-0.0572687153976862,1.61375414611818,1.72503607609488,-0.345927828843384,-1.3506043022709,-1.35543068274905,-0.617514712304965,-0.103614097680205,-1.69450928233231,1.09912604035469,-1.01199711983977,-0.886936919336048,-0.683988623437486,1.35764524843065,-0.308718640865066,-1.43528999724993,-1.1688942122554,"Feminine",-0.404708713784664,-0.807414449455619
0.410038677410945,-1.39817935741967,0.0241312793047482,1.4045871024603,-1.60170661282073,-0.674900510795505,0.0519257301379719,-0.347427877998773,1.5864663279122,0.836832849255564,0.485971205691492,-0.766541941486642,-0.485281197029374,-0.696019841208689,-0.327695780864305,-0.733808618572149,-0.67051635910956,-1.39775816852643,-1.65582394027869,-1.02666166317561,2.3047486060781,0.0601987163499256,-1.49613628700187,-1.2871370298316,-1.3284716074758,1.48231571464903,-0.245267078248067,-1.40700953138068,-1.20413764263135,-1.09058376607575,-1.27754657872927,-0.375958446748619,-0.245603158801665,"Feminine",-0.404708713784664,-0.807414449455619
-1.41186671036911,-0.710211559962037,-0.170754438067334,0.53005278012648,-0.604696064199864,-0.533154635090702,0.847813912429751,-0.938000809107861,-1.11740710442783,0.368467053074505,-0.243878546202378,0.981874944532823,-0.485281197029374,-0.696019841208689,-0.327695780864305,-0.733808618572149,-0.67051635910956,0.159120686496906,0.591032868760546,-0.430673718125514,0.178093399205992,0.440073767174695,0.987006128492247,-0.276674151269381,-0.596396257762758,1.09912604035469,0.516167187656928,1.92964790298172,-0.881758863561559,-1.03421573129688,-0.033173429026394,0.163875883944953,-0.245603158801665,"Feminine",-0.404708713784664,1.23709114477995
0.0103129703726224,-0.0222437625044037,-0.0527746887378417,-0.965376182595911,-0.31468656159356,-0.674900510795505,0.449869821283861,-0.218818179165817,1.28225878720931,0.000838301737254496,0.457601521210394,-0.766541941486642,-0.485281197029374,-0.696019841208689,-0.327695780864305,-0.733808618572149,1.98427775344504,-0.969825834395664,-1.10654204738335,-0.269153534351218,1.10414682554496,0.707399741828532,0.00748990220690342,-0.487924397095267,-0.596396257762758,-0.0504429825283554,0.403654635869136,-0.120737780110279,0.0557668106726098,-0.678643372009291,-0.882451844276329,0.0679974891051951,-0.0320231823185483,"Feminine",-0.404708713784664,1.23709114477995
-1.30882222960239,0.66572403495323,-0.908296865517146,-1.19803183355588,-0.70053730974612,-0.674900510795505,0.0519257301379719,-0.694202139549143,-0.147992612337415,-0.642000789002384,-0.643119343226471,0.27637339403374,-0.485281197029374,-0.696019841208689,-0.327695780864305,0.180735374953944,-0.363609412764374,0.159997780841173,0.537064010571217,0.0679830474524557,-0.185196515693694,-0.42296487144864,-1.34033632211994,-0.736683382878758,-0.596396257762758,-0.0504429825283554,-0.117547467785473,0.557830849319739,0.543495886045805,-0.452544474847256,3.69457126281593,-0.611004610341632,0.148976797751897,"Feminine",-0.404708713784664,1.23709114477995
1.79986445419873,-1.39817935741967,-0.544124242346919,-0.563675267126487,0.361314922450691,0.265776664336369,-0.346018361007918,-0.544183364722606,0.264008546801011,-0.350503808611936,0.0814360658104744,0.156233637245854,-0.485281197029374,-0.696019841208689,-0.327695780864305,-0.733808618572149,6.66140032232799,-2.69055883801418,-1.09448203356552,-0.493836908432053,2.45642746208538,-0.538340882805387,-0.313567593908679,-2.70977853512595,-1.3284716074758,1.09912604035469,-1.29444611360708,0.767535367076984,-0.120474504796513,-1.94822564616123,-1.04498890830048,0.85091124900654,-1.66710274587284,"Feminine",-0.404708713784664,-0.807414449455619
1.40069380067792,-1.05419545869085,0.183310790929384,1.15416863333373,0.584934192887443,-0.674900510795505,-1.1419065432997,-0.080826398976875,-0.513338587949712,0.130093971423395,-0.353601172337713,1.52914364462834,8.90841744222399,0.121013004741259,-0.327695780864305,1.4230971849748,-0.0914567373467795,-1.53877199187033,-0.984594527645528,1.4062527077023,-0.00378522400954737,-0.868765660068984,-0.497249085945792,-0.051141169918316,0.13567909195028,-0.0504429825283554,-0.353494985093052,-0.555263212066493,-0.588993317166703,-0.00124777258359857,0.507294113746269,0.793191541586,0.579579977515228,"Feminine",2.4680596971786,-0.807414449455619
-0.143277297642024,0.321740136224413,1.62653579170208,0.224770175678831,0.170542524059284,-0.674900510795505,0.0519257301379719,-0.407629133201264,-0.58106201256815,0.362884368159049,-0.581183496397597,0.659565771099942,-0.485281197029374,0.192193896623262,-0.327695780864305,0.204118602061146,-0.0410083612083553,0.146527405769908,-1.24392364173926,-1.02569968135418,0.492419117140276,1.9645541308951,0.266764165556583,1.20569145589387,0.501716766806798,-0.0504429825283554,0.914296362423504,0.252912480409536,-0.125532701847562,-0.366901600049354,-0.241998410696633,0.90952526141832,0.644495812958696,"Feminine",-0.404708713784664,-0.807414449455619
0.192204370364799,-0.0222437625044037,-0.946656910472749,-1.28236850818206,-0.182177860896349,3.87342868764433,0.449869821283861,-0.211915721577895,0.620609749875469,-0.365961083841521,0.710463717182351,-0.239979093762365,-0.485281197029374,-0.696019841208689,-0.327695780864305,-0.733808618572149,-0.67051635910956,0.172405905725402,0.760978161366598,-0.743927805995432,0.480030196225962,-0.575530512857744,-0.0808588784506489,-1.07486732583722,-0.596396257762758,0.715936366060339,-0.89028683684941,-0.491035660462125,2.94453883433706,0.101998979817933,0.300381301094121,-0.356848807186262,-0.537884608100612,"Feminine",-0.404708713784664,1.23709114477995
1.35063748417396,-0.366227661233221,0.335545388994332,-1.25865889664818,0.345390200529274,0.058383271393909,0.0519257301379719,0.69635783878338,0.264008546801011,0.277188389111057,0.0814360658104744,-0.217719148304634,-0.485281197029374,2.03853907176664,-0.327695780864305,-0.733808618572149,-0.67051635910956,0.71299425783045,0.213006978839815,-0.868212319199387,0.0136577564429387,-0.747585924567747,-0.327976282378431,0.108872944611095,0.501716766806798,-0.0504429825283554,0.209999340795954,-0.961355086172348,1.936949896489,0.139529122502521,0.316774834235411,-0.36481942194528,0.26112057487765,"Feminine",-0.404708713784664,-0.807414449455619
0.455042562822041,0.66572403495323,-0.835074590768113,0.560551247840088,-0.550798938573309,1.42458188007854,0.847813912429751,0.671378420085824,0.264008546801011,0.577123163173314,0.0814360658104744,-0.196961856580654,-0.485281197029374,0.72297215145476,-0.327695780864305,-0.733808618572149,2.34655071706443,0.692267990376695,0.800923555216475,-0.526880525993329,-0.492040899537734,-0.657600333333418,-1.11358767791506,-0.250420472612108,0.501716766806798,-0.0504429825283554,-1.54946592956422,-0.403654771457765,0.954119973531425,0.736215861382445,0.0578145987013641,-0.870741533963139,-0.00407239751736373,"Feminine",-0.404708713784664,-0.807414449455619
-0.152208062358361,0.321740136224413,-0.95110629029187,-0.502375504903392,-1.1470555657065,-0.359429506940303,1.24575800357564,0.827373794844763,0.654109312098193,1.12589692100236,1.3076098385625,0.15510416897323,-0.485281197029374,-0.121996764617171,-0.327695780864305,-0.127657367049041,-0.67051635910956,0.427695133727443,0.453318148648329,0.246200656136234,-0.514237571839537,-0.835292753317446,-1.20682985596079,-0.189773182507312,-0.230358582906239,-0.0504429825283554,-1.15549206955656,-0.418293751193129,-0.102673140103337,0.554569401153159,0.218195947236392,-1.03358442139067,0.404689079673425,"Feminine",-0.404708713784664,-0.807414449455619
0.88718421993558,-0.710211559962037,0.636061143054253,-0.766104117456362,-0.520937425939465,0.345669794279076,-0.346018361007918,-0.135996556119369,0.264008546801011,1.05978575781116,0.0814360658104744,-0.244361031468809,2.50611021430567,-0.696019841208689,-0.327695780864305,2.0136286768197,-0.67051635910956,-1.24925074748477,-1.54760477276844,1.16566422052333,0.327033036973498,0.0690392258454983,0.680352130145285,0.86510558155654,-0.596396257762758,-0.0504429825283554,-0.597824574396749,-0.414938562009684,0.386670277957299,0.401364715878231,0.51682575316274,0.311352575100594,0.598807727156199,"Feminine",-0.404708713784664,1.23709114477995
-0.381460873330316,0.321740136224413,-0.863934767305004,0.521286108026576,0.399049641591993,-0.674900510795505,0.449869821283861,-0.702812946333428,-0.375242535357891,-0.829062372993541,-0.154181744721831,4.08794505723215,2.60468041840411,-0.0241332315019989,-0.327695780864305,-0.733808618572149,0.758051934121826,-1.30790630845197,-0.703361483763886,2.83343345223152,-1.06755546618172,-0.100749535052155,-1.07826022381318,-0.358519155747204,0.13567909195028,-0.0504429825283554,0.711495528036852,0.817245051891578,-0.833379434662297,-0.453478716453288,1.1907425051107,-0.0581977134052555,0.630472027386452,"Feminine",2.4680596971786,-0.807414449455619
-0.445220584091398,-0.710211559962037,-0.916114904304184,-1.30050555623391,-0.574626281612838,2.96669095688239,-0.346018361007918,-0.347374862474567,0.847272932875411,0.176042568378955,0.577353774935351,1.20204595980935,1.39427715379639,-0.696019841208689,-0.327695780864305,0.560898760498125,1.06741944686083,-0.685228802247112,0.0988368820736953,0.482244925771719,0.0622077653903905,-0.80503112073245,-0.276958852092951,-0.991651462621017,-0.596396257762758,1.09912604035469,-0.453516824797784,0.346961306463853,2.22818808867614,-0.260792090919277,-0.171579195541132,-0.342206518931709,2.10756539038565,"Feminine",-0.404708713784664,1.23709114477995
-0.180579898841564,0.321740136224413,-0.729934327238302,-1.28372545739202,-0.456256065144244,-0.674900510795505,0.847813912429751,-0.036910893251666,-0.773659488889493,0.154021259094764,-0.269632619653396,0.984585668387116,-0.485281197029374,-0.696019841208689,-0.327695780864305,-0.733808618572149,0.875438165968746,-0.556612775473325,-0.57739604876314,1.91529530454361,-0.81648478317863,-0.447498380419836,-0.397852836693737,0.436208372134686,-0.596396257762758,-0.0504429825283554,-0.246395763177749,-0.539248321256685,0.997537085529968,0.598498559852067,-0.440079649553669,-0.706342860859904,0.0233747695396509,"Feminine",-0.404708713784664,1.23709114477995
-1.49839737000892,-0.366227661233221,1.25635015102349,-1.1991440842218,-0.516494525280752,1.91196172081715,0.0519257301379719,-1.44182248610654,1.52873999619703,0.267329507498102,0.569227202654255,-0.766541941486642,-0.485281197029374,-0.696019841208689,-0.327695780864305,1.23137222465952,-0.67051635910956,-1.49188411738649,-1.14086955215207,1.68348849456346,0.459971943317081,1.2545346662841,0.92851471769644,0.52305089257233,-0.596396257762758,-0.0504429825283554,1.53140393157996,3.09034873755516,0.538862681709446,-1.96444057462288,-0.838302912847497,0.968367535422322,1.37938741496194,"Feminine",-0.404708713784664,1.23709114477995
-0.376402235418062,-0.710211559962037,-1.01188706200585,-0.524951143711216,-0.463662374990377,-0.674900510795505,0.0519257301379719,0.0198903017873113,-0.740940226502855,-0.227971615458242,-0.328487724864589,-0.766541941486642,-0.485281197029374,-0.696019841208689,-0.327695780864305,-0.176122163060461,0.452389799308805,0.892934558048931,0.676079402214672,0.281363219086895,-1.03610585512534,1.08978394015155,-0.699443521155566,0.797303858114212,-0.596396257762758,-0.0504429825283554,-1.24408333371832,-0.870511287917225,0.322238079548321,1.76061055845794,-0.89533082981331,-0.993867261898275,-1.29054043381657,"Feminine",-0.404708713784664,1.23709114477995
0.220863028198008,-0.366227661233221,1.84253347019212,0.352441448182202,-0.396756021030694,-0.674900510795505,-0.743962452153807,0.238881491316933,-0.360917581135845,1.60640118949879,-1.25696464609516,-0.766541941486642,0.689442772236731,4.66809449707053,-0.327695780864305,0.0753834933467719,-0.67051635910956,-0.526913273107614,-1.21624926985523,1.7463509077733,-0.536347158783365,-0.303025966987393,-0.313567593908679,1.46854605754169,0.867754441663317,1.09912604035469,0.616756815504923,1.2932529428434,-0.675843636195296,-0.624006488460148,-0.855508332734476,0.95793906696104,-1.17989592949173,"Feminine",-0.404708713784664,-0.807414449455619
0.895963178463954,1.35369183241086,-0.6684479902238,0.319664392225985,0.746376360482311,-0.573055541046976,0.847813912429751,0.957466119279945,0.264008546801011,-0.195490135609231,0.0814360658104744,-0.766541941486642,-0.485281197029374,-0.0289119413861132,-0.327695780864305,-0.733808618572149,-0.67051635910956,0.423955767959299,0.832142389265941,0.528041083932709,-0.578614550807405,0.355721905459,0.747981768699644,0.0673868075077854,1.96586746623287,-0.0504429825283554,-0.575094342564351,-0.25484162948563,-0.413795851781083,1.03599008541232,0.172614378676409,-0.619856127098957,-0.625212602098458,"Feminine",-0.404708713784664,-0.807414449455619
1.74256831692974,-0.0222437625044037,0.534660121745705,-0.968958601744488,0.117072776822908,1.93057224046904,0.0519257301379719,1.68401142339611,-0.607470467548433,1.73276889795988,-0.588104850119928,-0.766541941486642,-0.485281197029374,3.42584703591771,-0.327695780864305,1.20066627398402,-0.021336236273943,-0.339944282313955,-0.739644696565015,0.0987127706311939,0.290131267836295,0.623526514045962,0.226983359464204,0.597887670544571,1.23379211651984,0.715936366060339,-1.02232366530186,-0.86242381314524,1.44642536866869,0.861010709818921,-0.128771878427367,0.236845650611024,-0.56385676797355,"Feminine",-0.404708713784664,-0.807414449455619
-0.0306346432624156,0.66572403495323,-0.124621857711939,0.423834785805509,-0.0283143465735192,-0.674900510795505,0.0519257301379719,-0.261461346533921,-0.527121338565861,-0.229292242052038,-0.288873612571518,0.568537619232712,-0.485281197029374,0.135499402719094,-0.327695780864305,-0.733808618572149,-0.67051635910956,-0.1052999313212,-0.236929795014538,0.5734866179819,-0.188971533146807,-1.08407121948967,-0.769229593104466,-0.236921580452695,0.13567909195028,-0.0504429825283554,0.709267170052365,-0.066581880795565,-0.861668188161671,-0.545116836512002,0.23805452140527,-0.0778878048050983,-1.92692578491948,"Feminine",2.4680596971786,-0.807414449455619
0.831707034685237,-2.0861471548773,-1.48769544289993,0.0209853327662054,-0.0365254298288734,-0.674900510795505,-0.743962452153807,-0.051728679590814,-1.31825122393273,-0.958101105405869,0.0645604793611854,-0.0990021611269652,-0.485281197029374,-0.696019841208689,-0.327695780864305,-0.733808618572149,3.45477009522174,-3.22613690467761,-1.2058861008093,-0.207855485086679,3.14549335123676,-0.403159973718453,1.21698937774896,-3.06609183230491,-0.596396257762758,0.715936366060339,-1.20905194017865,-0.148076094668168,-0.708057709802891,-1.53043248941542,-1.15825410504127,0.20955642012802,0.27368354945277,"Feminine",-0.404708713784664,1.23709114477995
0.287437682258323,-0.710211559962037,0.816338617224281,0.443729271126501,2.11906840029384,-0.222553016743019,-1.53985063444559,-0.781774729655238,0.842433819483038,-1.62105276583736,-0.0860307894524676,0.258392095145458,-0.485281197029374,-0.696019841208689,-0.327695780864305,-0.733808618572149,1.13917632451206,-1.06832748135058,-0.387524884943364,-2.06943180042351,2.40056026667377,1.31641897091068,2.511816699583,-1.41669702960565,-0.596396257762758,-0.0504429825283554,1.58068293891731,0.290750280213905,-0.606338916733811,-1.62625190333207,-1.022030372304,1.98939095935838,1.90827729737205,"Feminine",-0.404708713784664,1.23709114477995
-0.557065427961369,-0.710211559962037,0.118780879377428,-1.33825490553242,0.826228687418852,0.937013643576201,-0.743962452153807,-0.595992811586008,0.264008546801011,-0.592124939243296,0.0814360658104744,1.19180623080391,0.449609660175901,-0.0861669757011859,-0.327695780864305,-0.733808618572149,-0.23829240216309,-1.13540213174654,-0.533149325311879,1.10702552552446,0.358621993351779,0.993195077752563,0.806831285978448,-0.293804967531055,1.23379211651984,-0.0504429825283554,0.702997051708045,1.04763159730141,2.22349370451251,-0.653920114612194,0.907958352426997,1.15646933825031,0.413082315338413,"Feminine",-0.404708713784664,-0.807414449455619
1.1004015269829,-0.366227661233221,1.15650742103513,3.2943703539961,2.93819868382913,-0.674900510795505,-0.743962452153807,-0.430699238545203,-1.72276958461383,-1.69110568248269,0.0977638410464496,-0.766541941486642,-0.485281197029374,-0.696019841208689,4.39867247871717,3.12509194631913,2.78278465794848,-1.12138465828341,-0.762705849493029,-0.30369109657417,0.947269499279964,0.489099048337596,0.366784478017417,-0.944072826220355,-0.596396257762758,-1.58320167970574,1.41747638035107,0.147208134818284,-1.21244197509817,-1.11241978818367,-1.07400399060281,2.54040030708649,-0.13648911999388,"Feminine",-0.404708713784664,1.23709114477995
-1.29975140154551,-0.0222437625044037,1.38845504067856,0.171646777317979,2.25646826428534,-0.350092696960732,0.0519257301379719,-1.22472212217529,0.861967881224646,-1.35285205460076,-0.0719014230007381,-0.766541941486642,-0.485281197029374,0.623802448402764,1.37929463183632,-0.733808618572149,-0.0469136895188735,-0.733743254578796,0.133927777935047,-0.860847040475893,1.46017281745419,2.63730675223933,2.3476063303886,-0.818761327730717,0.867754441663317,-1.58320167970574,3.49467702358242,2.16418843890672,-0.13714222157748,-2.3999011487317,-1.23696487270005,2.33911377640939,0.950827879052265,"Feminine",-0.404708713784664,-0.807414449455619
0.605031845115522,-0.0222437625044037,1.66331296995602,-1.38586912004979,-1.08574008722661,5.67879619842856,0.0519257301379719,0.480501405846336,0.264008546801011,1.57273123092671,0.0814360658104744,-0.766541941486642,-0.485281197029374,0.249498008741452,-0.327695780864305,-0.733808618572149,-0.67051635910956,0.607255773012761,-1.10430197197598,-1.02420395478021,0.272615681563796,0.163808462780565,-0.605847064856847,1.35317038491835,0.13567909195028,-0.0504429825283554,0.217562010150077,-0.891382190554609,2.38104808654036,0.11407787616633,-0.0273715920972315,-0.381447288135949,1.14703198197561,"Feminine",2.4680596971786,-0.807414449455619
0.550583107555382,-0.710211559962037,-1.3855713033229,-0.950193549061466,-0.62992792929434,0.0731078453334547,1.24575800357564,1.1491040114072,-0.739809800436145,-0.00705788482156516,-0.225090662618853,-0.173640467277417,-0.485281197029374,0.042526384894099,-0.327695780864305,-0.733808618572149,-0.67051635910956,-0.234299636309605,0.112643560834114,0.508955826617364,0.0492469304181197,-1.16127690404956,-1.25530585778262,-0.880896250741043,-0.230358582906239,-0.0504429825283554,-1.55719889425505,-1.31735764205922,0.0531627064447505,0.73566420574632,0.189230319924879,-1.19621495605388,-0.00407239751736373,"Feminine",-0.404708713784664,-0.807414449455619
-0.727833917887761,1.00970793368205,-1.19192196375441,-0.515051894214059,0.397391953941463,-0.150629765188674,1.24575800357564,0.0794719432011576,0.264008546801011,-1.38117600684241,0.0814360658104744,0.177837078888421,0.115831737076695,-0.303898726179198,0.433028207404455,-0.733808618572149,-0.392606473748492,0.584825320035903,1.32742349892594,0.744795365960515,-1.02304838266209,-0.55801604299084,0.00599366408146904,-0.451638643559561,0.13567909195028,-0.81682233111705,0.204154310240117,-0.0703976633849249,0.0299424332162951,0.498005099818449,1.8582643483838,-0.857348489656304,1.29284207150144,"Feminine",2.4680596971786,-0.807414449455619
1.32403958804211,3.76157912351258,-0.541337777802234,0.0911654487342286,3.61818090180603,-0.352550076949691,3.23547845930509,2.81125914870539,0.264008546801011,-2.42556779451646,0.0814360658104744,-0.0466711267201826,0.20203340066743,1.545743321197,3.15156192456374,-0.733808618572149,1.55382547668667,-0.253165643690491,1.98275995886504,-0.374515241084325,0.397311053142264,-0.510894974841914,0.769995165761486,-2.57882041519668,2.33190514108939,-4.64871907406052,0.632835769401848,1.71055293606307,-0.250901122630735,-1.3498854848203,1.95388017446044,0.603274894843463,0.557311175448936,"Feminine",-0.404708713784664,-0.807414449455619
0.889653701284266,-0.0222437625044037,0.748423330158168,-0.018327249288635,0.359112824753956,-0.674900510795505,1.24575800357564,-0.234726592139292,1.31934737212484,-0.72101647351253,0.367249760452586,-0.766541941486642,-0.485281197029374,-0.696019841208689,-0.327695780864305,0.906011157899307,-0.67051635910956,-0.82222590472545,-0.529191751187438,-2.74621117680692,2.76221711114291,0.0522839721285194,0.821060960380163,-1.63060860721842,-0.596396257762758,-0.0504429825283554,0.203506645733353,-0.250078786204078,-0.746943017682511,-1.69791439951158,-0.960635106985504,0.636695780939053,1.24078943739115,"Feminine",-0.404708713784664,1.23709114477995
-0.475504023362439,1.00970793368205,-0.412430981578135,-0.779245766579788,-0.587890621319387,-0.674900510795505,0.847813912429751,-0.278906202418135,0.594280386436034,0.0982034997073295,1.39229239246571,-0.766541941486642,-0.485281197029374,-0.21003346444675,-0.327695780864305,0.292565624939518,-0.67051635910956,0.906238738000856,0.787799690510864,-0.983079998862391,-0.125422146073406,0.156386780578517,-0.684017711867855,-0.0666526653352469,0.13567909195028,-0.0504429825283554,-0.583240961437007,-0.00341330879897428,-0.194841540468701,0.24764533430848,2.64066039906041,-0.467970401553361,1.21255651603414,"Feminine",2.4680596971786,-0.807414449455619
-0.608745763400373,0.321740136224413,-0.610823784013621,0.852626670510032,0.474065044998482,-0.382048182688413,0.449869821283861,-0.855941008816842,-1.05610167611886,-0.584819735367583,-0.118680125051367,-0.209600467932119,0.578226301773666,-0.0022670992334385,-0.327695780864305,-0.00122641074022766,-0.67051635910956,0.389568143114175,1.95690403558803,-0.473953584619577,-0.0196318449097789,-0.712390376753608,1.02189331315626,-1.19371425096987,-0.230358582906239,-0.0504429825283554,-0.841524946086744,1.65010096764513,-0.716285742967534,-0.414907470151983,0.382679825867912,0.662828814909407,1.08959164367757,"Feminine",-0.404708713784664,-0.807414449455619
-0.473740865012285,1.00970793368205,-0.872113823782776,0.378286885202181,-0.309883816693382,-0.478811828515828,2.04164618586742,-0.117260101576723,0.650326516798341,-0.476943799571071,0.632180799787042,-0.310187473458936,0.821866201499457,-0.127563048996241,-0.327695780864305,0.166601513235815,0.941024115517523,-0.207019955440278,-0.00566154616038024,0.463625182883768,-0.213749374975436,-0.508391711701282,-0.671002036727719,-0.43397427771457,-0.230358582906239,-0.0504429825283554,0.15667814675142,-0.692457443337186,0.412488349508581,0.178642297620693,1.30147329026302,-0.57053233347591,1.23677210470794,"Feminine",-0.404708713784664,-0.807414449455619
1.19558416261875,0.321740136224413,-0.384343642533169,1.26939604150118,0.310857692670183,-0.368927558669277,1.24575800357564,0.488302514456469,1.16687632370695,-0.191282559611133,0.37409574102093,-0.766541941486642,1.55135072702404,-0.0317466775043404,-0.327695780864305,-0.0323559663138209,1.68345122511024,-0.817681643434652,-0.17105174589535,-0.0974297361796097,0.72598361766361,-0.678996540702263,-0.691581372714165,-1.16353803034023,0.501716766806798,-0.0504429825283554,-0.344258821654786,-0.363470150031173,-0.519897659767704,-0.471380986188491,-0.441277107490534,-0.0753076000236104,1.40206708401898,"Feminine",-0.404708713784664,-0.807414449455619
-1.10040339875606,-0.710211559962037,-1.39393762706518,0.381346072556136,-0.797280193830768,-0.323598232428355,-0.346018361007918,0.209305867804303,1.54987959967397,-0.511898905951931,0.302870151143379,-0.224045635834109,-0.485281197029374,-0.696019841208689,-0.327695780864305,-0.733808618572149,1.24521979588661,0.443814894517221,0.743957594451277,-0.808560701054571,0.0584498557182387,0.470054736276336,-0.992464578301249,-0.774407482877289,-0.596396257762758,-0.0504429825283554,-1.19530590402778,-0.982980792988393,-0.947675622193058,0.865181264185492,0.461129965842452,-0.925301539351062,1.14304139005175,"Feminine",-0.404708713784664,1.23709114477995
0.524642978744987,0.321740136224413,1.22138536055381,0.672070844093632,0.0211995377963264,-0.674900510795505,-0.743962452153807,0.859242752708919,-0.282355439338069,1.37923245976386,-1.42656351493206,-0.228695604168273,-0.485281197029374,2.6538148271861,-0.327695780864305,-0.733808618572149,-0.67051635910956,0.984170758355356,0.140585648801609,-0.030255184833635,-0.819744592269708,0.164914551324964,0.759591523318144,1.60110638976164,2.33190514108939,-0.0504429825283554,-0.139533486443676,1.03661693442847,-0.94547854890986,0.306946604284479,0.777501421894013,0.393135585636066,-0.895929383491813,"Feminine",-0.404708713784664,-0.807414449455619
1.49239277492574,1.00970793368205,-0.166562583410039,0.525799972383406,1.17729588400022,-0.674900510795505,0.847813912429751,0.262591442754964,1.92204954519995,-0.727071945025025,0.27928371782399,-0.766541941486642,0.553636533015215,-0.0183076250594558,-0.327695780864305,-0.733808618572149,-0.67051635910956,0.697210461838111,1.40209823880225,-1.21250987837077,0.260037334672425,-0.490733818911572,1.60045593050332,-0.511158625763391,0.501716766806798,-0.0504429825283554,-0.847025774710896,-0.11415942762292,-0.890360666979144,0.451115126611443,0.6804756742864,-0.0636839447539115,-1.12760541462729,"Feminine",-0.404708713784664,-0.807414449455619
0.0872693746885831,-0.366227661233221,1.35167477527796,0.49919032753822,-2.02131694089538,-0.674900510795505,0.0519257301379719,0.0283967732487155,0.264008546801011,2.21959717252817,0.0814360658104744,-0.766541941486642,-0.485281197029374,0.0413651486895333,-0.327695780864305,-0.733808618572149,-0.67051635910956,1.43161909052387,-1.2208442599039,0.303211047738056,-1.44890141480971,0.798070242877943,-1.43255177771024,3.09320479727177,0.13567909195028,1.09912604035469,-0.0449521231593156,-1.3197476224215,-0.394672439196928,1.63466165976962,0.571292025852757,-0.888166934895254,-1.0878097327346,"Feminine",2.4680596971786,-0.807414449455619
0.543987169134795,-0.366227661233221,-0.705807499263223,0.774553620451111,-0.966384408988178,-0.674900510795505,-0.743962452153807,1.3396174075261,1.78168628607623,1.17791785496151,0.39872593861047,-0.766541941486642,0.465685825709856,-0.075680087802246,-0.327695780864305,-0.733808618572149,-0.67051635910956,-0.167562151410001,0.272016951463518,-0.291915217515589,0.52486629096347,-0.713893280320398,-0.479178568789362,-0.721691900367137,0.867754441663317,-0.0504429825283554,-1.40820819272087,-0.527088867123302,-0.991941550156265,0.210161497955636,0.558994554709956,-0.766678364677573,-0.755268936016691,"Feminine",-0.404708713784664,-0.807414449455619
-1.3302532542039,-0.0222437625044037,0.160077549175601,1.54888756342342,-1.2822325803168,-0.674900510795505,-0.743962452153807,-0.669855277462396,-0.120754823719468,0.92365101376697,-1.18927486528739,-0.766541941486642,-0.485281197029374,-0.696019841208689,-0.327695780864305,-0.733808618572149,-0.67051635910956,-0.44674679121605,-0.609128119903694,0.193383685659699,0.526694300756316,0.35036353769839,-0.608573652202444,0.0131103362486968,-0.596396257762758,1.86550538894338,0.619448650616368,0.86182906275916,-1.09567739406844,-1.06371271754216,-0.182608899932147,-0.00629740791858554,-1.01659640724243,"Feminine",-0.404708713784664,1.23709114477995
0.154966633304628,1.00970793368205,0.481066485383696,-0.493117444155974,-1.55035719139503,-0.674900510795505,1.24575800357564,0.71571078761296,0.264008546801011,1.77136395488541,0.0814360658104744,-0.108338381831295,-0.485281197029374,-0.696019841208689,-0.327695780864305,-0.300919132126013,-0.67051635910956,1.8945024482184,-0.0641438803448308,-1.0863341355453,-1.07525587547825,-0.525176411990395,-1.2755070860248,1.77195670488617,-0.596396257762758,-0.0504429825283554,-0.235933722098877,-1.67224584992891,0.46418160331259,1.33665806061954,1.56331364149999,-1.44090945591595,-0.193789629153223,"Feminine",-0.404708713784664,1.23709114477995
0.64118358316635,-0.0222437625044037,0.00575909391473723,-0.65598008145819,0.0929995706747094,2.49193439196162,0.0519257301379719,-0.0973913653864055,0.264008546801011,-0.115963158447746,0.0814360658104744,-0.766541941486642,0.372631773365445,-0.136381591118867,-0.327695780864305,-0.43832796672586,-0.67051635910956,-0.612809208567555,-0.799508895536737,-0.0464485642989917,0.796524252232601,1.45593898848268,0.445255610553402,0.173923594729088,-0.230358582906239,-0.0504429825283554,-0.372826658172507,-0.69830791100613,1.74976081619586,0.408550352202094,0.688409043970853,0.0725783001333667,-1.31348298581783,"Feminine",-0.404708713784664,-0.807414449455619
-0.832184275538343,-1.05419545869085,-0.12869713672352,-0.513892007425168,-0.371584762500322,0.838501883209182,-1.1419065432997,-0.607371150409463,0.264008546801011,0.313728572523186,0.0814360658104744,-0.766541941486642,-0.485281197029374,-0.696019841208689,-0.327695780864305,-0.733808618572149,-0.00664108036421564,1.61621381221229,1.32189229722763,-0.599624739014704,-1.0980972742755,0.324898255781265,-0.767642733740274,0.538832671745251,-0.596396257762758,0.715936366060339,0.327149767125505,0.926540682935585,1.29981407022412,0.1306750022137,-0.132437895661046,-0.516353404843725,-0.230989086336725,"Feminine",-0.404708713784664,1.23709114477995
-1.27172274798986,3.76157912351258,-1.8639697075853,-0.56728069486497,-0.259876590285356,-0.452716024644725,3.63342255045098,4.73143744450099,0.45349268785202,-0.393711880226528,0.556043891593781,-0.0950334347276803,-0.485281197029374,-0.277788402229554,0.48368283682544,-0.439381999966691,-0.176491057546189,1.10393119868617,1.86427358305796,1.13350523459534,-1.79805813418145,-1.75688601762985,-0.895346231681847,-0.494918721319482,3.79605584051547,-1.96639135400009,-1.15332161670117,-0.719601508961435,0.534768726777112,1.47189030511818,3.7525251672528,-1.75809930141171,-0.0196098503520278,"Feminine",-0.404708713784664,-0.807414449455619
1.23803023182483,-0.710211559962037,0.964153048562456,0.255553021301007,-0.828044921433083,-0.674900510795505,0.449869821283861,0.125258326467846,0.882867430777316,1.20138559190326,1.30726892381789,-0.766541941486642,-0.485281197029374,0.214614825927758,-0.327695780864305,0.227794434814997,-0.67051635910956,0.157276233730228,-1.18929496900663,-0.0431583470720077,0.00949176305331195,0.415255678965788,-1.74344107278908,1.05236870160872,-0.230358582906239,1.09912604035469,-0.532933800881261,-1.14167253914603,-0.0607814507194879,0.549093734018119,0.245231263905419,-0.287956350084294,-1.16446296503521,"Feminine",-0.404708713784664,-0.807414449455619
0.22146791041355,-0.710211559962037,-1.01399508915551,-1.32246222003822,-0.471179820868753,-0.674900510795505,-0.743962452153807,1.12091607898185,-0.389281724570754,0.744999414159357,-0.508319358667358,-0.766541941486642,-0.485281197029374,-0.00937730303113331,-0.327695780864305,-0.3712715962483,-0.67051635910956,1.99771333237473,2.12013734789842,-0.873019504178592,-1.2604408719584,-0.9479886645149,-0.0747799734268726,0.213311279764356,1.23379211651984,-0.0504429825283554,-1.95175441236023,-0.448399573902952,0.653890122365771,1.67677236516699,0.670431158564893,-1.47286663923538,1.16282807500758,"Feminine",-0.404708713784664,-0.807414449455619
-0.281496600656694,-0.0222437625044037,0.719696446803425,-0.945448976081955,-1.21295450101537,-0.674900510795505,0.847813912429751,-0.241316381084759,0.264008546801011,1.39304724444809,0.0814360658104744,-0.766541941486642,-0.485281197029374,0.735970551387555,-0.327695780864305,0.0222609577551489,-0.67051635910956,-0.104819096434914,-0.56372560668439,-0.571156367955389,0.641180740027373,0.0979075384368563,-0.4217170830895,0.245183649780732,0.13567909195028,1.09912604035469,-0.314918139098822,0.636134638215853,0.433054554424025,-0.68338695930493,1.20068389124238,0.198925807722002,-0.566528190131905,"Feminine",2.4680596971786,-0.807414449455619
-0.159202478425972,0.321740136224413,-0.788491139981025,-1.41735150396737,0.413632184805787,-0.674900510795505,0.0519257301379719,-0.117506907035425,-0.260929400665948,-0.648671615780788,-0.0801353178405112,-0.766541941486642,-0.0623805680935775,0.407455108380183,-0.327695780864305,-0.442499458281339,-0.67051635910956,0.064131369013195,0.712543752973861,0.475844389153983,-0.217830431276613,0.0358275117905212,0.477181229311084,-0.403343359973405,0.13567909195028,-0.0504429825283554,0.116021648077577,-0.133694762808313,0.969032611758111,0.312783978530668,-0.141953159105019,-0.220494860352272,0.602296812562617,"Feminine",2.4680596971786,-0.807414449455619
-0.827265165230245,0.66572403495323,1.02205039504132,-0.938263685271634,-0.541895163383728,-0.674900510795505,0.847813912429751,-0.811080946915718,0.628251204227065,0.708103406039532,1.78949835840615,-0.766541941486642,-0.485281197029374,0.375927252677642,-0.327695780864305,-0.167836535721429,-0.67051635910956,0.00605218632316333,-0.455586740072842,-0.268080838300995,0.339008879304204,1.48160235457628,-0.0405709763685241,0.700994992710813,0.13567909195028,0.715936366060339,0.512132106585534,1.44371545881378,-0.0778087290659656,-0.791258070565877,0.686199225848527,0.6415446618695,1.49193314110964,"Feminine",2.4680596971786,-0.807414449455619
-1.19791090589128,-0.0222437625044037,-0.357035326154144,-1.23740572268176,-0.746091957677416,-0.674900510795505,0.0519257301379719,-0.57136506660895,0.706050606784086,-0.0760994862829583,0.911953839914777,-0.766541941486642,-0.485281197029374,-0.696019841208689,-0.327695780864305,-0.733808618572149,-0.67051635910956,0.318534104188001,0.0716799173089588,-0.498164594425316,0.213625439144865,0.401939661538085,-0.17419034524824,0.0139095813193366,-0.596396257762758,-0.0504429825283554,0.253866827993939,-0.128069886824279,0.604815447432354,-0.0964178452453073,-0.213399779178003,-0.255026182302098,-0.378376509111169,"Feminine",-0.404708713784664,1.23709114477995
-0.514254429050605,-0.0222437625044037,1.31960462549006,-0.121228706654652,0.17596933756598,-0.674900510795505,-0.743962452153807,-0.952012111049035,0.264008546801011,0.162152682671847,0.0814360658104744,-0.766541941486642,-0.485281197029374,-0.696019841208689,-0.327695780864305,0.376562620204488,-0.67051635910956,0.099486137404002,-0.567552064867874,0.464090937382856,-0.280638436772866,1.178508301212,-0.453928464995895,0.978089445265149,-0.596396257762758,-0.0504429825283554,1.42837527912335,1.23330564720828,-0.745857236634882,-0.767880651910568,-1.10727068088628,0.675480752841532,-0.134453875265461,"Feminine",-0.404708713784664,1.23709114477995
-1.07111607207117,-0.0222437625044037,-0.832705093960797,-1.58234891908322,-0.65471007730549,-0.465861138543978,0.847813912429751,-0.591901732288966,0.264008546801011,-0.293713779966444,0.0814360658104744,-0.766541941486642,0.745765154324834,-0.696019841208689,-0.327695780864305,0.962169369422302,0.183199966811251,0.477920450654531,0.802918394921488,-0.262858639222025,-0.35698566609431,-0.907430716519912,-0.234582979717209,-0.397161729069193,-0.596396257762758,0.715936366060339,0.172336682331283,-0.279527378003776,1.82194617221992,0.0878584873138009,-0.252133165188647,-0.795067659442245,0.66816095111184,"Feminine",-0.404708713784664,1.23709114477995
0.893024669916079,0.66572403495323,-0.456065557069115,-1.04508500865173,-0.62169890856434,-0.674900510795505,1.64370209472153,1.58892615121335,-0.487165283749353,0.788650865406847,-0.38349862329912,-0.766541941486642,0.725040468275099,0.0935034813086014,-0.327695780864305,0.0999044664352249,-0.67051635910956,-0.808363102688954,-0.355268811241075,-0.886597109974548,1.50418099180897,-1.26805481367533,-0.263646582341778,-1.38588271873403,0.867754441663317,-0.0504429825283554,-0.648691184528307,-0.670791506881356,0.0138174676142125,-0.800569042820288,-0.0707228294748558,-0.392578600568517,-0.394666697944135,"Feminine",-0.404708713784664,-0.807414449455619
-1.52420863353461,-0.710211559962037,-1.22764361604841,-0.264375273995418,-0.49749032161288,-0.674900510795505,0.847813912429751,-0.789561422078829,0.264008546801011,-0.432349936250161,0.0814360658104744,-0.766541941486642,-0.485281197029374,-0.696019841208689,-0.327695780864305,-0.733808618572149,-0.67051635910956,0.232402110465413,0.89473731560404,1.58039812974811,-1.08757405011929,0.925954990734537,0.0772986669623206,0.153669273934702,-0.596396257762758,0.715936366060339,-0.222837135013253,0.440888638777945,-0.547559265718912,0.905247725349111,0.835343977945373,-0.660921566503335,0.0285742902794989,"Feminine",-0.404708713784664,1.23709114477995
0.353004883565677,-2.43013105360612,0.203534058042993,-0.0524378270249144,-2.07353562756203,-0.674900510795505,-1.53985063444559,-0.160829505976576,-1.08810434818964,1.72072410988716,-0.379341583860855,-0.766541941486642,-0.485281197029374,-0.696019841208689,-0.327695780864305,-0.733808618572149,0.336696437532367,-1.25420521909395,-1.75202510952998,-0.441468881559722,1.66936660399977,-1.09026132172396,-1.28203521830663,-0.607549478247778,-1.3284716074758,2.63188473753207,-0.392705822507873,-1.37493444169578,-0.777746945074523,-0.901920535063387,-0.92775197353511,-0.527520134736981,0.0503318086135039,"Feminine",-0.404708713784664,-0.807414449455619
2.19253389590586,1.00970793368205,3.56670317437434,0.575661121149927,0.343806208181864,-0.343251506742601,0.0519257301379719,1.30912655109585,-0.339776643113624,2.15317753909172,-1.70528449528558,-0.257079916963154,-0.485281197029374,5.65008101907913,-0.327695780864305,1.94670868856928,0.229024162925178,1.07045256871539,-0.786191777681816,-1.24247883521825,-0.360471750945718,-0.0737610963663436,0.767603975953705,2.42674500932595,2.69794281594591,-0.0504429825283554,-0.659016398204072,-0.100767545613583,-0.903951815304201,0.674972381410014,0.0935557974872265,1.1838810916825,-1.43374559422586,"Feminine",-0.404708713784664,-0.807414449455619
0.290663898654286,0.66572403495323,0.00662280621593962,-0.8197717077269,-0.466647297871626,-0.503868297135165,-1.1419065432997,0.308682400325958,-0.354850337175293,0.390827028410158,-0.992332426979622,-0.244361031468809,-0.485281197029374,-0.0455665075397987,-0.327695780864305,-0.733808618572149,-0.67051635910956,2.19987592619532,0.864095829474486,-0.939588565738215,-1.44212548915328,0.135619312984016,-0.562618743154391,1.65955518177791,0.13567909195028,-0.0504429825283554,-0.557267840949577,-0.988675912380481,0.67300294079254,1.6859648736164,0.582809988012802,-1.15298432687371,-0.779356665922583,"Feminine",2.4680596971786,-0.807414449455619
-0.618873565166651,-0.0222437625044037,-0.819374882775315,-1.18472834841704,0.297226147952667,1.59926408842441,0.0519257301379719,-0.532404386854248,0.0355409301359242,-0.864887150035718,-0.807948242862813,-0.766541941486642,-0.485281197029374,-0.696019841208689,-0.327695780864305,-0.733808618572149,-0.67051635910956,0.995526026825321,1.51849446703136,-0.475770877656211,-0.486927301372701,1.11729775429398,0.849645654107249,-0.00941271450557354,-0.596396257762758,-0.0504429825283554,-0.50735931591901,0.402521013395846,0.748124014658478,0.81778543009366,0.653377274257973,-0.435176326461455,-0.46341129481924,"Feminine",-0.404708713784664,1.23709114477995
0.193258194746236,-0.0222437625044037,-0.299766076519895,1.60581225623371,1.74418327262254,-0.256437502740517,-1.93779472559148,-0.645305079858777,-0.107306783584771,-1.56996025045972,-0.204043901452326,-0.0354886674616748,-0.485281197029374,-0.696019841208689,-0.327695780864305,0.227794434814997,-0.0251178680574511,0.282699021864048,1.22240563323628,1.33544267102828,-1.1654109504514,-1.076138272937,-0.00328185016953533,-0.417363058800852,-0.596396257762758,-0.0504429825283554,-0.135477813098961,0.732536138731936,-1.14297918421014,0.27932770089311,-0.470826445937267,0.895098115318977,-0.811032168708333,"Feminine",-0.404708713784664,1.23709114477995
-0.743558570900207,-0.0222437625044037,1.24476976351138,-0.610692993638536,1.16854525477363,-0.243756805526729,0.0519257301379719,-0.466447340185394,0.264008546801011,-0.877659450704451,0.0814360658104744,-0.766541941486642,-0.485281197029374,-0.696019841208689,2.86467576288809,-0.733808618572149,-0.67051635910956,0.167453082767407,-0.401049666905141,-0.246237202430415,0.198345257542693,2.68423496434419,1.18353726876617,0.916127564026901,-0.596396257762758,-1.96639135400009,1.67797738930133,1.39602479976014,0.590681935112955,-0.586171655382976,-0.101629416715099,1.12215921471345,-1.2006010246632,"Feminine",-0.404708713784664,1.23709114477995
0.84850556023449,-0.0222437625044037,1.07873674856645,0.502459983960856,-0.893510293064938,0.451352433580072,-0.743962452153807,0.556535745582363,0.264008546801011,1.73916384664581,0.0814360658104744,-0.766541941486642,-0.485281197029374,2.087225580603,-0.327695780864305,-0.733808618572149,-0.67051635910956,1.1287445800991,-0.201642743144481,-0.306521500739594,-0.734892825661669,-0.135442644149651,-0.382005301160639,1.65521921797851,0.867754441663317,-0.0504429825283554,-0.4395088982847,-0.280111230497392,-0.910106620164313,0.753652967593261,0.182827391782328,-0.60937795969178,0.258406972369416,"Feminine",-0.404708713784664,-0.807414449455619
-0.139427937803723,-0.0222437625044037,1.55943357173,0.56432249833519,0.432360073760408,0.412331441621408,-0.743962452153807,-0.585334686874694,0.732014898119362,0.0524047197223663,1.12130502576932,-0.766541941486642,0.570417876672323,1.36995748731673,-0.327695780864305,-0.733808618572149,-0.67051635910956,-0.0403429317141056,-0.562890266327144,-0.456829400455098,0.501424279919391,0.961662126836193,0.424251762069132,0.693991437015463,0.501716766806798,-0.0504429825283554,0.847448270384519,0.503518610965218,-0.94984664322389,-0.594671992329829,-0.369426195245245,1.20410535942709,-0.678149571655923,"Feminine",-0.404708713784664,-0.807414449455619
1.71276554554378,-0.0222437625044037,-0.837039987344711,0.537174910562617,1.95428850749074,0.528708999746489,0.0519257301379719,1.2960763274676,0.264008546801011,-2.31177938899754,0.0814360658104744,-0.180105125095897,-0.485281197029374,0.0344737001858131,2.50665278601867,-0.733808618572149,-0.67051635910956,1.10605469256497,1.58325915325412,-1.10846787803179,-0.227180354658234,0.0884324911023532,0.132922201133633,-0.853196624529788,0.867754441663317,-1.96639135400009,-0.999727904912235,-1.0117624360844,-0.719616198865879,1.14503715532584,-0.0324256367110648,-0.635906526574686,-0.519892408332211,"Feminine",-0.404708713784664,-0.807414449455619
-0.645122670137535,0.66572403495323,-0.368106373130603,1.39225423895106,1.19451302222896,-0.31714296812567,0.847813912429751,-0.89221557300558,-1.0072087048996,-1.53948424763428,0.0196639916252069,-0.766541941486642,-0.485281197029374,-0.696019841208689,-0.327695780864305,-0.733808618572149,-0.67051635910956,0.640832894818824,1.40434817439696,-0.331772038944658,-0.223914643417936,0.292300657646165,0.911417228386896,-0.530193009145689,-0.596396257762758,-0.0504429825283554,0.680463579808664,1.02557989144585,-1.16192922250512,-0.338790054493767,-0.507192407144106,0.599074832698515,0.33466148318887,"Feminine",-0.404708713784664,1.23709114477995
-1.52830524995067,0.66572403495323,-1.43700048603148,-0.736522619922008,-1.11069033703667,-0.0151638342768414,1.24575800357564,-0.180829369684302,-0.431996531083165,0.163298219451948,-0.363828065381398,-0.252676014112405,-0.485281197029374,-0.696019841208689,-0.327695780864305,1.06865024400976,-0.519296967439025,1.95864533618817,2.22004651384746,0.129691255021703,-2.04528054766866,-1.64168734432507,-0.177159224722681,0.375170898617455,-0.596396257762758,-0.0504429825283554,-1.0894135154794,-0.139845104913991,0.359280107732061,1.51546897688475,3.14494391105984,-1.38446556114306,-0.102748852362026,"Feminine",-0.404708713784664,1.23709114477995
-0.271523037973461,-0.0222437625044037,-0.128163477948691,0.591901879400001,-0.663032123385618,-0.0422439867598016,0.0519257301379719,0.0544525998272895,-0.355602292076844,0.633468771992465,-0.88895251113737,0.377116734463717,-0.485281197029374,-0.126181623012736,0.777803477907788,0.469655713127438,-0.266652175765896,1.1621063109603,0.485532931608081,0.246055014373846,-1.35636013205905,-0.793670433018594,-0.123406753978857,1.10560551260777,0.867754441663317,-1.2000120054114,-0.435449803183576,-0.128767016047083,-0.879650296560384,0.968274530325985,0.738525290230306,-0.752381096335943,-0.206038230908763,"Feminine",-0.404708713784664,-0.807414449455619
-0.397936803557919,2.72962742732613,-1.25201954016889,-0.274337308428078,-0.358136499384787,-0.336844650982488,3.23547845930509,1.33762113417112,0.264008546801011,0.298670995448429,0.0814360658104744,-0.766541941486642,-0.485281197029374,0.172455813560329,-0.327695780864305,-0.275266421818094,-0.67051635910956,1.18025584944671,1.76704801924281,0.83827477513291,-1.58203686262261,-1.21552491832606,-0.0939151430143047,0.0468014761433238,1.59982979137635,-0.0504429825283554,-1.05236040925288,0.0140068418117845,-0.414030429250521,1.24692600720609,3.23286792938393,-1.39936713080502,-0.394666697944135,"Feminine",-0.404708713784664,-0.807414449455619
-1.52974626175178,-0.710211559962037,-0.72955808040828,0.314405048480677,-0.42441956102377,-0.474627305767429,1.24575800357564,-0.417665211254118,-0.322321617912412,-0.681722502714945,-0.274493288496024,-0.271808122665542,-0.485281197029374,-0.387887874339261,0.270087326868568,-0.0830522815230309,-0.67051635910956,0.151631384198589,0.770108773903696,0.687339650375307,-0.495194400949937,-0.982068746404364,-0.856925989189455,-0.675324289043562,0.13567909195028,-1.96639135400009,0.760159821092711,1.11867167918078,-0.745257091458355,-0.898048012666955,2.68213342322807,-0.470864865397305,-0.887901473729672,"Feminine",2.4680596971786,-0.807414449455619
-1.34882048466572,-0.710211559962037,-1.44720203406764,-0.213942242969555,-0.78666214635606,-0.378694911755888,0.449869821283861,-0.160513328715178,0.264008546801011,-0.43542964339875,0.0814360658104744,-0.27759072574267,-0.485281197029374,-0.696019841208689,-0.327695780864305,-0.733808618572149,-0.238853731977305,0.367603733961142,0.850314683175941,0.745539727546481,-0.751782511825477,-0.633078056706136,-0.578862112521373,-0.412720171526829,-0.596396257762758,-0.0504429825283554,-0.519291990539957,-0.419864589765392,-0.512250561961364,0.66178820240152,3.41905021582881,-1.04222037087885,-0.865457487713831,"Feminine",-0.404708713784664,1.23709114477995
-0.64017413918244,1.35369183241086,-1.14789438914727,-0.0434342741449739,-0.069762534083804,-0.674900510795505,2.04164618586742,0.271668793606379,-0.522935466156513,-0.57333511445113,-0.149152229869204,-0.434538029561723,-0.485281197029374,0.131099829999899,-0.327695780864305,-0.297101764520667,0.501900652854588,0.658359074682852,1.3672778069795,0.485292800351583,-0.960493221831648,-1.09487933450192,-0.676749556366318,-0.505214892899395,0.13567909195028,-0.0504429825283554,-0.454123555886395,0.283541408434877,-0.617353738532727,0.302046092571631,2.31949623992432,-0.781912367332561,-0.702391667064138,"Feminine",2.4680596971786,-0.807414449455619
-1.0118086000446,2.38564352859731,-0.476919822502228,-0.296184871953742,-0.695136455458247,-0.343251506742601,1.24575800357564,4.12994746810367,-0.361794055368576,1.94112313411922,-0.647830737247026,-0.238502059126392,-0.485281197029374,1.60611057606122,0.310330789941749,-0.733808618572149,0.26182648210176,0.417576893956077,0.00620497609397357,1.30210608888146,-1.22682601591225,-0.164411290067958,-0.311257084256917,0.929969979891585,3.06398049080243,-1.96639135400009,0.514897472859416,0.0634888280221372,-0.409674343871002,0.558584100541101,3.40540070049582,-0.990159995301529,-0.594996044666073,"Feminine",-0.404708713784664,-0.807414449455619
-0.121423861734696,1.35369183241086,-1.18640949065677,0.181306025095741,0.390387202973086,-0.674900510795505,2.8375343681592,0.0461571376176326,0.264008546801011,-1.12584322387981,0.0814360658104744,-0.36344511480264,-0.485281197029374,-0.696019841208689,0.159363046742459,-0.468698569056957,-0.492582620944765,0.408289667048383,1.32600031006925,0.872787304620117,-0.863066780325885,-0.608381082588474,0.0779970000304387,-0.546354795282196,-0.596396257762758,-1.58320167970574,-0.789839430182002,0.0414372163931792,-0.702264828488378,0.789736203609837,3.68810386981863,-0.697463975198123,0.826249785018797,"Feminine",-0.404708713784664,1.23709114477995
-0.680612183621065,-1.39817935741967,-0.493712181443117,-0.904061701014511,0.448128354310467,4.13786643173966,-1.53985063444559,-0.106306696494956,-1.10469469045947,-0.729475985835611,-0.0891952531220432,-0.766541941486642,-0.485281197029374,-0.696019841208689,-0.327695780864305,-0.733808618572149,-0.67051635910956,-0.298343204452213,0.173241892714528,2.42910753624431,-1.11700051697338,1.29076340149768,0.44443549583419,0.700349545927792,-0.596396257762758,-0.0504429825283554,1.45452030805126,1.53330452651941,0.53818743994008,-0.124493845625314,-0.734810513260695,-0.497683519607118,-0.609493563178844,"Feminine",-0.404708713784664,1.23709114477995
-0.702672773002034,-0.710211559962037,1.24310404939012,-0.487454655891166,-0.320726880759679,1.83587753753442,-0.743962452153807,-1.17482411669517,0.264008546801011,0.437586561053173,0.0814360658104744,-0.766541941486642,-0.485281197029374,-0.696019841208689,-0.327695780864305,-0.733808618572149,-0.67051635910956,-0.520196856719873,-0.447270723104423,-1.25753730032024,1.57025523668529,0.849304045018302,2.90467361843776,0.177671667021535,-0.596396257762758,-0.0504429825283554,-0.126874869640449,1.20176442965809,-0.062083070848079,-0.831754117356629,-0.152820199476697,1.29910857553966,-0.948636482407257,"Feminine",-0.404708713784664,1.23709114477995
0.207461853397598,-0.710211559962037,-0.449249465323909,-1.17161898157304,-1.25312968725666,1.31499351352192,0.0519257301379719,0.244562457419432,-0.496123063670735,1.22056619267255,-0.899943546537186,-0.125157893577174,-0.485281197029374,-0.696019841208689,-0.327695780864305,-0.733808618572149,-0.104280885699278,1.59771529029608,0.527490744201582,0.115004596495492,-1.60282811244776,-1.08233124185993,-0.815924349148381,1.43551807439012,-0.596396257762758,-0.0504429825283554,-1.19774640833513,-1.34966454623105,1.66090078059932,1.84963103085123,0.78370839368121,-1.46944974108139,-0.70714213828554,"Feminine",-0.404708713784664,1.23709114477995
0.298229226261221,0.321740136224413,0.714070193063077,-0.804131394070386,-0.322737427453943,0.348473558853457,0.449869821283861,-0.488634765795035,0.676314271571771,0.411174758467723,1.26018952256991,3.61694049720123,1.37482506219665,-0.696019841208689,-0.327695780864305,1.18815349977603,-0.67051635910956,-0.431951263175299,-1.1585949251178,-0.903392590779325,0.651968544956516,-0.0217439718828298,-0.149467606338822,0.105709546674804,-0.596396257762758,-0.0504429825283554,0.485717028644744,-0.250866338556652,0.0938307621890217,-0.713478771597378,-0.655771272778681,0.354654985494041,-0.153208403134863,"Feminine",-0.404708713784664,1.23709114477995
-0.411655019286566,-0.366227661233221,-0.787650299299268,0.820265869149397,-0.639757574260648,1.7666323819625,0.0519257301379719,0.191529732941003,-0.0451207696372012,0.617529729429301,-1.09814117750902,-0.40136984049454,0.212033128082997,0.668607278796945,-0.327695780864305,-0.733808618572149,-0.0257438607742817,0.71468381397191,0.976978254781062,0.614073630987501,-1.05739763836235,-1.2178098492362,-0.222489589294376,0.168572417443908,0.13567909195028,-0.0504429825283554,-0.508646965546384,-0.0733796522728127,0.850224433275071,0.677130118314121,0.0587054902613946,-0.792532504227033,-0.258435027307482,"Feminine",2.4680596971786,-0.807414449455619
-1.35317715074074,-0.710211559962037,-0.534449200355284,-1.44884739268243,-1.08944543025246,-0.674900510795505,-0.346018361007918,-0.724924791977742,-0.433174664678544,0.254147434043725,-0.244698764151699,-0.178272510044677,-0.485281197029374,-0.696019841208689,-0.327695780864305,-0.733808618572149,-0.151172260841066,-0.333636397949803,-0.302994997682361,-0.3603257149216,0.679801545969216,-1.25163922137868,0.402018906270663,-0.632733380110865,-0.596396257762758,1.48231571464903,0.885221101953638,-0.467431545281451,1.08676877016256,-0.785159230598237,-0.236796524936425,-0.170493521983977,-0.521035442199845,"Feminine",-0.404708713784664,1.23709114477995
-0.485378604375102,-0.0222437625044037,-1.18298254143695,-1.2805285707638,-0.792544648173825,2.32041365212441,-0.743962452153807,0.252746035862245,0.134054489615365,0.0219610463134553,-2.5254750754163,0.192918904901885,-0.485281197029374,-0.696019841208689,-0.327695780864305,-0.228991521228236,0.00711916156696508,0.950214186845374,1.17515498535136,-1.07150001831202,-0.226479275364438,-0.582237549058898,-0.647748310483463,-0.583662982761572,-0.596396257762758,-0.0504429825283554,-1.39614315020203,-0.541590968383299,2.01922430684181,0.682510132663545,-0.119970751339673,-0.982284030323215,0.266924002070757,"Feminine",-0.404708713784664,1.23709114477995
-0.75552728504034,-2.43013105360612,-1.01409474561141,0.947635642743746,-1.57059266780299,-0.135970879209536,-1.1419065432997,-0.60157812961883,0.264008546801011,0.536466766476151,0.0814360658104744,1.1349350086288,-0.485281197029374,-0.696019841208689,-0.327695780864305,-0.733808618572149,-0.67051635910956,-0.781177607786206,-0.522545014628974,0.72081038152346,0.347881706473317,-1.67213093174664,-1.67807524340407,-1.04148747958084,-2.06054695718883,1.09912604035469,-0.747147092997732,-0.399967301183505,-1.08686520803215,-0.586171655382976,-1.21595945848667,-0.62160000250352,-0.472785558029486,"Feminine",-0.404708713784664,-0.807414449455619
-2.19021091825119,-1.39817935741967,-0.922287942053295,-1.38559936171986,-0.83120810824993,-0.674900510795505,0.847813912429751,-1.2045902182352,-0.907112858309004,-0.441463241841397,-0.139813070352765,-0.766541941486642,-0.485281197029374,-0.696019841208689,-0.327695780864305,-0.733808618572149,0.201872677351952,0.376025427207726,0.503832792379029,0.611767595910009,-0.671846797129773,0.527061295110733,-0.931880595442072,0.0104094752816085,-1.3284716074758,1.09912604035469,0.177330630228792,0.48013520754663,0.932640125888263,0.127923579939749,-0.138026916717213,-0.616474016434777,-0.450883073893408,"Feminine",-0.404708713784664,-0.807414449455619
1.87985278797117,1.69767573113968,-1.22319392139541,-1.03849750236613,1.13246861151872,1.98063947917855,0.847813912429751,1.64415719137546,0.432416644686241,-1.05807290105858,1.13675513295498,0.22815405883795,-0.485281197029374,-0.0764995590749104,2.07607143173658,-0.733808618572149,-0.67051635910956,0.52803560512581,1.18595932558811,0.926942710989008,-1.03688433707076,-1.22439110633288,-0.037188519302479,-0.598869080410218,0.867754441663317,-1.58320167970574,-1.48985840781217,-1.19802730721709,2.36787823680819,1.65438017026646,-0.0470682186690465,-1.08031032557436,-0.856146630670561,"Feminine",-0.404708713784664,-0.807414449455619
1.22047361095794,-2.0861471548773,-0.921450880020848,-0.70332553018021,0.115372978518383,0.562294469540978,-1.53985063444559,0.148928690946195,-0.891942891921566,-0.115778451449606,-0.193653531714294,1.67188057226244,-0.485281197029374,-0.696019841208689,-0.327695780864305,1.83212699020701,-0.239972028938789,-1.63730941099281,-0.833912766271987,1.32559024281245,0.552437982709601,-0.39081184231846,0.360754049381055,-0.808619196111948,-0.596396257762758,-0.0504429825283554,-1.32563932203558,-0.455896208207717,0.446626451173698,0.283637434582937,-0.986608631052253,-0.0158190824039746,1.14703198197561,"Feminine",-0.404708713784664,1.23709114477995
0.860129930977314,-2.0861471548773,-0.627501127765172,-0.657098338777379,-0.426142716289283,-0.674900510795505,-1.53985063444559,0.0423599672675063,0.264008546801011,0.29009469132934,0.0814360658104744,1.69956571870675,-0.485281197029374,-0.696019841208689,-0.327695780864305,1.42874846655615,0.055204651571305,-1.27194108345408,-0.91316051577167,0.190587285570801,0.935769365580331,0.017577761113978,0.484950595478092,-0.650320659913796,-0.596396257762758,-0.0504429825283554,-1.03155138755017,-0.529212789242689,-0.147888304055659,0.0457857093340107,-1.09390057194519,-0.148708750942594,0.109597560570896,"Feminine",-0.404708713784664,1.23709114477995
1.29411069073319,-1.74216325614849,-0.970882516402321,-1.22226851353147,-0.703951347848196,2.35701328754621,-1.53985063444559,1.9614783860774,0.264008546801011,0.491042509286331,0.0814360658104744,-0.766541941486642,-0.485281197029374,-0.696019841208689,-0.327695780864305,-0.733808618572149,0.0814750953968553,-0.388894606678295,-0.317045063408109,-0.955414068364486,1.16147690497871,-0.357329409099237,-1.01054171693892,-1.05130508142095,-0.596396257762758,-0.0504429825283554,-1.59215272371875,-1.56353102656862,0.652450917052467,0.330595453794697,-0.063853008181556,-0.98279059147992,-0.481940111945734,"Feminine",-0.404708713784664,1.23709114477995
1.18753898262109,-1.74216325614849,-0.363353720924188,-1.06241301431604,0.534155534500274,-0.674900510795505,-1.1419065432997,-0.0604701546586032,0.691093739762883,-0.482137551418469,0.770664050173661,0.494739251554757,-0.485281197029374,-0.696019841208689,-0.327695780864305,1.75476209748001,2.6699883935722,-1.05330577786795,-0.495436182672894,0.349248850825417,0.434209865608209,-0.875349681841211,-0.272175800398436,-0.881058139533072,-0.596396257762758,-0.0504429825283554,-0.522281714106525,-0.412215632094457,0.142937302273771,-0.1304425353529,-0.932173749275699,0.369885411095546,-0.649436246664699,"Feminine",-0.404708713784664,1.23709114477995
0.84167547909557,0.321740136224413,-1.06439662166432,-1.19464527928951,-0.0285934918224448,-0.674900510795505,-0.346018361007918,-0.445557712932063,0.264008546801011,-0.294226805208262,0.0814360658104744,1.08810060099049,0.931331747189063,-0.696019841208689,-0.327695780864305,1.70572622130164,3.58657023950508,-2.35365091393406,-1.0096648551844,0.990031340690589,1.12010410040965,-0.383705366696422,0.246383851105315,-1.52489624531637,-0.596396257762758,0.715936366060339,-0.874169765057498,-0.256226544014374,0.744766848371142,-0.443592112013326,-0.447999047728899,0.146995397636669,0.137861869398275,"Feminine",-0.404708713784664,1.23709114477995
0.143355896295159,-0.710211559962037,-0.235602429615638,-1.14106945887602,0.049211817535277,-0.674900510795505,-1.53985063444559,-0.37085514265776,0.264008546801011,-0.494387042217768,0.0814360658104744,0.463825496823351,-0.485281197029374,-0.696019841208689,-0.327695780864305,0.884575605265693,-0.127411419743815,-0.368597743968117,-0.323289537063973,-0.973877154761774,0.960040151651014,0.0107272541032664,0.784694660563211,-0.470196553456083,-0.596396257762758,-0.0504429825283554,-0.147724356139872,-0.959822381869821,0.114674211788515,0.0570205069289839,-0.765216289122197,0.172713822486335,1.28124971655778,"Feminine",-0.404708713784664,1.23709114477995
1.1391651616149,-0.710211559962037,-0.540818988766995,-1.18861215524741,0.576718679583873,-0.674900510795505,0.0519257301379719,0.563967667017121,-0.408988821746373,-1.11736478590905,-0.144675968895069,1.78883658423412,2.22562027050779,-0.696019841208689,-0.327695780864305,0.760084511124321,-0.419852540940755,-1.47274707540261,-1.19751584888758,1.48171333607872,0.236512221331092,-1.24428563025937,-0.440290161732364,-0.650185920524857,-0.596396257762758,-0.0504429825283554,0.381531839614215,-1.00026219539032,0.48550533049878,-0.1758092350844,-0.388072553269132,-0.427401067047529,-0.675594137097217,"Feminine",-0.404708713784664,1.23709114477995
0.0425375109127625,-0.710211559962037,0.142716445447512,-1.29065260407622,-0.225058396274341,1.39458927449462,0.0519257301379719,-0.734037762577056,0.655667318226875,-0.118360520343526,1.06022341720182,-0.188212546520654,-0.485281197029374,0.0243747111342764,-0.327695780864305,0.0269065465497866,0.3506210384076,0.232077151538157,-0.508091425626567,-0.939588565738215,0.395077595670692,0.707635330442887,-0.75641527716348,0.0569270135893938,-0.230358582906239,1.09912604035469,0.296167937073239,-0.754588331554161,0.604106375008343,-0.00818791505657057,-0.639948874534743,0.10801519772499,1.54377106277845,"Feminine",-0.404708713784664,-0.807414449455619
-0.277089072501881,-0.0222437625044037,-0.791945054781472,-1.1920837975623,-0.36768201526785,2.06276534866901,1.24575800357564,-0.535367841133081,0.713532277757001,-0.177541293952479,0.749626233485319,0.295495960129318,-0.485281197029374,-0.696019841208689,-0.327695780864305,-0.733808618572149,-0.67051635910956,0.388220450808806,0.515971245261943,-0.441364243988395,0.0128508033274973,0.190836649002983,-0.696952513488081,-0.50857349245109,-0.596396257762758,1.09912604035469,-0.734024267397772,-0.309110500360035,3.81662804809152,0.336432616931908,-0.179536936469563,-0.29157332713516,1.82144201710876,"Feminine",-0.404708713784664,1.23709114477995
0.250687466074207,0.66572403495323,-0.698916283488796,-1.33424351844849,0.741064794355043,-0.674900510795505,1.64370209472153,0.00250812414224212,-0.0920946099004377,-0.893987523138974,-0.204366427176992,-0.766541941486642,0.317993740614041,-0.172023356767046,-0.327695780864305,-0.733808618572149,0.0722327423247102,0.348037988308069,1.3102508171839,-0.302625346625858,-0.0565000547669707,-0.445003681559144,0.917835950630476,-0.750233003027688,0.501716766806798,-0.0504429825283554,0.00282291369522753,0.141205600832685,0.936918675525346,0.0541459050862386,0.00370994435951866,-0.289908587373277,1.15627847545774,"Feminine",-0.404708713784664,-0.807414449455619
-0.382460006576833,0.66572403495323,-0.971021881685876,-1.23528675910217,-0.869793504702423,-0.674900510795505,1.64370209472153,0.0348735008995469,-0.144073815872224,0.301413991900502,-0.658355017400017,-0.525509652035388,0.435245139962759,-0.395778577716198,-0.327695780864305,-0.733808618572149,0.393440820441771,-0.369949135595423,0.122410769560261,0.71732737504133,-0.0685721608809764,-1.40578216659541,-1.10035086071665,-0.783918645791592,0.13567909195028,1.09912604035469,-0.466339748419486,-0.247935201807852,0.570959581074986,-0.193338542165558,-0.451922772582971,-0.710254154726665,0.638283203288099,"Feminine",2.4680596971786,-0.807414449455619
-0.392457231897893,-1.39817935741967,0.121610789934912,0.572936033079641,-0.282344421982484,-0.164815000336672,-0.346018361007918,-0.929243752675647,1.11846518285409,-0.0363796839623882,0.534377646806942,-0.766541941486642,-0.485281197029374,-0.696019841208689,-0.327695780864305,-0.0699673685796838,1.11168322744183,-1.07854173433633,-0.943986870215491,1.32014895537959,0.194653229749395,0.219335293863278,-0.158986445491056,0.00637889284538113,-0.596396257762758,0.715936366060339,0.674656528906996,0.366451716779506,-0.140726000521733,-0.539613509585592,-0.77629204237007,0.243599208183555,0.235954100002947,"Feminine",-0.404708713784664,1.23709114477995
-0.0294883804660293,2.38564352859731,-0.299293981260778,0.868644914219963,1.05463331365412,-0.0827272288600784,1.24575800357564,1.19786789374743,1.1931989994185,-1.27917724114561,0.332281895059646,1.97757202442341,-0.485281197029374,-0.0123801129648554,2.32485783420693,-0.733808618572149,0.783041466948032,-1.02893812401355,-0.00425701127480138,-0.154449853811182,0.967207354512308,0.7919087433494,0.325217594916806,-1.56109254156855,0.867754441663317,-3.49915005117748,0.124747431713137,1.65168679187699,-1.01954775296148,-1.44688653147973,-0.791071045899093,0.611442754878978,1.08959164367757,"Feminine",-0.404708713784664,-0.807414449455619
0.0101941850952036,-1.39817935741967,-0.505087801818581,-0.484421232157407,1.27532957590113,2.49766637703134,-1.93779472559148,-0.61583891043564,0.264008546801011,-1.21529198754702,0.0814360658104744,0.219040352028693,-0.485281197029374,-0.696019841208689,-0.327695780864305,-0.0856076074538508,-0.67051635910956,0.188960262669794,0.948784941871867,0.589395270458577,-0.510045661554328,0.391830643072025,1.2648250178847,-0.122979967409901,-0.596396257762758,-0.0504429825283554,-0.52446147803027,0.0503260490530886,-0.331578085460384,0.929202549016918,-0.495490975318737,0.846993080562036,0.827161098078333,"Feminine",-0.404708713784664,1.23709114477995
-0.474480074701658,-1.05419545869085,-0.787018717610698,-0.840831141883693,-0.0622210376411848,0.146325594478354,0.449869821283861,-0.720336552836263,0.264008546801011,-0.428686790555095,0.0814360658104744,0.805451528754936,0.265168770810768,0.28305500967914,-0.327695780864305,-0.733808618572149,0.0233880728149406,0.993995481082267,1.10368350338056,1.06103249069228,-1.75090667722866,-0.120276178502437,0.61158651815689,0.774891837063764,0.13567909195028,-0.0504429825283554,0.21017731972935,0.0892609165056979,1.95656758793532,1.23866790324321,-0.45380660639074,-0.282506370303477,-0.619258420689516,"Feminine",2.4680596971786,-0.807414449455619
0.1320901313213,-0.0222437625044037,1.79981565026955,-0.149409515866602,1.80156284278549,0.554499361654075,-0.743962452153807,-1.12115780129735,-0.880086979729538,-0.916434235370988,-0.0601882334391548,-0.766541941486642,-0.485281197029374,-0.696019841208689,-0.327695780864305,-0.733808618572149,-0.67051635910956,-0.858969947046367,-0.860314271469897,-0.903717426452049,1.67699055533165,1.18126811740303,0.767798318186723,-0.536021236269814,-0.596396257762758,-0.0504429825283554,1.11366957707406,0.403577045392544,0.0357098005664041,-1.35800225015732,-0.352543063691917,2.72188118739467,-1.83796952068612,"Feminine",-0.404708713784664,1.23709114477995
-1.03275082180204,-1.05419545869085,-0.834608188710746,-0.193025143917109,-1.01591948772759,-0.163915378625105,0.0519257301379719,-0.819997563336088,0.417790127137705,-0.00675892456290934,2.82476908199447,-0.766541941486642,-0.485281197029374,-0.696019841208689,-0.327695780864305,-0.136431570931161,-0.67051635910956,1.08724308893116,0.667103569356762,0.216379451186038,-1.08160150445171,0.000130040363170832,-1.28531109650836,0.55614915637997,-1.3284716074758,0.332746691765992,-0.572384886347878,-0.508754346415567,-0.298375943905048,1.01288630182443,0.934879521716405,-1.11564101186753,-0.688640303002162,"Feminine",-0.404708713784664,-0.807414449455619
0.147426598993992,0.66572403495323,0.393356532354913,1.78350117003181,-0.61823331949543,0.00203540028070286,0.0519257301379719,0.0644103773239334,0.0197845427797112,0.967391413938967,-2.52943685707709,0.195124562020019,-0.485281197029374,0.501877613645129,-0.327695780864305,-0.101336623049315,0.178475270243788,0.150628665776771,-0.362478992421598,-0.148980409631969,-0.0584369258121104,0.306448680878372,-0.101068575323122,0.681676285975401,0.867754441663317,-0.0504429825283554,-0.514587447130333,0.0389546873612996,-0.838693071767546,0.278810907726205,-0.0815220701027542,0.0167036497377793,-0.100133751968612,"Feminine",-0.404708713784664,-0.807414449455619
-0.749340041786953,0.321740136224413,0.870125316834859,-0.963749471860077,0.535294641166477,-0.48676507576913,0.449869821283861,-0.906078851714035,0.536800836599411,0.160535040280574,1.19110552688899,-0.766541941486642,-0.485281197029374,3.98705858251012,-0.327695780864305,2.09201490493358,3.12269588501981,-0.639006389079428,-0.785808169247659,2.43810647910104,-1.33790698056382,-0.387618490220111,-0.203114685292034,1.03004251455542,-0.230358582906239,0.715936366060339,2.02303138160475,0.736037309755759,0.814038208498482,-0.330179339712454,-0.376321547402562,1.15984136585686,-1.20157736248429,"Feminine",-0.404708713784664,-0.807414449455619
-1.77613196800018,-1.39817935741967,-1.74702557180462,0.664056165429778,-0.480018663015317,-0.0802195380109869,-0.743962452153807,-0.018805839396113,0.264008546801011,-2.10025229353514,0.0814360658104744,0.90675777461495,-0.485281197029374,-0.696019841208689,-0.327695780864305,1.46719392584732,-0.67051635910956,0.686839116961914,1.00803224637026,0.770269073569552,-1.29736699094712,-0.993283053386847,0.528433467853103,-0.0289654764703895,-2.42658463204535,-0.0504429825283554,-0.315910213901725,-1.20315451693885,-0.695707193583264,1.44631557752281,-0.693191341476155,-1.74674410891838,1.05954592826012,"Feminine",-0.404708713784664,-0.807414449455619
-1.53842353636791,-0.366227661233221,-1.5997688903499,-0.117809759466162,-1.58563545834508,-0.562428239855825,0.449869821283861,-0.296004502259978,-0.305120605427197,0.667592630124959,-0.541758308635168,1.19435616331992,-0.485281197029374,-0.347078729917565,-0.327695780864305,0.00313419763972639,1.30793734857994,0.0460381656829776,0.325410918169924,1.53776199121337,-1.28406364967961,-1.26949794266844,-1.04410811139222,-0.166969568731074,0.13567909195028,1.09912604035469,-1.12294977934299,-0.135706437205365,-0.198809766559007,0.861010709818921,1.11052770169125,-1.34586434376613,-0.427716984903315,"Feminine",2.4680596971786,-0.807414449455619
-0.703258800121276,-1.05419545869085,-0.809016707823272,-0.70160289637172,-0.509937293541088,-0.674900510795505,-0.743962452153807,-0.900083839320943,-1.06395947506481,-0.180993028109583,-0.163691438055081,0.353971261259959,-0.485281197029374,-0.696019841208689,-0.327695780864305,-0.733808618572149,-0.67051635910956,-1.68412440277018,-1.92945736812357,3.43220653476457,-0.480996097555556,0.730678841784515,0.539546835904307,0.928945281574332,-0.962433932619276,1.48231571464903,0.313012064271075,-1.26425577395905,-0.437022528794752,1.1711212166479,-0.730836521590374,-0.0751631048174935,2.76235419115738,"Feminine",-0.404708713784664,-0.807414449455619
0.74643587979868,1.00970793368205,1.45053930600341,0.9075499661973,-0.230825251037555,-0.674900510795505,-0.346018361007918,0.500832241792911,0.264008546801011,0.724256398735816,0.0814360658104744,-0.0601771457589536,0.863557581940338,0.183861685198947,-0.327695780864305,5.30552763135931,0.576688980071813,0.56901830415642,-0.891384335513812,-1.87136328134257,0.232902603053448,0.205572124986959,-0.805003893517587,1.06190805890968,1.23379211651984,-0.0504429825283554,-0.0713479539070482,-1.45764071346531,-1.00626424307839,0.510754565145289,0.880201470393348,0.247922344320609,0.0376229449821784,"Feminine",-0.404708713784664,-0.807414449455619
0.119919324594647,-0.710211559962037,-0.975432547795404,-0.676636888210644,0.373883046531066,0.718025306226697,-1.93779472559148,-0.597810247350364,-0.132728787532346,-0.709977375910917,-0.413706379526403,0.795667337031441,-0.485281197029374,-0.696019841208689,-0.327695780864305,-0.733808618572149,2.77741126424974,0.947413777647958,1.4363564999415,-0.366357340942009,-0.986283414395591,-0.636958337152346,-0.101662221157879,-0.395853583110207,-0.596396257762758,-0.0504429825283554,-0.912602042915199,-0.358067409252773,0.294515811000799,0.951084301014061,-0.689361185714779,-0.245356748957016,1.33344333399924,"Feminine",-0.404708713784664,1.23709114477995
1.36867004780442,-0.0222437625044037,-0.0983309180945784,-0.584579122993352,0.731258418869338,-0.373518503228983,-0.743962452153807,0.196086494080566,-0.521550001344965,-0.451623184542407,-0.238487172079348,-0.435122543491169,-0.485281197029374,-0.696019841208689,-0.327695780864305,0.574005393296812,-0.67051635910956,0.247755084853185,0.309271246760305,-0.86569907108184,0.41564270584031,0.0847464999239498,-1.17206837029164,-0.738080124524025,-0.596396257762758,-0.0504429825283554,-0.20425289347979,-0.328855512765853,0.0916802485221088,-0.239663201743082,-0.61982766146987,-0.107832264061843,1.96842881963778,"Feminine",-0.404708713784664,1.23709114477995
-0.471761787962037,-0.0222437625044037,0.163294459572282,-1.54513101480715,-1.58377758131487,0.031754537840147,0.847813912429751,-0.254385648123845,-0.0287237840810062,1.14534877201198,-2.13279476021218,-0.550415399510259,-0.485281197029374,-0.157584877287599,-0.327695780864305,2.39333334321784,-0.288908755330185,-0.112433160270507,-1.41169197517443,1.34117342469631,-0.841416771194357,-1.19781701312884,-1.57511912731756,1.22001489738448,0.13567909195028,1.09912604035469,0.737660697702484,-1.33343797245468,2.82971636099798,0.377508909275009,2.05302424044948,-0.985338542339255,0.773991448932739,"Feminine",2.4680596971786,-0.807414449455619
0.0115017140669569,-0.366227661233221,-0.810555661871072,-0.407414400205176,0.19113068770776,0.226581782039207,0.449869821283861,0.0140744725795287,0.0674747388373137,-0.888471626514756,-0.704516615089212,0.781217302594995,3.20912306397195,-0.696019841208689,-0.327695780864305,-0.733808618572149,-0.328912841235113,-0.515469430473689,-0.0381231008610075,0.695903126536213,-0.142751817916649,-0.462643484397339,-0.809648026427075,-0.653166804478066,-0.596396257762758,-0.0504429825283554,0.344317096832951,-0.522714962758782,0.844335245800689,-0.116172038318435,0.601589608502528,-0.403042987427927,1.86002994268448,"Feminine",-0.404708713784664,1.23709114477995
-1.75943072298038,-0.366227661233221,-0.873506542378076,0.0616413838925276,-0.76671698853291,-0.100042237103804,0.449869821283861,-0.956952298723313,-0.520169406357014,-0.0898326033398948,-0.238337084607941,-0.766541941486642,-0.485281197029374,-0.696019841208689,-0.327695780864305,-0.733808618572149,0.205705669603539,0.831892126671461,1.0448976873278,-0.232725386043575,-0.569783882516386,-0.0896296637148351,0.499995745739655,0.0365483032940085,-0.596396257762758,1.09912604035469,-0.00665138070452442,0.111015351545426,-0.724639394959118,0.461700285677102,0.222745785680735,-0.64549762785506,0.280503449936419,"Feminine",-0.404708713784664,1.23709114477995
-0.254303943179264,-0.0222437625044037,-0.926117120368976,-0.0328132252812492,0.595605966927637,-0.411606644982513,1.24575800357564,-0.291745299840432,-0.5487369092043,-1.4346601526858,-0.0197648562747738,-0.423652655400251,0.824247162152515,-0.696019841208689,-0.327695780864305,-0.733808618572149,-0.0650879021116798,0.892735816061393,1.6595867697303,-0.442685078905108,-0.61344439726006,-0.67850113321064,-0.124522451745489,-0.714594293564923,-0.596396257762758,-0.0504429825283554,-0.420305757505031,0.134704374234032,-0.637274857049775,0.352256253563974,0.600372838114994,-0.473033900606903,0.512087187218364,"Feminine",-0.404708713784664,1.23709114477995
-0.354706952207634,1.69767573113968,-2.06314522165476,-0.941442165120705,0.207768127407951,-0.623420665390278,1.24575800357564,2.60099625510418,-0.834999471294838,-1.47839101192104,0.114330398860073,0.160779329751925,1.28548498324367,-0.118462139761312,0.792779453088201,-0.733808618572149,0.966824640357611,1.3850911880107,2.64911068409025,-0.095379856675621,-1.45776791643999,-1.8261973925285,-0.305452355575147,-1.11172375002883,0.501716766806798,-1.58320167970574,-2.42987011976917,-0.743024000871143,0.558924404185822,1.86619649057492,2.99314207105102,-2.00532415128736,-1.21100878583606,"Feminine",-0.404708713784664,-0.807414449455619
-1.60992667693419,-0.366227661233221,-0.109393183510794,0.267975563428504,-0.796787249627934,-0.195482027716712,0.0519257301379719,-0.936604931963143,0.0852078033239862,0.0126021277425881,-1.96544570278999,-0.766541941486642,1.02719650814073,-0.367144067312988,-0.327695780864305,0.655323422085297,-0.204344938503899,0.91583782998559,0.180402144418682,-0.277381173235685,-0.745169791866405,0.374205740247566,-0.939715709536769,0.815203768358904,0.501716766806798,1.09912604035469,0.925015352458479,-0.258830503143004,0.0802170044644135,0.217593024308396,0.105635519503851,-0.45357513214719,0.873638064114688,"Feminine",-0.404708713784664,-0.807414449455619
-1.13541879166652,0.321740136224413,0.599015662382831,-0.095686889388152,0.127561167843455,-0.304245623877871,1.24575800357564,-0.567362025214556,-0.623063531423474,-0.84364226276374,-0.219274893425256,-0.0180480326936841,-0.485281197029374,-0.696019841208689,0.576703712147061,-0.241536677722865,-0.67051635910956,-0.390419897752742,-0.790669147792955,1.02120064832428,-0.180843612865054,-0.6454723255933,0.488840713285,0.422021116224314,-0.596396257762758,-1.96639135400009,2.76467533603579,0.72632603708223,0.182437798769541,-1.35723502292593,-0.277326440493383,-0.0901013296075208,2.03699058513822,"Feminine",-0.404708713784664,1.23709114477995
-0.614414190282635,0.321740136224413,-0.019533281305515,-0.135364711275531,-1.18233210698114,-0.29567463390988,2.04164618586742,-0.554399875574459,0.264008546801011,1.05388406873798,0.0814360658104744,-0.121863112509145,0.745765154324834,-0.696019841208689,-0.327695780864305,0.114180375425078,-0.101372141829018,0.975638449798604,0.249961698619576,0.617489141290182,-1.4210751747618,-0.825231670583494,-0.426402757039356,1.38932960225057,-0.596396257762758,1.09912604035469,-0.0279469122948341,-0.161472403797909,-0.0703903470572206,0.841186293857255,-0.18513401824181,-0.808028708101055,1.04774225434612,"Feminine",-0.404708713784664,1.23709114477995
-0.123483849176081,0.321740136224413,-0.266656902348476,-0.297917060099751,-1.43533361549669,-0.174217498225315,1.24575800357564,0.239268770020253,-0.614332507031499,1.33756292036355,-0.531408768473547,1.45683858679794,0.222328123040365,-0.696019841208689,-0.327695780864305,0.241044870590016,1.94665075027497,-1.11799946786075,-1.64770798111801,1.65594962778864,-0.31773827020894,-1.23687413684778,-0.858374854001042,0.560763914542593,-0.596396257762758,1.09912604035469,0.388390638739,-0.846872936457688,-0.0508130560043182,-0.15315645949579,0.504667430572307,-0.864065965070453,0.816175633378827,"Feminine",-0.404708713784664,1.23709114477995
-1.4782452251441,0.66572403495323,-0.924119857121992,-0.0749446915249846,-1.11463186990845,0.890259831020558,2.04164618586742,1.63798902474994,0.909175197100193,0.678055211983224,0.694621529450227,-0.766541941486642,-0.485281197029374,0.25332601623113,0.59318062598735,0.769912755398641,1.34798701877609,1.06094234438875,1.1678250406592,-0.351962665589677,-0.933811515241985,-1.474837086243,-1.8475776254585,-0.257186580699536,0.867754441663317,-0.81682233111705,-0.295126849255593,-0.232209797249199,-0.47965308044923,0.0934767428494999,0.0351980414992662,-0.892740636625211,1.95022315309247,"Feminine",-0.404708713784664,-0.807414449455619
-1.10226077359143,-0.0222437625044037,-1.9224986624789,0.196379957167653,-0.746026953046144,-0.536934525109497,0.449869821283861,-0.438542121159884,0.264008546801011,-1.29728958204766,0.0814360658104744,1.55748544198779,-0.485281197029374,-0.696019841208689,-0.327695780864305,-0.733808618572149,-0.260170404922107,-0.349834421996019,0.701359206825778,-0.317822151444492,0.527750484192191,-0.0450510963128522,-0.163064988666235,-1.59481583048699,-1.69450928233231,-0.0504429825283554,-1.70216940515095,-0.624364500190297,-0.0142075456450984,0.457228963478634,-0.592042861862598,-0.893587723444888,1.64909158753211,"Feminine",-0.404708713784664,-0.807414449455619
-0.976907423973375,1.69767573113968,-0.427824481289521,-0.246225440847852,-0.184803993613778,-0.0712993234192196,1.64370209472153,-0.700044073024276,0.264008546801011,-0.128097350180054,0.0814360658104744,1.68529013167235,0.555140031900953,-0.356673348028319,-0.327695780864305,0.341210713904797,0.0510036616397223,-0.344006523329936,-0.172681146399807,1.87961823134435,-1.10603854438701,0.277258572164361,-0.0155586608935174,0.449978154523341,0.867754441663317,-0.0504429825283554,0.978253520041748,1.15359053125362,-0.382246811204923,-0.242701455827102,1.3019851685592,-0.250799055564809,1.56477324483369,"Feminine",-0.404708713784664,-0.807414449455619
-0.434063775527278,-0.710211559962037,0.838388336984687,-1.53124876556254,0.23739365974749,0.553859049220505,0.0519257301379719,-0.833090048135647,0.264008546801011,-0.517490454914437,0.0814360658104744,0.109021863450236,1.18665152201913,-0.150697918446746,-0.327695780864305,3.87294089300348,2.42139269104705,-1.04481368626166,-0.750701975761515,0.890465197262957,-0.0938937679904719,-0.782411702467772,-0.267593825116834,0.341059175829115,-0.230358582906239,-0.0504429825283554,1.38568264512441,0.743432700812613,1.57080285114782,-1.20543108607402,-0.729363356651513,0.583807210288023,2.58221986316554,"Feminine",-0.404708713784664,-0.807414449455619
-0.256780357218451,-0.0222437625044037,-0.450160604860656,-1.37329782182275,-0.515688612573488,-0.674900510795505,-0.743962452153807,-0.561687911977098,-0.520514099962796,-0.139157232288522,-0.368775743176993,-0.187322808989937,-0.485281197029374,-0.696019841208689,-0.327695780864305,-0.733808618572149,0.352192019019165,0.316949090931373,0.719287784522223,-1.00415661645334,0.402265892640747,-1.35434060627271,-0.409876745454679,-1.02908925097132,-0.596396257762758,-0.0504429825283554,-0.235933722098877,0.41536236247567,1.0476266387755,-0.81772083381528,-0.489496694167113,-0.252719123001663,0.684707307869331,"Feminine",-0.404708713784664,1.23709114477995
-0.720086787415404,-0.710211559962037,0.83612516926733,1.58149763834122,1.12570881178306,-0.674900510795505,-1.53985063444559,-1.16343253687801,0.691093739762883,-0.683173133452719,0.440013017073017,-0.766541941486642,-0.485281197029374,-0.696019841208689,-0.327695780864305,0.0957149534452368,0.442985225117695,-0.40413255285369,-0.162564943770359,0.103198071299641,0.379424687695677,0.732832657417451,1.41660937481965,0.0784027679369751,-0.596396257762758,-0.0504429825283554,1.53490254426426,0.3576794537372,-0.435154886806671,-0.557082562615103,0.3640912384844,1.72936226016016,-0.985440577339606,"Feminine",-0.404708713784664,1.23709114477995
-0.351989561594571,-1.39817935741967,-0.933671985694497,-0.493765628432316,-0.4577300278894,0.301273916228138,-1.53985063444559,-0.17638692806986,0.438406535992692,-0.303699705670334,1.67965784369145,0.263533123144979,0.498208637705039,-0.696019841208689,-0.327695780864305,0.621117708361857,-0.67051635910956,0.203301764396302,0.737690103165789,-0.0975246120435636,-0.161007484571421,-1.28806514948133,0.490973359948635,-0.487298533184222,-0.596396257762758,-0.0504429825283554,-0.734419208797508,-0.38520084556699,0.532935112410427,0.41953100059865,0.730735099980145,-0.644165875875253,0.0568338323796862,"Feminine",-0.404708713784664,1.23709114477995
-0.68827925205662,1.00970793368205,-1.57633919605282,2.0180113069219,-1.5673018295971,-0.674900510795505,0.449869821283861,1.65134938852912,-0.718155783700677,1.34180560328833,-0.3602597664604,-0.766541941486642,-0.485281197029374,-0.696019841208689,-0.327695780864305,0.792310248898975,-0.67051635910956,1.17341339861103,1.03184784142888,-0.427637213445147,-0.800018310445855,-1.94334134319788,-0.752703271929415,-0.0695924402755777,-0.596396257762758,1.09912604035469,-1.80596529509666,-2.12917657582089,-0.887870231359872,1.75964629252518,0.310832774166943,-1.79278920303544,-0.982256384673077,"Feminine",-0.404708713784664,1.23709114477995
-0.88417212382107,-0.366227661233221,0.449449512363845,-0.550438038447179,-0.465627471966252,-0.0281849528923417,-0.743962452153807,-1.1920662784851,0.264008546801011,0.185032108743759,0.0814360658104744,-0.766541941486642,0.350685162494879,-0.696019841208689,-0.327695780864305,-0.733808618572149,-0.67051635910956,-0.0684118646849892,-0.63516469109594,0.0364401078623992,0.21035508050981,1.67361932588376,0.51396024434456,0.959528951815398,-0.596396257762758,1.09912604035469,0.637646707985923,-0.00479789539448531,-0.454062330110479,0.140785067602168,-1.09297037181359,0.292231776851257,-1.02421280569079,"Feminine",-0.404708713784664,1.23709114477995
-0.960223475260337,0.66572403495323,2.12185132374159,3.3267774090486,1.77596936022465,-0.674900510795505,0.0519257301379719,-1.27180678681171,0.733566300388926,-0.222022439536606,0.701969226621768,0.620170530420754,-0.485281197029374,1.89501249898618,-0.327695780864305,-0.733808618572149,-0.0583980849072833,-0.572104630412623,-0.5717574888301,0.902523255615457,-0.000742071741533992,1.47028643729849,0.720983314309318,0.556240047032166,0.867754441663317,0.332746691765992,1.29676492950941,1.6911717709097,-0.720301738798529,-0.831366457590299,-1.05646817629874,3.35354563382418,-0.394666697944135,"Feminine",-0.404708713784664,-0.807414449455619
-1.38745173317334,0.66572403495323,1.86053327673297,0.878323620086514,0.260824258376945,-0.674900510795505,0.0519257301379719,-1.38875167779054,-0.0756493486673336,0.167112260362554,-1.947434520648,-0.766541941486642,-0.485281197029374,0.136976346313993,-0.327695780864305,-0.733808618572149,-0.0801429614331195,-1.26993707387071,-0.672514221840398,0.806023403343524,0.893023566953813,3.01228115959935,3.01340625156524,0.870548397899085,-0.230358582906239,-0.0504429825283554,1.5499534144621,4.4284826264867,-0.647899514732515,-2.09761611495441,-0.991485537456479,1.17939400429273,-1.22371685392037,"Feminine",-0.404708713784664,-0.807414449455619
-0.293189738289292,-0.0222437625044037,-0.81120364252276,-1.23945694104195,-0.749932848411353,1.76824715239422,1.24575800357564,0.274887046048271,-1.43903441253836,0.65379423873046,-0.144478912952315,2.82594313602155,0.886724660205085,0.198974154163964,-0.327695780864305,-0.733808618572149,1.23242384828644,0.166371779434589,0.0999523071389643,0.381961708917597,-0.781937442556938,-1.47780424901006,-1.10582547976818,-0.348227750079284,0.13567909195028,0.715936366060339,-0.0470579423164199,0.144929819331801,1.66883892416332,-0.232661459303125,-0.545989567912577,-0.758883604421054,-2.1771970508008,"Feminine",2.4680596971786,-0.807414449455619
0.876563311689187,-0.0222437625044037,1.3642239643254,0.400649567778307,0.428993368165068,-0.33860842068586,0.0519257301379719,0.088205445518872,-0.820969581702128,0.607735262432991,-0.484063776967975,-0.766541941486642,-0.485281197029374,1.29962634421799,0.640204102081904,-0.206972903152595,1.45105953168939,-0.580583360291072,-1.18826871343121,1.49373398381822,-0.449929654533353,0.550115770361254,0.303328651156382,1.504106266841,0.867754441663317,-1.58320167970574,0.74037504751557,0.145303075273203,-0.112762406947978,0.0296506276816602,-0.613444499004924,0.591647843990046,-1.23136080464777,"Feminine",-0.404708713784664,-0.807414449455619
0.972193708995608,-1.74216325614849,-0.511558875442737,0.230256208241374,-0.00414748057686864,-0.674900510795505,-0.346018361007918,0.0887591301766474,0.264008546801011,0.223787097037172,0.0814360658104744,-0.766541941486642,-0.485281197029374,-0.696019841208689,-0.327695780864305,-0.733808618572149,-0.67051635910956,-1.21007138295483,-1.10675829444486,1.53815906615436,0.401443253750436,0.797247590352334,0.786190930664677,0.226206058762681,-0.596396257762758,-0.0504429825283554,-1.22882988225336,-1.08403825127045,-0.193058356340405,1.13309676758167,-0.890018790324141,0.363159344980206,-0.379457716334595,"Feminine",-0.404708713784664,1.23709114477995
-0.162430817193105,-0.710211559962037,-0.363819286854617,-0.81018151464617,-0.470932428468936,1.86955414324973,-1.93779472559148,-0.107772646082986,0.264008546801011,0.319219054415755,0.0814360658104744,-0.766541941486642,-0.485281197029374,-0.696019841208689,-0.327695780864305,-0.733808618572149,-0.67051635910956,0.205456938927974,0.37860453228081,0.475024808245622,-0.321925806373553,-0.199716979555101,0.0882356699224975,0.198335381370728,-0.596396257762758,-0.0504429825283554,-0.871417660395093,0.525741917595566,0.219922028842857,0.308022326367795,-0.782734172113502,-0.385203127542119,-0.809504782535314,"Feminine",-0.404708713784664,1.23709114477995
-0.263602923783346,-1.39817935741967,-0.305013244098685,-1.37678471201693,-1.82748900162217,-0.674900510795505,-1.53985063444559,-0.76593394374608,0.264008546801011,1.25641177610013,0.0814360658104744,-0.766541941486642,0.610650310883518,-0.696019841208689,-0.327695780864305,-0.733808618572149,-0.67051635910956,0.131608536615954,-0.265128357128862,-1.14218394844445,0.783256589823777,0.239346217032132,-1.27789542710352,-0.238248583385078,-1.3284716074758,1.86550538894338,-1.25773703295645,-0.595300439091015,0.691935127495719,0.0668252655008044,-0.116657876442211,-0.499271129714306,-1.55175397207964,"Feminine",-0.404708713784664,-0.807414449455619
-0.477680628807685,2.72962742732613,-1.9779222595787,-0.313539814611587,0.140241706384368,-0.401158475704219,4.03136664159687,3.95826318426851,0.264008546801011,-2.74634372007796,0.0814360658104744,-0.766541941486642,-0.485281197029374,-0.696019841208689,1.20399763659266,-0.108523804816618,-0.530625692909292,1.14899253030856,1.98659803618942,0.865064899991207,-1.59304923676867,-2.03579943801081,-1.25374664508538,-0.800410812173588,-0.596396257762758,-3.49915005117748,-1.9778459488653,-1.21243991827706,-0.437693592544068,1.80143561380534,3.38650908849972,-1.8839956672815,0.475564162921938,"Feminine",-0.404708713784664,1.23709114477995
-0.595044218860499,-0.710211559962037,-1.54601370155315,-0.757365984118694,-1.09951827853196,-0.674900510795505,0.0519257301379719,1.21734646686265,0.264008546801011,0.182903012013221,0.0814360658104744,-0.766541941486642,-0.485281197029374,0.107022716283213,-0.327695780864305,-0.733808618572149,-0.67051635910956,1.30745044922797,1.01559404734532,0.617489141290182,-1.5330845967268,0.161156880653583,-1.19368186632794,0.688744766438896,-0.230358582906239,-0.0504429825283554,-1.83049926392992,-1.42072546199381,-0.17890673698075,2.34784190694416,1.17677539191809,-1.94768494080354,-0.456879002808479,"Feminine",-0.404708713784664,-0.807414449455619
-0.173529888896347,0.321740136224413,0.176732475342799,-0.976912986367147,0.0822298566731234,-0.395239728999543,0.449869821283861,-0.439291262903621,-0.531529238528903,0.0587047376639282,-0.409683121162002,-0.179190247067207,-0.485281197029374,-0.696019841208689,-0.327695780864305,0.811356974234028,-0.67051635910956,0.0598338803906961,-0.307839092105742,0.964631702686706,-0.654570760644063,1.81590959323332,-0.0385736908778873,1.2036363672983,-0.596396257762758,-0.0504429825283554,0.329032817596496,0.604442239047835,0.444074034556372,0.48849106823029,0.859251014841234,-0.14909717431633,-0.675594137097217,"Feminine",-0.404708713784664,1.23709114477995
-0.254680440725318,-0.0222437625044037,0.0244626991196164,0.322890789873816,-1.59817909562145,1.45545662112079,0.847813912429751,0.236787229579302,0.264008546801011,1.70799431862811,0.0814360658104744,-0.3090784711065,0.3882680972487,-0.126181623012736,-0.327695780864305,-0.132076452722357,-0.67051635910956,0.514609262256085,-0.450136573004492,0.603022973977478,-0.839728581902142,-1.02698388539707,-0.667867264093721,1.15531894445637,0.501716766806798,0.715936366060339,-0.328859020138317,-0.826864473886541,-0.199065001723035,0.785398508477877,0.869504629697468,-0.91745915566005,-0.132218113815017,"Feminine",-0.404708713784664,-0.807414449455619
0.160475827239577,-1.05419545869085,-0.142209903972428,1.10705329485539,-0.974885345579107,1.36735914574081,0.449869821283861,-0.074374881049765,-0.269847944401328,0.90421231627046,-1.03225421452248,0.494739251554757,0.718958449856482,0.875091896061896,-0.327695780864305,0.0957149534452368,-0.113765566995932,-0.322985899726904,-1.07796085075234,1.00538426289419,-0.414960392035989,-0.312485863100681,-0.647461394891345,0.797998448539515,-0.230358582906239,1.09912604035469,-0.179417671044732,-1.14361596363454,-0.167881051602749,0.722837519171507,0.095353375168269,-0.631464622017188,-0.691810399390279,"Feminine",-0.404708713784664,-0.807414449455619
-1.14034927511576,-0.710211559962037,-0.437966787142254,0.109063234795911,0.296248129044188,-0.674900510795505,-1.1419065432997,-0.702803952353243,0.264008546801011,-0.542641553017428,0.0814360658104744,-0.766541941486642,-0.485281197029374,0.175684347592929,-0.327695780864305,-0.733808618572149,1.18290495813116,-0.367028321126578,0.65507323877558,1.5307194464418,-0.629722362700537,0.263829294908741,1.57879134641743,-0.0678347681458265,0.13567909195028,-0.0504429825283554,1.13541039849816,1.77597502914195,-0.671377012336085,-0.478574453509227,-0.850172485061003,-0.0522243345396916,-1.09184067568699,"Feminine",2.4680596971786,-0.807414449455619
-1.22644929361513,-0.0222437625044037,-0.425435591068019,-1.14047425950541,-0.194332334135994,1.37937243783807,0.0519257301379719,-0.639388459154623,0.264008546801011,-0.371498657049476,0.0814360658104744,-0.766541941486642,-0.485281197029374,-0.696019841208689,-0.327695780864305,-0.733808618572149,-0.67051635910956,0.327990584245707,0.850314683175941,0.381665064635966,-0.383654576085973,-0.383705366696422,0.884061245491624,-0.0939085787107057,-1.3284716074758,-0.0504429825283554,0.0925411549484979,1.17523471154892,0.391520829126453,-0.237010195842202,-0.486061732667508,-0.204697223979423,-1.08211266669523,"Feminine",-0.404708713784664,-0.807414449455619
-1.0453199612335,-0.710211559962037,-1.04004448947794,-0.319315171406639,0.204485117047983,-0.297649768685327,0.0519257301379719,-1.15551469514394,-0.594475830970834,-1.25529989226798,0.0312804157226291,0.50110935859032,-0.485281197029374,-0.696019841208689,-0.327695780864305,0.0999044664352249,1.56773430009473,-0.128725730120375,0.857483663321154,1.29782845539452,-0.918541320322875,-0.863978695604029,-0.640827558625053,-0.938168907834879,-1.3284716074758,1.09912604035469,0.680463579808664,1.26366710524616,-0.518039606112752,-0.644643670138608,0.327624455591868,-0.45472982874436,-1.59769714325855,"Feminine",-0.404708713784664,-0.807414449455619
1.20007837084845,-2.0861471548773,1.47633005314918,-1.20341075903658,0.00744557487008202,-0.387471373949654,-1.53985063444559,-0.526884056635337,6.4611926488415,0.646466144596733,0.163838159302974,-0.766541941486642,-0.485281197029374,-0.696019841208689,-0.327695780864305,-0.733808618572149,1.63767963319486,-2.67736587725256,-1.68302367563248,-0.793862062388119,3.21798171828857,1.54027420692023,-1.18302521203227,-2.35879926934187,-0.596396257762758,1.48231571464903,0.138956083226944,1.95039991255143,0.0543229509027066,-3.15894030463079,-1.2270918415454,1.70015718850171,-0.179839832709411,"Feminine",-0.404708713784664,1.23709114477995
-0.676843494613917,-1.74216325614849,0.395984311598568,-0.179952628289791,1.1362140105421,-0.513221621319714,-1.53985063444559,-1.1518709619779,-0.503972959820184,-0.968649568925443,0.0401723956906538,-0.766541941486642,-0.485281197029374,-0.696019841208689,-0.327695780864305,2.24947796271929,7.33864563828408,-1.2371078355527,-0.415226245587952,-0.560348508827145,0.845428731144423,0.921745643053257,-1.28612513250729,-1.40372488172631,-0.596396257762758,0.715936366060339,1.60689809203284,1.31587418104334,-0.607295708242752,-1.91130249580881,-1.04269305470084,1.69779138892279,1.00736126464035,"Feminine",-0.404708713784664,1.23709114477995
-0.815505142865964,-2.0861471548773,-0.300502320316848,0.623818536891983,-0.525114428486644,-0.402599223257331,-0.743962452153807,-1.2506940816887,2.05957094256325,-0.857977057628087,0.196324272985303,-0.766541941486642,-0.485281197029374,-0.696019841208689,-0.327695780864305,-0.733808618572149,-0.67051635910956,-1.48646889807993,-1.3088609706953,-1.03810789194675,2.40223234822658,1.60600771626845,-0.383175764966762,-1.38636778245115,-2.42658463204535,1.48231571464903,0.619448650616368,-0.895297689471932,-1.10098017744027,-1.15689146137809,-0.513897060299935,0.320681638327291,-1.94696404673693,"Feminine",-0.404708713784664,-0.807414449455619
1.08617865952999,-1.74216325614849,0.927846830515794,3.53160308081699,-1.83525752490025,-0.674900510795505,-0.743962452153807,0.0543526914508694,0.264008546801011,1.89414867241225,0.0814360658104744,-0.766541941486642,-0.485281197029374,-0.696019841208689,-0.327695780864305,-0.733808618572149,-0.67051635910956,-0.257499127028103,-1.2290668736752,-3.20985409161336,2.60831639961066,0.241913838064804,-0.978305274246936,-0.878352892613513,-1.3284716074758,2.63188473753207,-1.14356167183506,-1.42624850172274,-1.16563089845309,-0.789284969797279,-0.710860214780066,-0.0902437936829286,1.28488879389095,"Feminine",-0.404708713784664,-0.807414449455619
0.426634110413301,-0.710211559962037,0.134801824630283,-0.923927593046884,-0.520238119331159,1.67679242703418,0.449869821283861,-0.308794170455155,-2.96930489774186,0.539895502209618,-0.0823437450420899,3.32576714680529,-0.485281197029374,-0.696019841208689,-0.327695780864305,-0.733808618572149,-0.67051635910956,-1.22441937250485,-1.42801837644604,1.11325435101961,0.344290714903951,-1.03966396433068,-1.14920191796339,-0.394623378214805,-0.596396257762758,0.715936366060339,0.138956083226944,0.493247936242334,0.107585333525739,-1.25732869431719,-0.614047816815247,0.146500804276706,-0.179839832709411,"Feminine",-0.404708713784664,1.23709114477995
-1.89878334510389,-0.710211559962037,0.836794279722904,-0.607339816377971,0.565668716592389,2.55867727872031,0.0519257301379719,-1.47658785254346,0.264008546801011,-1.00366279121574,0.0814360658104744,-0.766541941486642,-0.485281197029374,-0.696019841208689,-0.327695780864305,-0.733808618572149,-0.67051635910956,-0.308404860493194,-0.885194596192566,0.289978806278192,0.322071454568501,2.87372539655554,1.1021610934965,0.997439959718413,-1.3284716074758,-0.0504429825283554,2.57573981784474,0.753453646297532,0.298997021077255,-0.676620553208094,-0.891098523452688,0.973664981402777,-2.11328161982188,"Feminine",-0.404708713784664,-0.807414449455619
0.479737296654021,-0.366227661233221,-0.771782014433161,0.0366776306772448,-0.204139940014338,1.91196172081715,0.449869821283861,0.940827224401724,-0.803449001875821,0.658133847856155,-0.193382514876306,1.48520707838692,2.09461498427753,1.54788854910361,-0.327695780864305,1.04331664157515,0.522235636913775,0.579527952872147,0.692408462609405,-0.26185573676075,-0.756253701328392,-1.51900735016172,-0.0849819093654871,-0.144247251260633,0.867754441663317,0.715936366060339,-0.887058120822669,-0.748169851366458,0.297528389203459,0.881783662429478,0.340297846633472,-0.808584489229722,0.227590428942644,"Feminine",-0.404708713784664,-0.807414449455619
0.155986150049748,-2.0861471548773,0.0465233616689807,-0.534130995473399,-1.7336769092575,1.79948944987747,0.0519257301379719,0.798510292954884,-3.80465943508575,2.00852266275354,-0.107455174145967,-0.766541941486642,-0.485281197029374,-0.696019841208689,-0.327695780864305,-0.733808618572149,-0.67051635910956,1.52669738502114,-0.236929795014538,-1.8573554804537,-0.10198549268463,-0.403159973718453,-0.769229593104466,1.14139213198814,-0.596396257762758,1.86550538894338,-0.794280240669257,-2.02244301373812,-0.0811487614210872,1.17918555606898,-0.953154764314505,-0.984744295649951,-0.99746446905051,"Feminine",-0.404708713784664,1.23709114477995
1.90821606982356,-1.74216325614849,0.312880793017752,1.8045055228438,0.0800861781332782,-0.467951532266493,0.0519257301379719,0.0586012916243551,0.264008546801011,0.103954083128178,0.0814360658104744,3.79700273879042,-0.485281197029374,-0.696019841208689,-0.327695780864305,-0.733808618572149,5.372760420742,-3.16262696126652,-3.10696235697192,-0.664032995767135,2.85870301177357,1.23721711836675,-0.942572339651676,-1.72339005310419,-0.596396257762758,-0.0504429825283554,-0.481316140130338,-0.330326791146915,-0.937555769494683,-1.95441680066477,-1.08724238412382,0.945335050653525,-1.58447702847488,"Feminine",-0.404708713784664,1.23709114477995
-1.22772453585125,-1.39817935741967,-0.114341520813212,2.07973201281188,-1.20190187228005,-0.674900510795505,0.449869821283861,-0.283936776345636,0.264008546801011,0.923389717228705,0.0814360658104744,0.0852509004202757,-0.485281197029374,0.365013764165224,-0.327695780864305,-0.733808618572149,0.833466549903272,0.451395509523682,0.413558354330204,-1.06619258674827,0.236512221331092,-0.954667272329535,-1.20062556867444,-0.588475280386983,-0.230358582906239,1.48231571464903,0.425636522593731,0.698209972470432,-1.18644609819992,-1.2410053047956,-0.433776455087682,-6.79002755398923e-05,-1.07114278421516,"Feminine",-0.404708713784664,-0.807414449455619
-1.83275971039641,-1.39817935741967,-1.26608606001776,-0.0904327896111049,0.187778252588502,0.339555266307496,0.0519257301379719,-1.36628000180484,0.264008546801011,-1.86550338911658,0.0814360658104744,2.15200407496961,-0.485281197029374,-0.696019841208689,-0.327695780864305,-0.733808618572149,1.90607451602094,-0.35632522232939,0.828307581334894,0.985356873863016,-0.600975182157591,-0.894049476483754,-0.658370859847532,-1.466775553977,-1.69450928233231,1.09912604035469,1.15900508841578,1.26006811247942,-0.670985377169741,-0.990036501485836,-0.323731286482895,-0.201195907053558,-1.87892503956582,"Feminine",-0.404708713784664,-0.807414449455619
-0.609245152170768,-0.710211559962037,-0.458794736661252,-0.474890683648468,-0.72757445882906,0.2715125007701,-0.743962452153807,0.741184052401753,-0.0439260669649763,0.938924678823948,-0.825236558583627,1.05226209775422,1.25126727927704,1.56956882340614,-0.327695780864305,1.65858545144901,1.73803598068635,-1.18541409720962,0.672025263912841,-2.13919224548971,2.20083335626584,-1.27156851904986,1.28607525499604,-2.61821872666054,0.867754441663317,1.86550538894338,-0.496726630151624,1.60345896581116,-0.697845818334727,-2.23609937609625,-1.154861901998,0.807803821026565,-0.238428977773431,"Feminine",-0.404708713784664,-0.807414449455619
0.727721402408263,-0.710211559962037,-0.429114908596679,-0.232054982882373,0.836881219801044,1.24438437072356,0.847813912429751,-0.340392984782214,-4.48698263701708,-0.513820197377321,0.0454643081781578,-0.766541941486642,-0.485281197029374,-0.696019841208689,-0.327695780864305,-0.733808618572149,1.39395707500122,-1.87636468815387,-0.322281112746882,-0.635463689181503,2.32497906480675,0.749314029217303,1.86590315331971,-1.89819737573526,-0.596396257762758,-0.0504429825283554,-0.920515105737317,1.15937455398364,-0.680504638390437,-1.26931364144101,-0.533385856162374,1.16974990427737,0.398540189076372,"Feminine",-0.404708713784664,1.23709114477995
0.218258276206823,-0.0222437625044037,-1.29267918596362,0.110327332340878,-0.133499542587793,-0.457821162688149,0.449869821283861,-0.0130644904617707,0.264008546801011,-0.104556702657306,0.0814360658104744,0.960487582012706,2.81256774421309,0.73816013914382,-0.327695780864305,0.0234170274437225,1.36239020292002,-0.909872244206539,0.997903595522917,0.00161747424770644,0.573685891945147,-1.21837940099501,-1.10451793313844,-2.33533931841789,-0.230358582906239,0.715936366060339,-1.60479741493993,1.09826202024589,-0.406201924778896,-0.887114777198661,-0.748653730716092,0.138639955580856,-0.0559012566124526,"Feminine",-0.404708713784664,-0.807414449455619
-1.08175929195904,-2.0861471548773,0.91307287165698,1.4186423421645,0.150768467331853,-0.674900510795505,-0.346018361007918,-1.0046487685268,-2.1504787656823,-0.110882305668931,-0.064516374394166,-0.766541941486642,-0.485281197029374,-0.696019841208689,-0.327695780864305,-0.733808618572149,-0.67051635910956,0.115943724004312,-0.208902133276665,-0.701127014801715,0.554363721711816,2.32822263715929,1.00933921261428,0.818246811846503,-0.596396257762758,-0.0504429825283554,0.803533465395415,1.16694417463978,-0.970126335798697,-0.498463633249522,-0.887921616362934,0.736345134960195,1.46424331959711,"Feminine",-0.404708713784664,1.23709114477995
-0.320481220251548,-1.74216325614849,-0.746396450864485,-0.625503358299251,0.647464222420168,-0.358947871819913,-1.1419065432997,-0.723104190749563,1.15926788738471,-1.12507812272741,0.137170730449677,-0.766541941486642,1.53418809845056,-0.696019841208689,-0.327695780864305,0.657274450232289,3.99774519836004,-1.09228352417323,-0.337883363136144,1.28069388979805,-0.188971533146807,1.18818316246597,0.084398223020743,-0.261374218757388,-0.596396257762758,-0.0504429825283554,0.357992823417313,-0.319763342995291,0.15556213619381,0.421977857454298,-0.802776353537468,0.364002230643304,1.18915489672752,"Feminine",-0.404708713784664,1.23709114477995
1.66132719315045,-0.0222437625044037,1.00900766944148,-1.38327519753086,-0.899053154925322,-0.338944376819836,-0.346018361007918,1.03660133043625,-0.301513956807247,1.97075501730064,-1.70563362466098,-0.766541941486642,-0.485281197029374,2.87034406430668,-0.327695780864305,-0.733808618572149,-0.249248649487461,1.94212675992356,0.11809740309899,-0.859799149455287,-1.230488800886,-0.510604143678553,-1.10907694553186,2.05217697859203,0.13567909195028,-0.0504429825283554,-1.28790587544661,-1.20626141928776,0.708516436171944,1.66622371149653,0.661275062747922,-0.97459514804285,-1.50671164739443,"Feminine",2.4680596971786,-0.807414449455619
0.305261246966876,-0.0222437625044037,-1.0319664700374,0.296627302447217,-0.776503291651095,0.146808668657926,-1.53985063444559,0.412480220150632,0.264008546801011,-0.11568126184702,0.0814360658104744,0.566174646558872,0.150940988095278,-0.696019841208689,-0.327695780864305,1.01920225751415,-0.67051635910956,-0.545313367054802,-0.726163083443159,0.515097237614927,0.151120791421254,-0.492943845948467,-0.374798144379237,-0.145633173415383,-0.596396257762758,-0.0504429825283554,-0.645990181729583,-1.82051044839007,-0.137835935321444,0.817467169627002,0.10659532391488,-1.10247775721836,-0.923471289291134,"Feminine",-0.404708713784664,1.23709114477995
0.998101874630578,-2.0861471548773,0.00270568845554762,1.12555712947548,1.13174964950924,-0.674900510795505,-0.743962452153807,-0.881668643219635,-1.66758130318564,-1.46991038481991,0.104380603975926,0.0483767514199771,1.07084665836209,-0.696019841208689,-0.327695780864305,0.33810820500876,0.768359064664621,-2.43560915472459,-1.57996958604529,0.650155107171897,1.88174810538795,0.19816424332626,-0.991067036602385,-1.79423707372999,-1.3284716074758,0.715936366060339,0.708593839371352,-0.25073763681937,-1.1539088358614,-1.61360848608909,-1.07474129678573,1.17323645296123,2.27303407631387,"Feminine",-0.404708713784664,-0.807414449455619
-0.224789685851829,0.66572403495323,-0.247164658287751,0.408568980473815,0.0878689010649366,-0.482489270427622,1.24575800357564,-0.518608625394195,0.264008546801011,-0.267742259711061,0.0814360658104744,-0.766541941486642,0.218173860887314,-0.696019841208689,-0.327695780864305,0.235321660281823,2.2565110440475,-0.801925832858751,-0.248306972773377,0.40189376647086,0.363074903680686,-0.0267266529153821,0.231265050922289,-0.622349712008665,-0.596396257762758,-0.0504429825283554,0.644433726807152,0.715507404588514,-0.930811035133183,-0.80140817153825,-0.380122115861444,0.104697221791382,1.21424939913291,"Feminine",-0.404708713784664,1.23709114477995
-1.38332604955072,0.66572403495323,-1.09612999194272,1.30032956334472,-0.582728485364845,-0.674900510795505,1.24575800357564,-0.569927334620862,1.1959159305665,-0.526894378042385,0.276672886361325,0.334313134895984,-0.485281197029374,-0.696019841208689,-0.327695780864305,-0.00979462369732609,-0.184580360729684,0.639622204762415,1.31309121728555,-0.131701284007871,-0.547598191192645,-1.02135571001075,-0.978305274246936,-0.938168907834879,-0.596396257762758,0.715936366060339,-0.117547467785473,0.38807004923054,-1.08684111731633,-0.179945026554369,-0.309736527293477,-0.744469785796946,-0.908996711060822,"Feminine",-0.404708713784664,1.23709114477995
-2.66871235557228,-0.710211559962037,-1.82085819757078,-0.924926927582511,-0.822297703239144,0.985801168758299,1.64370209472153,-1.40786646927398,-1.04448780318995,-1.2841157904443,0.104378866184195,1.9936665344874,-0.485281197029374,-0.696019841208689,-0.327695780864305,-0.733808618572149,1.27892776342321,1.37086124677289,2.63816582841808,-1.68830655362492,-0.488703490751099,-1.15595627769426,-0.318398659544191,-1.75138605319019,-1.3284716074758,1.09912604035469,-1.13303073425684,0.869287155935002,0.0964890038126069,-0.127826507459797,0.153774649802217,-0.765278649747123,1.96842881963778,"Feminine",-0.404708713784664,-0.807414449455619
1.29599181169292,3.41759522478376,-0.46342768543232,0.159268260309828,2.27395339367293,-0.613124696309233,1.24575800357564,0.841118865643091,1.09815203708968,-0.745460499994011,0.10645857502062,0.0545975048009432,-0.485281197029374,1.34968071964309,2.64883384826143,-0.733808618572149,-0.67051635910956,1.25817920176636,2.17225273193427,-1.47354827266987,-0.157762801072587,1.16583180634107,2.00931096939365,-0.727475637207874,1.96586746623287,-1.2000120054114,-0.844260908930736,-0.155807824882906,0.157176981188355,1.25081882781769,0.58847029327314,0.540821784369763,-0.427716984903315,"Feminine",-0.404708713784664,-0.807414449455619
0.140821010295592,1.00970793368205,0.657671987129652,-0.582036626073125,0.238595471142109,-0.674900510795505,0.449869821283861,-0.40166456131038,0.818290851579788,-0.656542838077361,0.917456882626883,-0.111772487359932,-0.485281197029374,-0.696019841208689,-0.327695780864305,-0.733808618572149,-0.67051635910956,0.923991190756988,-0.556800271931452,-0.611133699056961,-0.380945942445085,1.79884778543213,-0.499794671840875,1.49691506486303,-0.596396257762758,-0.0504429825283554,0.452559555160354,-1.07881088162714,-0.287114113378378,0.994403171307099,-0.366973483985758,-0.25561161171702,0.520682553925547,"Masculine",-0.404708713784664,1.23709114477995
0.467580160403061,-0.0222437625044037,0.248625495145991,1.16388040743777,-0.0794176634162028,-0.674900510795505,0.0519257301379719,1.45751173484027,0.264008546801011,-0.318286153951096,0.0814360658104744,-0.181926357444937,-0.485281197029374,0.0322050867032208,1.08507734020624,0.0351751896489371,-0.67051635910956,-0.271576218863988,-0.86229233455346,-0.331338812624791,0.598225118737644,0.00390653190564243,-0.395425650142613,0.00774149436110236,0.13567909195028,-1.96639135400009,0.350850321019791,-0.553522463065429,-1.00708667692772,-0.37044260715412,-0.196044861339185,-0.438290269046979,-0.00407239751736373,"Masculine",2.4680596971786,-0.807414449455619
0.641467225199581,-0.710211559962037,-0.0190415445091713,0.826517508695889,0.718925085330863,-0.274490063539779,-1.53985063444559,0.184981204762559,-0.641056879866157,-0.834620474951587,-0.234202557840758,-0.00286560046664654,0.972996833783721,0.255251667057578,1.51779283976335,-0.733808618572149,-0.67051635910956,-0.102918810009854,-0.233713639103729,0.160011013292906,0.068104858239399,0.183832479532596,-0.48398759891294,-0.154372846313771,0.13567909195028,-1.2000120054114,0.188383745186715,-0.46000222362884,-0.577351097640242,0.0596298057618834,-0.165906564994686,0.195877544655403,0.225161634536366,"Masculine",2.4680596971786,-0.807414449455619
-0.647521909821817,0.66572403495323,-0.226964898550546,1.26510059465661,0.364863347147198,-0.674900510795505,0.847813912429751,-0.659472754585916,-0.951787789294125,-1.30872948070366,-0.0395311680675809,-0.253609467204818,0.494188924484056,-0.696019841208689,0.911849028358359,-0.0591143781165898,0.687985914290314,-1.25407188424156,-0.90370230368381,1.13790752561789,0.446002860308719,0.274040584064912,-0.587385022475925,-0.665655617780119,-0.596396257762758,-0.81682233111705,1.32082939320505,0.481450053366815,-0.828675565871458,-1.1382303233074,-0.722804119816346,0.179082841001836,0.365489902117179,"Masculine",-0.404708713784664,1.23709114477995
-1.40986537783609,-0.710211559962037,-0.273503847435679,-0.78747093204547,0.433689142646707,-0.266448579488244,-2.73368290788325,-1.2078096459883,0.264008546801011,-0.817034047908017,0.0814360658104744,-0.0494134917288173,0.199415059342869,-0.696019841208689,-0.327695780864305,-0.262165216196551,-0.0374111726489201,-0.123133285454673,0.613738338384505,-0.333366311801844,0.363928308800425,1.81077430538912,2.62663735592037,0.0619548666660497,-0.596396257762758,-0.0504429825283554,0.668086265601093,0.927181847228103,-0.336603664977678,0.0202666690825764,-0.30687884982634,0.512002698738347,-0.776581125028069,"Masculine",-0.404708713784664,1.23709114477995
0.665651889690219,-0.0222437625044037,1.01620277927531,-1.30644480922051,0.551241016536651,-0.674900510795505,0.0519257301379719,-0.399964030877138,0.729282014316043,0.366746750377164,1.35677052875241,-0.766541941486642,-0.485281197029374,-0.0113820987630393,-0.327695780864305,-0.0108515784343686,-0.67051635910956,0.252029945933513,-0.216869120335827,0.821893839719834,-0.648537198011961,-0.253558305851929,0.737397235005664,1.19879098194149,1.23379211651984,-0.0504429825283554,-0.209664071506715,-0.0192319579907641,0.96465958911464,0.672982636091957,0.823037051125933,1.14237739510431,0.100369121944575,"Masculine",-0.404708713784664,-0.807414449455619
-0.314714151808705,1.00970793368205,0.103689177279829,0.477999856793245,0.299806472558953,-0.674900510795505,-0.743962452153807,-0.0684507922986884,0.686144076930544,0.30146588886865,0.945754772556844,0.729454493438622,0.466945384680371,1.78862574064704,-0.327695780864305,-0.0778807079835658,0.209961052524442,-0.308906149316841,0.243989878975355,0.820710388636414,-0.335177209102438,-0.202043142186028,1.08071634107319,-0.00488061736139746,0.867754441663317,-0.0504429825283554,1.0749392395702,1.39362172883175,-1.00911919706221,-0.716513908142878,0.275013255379179,0.160967845611386,-0.935090530800219,"Masculine",-0.404708713784664,-0.807414449455619
0.2372385815698,-0.0222437625044037,0.964843543390264,-0.44157532565767,-0.880439577047518,-0.674900510795505,0.0519257301379719,-0.369716826507841,0.673664491849594,0.830933477928631,2.0661274893307,-0.766541941486642,-0.485281197029374,-0.696019841208689,-0.327695780864305,-0.0972718930009667,0.397543483087856,1.99908085934961,-0.47062058902719,-0.696835932908242,-1.50270672007561,0.575321739356384,-1.02503825747402,2.59112975890128,-0.596396257762758,-0.0504429825283554,0.489752713403273,-1.77397993493886,-0.437561493380817,1.72039149738097,1.18003004660534,-0.743693043103874,-1.02046669667136,"Masculine",-0.404708713784664,1.23709114477995
1.16214307934366,0.66572403495323,1.01860114921992,0.685970806863953,1.2122733041668,-0.674900510795505,0.847813912429751,0.407482260496961,0.697630758022504,0.049883524449948,1.11995781694499,-0.766541941486642,-0.485281197029374,0.580107651513134,0.910162572835605,-0.733808618572149,-0.67051635910956,0.86992510304162,0.546145097015524,-1.00620639584111,-0.00541323551845711,0.0734778983214001,1.16348307077903,0.518412099555153,2.69794281594591,-0.81682233111705,0.0792797468689459,0.00792711474510382,-0.711584496206258,0.256541340952273,0.549123865685646,0.843051939445899,-0.165258823756828,"Masculine",-0.404708713784664,-0.807414449455619
-0.480549836381453,1.69767573113968,-0.540202265066959,-1.09597823392118,0.754747969774669,-0.674900510795505,0.0519257301379719,0.734643731502012,0.550878326501999,-0.614657630276973,0.730573876420152,0.588966379387734,-0.485281197029374,0.570344299858647,0.491229412627535,-0.733808618572149,-0.371344241295126,0.849952086378372,1.39906107428988,0.417202568963274,-1.08318176547675,0.63230316735308,1.31603215991393,0.170715565161418,1.96586746623287,-3.11596037688313,0.766246945603792,1.23761894967692,0.624067592360397,0.294382150986494,1.73777472477114,-0.212286551050209,0.817570613023206,"Masculine",-0.404708713784664,-0.807414449455619
-0.248637690608051,1.69767573113968,-0.112027027974552,0.390980562419505,0.12407358149821,-0.44184985929887,0.449869821283861,0.870655879511811,0.59531034019789,0.247009337156787,1.2048848732358,0.211868755298332,-0.485281197029374,0.278984012378152,-0.327695780864305,1.58273511970718,-0.325006771903909,0.996448557870924,0.981636687457283,-1.24134240635506,-0.248469261446308,0.016924043293208,0.950233150062618,0.262130840432163,2.69794281594591,-0.0504429825283554,-0.266330192800968,0.148759378730592,0.0077842987810002,0.412715133072384,0.24400681501718,-0.172820395282239,0.909749663624961,"Masculine",-0.404708713784664,-0.807414449455619
0.150847444940113,1.00970793368205,-1.22083597660203,-0.311316843558443,0.386434015136216,-0.674900510795505,0.847813912429751,2.79163394123909,0.264008546801011,-0.819219950208485,0.0814360658104744,-0.0105330336094176,0.236537145531728,0.245700748299885,0.585784028341956,-0.236594188356908,-0.00308619266009071,0.74088257068425,1.08119039315315,0.422866453534951,-1.02634317566827,-1.68089402828312,-0.723761929916259,-0.458920111181909,1.59982979137635,-1.96639135400009,-0.330785359590961,-1.22222874498903,-0.516646192006545,0.924942460892101,1.36347882412015,-1.20466688949615,0.00658017431244812,"Masculine",-0.404708713784664,-0.807414449455619
-0.270497573080016,0.66572403495323,0.889644018989083,1.31451972529039,-0.620932282763834,-0.016539414634782,2.04164618586742,-0.350591299810536,0.409705609771433,0.774694015242143,4.01341331045751,0.524289268077443,0.336354310617321,0.375927252677642,-0.327695780864305,-0.167836535721429,-0.67051635910956,0.0614173885136737,-0.796256676572535,-0.883629588451786,0.544594172647969,1.48160235457628,-0.424648976218127,0.654235959097768,0.501716766806798,-0.0504429825283554,0.144525874620351,0.366874200762261,-0.558015615317555,-0.354622476950672,0.307684490561973,0.270328352326618,0.201083203090169,"Masculine",-0.404708713784664,-0.807414449455619
0.592666497497097,0.66572403495323,-0.845498491179048,0.0687170284400403,1.94476648090892,-0.674900510795505,-0.743962452153807,0.705228505855963,0.647537217375978,-1.72192645292462,-0.162833830075439,-0.313482451567439,-0.485281197029374,0.150508775353171,1.86201755239546,-0.435838960031607,-0.67051635910956,1.55481210223217,2.60029638165134,-1.0995194575015,-0.695709706284482,0.108138001445494,1.27435310253895,-0.872522450696641,1.96586746623287,-1.96639135400009,-0.195331938128582,0.0940529234443026,-0.69398943423505,0.841854264551513,0.843783013478691,-0.399443760915602,-0.28987310514671,"Masculine",-0.404708713784664,-0.807414449455619
-1.20498449571518,-0.710211559962037,-0.682567828831594,1.14231618564506,0.270832426936415,-0.601200732117082,-0.743962452153807,-1.06853512904513,-0.461368011373209,-1.14156683106514,0.000392620807326446,0.840111413233947,-0.485281197029374,-0.696019841208689,-0.327695780864305,-0.733808618572149,0.0386875304178283,0.0564295324604635,0.655467309585276,-0.307761564015475,0.142515810236092,0.424006745895515,0.110583475919371,-0.922002417234508,-0.596396257762758,-0.0504429825283554,0.547975259165616,0.7585615251009,-0.317330742591083,-0.545000037596295,-0.34089327559381,0.127929026188404,0.0963661368780792,"Masculine",-0.404708713784664,1.23709114477995
-1.04540690005458,1.69767573113968,-1.41798388205952,0.207974490294935,-0.421211763832746,-0.447676125586285,1.24575800357564,2.70230710461816,0.701800202361172,0.664295819166282,0.485329002732839,-0.766541941486642,-0.485281197029374,-0.0518208665173832,-0.327695780864305,-0.0535537112996488,-0.442233238991541,0.696697593135443,2.01727299931068,-0.502409055687931,-0.233898389209695,-0.884848561042875,1.03964839820848,-1.06618175359704,2.69794281594591,-0.0504429825283554,-1.32043637321998,0.445667463546531,-0.708579706955382,0.495239342789865,1.82436724473591,-0.647297618146166,0.647771861227619,"Masculine",-0.404708713784664,-0.807414449455619
1.19716259291465,1.00970793368205,-0.538235168655672,0.994838716047326,0.351391300705694,-0.561192280834509,0.449869821283861,1.04686908295968,0.430220971962835,-0.121835163820271,2.33834974125901,-0.275678269879265,-0.01661687552295,0.221144800724694,0.265411057446928,0.234689893476833,-0.67051635910956,0.352319298328166,0.99651701359465,-1.26334079743126,0.562601465735673,-0.685911253742099,0.156809395131758,-1.01522004608609,0.867754441663317,-1.96639135400009,-1.53216287949661,-0.110782132387495,-0.150875258270158,0.145910166909512,0.0280095785902568,-0.234855611846371,0.144898451947717,"Masculine",-0.404708713784664,-0.807414449455619
0.624835937714712,0.66572403495323,-0.955832923982709,0.660313130216956,0.557304152143173,-0.674900510795505,0.847813912429751,1.13445818143636,0.793431013990043,-1.03657601629446,0.47209764461141,-0.141139223674587,-0.485281197029374,0.47252713613833,0.427973562964128,0.08882522278064,0.985863489188624,0.537815639920309,1.00711528379353,-1.06159214993829,0.0962617623221975,-0.575084407866669,-0.100117953089396,-0.957047716625667,0.501716766806798,-1.96639135400009,-0.994431700316231,-0.775933509852806,-0.96819385911294,0.586959564249126,-0.224882920050352,-0.451347943593495,1.80763026781538,"Masculine",-0.404708713784664,-0.807414449455619
0.790793362987097,1.00970793368205,2.65079303261061,1.67776848941505,1.77619797609825,-0.32767068104884,0.0519257301379719,0.00745950652509675,1.53377876691176,0.218700542096673,0.506910353268179,-0.0165570089709888,2.37898601090232,4.90928119753955,3.2971085616434,2.22570675490025,-0.67051635910956,-0.442604472065188,-1.13183692278587,0.843964495184041,-0.302989092158989,1.46324216608473,0.71687368468945,1.46162102554747,1.59982979137635,-1.96639135400009,1.55636813603252,1.37433971747784,-0.577302126207984,-0.563108988208444,-1.05385677883942,1.78114446388364,1.36130941788748,"Masculine",-0.404708713784664,-0.807414449455619
-0.923130060195505,-0.0222437625044037,1.51054914903541,2.44388977312818,2.43175227079827,-0.674900510795505,0.0519257301379719,-1.21179133811547,1.03946432599273,-1.64586984808821,-0.0790233739866481,-0.30852194620336,1.26394281560045,-0.125488389170648,-0.327695780864305,2.27851238200194,0.946905650096453,-1.53959338529195,-0.627855763112234,-1.02468433411785,1.96959446849254,3.18032183796805,1.99117983792103,-0.871803693866652,1.23379211651984,-0.0504429825283554,2.80696747149459,2.30686274220954,-1.26876319695503,-2.45941014270028,-1.33513326372557,2.37442489579844,-0.163807977094884,"Masculine",-0.404708713784664,-0.807414449455619
-0.386254877454887,0.321740136224413,1.15219322171244,0.545264614094347,-0.0641943036449498,-0.658833043518408,-1.53985063444559,0.505376872753121,0.264008546801011,0.998494864537832,0.0814360658104744,-0.00543863396064868,0.483628599723801,0.884090851430361,0.285394441487068,1.26845110849408,0.00141131520008145,-0.44000331057012,-1.06461459824917,1.56800711455017,-0.706901892664214,0.49615676597938,0.379136900825614,1.41142351755783,2.33190514108939,-0.81682233111705,1.68903953705389,1.37483329826654,-0.85567602146279,-0.632980788489236,2.10544204632798,0.199720532471852,-0.499177064815076,"Masculine",-0.404708713784664,-0.807414449455619
-2.17864150837424,-0.710211559962037,-0.236299801799532,1.53170893711828,-0.08146512001712,-0.674900510795505,-1.53985063444559,-1.3071261465716,-1.0144936175168,-0.483483128158834,-0.0937859382333253,0.312232947117535,-0.485281197029374,-0.696019841208689,-0.327695780864305,-0.733808618572149,-0.67051635910956,-0.0586198693396563,1.28957391361968,-0.147905326907917,0.267892112031343,-0.100749535052155,2.21180621472656,-0.827449292267567,-0.596396257762758,0.332746691765992,1.54935813019771,2.7597962415942,-1.16437769454909,-1.73064825365152,-0.775970948341556,0.335394247539415,-0.312267352374652,"Masculine",-0.404708713784664,1.23709114477995
1.05130445389438,-0.0222437625044037,0.720595238637252,-1.08903660432737,0.533657449751463,-0.414587330255867,0.0519257301379719,-0.0098515068232686,0.264008546801011,0.607471071426085,0.0814360658104744,-0.427359566601185,-0.485281197029374,0.148983498566572,-0.327695780864305,0.158489710246552,-0.67051635910956,1.65670001619492,0.933436101616196,-0.567789054488251,-1.18343356329552,0.938419210517272,1.67220929323105,1.76486832054602,1.96586746623287,-0.0504429825283554,0.165299691168761,0.640875997471481,1.43992373582854,1.0305005363741,1.82378452144336,0.395948465284308,-1.05113334192318,"Masculine",-0.404708713784664,-0.807414449455619
0.248316425644514,0.66572403495323,1.16525676154305,-1.52496467572248,0.128718078150143,2.06594161555599,-0.743962452153807,-0.369389395243939,0.264008546801011,0.214844281703733,0.0814360658104744,-0.381973569553182,-0.485281197029374,-0.456501529883218,0.601646292648905,-0.733808618572149,-0.67051635910956,1.93859370248374,0.194957127430888,-0.757393223449644,-1.28727025240421,0.501707779854943,0.556404191937034,2.193892963745,0.13567909195028,-1.58320167970574,1.26898653829995,-0.513426559108286,2.24622455186142,0.933443739333625,4.65069726564168,0.166280046246409,-0.265390354263061,"Masculine",2.4680596971786,-0.807414449455619
0.128798105020651,-0.710211559962037,-0.835582586713866,-1.2429890733441,-1.50795100482468,0.427696505957426,0.0519257301379719,0.841880611820678,0.0559265063780755,1.44934962982412,-3.11748985855962,0.462486685682643,0.297015940283855,0.32460443207808,-0.327695780864305,-0.733808618572149,-0.67051635910956,1.2061737725795,0.322072398614409,0.0841440845644949,-1.21661836807378,-1.14186346885872,-1.35147920218816,0.87726993498756,0.13567909195028,0.715936366060339,-1.33000821381143,-1.88712182726413,2.19376808241224,1.81372597744367,1.30467376009079,-1.68605860132376,-0.514510765196736,"Masculine",2.4680596971786,-0.807414449455619
0.664037789967283,1.69767573113968,2.53734939502985,0.575121245211472,2.33900619078322,-0.603538794061363,2.04164618586742,-0.91886414668279,0.264008546801011,-0.472507372251596,0.0814360658104744,-0.766541941486642,-0.485281197029374,0.663333357560209,2.30948071180072,-0.733808618572149,-0.67051635910956,-0.873371894847686,-0.527999673435103,-1.6542820256465,2.19293317481323,1.04747702814197,2.42253793571043,-0.7800465719454,0.867754441663317,-0.81682233111705,0.26609262590264,1.05945556132244,-0.689087615480378,-1.40833902807738,0.297678824922326,3.63610128328939,-0.774263683116158,"Masculine",-0.404708713784664,-0.807414449455619
0.375633630916736,1.00970793368205,-1.10880067296223,-1.70808365528424,-0.0999166133777739,0.289692185738026,1.24575800357564,0.795753949394174,0.264008546801011,-0.14402656365497,0.0814360658104744,-0.766541941486642,0.40082940591745,-0.310664990284063,0.419901499307785,0.283499459682534,-0.397401960677485,0.847539569164338,1.30694396330341,1.17841504252509,-1.57638815714959,-0.760120840441574,0.800487256662853,0.57654757293051,1.23379211651984,-1.96639135400009,-1.20257645760619,-0.476932367739961,4.33472273407389,1.8254025735648,2.04795472868519,-0.894165120441346,0.19238493378639,"Masculine",-0.404708713784664,-0.807414449455619
-0.721727108130506,0.66572403495323,-0.617087153005673,-0.00475385167906549,-0.664284949928752,-0.538749867026418,0.0519257301379719,-0.679820814933328,0.412074667705911,-0.705575330424893,2.72665685379039,0.108004948461925,2.01970510677152,-0.696019841208689,-0.327695780864305,-0.733808618572149,-0.284476611267706,0.880642331495069,0.169436422556653,-0.598375289601414,-0.51660884931272,-0.22759400790985,-0.920099187406226,0.352773246454419,-1.69450928233231,-0.0504429825283554,0.155937154548317,-1.50281091831349,0.0364082185895334,0.818990315939657,0.412723002233723,-0.990381883317307,0.0480068425395367,"Masculine",-0.404708713784664,-0.807414449455619
0.779761443086426,-0.710211559962037,-0.990013354223871,0.059314388507209,-0.450878569241126,-0.425564392085852,-0.743962452153807,0.0808351318397081,1.09906267408782,-0.328452507035284,0.527186429211381,0.3295059074882,0.56119779742602,-0.696019841208689,-0.327695780864305,-0.733808618572149,0.297111655131593,-0.0261568759895058,0.0631043131712301,-0.023229767379567,0.00741179837697709,-0.611298782469484,-1.14565711858499,-0.590765849999088,-0.596396257762758,-0.0504429825283554,-1.15924311163494,-1.26515180360316,-0.496268908019708,0.736725761424583,-0.960489892241183,-0.965393004125016,-0.58438392957998,"Masculine",-0.404708713784664,1.23709114477995
0.142129755197867,1.00970793368205,-0.166097668620776,-0.626641310147881,0.939114437143619,0.387560762902545,2.04164618586742,-0.547712730913861,0.700600773167857,-1.07087876117623,0.514287797319904,-0.766541941486642,0.0071373435123085,-0.696019841208689,-0.327695780864305,-0.0554174233743688,-0.67051635910956,0.632766050388247,0.81142542101845,-0.958752599055495,0.135855790551689,1.14754543189066,0.110692619462653,-0.222015520116284,-0.596396257762758,-0.0504429825283554,-0.408485742084464,-0.287397709617509,-0.391868392812102,0.539855171239873,-0.345217615922212,0.549112537872914,0.248311611989151,"Masculine",-0.404708713784664,1.23709114477995
1.04110633369492,-0.0222437625044037,0.244300219431641,-0.847098569738889,0.224651302418786,0.433754731324202,-0.743962452153807,-0.17581528483236,0.459238148790474,-0.381173334815891,2.37573979732188,-0.766541941486642,-0.485281197029374,-0.696019841208689,-0.327695780864305,-0.733808618572149,-0.67051635910956,-0.629305195220815,-1.12562311849719,1.13852046825269,0.0802455997384334,-0.0392426310321514,-0.417002706695854,0.401966318334067,-0.596396257762758,-0.0504429825283554,0.191199532361174,-1.00732213220706,0.652098084448686,0.309175474083433,-0.900627063279726,-0.056587805720654,-0.411515863844888,"Masculine",-0.404708713784664,1.23709114477995
0.787442597407955,-1.05419545869085,0.174374928716396,-0.53411251612392,-1.09991855232915,0.137253910757305,0.0519257301379719,0.0542045664082456,-1.09704052899029,1.20703239709413,-0.346937175860399,-0.766541941486642,-0.485281197029374,-0.696019841208689,-0.327695780864305,0.147375674122476,-0.67051635910956,-0.168778380973529,-0.623446496743728,-0.00610918484793778,0.320252796249227,-2.01638652842375,-0.366331083002528,0.0527334083764148,-1.3284716074758,0.715936366060339,-0.572133832213124,-0.956347888486516,-0.173665497317304,-0.0505596768029083,-1.06671233318324,-0.422743738523995,-0.978995771382565,"Masculine",-0.404708713784664,-0.807414449455619
-1.54561433569498,1.69767573113968,-0.270039571128261,-0.0551875607422987,-0.465243298798266,0.110484606961658,0.449869821283861,-0.75860414737455,-0.711641428447347,-0.288679793189983,-0.19859389486606,-0.766541941486642,-0.485281197029374,-0.696019841208689,-0.327695780864305,-0.733808618572149,-0.67051635910956,0.389324389582405,0.108901316909888,0.0909059936660203,-0.251548225520111,0.179609727700537,0.753876076891807,0.537547120750965,-0.596396257762758,-0.0504429825283554,1.1211291191188,-0.0819659925980615,0.332382591519216,0.00451502429126471,0.261902576630634,-0.172420470770355,-0.873268321758182,"Masculine",-0.404708713784664,1.23709114477995
1.90790455636623,0.321740136224413,1.43351914963785,1.24979981994882,0.141008913996264,-0.447256634413592,0.0519257301379719,0.551646061357672,0.264008546801011,0.47596385970733,0.0814360658104744,-0.766541941486642,-0.485281197029374,-0.696019841208689,0.574909268708545,-0.242513407764234,-0.67051635910956,-0.851083166107556,-1.38730324464317,-0.939588565738215,1.66051737477526,0.206823017284927,-0.293955767935968,-0.369916763232075,-0.596396257762758,-0.81682233111705,0.254993403923031,-0.192703878455557,-1.0724161222962,-1.16045037173294,-0.210804159874783,0.113988884538386,-0.313312145429209,"Masculine",-0.404708713784664,1.23709114477995
0.134593822891498,-1.39817935741967,-0.528288968227099,1.64296795514557,0.562232227049472,0.187386899742046,-0.743962452153807,-0.437554098228128,0.264008546801011,-1.07174511157893,0.0814360658104744,-0.766541941486642,-0.485281197029374,-0.696019841208689,-0.327695780864305,-0.733808618572149,-0.67051635910956,1.66234969133609,1.17417162119144,-0.0906963132134077,-1.41944396958755,0.135619312984016,0.758037809726515,1.0920911816198,-1.3284716074758,-0.0504429825283554,-0.192257239924991,-1.49866466826564,-0.63059800064033,2.05528741896612,0.121542222417971,0.0648715362598088,-0.74849918186013,"Masculine",-0.404708713784664,-0.807414449455619
0.440249299419793,-1.74216325614849,-0.60125791137123,0.564420132860001,1.40014952976677,-0.674900510795505,-3.52957109017503,-0.469374455078888,4.40312965391526,-1.2821663888389,0.109361983972373,-0.766541941486642,-0.485281197029374,-0.696019841208689,-0.327695780864305,-0.733808618572149,-0.67051635910956,-1.45693133822583,0.785793861869197,-0.30369109657417,1.88174810538795,-0.00964633168184252,1.67614129568651,-2.59126605577028,-1.3284716074758,-0.0504429825283554,-0.937026345045858,1.04258612100302,-0.808296072013769,-1.11241978818367,-1.27170445126588,1.57152083137054,0.375746887725205,"Masculine",-0.404708713784664,-0.807414449455619
0.202753482393102,-0.710211559962037,1.42539563853514,-0.526977639288905,1.1962663991248,0.500945958119341,-0.743962452153807,-0.557963383271716,0.264008546801011,-0.563092312040305,0.0814360658104744,-0.766541941486642,-0.485281197029374,1.93868158337148,-0.327695780864305,-0.733808618572149,-0.67051635910956,1.85612085277879,-0.0587764395058026,-0.507321185014347,-1.33738274149582,2.2669301922833,-0.702278391839749,2.38195598197924,0.13567909195028,-0.0504429825283554,0.850825488845614,-1.02986180207626,-0.018307570855971,1.56021117839961,-0.45380660639074,1.52156323513898,1.13299101039165,"Masculine",2.4680596971786,-0.807414449455619
-0.366425845695755,-0.0222437625044037,1.33482946745751,0.783411428256885,0.448273912127918,0.0724152450037058,-1.1419065432997,-1.07225051440322,1.75331847786548,0.261803332284889,0.470710376188197,-0.766541941486642,-0.485281197029374,-0.696019841208689,-0.327695780864305,-0.733808618572149,-0.67051635910956,-0.227050837852721,-0.390052881571731,0.760099996700255,-0.0743450686125406,0.462297310626272,1.96506998079002,1.05867974983477,-0.596396257762758,-0.0504429825283554,0.321145521329194,0.921249851847148,-0.932806540377464,0.00893137329817243,-0.760518298218915,1.66047979166061,-0.640183115355241,"Masculine",-0.404708713784664,1.23709114477995
0.613845744868382,-1.39817935741967,-0.323544887253053,-0.814348933226991,-0.907893566505941,-0.00732316070191662,-1.53985063444559,0.0670307878014516,-1.52794830198178,0.579837080646915,-0.295891318820555,0.745475874267807,-0.485281197029374,-0.696019841208689,-0.327695780864305,0.260620241858332,-0.67051635910956,0.903012931851208,-0.315465136338549,0.521187949771157,-1.25620990106633,-1.39171184257908,-1.28612513250729,1.14314015191513,-1.3284716074758,-0.0504429825283554,-0.976679843465542,-1.72984933019551,0.409333912498957,1.48289228843982,0.657452944828039,-1.17660524728352,1.3007236979623,"Masculine",-0.404708713784664,-0.807414449455619
-1.38335261361865,-0.710211559962037,1.03059299894298,-0.24799674809354,0.874982206488228,-0.674900510795505,-1.53985063444559,-1.24665147136049,-6.02045983836681,-1.55786666327801,0.0894848893408462,-0.766541941486642,-0.485281197029374,-0.696019841208689,-0.327695780864305,-0.733808618572149,-0.67051635910956,-0.804151265450504,-0.609128119903694,-1.72774317540634,2.17190311432674,0.929891620115339,2.77239465633277,-0.521984238548316,-1.69450928233231,-0.0504429825283554,3.09055328290484,1.04678977352031,-0.572534321506808,-2.4613938750812,-1.04269305470084,1.03782121015103,2.12187658051972,"Masculine",-0.404708713784664,-0.807414449455619
0.876814282065465,-1.74216325614849,-0.518154392790414,0.244322471662993,3.8996644688796,0.618530605010822,-1.53985063444559,-0.656286423155946,-8.31670790217816,-3.07270607990181,0.158754764394779,-0.766541941486642,-0.485281197029374,-0.696019841208689,-0.327695780864305,-0.733808618572149,-0.67051635910956,-1.21091754644112,0.891260589005239,-0.401521476445562,1.69795642149432,-1.2804879250006,0.193322677386041,-3.34231259653902,-1.69450928233231,-0.0504429825283554,1.4510704018673,-0.185688808763233,-0.64474582102457,-1.92203230018472,-1.23080955902211,2.690680492444,1.05954592826012,"Masculine",-0.404708713784664,-0.807414449455619
-1.19104218294352,-0.0222437625044037,0.387460873795399,-0.818884286060891,0.183824662005615,2.49609190214904,0.0519257301379719,-1.14213654362978,-6.38737911054435,-0.212112399163425,0.0374202145140767,-0.766541941486642,2.64050606032217,-0.696019841208689,-0.327695780864305,-0.733808618572149,-0.67051635910956,-0.732952903784822,-0.16799219223071,0.155260989865967,0.699798880271128,0.630048829647439,0.474316197342895,-0.246383688318426,-0.596396257762758,1.09912604035469,0.859396491722634,1.9587264952732,-0.218861527712193,-1.54257043586423,-1.07474129678573,1.12952535661688,0.66816095111184,"Masculine",-0.404708713784664,1.23709114477995
-1.7108318628555,-2.0861471548773,2.1638227977723,0.118663851763229,-0.603461642471303,-0.502443028687995,0.0519257301379719,-1.55135846775897,-5.24459954390165,0.221121345460297,-9.41419137101412e-06,-0.766541941486642,-0.485281197029374,-0.696019841208689,-0.327695780864305,-0.733808618572149,-0.67051635910956,0.0887582291015638,-1.87469432534777,-0.378271663945268,0.366235663383411,2.20699980173788,0.113534393941498,2.0925091967134,-1.3284716074758,1.48231571464903,1.76347857297213,-0.000179188010477474,-0.682029488860693,-0.371774267945663,-0.921895834534666,0.657027597018459,-1.05867700866962,"Masculine",-0.404708713784664,-0.807414449455619
0.244513616282675,-0.0222437625044037,1.41400241421357,0.350713044029765,0.697322377174969,0.669683248008815,0.449869821283861,0.234564966789502,0.264008546801011,0.568586150186457,0.0814360658104744,0.0277458984349988,-0.485281197029374,3.26159073748558,-0.327695780864305,0.310971070234559,-0.67051635910956,0.0509050083509071,-0.578127297400273,0.639422660434942,-0.413226683874193,0.721636451258052,-0.0702816514623745,1.01834480522793,1.23379211651984,-0.0504429825283554,1.55784281477656,1.42919799408139,-0.821572417571795,-0.903696900068627,-0.304310046665221,0.704042769717033,-0.458319102458122,"Masculine",-0.404708713784664,-0.807414449455619
0.201255634481077,-0.710211559962037,-0.397520252915036,-0.978660986938544,1.97171415218036,2.88203505767189,-1.53985063444559,1.26252717943996,0.264008546801011,-2.41553729185634,0.0814360658104744,-0.766541941486642,-0.485281197029374,-0.696019841208689,5.58026454361254,-0.733808618572149,-0.67051635910956,1.26938543630641,1.43100207493679,0.650155107171897,-1.51635591682293,-1.25650978173044,0.221300387165296,0.0654972176973566,-1.3284716074758,-1.96639135400009,-0.937026345045858,-1.0466291800947,0.76088174538635,1.74435578987722,-0.2084372529282,0.902584990734627,1.75360195440306,"Masculine",-0.404708713784664,-0.807414449455619
-0.169875388772674,-1.74216325614849,-0.268843837047964,-0.0569139459049297,-0.873499727740192,-0.674900510795505,-1.1419065432997,0.321396132962689,-1.40246112769727,0.602617190070914,-0.264062031448626,0.463825496823351,6.56306261856726,-0.696019841208689,-0.327695780864305,4.12134405294138,-0.67051635910956,-0.157510371782105,-0.323289537063973,1.34631736916519,-1.28454081400055,-1.55803885135003,-1.22878613930193,0.933720509680238,-0.596396257762758,-0.0504429825283554,-0.338844649051064,-0.434104806103397,-0.692539298288988,0.66237783616376,-0.650102089160773,-0.980374412298134,2.18325568487249,"Masculine",-0.404708713784664,1.23709114477995
1.04909765594293,-0.366227661233221,1.45008683675524,0.624131202266157,0.92485260279863,0.886978572442323,0.0519257301379719,0.166768885337499,-1.52078047458665,0.121575093559798,-0.184857510947631,-0.766541941486642,-0.485281197029374,1.17988757309239,1.49195599907456,0.25664252641661,-0.00575591332588822,-0.612192571470761,-1.32145616200955,-0.00227569619042052,0.694110749625245,1.67361932588376,-0.840733476055192,0.361991999016334,1.23379211651984,-0.81682233111705,0.411875861504128,0.563857357722913,-0.181589206092699,-0.678791326755897,-0.198877407988101,1.07308247261581,2.80820656555532,"Masculine",-0.404708713784664,-0.807414449455619
1.10535304416677,-2.0861471548773,-0.251796961441643,0.360307450753503,-0.167084966224744,-0.329985546580485,-0.743962452153807,-0.100455099749513,-3.36361141536903,-0.095877374359425,-0.0343779151380061,-0.766541941486642,-0.485281197029374,-0.696019841208689,-0.327695780864305,-0.733808618572149,-0.67051635910956,0.336742987482701,-0.176772862503999,1.22142884979486,-0.953458604200604,-1.95596976590404,-1.96096097561653,0.281494231800396,-1.3284716074758,0.715936366060339,-0.455381413021314,-0.968981224653209,-0.764142328737865,0.496273690946904,-0.808809075230165,-0.868319922690399,-1.61963690821869,"Masculine",-0.404708713784664,-0.807414449455619
0.926698111652845,-1.05419545869085,1.52865449077414,-1.25563662464823,-1.61231854055445,0.265776664336369,-0.743962452153807,1.70664656977496,-3.86744752122598,2.7447268488815,-0.150131450376179,-0.766541941486642,-0.485281197029374,3.6463584326364,-0.327695780864305,-0.733808618572149,0.868280969093384,0.387798673031747,-1.5680212858033,0.906280476696292,-0.946072255687999,-0.904386307411157,-1.96096097561653,2.0925091967134,0.13567909195028,1.09912604035469,-0.131797665063944,-0.496690231789877,0.548210498861721,0.378616588084952,-0.851071273901515,-0.821790842587852,2.01139419268472,"Masculine",2.4680596971786,-0.807414449455619
0.253047883760684,-1.39817935741967,-0.640365449526916,0.252738184821222,1.41865491996965,0.103939730980348,-0.743962452153807,-0.466547209319614,-3.51732412563048,-0.448028552282424,0.0505180849883721,4.01937885668528,-0.485281197029374,3.27836027383598,-0.327695780864305,1.36460482420065,2.14626519082125,-1.15301988552374,-0.0398539362088227,2.02434031595859,-0.812617213070572,-0.279095636565223,0.412402370911724,-0.66848992395557,-0.230358582906239,0.715936366060339,-0.521866624466014,1.25251937765085,-0.790573070222304,0.100626755221314,-0.364581386949807,1.25350917992282,-0.765731283349547,"Masculine",-0.404708713784664,-0.807414449455619
0.0244890425549607,0.66572403495323,2.65758721011937,-1.03085128971319,1.16582786846661,5.01619639875233,-1.53985063444559,0.361135371951155,0.264008546801011,0.127627521835868,0.0814360658104744,-0.766541941486642,-0.485281197029374,2.04653485806189,4.99292345872301,-0.733808618572149,-0.67051635910956,0.403537643764919,-0.0669374606645817,-0.775965825134619,0.313105788117357,1.64554666925986,1.64210992940531,1.09557560969094,1.96586746623287,-2.73277070258878,1.25047147094732,2.94155541723889,0.795335849145623,-1.43247713210923,-0.300732147349883,1.0075236871577,1.36130941788748,"Masculine",-0.404708713784664,-0.807414449455619
-1.31975017309501,-1.39817935741967,0.174374928716396,0.987490055771659,-0.307619158914615,-0.449955968916144,0.0519257301379719,-0.884379871222647,0.264008546801011,-0.0975457344025786,0.0814360658104744,2.92456037344334,-0.485281197029374,-0.696019841208689,-0.327695780864305,-0.733808618572149,-0.67051635910956,-0.949088017479624,-1.45978374243466,1.90636432321656,-0.429462350895184,0.638233696284586,-0.313567593908679,0.599454542266824,-0.596396257762758,0.715936366060339,2.14571915879454,0.767535367076984,-0.952162398990108,-1.04018965230906,-0.239108422111018,-0.0869162230882621,0.820216264072904,"Masculine",-0.404708713784664,1.23709114477995
-1.6597506346246,-0.710211559962037,1.30650981952751,-0.998197463913012,0.699012220037607,1.73950423870964,-1.93779472559148,-1.34741433965836,0.264008546801011,-0.505968538478472,0.0814360658104744,-0.766541941486642,-0.485281197029374,-0.696019841208689,-0.327695780864305,-0.733808618572149,3.35021214361426,-1.93217638391042,-1.20446534376268,0.950155122866225,1.12984908031206,4.22868386344303,1.20097148282272,0.363311810448955,-0.596396257762758,-0.0504429825283554,3.04737537938368,3.6492913872344,0.262046243132527,-2.73360355213418,-0.842308082706435,0.905596669933305,0.603987918822673,"Masculine",-0.404708713784664,1.23709114477995
0.0264349634680055,-0.710211559962037,-0.342713631342016,-0.616143444707278,0.918723533003017,-0.674900510795505,-0.743962452153807,-0.640045718105037,-0.65979529449695,-1.37162326381793,-0.0151140078345398,2.35140784006912,-0.485281197029374,-0.696019841208689,-0.327695780864305,0.804158997870024,1.73803598068635,-0.271576218863988,-0.476570033263054,0.682410775897597,-0.586802099152925,-0.244562633864911,-0.685339599304449,-0.119321096978662,-0.596396257762758,-0.0504429825283554,0.714097585807533,-0.743844353848658,-0.0340100850671774,0.336669273151565,-0.155678654743426,0.34112208869339,0.435675342963097,"Masculine",-0.404708713784664,1.23709114477995
-1.12499516055959,-1.39817935741967,-1.06030591877003,-1.04630753665872,-1.12103752065852,-0.674900510795505,-2.73368290788325,-1.27499439556745,1.24466185525577,-0.57077705290107,0.352777554157506,-0.766541941486642,1.72681440048095,-0.696019841208689,-0.327695780864305,2.31373336600865,-0.67051635910956,-0.428351707786924,0.107828924138186,-1.15481540145528,1.10671899570677,-0.172697705918967,-0.582219437694885,-1.15497895685255,-2.06054695718883,1.09912604035469,-0.685801488489874,-0.998875687498185,0.954095239874295,-0.140884773782398,-1.11279858426157,-0.438342725017155,0.135131886995629,"Masculine",-0.404708713784664,-0.807414449455619
2.60967700818531,0.321740136224413,0.373574374003734,-1.29467830236187,0.255184716144967,-0.674900510795505,0.0519257301379719,1.38964441455951,-0.459163666078917,0.686234996211999,-0.666374083825341,-0.461442722586433,-0.485281197029374,0.824164449148751,1.14690047516395,-0.733808618572149,-0.401164476701264,-0.679925959023647,-0.992450167825187,-0.514454520308441,1.18264465430303,-0.0925011152345038,-0.145357248612745,-0.415045377633255,0.501716766806798,-0.81682233111705,-0.706216881454128,-1.08677849011811,1.04650127220236,-0.0326302644791683,0.322945457331161,-0.356096517350454,0.132005616824861,"Masculine",-0.404708713784664,-0.807414449455619
1.05298144765549,-0.0222437625044037,-0.395943336053912,-0.883230842206507,-0.146478436713153,0.148192017444884,-1.1419065432997,0.29571001877052,0.716724917891632,0.332442125958882,1.05052484287551,-0.499146745376657,-0.485281197029374,-0.696019841208689,-0.327695780864305,-0.0303632030971781,-0.198385360683657,-0.847442251611653,-0.19714052522595,0.585571770459923,0.554363721711816,-0.262915469972963,-0.528851956290958,-0.789648460950035,-0.596396257762758,-0.0504429825283554,-0.830219265768791,0.296437799182396,0.51768190187369,-0.405273859732739,-0.316093739859434,-0.309025353139953,0.091203408474586,"Masculine",-0.404708713784664,1.23709114477995
1.69765074540996,0.66572403495323,0.967148826043519,-1.2746881737225,0.176379214984533,0.265776664336369,-0.743962452153807,1.64317991179758,0.778060684297458,1.30101817916793,1.24036166952927,-0.766541941486642,-0.485281197029374,0.816808718711538,-0.327695780864305,0.863693228183916,0.937775041979968,-0.0829488645099514,-0.523354415613093,-0.826768047015576,0.57594442265933,-0.726592815459783,0.297562208982938,0.231330667186365,2.69794281594591,0.332746691765992,-0.631382000619992,-1.02111572134858,2.79274328862342,0.235454461634878,0.893996884459834,0.524793121098455,0.610560897871155,"Masculine",-0.404708713784664,-0.807414449455619
-0.0721799673882124,0.66572403495323,0.25016115635299,-1.02164123628237,-0.463118662239479,0.162025505314471,-0.346018361007918,-0.249227365900376,-0.400965008112424,0.21299576806747,-0.673269487323596,-0.766541941486642,0.586151096846715,0.00290244429841913,-0.327695780864305,1.48031465636547,0.815535308067053,-0.0886159835425622,-0.409427909878959,-0.162959689464097,0.0608378557810982,0.235638281442474,0.125900983327834,0.731865710878571,0.13567909195028,-0.0504429825283554,0.0154826898185694,-0.439924970876633,0.895984128720666,0.181632997391805,-0.5736014941626,-0.189209093041996,1.58085457823493,"Masculine",2.4680596971786,-0.807414449455619
1.49657433765034,-0.0222437625044037,0.111655292051619,-0.877110146585788,0.568897741952525,0.839360307709462,-0.743962452153807,0.0287002424679043,0.891395013824234,-0.278881300747583,0.58224086484719,-0.0254150987251103,0.929937443110108,-0.696019841208689,-0.327695780864305,-0.733808618572149,3.90952608231337,-1.84911803353255,-0.865329518028187,-0.898280265575981,2.09663804970591,-0.00841910387667716,1.23653877706838,-1.45272793641221,-0.596396257762758,-0.0504429825283554,-0.302351207294409,0.193622085545715,0.192926767483104,-1.26987985941537,-1.05832313997994,0.606345737009764,1.23349480699269,"Masculine",-0.404708713784664,1.23709114477995
1.08422962560653,-0.0222437625044037,-0.465778225617625,-0.883230842206507,-0.218024769277405,0.412757472950721,-1.1419065432997,0.391180431084856,0.716724917891632,0.423048417137558,1.06446799634074,-0.499146745376657,-0.485281197029374,-0.696019841208689,-0.327695780864305,-0.0303632030971781,-0.198385360683657,-0.847442251611653,-0.126570876921685,0.516020484770108,0.600822175140495,-0.399291159822028,-0.36972873192145,-0.847765157557158,-0.596396257762758,-0.0504429825283554,-0.996363611310908,0.296437799182396,0.547641992099144,-0.372383351432697,-0.274349110856066,-0.351272758007816,0.091203408474586,"Masculine",-0.404708713784664,1.23709114477995
-0.90838677035453,-0.0222437625044037,0.476992783492474,-1.06477276942653,-0.702783613119385,0.519035903794947,0.847813912429751,-0.398908015210747,-0.308773552488996,0.496398571305402,-0.661361441960988,0.683364744480718,0.437608493844639,-0.0939956389297803,-0.327695780864305,-0.0980890133162064,-0.030503092950698,-0.333506839349253,-0.793268343796214,-0.863264543444461,0.844922881024344,0.940306758952103,-0.0196167851058675,0.211465726175407,0.13567909195028,-0.0504429825283554,0.708268842791053,0.0832251978508588,1.4440501197789,-0.697636279146923,0.0815447102547968,0.256229726589103,0.24481792414991,"Masculine",2.4680596971786,-0.807414449455619
-0.625058302794232,0.321740136224413,-0.257885131301038,-0.389131087991164,-0.861766359250798,-0.309696431038425,0.449869821283861,-0.102822228477012,-0.158126983328521,0.697658739243581,-1.13527014189737,2.79535433214495,1.55520433520579,0.191353580882645,-0.327695780864305,-0.733808618572149,0.272852296212586,0.094416515647072,-0.493940309082749,0.658577590207181,-0.827170912318235,-0.265624920764666,-0.901143095236833,0.672506045079026,-0.230358582906239,-0.0504429825283554,0.245003435916063,-0.0326580831570145,1.56515404039943,0.131258391320705,0.61879443582462,-0.58510592207544,0.790009607427912,"Masculine",-0.404708713784664,-0.807414449455619
2.82010310382787,-0.366227661233221,-0.358339933981145,-0.77151987393054,0.0437694407489356,-0.674900510795505,0.0519257301379719,1.45721501299496,-0.463882571220061,0.771924758203113,-0.523184031396256,-0.766541941486642,-0.485281197029374,-0.696019841208689,-0.327695780864305,-0.733808618572149,0.142812081898194,-0.404926810469938,-0.166230328538041,-1.38461305883997,1.45837095253907,-0.77749454113265,-0.59037268088406,-1.32009367712746,-0.596396257762758,-0.0504429825283554,-1.63397302874621,-1.15033527637385,-0.15482519487499,-0.0856779173359868,-0.354667473678604,-0.615460845976763,0.0245076732455612,"Masculine",-0.404708713784664,1.23709114477995
-0.473761224621843,-1.05419545869085,0.444096874987457,-0.624762510597818,-2.00180238894696,-0.460074581526634,0.0519257301379719,-0.726626429103287,-0.475953734039648,1.35098049371287,-0.851889252278326,-0.766541941486642,-0.485281197029374,-0.696019841208689,-0.327695780864305,-0.323173815508816,0.707511098982627,0.178024033259838,-0.9363663685326,-2.25040208840971,1.36364994860185,0.455601224306442,-0.939194599565556,0.113521628444934,-1.69450928233231,1.86550538894338,-0.273236190290502,-1.38913971986244,0.228962818152845,-0.250175749697629,0.463730910791658,-0.390726364804647,0.109065261916587,"Masculine",-0.404708713784664,-0.807414449455619
-0.0150363038582743,-0.366227661233221,-0.198525475171893,0.19373327865543,-0.554830583412327,-0.674900510795505,0.847813912429751,-0.278030866055235,-1.02557889639817,-0.13511122543697,-0.203448480618105,-0.22247772743627,-0.485281197029374,-0.696019841208689,-0.327695780864305,0.697479163203515,-0.67051635910956,-0.329552680904809,-0.679910344694741,-0.363421350180622,0.638150065467566,-0.490733818911572,-0.989665455765661,-0.392909624574375,-0.596396257762758,0.715936366060339,0.167126993453724,-0.844780963555949,-0.801825952194416,-0.385406471771149,-0.449557786417367,-0.292287069061382,-0.153208403134863,"Masculine",-0.404708713784664,1.23709114477995
0.0089315685040592,-0.0222437625044037,-0.25605868034322,-0.144631024465003,-0.49266166573302,-0.674900510795505,-0.743962452153807,-0.592441511249854,-0.891942891921566,0.444185010999093,-0.283067946179212,-0.278857438736827,-0.485281197029374,-0.696019841208689,-0.327695780864305,-0.0923247163773577,4.06547127276893,-1.3863013699737,-0.705205428432081,-0.0063348966153358,1.06083307929684,-0.142085195547107,0.505861238443408,-0.967612024135537,-0.596396257762758,0.715936366060339,-0.340825170221129,0.913459934739772,-0.644671014307404,-1.03607290881362,-0.179325634720773,0.382999516774929,0.774946235000448,"Masculine",-0.404708713784664,1.23709114477995
1.87444898101123,-0.0222437625044037,-1.25330090331302,-1.02572715089531,0.433544055343431,-0.674900510795505,0.847813912429751,2.38834991162828,-0.239221440432352,-0.98473765186044,-0.425884780797353,5.17807547097955,0.460680736116489,-0.696019841208689,2.06658287694999,-0.0821960231848076,1.51619563359988,-1.68817156667299,-0.531789225868816,-0.332139141247298,1.31726043064568,-0.852919770267338,-0.339579068356702,-2.11654440769541,-0.596396257762758,-1.58320167970574,-1.7335198391636,-0.176384611066017,0.264617530569501,-0.921308624166577,-0.499456718662844,-0.534059994268533,-0.579311276327689,"Masculine",-0.404708713784664,1.23709114477995
1.88633817767309,-0.710211559962037,-0.0909320789594502,1.32625256650889,-1.22732079778712,-0.674900510795505,-0.743962452153807,3.32617937456388,0.264008546801011,3.02893461328426,0.0814360658104744,-0.184637094310665,-0.485281197029374,2.92822168564812,-0.327695780864305,-0.733808618572149,-0.67051635910956,3.01907726235862,1.31432609204821,-1.50177303615838,-1.90139996802592,-1.12353670900501,-1.26839374250287,1.82668078491568,1.23379211651984,-0.0504429825283554,-2.20367062918771,-2.02042770087574,-0.405561332599407,2.73317707716666,0.772235671238484,-2.41013525348579,-1.20026744257433,"Masculine",-0.404708713784664,-0.807414449455619
0.766317821938764,0.66572403495323,-0.134599691648185,-0.391163086154962,0.600551616003954,-0.214526723813592,0.0519257301379719,0.952742284639732,-0.793957678087942,-0.0249384384419293,-0.248068064418459,-0.766541941486642,-0.485281197029374,0.601288190811421,0.930707939701994,-0.733808618572149,-0.67051635910956,0.411374475665252,0.508702367875441,-0.315564700770178,-0.00236662476942892,0.126594626207286,0.518104030328336,-0.0421696756810758,1.96586746623287,-0.81682233111705,-0.245267078248067,-0.00842003521014542,-0.408069571545803,0.270528278650789,-0.606138071408746,-0.224624189303442,-0.684553552236761,"Masculine",-0.404708713784664,-0.807414449455619
-1.60719817777215,-0.0222437625044037,-1.21068371429722,-0.044090448880978,-0.43086865146226,0.895999326223402,0.847813912429751,-0.706442800828714,0.264008546801011,-0.931591414892854,0.0814360658104744,-0.307404824263645,-0.485281197029374,-0.696019841208689,-0.327695780864305,-0.733808618572149,-0.0625037562586413,0.00852786609591482,0.37860453228081,1.50008635863994,-0.906924608571235,0.0929918181697192,-0.048377439780104,0.198335381370728,-0.596396257762758,-0.0504429825283554,0.0795223336020983,-0.51122226233952,-0.121261526702641,0.882188988334072,0.650971990103915,-0.697075001752393,-2.39024848739722,"Masculine",-0.404708713784664,1.23709114477995
1.58542910071846,-0.0222437625044037,-0.491108868991927,0.849033894249095,-0.99196784791933,3.12930865334075,0.0519257301379719,0.732861115267825,0.264008546801011,0.913909953456102,0.0814360658104744,1.68218935036934,-0.485281197029374,-0.696019841208689,-0.327695780864305,-0.733808618572149,-0.67051635910956,-1.2124323854629,-1.26733211044506,-0.649557281021941,1.65244515104363,-1.40958001015104,-0.230528252716906,-1.24862861610566,-0.596396257762758,-0.0504429825283554,-0.740663411220454,-1.45476624588406,-0.416226701461788,-0.652059632985662,-0.905083850284722,-0.632407733620001,0.00119404248838966,"Masculine",-0.404708713784664,1.23709114477995
0.861459719745194,0.66572403495323,-1.04337960098271,0.13980495279798,0.370138792965099,-0.453169462371564,0.0519257301379719,1.48261911587719,0.264008546801011,-0.833056311647988,0.0814360658104744,-0.766541941486642,-0.485281197029374,-0.696019841208689,1.35094977258483,-0.429241845820379,-0.67051635910956,0.481593646220171,0.930628423843155,0.0455441063553913,-0.334804218448104,-0.883064209667914,-0.169699291201111,-0.594282001137982,-0.596396257762758,-1.96639135400009,-1.10191533882937,-0.915204285033557,-0.760520169681508,0.916192325220228,0.20863525984221,-1.0152935049964,-0.0927478603169541,"Masculine",-0.404708713784664,1.23709114477995
-0.00474077702310624,1.00970793368205,-0.784829862863184,-1.24286626033637,0.295158565340407,2.70047052938358,1.64370209472153,0.509101214963036,-0.264661187022348,-0.0273769807984066,-0.373782366847223,-0.320460856033019,-0.485281197029374,0.970959496144166,-0.327695780864305,1.31985193087137,0.117114500823701,-0.578059443264065,0.565245793776775,0.564640459363681,0.159797140933774,0.342696005802272,0.229057240350536,-0.965100289095666,1.23379211651984,-0.0504429825283554,-0.473127034947209,0.974690159965319,0.665456912557871,-0.284389550791116,-0.601110973730814,-0.0944741608068186,0.913475463574431,"Masculine",-0.404708713784664,-0.807414449455619
-1.58835375627327,1.35369183241086,-1.60030183664089,-1.29799047425553,-1.14575393578729,0.55502881896348,1.64370209472153,0.344055803024669,0.00142372682342374,-0.335320343810039,-1.05101023262418,1.3660104773349,-0.485281197029374,-0.454528155536562,-0.327695780864305,0.0312154378043381,-0.67051635910956,1.49249287733405,1.35026798854366,-0.446129510109893,-1.24579369517805,-1.64366666143142,-1.26875036826658,-0.25462770814788,0.13567909195028,-0.0504429825283554,-0.970269880419897,-1.39365346653568,1.04359945295529,1.24404455931108,2.79654067324292,-1.58189483118705,0.743778855401641,"Masculine",2.4680596971786,-0.807414449455619
0.67884663011756,-0.710211559962037,-1.66199495752637,-1.2531744218063,1.9694898677079,-0.674900510795505,-0.743962452153807,-0.307060453837738,-1.00000634086731,-2.60956318671482,0.293481326280581,-0.766541941486642,-0.485281197029374,-0.696019841208689,-0.327695780864305,-0.733808618572149,-0.67051635910956,1.05788646665431,3.48817443699789,0.804175598994904,-1.40505116397078,-1.08696461005244,0.895143130913788,-1.56920245084988,-1.3284716074758,-0.0504429825283554,-1.66964827504463,0.613075245666052,0.767731595074648,1.29967505281213,-0.18117399143236,-0.308229543912352,-0.70714213828554,"Masculine",-0.404708713784664,-0.807414449455619
0.67192311872041,-0.710211559962037,0.041891058515088,-1.18356220646057,-0.609299273708351,-0.674900510795505,0.847813912429751,0.529013572138979,-0.667509731585031,0.312006923113072,-0.506106600496696,-0.373543573926248,-0.485281197029374,-0.696019841208689,-0.327695780864305,-0.733808618572149,0.0233880728149406,-0.421920441326156,-0.918821991235267,-0.0122934045459815,0.536517468202696,-0.420929056332524,-0.791621205719518,0.0915656673534913,-0.596396257762758,-0.0504429825283554,-0.339243647574891,-0.91827297609049,0.406057795470476,-0.0906854176103052,-0.823871860793251,-0.460764416236216,-0.220629743829923,"Masculine",-0.404708713784664,1.23709114477995
-0.878833525476002,-0.0222437625044037,0.402197658782182,-1.16471221950597,-0.345616862374945,1.37506578595415,0.847813912429751,-0.868695142791325,0.264008546801011,0.121177705644453,0.0814360658104744,-0.766541941486642,-0.485281197029374,0.0210701489675654,-0.327695780864305,-0.733808618572149,-0.67051635910956,-0.564192464984504,-0.673323794288242,0.37596078560575,0.523675568988299,0.690046154813321,0.0945023263308747,0.104495577674848,0.13567909195028,1.09912604035469,1.34617004349629,0.536026709858747,3.10510098134704,-0.957924923508231,-0.57244673333966,0.332033248634042,1.69123286449621,"Masculine",2.4680596971786,-0.807414449455619
-0.828439201048745,-0.710211559962037,0.21699211773219,0.273176345348354,0.0647234727684583,-0.161197372602921,-1.1419065432997,-0.925705997601634,0.264008546801011,-0.415851042125787,0.0814360658104744,-0.766541941486642,-0.485281197029374,-0.0022670992334385,-0.327695780864305,-0.00122641074022766,-0.67051635910956,0.389568143114175,0.266573051353259,-1.34313888270772,0.657726908038318,0.849877880925622,1.35332156746434,0.077287587254148,0.13567909195028,-0.0504429825283554,0.802222661880287,-0.185688808763233,1.47132951151339,-0.175137610828587,-0.180513864035374,0.355317961811518,0.629729388495317,"Masculine",2.4680596971786,-0.807414449455619
1.51977638071965,-0.0222437625044037,0.883009583281487,1.10454278064891,-0.090830816958526,0.245847063168321,-0.743962452153807,0.326963692245875,0.264008546801011,1.05947937598311,0.0814360658104744,-0.0832525837319096,0.819493883171816,0.155117824082182,-0.327695780864305,-0.733808618572149,0.234329982701245,0.13326152565742,-0.838350950335422,0.0633059908925533,-0.181551671256203,1.05505285751574,-0.537804442598496,1.2193328825627,0.13567909195028,-0.0504429825283554,-0.489035369251705,-0.543419168500256,-0.43578688665551,0.769084425277966,0.499426853104027,-0.19102350247504,0.225628091740222,"Masculine",2.4680596971786,-0.807414449455619
1.90359708798141,-0.710211559962037,1.03762078064116,1.95476743142201,0.267886628509532,-0.674900510795505,-0.743962452153807,0.31106812429461,0.264008546801011,0.362439273282923,0.0814360658104744,-0.766541941486642,-0.485281197029374,-0.696019841208689,-0.327695780864305,-0.733808618572149,-0.67051635910956,0.716061310179857,-0.252423914206977,-2.43197985737566,1.10278533482413,0.625969726730554,-0.683828647126406,0.0317468047770747,-0.596396257762758,-0.0504429825283554,-0.543660858718105,-1.19051185322754,-0.460860339713266,0.0737812147416656,-0.662537097119056,0.0391835499685999,-1.72760819247136,"Masculine",-0.404708713784664,1.23709114477995
-0.22678744905631,-1.39817935741967,0.651805281239047,-0.0237413195633607,-0.747804913763479,0.282352473589794,-0.743962452153807,-0.572939051368621,-0.376159681817235,0.862189223362623,-0.85067441701326,0.313780687273353,1.06191622590647,-0.696019841208689,-0.327695780864305,0.687211675529372,0.521665215107928,-0.373746216460443,-0.842037763208788,0.109140474152833,0.133638100418085,0.0413373244535757,-0.434108573058036,0.447811932659771,-0.596396257762758,0.715936366060339,0.425636522593731,0.624657419656154,-0.0430510474426134,-0.62769769168719,0.679566121507655,0.178004408042435,0.0418069330089468,"Masculine",-0.404708713784664,1.23709114477995
0.655473835736338,-0.710211559962037,0.75302165068653,0.758851581032597,0.115027897678675,-0.674900510795505,-0.346018361007918,0.0275940418368863,-0.012531431722023,-0.317113879475105,-1.60017342350494,0.866830883341376,-0.485281197029374,-0.696019841208689,-0.327695780864305,-0.733808618572149,0.771480269488427,-0.850527156605358,-1.73765604737345,-0.393351260339161,1.04373953483459,1.2466835436925,-0.25996477237806,0.264898539306853,-0.596396257762758,-0.0504429825283554,0.720401225977398,-0.544233433688806,-0.31799272355923,-0.573614758504863,-0.271048743122094,0.0800805874952322,0.820216264072904,"Masculine",-0.404708713784664,1.23709114477995
1.142729251206,0.66572403495323,0.0797855579740053,0.211501190345888,2.0333009965425,0.255625471798974,0.0519257301379719,0.362945814491319,-0.846165009940225,-1.67131342650433,0.039774433832958,1.41919063397262,0.558160122550969,-0.0153567736103293,0.992806236507877,-0.374428667560262,0.0530980593777463,-0.630848528570753,0.12513436358301,-1.32537251655182,1.39533590046698,0.217467402688402,1.69725654835009,-1.27136755285596,0.13567909195028,-2.73277070258878,-0.0237319454993546,-0.169011473268251,-0.280320969967169,-0.493753623352661,0.223255352896276,1.19906619587756,-0.141929209432699,"Masculine",2.4680596971786,-0.807414449455619
-1.48909726612633,-0.0222437625044037,0.546609439026298,1.73404861409803,-1.29638747375065,-0.541753190050737,0.0519257301379719,-1.14748294493476,0.264008546801011,0.408925650833261,0.0814360658104744,0.0483767514199771,-0.485281197029374,-0.696019841208689,-0.327695780864305,1.94598344038012,-0.67051635910956,-0.722922975851766,-0.988528724066672,-1.25753730032024,1.52777893640765,0.19816424332626,-0.627356809472082,-0.598693600669561,-0.596396257762758,1.09912604035469,1.08835234346763,0.346181020637123,-0.981647111902376,-1.73890566056544,-0.275049551634525,0.354881276599023,-1.37851147206256,"Masculine",-0.404708713784664,1.23709114477995
-0.229643567519341,-0.0222437625044037,-0.587912820796212,-1.44888004973819,-1.04648304413165,-0.674900510795505,0.449869821283861,0.045092669531708,-0.292347133182674,0.958491817945152,-0.862452511207721,0.17234193911899,-0.485281197029374,-0.111260672162218,-0.327695780864305,-0.116320373566689,-0.463296768777991,0.0939783864769061,-0.24879187629154,0.673941795544616,-0.484637301600549,-0.792434046269706,0.27390685393227,0.504426312129333,0.501716766806798,-0.0504429825283554,-0.796866099144998,-0.745564844756611,1.41763509073451,0.90070897918855,0.562195138599873,-0.598198532858781,0.412030102120939,"Masculine",-0.404708713784664,-0.807414449455619
1.30067931354118,1.00970793368205,-0.371619203022307,-1.21421508074496,3.07303905486681,-0.674900510795505,0.0519257301379719,0.734990378159328,-0.136887459799991,-2.72540338911759,0.607872434293264,-0.766541941486642,-0.485281197029374,-0.696019841208689,2.53339192344209,-0.733808618572149,-0.67051635910956,1.26235091471434,2.16413174261524,-1.36485333023157,-0.163258678418995,0.49615676597938,1.44434274422401,-0.938168907834879,-0.596396257762758,-3.88233972547183,0.41481839280632,-0.0911839076250338,0.524089332934511,0.445362944551291,2.18683500706327,0.166626328405511,-0.548114458826077,"Masculine",-0.404708713784664,1.23709114477995
-0.902988781383969,0.66572403495323,-1.28358153761372,-1.48107623842014,-0.215600167636671,-0.674900510795505,-1.1419065432997,0.0635010179165102,-0.0573820332808007,-0.736658697559374,-0.413151264654349,-0.766541941486642,-0.485281197029374,-0.696019841208689,-0.327695780864305,-0.733808618572149,-0.67051635910956,1.40755171628272,1.7270387844619,-0.0343698155164671,-1.19903296769,-0.383705366696422,0.392458141108967,0.11238127546442,-0.596396257762758,-0.0504429825283554,-0.458977404595249,-0.635808692315824,1.82033408746496,1.36934871709152,2.92565886724467,-1.16916562949159,-0.135697326154326,"Masculine",-0.404708713784664,1.23709114477995
-0.1867229548692,-0.0222437625044037,0.187259195163024,0.978462260555391,-0.0417709629309269,-0.674900510795505,-1.53985063444559,-0.419614909249512,0.690664939368343,-0.212158915164853,1.02876339780739,-0.262536002901827,-0.485281197029374,-0.0682061148696405,-0.327695780864305,1.58652538909897,-0.225562914809914,0.621986972495131,0.316355222241031,0.455640285613687,-0.971613002954448,-1.19892371877639,-0.761252810088993,0.485884659362498,0.501716766806798,-0.0504429825283554,0.784850567101525,0.208338358774676,-1.04201881229251,-0.144461375241032,0.395792705340019,-0.419767555341566,-0.153208403134863,"Masculine",-0.404708713784664,-0.807414449455619
1.0718412966369,0.66572403495323,0.728398385921834,-1.04015253179184,2.35104212396695,-0.674900510795505,-1.1419065432997,0.142306410373258,0.578010837685541,-0.774150240698921,0.752771711929494,-0.766541941486642,-0.485281197029374,1.61421096458082,3.03372992099321,-0.123924908603701,-0.67051635910956,0.510066440747043,0.997155173046518,-0.698386077434623,0.113122843827762,0.538543633425733,1.90189247114669,-0.204759735982982,1.96586746623287,-1.96639135400009,0.523079627600195,0.672084885340362,-0.0361334753549152,-0.0728852992522556,0.0306135764108448,1.44881558246555,-1.19744077329493,"Masculine",-0.404708713784664,-0.807414449455619
-0.236992715125526,0.66572403495323,-0.784326532013026,-0.234151542575158,0.0243908139648808,-0.674900510795505,0.0519257301379719,-0.560532427765855,0.642526747807896,-0.373376188687033,0.932687659014988,-0.766541941486642,-0.485281197029374,-0.696019841208689,-0.327695780864305,1.61880692771944,0.908487075055931,1.89081430095633,2.10877721087297,-0.927127392055071,-1.4028503638245,-0.276196712927382,-0.564002692315578,0.174039565211938,-0.596396257762758,-0.0504429825283554,-1.22703194853031,-0.0261251332911098,-0.447146685804549,1.33882151448178,1.384336064635,-0.488992779615208,0.243675987324751,"Masculine",-0.404708713784664,1.23709114477995
1.9047206150327,2.38564352859731,0.840700438058077,4.59375423220472,4.04152555898306,-0.674900510795505,0.847813912429751,2.6862454868111,0.264008546801011,-1.43842512444336,0.0814360658104744,-0.269850073250682,-0.485281197029374,3.01619799711799,10.4749862900129,-0.733808618572149,-0.67051635910956,-0.0564223558143923,0.655560541817285,-1.5394126956225,1.24572434793258,1.81294562432588,2.47265709652596,-1.23204072931811,3.79605584051547,-3.88233972547183,0.897638090311099,0.618915622702763,0.544713540775007,-0.601445347891699,0.895371279507022,1.20820524768156,-0.723881894018112,"Masculine",-0.404708713784664,-0.807414449455619
0.497672224743541,1.00970793368205,-0.592611302501548,-0.0881262049247631,0.937514739178034,-0.674900510795505,-0.743962452153807,0.443962860541941,0.607819037898959,-1.45612256922797,0.555334762628935,0.451880181888302,-0.485281197029374,-0.190111692799552,0.653777671098407,0.334639218524678,0.0465930753927824,-0.166732635615479,-0.0584753532882913,0.305453404631511,-0.0787141463689654,0.54989541073479,0.0933936621982175,-0.187855396514664,0.501716766806798,-1.2000120054114,-0.0345366098526395,-0.854095546244122,-0.689685956362753,0.606543907739196,1.1444596061882,-0.0900899301529401,-0.723537454599751,"Masculine",-0.404708713784664,-0.807414449455619
-1.20361256156362,2.0416596298685,1.32025759142424,-0.121086047390141,0.804543919022136,-0.674900510795505,0.449869821283861,-0.58867751974614,-0.0811672567164585,-0.206593134436993,-1.04050656520743,-0.766541941486642,0.812428314145458,0.573773083634101,1.31458921908052,-0.733808618572149,-0.67051635910956,-0.689610579828602,-0.403881570709394,0.81544253597988,0.298087487636013,1.37900844932896,2.28538875196254,0.530670570633014,2.33190514108939,-1.96639135400009,2.76047793490963,2.67980254700508,-0.522489323814247,-1.8191501325947,1.46533226533412,0.90144444221705,0.486864231812124,"Masculine",-0.404708713784664,-0.807414449455619
2.25117978010107,2.38564352859731,0.0600339173356897,0.63087744147958,1.15851574892692,-0.674900510795505,0.847813912429751,3.13724494694051,0.522284337115271,1.02540077548911,1.74868121631428,0.148755715213985,-0.485281197029374,4.05455606615832,2.62149673119221,-0.733808618572149,-0.67051635910956,2.08123029554719,1.52380957722162,-0.454935753948287,-1.67985869341837,-1.2984423856016,0.0815932172627279,0.778560423671807,3.06398049080243,-1.96639135400009,-0.421859622309088,-0.714308987491291,-0.799854162152417,1.44973481624628,2.98136434208482,-1.08247473122508,0.448427414675146,"Masculine",-0.404708713784664,-0.807414449455619
1.82394589598555,2.38564352859731,1.41308775284554,-0.0619029958790504,0.484791558145987,-0.674900510795505,0.847813912429751,1.34875412105149,0.576778247731136,1.52537024380573,2.29671677726248,-0.397069482092277,0.925770950548362,3.90630453146325,-0.327695780864305,-0.733808618572149,-0.507424983794625,0.783682440315168,0.2241651229183,-1.56768552620301,0.344639594359657,0.170836846809002,0.622488115619133,0.609886002290127,2.69794281594591,-0.0504429825283554,-0.688450366407761,0.0268285625834374,-0.60194187750282,0.214820350479502,1.82947374802308,0.586179811725622,0.678529519647652,"Masculine",-0.404708713784664,-0.807414449455619
2.72281500869532,2.0416596298685,-0.627851037317092,-0.416477502876244,-0.120744763485519,-0.674900510795505,0.0519257301379719,5.96046178987832,0.560761177385553,2.97542752283139,2.25068242222933,-0.766541941486642,-0.485281197029374,3.23395379210362,0.519441919293455,-0.50325667607011,-0.67051635910956,0.74196947813341,0.408220899194164,1.16082695740837,-1.3385803397764,-1.56242087957755,-0.76146225634694,0.674524329361908,3.79605584051547,-1.2000120054114,-2.01194799537426,-1.53211190568898,-0.264437211948915,2.01174975998877,2.41491938836138,-1.96325476500015,0.509669974921668,"Masculine",-0.404708713784664,-0.807414449455619
0.804208981121854,1.00970793368205,-0.316768565554692,0.221897993744476,1.84353224517286,-0.674900510795505,0.449869821283861,0.660320390547959,0.264008546801011,-1.33856237656426,0.0814360658104744,0.157365877219758,-0.485281197029374,0.454843603147802,1.90500578961283,-0.733808618572149,0.145140629582062,0.365416504835737,1.3162104296671,-1.14557253120975,0.438075077546829,-0.0639575617146322,0.788063563184294,-1.44576100755368,1.96586746623287,-1.96639135400009,0.32433104217945,0.659166590722691,-0.824625251624228,-0.621685333056646,0.480141634875883,0.370125222201498,0.464640762994746,"Masculine",-0.404708713784664,-0.807414449455619
-1.1508540540685,0.66572403495323,-0.0527746887378417,1.42290882988031,0.290894939729131,-0.674900510795505,0.0519257301379719,-0.741641605722628,-0.551708556209806,-0.618802792032072,-0.0894727343427405,-0.766541941486642,-0.485281197029374,0.161341865510268,0.503954941228413,-0.733808618572149,-0.67051635910956,-0.762987678838485,-0.183787767274423,0.569360090523079,0.59581111709243,0.559078404674879,0.803768685092434,-0.605736208981308,0.13567909195028,-0.81682233111705,1.73377980716328,1.23792147691658,-1.12187421442871,-1.40103850818405,-0.138544164366144,0.402345089062895,0.740846732582234,"Masculine",2.4680596971786,-0.807414449455619
-0.480294594333525,-0.0222437625044037,-1.79122957104973,0.137037411667624,-0.462597922621408,-0.474811719400052,0.0519257301379719,1.26813081456756,0.612709121470373,-0.472851839196185,0.569636051512915,-0.354624615312838,0.301295465105041,-0.182916062679948,-0.327695780864305,-0.191986329190991,-0.67051635910956,1.26594369656413,2.08185762466141,-0.407702772329138,-0.91360141507135,-1.13100492680213,-0.5514843623829,-0.831233055677669,0.867754441663317,-0.0504429825283554,-1.95123915521985,-0.95160547696569,-0.693520627211131,1.51651782053401,1.56337349279302,-1.57879156347782,0.385494023171428,"Masculine",-0.404708713784664,-0.807414449455619
-0.0567557187195742,1.69767573113968,-0.585491235909266,0.80965436734573,0.137610175397349,-0.674900510795505,1.64370209472153,0.661663776048153,0.947312153764129,0.221462728758981,0.507845995110749,-0.766541941486642,1.16616842592053,0.381262364553799,-0.327695780864305,0.782961894427484,-0.67051635910956,0.557697608250882,1.57525996024746,-0.773554081063681,-0.0199282171490997,-0.627349740702851,0.86962918407138,-0.725835794078236,2.33190514108939,-0.0504429825283554,-0.83874275057072,0.68196680956873,-0.988991394216657,0.0609604282907669,-0.0287573326760961,-0.127138043330925,0.0997293754727573,"Masculine",-0.404708713784664,-0.807414449455619
-0.677371372518194,0.66572403495323,-0.267498031079045,0.861902312393012,-0.26028480416597,-0.674900510795505,0.847813912429751,0.0435704718929911,-0.383592694631375,0.174453492797601,-0.412544642073238,-0.220108797621827,-0.485281197029374,-0.0153567736103293,-0.327695780864305,-0.733808618572149,-0.67051635910956,0.798816525574384,0.413558354330204,-0.437054208757356,-0.361049868632949,0.147795061865661,0.315263261518259,0.42101764413234,-0.230358582906239,-0.0504429825283554,0.443111963019582,-0.335784828218,-0.964641326307084,0.380016861297535,0.901566965116623,-0.447014040803626,0.6989973432508,"Masculine",-0.404708713784664,-0.807414449455619
0.834654443988934,1.69767573113968,-0.29324120030105,1.07880206536725,1.5929684891569,-0.177427004716148,0.847813912429751,3.48800633952563,0.264008546801011,-2.41922195399512,0.0814360658104744,-0.766541941486642,-0.485281197029374,0.10840014777119,2.79349080565176,2.23924370343527,-0.100395908180168,0.877650515147217,0.852749431149786,0.0442528016476609,-0.967369771725183,-0.903623899641211,-0.615919380945969,-0.0648345655293788,0.867754441663317,-4.64871907406052,0.381380537099724,-0.314559128497114,-1.04975118600607,0.376961719742812,1.33880916601328,-0.630547835485499,-1.0663524425208,"Masculine",-0.404708713784664,-0.807414449455619
-0.685108117818455,-0.0222437625044037,-0.285617024284466,-0.11653978365593,0.0787957382697486,-0.674900510795505,0.0519257301379719,-0.884048694732919,0.793431013990043,-1.00058410099073,0.47209764461141,-0.766541941486642,-0.485281197029374,-0.696019841208689,-0.327695780864305,-0.733808618572149,-0.67051635910956,-0.240086910236924,-0.189520878814378,1.05313664286305,-0.256884222544193,-0.0966368049410434,0.737261407047819,0.266299093017581,-1.3284716074758,-0.0504429825283554,1.23996135866885,-0.279658114409325,-0.736192632366318,-0.00922187523604402,0.156300975191791,-0.295279799441983,0.00119404248838966,"Masculine",-0.404708713784664,-0.807414449455619
-0.942263042713624,-0.710211559962037,-0.0883086070275739,-0.995496568478753,-0.0199686960570226,1.19794092385619,-0.743962452153807,-0.94084539263042,0.264008546801011,-0.789135293344274,0.0814360658104744,-0.766541941486642,-0.485281197029374,-0.696019841208689,-0.327695780864305,-0.733808618572149,-0.67051635910956,-0.578742761813993,-0.598715428671674,0.226223461062517,0.638431399344643,1.44502769337485,0.539546835904307,0.0765670646701275,-1.3284716074758,-0.0504429825283554,0.922207997925516,0.0352858865451888,0.902785475899902,-0.344974594515996,-0.740153135582428,0.255147917598315,-0.598333726023792,"Masculine",-0.404708713784664,-0.807414449455619
0.0286339536584904,-0.710211559962037,-0.631477372673349,-0.788878067758026,0.169229357120742,-0.674900510795505,-0.743962452153807,0.05865985469763,-0.740940226502855,-0.17572522049134,-0.119514000192402,-0.766541941486642,-0.485281197029374,-0.167892753849151,-0.327695780864305,-0.733808618572149,0.0780877465026822,0.492866937115314,0.676079402214672,-1.04199097349774,0.326675445448827,1.19790160417603,0.435922187859302,-0.216335102528606,0.867754441663317,-0.0504429825283554,-0.651352155027478,-0.663471933754388,-0.232702111010292,0.76974695705844,-0.138854898961211,-0.155304883730855,-1.35876775168042,"Masculine",-0.404708713784664,-0.807414449455619
-0.12110892016869,0.321740136224413,0.503794281649349,0.42155739077534,-1.57120794532341,-0.674900510795505,0.449869821283861,-0.257809276221253,0.264008546801011,1.46395184896247,0.0814360658104744,-0.766541941486642,3.26403337502202,-0.0845767465864328,-0.327695780864305,-0.733808618572149,-0.67051635910956,0.773393195909112,-0.52565281892921,-0.656875349330226,-0.311568547148914,0.378068052720494,-1.01161563700523,1.38521926097136,-0.230358582906239,-0.0504429825283554,-0.617177591921736,-1.18943827219805,-0.845981023998595,0.97610604785975,1.04880925729137,-0.61834903145685,0.318469906237101,"Masculine",-0.404708713784664,-0.807414449455619
0.276853344335265,-1.39817935741967,-0.0504003024926778,-0.810046162589698,-0.163475335996325,2.09673759450377,-2.33573881673736,-0.288515058203479,0.264008546801011,0.330564602063624,0.0814360658104744,-0.766541941486642,-0.485281197029374,0.241933865941851,-0.327695780864305,-0.733808618572149,-0.67051635910956,0.744254882196516,0.914190296269643,-0.981557798703049,0.105389227777211,-0.726592815459783,1.28769877311134,-0.00623539068627972,0.13567909195028,-0.0504429825283554,-0.699297521481589,0.0582672548572638,0.720578290678298,0.293715222659777,-0.761669494917475,-0.0281019847567891,-0.0486107521361685,"Masculine",2.4680596971786,-0.807414449455619
0.236744023514435,-0.0222437625044037,-0.20061911437026,1.76895969500811,-0.243689121851392,-0.674900510795505,0.0519257301379719,0.26833804073359,-0.749385174177673,0.379174529325969,-0.436730728154753,-0.167984809335834,0.65769347577008,0.795162523100597,-0.327695780864305,-0.733808618572149,-0.67051635910956,1.77650636257077,1.01505305999416,-0.578168303057547,-1.31342859991626,0.231202490545353,-0.536188321166501,1.22281540041616,0.13567909195028,-0.0504429825283554,-0.876047634531207,-0.645203755445903,-0.928141894603716,1.57654920835277,-0.650102089160773,-0.90150490086309,-0.615299694671681,"Masculine",2.4680596971786,-0.807414449455619
1.44625770127792,-0.710211559962037,-1.19202489319962,-1.16411328917132,-0.0676552723867543,-0.674900510795505,0.0519257301379719,0.682882883125738,-0.0510283480073549,-0.725503293026682,-0.435948433030233,-0.766541941486642,-0.485281197029374,-0.696019841208689,-0.327695780864305,0.0820489967398437,0.972219503617799,-0.743825543949494,0.602435679407639,-1.60220001424936,1.81142078779483,-1.22877888127631,-0.669100597209717,-2.41356492083983,-0.596396257762758,-0.0504429825283554,-1.69967151225076,-0.641471870585519,0.275244877475093,-0.767367470465914,-1.00169962054805,-0.521460365565943,-0.308735951850242,"Masculine",-0.404708713784664,1.23709114477995
0.0752282847832641,-0.366227661233221,-0.290523015808178,-0.674915133147006,-0.723100545108074,1.78473898811489,-0.346018361007918,-0.0158874454683192,-0.839757081762786,0.59634375224095,-0.393342280669048,-0.766541941486642,-0.485281197029374,-0.696019841208689,-0.327695780864305,-0.0191974028515425,-0.190891217851499,0.453820589224122,0.212275450253566,-0.268363459398401,-0.171273074697793,-0.494537673367408,-0.344471077259621,0.213095177334443,-0.596396257762758,-0.0504429825283554,-0.810440177013774,-0.283899784455855,0.391251178684052,0.424558885392949,-0.266536203288305,-0.559534215922131,-0.258435027307482,"Masculine",-0.404708713784664,1.23709114477995
-1.77783183439166,-0.710211559962037,-1.92104052328835,-0.586528441766899,-2.1517100324369,-0.674900510795505,-0.743962452153807,0.371378922151133,-1.31266020000788,1.17854915867328,-0.169159067651146,-0.766541941486642,0.784915038290161,-0.696019841208689,-0.327695780864305,1.01610506515358,-0.0832721490533128,0.471276394128861,0.805172907138015,0.456914180146771,-0.810168663090509,-1.2609156596458,-1.36720081683844,-0.199240324040417,-0.596396257762758,1.86550538894338,-2.15144841644916,-1.61929142567576,0.0276917595911913,1.64340965637683,-0.984909103062904,-1.73734007334331,-1.78115665025655,"Masculine",-0.404708713784664,1.23709114477995
-0.629068917897816,-0.710211559962037,-1.18444049790328,-1.18650389358947,-0.88621489440325,-0.674900510795505,0.0519257301379719,-0.440709513137119,0.264008546801011,0.202992128057854,0.0814360658104744,0.234767729052873,-0.485281197029374,-0.0723804082628503,-0.327695780864305,1.24182531425118,0.655468572639785,-0.305720654380794,0.192494022326317,1.31142082643556,-0.710887775919882,-0.381881497288103,-0.769229593104466,-0.182514460224769,-0.230358582906239,0.332746691765992,-1.27386001822701,-0.0258347738592634,0.499659950959371,0.737846253205998,-0.375529266635813,-0.732003276426323,-1.04937714437374,"Masculine",-0.404708713784664,-0.807414449455619
0.380119387224928,-0.0222437625044037,-0.20040564527552,0.636862242623996,-0.222333258709871,-0.320024103570665,0.0519257301379719,-0.0693268053294182,0.676581136118548,0.0685078843964761,1.18800057297571,0.451880181888302,-0.485281197029374,-0.696019841208689,-0.327695780864305,-0.733808618572149,-0.67051635910956,-0.89836556639609,-0.272848740154316,-0.288771172135856,1.20027154025404,0.0579425446557443,-0.148295118721162,-1.1588493523408,-0.596396257762758,-0.0504429825283554,-0.570786752098654,0.732536138731936,-0.179511756704216,-1.01704795829098,-0.32211470022856,0.0980052421612681,0.243009426915483,"Masculine",-0.404708713784664,1.23709114477995
-1.06928102660437,0.66572403495323,-0.0826462627706791,-0.984554246007835,0.624290209517959,-0.674900510795505,0.0519257301379719,-1.27832250462476,-0.377079463754901,-1.02749386666543,-0.164320593405375,-0.766541941486642,-0.485281197029374,-0.696019841208689,-0.327695780864305,-0.0222776236089611,-0.67051635910956,1.97838448255691,1.94550000346049,-0.864212788143342,-1.26979808187804,0.321775706046593,0.936179109455891,0.639220665976348,-0.596396257762758,-0.0504429825283554,1.06325336187508,0.761708448133769,0.0680693452414445,0.39525086814475,0.579027183765525,0.451115341067974,-1.08211266669523,"Masculine",-0.404708713784664,1.23709114477995
0.87849746250223,-1.05419545869085,0.122435229603386,-0.286092878193748,1.44163426780409,-0.674900510795505,-2.73368290788325,-0.214956672586561,1.9104928838745,-1.6199447829475,0.159183733951797,0.622729040516524,-0.485281197029374,-0.696019841208689,1.35094977258483,2.9209926544491,-0.67051635910956,0.243244067294274,0.258437333476309,-0.707286538257637,0.0674928444520151,0.0616687364943718,-0.307488651540758,-0.367819891849782,-0.596396257762758,-0.81682233111705,0.0130705766415081,-0.802134822243521,-0.639469830293044,0.332335233232255,-1.17355670988086,0.562379826496658,-0.358862220405011,"Masculine",-0.404708713784664,1.23709114477995
-0.84575177574404,-0.710211559962037,-0.770048477607919,-1.09956226386973,0.745601701790513,-0.561192280834509,-0.743962452153807,-0.998578132095464,-0.808581009321384,-1.15733992511056,0.00998489282310142,1.94854774209166,-0.485281197029374,-0.696019841208689,-0.327695780864305,-0.733808618572149,-0.67051635910956,2.04977344795138,2.86178230703978,-1.93164976162154,-0.817947518027178,0.681223921289798,2.88617724363924,0.00163271593128928,-0.596396257762758,-0.0504429825283554,-0.657684753090422,0.863940993951732,0.439524110944269,1.19497587101936,0.0123951651880863,0.349473061711514,-1.34737714376766,"Masculine",-0.404708713784664,1.23709114477995
0.781528162633092,-0.710211559962037,-0.251232495361957,-0.977305394658684,-0.822393342283227,0.35008263757932,-0.743962452153807,0.652134085428962,-0.740940226502855,1.39448870572417,-0.597168228014542,-0.766541941486642,-0.485281197029374,1.41648850822946,-0.327695780864305,-0.733808618572149,1.57529595772717,0.892934558048931,0.22850253369031,0.557062009208688,-1.29392934442315,-0.53198102021571,-0.951747012047758,1.21197434201357,0.13567909195028,0.715936366060339,-1.24408333371832,-0.870511287917225,0.47673784722807,1.49985697914228,-0.354632930426794,-1.07992591232141,-1.71431744152883,"Masculine",2.4680596971786,-0.807414449455619
-0.435498278468272,1.00970793368205,-0.458794736661252,0.579992548410746,-1.95157663376229,-0.674900510795505,0.847813912429751,4.47559643092014,0.0741104384110628,3.61570679726564,-3.7121747631534,-0.392666632526505,0.228652337420335,1.16684750169209,-0.327695780864305,-0.733808618572149,-0.340446624360964,1.62405027986524,0.29211667401558,0.842124154466697,-2.10119594001004,-1.41066519337994,-1.07100864230067,1.79305291925305,1.96586746623287,1.48231571464903,-0.29177629488824,-1.23987196294556,-0.384362749770741,1.67298492664025,0.960039712239233,-1.88818427825808,0.186342323940679,"Masculine",-0.404708713784664,-0.807414449455619
-1.4944325209142,-0.710211559962037,-0.956132396121739,0.361054370878964,-0.202517641969655,-0.428532679213348,-1.53985063444559,-0.537941250357027,0.708516671274926,-0.879266587153651,0.555088777924794,0.283646164853269,2.52279859038007,-0.696019841208689,-0.327695780864305,-0.733808618572149,-0.67051635910956,1.12226202276821,1.37296033192024,-0.285953370795546,-0.970147425107724,0.890286493144027,-0.00798416327110686,0.269664102450576,-0.596396257762758,-0.0504429825283554,-0.166916352080727,0.143461783411644,-0.733516458729622,0.891286491517703,0.796408670775532,-0.622212805854476,-0.513191864970178,"Masculine",-0.404708713784664,1.23709114477995
1.10489988344408,0.66572403495323,0.307530781091951,-1.36138027441192,1.46169897688649,2.39821401999246,2.04164618586742,-0.148418409631034,0.264008546801011,-1.25902248983548,0.0814360658104744,0.344055215217953,-0.485281197029374,-0.0043135674988514,-0.327695780864305,-0.733808618572149,-0.67051635910956,0.0596480973915569,0.0359058502213265,-1.03759931135422,0.739649353085145,0.48413366291705,-0.14348273149047,-0.676672345716763,0.13567909195028,-0.0504429825283554,0.440858492825605,-0.193510921871478,0.894106532560567,-0.483716266696114,-0.00677236445899334,0.622798805192838,1.58174046221529,"Masculine",2.4680596971786,-0.807414449455619
1.42511295118844,-0.0222437625044037,0.709294128776824,-0.81117184440875,-0.629581142004031,-0.674900510795505,-1.1419065432997,-0.0161368719828506,-0.44649663687242,0.983256918274098,-0.845058511574423,-0.466786817185004,2.37670554338009,-0.696019841208689,-0.327695780864305,-0.733808618572149,0.388019382584185,-0.0874280197107974,-0.718322099804293,-0.722391102146375,0.514119456321381,-0.374969380740666,-1.24744027525899,0.198335381370728,-0.596396257762758,1.09912604035469,-0.543964199086336,-0.971063840496312,-0.212856853715009,-0.051543775244691,-0.986718170942195,-0.224074839888014,0.41333882502824,"Masculine",-0.404708713784664,1.23709114477995
-0.598300610147415,0.66572403495323,-0.06209849813959,1.17353110120153,-0.733861684041477,-0.674900510795505,0.0519257301379719,-0.504468614068398,0.264008546801011,0.25027867273844,0.0814360658104744,-0.766541941486642,-0.485281197029374,0.227162941419796,-0.327695780864305,3.16560533807651,-0.67051635910956,0.0581477899591106,-0.180748362824567,-0.319964063304756,0.100753625242976,0.0860774371211015,-0.858374854001042,0.11779570733253,0.13567909195028,0.715936366060339,-0.0145421047804765,-0.123050312455338,-1.11039418850875,-0.130366186028042,-0.968367580642287,-0.176793295923377,-0.143633057669851,"Masculine",2.4680596971786,-0.807414449455619
-0.766420952982975,0.321740136224413,0.605282062098409,-0.0455782819254722,2.85154361098623,-0.674900510795505,-0.346018361007918,-1.18111185652977,0.264008546801011,-1.6597319344444,0.0814360658104744,0.715711744036422,-0.485281197029374,0.534890535629291,-0.327695780864305,0.565996033644071,0.201872677351952,-1.02263617668617,0.960220229181418,-0.223578029592877,1.08796527605259,0.653056683107769,3.18444092525574,-1.49299777343131,0.867754441663317,-0.0504429825283554,2.17280707432526,1.98809900755156,-0.635921958834882,-1.81684642264128,-1.22476422712522,2.67744468073763,0.725329543279578,"Masculine",-0.404708713784664,-0.807414449455619
1.91196261088351,-1.39817935741967,0.891346461570486,0.249322008133691,1.49561523213035,-0.674900510795505,-3.13162699902914,-0.221534062603324,0.264008546801011,-0.609093092665409,0.0814360658104744,3.58597177091634,-0.485281197029374,0.65940459108978,-0.327695780864305,0.697479163203515,1.25075660558313,-3.03647369359067,-2.69012552876082,1.68854259294555,1.48890370975663,-0.351993232706744,0.30539523736883,-0.806781128735964,-0.230358582906239,-0.0504429825283554,-0.00189846790704147,-0.579100405034851,-0.921577054707773,-0.954241158671321,-1.27629079432125,1.92614007552931,1.01498374359604,"Masculine",-0.404708713784664,-0.807414449455619
-0.958946823548043,1.00970793368205,2.40530867157045,-0.0274432002691862,3.06760850715277,-0.674900510795505,0.0519257301379719,-1.55971005273711,-1.18468384068897,-1.39377425456197,0.193590156492938,1.06702511755325,3.01600647760142,0.0653062197901269,-0.327695780864305,0.874066616799213,2.56695334438235,-1.40450216948482,-1.31113283060047,-0.701127014801715,1.3507943519175,3.57508608720789,2.03985152281681,0.264754463207415,0.13567909195028,-0.0504429825283554,1.81622280965218,1.34104544973127,-0.802015314252869,-1.07483063584076,-1.14339482653082,4.05026096281001,-1.81634815164404,"Masculine",2.4680596971786,-0.807414449455619
-1.52322942222025,0.321740136224413,1.10308477027465,-0.283381507323927,2.39788249284578,-0.189863842368133,-0.346018361007918,-1.67886355720646,0.264008546801011,-1.0676338421397,0.0814360658104744,2.76031928683053,4.56575675981507,-0.146866616881675,-0.327695780864305,-0.733808618572149,0.107891657030571,-2.25454229874473,-0.906555549455631,1.64048723127982,0.778060630960843,1.59492384583971,2.10543861295506,-0.687978268056582,-0.230358582906239,-0.0504429825283554,1.56564445244111,1.89882190014144,-0.301453120524569,-1.44024649386279,-1.01146422789652,4.10620443522341,1.48447818916396,"Masculine",-0.404708713784664,-0.807414449455619
-1.78235218840956,0.321740136224413,-0.311735975670316,0.0787376289821178,0.613340456409028,-0.674900510795505,-0.346018361007918,-1.3814362032266,0.264008546801011,-0.876305619595261,0.0814360658104744,-0.766541941486642,-0.485281197029374,0.0102706009227409,-0.327695780864305,0.0120130267507109,0.831201515401746,-0.653438535351638,1.3056528889643,2.0205907673733,-0.681543087571202,0.921745643053257,0.738382396820427,-0.910783262311853,-0.230358582906239,-0.0504429825283554,1.78305113308954,4.01549274782323,-0.514002637481143,-1.84155876736534,-1.01260396610106,0.429153510763041,-0.578114358144558,"Masculine",-0.404708713784664,-0.807414449455619
-0.758356230455447,0.66572403495323,-0.715883454241324,0.705482247131132,1.24756923371127,-0.674900510795505,0.0519257301379719,-0.624465056328389,0.264008546801011,-2.02681370257274,0.0814360658104744,1.35454220568439,-0.485281197029374,-0.696019841208689,0.9537491345856,-0.0363078122420379,1.67018943590336,-1.57744458243051,0.930284151837859,-1.24499847698462,2.17190311432674,0.38899874319285,2.6146161352678,-2.88463259188277,-0.596396257762758,-1.96639135400009,0.454708341797118,1.95309725625003,-1.09296231208109,-2.07004315097027,-1.2003476944059,1.12615532896632,0.715272105768577,"Masculine",-0.404708713784664,1.23709114477995
-0.136791376894114,0.321740136224413,0.553443609962216,0.431459544496813,1.34623613818189,0.25777770876552,0.449869821283861,-0.908339311565385,-0.392163887532687,-0.349545106316701,-0.239711993051361,0.063956079372603,1.62922194764962,0.683323845777399,-0.327695780864305,0.722737182881909,1.7734558680363,-1.28946640512956,-0.156874314134713,0.634257670442787,0.580599083648014,-0.655998340714386,1.33382578779916,-0.824518478914309,0.13567909195028,-0.0504429825283554,0.511640654403765,0.542227834605671,-0.798724379972402,-0.739402729345529,-1.25940326767895,2.36076538220884,1.44089539317382,"Masculine",2.4680596971786,-0.807414449455619
-0.868496472523951,-0.0222437625044037,1.76563027196812,1.19553390559677,0.609063382468656,-0.674900510795505,-0.743962452153807,-1.01755112827456,-0.326199462917131,-0.333071839378546,-0.483377735625848,0.10496832731627,-0.485281197029374,-0.153222556978053,-0.327695780864305,3.27843560302584,0.868280969093384,-0.509322658758787,-0.99300933665742,-0.793862062388119,0.757404370029684,1.31803234198102,1.28043803931789,0.908650562124221,0.501716766806798,-0.0504429825283554,1.69579013589941,0.726854840380788,-1.16908866731194,-1.06856577711695,-1.08227307030024,1.51782933130333,1.45471240277215,"Masculine",-0.404708713784664,-0.807414449455619
0.744896997913697,-1.39817935741967,-0.458794736661252,0.737875574175801,-0.872322892972493,-0.674900510795505,-1.53985063444559,-0.0383617005886877,-1.74588899980672,-0.0201090534855037,-0.179220778670169,-0.766541941486642,1.13393292276985,-0.696019841208689,-0.327695780864305,5.95842884756811,-0.67051635910956,-1.83479922104389,-1.61775204897267,1.10845958945227,0.805490497001904,-0.53198102021571,-0.699443521155566,-0.170260604317573,-1.69450928233231,-0.0504429825283554,-0.914788234445619,-1.07755064208006,-1.12065731484831,0.0917876508377374,-1.10641200722304,-0.613208386045112,0.894294493464179,"Masculine",-0.404708713784664,-0.807414449455619
0.733005418637592,-1.39817935741967,0.80830561532646,2.32795921590552,-0.515848013942968,-0.59881632751278,-0.346018361007918,-0.630557027464895,-0.929032242896627,0.674773526382364,-0.407879212611063,1.24678659392971,0.47585659600653,-0.696019841208689,-0.327695780864305,2.5765227483689,1.1069179879056,-1.39524996323642,-1.74759721002854,0.902643808163499,0.4013241104174,-1.20150110011064,-0.463330628609395,0.253033448765652,-0.596396257762758,0.715936366060339,-0.199848072388384,-0.379484798231566,-1.05038194456725,-0.369481247759162,-1.20744104916854,0.585506853069282,1.390048797852,"Masculine",-0.404708713784664,1.23709114477995
-1.21165119269576,1.35369183241086,1.33647291212294,1.58387649646284,0.88535489205007,-0.674900510795505,0.0519257301379719,-1.10329651648439,1.66186962244924,0.0481299824484936,0.310064343631584,0.0590993658003268,-0.485281197029374,2.38935419547072,-0.327695780864305,1.43823336605232,1.51619563359988,-1.17822891491838,-0.793268343796214,-0.740173350627568,1.46071109386401,2.55790800953665,1.72399790451944,-0.340008755621393,0.13567909195028,0.715936366060339,1.67797738930133,1.39602479976014,-1.21992557120875,-1.39862491304018,-1.13936118189412,2.47627454284244,0.991943068570874,"Masculine",2.4680596971786,-0.807414449455619
-0.279268170884839,-1.39817935741967,1.50145437272013,0.683554729671278,-0.483844244865315,-0.674900510795505,-0.743962452153807,-0.103681743488903,-1.08810434818964,0.528577745075809,-0.244698764151699,-0.766541941486642,-0.485281197029374,0.725122139322432,-0.327695780864305,-0.733808618572149,-0.166909960788597,-1.10740354661914,-1.82729940105454,-0.441468881559722,1.57025523668529,0.800814910849746,-0.263646582341778,0.0743530952755733,0.501716766806798,-0.0504429825283554,1.46811084756391,0.0875162690726259,-1.1472015008473,-1.60358471213098,-1.22520189821277,0.510535557880183,1.71746285557852,"Masculine",-0.404708713784664,-0.807414449455619
0.0408039100837741,-0.366227661233221,-0.169739019858414,2.01888164897163,-0.495859794477208,-0.674900510795505,0.449869821283861,0.213286858178062,-0.607470467548433,0.0269312410843359,-0.468539107132676,0.704131637118272,0.216799925227322,-0.696019841208689,-0.327695780864305,1.68428499712307,-0.67051635910956,-0.655338500521562,-1.0792611290293,1.05504294886618,-0.1570313464146,-0.126539780123897,-0.976386024830198,0.478021983792418,-0.596396257762758,-0.0504429825283554,-0.222754002380396,-0.682881873207154,-1.01126395240264,0.34092954732449,-0.97174288020565,-0.410016965243136,1.09170296422041,"Masculine",-0.404708713784664,1.23709114477995
0.761351529417214,-0.0222437625044037,-1.05001691170764,-0.685741940367297,1.21643129285764,-0.674900510795505,0.0519257301379719,-0.141847337321863,0.264008546801011,-1.79120395435037,0.0814360658104744,-0.0239533100806099,3.76874879818279,-0.696019841208689,-0.327695780864305,-0.733808618572149,-0.0149340654372993,-0.884450316233317,0.413558354330204,0.757392254338592,0.270664763496553,0.0924144832629651,-0.193343619306726,-1.31476204508643,-0.596396257762758,-0.0504429825283554,-0.235933722098877,-0.661634306350575,-0.271149528146082,0.201643596679601,-0.989588962743723,0.00652287233237201,-0.292062822011136,"Masculine",-0.404708713784664,1.23709114477995
-0.413997515169909,-0.710211559962037,0.888449606892302,-1.15532061915446,-0.57908259100102,7.86585098405262,0.0519257301379719,-0.569093034703953,0.264008546801011,0.680978537529834,0.0814360658104744,-0.766541941486642,-0.485281197029374,0.404864791597108,-0.327695780864305,-0.152557946630388,-0.67051635910956,-0.38717937884363,-0.784061332601602,0.97332835147709,-0.0930010190218657,0.0284034919111896,0.405716840358125,0.918655001289772,-0.230358582906239,-0.0504429825283554,0.825374036640414,0.938896025576304,2.1191517617716,-0.613348789001796,-0.547280645805046,0.136611195757268,-0.722941458302799,"Masculine",-0.404708713784664,-0.807414449455619
1.33167776725344,-0.0222437625044037,0.353495294579798,-0.33463677641508,0.0086626214123903,0.994042864438463,0.0519257301379719,-0.106326634319593,-0.0492222396833097,0.729136948964727,-1.76756715780808,-0.766541941486642,-0.485281197029374,-0.696019841208689,-0.327695780864305,-0.733808618572149,-0.67051635910956,-1.37191106459177,-1.02776435864511,1.56962847474692,0.544318650700223,-0.296087935071382,1.06668091508978,0.0224145700194853,-0.596396257762758,0.715936366060339,-0.56753158430352,0.324670438386437,-0.505254218146915,-0.145261057631047,-0.863790842555995,0.200323167390314,-0.218663964980745,"Masculine",-0.404708713784664,1.23709114477995
0.246759640604848,0.66572403495323,-0.643469222396415,-0.692800464922886,-0.187045934603433,-0.674900510795505,0.0519257301379719,0.0575228117046291,0.264008546801011,-0.0203560278518796,0.0814360658104744,-0.228695604168273,-0.485281197029374,-0.696019841208689,-0.327695780864305,0.681121588554649,-0.67051635910956,-0.123133285454673,-0.214278868385557,0.949026917678992,-0.445953149826509,0.439224510335655,-1.00076597599253,0.139886589354437,-0.596396257762758,-0.0504429825283554,-0.473720970048391,-0.604909373576901,-0.107566659438348,0.736966507087327,-0.653230304025638,-0.615115214241772,0.189944115645434,"Masculine",-0.404708713784664,1.23709114477995
-0.390169355907986,0.321740136224413,0.161490662269751,-1.41842476705547,-0.497298867826999,-0.674900510795505,1.24575800357564,0.243176070898908,0.264008546801011,0.690591683273164,0.0814360658104744,-0.282618501740038,-0.485281197029374,1.71517220802149,-0.327695780864305,-0.733808618572149,-0.67051635910956,-0.0972772141660493,-0.15133374837035,0.058394480340566,0.220913845174981,0.0817048465350882,-0.233103649814982,0.0142742754068308,0.13567909195028,-0.0504429825283554,0.452167360170088,0.707298905953552,1.13873827609071,-0.720101128769267,-0.00768050918611639,-0.152541810396397,0.322142540828996,"Masculine",2.4680596971786,-0.807414449455619
-0.23612784345962,-1.05419545869085,-0.331171475983577,0.500488569747691,-0.836423373470692,-0.674900510795505,0.0519257301379719,-0.356745544278173,-1.40714222228856,0.112999806779093,-0.143307270253922,-0.766541941486642,-0.485281197029374,-0.696019841208689,-0.327695780864305,0.193580093964144,0.574353389549001,0.283638518404388,-0.337883363136144,-1.05747966957201,0.43882659408398,-0.609728553896238,-1.12183925309867,-0.223065085413379,-0.596396257762758,1.09912604035469,-0.0253214719158319,-1.28807942356025,-0.48157335222605,-0.000794518896815032,-0.475617215587408,-0.498345708146022,0.159360480819089,"Masculine",-0.404708713784664,1.23709114477995
0.429865282594475,-0.710211559962037,-0.649007999395574,-0.132487796707466,-0.927208704811099,-0.160386475778623,0.0519257301379719,0.812771636458888,0.264008546801011,1.00703401904118,0.0814360658104744,2.36509569724323,-0.485281197029374,0.604285667780045,-0.327695780864305,-0.733808618572149,0.251055423400151,-0.281587607189042,-0.790851716088929,0.799432331910955,-0.408124903109743,-0.819761863460179,-0.615031447492929,0.21724210706916,0.13567909195028,-0.0504429825283554,-0.842964164733659,-0.713413959111597,0.157691828049405,0.601534389255922,-0.35846308618815,-0.897782706039825,0.265243451616658,"Masculine",2.4680596971786,-0.807414449455619
0.14952838632797,0.321740136224413,0.500271080013718,0.137113310378398,1.12721650366301,-0.674900510795505,-1.53985063444559,-0.69973432156445,0.264008546801011,-0.903560331754265,0.0814360658104744,0.54986517782405,-0.485281197029374,-0.696019841208689,-0.327695780864305,-0.733808618572149,0.491652252400355,-1.06976209213841,-0.628701066778977,0.62569751220405,0.640133174195516,1.57291112414907,-0.785897164887853,-0.588475280386983,-0.596396257762758,-0.0504429825283554,1.80891976149649,1.34104544973127,-0.856868316376104,-1.76010979778451,-0.595412800428829,0.641429787313809,-0.330419411144959,"Masculine",-0.404708713784664,1.23709114477995
0.666849768256101,-0.0222437625044037,-0.894564447538812,-0.611245457240906,0.145026047656221,-0.248201585993417,0.847813912429751,-0.0770920456940488,-0.046930307099278,0.02518222180929,-0.84283818702462,-0.766541941486642,-0.485281197029374,0.066544148344595,-0.327695780864305,-0.733808618572149,0.950850581826224,0.231714148638923,0.631048802637532,1.97778494523146,-1.51186655175293,0.151533577714687,0.224848779625099,0.680656713862866,0.501716766806798,0.715936366060339,-0.788210410920325,-0.371091967753691,0.267647029758866,1.68225728779528,1.25245412845646,-0.335381024784752,-0.516508800614572,"Masculine",-0.404708713784664,-0.807414449455619
-0.162493023991633,-0.0222437625044037,-0.902701730322765,0.889875623862719,-0.438784680263976,0.376012270797136,0.0519257301379719,-0.314367427572146,-1.1684063981329,-0.0906741902158765,-0.144748226528826,2.6176597315278,-0.485281197029374,-0.696019841208689,-0.327695780864305,2.60479074655849,-0.67051635910956,-0.393738487172294,-0.393704747862217,1.58328105630474,-0.96989115482413,-1.18506030313215,-0.450541875084388,0.267291821389945,-0.596396257762758,0.715936366060339,-0.594816996410791,-0.66835713199868,-0.82637886801639,0.90979213785943,-0.696146708575971,-0.651049889596885,-1.63873869363175,"Masculine",-0.404708713784664,1.23709114477995
1.89235296949696,-0.0222437625044037,0.630629540532646,0.745096822437977,0.283281155336576,-0.271276616501332,0.0519257301379719,1.25089663431321,0.264008546801011,0.127064683561969,0.0814360658104744,-0.766541941486642,-0.485281197029374,0.0715363839554186,1.16138096212986,0.887224351949554,-0.39851945003277,-0.173575122693146,-0.643484888355,-1.48337977300206,1.23626128365661,-0.219837715241586,-0.402543013869992,-0.421068756608755,0.13567909195028,-1.2000120054114,-0.235933722098877,-1.06958758999688,-0.991376273893072,-0.368265309067795,-0.537933241863606,-0.121127140140229,0.138859362968472,"Masculine",2.4680596971786,-0.807414449455619
-1.17939245740573,0.66572403495323,0.361090016503863,-0.987509214971634,-0.831606134079894,1.1186573031226,0.0519257301379719,-0.962441951046988,-1.13436362978896,0.306674852863525,-0.287893213661363,-0.0782559522309608,-0.485281197029374,-0.696019841208689,-0.327695780864305,-0.733808618572149,-0.0628742697277764,0.978772566795032,-0.365436880277002,-1.35518883123393,-0.00211852118507833,2.31426095775974,-0.015410473636146,1.33899507931199,-0.596396257762758,-0.0504429825283554,0.130046453484271,-0.148523046481003,0.119569369615921,0.567341162218535,-0.837050167989384,-0.251065985742689,-0.812274062138728,"Masculine",-0.404708713784664,1.23709114477995
-0.572224856559344,-0.710211559962037,1.52684395660028,0.995348672425049,0.0785791600483126,0.635776353221576,0.0519257301379719,-0.794283066018808,0.264008546801011,0.732175458503346,0.0814360658104744,-0.766541941486642,-0.485281197029374,2.46207344886048,-0.327695780864305,0.933617551442597,-0.67051635910956,1.33929099462776,0.522931256545355,-0.103501152578086,-1.19385067397421,-0.540717801146982,1.62225829907461,1.95475110105211,0.501716766806798,1.09912604035469,0.877375396747483,0.87677538282067,-1.08602466105638,0.29090856595151,-1.16556503628208,1.37430189241703,0.547799549537219,"Masculine",-0.404708713784664,-0.807414449455619
1.08783326987565,0.321740136224413,1.00954461793653,0.673246796292707,-0.533291694420396,-0.466023436193241,0.449869821283861,0.608067774889999,-0.59854172450561,1.09097881530543,-0.663229969114437,-0.257079916963154,0.0011403653460362,0.890505373863266,-0.327695780864305,-0.733808618572149,0.229024162925178,-0.765064959927753,-1.29039711333341,-0.215491515262529,0.967271870723282,-0.528469756431427,-0.369298087200558,-0.00928042247603231,0.867754441663317,-0.0504429825283554,-0.0654831475529156,0.0236241637887265,-0.939632506183602,-0.844667016961668,0.0520855522921206,0.130517743231778,-0.62381535419449,"Masculine",-0.404708713784664,-0.807414449455619
1.74377827244512,-0.0222437625044037,1.39754360046866,1.25265858721728,0.465333756906527,-0.674900510795505,0.0519257301379719,-0.0469341866596997,0.264008546801011,0.228337329803841,0.0814360658104744,-0.117417051619645,-0.485281197029374,-0.696019841208689,-0.327695780864305,0.120028575383679,-0.67051635910956,-1.31157598764732,-1.09532180760889,-1.94057889219816,2.71516241083536,0.680428094982985,-0.029534252234913,-1.42412246597795,-0.596396257762758,-0.0504429825283554,-0.701314170089538,0.490950947905307,-1.15504166673455,-1.70399527540099,-1.10418320593,1.25159439513651,-0.656195055621173,"Masculine",-0.404708713784664,1.23709114477995
1.76444281617238,-0.0222437625044037,4.41139523211711,0.696246268260012,-0.43303084822552,-0.373518503228983,0.0519257301379719,0.765513318297746,1.05095255975854,2.03976626799172,1.36912163373113,-0.766541941486642,-0.485281197029374,1.61991523817536,-0.327695780864305,1.10036016844407,-0.67051635910956,0.168502347482955,-2.24270197280114,-0.982766788953055,0.568129189394386,1.25876784466389,-1.26946251909718,2.04199789497091,1.96586746623287,1.09912604035469,0.247257582543271,-0.567620380901223,-1.06292662731061,-0.143083721345847,-0.953577314056783,0.983796140224393,1.50021642104928,"Masculine",-0.404708713784664,-0.807414449455619
-0.010382251712799,-2.0861471548773,1.28242184312727,2.51282713620346,0.179321133572424,-0.674900510795505,-0.346018361007918,-0.621802278840954,2.20737638367782,-0.297266433785287,0.213449497121268,-0.766541941486642,-0.485281197029374,-0.696019841208689,-0.327695780864305,-0.733808618572149,0.342837978975306,-2.650014617137,-2.34779358757186,-0.321139502740253,3.00193102429511,2.1419534022435,0.0882356699224975,-1.29852392636347,-0.596396257762758,-0.0504429825283554,1.50593232459788,0.665872212181395,-1.28373069616091,-2.49221672174645,-1.39893300491311,1.13916954409716,0.636502255182516,"Masculine",-0.404708713784664,1.23709114477995
0.363812403180806,1.00970793368205,-0.163630208019037,-0.807233871701165,-0.804609913104333,-0.674900510795505,0.0519257301379719,0.517678916158751,1.48982518236946,1.25687828615854,0.623422285496605,-0.163188678469243,-0.485281197029374,0.055545629264499,-0.327695780864305,1.6470835568816,-0.137855745500849,2.36031544741733,1.40877134323652,-2.01011787881005,-1.10622817776403,-0.588119038074578,-0.435010054739712,0.952362265555203,0.867754441663317,1.09912604035469,-1.17315823541342,-1.25373316942056,1.77203479049545,1.67736999275332,2.15310399057778,-1.02898399146679,-0.151322992191527,"Masculine",-0.404708713784664,-0.807414449455619
3.05031217936522,0.66572403495323,-0.19062876073661,0.15410581192019,3.51555642506335,0.803306478697441,0.0519257301379719,-0.00803106694358084,0.967567763683566,-2.0798436840247,-0.225195131461415,2.5578945805695,-0.485281197029374,-0.696019841208689,-0.327695780864305,-0.733808618572149,0.796945993613777,-1.78470044611662,0.430430839440141,-1.01679466022834,2.25681477450614,-1.00741233751543,1.13017450882424,-3.39181392956351,-0.596396257762758,-0.0504429825283554,-0.216072010558435,0.358699182327696,0.412767362624678,-1.72347170397431,-0.28221964592742,1.62012236043548,0.499714536910616,"Masculine",-0.404708713784664,1.23709114477995
0.076845887875011,-0.0222437625044037,0.92017573649294,0.575530557962285,2.74116443535846,1.06905155546022,-1.93779472559148,-1.19024852699876,0.264008546801011,-1.47476766240782,0.0814360658104744,5.18771799719603,-0.485281197029374,1.58610596694348,-0.327695780864305,-0.733808618572149,4.99046067311149,-3.07190281331372,-0.990491036150211,-1.02468433411785,2.92453610977079,0.377154373625205,3.62654845041933,-2.81298620243681,-0.230358582906239,-0.0504429825283554,2.09549776795655,2.08319979026719,-0.518588448450856,-3.2199731375509,-1.29215189738775,3.20041148854615,-2.51255579359146,"Masculine",-0.404708713784664,-0.807414449455619
-0.502246352687394,-0.0222437625044037,1.79382811131692,-0.213280360438563,0.711089480840525,-0.200642434999852,-1.53985063444559,-1.1392319007861,-0.280798846784966,-0.257227317089548,-0.663929911909458,2.4513421279395,0.743660801587475,0.105649993962713,-0.327695780864305,-0.733808618572149,1.03399760443832,0.245179384388122,-1.11508879662993,0.770269073569552,-1.0625492899251,0.401712037308551,1.29440098892068,2.2790124646856,0.13567909195028,-0.0504429825283554,1.2136401918276,0.0696597280375971,0.479574655799769,0.591364764849683,0.0457477659282003,1.76630799142866,0.820216264072904,"Masculine",2.4680596971786,-0.807414449455619
0.480986473441936,-0.366227661233221,0.0600526280232071,-0.944018793796264,-0.684230995220367,0.265776664336369,0.0519257301379719,-0.0743792373216064,0.76990112655942,0.483865159831465,1.0937505991793,-0.168934900021789,0.0852990166141639,0.0483878628790402,-0.327695780864305,2.80351689924485,-0.67051635910956,-0.671658899749453,-0.884578511961328,0.692548271782816,0.109542466026576,-0.840888631714239,-1.69424014238764,-0.126380129830873,0.13567909195028,0.715936366060339,-0.0931185581652292,-0.320378146855961,1.19105395699733,-0.439156303997383,-0.181032364099914,-0.289332685456598,0.625760911920784,"Masculine",2.4680596971786,-0.807414449455619
0.458313922608376,0.66572403495323,0.1549841077142,1.25966307570247,0.261932886197836,-0.674900510795505,-0.743962452153807,0.0524822008176184,0.264008546801011,-0.130716287994888,0.0814360658104744,-0.125157893577174,-0.485281197029374,-0.696019841208689,1.22226314582979,1.79715682858823,-0.67051635910956,-0.410491575074868,-0.234228662367138,0.15671167070813,0.291600407600803,-0.182762807284842,0.806210871681488,-0.0630412439150524,-0.596396257762758,-0.81682233111705,0.197073582860059,0.33380877134854,-0.941725215384391,-0.30018672461054,-0.541264989803122,-0.00377301342791206,0.464640762994746,"Masculine",-0.404708713784664,1.23709114477995
0.683260039808114,-0.366227661233221,0.546362107125759,0.720428241369686,1.00166583811414,-0.674900510795505,-0.743962452153807,-0.122906820391434,0.756608740383387,-0.704466501077695,0.457494335624558,0.106315329277325,1.73707141252505,0.0288284641626703,-0.327695780864305,-0.733808618572149,-0.67051635910956,-1.87279918054242,-1.10445678398801,0.91994468257455,1.30861348185818,-0.159000145250257,-0.0564010845539795,-1.2402998780719,0.867754441663317,-0.0504429825283554,1.72832661801628,0.998762881081556,-1.018122618746,-2.13400812635626,0.421565141097249,0.792458446281018,-0.0664889741684825,"Masculine",-0.404708713784664,-0.807414449455619
0.102295526504289,0.321740136224413,2.39046875753817,1.05169416239886,0.740530838219985,-0.136458598333143,-0.743962452153807,-0.18336650558697,0.264008546801011,0.790539261930303,0.0814360658104744,0.704131637118272,3.25915145500635,2.96786182734811,-0.327695780864305,1.84549123816942,3.65735112646122,-2.03255992002811,-1.79083841609733,-0.220063955447127,1.51450509257089,1.24858175918751,1.68561291618469,0.198335381370728,1.23379211651984,-0.0504429825283554,0.976600492001805,1.83070528592605,-0.794963012136547,-1.70170806189278,-0.920410622811314,2.16364991053947,0.333281660685615,"Masculine",-0.404708713784664,-0.807414449455619
0.605811885080562,0.66572403495323,-1.00331180573428,0.346288043639088,1.75536107309437,-0.422962623890621,0.847813912429751,0.488870247444108,0.653156685076709,-2.29319349355176,-0.106470934204932,0.382702369022692,-0.0463733403804998,-0.696019841208689,0.783202741686896,-0.733808618572149,-0.264679701121971,1.35721549676144,2.38502789425893,-0.969481181810048,-0.683166949838529,-0.547822436189997,0.979807185625071,-0.888212675342313,-0.596396257762758,-1.96639135400009,-0.414452677015929,-0.255839505686538,-0.284036137066621,0.848641629774462,0.646039942798136,-0.58319457488994,-0.265390354263061,"Masculine",-0.404708713784664,1.23709114477995
0.185712059010979,1.69767573113968,-1.09503804119123,0.469382686408831,1.55724606096092,-0.241045209896108,0.847813912429751,0.0717025671014009,0.6257705504875,-1.38037176224319,0.0256079962255382,0.942844828651192,-0.485281197029374,0.368626818440052,1.73774324290286,-0.733808618572149,-0.67051635910956,0.328397903806108,1.94914601448878,0.457797927226115,-0.583420150225586,0.142496484300252,1.28146822288677,-1.27615315729215,1.23379211651984,-0.81682233111705,-0.486143944041647,0.89284829660133,0.58926092915087,0.405994234040341,0.254347983349257,0.0393368011217842,0.252028607710897,"Masculine",-0.404708713784664,-0.807414449455619
1.24368578629159,0.66572403495323,2.20450284183284,0.906949002993676,2.4397583117535,-0.674900510795505,0.0519257301379719,-0.667801518869623,-0.720974356834566,-0.532516204851685,-0.273984710795509,-0.350987376229624,-0.485281197029374,3.44505612855087,-0.327695780864305,-0.733808618572149,0.063214817252108,-0.501401057595066,-0.227596079847343,-0.908706127942165,1.20990993432997,-0.265624920764666,1.99569244446766,-0.230676171508205,0.13567909195028,-0.0504429825283554,0.493984177012323,0.612356669215942,-0.937064756904877,-0.982309874555241,-0.880777006766243,3.16473617247617,0.533846733003239,"Masculine",2.4680596971786,-0.807414449455619
2.14846436853092,-0.0222437625044037,1.5414975605255,1.31055571668505,-0.729968953411382,-0.369816021563546,0.0519257301379719,0.606246420989764,-0.488432018708121,1.54432846169526,-0.906654308322727,0.820694298491681,-0.485281197029374,-0.300592477317231,-0.327695780864305,0.518869895325945,-0.110010081045755,-1.45233383944922,-1.94192450265095,-0.998567251748366,2.06547780220437,-0.212550754834773,-0.166330074127038,-0.405372630601886,0.501716766806798,-0.0504429825283554,-0.937666747245016,-0.434611399768329,-0.484033518638678,-1.00592775456464,-0.989157923036277,0.294335120922875,0.141005485498287,"Masculine",-0.404708713784664,-0.807414449455619
-1.96487392749574,1.69767573113968,1.0439813678743,1.00499860027049,-0.529444697789214,-0.378047467823562,2.04164618586742,-1.330477555146,0.598439108446129,0.10420751076162,1.29528020190402,1.01122926790776,0.269106073894924,-0.203914013742509,-0.327695780864305,-0.473984078963346,-0.321743827218861,-0.610362556917776,-0.853630784451031,-0.304691984510948,0.784852250369455,1.15479067833206,1.27159476813339,0.316398261361664,0.501716766806798,-0.0504429825283554,2.44533481210967,1.8649934633329,-1.06521031130612,-1.90427689462248,2.06140810723693,0.56670558452982,0.169082782799215,"Masculine",-0.404708713784664,-0.807414449455619
0.457400981276452,-0.0222437625044037,-1.15582990665311,0.455844618898488,-0.276137047224446,-0.637136098655175,0.847813912429751,0.883331440149145,-0.451051157280583,-0.916093635708336,-0.209280721088651,0.138487953039459,-0.485281197029374,-0.696019841208689,0.40133137455992,-0.733808618572149,0.128474561303507,-0.641590547420208,-0.0243353607885796,-0.636925828011106,1.12139510202065,-1.2804879250006,-0.524771873614818,-1.67033994030386,-0.596396257762758,-0.81682233111705,-0.985713332750519,-0.922271126457936,-0.590394054207075,-0.344974594515996,0.00966883903850031,-0.636991045799292,0.346266776028672,"Masculine",-0.404708713784664,1.23709114477995
-0.483863875819917,1.69767573113968,-0.54123870350731,0.320666047089543,0.133823687387551,-0.674900510795505,1.24575800357564,0.506999541623881,0.808815940386989,-0.740546386118216,0.590056946277295,0.198823279341199,0.743660801587475,-0.295184923622988,1.22756215070738,0.112730821589184,-0.102345037926934,0.327990584245707,0.498483196050201,-0.0667241764412607,-0.335732596285562,0.0734778983214001,-0.716263753881712,-0.308720378428696,0.501716766806798,-1.96639135400009,0.163948736915337,0.0696597280375971,-0.782335974963607,0.0372299788578431,1.24003344654421,-0.411812212270809,0.152165322653339,"Masculine",-0.404708713784664,-0.807414449455619
-0.0211029313571934,1.35369183241086,-1.64074059682409,-0.368983359071122,0.247355462106781,-0.43183962997284,2.04164618586742,1.39881231236719,0.264008546801011,-1.40925003148955,0.0814360658104744,-0.107570349673005,-0.485281197029374,-0.148788973559599,0.203124458324396,-0.155949140749069,0.105166774827046,0.915045009996155,1.86728930886056,0.49285024898896,-1.22417646508821,-1.33434781507653,-0.653811034471447,-0.816163779938826,0.867754441663317,-1.96639135400009,-1.595510752382,-0.423939238710682,-0.470581851335882,1.28486458807525,2.63837492326622,-1.44341477853411,0.31460295235462,"Masculine",-0.404708713784664,-0.807414449455619
0.0775768168988557,1.00970793368205,0.800662315122552,1.85207170309849,1.02894939794065,-0.6221074040279,-0.743962452153807,0.100315076007591,1.17722437845659,-1.06706326492564,0.379895558421914,1.39100783572171,0.544706008115119,-0.0241332315019989,0.97577970619792,-0.0243163943681674,1.71043079627608,-1.67806525337414,-1.20159533310976,0.904331889258953,0.783328019411829,-0.100749535052155,0.125422619555014,-0.651600491072431,0.13567909195028,-2.73277070258878,1.63314439041379,1.31111399842614,-0.76651585027664,-1.96286089677847,-0.594017665512189,0.966196222763258,-0.653059850534145,"Masculine",2.4680596971786,-0.807414449455619
0.0361680563830965,0.66572403495323,1.60168959812703,0.323827438828644,1.58671931963048,0.0242514436944017,1.24575800357564,-0.881254785556266,-0.0793081410781237,-0.990511824293126,-0.343012900614448,-0.0906129717867184,2.09615890778519,-0.696019841208689,-0.327695780864305,0.155285766516503,-0.0737834634330152,-1.2137051765979,-1.80256835015868,0.372734846836412,0.889998940018732,2.21657575283042,0.452455540494067,0.620698734809786,-0.596396257762758,-0.0504429825283554,1.51265463380143,-0.52687056453563,0.515088831001536,-0.305568970568243,-0.964174861592824,2.13821469055589,1.11652918163803,"Masculine",-0.404708713784664,1.23709114477995
-0.161427948302625,0.66572403495323,1.06933589804825,-0.696083656998486,-0.827812409340906,0.697720265162232,1.64370209472153,0.0484465059445596,0.647537217375978,0.727330968558975,1.73555748841187,-0.313482451567439,-0.485281197029374,-0.13166743016745,-0.327695780864305,0.458070015590016,-0.67051635910956,0.272284855340301,-1.076458724223,-0.451378475092419,0.111135540264838,0.45473903268644,-0.949925326192939,1.07225384202341,0.13567909195028,-0.0504429825283554,0.754749806776558,-0.4313935241242,0.109657403257884,-0.216974710229179,-0.0515617646488616,-0.27803298062698,-0.824320428413568,"Masculine",2.4680596971786,-0.807414449455619
-0.392790405666169,-0.0222437625044037,-0.97829132452983,-1.5061641663985,-1.23928777954758,-0.674900510795505,0.847813912429751,0.0139324327196393,-0.289071410245057,0.609343612181154,-0.60585180895181,-0.358198735279639,1.07422220685535,-0.187368156202974,-0.327695780864305,-0.19668760718996,-0.310017201960064,-0.325098177031728,-0.175020537850771,0.297032000651288,0.156897039883937,-1.04419138513865,-1.47496206040554,-0.666985671798828,-0.230358582906239,1.48231571464903,-0.675067116623696,-0.793489055294824,1.64670174638562,-0.0211112958681389,0.186287359163714,-0.769204538328981,-0.119039776510899,"Masculine",-0.404708713784664,-0.807414449455619
1.58843691680645,-0.710211559962037,-1.04979917323101,-0.303843696285513,-0.33883799321944,0.025708010266255,-2.33573881673736,1.4927727762273,-0.0352518524926945,0.724818957602021,-1.49074413386554,0.411838140275042,0.639806548183236,0.771826335865708,-0.327695780864305,0.816193173272545,-0.150359515773353,0.737381163823367,0.86808567621192,-0.540037965003698,-0.489679144071613,-1.17358067902767,-0.0325568292668104,-0.105799569261754,0.13567909195028,-0.0504429825283554,-2.03470076924904,-1.47073101184001,-0.159974916682143,1.5608219005034,-0.109518717762669,-1.31176499434763,0.0521731817440854,"Masculine",2.4680596971786,-0.807414449455619
-0.43452404744121,-0.710211559962037,0.5282537861984,0.0418535284730769,0.0939120922892348,-0.358141870189874,-1.1419065432997,-0.63731674767359,-0.0674080825727811,-0.143785910834574,-0.830287862775403,-0.114042052192261,0.760699858760672,-0.696019841208689,-0.327695780864305,-0.733808618572149,-0.67051635910956,-0.333111651936846,-0.738887937988085,-0.0849291422777053,0.484152679441813,1.86497072710007,-0.40778593289717,0.393333517646903,-0.596396257762758,-0.0504429825283554,0.890684860977311,0.508255988288499,-0.737275623489581,-0.556074275170809,-0.412481241597044,0.279320500452909,-0.490145304715115,"Masculine",-0.404708713784664,1.23709114477995
0.288342793551008,-0.710211559962037,-1.52367099206913,-0.587351156053958,-1.1004904604019,-0.272499719211314,0.0519257301379719,1.10994804009261,-0.0371369573701355,0.809990738762862,-1.19128719721573,-0.173640467277417,-0.485281197029374,-0.696019841208689,-0.327695780864305,0.0460741727575832,-0.147082937232653,0.121723317408837,0.66030848499699,0.663173480556356,-0.51732671265522,-1.16127690404956,-1.07889207832414,-0.558737554588276,-0.596396257762758,-0.0504429825283554,-2.29399019669068,-0.81068180525757,-0.149072772738992,1.20970189387544,-0.611544047902367,-1.46341696541627,-1.18984673642488,"Masculine",-0.404708713784664,1.23709114477995
-0.0596317478587827,-1.05419545869085,-0.761505333654555,-1.157831045507,-0.117045011684708,1.57197411323377,0.0519257301379719,-0.511881059845773,-0.413073783012217,-0.365296111165541,-0.442286135829066,-0.766541941486642,-0.485281197029374,-0.696019841208689,-0.327695780864305,0.0176717645756187,0.842595429472393,0.763074010103454,0.964474436808253,-0.0585955621771139,-0.728707374497124,-0.43157432767704,0.248896003791266,0.151771472708288,-0.596396257762758,-0.0504429825283554,-1.14044781992598,-0.466014825876778,2.16895799795942,1.1794347507207,-0.076315293371452,-0.395362519717868,0.853761122665178,"Masculine",-0.404708713784664,1.23709114477995
0.296874580480395,1.00970793368205,0.225911994502942,-0.790629910088921,0.263555283503932,-0.132891281314758,0.449869821283861,-0.0992047187862074,0.0360855490075926,0.154128588608412,-2.15355027005311,0.130937048079169,1.22849965920628,0.421922598780035,-0.327695780864305,-0.733808618572149,-0.67051635910956,0.361779659435919,0.0263861021501879,0.615290645215326,-0.729860893207816,0.191724344696688,0.175348916276361,0.844476675710502,0.867754441663317,-0.0504429825283554,-0.029498573039845,0.0113184285320062,-0.118970015417225,0.607451940230506,-0.51557791215753,0.211326439630659,-0.179839832709411,"Masculine",-0.404708713784664,-0.807414449455619
0.27259299261019,0.321740136224413,-0.00744081884947558,-1.38954695006205,-0.419495319410838,0.429602464499787,0.449869821283861,0.396121437972734,0.0729721880111229,0.679031054323196,-2.01945760264897,-0.766541941486642,0.232931659305149,-0.227511495978648,-0.327695780864305,-0.239077776919422,0.657676339758914,0.124009749964475,-0.231649858737384,-0.279233501606323,0.0683368243042619,-0.728990629786798,0.277255806723804,0.22899034221844,1.23379211651984,0.715936366060339,0.31909793773415,-0.908878720681668,1.26439640779898,0.194526124046614,0.632254466312306,-0.331157057347664,0.4415203828798,"Masculine",-0.404708713784664,-0.807414449455619
0.448374799233878,1.00970793368205,0.512194109939219,1.3800735553633,1.49797819232384,-0.526372535774683,0.847813912429751,0.113663659603734,0.716082767010652,-1.41623487946795,0.388126901553098,-0.766541941486642,-0.485281197029374,-0.0308044460664627,2.25337057365891,0.67108662254666,1.21532887715618,-0.763825164231274,-0.659747092088625,0.330402408138349,0.477921443729913,0.413933521207011,0.184155512905175,-0.483567192152623,0.501716766806798,-1.96639135400009,1.81878146624006,0.5201764590872,0.367910094936207,-1.15272815580244,-0.129733875402482,0.537688950906523,0.952355808392487,"Masculine",-0.404708713784664,-0.807414449455619
0.265627807970259,-0.0222437625044037,0.651092787242,0.105125073219926,-1.45893640018524,-0.674900510795505,0.0519257301379719,1.45054073432506,-0.0617621434011658,2.29984541984904,-2.48930972676488,-0.766541941486642,-0.485281197029374,0.901857002318638,-0.327695780864305,0.953501679534768,-0.104280885699278,0.88246353002698,-0.615088365651485,0.0315904480702422,-0.878487795958609,-0.264541755882576,-1.19760322463776,1.6794695913235,1.23379211651984,1.09912604035469,-0.201446414624265,-0.919008581268828,-0.0373019751513886,0.883199195827128,0.00653235762747076,-0.982786821257584,-0.0263920718274682,"Masculine",-0.404708713784664,-0.807414449455619
1.27521035961609,-1.74216325614849,-0.146893111556587,-0.277158513723714,-0.755944994557,-0.545557399214873,-0.743962452153807,0.417460941430492,0.264008546801011,1.43893763629983,0.0814360658104744,-0.766541941486642,-0.485281197029374,-0.696019841208689,-0.327695780864305,-0.733808618572149,-0.00972068735640736,1.8568422852613,1.33287398686587,-1.80177956766641,-0.538472105262249,-1.59983102990485,0.822904579953389,0.544031517053551,-0.596396257762758,0.715936366060339,-1.88604511174373,-1.23828397766771,-0.480963994458752,1.56590072865484,0.0976241667618149,-0.947467564933302,-1.59769714325855,"Masculine",-0.404708713784664,1.23709114477995
0.471330786079971,-1.05419545869085,0.634760618506836,-1.08703702236532,1.58465964687672,-0.674900510795505,-1.1419065432997,-0.706976327141311,2.49406563308297,-0.566884225721923,0.199342677249788,0.331103644877375,-0.485281197029374,2.03853907176664,-0.327695780864305,-0.733808618572149,-0.67051635910956,0.948390525647213,1.15448426933638,-0.297202346888837,-0.653826962205623,1.7715871683876,1.30500841085966,0.705289189675271,0.13567909195028,-0.0504429825283554,0.465755068044494,1.18267927530404,0.282301869350172,0.409557318925034,-0.286457922923198,1.24828442040643,-2.37480997749893,"Masculine",2.4680596971786,-0.807414449455619
-0.968780667388637,-0.0222437625044037,-0.3292827596522,-0.575660955046866,0.132399593260484,-0.116739365385305,-0.743962452153807,-1.00532193506623,-0.116543483345612,-0.717946681267415,-0.300799939030514,2.04310310420634,-0.485281197029374,-0.696019841208689,-0.327695780864305,-0.733808618572149,-0.174426474196372,0.330668558370466,-0.182499956398649,0.0313414506122468,-0.445255777732397,1.31537870777279,-0.623375901513439,0.289934234530573,-0.596396257762758,-0.0504429825283554,1.07002568928985,-0.230543373781041,0.388483625284544,0.0186209748506494,0.408531930633673,0.0826995990669662,-0.816826467998405,"Masculine",-0.404708713784664,1.23709114477995
-1.03038047880028,0.321740136224413,-0.705235773481824,0.99576172640009,-0.333855386599929,0.367288589710316,0.0519257301379719,-0.413339571317621,-1.13949527080396,-0.231113759604564,-0.122821469852719,-0.421136036786773,-0.485281197029374,-0.696019841208689,-0.327695780864305,-0.733808618572149,-0.67051635910956,1.71729407788095,1.46888585992424,-1.51072950363878,-0.556547406879644,0.57260458214819,0.711141316915095,0.404782949501651,-0.596396257762758,-0.0504429825283554,-0.44229508282869,-0.433829200559088,0.516881473871265,1.10265033410034,0.676944938843484,-0.805805897064179,-0.842822263696944,"Masculine",-0.404708713784664,1.23709114477995
0.939419004499172,-0.710211559962037,-0.978351296759456,-0.840277608369415,1.59586492012847,-0.674900510795505,-0.743962452153807,0.120519662823431,-0.757037804107262,-1.44807951213577,0.0795606989009451,-0.766541941486642,-0.485281197029374,0.377153736766757,-0.327695780864305,-0.733808618572149,-0.67051635910956,0.530818015780958,1.99205269499555,-0.595447258055619,0.0636263738246056,-0.160867756973777,2.01238599079095,-0.995384226742236,-0.230358582906239,-0.0504429825283554,-1.25508495488393,-0.207937977169565,-0.294878545169538,0.963671243734848,-1.12970530036143,0.161534223995661,0.32896063758334,"Masculine",-0.404708713784664,-0.807414449455619
-1.03009570298153,0.66572403495323,-0.0281301970207657,-0.255544932379129,-0.477951198415469,-0.301538951593679,0.0519257301379719,-0.83785109431281,0.264008546801011,0.0679746078242597,0.0814360658104744,0.127739379470265,-0.485281197029374,-0.696019841208689,-0.327695780864305,-0.733808618572149,-0.275765500568188,-0.544838150912012,-0.221865045712603,0.264991556965639,0.46166752009644,-0.846318361702573,1.63121746715735,-0.263285125646269,-0.596396257762758,-0.0504429825283554,1.03032115479734,0.437869238805413,0.43518618550938,-0.79242092358277,-1.00411475172869,0.132905573511783,-0.343690831617251,"Masculine",-0.404708713784664,1.23709114477995
1.58901479614116,-0.0222437625044037,-1.1354261926537,-0.591187526944982,1.1299644000809,0.149232589541269,0.449869821283861,0.497313844056041,0.264008546801011,-1.22081673689962,0.0814360658104744,0.921764946956667,-0.485281197029374,0.355497767704474,-0.327695780864305,-0.733808618572149,-0.67051635910956,-1.56602162654792,-0.121982267502806,2.71468321333676,-0.170638152421591,-1.51231248504758,-1.08185867775449,-1.63638006308675,0.501716766806798,-0.0504429825283554,-0.472971670757816,0.099695551096977,0.14503018572141,-0.3006289465539,-1.02677720474651,-0.198460100188815,1.4512530329616,"Masculine",-0.404708713784664,-0.807414449455619
-0.576231537422451,0.66572403495323,0.226190072196028,-0.129551872640697,-0.599637747942705,-0.0881894891926357,0.0519257301379719,-0.66591290565185,0.264008546801011,0.306604523428627,0.0814360658104744,0.106990392905141,-0.485281197029374,-0.696019841208689,-0.327695780864305,-0.733808618572149,-0.284924453202557,-0.158245014608734,-0.295790671637381,-0.152462580125645,0.351714319285168,-1.12198739094793,1.02804511370026,-0.0152535917746322,-0.596396257762758,-0.0504429825283554,0.896564019279813,-0.0646910637683571,0.434568451690298,-0.5996025822062,-0.904131537451398,-0.0114852338336255,-0.303251010610202,"Masculine",-0.404708713784664,1.23709114477995
2.08920352771325,-1.74216325614849,0.349134005821459,-0.86071912161317,0.644978032882196,-0.674900510795505,-0.743962452153807,0.392426111079139,-0.570005014595092,-0.557014346871046,-0.273724329274186,-0.766541941486642,-0.485281197029374,-0.696019841208689,-0.327695780864305,-0.733808618572149,-0.67051635910956,-1.47966697775464,-1.17937769550208,-0.704247072477518,2.17233363625925,0.0136595271975698,-0.390548593053908,-1.42675953683915,-0.596396257762758,-0.0504429825283554,-0.362064871554291,-0.345947092463532,-0.200267487163364,-1.26783512459957,-1.11096974435997,0.35008566535633,0.672059805290341,"Masculine",-0.404708713784664,1.23709114477995
-0.427224925413143,-0.710211559962037,-0.618639039440422,-0.317077730675248,-0.325675448037187,-0.674900510795505,-0.743962452153807,-0.0204489738224585,0.264008546801011,-0.909177750857426,0.0814360658104744,-0.766541941486642,-0.485281197029374,-0.696019841208689,0.585784028341956,0.757834672073574,0.330628890564645,-2.37202036372144,-1.66224011120552,2.04517114143236,1.04245735291417,-1.29531778067773,-1.28612513250729,-1.52696028657993,-0.596396257762758,-0.81682233111705,1.31330969027167,-0.114692922720368,-0.519717565711417,-1.74856712944073,-0.615527316627407,-0.119375607499511,0.280503449936419,"Masculine",-0.404708713784664,1.23709114477995
0.633317850355999,-0.0222437625044037,2.20051785792488,0.9375967477745,-1.2423854741441,-0.674900510795505,0.0519257301379719,0.160266546722734,-0.806008852112457,1.97591958083199,-0.779539640487588,-0.315112161962832,-0.485281197029374,1.55326962438014,-0.327695780864305,0.453782682373605,-0.271978921589373,-1.18485287022695,-1.97838952576928,-0.00861637167430632,1.25224322357551,1.01744622249488,-1.02072206711181,0.468152946433928,0.501716766806798,0.715936366060339,0.103894446757626,1.62662164196765,-1.07664667725883,-1.68283742853357,-1.08692865645184,0.606109985601643,1.06754196542766,"Masculine",-0.404708713784664,-0.807414449455619
-0.37439553307343,-0.0222437625044037,-1.38617281985182,1.02991572125298,-0.280089203340625,-0.674900510795505,0.449869821283861,-0.110909599967685,0.902710601405813,-0.705041099551845,0.387367633105291,-0.0120480815209946,-0.485281197029374,-0.226103154259521,-0.327695780864305,-0.237590610060748,1.32776153402773,-0.826940765538329,0.425046183620985,0.357056073288666,0.507439752717735,-0.336979221373956,-0.277252308941172,-1.58499700028856,0.13567909195028,-0.0504429825283554,-1.04281077805064,0.202234704443524,-1.14718763043516,-0.226551187877895,-1.02178021876409,-0.318842879200188,1.4522863512167,"Masculine",2.4680596971786,-0.807414449455619
-0.302065577291874,-1.39817935741967,1.8302203176675,0.450204622996908,0.248156460531575,-0.674900510795505,-3.52957109017503,-0.704051705315358,-0.816372216750844,-0.218334898166486,-0.460703805340984,0.509703604692537,-0.485281197029374,0.893732204809175,-0.327695780864305,-0.733808618572149,-0.67051635910956,1.06393418523998,-1.21872589161028,-0.465359944666728,-0.674029284198632,1.91770869618989,-0.442008433838447,2.45208117521912,-0.230358582906239,-0.0504429825283554,0.717175952458287,-0.811908623264354,-0.683863596486248,1.00327609487266,-0.521829793489257,0.809034827739128,-0.349439989473662,"Masculine",-0.404708713784664,-0.807414449455619
2.5201810006058,1.00970793368205,0.227271640710884,2.35596256942945,0.867763209727116,-0.674900510795505,-1.1419065432997,2.08717278036615,0.425928441084397,0.280344354079609,3.85529637919041,-0.128959492506358,-0.485281197029374,0.892386098080963,0.442690239431577,0.943500687081973,0.455242228161687,0.784071572905342,0.0834948289323762,0.0880238981902947,-0.926327376556524,-0.931860746260543,-0.538148740779946,0.761294745625827,2.33190514108939,-3.49915005117748,-1.02063109615937,-1.3779417795551,1.77798892480214,1.428365015567,0.730253334161591,-0.556349945531363,-1.4503872928119,"Masculine",-0.404708713784664,-0.807414449455619
1.20034347235039,1.69767573113968,0.209471437317633,-0.193107436737735,2.70689727910336,-0.519065436601972,0.847813912429751,0.965639640626238,0.568413824019538,-1.13228297323171,0.332396539895199,0.671824576652261,0.201376939733623,1.99152659761807,5.75518982542609,-0.733808618572149,-0.0355971176733884,0.697121309876431,1.19467222802999,-0.124522277659773,-0.638025543364657,1.09133290381952,0.232416650076629,-0.436674178500591,1.96586746623287,-2.73277070258878,0.795281788252937,1.00381776502685,-0.083685978770371,-0.160448476316899,1.11311347537005,0.595194036856562,0.745404586865865,"Masculine",-0.404708713784664,-0.807414449455619
-1.12717111407955,0.66572403495323,-0.151521222580925,0.666519693707598,0.780014407702776,-0.491991060075418,-1.1419065432997,-0.944554960277044,-0.230119089242084,-0.968256798760512,0.0794661877658591,0.484263494137471,-0.485281197029374,-0.176665629054458,-0.327695780864305,0.363036503231572,0.0656524623563003,-0.374208039574386,0.718272072129556,-0.722693304938075,0.811608757307974,0.222328263676037,1.88478127093955,-1.19492070738963,0.501716766806798,-0.0504429825283554,1.64474270993427,1.33641817331686,-0.951559337592656,-1.45159632560338,-0.420871122704499,0.800199478267745,0.527516918673201,"Masculine",-0.404708713784664,-0.807414449455619
-0.226620774351747,1.00970793368205,-0.142590414588644,0.595674592627145,0.241824525780983,-0.133715943512523,0.0519257301379719,-0.324828706765807,1.3147085201454,-0.014476380414112,0.438139726715579,-0.766541941486642,-0.485281197029374,0.162912125046384,-0.327695780864305,0.17319792445785,-0.0617613721281761,0.1051890227241,0.732026510780236,0.181384536954792,-0.144044677083918,0.0383099548584878,0.911417228386896,-0.138869187953999,1.23379211651984,-0.0504429825283554,-0.289489408573998,0.824481226932371,-0.694620387401421,0.0287483239702103,0.62324538708528,0.345162822821686,0.367360673077133,"Masculine",-0.404708713784664,-0.807414449455619
0.294379549941898,-0.0222437625044037,1.49946196038302,1.5069756757291,-1.16273249844686,-0.674900510795505,0.0519257301379719,-0.307582702661288,0.264008546801011,1.32604628717164,0.0814360658104744,-0.515546984071404,-0.00599381756880414,-0.0707173697749947,-0.327695780864305,-0.733808618572149,-0.67051635910956,0.0767966113443689,-0.692163084864302,-1.30798516620725,0.955764759335483,-0.374561701396065,-0.990097142663372,0.116507072547925,0.13567909195028,-0.0504429825283554,0.216933162734695,0.410648235642406,-0.710959700984648,-1.23450935499343,-0.0854768802941674,0.259529202455992,-0.217455431680468,"Masculine",2.4680596971786,-0.807414449455619
0.459683009184803,-1.39817935741967,-1.03595323933242,-0.926598915866054,-0.283128326951138,6.75777407017607,-0.743962452153807,-0.621101013374318,-0.15260887182356,-0.135392094129228,-0.828540194294322,-0.766541941486642,-0.485281197029374,-0.696019841208689,-0.327695780864305,1.42403701321164,-0.67051635910956,1.46082614831061,1.78734255862444,1.39965517431295,-2.35338889288224,-1.66262325838025,0.479621812098797,0.844582918369987,-1.3284716074758,-0.0504429825283554,-1.23073934930334,-0.333968125005043,1.30223807052823,2.04965504899346,-0.0539454377851265,-0.853370940403402,-1.04740986538808,"Masculine",-0.404708713784664,-0.807414449455619
0.880108124860497,-1.39817935741967,-1.45722415275364,0.00520499302427675,-0.570998356712283,-0.674900510795505,-1.1419065432997,0.216164668585998,0.264008546801011,0.0835523058598643,0.0814360658104744,1.97657234720449,-0.485281197029374,-0.696019841208689,-0.327695780864305,0.168241604550584,-0.0650879021116798,0.157390462134729,0.618909406030221,0.0478478504044863,-0.345356272556961,-1.64033477819349,-0.328571176620048,-0.714594293564923,-0.596396257762758,1.48231571464903,-1.8584076336729,-1.6234330922635,-0.648490832302752,1.3223165639361,-0.665010606839507,-1.06040955103939,-1.91497989806676,"Masculine",-0.404708713784664,1.23709114477995
0.10742037854732,1.00970793368205,-0.861616911780493,-0.96622868340934,0.819942526795782,0.673570226960025,0.449869821283861,-0.424300627493508,-0.293041709562179,-1.04941241610154,-0.174795280462173,0.173514078795151,-0.485281197029374,-0.11053063574643,-0.327695780864305,0.193580093964144,1.81922313820756,0.38443866804377,0.964615613805516,1.20428298916503,-1.37821514001489,0.0495057421032358,0.0669165204682853,0.0578685591093526,-0.230358582906239,-0.0504429825283554,-0.134839842011017,0.146462918017468,0.189833926372805,0.953153407228776,0.314708727095698,-0.00195255409449139,-0.872059731799064,"Masculine",-0.404708713784664,-0.807414449455619
1.14571369319426,2.38564352859731,1.06915758344987,-0.550914964760775,1.53385452919863,0.0833177295047553,2.04164618586742,-0.32431908915059,0.264008546801011,-0.51963453945517,0.0814360658104744,-0.766541941486642,0.0245989938861283,0.634410949075766,0.962837396397302,-0.733808618572149,-0.67051635910956,-0.534772909306026,-0.554042767820085,-0.433576537084287,1.01143582523128,1.70766488817232,1.13754061891482,0.00972403124725354,0.501716766806798,-0.81682233111705,0.408557687908053,0.194199603596765,1.10405987701791,-0.298787923286145,0.814059353750036,1.23199238201767,-1.12871068061203,"Masculine",-0.404708713784664,-0.807414449455619
-0.163780965082909,-0.710211559962037,-0.225037331129389,0.505215094452277,-1.30855214674595,-0.503868297135165,-0.346018361007918,0.016160512246272,-1.45103535587772,1.10797573504057,-0.218247518709977,-0.766541941486642,-0.485281197029374,-0.696019841208689,-0.327695780864305,-0.733808618572149,0.819977913947999,0.0632794468833035,-0.34476716618534,-1.67671634950014,1.11269849834331,-0.00545284474221455,-0.202756379892458,-0.260343479743635,-0.596396257762758,1.09912604035469,-0.800790110392481,-1.03391454501435,-0.47527699589733,-0.0150862377248238,-0.308658538145296,-0.350093146936545,0.25777044832428,"Masculine",-0.404708713784664,1.23709114477995
0.073294912805709,0.66572403495323,-1.14233017087578,0.408428878248503,0.107352865564179,-0.237416456919836,0.847813912429751,0.848293931626965,-0.44649663687242,-0.463951354137409,-0.0546790386997328,-0.167031692883365,0.659513499134411,0.424147802681288,-0.327695780864305,-0.339520742382356,-0.405882423686123,-0.961692757060801,0.191442028653268,0.992911943656,0.357877014217346,-1.13936815186918,0.0904110379113917,-1.30011294898315,1.23379211651984,-0.0504429825283554,-0.497401452564979,-0.1659840588631,-0.814079076073343,-0.199027328386288,0.801416208601292,-0.346521899367229,0.525656677380939,"Masculine",-0.404708713784664,-0.807414449455619
0.368472613181334,-0.710211559962037,0.0855221101079681,0.945277393452153,-0.976735158519533,-0.494421750450436,0.0519257301379719,1.04295251353332,-1.78668737972637,1.39448058888122,-0.17223992378004,-0.766541941486642,-0.485281197029374,0.561290758188819,-0.327695780864305,-0.0699673685796838,-0.67051635910956,-0.645614550094253,-0.611004079289177,-0.320739286095993,1.02766700060974,-0.938944023675165,-0.609480078022426,-0.596912928234267,-0.230358582906239,-0.0504429825283554,-0.344480904337981,0.12000272683769,-1.03399474519405,-0.974156203694482,-0.413909150543178,-0.2942256183835,-0.834799787693306,"Masculine",-0.404708713784664,-0.807414449455619
-0.612414433634145,-0.0222437625044037,-1.44125036265518,-1.588101386157,-1.31523971012879,1.99540888957884,0.847813912429751,1.5794410666536,-0.795842416018266,1.76724907949887,-0.299310566593573,-0.319401281008189,-0.485281197029374,0.417939430941596,-0.327695780864305,-0.733808618572149,-0.275765500568188,1.14285803620937,1.43023579439869,1.079121570931,-1.75244746705967,-1.87253732949791,-0.231393577243919,0.319814462164676,0.13567909195028,1.09912604035469,-1.60904555063191,-0.490119505387633,3.77409902764018,1.62757048996149,0.806669463173169,-1.75687884418479,-1.16057117399834,"Masculine",2.4680596971786,-0.807414449455619
0.939913814813913,0.321740136224413,-0.817327059681354,-0.696358894657522,-0.389018262017941,-0.674900510795505,0.449869821283861,-0.108216321336017,0.840341865513121,0.430270045958711,0.73684412705034,-0.0857237929823787,-0.485281197029374,-0.696019841208689,-0.327695780864305,-0.733808618572149,-0.67051635910956,0.45971979245799,0.859298595003467,-0.541146480629103,0.0402123022119551,-0.696210383290876,0.368626048787693,-0.486033385908599,-0.596396257762758,0.715936366060339,-1.7734564679921,-0.67638849382422,-0.0895413518115985,0.952604530401317,-0.264299440027732,-0.625893186239618,-0.19671105249224,"Masculine",-0.404708713784664,1.23709114477995
0.488352388135145,1.69767573113968,-0.0169246506774128,-1.09597823392118,0.885947338340427,2.94168358000277,1.24575800357564,-0.444271158069168,0.264008546801011,-0.348398111125492,0.0814360658104744,0.21220789245493,1.3836903866557,0.116765000342906,-0.327695780864305,-0.733808618572149,-0.67051635910956,0.142658066482397,1.19841401892627,-0.254648744099658,0.0590215978068936,-0.547720853453245,0.660021908972385,-0.847563713201485,0.13567909195028,-0.0504429825283554,-0.274917064073829,1.62346970187273,1.87525772390546,-0.75672347658528,-0.331785090074238,0.554509170841471,1.41284209920316,"Masculine",2.4680596971786,-0.807414449455619
-0.862289404168199,-0.0222437625044037,-1.22046059883613,-1.4907298088729,0.178745382446341,1.45371755407434,-0.743962452153807,-0.402243915655853,-0.401957505955582,-1.56305543096435,0.164216466076103,0.0763515722212495,-0.485281197029374,-0.696019841208689,-0.327695780864305,-0.733808618572149,-0.67051635910956,-1.47696397583433,-0.367876942988959,1.96798142946186,0.311392944377433,-0.834065000893079,0.965006373983976,-1.05351561181394,-0.596396257762758,-0.0504429825283554,0.982737913721444,-0.0933411749029888,3.70682618067796,-0.551612076512479,-0.224401042189614,-0.290323501747756,1.4512530329616,"Masculine",-0.404708713784664,1.23709114477995
0.485458114440171,-0.0222437625044037,-0.440412391537388,-0.377956790575852,0.286806236845502,0.0592090414188962,-1.93779472559148,-0.0453989408423798,0.996680558864911,-0.47045654006552,0.387820996016522,-0.766541941486642,-0.485281197029374,-0.156965986524471,-0.327695780864305,-0.164583822601599,0.0935761073084539,-0.587691878547384,-0.0959906959898513,0.901590428312612,0.0835847269680296,-0.809358751368183,-0.029534252234913,-0.624650483226423,0.13567909195028,-0.0504429825283554,0.441453374420882,-0.143017833117458,-0.153751225266691,-0.33333059847414,-0.263263372200044,-0.164868166949432,1.26468564042059,"Masculine",2.4680596971786,-0.807414449455619
-0.464873186971486,-0.710211559962037,1.32471371008953,0.0242554759672449,1.412543359064,0.0272478092136442,0.0519257301379719,-0.971719070651784,-0.0637162092378545,-0.736983719040206,-0.289764517296809,-0.766541941486642,-0.485281197029374,-0.0932218289011436,-0.327695780864305,1.1758015581414,1.03837938840631,-1.21810232277838,-0.78990742968403,-0.759771800678987,1.65025772855352,2.05617241782026,0.774813123569252,-0.669381261030453,1.23379211651984,-0.0504429825283554,1.50455725069913,1.17992344707592,0.228751134938186,-1.6724884950718,-0.594017665512189,2.12211225280062,-0.0986027828307404,"Masculine",-0.404708713784664,-0.807414449455619
1.07962995048022,-1.39817935741967,1.67315417610375,1.07302031294391,-1.22027118722059,-0.674900510795505,0.0519257301379719,-0.143791627178778,1.11390808079513,1.68689738967317,1.08352191985256,-0.766541941486642,-0.485281197029374,-0.0707173697749947,-0.327695780864305,-0.0735078552463087,0.215830901935335,-1.23658901839697,-1.68578373298838,0.0956525140608423,1.2610277706641,-0.0545334158835903,-1.06477897596746,-0.0471495450976812,-0.230358582906239,1.09912604035469,-0.289917854065799,1.02348472396441,-1.12968806575227,-1.49693175721671,-0.743307138533595,0.355469143340914,1.390048797852,"Masculine",-0.404708713784664,-0.807414449455619
0.337261855451428,0.321740136224413,-0.310395596338373,0.994132457942977,-0.253554854543898,-0.674900510795505,1.24575800357564,0.00607394161466871,-0.929032242896627,0.524946046414928,-0.373064901302561,-0.766541941486642,0.47585659600653,-0.0690454380331942,-0.327695780864305,1.91445647498068,1.1069179879056,-1.13618818828087,-0.751319822203589,2.67006471510474,-0.822992779937994,-0.0463187860950352,-1.06238276741225,0.307731516160579,0.13567909195028,-0.0504429825283554,-0.199848072388384,1.0338079054522,-1.10739483334962,-0.0599235225822916,-0.381402534877202,-0.421061760506204,-0.420317666927374,"Masculine",2.4680596971786,-0.807414449455619
1.24942758032654,-1.74216325614849,0.33853002714763,2.23523975595312,-0.333842614860371,-0.100042237103804,-3.92751518132092,0.656246978401725,-0.441627597659055,0.770561488885606,-0.843894165633946,-0.766541941486642,-0.485281197029374,-0.696019841208689,-0.327695780864305,2.9209926544491,-0.67051635910956,-0.173867695826044,-0.841511723487621,-0.616946860904073,0.550249319932158,0.415943591305227,0.932615591516068,0.839978024353971,-0.596396257762758,-0.0504429825283554,-0.74224246287102,-1.48055159898374,-1.1521254971575,0.97315399273125,-0.701654438171091,-0.396761248129705,-1.13294493903246,"Masculine",-0.404708713784664,1.23709114477995
-0.588427597356173,0.321740136224413,0.0985611924672293,-1.04194686589363,-0.0529097587366396,0.730308602673092,0.449869821283861,0.32089157944527,0.740587724741642,0.219362772201308,0.892947624703973,-0.766541941486642,-0.485281197029374,0.180572408464714,-0.327695780864305,-0.733808618572149,-0.67051635910956,0.723730087614993,0.492133675173957,-0.429681997006689,-0.242463883262799,0.641752423997755,-0.495242751891417,0.255691672601665,1.23379211651984,-0.0504429825283554,0.73107175705929,0.6420369658126,1.60287740864639,-0.358950498977445,-0.00422662972388456,-0.124789754712881,-0.441115749886767,"Masculine",-0.404708713784664,-0.807414449455619
-0.550664280528177,-1.39817935741967,0.0110838044874192,0.212241519999657,-1.43199392686095,-0.674900510795505,0.0519257301379719,-0.291219591389212,1.24165371627278,1.04954824054553,0.561079698362171,-0.766541941486642,-0.485281197029374,-0.696019841208689,-0.327695780864305,-0.733808618572149,-0.67051635910956,-1.68530379102407,-0.588737131920509,-0.124235369080041,1.99315067206703,-0.918020777652828,-0.758262739891168,-1.99797658856647,-0.596396257762758,1.86550538894338,0.378149578649536,1.60379952134171,-0.697778624412159,-2.71699231580294,-1.16946722065648,0.39541009594021,-0.502080130561489,"Masculine",-0.404708713784664,1.23709114477995
0.306947651695946,-0.0222437625044037,0.546106796776815,-0.443508962947436,0.314552526511889,0.228448205005739,-1.93779472559148,-0.698391847434265,-0.455432367979567,0.392605362424481,-0.538818242704846,-0.766541941486642,-0.485281197029374,0.362618654446548,-0.327695780864305,-0.733808618572149,1.58036551148977,-0.87654162376559,-0.492242722706005,1.23940095613768,0.0417476486659809,0.0156849799444284,0.820642296431932,0.221424633295907,-0.230358582906239,0.715936366060339,-0.0480656932448548,0.897735656721819,0.624262121656488,-0.259493920574422,-0.757172352489872,0.938931820643388,0.597981575899054,"Masculine",-0.404708713784664,-0.807414449455619
0.0605948512989669,-1.05419545869085,-0.179584502275982,-1.0785112905461,-1.27967645736833,0.904862684082453,0.0519257301379719,-0.0719380761339729,0.264008546801011,1.14857221471562,0.0814360658104744,0.383053283315977,1.70992817454576,-0.696019841208689,-0.327695780864305,0.0222609577551489,-0.163065637137291,1.44836501081771,0.308536794340573,0.139010042263686,-1.65578194063502,-0.781559505719558,-1.44787967810752,1.58816734420078,-0.596396257762758,0.715936366060339,-0.984568631054871,-1.29359857882861,1.87585089402582,1.72048237403806,-0.113294034238648,-1.3721902532704,1.00736126464035,"Masculine",-0.404708713784664,1.23709114477995
0.810034611519923,-0.710211559962037,-0.164194961798052,0.450899480366902,-0.339568213639662,0.0586872862289788,-0.346018361007918,0.47004808225001,0.264008546801011,0.808794090763368,0.0814360658104744,-0.199535260578724,0.597446316812276,0.716561043054173,-0.327695780864305,0.0120130267507109,1.83234676507595,-0.31296477690101,-0.19076374977677,-1.07653636406722,0.845428731144423,0.198790178793148,-0.273871367843435,-0.602694750177793,0.501716766806798,-0.0504429825283554,-0.771167962232721,-0.276208563467878,1.29444215284552,-0.167709284722186,-0.326791882245427,0.0118252513442234,0.0536676295022336,"Masculine",-0.404708713784664,-0.807414449455619
1.04396991935605,1.00970793368205,0.48317488847024,0.42439365575156,1.72087737002064,0.331101468164971,0.449869821283861,0.724918507937556,0.719963232420177,-0.611161910870942,0.394684225898167,0.310689635402795,-0.485281197029374,0.645830955859324,-0.327695780864305,0.683145809165706,-0.67051635910956,-0.807079667307282,-0.494007550746272,-0.859532804241181,1.40776363877055,1.54313569015979,0.843614309408271,-0.811348686721805,1.96586746623287,-0.0504429825283554,0.452705061933083,0.351731766378836,0.871369485529959,-0.776644870831585,-0.34475356040738,1.13789322167207,1.49580971612139,"Masculine",-0.404708713784664,-0.807414449455619
0.249449474750552,-0.710211559962037,1.05670858278432,1.24861087805825,0.367802277951036,-0.291661661667705,-1.53985063444559,-0.361896312536062,0.87340113809699,-0.128840904951816,0.883196507625215,-0.0466711267201826,-0.485281197029374,0.200685423753587,-0.327695780864305,0.213085401493587,-0.67051635910956,-0.56192633149602,-1.0332491786053,-0.35110983710457,0.881971324474568,0.911792910084474,0.0738690905082663,0.100548205435262,0.13567909195028,-0.0504429825283554,0.856479400877306,0.458222158062812,-0.238166482072685,-0.929289462811344,-0.677105700547118,0.817611079473466,0.32896063758334,"Masculine",2.4680596971786,-0.807414449455619
1.96702657686692,0.66572403495323,1.78607953149587,-0.672184468524639,0.303757775291922,-0.674900510795505,-0.743962452153807,0.185667340709223,0.264008546801011,0.635073075317852,0.0814360658104744,-0.766541941486642,-0.485281197029374,-0.696019841208689,4.4608615347643,0.569416572202534,-0.67051635910956,-0.0308579484704995,-1.1854870206873,0.569831216330124,-0.2320067321123,-0.0949580414220086,0.102615997259616,1.27502365535497,-0.596396257762758,-0.81682233111705,-0.117547467785473,-0.0554300410024841,-0.313627270337129,0.266904265157093,-0.929968916080417,0.213590557886984,-0.603840224620036,"Masculine",-0.404708713784664,1.23709114477995
0.000243656739451474,0.321740136224413,0.19872760815399,0.292884571570946,0.00559323679968084,0.227493290929839,-0.346018361007918,-0.504334566008098,0.506836985085047,0.128885144263901,1.85058609739242,2.10197185754465,-0.485281197029374,-0.696019841208689,-0.327695780864305,0.209478186179051,-0.0374111726489201,0.307484953804786,0.282531455676485,-1.03285352788228,0.208181874449086,-0.20083206068929,0.386182356797698,-0.171840301399093,-0.596396257762758,-0.0504429825283554,-0.0559866155424895,0.752085707707523,0.942339933979498,-0.486936293197698,-0.530143738579088,0.254120614251101,0.497480538572027,"Masculine",-0.404708713784664,1.23709114477995
-0.130010915987908,-0.710211559962037,1.02101640909373,-0.710230739385758,0.122173275057386,0.525273816096886,-2.33573881673736,-0.653651412238984,0.264008546801011,0.0320204173709481,0.0814360658104744,-0.766541941486642,1.11057023291703,-0.175512789515824,-0.327695780864305,0.365471231581857,-0.67051635910956,-0.396477208219088,-0.816485135621073,0.488886992073125,0.133195411384042,0.602714463708286,-0.593313639859071,0.550260682911648,0.501716766806798,-0.0504429825283554,0.977361141752483,0.478461551830764,0.868182869113795,-0.669693834062776,-0.523912135951474,0.611363697756147,0.824350862922646,"Masculine",-0.404708713784664,-0.807414449455619
1.59480958107843,-0.366227661233221,0.742977950585133,-0.152882995186522,0.253281685613917,-0.270703287106028,0.0519257301379719,0.333872898265825,0.264008546801011,0.727026129348259,0.0814360658104744,-0.260503720891404,-0.485281197029374,0.5646706253915,-0.327695780864305,1.26306868987293,-0.67051635910956,-0.716721676323259,-0.937363018998142,0.555283307336928,0.382517399352035,-0.158800696002171,-0.154142427936957,0.25332752439681,1.23379211651984,-0.0504429825283554,-0.882920966774077,-0.180936664778106,1.77191613342909,0.129638976867422,0.125619818653338,0.705172014311618,0.638283203288099,"Masculine",-0.404708713784664,-0.807414449455619
-0.216189639509034,-0.710211559962037,-0.750130472264474,-0.112911263935782,-0.282627220655494,-0.34782597576402,-0.743962452153807,-0.244991419552485,0.905280831001808,-0.949603523815133,0.491996055629266,1.50604821619661,-0.485281197029374,-0.696019841208689,-0.327695780864305,-0.733808618572149,-0.67051635910956,-0.349272843697561,0.140585648801609,-1.28440620746803,1.21768200245589,-0.132576530982408,-1.62286414476301,-1.75681787269523,-1.69450928233231,-0.0504429825283554,-0.439596191792991,0.168226397404778,0.00908425932559192,-1.18018614733707,-1.03128605328078,-0.115121186137912,0.148976797751897,"Masculine",-0.404708713784664,-0.807414449455619
0.81526143706331,0.321740136224413,0.446160020930377,0.250664748246005,-0.105469568620029,0.101158158688291,0.449869821283861,0.00221162050487651,0.264008546801011,0.0193918520714595,0.0814360658104744,-0.220900729714384,1.59857697453832,-0.0163432418242399,-0.327695780864305,1.41934604444689,-0.188805891150378,1.04568764967814,0.192015288973659,-0.767251135689411,-0.674832692481936,-1.17880669716219,-1.47390554102464,0.643054451059883,0.13567909195028,-0.0504429825283554,0.18133493078549,-1.23868126988506,1.25166545249648,0.437342828991696,0.675039788518013,-0.488565515114223,0.452869427913396,"Masculine",2.4680596971786,-0.807414449455619
1.07373867850074,-0.710211559962037,0.390790341687267,0.958706313029277,0.119169631489589,-0.294790142068748,0.0519257301379719,-0.0797287041006182,-1.73687600632417,-0.0436215148839338,-0.104350409686403,1.76591839117833,2.73862494283994,-0.696019841208689,-0.327695780864305,0.376562620204488,-0.67051635910956,-1.13154134029959,-0.957425637562292,-1.23757639321644,1.73603344300054,-0.328351339093367,0.299587790314415,-0.948361771415192,-0.596396257762758,-0.0504429825283554,-0.40740798283087,-0.467109496958688,-0.750898574203402,-0.819797508061304,-1.10812488229084,0.417867680731817,0.6989973432508,"Masculine",-0.404708713784664,1.23709114477995
1.30896315550936,-0.0222437625044037,-0.0234905917141209,-0.0447392416512013,0.508270661563287,0.671109105653354,0.449869821283861,0.15208646660319,0.0714331236905598,-0.474225687691534,-1.44284485212456,1.5083368266273,1.68671599085841,-0.696019841208689,-0.327695780864305,0.0142662643498755,-0.67051635910956,-1.02609345612452,-0.6688485218217,-0.16825069906342,1.00912320542443,-0.516302325734819,-0.522602403672215,-1.03774179117918,-0.596396257762758,-0.0504429825283554,-0.00828160466538089,-0.199040754099069,1.57260667478339,-0.88347800231267,0.216869626406876,0.123243172832691,-0.356190244469255,"Masculine",-0.404708713784664,1.23709114477995
0.189560253884862,-0.0222437625044037,-0.786822394627991,-0.287851161121448,-0.105166123015826,-0.240465632204067,0.847813912429751,-0.363376853315524,0.622112283034491,-0.465857243587065,0.789578558989569,1.08419334844314,-0.485281197029374,-0.696019841208689,-0.327695780864305,0.30950368303118,0.496549030257841,-0.298482345763064,0.49943740775493,-1.02309476428715,0.844598554367295,-1.23899765462301,0.320401207478888,-1.49684376910167,-0.596396257762758,-0.0504429825283554,-0.833019451367803,-0.093822924196808,1.66260700248304,-0.521129751328957,0.032120936740951,0.0305989943084665,0.091203408474586,"Masculine",-0.404708713784664,1.23709114477995
0.326734997175029,-0.0222437625044037,0.265760241245119,0.313011231471301,-0.886504767219313,0.0387166565459165,-0.743962452153807,0.232380687826521,-1.03685808686346,0.875922613074856,-0.348419976296135,-0.217719148304634,0.562723277009775,-0.696019841208689,-0.327695780864305,-0.0119054516707214,0.2985221915955,-0.887700363323494,-0.800891641694984,-0.511331086505296,1.20559475402966,-0.327723742408525,-0.491274751702239,-0.48754330045306,-0.596396257762758,-0.0504429825283554,-0.47201593186673,0.110662094565838,-0.378402397033965,-0.94058366318752,-0.750174296063136,-0.108701321478741,-0.268529822943927,"Masculine",-0.404708713784664,1.23709114477995
0.986487609199381,0.66572403495323,1.1313245366167,0.537407808319663,0.732165228570475,0.666435461151801,-1.1419065432997,0.399540857684316,-1.15700182054585,0.555916734441331,-0.253516641938648,-0.766541941486642,1.8043081952982,1.54431544657126,1.12107155985135,-0.733808618572149,0.917287253431058,-0.575987725876981,-0.00633278188097367,-0.995280223069465,1.19117003877225,0.236549636162148,0.00122095036670456,-0.778913529729633,1.96586746623287,-0.81682233111705,-0.0783367338727398,1.33439189781694,-0.680007491001856,-1.43420208594714,-1.12496395556768,1.23214477344024,0.6989973432508,"Masculine",-0.404708713784664,-0.807414449455619
0.541523465062267,1.00970793368205,-0.10779850911495,0.509237099436744,-0.722160356535663,-0.513221621319714,-0.346018361007918,3.14907050542737,0.864220082107597,1.37371510449146,1.03746180437133,0.651508665379113,0.191678378479905,0.187175739912347,0.529014096696365,-0.267494520178196,0.26841082420071,-0.438363909351623,-0.928685966074999,-0.465359944666728,0.681052686993754,0.308526921579145,-1.11709845240648,-0.244708663573831,3.06398049080243,-1.58320167970574,-0.60446946292766,-0.630135088592575,-0.343158561033678,-0.11740448624037,-0.431500301530502,-0.372333182819574,0.950093679239438,"Masculine",-0.404708713784664,-0.807414449455619
-0.945994899839953,-0.710211559962037,-0.140757679969268,1.11582857845786,-1.08711953802123,-0.266832102428438,0.0519257301379719,-0.331963507067713,1.16944128898226,0.546190972084484,0.520685011196708,-0.766541941486642,-0.485281197029374,-0.029859537834726,-0.327695780864305,-0.733808618572149,0.273745637742246,-0.480438070424615,-0.585273590899421,-0.283819300662801,0.786655988855146,0.00983590972516897,-0.847098405029975,-0.499064977914523,0.13567909195028,1.09912604035469,0.49893549856821,-0.225866026092019,-0.905146451327655,-0.783514705183228,-1.02521468979666,-0.118323007030633,1.86002994268448,"Masculine",2.4680596971786,-0.807414449455619
-1.33039477670557,-0.710211559962037,-0.956132396121739,2.58587231896634,-1.08319839114809,-0.674900510795505,-0.743962452153807,-0.0921836842640891,0.740884843929885,0.135366346095341,1.02801739565544,0.17234193911899,-0.485281197029374,-0.696019841208689,-0.327695780864305,-0.733808618572149,-0.67051635910956,0.275192421077984,-0.0629526029516427,1.04025679648449,-0.851670669336228,0.70395756304672,-0.843527060842128,0.631964199945438,-0.596396257762758,-0.0504429825283554,-0.505181263081011,-0.487669190381714,-0.593385666352363,1.07393779098329,-0.431668018108409,-1.1184526834392,-1.96311138392965,"Masculine",-0.404708713784664,1.23709114477995
-0.805520052163605,-0.0222437625044037,-0.501795432439859,-1.17719603103273,-0.573092986463772,1.15882461541094,0.847813912429751,-0.574474948423774,-0.773860626326142,-0.00638045616864608,-0.212766553403606,-0.255697387724284,-0.485281197029374,-0.696019841208689,-0.327695780864305,-0.733808618572149,-0.67051635910956,0.455559533460974,0.265775302083381,-0.559948285640278,0.0717505338558481,-0.260880011915515,0.243014430576056,-0.037601058586463,-0.596396257762758,0.715936366060339,-0.0528125146127201,-0.467528990024967,0.799912031703266,0.222836668176292,0.517060240823194,-0.24671475338898,0.136082027929886,"Masculine",-0.404708713784664,1.23709114477995
0.0910284182545371,-0.0222437625044037,0.680082386746942,-0.332932382415314,-1.18494489343015,-0.299155158717689,0.0519257301379719,0.201344769052311,-0.493541971614802,1.65519946252235,-0.834518868186517,0.192267318588549,-0.485281197029374,-0.297907062282313,-0.327695780864305,-0.733808618572149,-0.67051635910956,0.309103819365905,-0.87761644635344,-0.618940775684366,0.220556973137791,0.377749273341746,0.0360489981345769,1.04926643661635,0.13567909195028,1.09912604035469,-0.266485013534614,-0.613381767424669,-0.523231712065464,0.367150513884154,-0.172212807988056,-0.222016403857715,0.592953641777476,"Masculine",2.4680596971786,-0.807414449455619
0.197489641798806,0.66572403495323,0.521597003278328,-0.348735762573678,1.43299133242016,-0.502443028687995,0.847813912429751,-0.616363830202105,-0.542858099395945,-0.938452919871381,-0.199399070558056,1.27591250402615,-0.485281197029374,1.00009897823171,-0.327695780864305,-0.733808618572149,2.03420516532672,1.51095780873333,1.12881594982917,-0.806774537368519,-1.23138833268183,0.171859107249283,1.0776307953455,1.10466158668657,0.501716766806798,-0.0504429825283554,0.341654187734028,0.154764067191157,0.676008771354211,0.88979733914482,-0.010460111037873,0.99325819820396,-0.331227892103004,"Masculine",-0.404708713784664,-0.807414449455619
-0.196460309306707,-0.366227661233221,1.42092770742864,-0.764858667049238,3.31270435179873,-0.674900510795505,0.449869821283861,-1.3309616255676,3.41957612351187,-1.61026387195911,0.0327553294591151,-0.766541941486642,-0.485281197029374,-0.696019841208689,-0.327695780864305,-0.733808618572149,0.974930288869825,-2.17329027745937,-0.456711063295612,1.27660855451666,1.38969591405296,-0.75035729210675,1.36644743892209,-1.72584514787835,-0.596396257762758,-0.0504429825283554,1.3452846647209,0.348151049209584,-0.0405506681445662,-1.56051225769712,-0.269779591293835,4.46667566001603,-2.90648850684238,"Masculine",-0.404708713784664,1.23709114477995
2.3884397959537,-2.0861471548773,-0.677968851599683,-0.211765463522711,-1.89615231707809,0.0149294176345362,-2.73368290788325,4.53271768932443,-5.16088209571468,4.24993926711389,-0.033668840459403,-0.766541941486642,-0.485281197029374,-0.696019841208689,-0.327695780864305,-0.733808618572149,-0.67051635910956,0.0378577280070693,-0.236929795014538,-1.16282916661496,0.941846992861538,-1.08407121948967,-0.769229593104466,-0.454550061364396,-0.596396257762758,2.63188473753207,-3.49029628748043,-0.881524019521632,-0.405065099220932,0.76863736735923,-0.7809657443408,-1.28028237888371,-5.01344430049058,"Masculine",-0.404708713784664,1.23709114477995
1.55242161120744,-0.710211559962037,2.91533308541701,-0.356690601806017,-0.532646929450318,-0.305348763422269,-1.53985063444559,-0.081723309883676,0.264008546801011,1.82271892810525,0.0814360658104744,-0.766541941486642,-0.485281197029374,-0.696019841208689,-0.327695780864305,-0.733808618572149,-0.67051635910956,-0.0750995483944121,-2.04693534755768,0.44980384976405,-0.0209574001993038,1.47634161563635,0.340876352249229,2.58032382313041,-0.596396257762758,0.715936366060339,-0.728939493486256,-0.318879036072414,-0.253837977130541,0.920483957703933,-0.804334254194372,1.15916180055747,-1.82684579950892,"Masculine",-0.404708713784664,1.23709114477995
0.974509885801349,-0.0222437625044037,0.443472036501894,0.23230002429409,-0.168011878965713,0.953864597997643,0.0519257301379719,0.368578576034295,-2.32714856903473,0.417476103174399,-0.0918738747821578,-0.766541941486642,-0.485281197029374,-0.696019841208689,-0.327695780864305,-0.733808618572149,0.680622758336927,0.468029036037396,-0.176772862503999,-1.96322839414864,0.907901220973849,-0.00457778107188559,-1.50558394327452,-0.383776571637027,-0.596396257762758,0.332746691765992,-0.455381413021314,-0.782140831872112,-0.932140760594675,-0.350857449659084,-0.7809657443408,0.00500959249240359,-0.179839832709411,"Masculine",-0.404708713784664,1.23709114477995
0.489623264499944,-0.710211559962037,-0.171889732037017,-1.27740219012095,-0.986756731499823,2.65106521556362,0.449869821283861,0.82239328071677,-1.80171948721249,1.75113888022549,-0.237304586313267,-0.766541941486642,-0.485281197029374,2.56076386417513,-0.327695780864305,-0.733808618572149,-0.67051635910956,1.43444022678736,0.847028900609397,-0.793862062388119,-0.718942038925638,-0.682144442471941,0.113534393941498,0.956004907507791,0.13567909195028,1.09912604035469,-1.62094328066372,-0.603085455456894,1.93324860932765,1.34340483155289,-0.520122647867095,-0.784155696687623,-1.253974158883,"Masculine",2.4680596971786,-0.807414449455619
0.247885926838621,-0.0222437625044037,0.353617811929919,-0.689242035188249,0.979142125677333,-0.299604435742892,0.0519257301379719,-0.550245972971638,0.264008546801011,-0.992313025865097,0.0814360658104744,-0.449094693490979,-0.485281197029374,-0.696019841208689,-0.327695780864305,-0.733808618572149,-0.67051635910956,0.726173273161852,0.152554097947892,-1.20499265278393,0.24537191678324,1.16362484053927,0.117032699792359,0.31907698376525,-0.596396257762758,-0.0504429825283554,0.196485547450616,-0.97717321489319,1.09261250260445,0.575478944677908,0.363035886426481,0.914227969261391,-1.29826835790047,"Masculine",-0.404708713784664,1.23709114477995
1.1716376184459,1.69767573113968,0.758802112231891,-1.30011867119475,0.809756899271026,0.00922834384585747,0.847813912429751,0.454692687654749,0.877572381502652,0.424267810766375,0.880172837375976,-0.363876234403372,-0.485281197029374,1.81187777149329,-0.327695780864305,-0.733808618572149,-0.67051635910956,1.22990935631319,0.417645646177693,-1.85976960935208,0.165205852991713,1.49392429925911,2.23240399600344,1.1938402079583,1.23379211651984,-0.0504429825283554,-0.231122302137474,-0.846485865535764,2.8568706745819,1.25260123216767,0.291170225808786,0.139260407921888,0.215164403367335,"Masculine",-0.404708713784664,-0.807414449455619
0.779632629984715,0.321740136224413,-0.423793823883916,0.94548715686623,-0.997896207793933,0.192550297409936,-0.743962452153807,1.99383375779236,0.264008546801011,1.62881834270627,0.0814360658104744,-0.281995691650275,-0.0226485913724511,0.511127787041685,-0.327695780864305,-0.733808618572149,-0.67051635910956,0.534432404225307,-0.24305166707643,0.194715027905747,-0.530982284256152,-0.470199497916009,-0.663400165313821,0.738065217557162,0.867754441663317,-0.0504429825283554,-0.93360509726121,-1.38810967332432,-0.275656645632343,1.2242031952943,0.400713530045972,-1.34666472600276,0.306560616878634,"Masculine",-0.404708713784664,-0.807414449455619
0.873141332619966,1.69767573113968,0.279315305011577,-0.922456045488932,1.51578032612356,0.226941368115328,1.24575800357564,0.924018668595338,0.0702624524254509,-0.776560114087407,-0.90116084225775,0.377811967701376,-0.485281197029374,1.6797494271564,1.51592304379513,-0.733808618572149,-0.67051635910956,-0.109390150159146,0.115417952547204,-0.170648718273908,0.328802517223313,0.569570377383285,0.19550533559577,-0.496003105347592,1.96586746623287,-1.96639135400009,0.805553457438483,0.655224013504669,0.0730136493919818,-0.674146267249354,0.969777750635178,0.325249555808203,0.297122341006658,"Masculine",-0.404708713784664,-0.807414449455619
1.68960432735372,-0.366227661233221,0.708252078387094,-1.06596112976159,1.2158210513034,1.33710344712544,-2.33573881673736,1.43072741302966,0.264008546801011,0.96836438749555,0.0814360658104744,-0.766541941486642,-0.485281197029374,4.63326258578301,-0.327695780864305,3.20548570808769,-0.67051635910956,1.84086337558337,1.75763873280224,-1.36881935742395,-1.0066403134913,-0.781143091399408,0.775958483539008,0.663268954227569,1.59982979137635,-0.0504429825283554,0.0503457656044797,0.740396050665667,1.96511320835279,0.321606373698215,0.789081256668907,-0.415864639152034,-0.645399469832813,"Masculine",-0.404708713784664,-0.807414449455619
1.61265959039468,1.69767573113968,1.80832228220046,-0.65579141911412,3.11552958939633,-0.144262104310858,0.847813912429751,-0.271547892913556,-1.10434490685679,-0.44770423331887,-0.0499888612183425,-0.0930313223044281,-0.485281197029374,4.33772098428615,-0.327695780864305,-0.733808618572149,-0.67051635910956,-1.1748080116195,-0.564064823609415,0.167828583154795,1.22256759571265,1.2528307930543,2.24740709071407,-0.25911267779074,2.33190514108939,-0.0504429825283554,0.601029564209915,0.739321543690603,0.287448302537356,-0.679371235252862,0.431916913425255,3.22498493819343,-1.52428610851609,"Masculine",-0.404708713784664,-0.807414449455619
0.31570826692226,-0.0222437625044037,0.440553796424033,0.188340360056849,1.16330442497979,-0.548712109253425,0.0519257301379719,-0.519447433294967,-0.119212685961871,-0.863634561958703,-0.550901432718304,-0.766541941486642,0.955462428603605,0.243813532689648,-0.327695780864305,-0.733808618572149,-0.00442372806379648,0.694030470322964,0.673949151587932,-0.72231297757697,-0.14800616339007,0.144025215769039,1.18196186884413,0.464810334951992,0.13567909195028,-0.0504429825283554,-0.105210623648599,-0.534642836625012,-0.487638030817917,0.724702951974258,-0.0598802974304783,0.958896882532696,-1.3232731476684,"Masculine",2.4680596971786,-0.807414449455619
-0.565928956710437,-1.05419545869085,-0.0512325615889132,0.524095713353071,-1.17944963402559,-0.538749867026418,-0.346018361007918,0.111771559081056,-0.267178661945317,1.0904296007533,-1.0006932629631,-0.766541941486642,-0.485281197029374,0.085608248083427,-0.327695780864305,-0.733808618572149,-0.67051635910956,1.58396044875245,0.359418767733704,-0.426631273945885,-1.11566281753724,-0.806599886837904,-1.12079035094553,1.15299898430344,0.13567909195028,1.09912604035469,0.187691757919281,-0.998875687498185,0.0983795777325661,0.822419180080208,0.0114023412145399,-1.00408099312624,0.32896063758334,"Masculine",2.4680596971786,-0.807414449455619
-0.796784454015734,-0.366227661233221,1.20547414073764,2.6368777362203,-0.365361289594112,-0.651330012101996,-0.743962452153807,-0.676716891495806,-1.07995908978608,0.777567652604664,-0.318855424920502,-0.766541941486642,3.84562885833722,0.716561043054173,-0.327695780864305,0.0120130267507109,-0.67051635910956,-1.43166426895305,-1.3130762288326,1.28317954560177,0.549885798489779,1.64470110731336,1.07580031837504,0.876130108065634,0.13567909195028,0.332746691765992,1.43074505097613,2.00808406996127,-0.851765904211832,-1.31848080403936,-1.02127900203502,0.519894175843162,-0.890886499331364,"Masculine",2.4680596971786,-0.807414449455619
-0.820881757227317,-0.710211559962037,-1.52977317382694,-1.45016264926327,-0.137251465391937,-0.49649621896015,-0.743962452153807,-0.897148524292498,-0.650330091204965,-1.07249643852512,-0.0892946933309299,-0.766541941486642,-0.485281197029374,-0.696019841208689,-0.327695780864305,-0.733808618572149,-0.67051635910956,2.04722802172625,3.05658301339292,0.794795720035013,-2.40069856194748,0.414491645178953,-0.927964305939065,0.0306544206682717,-0.596396257762758,-0.0504429825283554,-1.13935669558897,1.16551711500788,1.98347726633947,1.50156683867878,1.73483554107193,-0.967364240056089,-2.92484977737526,"Masculine",-0.404708713784664,1.23709114477995
0.0800668320449065,-0.710211559962037,1.25437002250928,-0.273503572431401,0.38630807708179,-0.674900510795505,0.0519257301379719,-0.815345691915279,1.47584248310442,-0.0910898186441498,0.311249166740905,-0.766541941486642,-0.485281197029374,0.195571135170151,-0.327695780864305,-0.733808618572149,0.593286769756737,-0.964137022150689,-0.85789246039424,-0.952886801785377,1.69197756232246,-0.0238691086785917,1.23360413720097,-0.696175599106684,0.13567909195028,0.715936366060339,1.71406344020422,0.308353475804645,-0.829832600639604,-1.75272169881568,-1.06391418797327,1.16478269689907,-0.566528190131905,"Masculine",2.4680596971786,-0.807414449455619
0.644242179926943,-0.710211559962037,1.38475738617797,-0.819293847390947,-0.785382371246212,-0.0733046429786092,-0.743962452153807,-0.377906242092181,-0.897056390349431,1.17960868066216,-0.700660617731845,-0.0807633693138583,-0.485281197029374,-0.696019841208689,-0.327695780864305,-0.733808618572149,-0.67051635910956,0.980977258532593,-1.05522374426992,0.761350293036636,-1.35813363254649,-0.503622288668307,-0.532619901494606,2.56450004906107,-0.596396257762758,0.715936366060339,-0.313779692603696,-1.33041018118058,0.893205477215441,1.55428750772074,0.0182964534359115,-0.069951865010504,-1.15287916347843,"Masculine",-0.404708713784664,1.23709114477995
1.66897286184131,-0.0222437625044037,-0.74628169869853,-0.792600329432559,0.000362901889393452,0.246447681285714,-1.93779472559148,0.965412769075753,0.264008546801011,0.558704475006904,0.0814360658104744,3.08832941813306,-0.485281197029374,0.504432855656338,-0.327695780864305,0.111286215036007,-0.103314613560352,-0.758352926058993,-0.567932243875858,0.713636339161823,0.0482361335060342,-1.48843489445279,-0.0493099524743182,-0.709316508302005,0.501716766806798,-0.0504429825283554,-0.842410745049165,-0.758865492839655,0.267600488169756,0.105314798979707,0.520994090358395,-0.547692356222741,0.270603594395647,"Masculine",-0.404708713784664,-0.807414449455619
0.77421930763203,-0.0222437625044037,-0.777852888355466,0.580066444869764,-0.242996484142356,-0.674900510795505,-0.743962452153807,0.0796657439668895,-0.500027849340967,-0.150976327043031,-0.323745479388356,-0.766541941486642,-0.485281197029374,-0.696019841208689,-0.327695780864305,-0.309814121573536,-0.67051635910956,-0.46221354772868,0.505172481528142,-1.7301049400757,1.79919570673192,0.407754018462853,-0.330492868378283,-1.79833140069252,-0.596396257762758,-0.0504429825283554,-1.73035746661687,0.153340860751056,-0.265976185728029,-0.605996071344643,1.08741964504584,-0.164374124065226,0.268849189616261,"Masculine",-0.404708713784664,1.23709114477995
0.256401517422612,-0.366227661233221,0.458638273251114,-1.03561321030872,0.434465854676641,0.815132134613384,0.0519257301379719,-0.39329404977677,-0.51742272350882,-0.40530862172427,-0.409035241450008,0.222492479151339,-0.485281197029374,-0.696019841208689,1.26569456934486,1.0007818279931,1.07578954049728,-0.438097614320067,-0.710840600841869,0.340558791186586,0.0473075364798833,0.48822558882793,-0.685745783471398,0.108768493429823,-0.596396257762758,-0.81682233111705,0.386475271681997,0.503164006734098,0.80031975782196,-0.454379215819931,-0.143716640855479,0.397533574133531,2.34957325795744,"Masculine",-0.404708713784664,1.23709114477995
0.121640252225938,0.66572403495323,-0.789625886821076,-0.135007432808228,-0.206607891734817,-0.125734226989467,0.0519257301379719,0.115959108784007,0.420816578903248,-0.0210429927853194,2.30650115806499,0.622729040516524,-0.485281197029374,-0.696019841208689,-0.327695780864305,-0.124675073068608,-0.67051635910956,0.243244067294274,0.502870457246071,0.256336686847039,-0.375033924738116,-0.646880973127344,-0.0319099308614634,-0.242007608911893,-0.596396257762758,-0.0504429825283554,-0.850144325658525,-0.349856971083376,0.286316615557989,0.617143570787364,0.874074600582998,-0.540031084648558,0.675083406489981,"Masculine",-0.404708713784664,1.23709114477995
-1.10096061713181,-0.710211559962037,-0.246913741866923,0.110907240195432,0.0191110961777434,-0.674900510795505,0.0519257301379719,-0.771218099701459,0.264008546801011,-0.393089205935562,0.0814360658104744,-0.766541941486642,-0.485281197029374,-0.696019841208689,-0.327695780864305,-0.733808618572149,0.641510836516107,0.0966277144681494,0.38338768687703,0.602044443386455,-0.425665127457049,-0.0317945640182315,0.323713530067772,0.00991493342349384,-0.596396257762758,-0.0504429825283554,1.42147383828895,0.700536021894736,-0.827495577728592,-0.555704658220836,0.317703002506407,-0.0940104035474208,1.23349480699269,"Masculine",-0.404708713784664,1.23709114477995
1.14749971325653,0.321740136224413,-0.465211996783333,-0.538737957887306,-0.0428140481026652,0.0236614420450423,0.847813912429751,0.21908258429864,0.675781576836925,-0.131365120897887,1.06459053560186,0.206306730665446,0.443570313553126,-0.393063217452054,-0.327695780864305,0.545844023532192,-0.0263686403269327,0.0609405133871384,0.154340087452264,-0.0900821276043551,-0.199535729275283,-0.956070462048183,-0.803103094932977,-0.330271264771415,-0.230358582906239,-0.0504429825283554,-0.95665210753145,-0.699583449015348,1.30372142450485,0.44592739576876,1.29710063189752,-0.493040494126677,1.52613821474276,"Masculine",-0.404708713784664,-0.807414449455619
-0.297054681619399,-0.366227661233221,-0.814098577664538,-0.439376850257264,-0.37256914297016,0.355721892237425,0.449869821283861,-0.0052359076661972,-0.800901370494727,-0.543509414692743,-0.188246147689405,0.581283008833851,-0.485281197029374,-0.696019841208689,-0.327695780864305,-0.733808618572149,0.122753862589332,-0.246680932347554,-0.206656480188222,-1.15661323898514,1.03070146856037,0.768527396689777,-0.757852682531562,-0.900195017503406,-0.596396257762758,-0.0504429825283554,-0.826452269867475,-0.533763507817047,0.0837021416364063,-0.157888568783851,-0.275356167508895,-0.198165475323297,0.0215603534481378,"Masculine",-0.404708713784664,1.23709114477995
0.447955822392941,-0.710211559962037,-1.44097057301515,-0.126616043920589,-0.237810195678822,-0.114316370310596,0.0519257301379719,0.859943947823457,-0.406964769510141,-0.443741539140908,-0.239057070017545,1.49807421564333,-0.485281197029374,-0.696019841208689,-0.327695780864305,-0.733808618572149,0.329123408986186,-0.516517616808232,-0.0835393094218823,1.01161261595986,-0.244302503245313,-0.961200017245244,-0.36063597624319,-0.770684065215105,-0.596396257762758,-0.0504429825283554,-0.909044139480871,-1.04034582580569,-0.159855735006991,0.676032512763035,0.369276757961982,-1.18847287500938,0.346266776028672,"Masculine",-0.404708713784664,1.23709114477995
0.27524038998485,-0.710211559962037,-1.50096546582702,-1.03851108485331,-1.02845630781775,-0.522732144230055,0.449869821283861,1.01749702410424,0.264008546801011,0.330541363264476,0.0814360658104744,0.757718933504685,0.970044853964263,-0.22134691248878,-0.327695780864305,-0.232568160581886,0.00231810018565477,-0.736932389361501,-0.491561669264616,1.82862501207004,-0.569667523995463,-1.86353540872778,-1.50742757498441,-0.42283093054327,0.13567909195028,0.715936366060339,-1.1238306294495,-1.72088142880062,1.05645859630669,0.86686974773472,0.0719848653146973,-1.35596509684005,-1.18684076349715,"Masculine",2.4680596971786,-0.807414449455619
0.421956804007246,-1.05419545869085,0.830995322441363,-0.0872934697551924,0.682224276897139,1.2525654657002,-2.33573881673736,-0.267146420986623,1.49932763690875,-0.580820904909285,0.296411931968321,-0.0369054373725767,0.907996068844378,0.212850030061214,1.43553268806871,-0.733808618572149,0.617779078455694,-1.79589201055139,-1.77128132364091,0.700681844062838,1.30058012096912,1.89689487391574,-1.09256756510387,-0.594574587842487,-0.230358582906239,-0.81682233111705,1.27234386677009,0.99284289954832,-0.460303141388475,-1.66314457832392,-1.10812488229084,0.707950771052207,0.162968994792799,"Masculine",-0.404708713784664,-0.807414449455619
-0.667992138831194,0.66572403495323,0.759758204254215,-0.989474199775575,1.41705527864422,-0.0571423659327822,-1.1419065432997,-1.11546000372953,0.264008546801011,-0.582695131118558,0.0814360658104744,0.638280581359843,-0.485281197029374,0.178936975163084,-0.327695780864305,1.11404799521285,-0.67051635910956,0.740398599456882,0.948299661802255,-0.07827968026602,-0.738152057258782,0.455601224306442,0.756008706155368,0.427332514270358,-0.230358582906239,-0.0504429825283554,0.829984306476773,1.10717806528003,0.923097047045648,-0.0677779723255809,0.428100635039838,1.86079295501698,0.113105892610664,"Masculine",-0.404708713784664,-0.807414449455619
-0.228041232749081,0.66572403495323,0.375556631053556,-1.00788755649235,1.22334978681754,-0.674900510795505,0.0519257301379719,-0.873493185864452,0.959886986206682,-0.668704351341373,0.443015997489319,0.466511888610054,-0.485281197029374,-0.184036376606865,-0.327695780864305,1.42874846655615,-0.67051635910956,0.737767402172735,1.0393691421141,0.297495812045974,-0.992357889380476,-0.29686051067775,-0.126527297295562,0.198335381370728,-0.230358582906239,-0.0504429825283554,0.373057577382345,0.77540637257816,0.175915363864494,0.0963422985113671,0.403433160136608,1.28861936512401,0.95747886559204,"Masculine",-0.404708713784664,-0.807414449455619
-1.29157672894681,-0.0222437625044037,-1.57881772204557,-0.362174255687011,-1.02567865874953,-0.357215675334302,0.449869821283861,-0.6691919323095,0.672090909474247,-0.36159987847478,0.639784639466024,0.679651795220879,0.435245139962759,-0.696019841208689,-0.327695780864305,-0.733808618572149,-0.67051635910956,0.663865459297633,1.0447858910583,-0.285778491809002,-0.445474543626194,-0.422340572190883,-0.31145825539177,-0.574371119996976,-0.596396257762758,1.09912604035469,-1.21515933396145,-0.924723257093026,-0.45464817251803,1.06669219834313,0.913645071333087,-1.126783678558,-0.0834889130858708,"Masculine",-0.404708713784664,1.23709114477995
0.466035672975333,-0.710211559962037,1.86233424693111,2.38900249732827,-0.543480114035616,-0.674900510795505,-0.743962452153807,-0.220509391426282,-0.232685986052698,0.873210239911823,-1.73474274124945,-0.766541941486642,-0.485281197029374,-0.696019841208689,-0.327695780864305,0.552491569724943,-0.67051635910956,1.73076212122726,-0.569143385572747,-1.76625527565148,-0.454448409882028,0.863158083352176,0.366784478017417,2.50971942928756,-0.596396257762758,-0.0504429825283554,-0.40536443931107,-1.4047803745686,-0.886353800094175,1.50378521488261,-0.0156470466361957,0.0532922818373518,-1.59190405925223,"Masculine",-0.404708713784664,1.23709114477995
1.32111125441013,1.69767573113968,-0.14088528124151,-0.921255370262143,-1.19001741633358,-0.618046395815007,1.24575800357564,1.62334039125875,0.0240745503785799,1.85579418193618,-3.21118555784271,-0.766541941486642,-0.485281197029374,0.480835500259995,-0.327695780864305,-0.733808618572149,-0.67051635910956,1.12808323498185,-0.166637082514756,-0.285739160493632,-0.748105140785132,-0.958482821587077,-1.25818337237855,1.05819998161035,0.13567909195028,-0.0504429825283554,-1.24912398642987,-2.03000960323194,0.0620050253194892,1.58550978599904,1.72083942821844,-1.51392960012448,-1.61578782664674,"Masculine",2.4680596971786,-0.807414449455619
1.09920064497035,0.321740136224413,-0.462414227888653,0.765133998927827,1.3430116965678,-0.417568665765974,-1.53985063444559,0.694379149678903,-0.0321236950087884,-0.679667294264785,0.0744647190414662,-0.547905218999501,-0.485281197029374,-0.151331277242057,-0.327695780864305,-0.733808618572149,1.06666250617879,-0.788566000129113,0.429093386352149,-0.143424254752339,0.907901220973849,-0.116085894490867,0.836355080198653,-1.54800047765251,2.33190514108939,-0.0504429825283554,0.495558580975876,0.285518555448438,-1.04353396788241,-0.821485861106867,-0.540017460310013,0.258289167136239,0.040163583494826,"Masculine",-0.404708713784664,-0.807414449455619
-0.116135063039701,0.66572403495323,-0.301890850284776,-0.226366130439314,1.12772724971202,-0.414713207035625,0.847813912429751,0.248484301427952,0.6828158073106,-0.752039169235724,0.681655299288892,0.222925696155561,-0.485281197029374,1.46090392687731,2.66121975780006,-0.0830522815230309,-0.0153648028181614,1.29749463584168,2.23899606580853,0.494314268802523,-1.63412857593701,-0.414344455416407,0.247108997237617,-0.245214912839601,1.96586746623287,-2.34958102829444,0.837009768045175,2.29642905654074,-0.105296786189281,-0.350362702314594,1.23263291276355,-0.371876602868367,0.713115209531288,"Masculine",-0.404708713784664,-0.807414449455619
0.725814910125833,-0.710211559962037,-0.790698190286647,0.833299211925976,0.962292178156395,-0.674900510795505,-0.743962452153807,-0.572159444353425,0.917107573948139,-0.966273941849052,0.19279778843976,0.00495895220773806,-0.485281197029374,-0.696019841208689,-0.327695780864305,0.280997882440923,0.0105906550130537,-0.335290924996131,1.27498861358026,-0.760416635389744,0.849869950077747,-1.25778730575713,1.48236125664167,-1.72999566670762,-0.596396257762758,0.332746691765992,-1.37904034161694,-0.2943648884231,-0.654388148913222,0.10183307561465,0.503732333950879,0.907374760278078,-2.92484977737526,"Masculine",-0.404708713784664,1.23709114477995
0.544791613621451,1.69767573113968,1.02519666656761,1.67237095983221,3.34389279990465,-0.674900510795505,0.847813912429751,-0.715019175649929,0.730644454923701,-1.3725479767076,0.151204913635064,0.887158363591797,-0.485281197029374,2.73719284967908,8.99702051457646,-0.733808618572149,-0.67051635910956,1.50120987202799,1.7564401853347,-0.622105349069194,-1.04494983175048,1.51196521387527,1.72939315910236,0.0635522958280434,1.23379211651984,-1.58320167970574,1.51611350864783,1.53681379419724,-0.871427985164256,0.100339451974882,0.905162120478708,2.63159891114527,1.22629964882693,"Masculine",-0.404708713784664,-0.807414449455619
0.178902625781937,0.66572403495323,1.95623415594471,1.25626432899646,0.690113549525016,-0.674900510795505,-1.93779472559148,0.405465878551079,0.264008546801011,-0.0407372208953625,0.0814360658104744,-0.207117816489824,0.0488429256978601,2.78820641120788,2.37609586837621,2.9454304044173,-0.17663787041441,0.828139059264734,-0.60288978839589,0.577872556813722,-1.3857081581681,0.867604550336007,0.0364729017588121,2.37170985419034,0.867754441663317,-3.49915005117748,1.26139732799887,1.19203752335282,-0.26230526929664,0.127742973513058,0.842246901642164,0.702763371808582,0.693521722216776,"Masculine",-0.404708713784664,-0.807414449455619
0.622449760420986,1.69767573113968,1.58808995744753,1.27608407171747,2.00415924697447,-0.674900510795505,-0.743962452153807,-0.712749725256502,1.02104494881478,-0.534407509603796,0.290772725930915,0.127739379470265,0.368556177306559,0.974919067016738,-0.327695780864305,2.20696081429235,-0.67051635910956,-0.736621808539439,-0.575886654307881,-0.374682025435718,0.888952868494985,0.864046584622995,1.0990428830427,-0.263285125646269,0.501716766806798,-0.0504429825283554,1.93326239612839,0.601631958368892,-1.12731400211775,-1.232419362409,-0.471147196741442,2.16022190611278,1.30348852248269,"Masculine",-0.404708713784664,-0.807414449455619
-0.831568839386774,0.66572403495323,-1.5962155015278,-0.308992357928228,-0.0323320245275315,-0.424559004510409,1.64370209472153,0.869672796623918,-0.197224919548912,-1.60317087007782,-0.127922472192419,-0.494116155580087,-0.485281197029374,-0.696019841208689,0.33064422634947,-0.733808618572149,-0.67051635910956,1.43206002064899,1.94828912275073,0.285273274286886,-1.46103222615742,-0.903743060334633,-0.664026099134518,-0.319752681002297,-0.596396257762758,-1.96639135400009,-1.13762237108804,-0.742122918512341,1.21826338587646,1.533290795535,1.88722706944641,-1.71790819920406,0.142400465142667,"Masculine",-0.404708713784664,1.23709114477995
0.480226353952012,1.00970793368205,-1.1986945962028,0.573617305097211,1.00398717980455,-0.454495208550481,0.449869821283861,1.82753445114408,0.902710601405813,-0.35872337431429,0.203423457821188,0.176575383470417,0.595276522195362,0.713730219638815,0.128128813308758,-0.237590610060748,1.6608078495506,0.257155753639399,1.96824458501611,-0.109035107766953,-0.377412234027796,-0.625581883659753,0.0594894243938984,-1.66698929369818,1.96586746623287,-1.96639135400009,-1.01351077322558,1.28452359288795,-0.914386633053664,-0.133745905941103,0.0481440569315803,-0.528303397829196,1.4250432193382,"Masculine",-0.404708713784664,-0.807414449455619
-0.13214742399008,0.321740136224413,0.42739351547164,1.25494677934449,-0.357491047531229,-0.489177068525879,0.449869821283861,-0.266040856210973,0.264008546801011,0.298982346963183,0.0814360658104744,0.666804896544543,0.427067875547856,-0.100871549869513,-0.327695780864305,1.15156792645721,-0.67051635910956,0.313418054998356,-0.570944728299582,0.391922632384469,-0.666290871926583,-0.324526822239798,-0.681513323833278,0.977158117628376,0.501716766806798,0.332746691765992,0.831645875808658,-0.445922967705106,-1.0420627098606,0.14843868228296,0.776347025523885,-0.280813272959065,0.496466965251739,"Masculine",-0.404708713784664,-0.807414449455619
-0.7309094660972,3.07361132605495,-0.0193395668099883,0.331601360314229,0.176182590806666,-0.38874318428968,0.0519257301379719,0.768699997591982,0.264008546801011,0.334506944231408,0.0814360658104744,0.765298892647952,-0.485281197029374,1.42412868309181,0.494931606088169,0.833360914637913,2.4849920860661,-0.0366981596720316,0.27534432621445,0.85340081725281,-0.876523039223092,-0.21877216349379,0.166053264056893,0.216831834540435,1.96586746623287,-1.96639135400009,1.16125956682789,1.63005986299343,-0.808730916639119,-0.743189633524225,0.164041470524779,-0.398404318022656,0.0612923629622087,"Masculine",-0.404708713784664,-0.807414449455619
-0.289845112074707,-0.0222437625044037,0.174374928716396,1.76061270583797,-0.53968484564211,-0.674900510795505,0.847813912429751,-0.163815681540721,0.767503531394687,0.147467071091232,0.855496249464903,1.01778240032785,-0.485281197029374,0.0448598642814691,-0.327695780864305,0.0485382574063339,-0.67051635910956,0.168124413272619,-0.2294152695926,-1.43685435916034,0.786289018448909,-0.320869752073118,-0.722162792847279,-0.56112957018372,0.13567909195028,-0.0504429825283554,0.53161317790469,-0.0781687358485357,-1.14062580086426,-0.924533409016281,0.68213282668829,-0.0959536402286925,-0.568534355410357,"Masculine",2.4680596971786,-0.807414449455619
0.393858150894752,0.66572403495323,0.412968972330414,1.64849007672235,0.219291662358094,-0.350092696960732,0.0519257301379719,0.610427591624616,-0.790831300354818,0.578217852834076,-0.273939777701123,1.45859065971228,4.61352071212565,0.967018646646878,-0.327695780864305,-0.148435601439312,-0.277631934887531,-1.56550805646962,-1.52887153607422,1.90466205283949,0.0139958945982719,-0.0627043508328472,-0.239571200876886,0.36760197763539,1.96586746623287,-0.0504429825283554,0.726549324198609,0.150736022864725,-0.6875050051012,-0.408267440275417,0.419618248136473,0.654694564258424,0.879271635755458,"Masculine",-0.404708713784664,-0.807414449455619
-0.0122758026948494,1.69767573113968,0.579556263090521,1.12150475340375,0.90872574938855,-0.543587707160346,0.0519257301379719,1.19414362723191,-0.916407472635272,-0.161193644598791,-0.213072136910075,1.22548153006287,0.465685825709856,1.16499941901064,3.2827244174271,1.23137222465952,-0.230859979623004,0.174198355938768,-0.187992607853175,-0.680519226449174,0.092237306654206,1.06404163919334,0.854425597355083,0.360693136971529,1.96586746623287,-1.58320167970574,0.680463579808664,0.688856546213977,-0.891234008337498,-0.249261475124335,0.111005867617364,0.27363510588242,0.505237965873751,"Masculine",-0.404708713784664,-0.807414449455619
-0.325685250562287,2.0416596298685,-0.924228404037583,1.32273600065348,0.072822564062309,-0.674900510795505,0.0519257301379719,0.937381673164749,-0.73419560386323,0.291603589262969,-0.109200275640927,0.0757230162826153,-0.485281197029374,0.353145379317642,-0.327695780864305,-0.733808618572149,-0.298726400617574,0.0486185721981966,1.3711001938578,-0.485782541882906,0.368945643598319,-0.227219819609783,0.169225544802116,-1.42633182400372,1.96586746623287,-0.0504429825283554,-0.744173592406377,1.0699615851593,-1.03543750265146,-0.521420766559624,-0.279785788332208,0.0325202751117624,1.27340072623134,"Masculine",-0.404708713784664,-0.807414449455619
-0.0520629990159172,2.0416596298685,-0.177592914684721,0.260177302520686,0.622988879767625,-0.550017506510756,0.449869821283861,-0.226624347954803,0.74399698843926,-0.781598319705983,0.708866356422396,-0.199535260578724,-0.485281197029374,-0.342874620142974,1.04252393294508,0.757834672073574,0.831201515401746,0.36798274000023,0.594854985562294,0.582638884918773,-0.853943131619744,-0.162687553336903,-0.526934809009398,0.0134822740903051,1.23379211651984,-1.2000120054114,0.329788544371692,0.692885281017206,-0.760453755688397,-0.0282218278352611,0.839959075502655,0.0160867267555361,-0.311366484893931,"Masculine",-0.404708713784664,-0.807414449455619
-0.476277011379725,-0.710211559962037,-0.455642896512803,-1.11844885352897,-0.0957401521099008,3.31700871971336,-0.743962452153807,-0.582840745359057,0.778060684297458,-0.547377017143611,0.660898867669873,-0.462919009129499,-0.485281197029374,-0.696019841208689,-0.327695780864305,-0.733808618572149,-0.67051635910956,0.98491491429878,0.798802091971352,-1.10317831788607,-0.0834658840700949,0.899357344805201,-0.154142427936957,0.099349523923796,-0.596396257762758,-0.0504429825283554,-0.395564219850505,-0.687515213592653,1.36263091797298,0.776980766033005,-0.439513245994861,-0.306718890246612,1.15356829633367,"Masculine",-0.404708713784664,1.23709114477995
0.117646763335192,-0.710211559962037,2.23585756017851,-0.239863194414374,0.252441329842468,-0.674900510795505,0.449869821283861,-0.421479954993379,-2.71063982217843,0.525791502142327,-0.149950113245258,-0.766541941486642,-0.485281197029374,0.867236337375545,-0.327695780864305,-0.733808618572149,-0.67051635910956,0.29210573097409,-1.08961134411393,-0.263417590193796,0.0835847269680296,0.393506183833871,1.39972152306748,1.83490155782679,0.13567909195028,-0.0504429825283554,0.723784179535218,0.226797289145806,-0.82637886801639,-0.0458902390409307,-1.00786643679003,1.09363781733431,2.28435068027706,"Masculine",2.4680596971786,-0.807414449455619
0.328173594361796,-0.710211559962037,0.225403405037942,-0.467484819841446,1.49940207222792,-0.674900510795505,-0.743962452153807,-0.708748917628532,-1.83081424825493,-1.03366243449356,0.074577068367201,1.00102818115588,-0.485281197029374,0.404864791597108,-0.327695780864305,1.59119406919489,0.109718905894749,-2.16878653070933,-1.6587273960911,1.95031166971152,0.713151299627629,1.60600771626845,-0.64613996674172,-0.618026854537518,-0.230358582906239,-0.0504429825283554,0.894015831981744,0.291533537912221,-0.646965086967197,-0.77641159071468,-0.86768262427937,1.61089990437444,1.47065925385001,"Masculine",-0.404708713784664,-0.807414449455619
-0.68953117325881,-1.05419545869085,-0.564323014224204,-0.502013886073622,-1.55349119717167,-0.674900510795505,-0.743962452153807,-0.375453955828066,0.264008546801011,1.1373512708439,0.0814360658104744,-0.766541941486642,-0.485281197029374,-0.696019841208689,-0.327695780864305,-0.0609477863786975,-0.67051635910956,1.18903203638815,0.709526043204944,0.248399233311462,-1.21105750857742,-1.17011027636022,-1.04773203575674,0.754234218482157,-0.596396257762758,1.48231571464903,-0.761594427392698,-0.651657188000531,-0.434499573828396,1.01831314081913,-0.512460635106886,-1.12802131541778,-2.11328161982188,"Masculine",-0.404708713784664,1.23709114477995
-1.59555451421736,-0.710211559962037,-0.31127967632328,0.471312098234691,-1.29681761293055,-0.674900510795505,-0.743962452153807,-0.816245030512851,0.264008546801011,0.482655787345837,0.0814360658104744,0.3295059074882,0.56119779742602,-0.696019841208689,-0.327695780864305,2.14960082826558,0.297111655131593,1.12560588185511,-0.0453695567113314,-0.450863873280279,-1.06377000993458,0.297078447151075,-0.411883647256604,1.43409768710084,-0.596396257762758,-0.0504429825283554,0.117674129212806,-1.09789293670305,-0.240212235613236,1.27599604598308,1.44230925764237,-0.738509267554331,0.555094179935677,"Masculine",-0.404708713784664,1.23709114477995
-0.557695684615896,-0.0222437625044037,0.475932000359852,-0.828732480785934,-0.746779909662446,0.566793360378569,-0.743962452153807,-0.563133822348074,0.949411396796273,0.744010346566745,1.00755833836459,-0.766541941486642,-0.485281197029374,-0.696019841208689,-0.327695780864305,-0.733808618572149,0.0442798191524519,1.0109603723185,0.331373023633415,-0.563520169996053,-0.514280617799999,0.589652552373775,0.327675851444262,1.18819395584013,-0.596396257762758,-0.0504429825283554,0.0446289709191556,0.276219586591138,1.06737346839275,0.397289908926273,-0.447474494043326,-0.29307755284092,-1.58447702847488,"Masculine",-0.404708713784664,1.23709114477995
1.75370803413486,0.66572403495323,2.14669843636776,-0.00855521527763917,0.174760191759263,-0.261002553737481,0.0519257301379719,0.725887710374152,0.264008546801011,0.935795007039534,0.0814360658104744,-0.766541941486642,-0.485281197029374,1.82536109199168,-0.327695780864305,-0.733808618572149,-0.67051635910956,0.889414901559783,-1.13768976257154,-1.04614127786517,0.00152477768613558,0.658475839580759,0.448130421289566,2.06806824425736,1.23379211651984,-0.0504429825283554,0.0865521319448266,-1.60182771633112,-0.138593989941351,1.05293095179911,1.19294001684739,0.261371959695644,-1.11537618131221,"Masculine",-0.404708713784664,-0.807414449455619
-0.447907415990302,1.00970793368205,-1.30865127685184,0.0266970150071915,0.0502641814342347,0.858054885715696,0.449869821283861,1.03492059131932,0.264008546801011,-1.08108117908077,0.0814360658104744,0.153977462236727,-0.485281197029374,-0.696019841208689,0.78456080834038,-0.733808618572149,-0.264183568288245,0.537684470111659,1.02557784325372,0.685137241783604,-0.918675945923684,-0.5446696458225,-0.865383958930625,-0.526915522009854,-0.596396257762758,-1.58320167970574,-0.659403379948584,-0.140305252758562,1.44836766388852,0.645171775155559,0.513342670030956,-1.09630182954523,0.0963661368780792,"Masculine",-0.404708713784664,1.23709114477995
-0.557011898363417,-0.0222437625044037,-1.43921839039447,-0.904335222865431,-0.0228077459974106,1.67194357561597,-0.743962452153807,-0.085469020735368,0.264008546801011,-1.43880692026884,0.0814360658104744,0.503247050496015,-0.485281197029374,-0.696019841208689,-0.327695780864305,-0.733808618572149,-0.67051635910956,-0.0907668940673078,0.529560246055681,1.60239280129948,-0.885299921129883,-0.698259788496201,0.0225784418192249,-0.336377429233585,-0.596396257762758,-0.0504429825283554,-0.39524608456449,-0.667137891964692,0.702531638392271,0.926902655620696,-0.229773718446679,-1.01560977684503,-0.619798910957632,"Masculine",-0.404708713784664,1.23709114477995
-0.624867120330632,-0.0222437625044037,-0.0647299317617478,-0.908677090736474,-1.15489765948346,-0.488459989598197,0.847813912429751,-0.0183522414693837,-0.262788685013529,1.14298837032429,-1.09992486685871,-0.322040836264849,0.363515815002335,0.411363520244132,-0.327695780864305,-0.149126714800744,0.114324781130902,0.602105106875453,-0.0353802274895648,0.621250676755347,-1.01436327717815,-0.519726833974447,-0.704507463711845,1.03159295350376,0.13567909195028,-0.0504429825283554,0.0296316653810272,0.0386774698261862,-0.084501130832658,0.445821436213182,1.72356328710454,-0.721741869400718,0.0886937488339835,"Masculine",2.4680596971786,-0.807414449455619
-0.518938062322265,-0.0222437625044037,-0.460121209423919,-0.145430243977594,0.703049602980681,0.864685315631402,0.847813912429751,-0.747361875126049,0.264008546801011,-1.67283532439232,0.0814360658104744,-0.361711365010451,-0.485281197029374,-0.696019841208689,-0.327695780864305,-0.201308002986795,-0.313118269978554,0.663687598722166,0.651895813350872,-0.352921868380419,-0.338437869338818,0.899357344805201,-0.635960707318176,-0.175611191206595,-1.3284716074758,-0.0504429825283554,0.673476386304395,-0.119158792971447,-0.152730479924625,0.148312297708743,0.397350154997981,-0.18435133772321,-0.0622338845882137,"Masculine",-0.404708713784664,-0.807414449455619
1.05722720453937,0.66572403495323,0.113359129464683,-0.516344973744255,1.29583109256085,0.994042864438463,0.847813912429751,0.120221317124721,0.780560127429531,-0.795605986839541,0.645415497488999,-0.461442722586433,3.01033178120818,0.0640723039700299,2.62149673119221,0.0688260208028577,-0.67051635910956,-0.784614347822541,0.175094353876524,0.71559998446835,0.281486192983328,-0.17030377783883,0.762444614889148,-0.680291111256622,0.13567909195028,-1.2000120054114,0.0520691429326077,0.812815973278678,0.763683461694692,-0.482969023180568,0.813935053165711,0.495123147965117,0.527516918673201,"Masculine",2.4680596971786,-0.807414449455619
1.23553735421311,-1.39817935741967,-1.1491255523855,-0.947730717285842,-0.925904286287673,-0.508676431655737,-1.53985063444559,1.91572867686245,0.264008546801011,0.375288801862941,0.0814360658104744,-0.766541941486642,-0.485281197029374,0.162912125046384,-0.327695780864305,-0.733808618572149,0.546993614853209,-0.604621261769487,-0.132387056726985,-1.74668919967719,1.86268822705823,-0.401289338427873,-0.832526681186614,-1.74995768583886,-0.230358582906239,-0.0504429825283554,-2.05682706225284,-1.36422051707476,0.611947694854571,-0.0560682249060885,-0.804672928250224,-0.953970692432033,-0.640183115355241,"Masculine",-0.404708713784664,-0.807414449455619
0.691495953024451,1.35369183241086,2.47516024144218,-0.82972265253818,0.970817290944121,-0.0318387131064842,-1.93779472559148,-0.563300020276785,1.75506036082579,0.681275819022845,0.553781568443027,-0.0326385572315576,0.916143889112648,2.04653485806189,-0.327695780864305,-0.733808618572149,2.89301429567619,-0.288977068494447,-0.0185154017891252,-0.585072627763728,0.408739563596241,-0.693841382731899,1.20537406212994,0.49741545747747,1.23379211651984,-0.0504429825283554,-0.459552202468658,1.19443384965423,1.20620565364121,-0.755432750728231,-0.111728159218206,2.70747972033213,1.34016157225322,"Masculine",-0.404708713784664,-0.807414449455619
0.00817460594694906,-0.710211559962037,2.6030591539077,-1.03053960243716,0.0725856212840446,-0.674900510795505,-0.743962452153807,-0.858786867587457,1.30555209336244,0.728851802431605,0.741577526359553,-0.766541941486642,-0.485281197029374,-0.696019841208689,-0.327695780864305,-0.733808618572149,-0.67051635910956,0.0535770004039081,-0.9727147972758,-0.813863739318542,0.692828131930588,1.10886352792058,1.33382578779916,1.46854605754169,-0.596396257762758,0.715936366060339,0.521196669049327,0.0916127696630226,0.440059112555437,-0.169988491534061,-0.226517100025441,1.70515542413133,-0.365035406187617,"Masculine",-0.404708713784664,1.23709114477995
0.312876779227128,1.69767573113968,-0.482941037459553,-0.950150901214463,0.36067467322362,-0.674900510795505,1.24575800357564,0.509511359555492,0.264008546801011,-0.61380468136514,0.0814360658104744,0.797289568888676,-0.112004421748556,-0.209024146945687,0.617087074763355,-0.219555687633021,0.710086851240744,0.1334745571659,-0.0805137388539514,0.200800768889298,-0.388506489928695,0.611843238435839,-0.681365700935874,0.0602554209999582,0.501716766806798,-1.96639135400009,-0.149510527101643,-0.427085879858178,0.111089437645674,0.513867276421576,1.88748309033563,-0.373833915261394,-0.243024204837273,"Masculine",-0.404708713784664,-0.807414449455619
-0.234247308982215,0.66572403495323,-0.413918020687332,-0.161356719771995,-1.46758379277004,-0.376416407147892,0.847813912429751,0.169678107144535,0.126484350361833,1.13084530272963,-4.59425716592104,-0.766541941486642,-0.485281197029374,-0.190111692799552,-0.327695780864305,1.93731097416993,0.0465930753927824,0.982976255611228,-0.00488200657176618,0.0941735551142108,-1.10190269566736,-1.46970056580024,-1.47758341377776,0.915546826015037,-0.230358582906239,0.715936366060339,-0.507698500069695,-1.59782914857664,-0.618370698860282,1.15606730854941,2.12182806147059,-1.29996463720899,-0.271908489238574,"Masculine",-0.404708713784664,-0.807414449455619
0.404645100561085,-1.74216325614849,0.261852316696206,0.751320136434165,0.984192011380788,-0.489652064541914,-1.1419065432997,-0.87029177930497,-1.02186250607194,-1.0197519500125,-0.0394904523130164,3.03093219808109,1.58656626461575,-0.696019841208689,-0.327695780864305,0.693354414552866,-0.67051635910956,-2.20876863982595,-1.40363746633566,0.320294748527724,1.70792578148523,0.193373221424055,0.298863951452447,-1.54081095167876,-0.596396257762758,-0.0504429825283554,0.658616015105074,0.606508657990861,-0.390044860402198,-1.8707024002884,-1.03454237721557,1.43817269657377,0.800891508579521,"Masculine",-0.404708713784664,1.23709114477995
0.211294520647952,-1.05419545869085,-0.115040310122267,1.90189623636976,-0.0791177490293331,-0.674900510795505,-0.346018361007918,-0.0265661551163542,-1.76416079568497,-0.0243359533710341,-0.0651750045394939,-0.766541941486642,-0.485281197029374,-0.696019841208689,-0.327695780864305,-0.733808618572149,0.0848932383718858,-1.49887467321864,-0.359450716325768,-2.14779375714991,3.08170358823116,1.67361932588376,0.330413455304384,-2.12633248291345,-0.596396257762758,-0.0504429825283554,-0.747147092997732,1.0276631545666,-0.621934052958282,-1.95441680066477,-1.22917376333237,0.76008926235671,-0.545266974603526,"Masculine",-0.404708713784664,1.23709114477995
-3.02704961499274,-1.05419545869085,-0.484676672035103,-1.20433050347167,0.223500129371575,-0.584133414949447,-0.743962452153807,-2.01740100302125,0.264008546801011,-1.34691502915699,0.0814360658104744,-0.766541941486642,-0.485281197029374,-0.696019841208689,-0.327695780864305,-0.733808618572149,-0.310797503166015,-0.0937729509597071,1.37723472384782,-0.356682552337837,0.501268346364775,2.79579643092748,2.88850871945419,-0.598693600669561,-0.596396257762758,1.09912604035469,2.54409327583672,2.53488276464426,0.469165077401657,-1.33795470224111,0.809391176249747,0.262073449738603,0.0814360844679455,"Masculine",-0.404708713784664,1.23709114477995
-0.388362365080906,-0.710211559962037,-0.278499017629975,-0.932847454256097,0.981448555530279,-0.578495707132922,-0.743962452153807,-0.665055085846748,0.793431013990043,-1.14923753004422,0.318632557417971,2.04777028866761,-0.485281197029374,-0.696019841208689,-0.327695780864305,-0.322491697895755,-0.394453051059863,0.403694510582848,0.635745440225578,-0.32957064473784,-0.284049298303141,0.302069530830307,1.76072506943774,0.06240795807704,-0.596396257762758,-0.0504429825283554,0.559928688542966,-0.0124329014782252,0.386892005801238,0.298484674175655,0.243797340068922,0.539680288028993,1.2748449404514,"Masculine",-0.404708713784664,1.23709114477995
-1.63273142278311,-0.0222437625044037,1.26612703556242,2.58421047559196,0.63683843635788,-0.674900510795505,-1.93779472559148,-1.29636832400979,-0.414102783513448,-0.18929566436487,-0.339657384367631,1.23607739959239,-0.485281197029374,1.79853789057466,-0.327695780864305,-0.733808618572149,-0.67051635910956,-0.391615249977756,-0.369060200350183,0.0091839879879184,0.419930750088462,1.7246876693166,1.91216601754766,0.633592343194151,0.13567909195028,0.332746691765992,1.64250349394857,1.93002635908328,-1.14483722605047,-1.07882948183469,-1.13605310138415,1.67366912019648,-1.11970736811131,"Masculine",2.4680596971786,-0.807414449455619
-0.444343753670946,-0.710211559962037,-0.54855811910047,4.76598195606925,3.25391661009413,-0.674900510795505,-2.33573881673736,-1.14659027022627,1.16432584976089,-2.99583767653422,-0.607704796322804,-0.234772963911983,-0.485281197029374,-0.696019841208689,-0.327695780864305,-0.733808618572149,-0.67051635910956,-1.74603229128358,2.06527455557948,-3.43916858930252,4.2227442026102,3.38224491802663,4.68445639466257,-4.48252126739131,-0.596396257762758,-0.0504429825283554,0.717175952458287,1.7069532143303,-1.28644782928152,-2.35222471122258,-1.27369932405826,2.86756512184488,0.417981534346485,"Masculine",-0.404708713784664,1.23709114477995
0.536684166093114,2.38564352859731,1.69164371492675,-0.123298891380448,1.62668313704429,-0.674900510795505,-1.53985063444559,0.175231728106296,-0.637400049859422,0.418140652716823,-0.398007432362376,-0.766541941486642,-0.485281197029374,4.04112009389505,1.51033632008405,0.766874934441123,-0.67051635910956,-1.53149726710193,-0.89891647225173,0.0778473849242419,1.60329235912345,2.49793460674922,3.47044508286267,0.095016809624765,1.96586746623287,-1.2000120054114,1.23181666723734,2.17673157017035,-0.727586289079654,-1.36969665310845,0.116654995161154,1.73152111816698,0.850452276069346,"Masculine",-0.404708713784664,-0.807414449455619
0.609098359331644,-0.366227661233221,0.596648905244925,1.64216401424592,1.56090778539399,-0.674900510795505,-0.346018361007918,0.282571865126454,-0.714494206152754,-0.362192150370044,-0.149099909647823,-0.353721287843158,0.303020413925512,3.41781220769719,1.66753643398094,-0.733808618572149,1.15174363481499,-0.894927441721383,-0.030620916507989,-0.471729791824758,1.17380976742734,1.18936599912147,1.23267005383464,-0.83349088119751,1.23379211651984,-1.2000120054114,0.459585521992423,1.39602479976014,-1.20652535670187,-1.14473327002231,-1.12141053256293,1.2126376510979,0.0595386742664241,"Masculine",-0.404708713784664,-0.807414449455619
0.205946488698794,0.66572403495323,-0.0121280172735681,-1.09075152357954,0.183892959367159,-0.641413621065892,0.847813912429751,1.10929461749748,-0.492257987685285,0.305978732327066,-0.528944716871027,-0.766541941486642,1.95177327480404,0.0988561818002442,1.21438199874491,0.10555675853697,-0.67051635910956,-2.13833280586316,-0.587187344073791,0.86248019433344,1.62653033507571,0.859988091530018,0.222533303189463,-1.53531522928187,1.96586746623287,-1.58320167970574,-0.274058109081166,2.46001500082767,0.246342539623192,-1.99901410005466,-0.568711279231727,0.648642640321296,0.234924907100192,"Masculine",-0.404708713784664,-0.807414449455619
-0.35175717879957,-0.0222437625044037,-0.353715515598579,-0.529075239974584,0.91183666697258,-0.674900510795505,0.0519257301379719,-0.660310117555117,0.806959697137974,-0.750476210151632,0.290340906684432,-0.766541941486642,-0.485281197029374,0.901857002318638,-0.327695780864305,0.953501679534768,-0.104280885699278,0.607366699154235,1.6277521092453,-0.719136887757156,-0.0984289935856567,-0.264541755882576,1.28330946604322,-0.585794494486632,0.13567909195028,-0.0504429825283554,-0.450521413052003,0.177206602271376,-0.331142952204175,0.370398630304135,-0.963180960414249,0.824072249955867,1.41684632781891,"Masculine",2.4680596971786,-0.807414449455619
0.0975373885564224,0.321740136224413,0.414979401559895,-0.0578021522987438,0.159709378800807,-0.283375416281158,-0.743962452153807,-0.329991044547806,0.65189372965837,0.453260240279205,1.3757375656314,-0.00286560046664654,0.243857818377174,0.255251667057578,-0.327695780864305,-0.733808618572149,0.677882111039875,-0.299448432389936,0.421310114730607,-0.882835039078544,0.864212392854725,0.768062615356582,0.538532431112619,-0.693808959243001,0.501716766806798,-0.0504429825283554,0.0104441621314822,1.82415000211492,-0.386650114108865,-1.20848942703166,-0.95567037216299,0.692429273763696,2.74046286657505,"Masculine",-0.404708713784664,-0.807414449455619
-0.255746156652748,-0.0222437625044037,1.0428441319033,0.957356231287142,1.04405634852062,-0.64615759711092,0.0519257301379719,-1.27741647637958,-1.06792355871217,-0.498613163259163,-0.148986127753742,-0.204612932348048,-0.485281197029374,-0.696019841208689,-0.327695780864305,-0.733808618572149,-0.67051635910956,-0.561096825170566,0.892686565825167,-2.59956569046645,2.4592989942376,-0.117583764671123,2.3861905152185,-1.90843824130592,-0.596396257762758,-0.0504429825283554,-0.282934832020334,1.82748960938985,-1.13964212623023,-2.08951333624943,-1.29104133322138,2.64581775130524,0.603987918822673,"Masculine",-0.404708713784664,1.23709114477995
0.663705089349618,0.66572403495323,0.405218035885333,1.86618497157749,0.220491204250282,-0.674900510795505,-1.1419065432997,-0.18127659403807,0.264008546801011,0.0505440349917961,0.0814360658104744,0.879926438059385,0.562723277009775,-0.0123801129648554,-0.327695780864305,-0.0119054516707214,-0.18599708375703,-1.59388916677376,-1.45268361203876,0.345183871960563,1.3009497138366,0.651954682629661,-0.164677813054623,-0.726109798478725,-0.230358582906239,-0.0504429825283554,0.551006977127311,0.445667463546531,-0.429933974927094,-1.31187243326847,-0.86918843322621,0.535156519085997,0.15529007705675,"Masculine",-0.404708713784664,-0.807414449455619
-0.696905885662358,0.321740136224413,0.570105969577414,-0.115826500807104,0.502167613333457,-0.411271238784025,-0.743962452153807,-0.936666322687817,0.743275201308977,-0.18282932139573,0.699460123823335,0.17704812398418,-0.485281197029374,-0.108329548507849,-0.327695780864305,-0.733808618572149,0.579033351010123,0.0258023461688925,0.389613380161014,-1.00094709346458,0.640993018330684,1.92627323549888,-0.276408344697228,-0.493821366190567,0.501716766806798,0.332746691765992,0.90846673626414,2.11599247870986,-0.153627260574046,-1.44214919470039,-1.01889966284993,0.963346545853922,2.24409161131065,"Masculine",-0.404708713784664,-0.807414449455619
-0.862864900366763,-1.39817935741967,-0.369755252467534,0.368356383617154,-1.5005884993093,-0.674900510795505,-1.53985063444559,-0.549152515502233,1.99614074923469,0.829696440826088,0.359336689248612,2.30268987473232,-0.485281197029374,-0.696019841208689,-0.327695780864305,-0.733808618572149,-0.67051635910956,-1.04889563367628,-1.51802024674714,0.048817283071105,0.966430004296491,0.525691780023805,-1.35214168237667,-0.579922990585288,-1.3284716074758,1.09912604035469,0.191929642675141,-0.339410335934295,-0.898149758759144,-0.900776517383385,-0.667812959786645,-0.0962730464466372,-0.420317666927374,"Masculine",-0.404708713784664,-0.807414449455619
-1.70407083505914,-1.39817935741967,-0.2807157682738,0.599611190950734,-0.103966702085238,-0.674900510795505,-2.33573881673736,-1.04812328632961,0.264008546801011,-0.385880315128831,0.0814360658104744,-0.766541941486642,4.57761365642735,-0.696019841208689,-0.327695780864305,2.75369541307841,4.01089523091629,-1.71390810895639,0.090604730887914,1.72043324189166,-0.131389224671849,-0.422340572190883,-1.17206837029164,-1.38636778245115,-0.596396257762758,1.09912604035469,2.26685173880868,2.98887723651256,-1.01591804992882,-2.6244566767941,-1.154861901998,0.465235527313894,-1.91497989806676,"Masculine",-0.404708713784664,1.23709114477995
-0.68831867164541,1.00970793368205,0.37476639196091,-1.47320858609998,0.95809089114213,-0.674900510795505,-0.346018361007918,-1.1916496048515,-1.45876077886275,-1.04838732660323,-0.00928976400736896,-0.766541941486642,-0.485281197029374,-0.696019841208689,-0.327695780864305,1.1782592288965,0.612804964797142,-0.816445276849238,0.0446763198320995,0.950917423668397,0.142515810236092,-0.53198102021571,-0.447140030263374,-0.867960148656143,-0.596396257762758,-0.0504429825283554,1.24915098934625,1.86536589209171,3.02594886971491,-1.7260373021057,-0.712090136351307,1.24760928643662,-0.985440577339606,"Masculine",-0.404708713784664,1.23709114477995
0.893686831986036,-0.366227661233221,-1.35141159781197,-0.734026175263165,-0.778667056913314,0.30497154663353,0.449869821283861,1.74502661187126,-0.594063098096906,1.02038383785248,-0.414248981563228,2.85357763661776,0.205998677192602,0.205858723359139,-0.327695780864305,-0.733808618572149,-0.350919990944334,-0.155074748256885,0.0791667900576623,0.681338540755896,-0.472010726342972,-1.55743547977101,-0.776104966465113,-0.588475280386983,0.501716766806798,-0.0504429825283554,-1.75423743366843,-0.80441795562678,-0.179910481769029,0.727424645338752,1.54233827878278,-1.29779483005956,0.0449789797455233,"Masculine",-0.404708713784664,-0.807414449455619
0.518204901528565,-0.0222437625044037,-0.339538232944762,-1.10990014402584,0.852749339644501,1.91196172081715,0.0519257301379719,0.00196158376416468,-0.604713293738132,-0.605776643000561,-0.151665308400788,-0.766541941486642,1.96422840839092,0.102918580554973,-0.327695780864305,0.109846530481308,-0.104280885699278,0.442308600630595,0.908350447485954,-0.0518237003550324,-0.432739908888346,-0.34632070448031,-0.0525665981696214,-0.202442110734151,0.867754441663317,-0.0504429825283554,-0.201446414624265,-0.253449362690844,2.07335375403776,0.449291024999987,0.277612867624979,0.304516180171105,0.508707812273656,"Masculine",-0.404708713784664,-0.807414449455619
-0.0648647264821868,1.00970793368205,-0.248387586320383,-0.49206640927221,0.176190185167292,0.172519875422433,0.0519257301379719,-0.410417079737256,-0.114959735301006,-0.30557822202213,-0.846816474529703,-0.318869603647335,-0.485281197029374,-0.138377922569843,-0.327695780864305,-0.144955381361235,-0.275296117858864,0.844715403650382,0.668029937129745,0.565847654363574,-1.14664543164779,0.012592612135912,0.436672198236509,0.818615367988288,0.13567909195028,-0.0504429825283554,0.167930919548184,0.113848828159009,-0.0775703198599257,0.783575268161266,0.0740467926547243,-0.43684092167774,-0.617450113743102,"Masculine",2.4680596971786,-0.807414449455619
0.98392859060333,1.69767573113968,0.576726564937836,-0.791955628609599,-0.175610919704269,1.05899633633947,0.449869821283861,0.366738442440247,-0.543880744067928,0.747968243120211,-0.778245457509968,-0.766541941486642,-0.485281197029374,0.492768127296431,-0.327695780864305,0.521516026534009,0.172019060134637,0.673194686060168,-0.574540564541361,0.66063250526964,-1.08540181831536,0.28034028819638,0.452710442956693,1.94846556056566,0.501716766806798,-0.0504429825283554,-0.101942689016647,-0.623717228867606,0.379920609157011,1.31405766064892,-0.0704828095651439,-0.577853040044174,0.142400465142667,"Masculine",-0.404708713784664,-0.807414449455619
-1.66606192649665,0.321740136224413,-0.5913186201124,-1.52063244347561,-0.80962662593448,1.06905155546022,1.24575800357564,-0.744736231121922,0.0310884552679073,0.236501295338809,-1.39119918630086,-0.307964065575731,-0.485281197029374,-0.696019841208689,-0.327695780864305,-0.130610600917606,-0.67051635910956,-0.392766091088062,-0.140366770408694,0.743099926050925,0.0251561011699542,0.615304106436304,1.04086667241628,0.235711283695388,-0.596396257762758,0.715936366060339,0.358593106810023,0.129758624734299,3.90671927157804,0.14006358756853,0.803711330104778,-0.222129768216122,-0.814171127693818,"Masculine",-0.404708713784664,1.23709114477995
0.793077868881837,-0.710211559962037,0.52539742450305,-0.629121068704807,-0.250255501309074,0.736115251902302,0.0519257301379719,-0.312353253523718,-0.273578507833827,0.604817197331499,-0.992714429202558,-0.312936596760307,-0.485281197029374,-0.413503664356117,-0.327695780864305,-0.13715130231386,-0.0698292093050375,0.28043234497007,0.0935554115840346,-0.560348508827145,0.155828554950276,-0.639838159748569,-0.0714206149106638,0.173688300400012,0.13567909195028,-0.0504429825283554,-0.36601596780229,0.263715149888112,-0.251633122005725,-0.279299250231725,0.00722140637811512,0.0583536335630066,0.353363537837191,"Masculine",2.4680596971786,-0.807414449455619
0.688671031170126,-0.0222437625044037,0.159196203861443,-1.06945015198757,-0.266494246227877,1.14044140612565,-0.743962452153807,1.12842097802538,0.264008546801011,0.597670049521132,0.0814360658104744,-0.766541941486642,-0.485281197029374,0.306067452755562,-0.327695780864305,0.324365681629516,-0.67051635910956,-0.279291548043255,-0.754158219319895,0.0169751485598332,0.405061341462434,0.565829106802125,-0.764136723948433,0.198335381370728,1.23379211651984,-0.0504429825283554,-0.235933722098877,-0.283899784455855,0.0557245925506824,-0.0419321334267075,-0.849651088219819,-0.251898747277074,-0.887196584092023,"Masculine",-0.404708713784664,-0.807414449455619
-1.23510619892735,0.66572403495323,-0.283075632278933,0.450749454343839,-1.28816373165899,-0.383049387228949,0.847813912429751,-1.15741984573549,0.390859223516552,0.20190069299039,3.99670182798102,0.357316076790545,0.23007310067297,-0.696019841208689,-0.327695780864305,0.25171490877985,-0.339789769167435,1.01355196018116,0.00287703019166076,-0.602025083351141,-0.648655971847933,-0.213114596167384,-1.06923759288114,0.798816752085331,-1.3284716074758,0.715936366060339,0.240791821390058,-1.14522469963478,-0.810678628427091,0.652213254143023,1.33733083231424,-0.884627154801588,0.669580199285604,"Masculine",-0.404708713784664,-0.807414449455619
-0.214095527631466,-0.0222437625044037,-0.629453748032586,1.03762947861322,0.242477984486266,-0.674900510795505,0.847813912429751,-0.292926697704048,-0.483390540882264,-0.933788697750436,-0.228747343107986,0.179418953294408,1.32107827329941,-0.696019841208689,1.19630068474614,-0.319046832563456,-0.113765566995932,-0.241839246600134,0.253524104857818,1.74353660147155,-0.962812171161277,-1.51862261754467,-0.45981859764489,-0.229995380892682,-0.596396257762758,-0.81682233111705,0.359368682338101,0.242195190862445,-0.992408932450788,-0.072264349817141,0.126827178980084,-0.362979759375482,-0.845625572073203,"Masculine",-0.404708713784664,1.23709114477995
-0.430979795192148,-0.0222437625044037,0.0910631306403863,0.719896139727123,-1.02525929653801,-0.326669056539955,-0.743962452153807,1.97829752672782,-0.759379653535949,1.55378601761681,-0.412453743967106,0.0969728202630318,1.16364327359186,0.379615144055691,-0.327695780864305,-0.165889384060245,-0.67051635910956,0.398772634276891,-0.217534506157929,-0.522463161653542,-0.0389405642762494,-0.594471046211517,-1.19016223738625,0.245255283218657,1.59982979137635,-0.0504429825283554,0.22837933954319,-0.254616695373198,-0.991687506872546,-0.294079801855989,-0.209349406658544,-0.561690529339955,0.464640762994746,"Masculine",-0.404708713784664,-0.807414449455619
-1.0582114295869,-0.710211559962037,-0.767464948532864,0.878921137523212,-0.578340881884963,-0.674900510795505,0.449869821283861,-0.143433405155907,1.5864663279122,-0.119148121321844,0.297666594831933,0.795667337031441,1.00627703780643,-0.696019841208689,-0.327695780864305,1.3210692755954,-0.67051635910956,0.679394126656597,0.508702367875441,0.293946981291623,-1.0202115795551,-0.338176742794232,-0.798899254079872,0.325661588045204,-0.596396257762758,0.715936366060339,0.240067441509836,-0.644142533469476,-0.631648513822186,0.638829184870908,0.432689122248122,-1.03123646789438,-0.0187196837833726,"Masculine",-0.404708713784664,1.23709114477995
0.694632639517166,1.00970793368205,1.12412942678287,0.918963403155324,0.789233131103184,-0.503711098409374,0.449869821283861,0.695931555630948,0.371500056159459,0.361399728375715,3.52596579041571,-0.766541941486642,0.120900142929188,0.490262250465687,0.439442406293732,0.936429399958642,-0.67051635910956,-1.04386375583464,-0.89468520235152,0.157414994050679,1.0175380499922,0.192206773216415,1.53384656938932,-0.0603966237603979,2.69794281594591,-1.2000120054114,1.08408299547329,0.495494569017176,-1.02816888747607,-1.00592775456464,0.0211018196657936,0.883429805871195,1.17802808905721,"Masculine",-0.404708713784664,-0.807414449455619
-2.17177262291352,-0.710211559962037,1.17359580689049,-1.18851709949393,-1.03106301610418,-0.674900510795505,-1.1419065432997,-1.50128726469736,0.264008546801011,0.301722578184372,0.0814360658104744,-0.766541941486642,1.377234526263,-0.696019841208689,-0.327695780864305,1.83212699020701,-0.67051635910956,0.0360775291345928,-1.09132744195179,-1.33826003604313,0.806635531003222,1.59900133185236,-0.219674706868339,0.78130908412386,-0.596396257762758,1.48231571464903,2.08333274193751,0.258550475069239,1.18852636658064,-1.15604657639512,-0.807672612744885,0.547927758966312,-0.22280520575635,"Masculine",-0.404708713784664,1.23709114477995
-1.52596834059347,-0.0222437625044037,-1.35828850399063,-0.0308259944684023,-0.772805734235967,-0.351542731843923,1.24575800357564,-0.834435195422437,0.811938045794359,-0.811792699215424,0.363709789010402,-0.766541941486642,-0.485281197029374,-0.696019841208689,-0.327695780864305,-0.733808618572149,-0.67051635910956,0.635428152389393,1.36075017781195,-0.147905326907917,-0.341259414872851,-0.926037377347931,0.285913665337441,-0.768833025202523,-1.3284716074758,0.332746691765992,-0.461512114988344,-0.269266630484466,-0.738839229388889,0.425612003955892,0.816694831169896,-1.02528237171932,1.45343290982852,"Masculine",-0.404708713784664,-0.807414449455619
-0.992298722571482,-1.74216325614849,-1.74096330905101,-1.41001698336512,-0.644398116056934,1.30954174907173,-0.743962452153807,-0.302370341025685,0.264008546801011,-0.402714838185413,0.0814360658104744,0.127739379470265,1.22239355164249,-0.696019841208689,-0.327695780864305,0.442499154573646,-0.67051635910956,0.0688695534957562,1.43023579439869,0.439447988529645,-0.392903176700666,-0.276196712927382,0.566868298928054,-0.797793081139635,-0.596396257762758,1.09912604035469,-1.8174166063237,-0.435531932199806,1.90998458949587,1.29757166084182,0.60353379596958,-1.06450390550981,-0.582640205024509,"Masculine",-0.404708713784664,1.23709114477995
1.22883518750027,-0.366227661233221,1.32527448622605,0.790071684261315,1.21736914033666,-0.189863842368133,-1.53985063444559,0.0168750476624044,-0.53706372491697,-0.0491206885056784,-0.531916698573779,0.585315997913207,0.805438855377907,1.82988780820929,-0.327695780864305,-0.733808618572149,-0.67051635910956,0.757706870281108,0.159698638955304,-1.16563470378936,0.0385664577928699,0.0619867570103602,1.05580966952172,0.841062223560613,0.867754441663317,-0.0504429825283554,-0.0622863795960673,-0.361833808255019,-0.935062216151961,0.442704855604375,-0.850962583158017,1.14599623952342,-0.525747497070393,"Masculine",-0.404708713784664,-0.807414449455619
-0.134174330824068,1.00970793368205,0.494884366769118,-0.446007597630939,0.261966468240335,-0.080621349479085,0.449869821283861,-0.167848155684489,0.264008546801011,0.0839367257818438,0.0814360658104744,0.310689635402795,-0.485281197029374,-0.0250944426746826,-0.327695780864305,-0.733808618572149,-0.67051635910956,0.902456261083249,-0.0675609206500966,-0.789484012931252,-0.276704234900511,1.40578449466088,0.603222142120433,1.20801944946326,1.23379211651984,-0.0504429825283554,0.118039484646516,-0.66747054789058,1.24895770314653,0.979021288955554,0.439940982757726,0.332151819527211,0.377622285937639,"Masculine",-0.404708713784664,-0.807414449455619
-0.111176842236019,-0.710211559962037,0.189348535667896,-0.596150241210909,-0.503969264314862,0.0941666391433917,-0.743962452153807,-0.864070574939665,-0.654801760219664,0.369112500006212,-0.487083855196157,-0.0881771917157275,-0.485281197029374,-0.696019841208689,-0.327695780864305,-0.733808618572149,-0.0716330746197662,-0.205432910332443,-0.722598311923953,1.28490681513024,-0.564657188980763,0.332960291980162,-0.951747012047758,0.806518757756431,-0.596396257762758,1.09912604035469,-0.0454491723657745,0.143981547480684,-0.351082954670564,0.258669941599754,-0.824175441805897,-0.0211225690907573,-0.495761693348708,"Masculine",-0.404708713784664,1.23709114477995
-0.243629810228902,0.66572403495323,0.0557879679767669,0.832267605031381,0.60895070794114,-0.423884229560854,0.0519257301379719,-0.465054665579446,0.0216417595403295,-0.428879735268383,-1.01610104640393,-0.766541941486642,-0.485281197029374,1.08716211154899,-0.327695780864305,-0.733808618572149,-0.67051635910956,0.755061271470714,1.1885378985432,-0.45641932269152,-0.256333346483165,-0.328078505553568,0.878652457999021,-0.125762799961658,0.13567909195028,-0.0504429825283554,0.491038904198336,0.774388828140746,-0.397207523023974,-0.270689568165329,-0.0416710689731403,0.305736027742238,-0.88831140954731,"Masculine",2.4680596971786,-0.807414449455619
-0.666682085002211,1.35369183241086,0.0742932719308977,0.93097177666936,-0.549430706248772,-0.551127198278153,1.64370209472153,-0.0321520610843973,0.264008546801011,0.535420300959547,0.0814360658104744,-0.766541941486642,-0.485281197029374,0.609595007274802,0.685473361640633,0.369143658698185,-0.67051635910956,1.20633031131725,0.768909237139698,-0.655275833144278,-0.653349125547346,-0.507419769145564,-0.526371193327516,0.426142477202594,-0.230358582906239,-0.81682233111705,0.345187223350486,0.335988645639716,-0.986873805098344,-0.0446869396726885,1.34556865233456,-0.41947398281569,0.093648242958407,"Masculine",-0.404708713784664,-0.807414449455619
0.13066602859064,-0.710211559962037,1.27286971455477,2.05872836958246,0.144333279664693,0.0231416786872749,-0.743962452153807,-0.813754302991975,0.264008546801011,-0.135602644209014,0.0814360658104744,0.127739379470265,-0.485281197029374,0.417939430941596,-0.327695780864305,1.61880692771944,4.06649394338692,-1.81061029125303,-1.87396588582391,-1.18881203940108,2.13196479110893,0.750022254867958,-1.16269909944455,-1.28370940431542,0.13567909195028,0.715936366060339,1.23869221048912,0.874569824308023,-1.18371040709095,-2.52491477646105,-0.976113300311003,1.30731931033676,1.2768628836082,"Masculine",2.4680596971786,-0.807414449455619
-0.884637288401662,-1.74216325614849,-0.989074331415036,-0.759514017664348,-0.025473234025029,0.201294761202329,-1.1419065432997,-1.1984018089806,0.264008546801011,-0.802771282077457,0.0814360658104744,0.203799388726909,-0.485281197029374,-0.696019841208689,-0.327695780864305,-0.733808618572149,-0.67051635910956,-0.996419464335773,0.369235466576844,0.0789946226263489,1.07546472511787,0.584863303006279,1.79237858476939,-1.22522411490225,-0.596396257762758,0.715936366060339,-0.514202443577852,0.361052705401927,-0.223830095197887,-0.198267103885563,-0.927075650609759,0.372994939218721,-0.66134832375274,"Masculine",-0.404708713784664,1.23709114477995
0.0636451428086807,0.321740136224413,0.878520871100081,2.20238223472293,1.22873954418634,-0.674900510795505,-0.346018361007918,-0.88830019576344,-0.768855470205738,-0.224938149893201,-0.289118499791136,1.41223373052064,4.50729567235158,-0.153222556978053,-0.327695780864305,2.1320801111407,0.868280969093384,-1.8176246009533,-1.1080117264866,1.64300891029955,0.189578828123789,0.429064882224148,1.41009399991527,0.245689726754298,0.501716766806798,-0.0504429825283554,0.206644520299638,0.99284289954832,-1.00857770807901,-0.291375247656663,-0.934588296073854,2.07988272885164,-0.367387096009568,"Masculine",-0.404708713784664,-0.807414449455619
3.38219625190798,-0.0222437625044037,-0.593978771057575,-1.12479383470755,-0.313329306137784,5.50482593139028,-1.1419065432997,3.10662049682996,-0.39585133984039,1.36396445773981,-0.761969958676017,0.0129455039022975,-0.485281197029374,0.274946729340524,-0.327695780864305,-0.733808618572149,0.0176414522607004,-1.4751675708314,-1.45373319653207,0.682410775897597,1.10609392640503,-0.840888631714239,-1.03323633829865,-0.796988250790691,1.23379211651984,-0.0504429825283554,-1.64700963531283,-1.98093664393965,1.58339718537222,0.384609061646872,-1.17844880913992,-1.1423636597424,-1.09184067568699,"Masculine",-0.404708713784664,-0.807414449455619
0.900058252879461,0.321740136224413,0.437107702236503,-0.0487246829539907,0.17447421586173,0.106039030823409,-2.73368290788325,0.517740570068506,0.264008546801011,0.76904321469706,0.0814360658104744,-0.125157893577174,0.739473605680772,1.7007954240823,-0.327695780864305,-0.733808618572149,1.59442553453158,-0.768117455209426,-0.615088365651485,1.32450974866188,-0.237725208295125,-1.32766808765314,0.138272839575071,0.146060056313575,1.23379211651984,-0.0504429825283554,0.246888582545607,0.138056060002079,1.67627383773379,-0.339632921958466,0.0369321005343402,0.381653178697748,0.560712404590391,"Masculine",-0.404708713784664,-0.807414449455619
0.363505729878761,-0.0222437625044037,0.401433722653047,-0.0585249484526579,0.0339345214511158,0.209216960768313,0.0519257301379719,0.017673637914673,0.0164649932104894,0.858657250649041,-2.20635928055457,-0.0354886674616748,2.30668412021667,1.12524949306421,-0.327695780864305,0.227794434814997,-0.67051635910956,-0.0622136455039625,0.113023356204544,0.717449111190214,-0.466820147826975,-0.330441296985607,0.649277858312795,0.535976461464817,0.501716766806798,0.715936366060339,0.0348604673791881,0.643288106452034,0.344417291401047,0.0320421705285127,-0.487650655144185,0.286951533025109,-0.778980084997188,"Masculine",-0.404708713784664,-0.807414449455619
1.48745338793508,1.35369183241086,0.579238224366522,-0.919113460865277,0.213669767504645,-0.674900510795505,0.449869821283861,0.186432949154655,-0.600714816274405,0.363079128300401,-0.532066869212109,3.61127708319776,1.60463470178125,0.212850030061214,-0.327695780864305,2.62527956695174,2.87229609419488,-1.10740354661914,-1.48243811197694,0.558344329162749,-0.0938937679904719,-1.63830130325695,-0.658370859847532,0.119044384449408,0.867754441663317,-0.0504429825283554,-0.087721473481685,-0.565970842549795,0.546411488393456,-0.249617616963936,-0.430848070394242,0.325966662604041,0.747152804947251,"Masculine",-0.404708713784664,-0.807414449455619
-0.261146261412995,0.66572403495323,0.728398385921834,-0.995741449664793,-0.58697969648104,0.331101468164971,1.24575800357564,-0.0147930308073837,-0.89670401859309,1.09460475546279,-0.47914550719718,-0.195233237203095,-0.485281197029374,0.72727865219122,-0.327695780864305,4.52655406346223,2.35570721805435,-0.266097047307227,-1.14640402658131,0.758711200162718,-0.728707374497124,0.296866382897635,0.0789070053752822,1.57973133835659,0.867754441663317,-0.0504429825283554,0.190723871215792,0.301193220960328,0.755612018935847,0.406432941083276,-0.897176712261284,0.148413530467835,0.648778076053071,"Masculine",-0.404708713784664,-0.807414449455619
0.644279245863571,0.66572403495323,0.965837010438448,-0.137685426319858,0.372186214542767,0.270551675377647,1.24575800357564,-0.106973193901493,0.000972239856474449,0.298100170573061,-1.75950304924419,-0.248670640079686,-0.485281197029374,-0.0509347606374793,0.923784122807542,-0.0526180099141312,1.15826065817702,-0.315172604377697,-0.67457768503963,-0.0880807442372756,0.311527238865984,-0.0893975702337777,0.0421968640392286,0.156126831427739,1.23379211651984,-0.433632656822702,0.695360622355618,0.51340582563754,-0.335278092465865,-0.737458945280284,-0.639491522524545,0.681959688323184,-0.179839832709411,"Masculine",-0.404708713784664,-0.807414449455619
2.34055277025048,-0.366227661233221,0.0820376858488145,-0.84649305294952,0.48716842353371,1.03007686913101,-1.1419065432997,0.470588755426147,-2.82030427817767,-0.22485644661298,-0.0465577257648947,1.6624415173705,-0.485281197029374,-0.696019841208689,-0.327695780864305,2.46119507493998,0.937775041979968,-1.12476718529895,-1.00413860018928,-0.826768047015576,1.3144839661963,-0.804019013567642,-0.696187992240828,-1.05548547962383,-0.596396257762758,-0.0504429825283554,-0.772872669081661,-0.83578210592862,-0.00128479231878028,-0.660864938748237,-1.04117725946709,-0.0347925327800129,1.49580971612139,"Masculine",-0.404708713784664,1.23709114477995
0.707264008361807,-0.0222437625044037,1.38592073073709,0.258262011990717,0.702449823723368,-0.130297935719157,0.449869821283861,-0.0199151424211163,0.473343407390697,-0.111237461336079,2.33521185366187,-0.766541941486642,0.695229589819323,1.61421096458082,1.16627119773903,0.0793696613857812,0.966824640357611,-0.417990109381088,-0.7159838754433,-0.859187736303692,0.932134265847701,0.656780684723444,-0.489397757801968,-0.12078158653429,0.13567909195028,-1.96639135400009,0.258994690843589,0.407931226580885,-0.610743527605824,-0.880836045013581,-0.600569584162733,1.21992807027826,-0.547694054001735,"Masculine",2.4680596971786,-0.807414449455619
0.179313373612022,0.321740136224413,2.6004144886897,-0.246677065542944,0.662687994344311,1.64566707932761,0.449869821283861,-0.543962328561351,0.363762013232247,0.172228316739654,6.89242052698092,0.411838140275042,-0.485281197029374,0.771826335865708,1.09613190296893,0.041192277350199,0.369797327562852,0.939549351269112,-0.609128119903694,-1.15304710585667,-0.233757773071781,1.38063568421742,-0.207866297116784,1.78303854519261,0.501716766806798,-1.96639135400009,0.48216505993368,0.543285616448245,2.43322866033977,-0.0879242057047019,-0.678994064979729,1.5708246736994,-0.0903286388616176,"Masculine",-0.404708713784664,-0.807414449455619
0.418139735175183,0.321740136224413,0.614752548546356,-0.106577863155793,-1.04398682726116,0.466362238445373,0.449869821283861,-0.0814427209842304,0.431092334611127,1.27144781804196,4.50337494673606,0.713769078655656,1.39920391225203,-0.0813712782004723,-0.327695780864305,-0.0847580648442607,0.63635214505231,0.853800098763042,-0.347760017052296,0.472220494240667,-1.36242803967003,-1.49101162325334,-1.52050455377065,1.36463008444804,0.867754441663317,1.09912604035469,0.0942444550688077,-0.608523743429389,1.36422502665176,0.529088148992801,-0.123790183393084,-0.664153502796425,0.0963661368780792,"Masculine",-0.404708713784664,-0.807414449455619
-0.755141150730881,-0.710211559962037,-0.895897659066858,1.17161085645431,-0.5112408686869,-0.549729757652957,-2.33573881673736,-0.758463611190568,0.264008546801011,-1.00686898934741,0.0814360658104744,2.79872733997981,-0.485281197029374,-0.696019841208689,-0.327695780864305,-0.733808618572149,-0.67051635910956,0.360613178128999,0.16746932434609,-2.18488777618447,0.987975953712691,-0.0356226535578527,-0.687975180660466,-1.19646533719977,-1.3284716074758,0.715936366060339,-0.414858401913467,-1.09637240154941,-0.517056464952153,-0.19148555578246,-1.03377053275675,-0.363260182612373,-1.17134844148504,"Masculine",-0.404708713784664,-0.807414449455619
0.156653570370526,-1.39817935741967,0.00490893004178241,-0.102340485233692,0.343083359574824,1.12274951456244,-1.53985063444559,-0.3052305692536,-0.131089377059894,-0.430015206564197,-0.761523608189933,0.789211926789632,1.74281095955386,-0.696019841208689,1.55210977692378,0.28938471302781,0.0162196386008452,-0.317788490125812,-0.123363165635127,0.512859062693298,-0.188971533146807,-0.250517679986685,-0.572249199300821,-0.224331503044569,-0.596396257762758,-0.433632656822702,0.279927043080854,0.391402131050482,0.21186763125271,-0.323047588982627,-0.832111916850496,0.115711465802543,1.07924477479209,"Masculine",-0.404708713784664,1.23709114477995
0.144089876952822,-2.0861471548773,1.60831799442459,1.28769036141192,0.143355357846836,-0.484456665523408,-2.33573881673736,-0.711310008827314,-1.14355377290535,0.236986859708154,-0.118770082490824,-0.766541941486642,-0.485281197029374,-0.696019841208689,-0.327695780864305,0.82841716216722,3.52355585403663,-2.26205813138423,-2.15427952543721,-1.75602474854506,3.15134730138353,2.02191509402826,1.0428036131126,-1.06006526692947,-0.596396257762758,0.715936366060339,0.892283546925817,0.424954197830369,-0.781968810961667,-2.06531072896473,-1.17681665858641,1.54262404958618,0.375746887725205,"Masculine",-0.404708713784664,1.23709114477995
-0.216893322286173,-1.39817935741967,-0.39169251668917,1.54160488709792,-1.09629944030073,-0.606825188910962,-1.1419065432997,0.0452097188390348,-1.21837436132828,1.01708931595412,-0.219491774299281,0.484263494137471,-0.485281197029374,0.0830114770226556,-0.327695780864305,0.08882522278064,1.53799010528802,-1.28623171906906,-1.42742035737427,0.524454444662718,0.775388656296032,-0.575084407866669,0.0859663491633219,-0.311392455980626,-0.230358582906239,1.09912604035469,-0.168677743734792,-0.62323338817789,-0.566451234764163,-0.336160083985971,-0.715829988368842,-0.187841872708253,-0.29095717679633,"Masculine",-0.404708713784664,-0.807414449455619
-1.27560868998007,-0.710211559962037,-1.17111061021111,0.420988042017802,-1.23483738802084,0.114311695459203,-0.346018361007918,-0.0394488376508853,-1.47894948189788,0.765159859159337,-0.128608669545943,0.704131637118272,-0.485281197029374,-0.696019841208689,-0.327695780864305,2.16790372026211,-0.021336236273943,-0.56072023505928,-0.0118951984272577,1.24630898451318,-0.444493027004461,-1.06412264783622,-1.52337210860038,-0.600769196976957,-0.596396257762758,1.09912604035469,-0.850987308961548,0.663682676328489,-0.918110486076038,-0.31482496190762,-0.93736377126325,-0.469726043168696,0.159360480819089,"Masculine",-0.404708713784664,1.23709114477995
-0.0816413077823204,1.00970793368205,1.34524924549079,1.16752205944945,0.740025594959059,-0.468639070401141,0.449869821283861,-0.425577052972296,-1.18940270840067,-0.295174439166828,-0.242691942097556,2.29935737547475,0.685616309796124,0.067786109239633,1.15410534286441,1.68586030241016,0.412155376694466,-0.914537071380784,-0.899733782691745,0.0401492287718453,0.516833765847623,-0.624955167780741,0.958198632360891,0.0317468047770747,0.501716766806798,-1.96639135400009,0.789823399965248,1.2049402183894,-0.462972061984209,-1.24612452550762,-0.98951340199819,1.54844579666858,1.12826434669011,"Masculine",-0.404708713784664,-0.807414449455619
0.592492811100359,1.35369183241086,0.0292735470673468,0.665815518958003,-0.537287502986335,-0.166009579986458,-0.743962452153807,1.86656063974294,-0.868471796719077,1.65656349220764,-0.4178975305455,0.189022617200816,-0.485281197029374,1.68457332414801,-0.327695780864305,-0.733808618572149,2.28209983409202,-0.547271953673776,-0.886179705496304,1.01329452484171,-0.292736606794591,-0.0808504627125344,-0.823674174031415,0.613707507374807,1.59982979137635,-0.0504429825283554,-0.355822340045716,-0.387594621735369,-0.756211461455634,0.265976336309516,-0.515833060054129,-0.24909141879017,0.422723325875778,"Masculine",-0.404708713784664,-0.807414449455619
1.52155966939135,2.0416596298685,0.636697951625767,1.10982233595906,2.19918367245218,-0.227061035618827,-0.346018361007918,3.74959513849919,1.02465848772654,-0.521918063635636,0.442683091433565,-0.317266958046477,0.372631773365445,1.5425331591506,2.92943747678283,0.448113988813006,0.519388973438777,-0.670618936391764,0.149054969020867,-0.397026882620924,0.874583324341853,-0.262589990999574,0.044219512858414,-1.29078360376977,3.79605584051547,-4.64871907406052,0.220376064813204,0.947136120884686,-0.909003789368717,-1.20787291012364,-1.2171779282742,0.960445676204988,1.59969614050355,"Masculine",-0.404708713784664,-0.807414449455619
0.494192237305937,0.66572403495323,1.39683973102841,1.41144658181419,0.31511907677374,-0.449255207103436,-0.743962452153807,0.495166565729626,-0.379854736527871,1.05141071799476,-0.85075211450596,3.03641195874425,0.725040468275099,2.46207344886048,-0.327695780864305,0.933617551442597,0.44860897049258,-1.10740354661914,-1.06619267563962,0.143792307652373,0.623191060124665,-0.702348248375506,0.679305858366414,-0.0427412860365245,1.59982979137635,-0.0504429825283554,0.385095854400448,1.18628876076106,-0.51302292164634,-1.19038247452451,-1.11323674382132,1.37787808265447,0.6989973432508,"Masculine",-0.404708713784664,-0.807414449455619
0.300786094312876,1.69767573113968,-0.292587699499619,0.498655406647695,-0.708751640602068,-0.118586052384181,-0.743962452153807,2.06864969704874,-0.790831300354818,1.7434708905724,-0.433234016318678,2.34864370019185,-0.485281197029374,1.5213648092654,-0.327695780864305,-0.733808618572149,1.68679018622261,-0.687474412589524,-1.11779916391887,1.09438135336096,-0.333948267250434,-0.176189558461383,-0.901644191161366,0.36760197763539,1.59982979137635,-0.0504429825283554,-0.241251307990022,-0.283899784455855,-0.702832805990614,0.0570205069289839,-0.245614427695244,-0.3952558562214,0.464640762994746,"Masculine",-0.404708713784664,-0.807414449455619
-0.105672928098524,1.35369183241086,-0.00641167310855261,0.895317108266953,-0.46112187966147,-0.291661661667705,-0.743962452153807,0.880794424056406,-1.39471730950723,1.36935118116339,-0.251652667077794,2.73245839422765,2.1873250081411,1.91909272519616,-0.327695780864305,2.02767226894297,1.18290495813116,-1.14742382907818,-1.00711743652494,1.71274214207611,-0.568929144831044,-0.628442876594434,-0.0869744521867835,0.312408302592114,0.867754441663317,-0.0504429825283554,0.157073434413689,1.26337945340793,-0.8257303211699,-0.650729976507228,-0.909986249447851,0.0539237277080555,0.057600386760542,"Masculine",-0.404708713784664,-0.807414449455619
-1.27862848318206,1.35369183241086,0.433758638226208,0.29038742789752,1.13948876131948,-0.576118182142039,-1.1419065432997,-1.27431506181521,0.264008546801011,-0.866936222521576,0.0814360658104744,-0.0425180258657607,0.205998677192602,0.205858723359139,-0.327695780864305,-0.733808618572149,-0.67051635910956,0.621280250407992,1.51227349408279,-0.589844957697998,-0.126073934658766,0.842776661572536,2.45532051303873,-0.116388883332353,-0.230358582906239,-0.0504429825283554,1.56353734346502,2.46600753493774,-0.229139494467913,-1.03145853698355,-0.289729835078399,1.10670826830196,-0.954848143999219,"Masculine",-0.404708713784664,-0.807414449455619
0.680135451634605,3.07361132605495,0.553443609962216,1.1564983420344,-1.16937088591357,-0.551716595004426,1.64370209472153,5.14183008479134,0.264008546801011,3.82370141275552,0.0814360658104744,0.446384721280296,2.29409149314146,2.32573823595155,-0.327695780864305,0.223457307641214,0.40029621463991,-1.2253241340452,-1.74348884966638,2.76066275128529,-0.800115724641409,-0.40491489960962,0.0600680184374257,1.46372160028006,3.79605584051547,1.48231571464903,-0.137380216575079,0.509128532154984,-1.09266766377798,0.234395665092329,0.679878534740993,-0.227748976866594,-0.0633674358954097,"Masculine",-0.404708713784664,-0.807414449455619
-0.0302386973721686,-0.710211559962037,1.16988582838242,-0.69319970338092,0.237792583078665,0.273615640795802,-0.743962452153807,-0.716485715109812,-0.347429966863827,0.0925016316561604,-0.655391368914968,0.136317617560978,-0.485281197029374,-0.696019841208689,-0.327695780864305,1.64137398331936,-0.67051635910956,-0.526533619560519,-1.08484577745626,-0.243456204411154,0.663992302464355,0.326737692611847,1.39703512618604,0.664383902843533,-0.596396257762758,-0.0504429825283554,0.664880630266747,-0.136936597807889,-0.107960871151839,-0.266889215098625,0.52767080745942,1.10356628526577,0.196804671273535,"Masculine",-0.404708713784664,1.23709114477995
-0.0685960708992073,0.66572403495323,-0.0801763894590893,0.735078773261564,1.67846752329256,-0.674900510795505,0.847813912429751,-0.069774766335006,0.929378745648186,-2.16077069580914,0.0120782399756496,0.0194547936341468,0.265168770810768,-0.696019841208689,1.5717319643746,-0.733808618572149,-0.67051635910956,0.859146345614802,0.99996527288746,-1.80116989660977,0.434095491541581,1.28277058470465,0.845454472136295,-0.549052616749866,-0.596396257762758,-1.96639135400009,0.637504738743724,-0.342539323178374,-0.974663481245353,0.126845125802096,-0.103769207045574,0.502978746611005,-0.349439989473662,"Masculine",-0.404708713784664,1.23709114477995
-0.268443801672171,-0.710211559962037,1.53077718601247,-0.860496148311937,-1.02968720733999,-0.674900510795505,-0.743962452153807,0.059295277621454,3.32855013572214,1.4328251672174,0.289151704709931,-0.766541941486642,-0.485281197029374,-0.696019841208689,-0.327695780864305,-0.733808618572149,-0.67051635910956,0.652334450354589,-1.01954834969492,-2.04935193740433,0.911736440393852,1.48898762270349,0.731893590636682,1.18184870856788,-0.596396257762758,1.86550538894338,1.4510704018673,-1.06958758999688,0.626533683136619,-0.140884773782398,-0.650102089160773,-0.16398685912021,0.7510765833077,"Masculine",-0.404708713784664,1.23709114477995
-0.307438039403569,-0.710211559962037,-0.890501326691468,-0.521995837660415,0.258326135871137,-0.674900510795505,0.0519257301379719,-0.3327323476816,1.82632386664315,-1.24427012347042,0.144099101685954,1.07900921597835,1.27680475686979,-0.696019841208689,-0.327695780864305,-0.733808618572149,0.144141049939058,0.554909509345675,0.853793747069934,-0.253816785267205,-0.509625956811315,-1.00897071444138,-0.588133157526658,-0.603902940421462,-1.3284716074758,0.332746691765992,0.138956083226944,-0.922271126457936,-0.181641790717928,0.265112088853435,0.975736583347542,-0.471593718397819,1.0206632377199,"Masculine",-0.404708713784664,-0.807414449455619
1.48098741990447,-0.710211559962037,0.92017573649294,-0.607972091571432,-0.636559191944599,-0.0662270445337043,0.0519257301379719,2.3603069413249,-4.24303443650117,1.82866250045002,-0.100304036512994,-0.766541941486642,-0.485281197029374,1.67255012634318,-0.327695780864305,-0.733808618572149,-0.67051635910956,0.197500208712541,-1.40074508241541,-0.51565691962886,0.347881706473317,0.267434434995625,0.302124882083138,1.54147681406826,0.867754441663317,-0.0504429825283554,-1.19019868111006,-1.67670998518767,-0.429738114700719,1.22646080204163,-0.424064866577089,-0.325016947591103,-0.319944310036398,"Masculine",-0.404708713784664,-0.807414449455619
-1.90009022027615,-1.39817935741967,-1.66336141713581,-0.753933009286161,-1.07533551296361,-0.674900510795505,-0.743962452153807,-0.897013212302789,1.13007464801785,-0.0865541569772688,0.296843012929552,1.79115123869581,-0.485281197029374,-0.696019841208689,-0.327695780864305,-0.0609477863786975,3.84551927800778,0.0042467992952121,0.777027445930769,2.31074605246168,-2.05538940132446,-1.4310029004193,-1.19993685906671,-0.468743223162994,-0.596396257762758,1.48231571464903,-0.205372053186453,0.847127701917409,-0.0816863475811023,0.420563903018339,0.414026054276761,-1.18644374379794,2.34582736667174,"Masculine",-0.404708713784664,1.23709114477995
0.839849033200788,-0.710211559962037,0.296691795891618,1.24235735252997,-0.277205903994481,-0.674900510795505,-0.743962452153807,0.27069731831222,1.50897856730022,0.602998267559546,0.407816845259928,-0.766541941486642,-0.485281197029374,1.13592099306971,-0.327695780864305,1.20066627398402,-0.021336236273943,-0.434562547776237,-0.497061530519096,-0.188186282839302,0.577592948426155,-1.06412264783622,-0.866988808076161,-0.520858739142189,0.13567909195028,0.715936366060339,0.177030829080338,-0.413568963300025,-0.945883138162476,-0.676620553208094,-1.18560994127902,0.0347989279869159,1.57783451921101,"Masculine",2.4680596971786,-0.807414449455619
0.68247773278499,1.35369183241086,1.19879566090759,2.43553372911901,-1.66431969657704,-0.674900510795505,0.847813912429751,2.6508200874696,1.87366675512321,3.11306890829012,0.641560169342758,0.18419653357108,-0.485281197029374,1.67255012634318,-0.327695780864305,-0.733808618572149,0.168827638092046,0.605282632253686,-1.27528792987449,-0.51565691962886,-0.230267936194516,0.75232577668119,-1.96096097561653,1.54147681406826,1.59982979137635,1.09912604035469,-0.304095504885379,-0.980304884821761,-1.09830829804882,0.583268639729668,-0.956813780988948,-0.65390279124397,2.52697866924804,"Masculine",-0.404708713784664,-0.807414449455619
-0.217439373942055,-1.39817935741967,-2.04171890010539,-0.889503610200531,-0.771288628901002,0.594126244335228,0.0519257301379719,0.277765194316734,-1.96697772993357,-1.13693514413544,-0.0103205224357644,4.88084460035623,1.31204647594777,-0.696019841208689,-0.327695780864305,0.5042553126638,0.16043419812003,-0.35382162791509,0.318017907395192,-0.957075746140233,0.465163491128787,-1.44665645786285,-0.000562851384191386,-1.74508695317084,-2.06054695718883,-0.0504429825283554,-1.95667792854438,-0.998875687498185,0.0482932472095337,0.282137763738162,-0.190483397796804,-1.12936310996003,1.73175515454868,"Masculine",-0.404708713784664,-0.807414449455619
0.460385930545914,-1.39817935741967,-1.47140063533508,0.311691579265914,-1.79800537573706,-0.674900510795505,-0.346018361007918,1.40691200494131,1.3822974073196,2.42963662628902,0.616784453280935,4.51756242514996,-0.485281197029374,-0.696019841208689,-0.327695780864305,-0.733808618572149,-0.67051635910956,-1.73066678765255,-1.316226579651,3.14688938083702,-0.604978456479969,-1.44244555936926,-1.37136755479477,-0.555346410418249,-0.596396257762758,2.63188473753207,-1.86177161466979,-0.0151118509812832,-0.852930037719399,0.246592933715665,-0.0365317777478597,-0.976155393542936,2.47390379666064,"Masculine",-0.404708713784664,1.23709114477995
-0.509773141980508,-2.0861471548773,-0.3292827596522,1.26647094696702,-0.393892854770657,-0.674900510795505,-0.743962452153807,-0.98959738163968,-2.54226349940601,0.189408598585447,-0.0725739811953459,2.78527349363466,-0.485281197029374,-0.696019841208689,-0.327695780864305,0.82350450247936,2.4651461210021,-1.81832988501917,-1.06461459824917,1.76597519457295,0.145295578314777,-1.31532409541197,-0.904142579803946,-1.02394281645416,-0.596396257762758,1.48231571464903,-0.136906226352431,1.64325898385233,-0.913970520689421,-1.56916345061445,-1.13872249950919,0.747765736927355,1.40206708401898,"Masculine",-0.404708713784664,1.23709114477995
1.4276639172065,-0.0222437625044037,2.67423686976534,0.613143247688077,-0.00570646386231039,-0.312739798369734,0.0519257301379719,-0.197558646101604,-0.81408811365665,0.98951734201049,-0.744515331645473,-0.766541941486642,-0.485281197029374,0.295474563813024,-0.327695780864305,2.40715695750215,0.0321902431987613,0.747532314884328,-1.0973138297583,-0.636428144392565,-0.405057363047569,-0.285116163669322,-0.303119010092354,2.07969449014024,-0.230358582906239,-0.0504429825283554,-0.0980249987866493,-0.60241064431313,-0.157347184585666,0.527516253567317,-0.769875604071296,0.799117448092804,-0.824320428413568,"Masculine",-0.404708713784664,-0.807414449455619
-0.894868844554115,-0.0222437625044037,-1.07802052913512,-0.678283331226721,-0.593966080156877,-0.282951687823891,0.0519257301379719,0.0187212455885706,-0.263333459813751,-0.303007208324463,-0.543969375605597,-0.377201262972828,-0.485281197029374,-0.211038606901274,-0.327695780864305,-0.733808618572149,-0.67051635910956,1.39191896407754,1.42132728787425,1.55961343173638,-2.28176391303576,-0.942537444515511,-0.454967439494773,0.885879341231408,0.13567909195028,-0.0504429825283554,0.0734375960500202,0.15708476203577,-0.137693990996798,1.21569759767089,2.69195433543669,-1.28942479662467,-0.288460157828091,"Masculine",2.4680596971786,-0.807414449455619
0.0912224192457438,-0.0222437625044037,1.15639933998612,-0.625697841448373,-0.118274121291474,2.26877030448786,0.0519257301379719,-0.506307898321476,0.264008546801011,0.476685370814402,0.0814360658104744,-0.766541941486642,-0.485281197029374,-0.367144067312988,-0.327695780864305,-0.733808618572149,-0.204344938503899,1.14232007363537,-0.133152758565783,-0.517737930514389,-0.653425749191008,0.912822770563089,-0.154142427936957,1.58987569620451,0.13567909195028,-0.0504429825283554,0.514897472859416,0.353576226070776,-0.0851464346295812,0.298781375792377,0.617663005864013,-0.156154746922654,-0.730006194895882,"Masculine",2.4680596971786,-0.807414449455619
0.47845528044496,1.69767573113968,2.43202051682857,-1.51706873147663,-0.738302418239559,0.430166850281741,0.449869821283861,-0.0367991375541082,0.546367195968495,1.20503781372981,3.56232644582473,-0.766541941486642,-0.485281197029374,-0.176665629054458,-0.327695780864305,0.363036503231572,-0.67051635910956,2.14726919196976,-0.712189547539656,-1.10226001133834,-1.30726715189039,0.0628457293674963,-0.968511363602055,2.9961748441659,1.23379211651984,-0.0504429825283554,0.705649974998518,-1.48853407766908,3.35788344980786,1.24083598174899,2.43896892916764,-0.228969139366333,-1.16972832937919,"Masculine",-0.404708713784664,-0.807414449455619
-0.578415745633803,-1.39817935741967,-0.392902678182965,-0.569256655390753,0.563628128359801,-0.0281849528923417,-0.346018361007918,-0.593192107048537,0.860848107190144,-1.28902137774837,0.269635875030523,2.40614712696442,4.89997025758378,-0.696019841208689,-0.327695780864305,0.193580093964144,-0.67051635910956,1.34204008961792,1.19720471683082,-0.415628104254736,-1.45987993705303,-1.23899765462301,-0.28271753058082,0.313262781402757,-0.596396257762758,-0.0504429825283554,0.905584673893206,-0.728607910344943,0.476104846107937,0.714666425697384,0.836361284396166,-0.549079205918996,-0.640183115355241,"Masculine",-0.404708713784664,1.23709114477995
-1.75852414471406,-0.366227661233221,-0.500559185273305,1.09137287005752,-0.418957741552637,1.60400193133945,1.24575800357564,-1.44476186637706,0.0107272287232922,-0.698838728468522,-0.95936213477445,1.22811997174704,-0.485281197029374,-0.696019841208689,-0.327695780864305,0.578047202605015,-0.67051635910956,0.82467497721053,0.605904684583463,1.30710878392414,-1.76474381844646,0.815265315072162,-1.21908845935074,0.916365243557567,-1.3284716074758,-0.0504429825283554,0.958748227058623,1.30230503355198,-0.331591544620412,0.188214669837641,0.387459748337972,-0.316288609498262,-1.15044313949278,"Masculine",-0.404708713784664,-0.807414449455619
0.748108177119147,1.00970793368205,-0.845938065785123,-0.921511777292091,-0.22807012056354,0.215658618120327,1.24575800357564,1.72375496590426,0.0694740654697007,-0.192152409167219,-2.2509044468996,0.765472040701997,-0.485281197029374,0.258154835444964,0.597864636195138,0.777561389040403,-0.67051635910956,1.23077026014316,1.03947949193088,-0.637165303445041,-0.850260119488485,-2.15011639471033,-1.04928040628889,-0.249098148560665,0.501716766806798,-1.96639135400009,-1.37318845198858,-1.20086858904074,0.23801268441615,0.997926233688482,0.205394641717581,-1.24271506082711,-0.140057079888172,"Masculine",-0.404708713784664,-0.807414449455619
0.269026781430305,2.0416596298685,-0.0297389765698205,-0.0551805813926355,1.76346715658496,-0.350529071094859,1.24575800357564,3.69976003509576,0.537875206519849,-2.36155652262758,0.667730409394713,1.25543677023654,-0.485281197029374,1.31891830519419,1.62681740918818,-0.733808618572149,-0.67051635910956,-0.159210860816904,-0.0995482350092677,0.533016099694293,-0.167014798980734,-0.033083614577491,-0.276408344697228,-0.383955215784025,0.867754441663317,-4.64871907406052,1.48429103445523,0.544405888088207,0.291581475555622,-0.853535099867108,1.8588700584286,-0.0536571483749616,0.00354895468608406,"Masculine",-0.404708713784664,-0.807414449455619
-0.590499813525459,1.00970793368205,-1.4144361427736,-0.369815897348657,-1.00947672569147,0.203064852660911,2.04164618586742,0.964544009807056,0.264008546801011,0.589430573612488,0.0814360658104744,1.72403646726434,-0.485281197029374,0.0795758372509638,-0.327695780864305,-0.187804679769084,-0.67051635910956,0.809488560337916,0.754849476788219,1.40488898319736,-1.80718042037764,-1.0626754416457,-0.849379112766248,0.435159318151171,0.13567909195028,-0.0504429825283554,-1.15600506350492,-0.607660332770029,-0.35499038949731,1.48806988239262,2.31446302241741,-1.72876954483243,-0.559773808342864,"Masculine",2.4680596971786,-0.807414449455619
0.449391759931618,-1.05419545869085,0.686320654994843,0.496343024633595,-1.28037289116484,0.209496833345573,0.0519257301379719,0.299680543008585,-1.30710854949095,1.69740503166946,-0.357749739868509,-0.103703145495695,2.04616622969899,-0.696019841208689,-0.327695780864305,-0.733808618572149,-0.67051635910956,-0.462992449135801,-0.871527938950543,0.42736708540491,0.214104626177949,-1.26748569238227,-1.76373782428531,-0.0177605046049816,-0.596396257762758,1.48231571464903,0.104635185556266,0.480347596814256,-0.855746798338884,-1.11612576094987,-0.558431102283403,-0.258585620647379,0.0097132836741622,"Masculine",-0.404708713784664,1.23709114477995
1.58835660308861,-0.0222437625044037,2.50710527484457,2.70819466485042,-0.461594540912582,-0.674900510795505,0.0519257301379719,0.455083610017256,-1.60292557598943,1.39451345721081,-0.345142152625577,-0.766541941486642,-0.485281197029374,2.24734953269467,-0.327695780864305,-0.733808618572149,-0.67051635910956,0.266430794114475,-1.22542002405278,-0.866420446901352,0.51237616547504,-0.917404659332282,-0.320460453246371,1.09707726697682,0.501716766806798,-0.0504429825283554,0.281696553037191,-0.721945391520044,-1.28146344026773,-0.36818602715173,-0.944545313315821,0.117924405794593,-0.427716984903315,"Masculine",-0.404708713784664,-0.807414449455619
-1.81993608973131,-1.39817935741967,-0.19046978700426,-0.413246753331212,-0.38855183156036,1.65834777654139,-2.73368290788325,-1.62229833468446,-1.28596020820347,-0.277057606432542,-0.0683232566341607,0.377811967701376,-0.485281197029374,-0.696019841208689,-0.327695780864305,0.771436282626574,-0.67051635910956,0.577766614616565,0.820113447670665,-1.16282916661496,0.19625236032857,0.958662517823984,2.12497519299624,0.41596386228243,-1.3284716074758,1.86550538894338,-0.023989941580339,0.515519646865895,-0.521772378791986,0.311169385654072,-1.19492220460412,0.410857931793215,0.0382175117017734,"Masculine",-0.404708713784664,-0.807414449455619
-1.15519380530207,2.38564352859731,0.722265284919558,-0.308791615424246,1.63160767193084,1.36323336865689,0.847813912429751,-0.61142822317817,-0.36004355857929,-1.49799994607357,-0.0101116524420327,-0.239979093762365,-0.485281197029374,0.615803525435422,2.21727174352572,-0.0411854402583307,-0.67051635910956,-0.618064638369748,-0.211797298335299,-0.47000274235554,1.05182654611722,2.31143793687015,1.17254251965993,-0.645697873969368,0.867754441663317,-1.96639135400009,2.25878752788745,2.0481644747182,1.76217168953231,-1.87345554946466,-0.144822976104573,1.37772207119156,1.00736126464035,"Masculine",-0.404708713784664,-0.807414449455619
-0.73961646198142,1.00970793368205,-0.787632329611055,-0.522928260425105,0.200809264104564,-0.463728083725085,0.847813912429751,-0.485992659971496,0.480267970209186,-1.4332744122131,0.736498317551014,-0.766541941486642,0.124499183963719,-0.696019841208689,1.98738281956683,-0.733808618572149,-0.67051635910956,0.70053562584422,0.67935366047679,1.65901534132909,-1.64191139304648,-0.602408811539549,-0.155674928825571,0.467279144465175,-1.3284716074758,-0.81682233111705,1.06902621094365,-0.244915275020613,0.301643806610325,0.714942260744255,1.86604909907327,-0.796942681079455,1.17149044860575,"Masculine",-0.404708713784664,-0.807414449455619
-0.509723719112526,0.66572403495323,2.31820482833745,0.700055198176433,0.986218856828765,0.523225154372466,0.0519257301379719,-0.701640441703176,0.264008546801011,0.131732304219444,0.0814360658104744,1.94203673565622,2.96282944657186,1.55326962438014,1.85414088572906,1.64137398331936,0.923633390971187,-1.06867888481522,-1.3826936935606,0.754613084720419,0.0757413813532055,1.70815475237793,0.456796217681318,1.05684581566272,1.23379211651984,-0.433632656822702,2.55820899961008,2.23284478689049,-0.707435338762767,-1.82165588083112,-1.04043678478393,1.56551525657624,1.40206708401898,"Masculine",-0.404708713784664,-0.807414449455619
0.00692264840880886,1.69767573113968,0.740312868872485,0.475514134566975,2.60301482352186,-0.334759456119793,0.0519257301379719,-0.465607971598623,0.264008546801011,-1.20126514295869,0.0814360658104744,1.42236757085556,-0.485281197029374,0.667284965696165,1.65593624668533,0.705800603795233,-0.187405570022589,-0.950928895725444,0.166375221271596,0.392283895112621,0.571650588103888,1.33870600383583,1.37692619604152,-0.9018272009126,1.23379211651984,-3.11596037688313,0.493139765584178,2.03947498352846,0.296223567227224,-1.09100271301155,0.133029758548383,2.72543505610115,1.15115270189699,"Masculine",-0.404708713784664,-0.807414449455619
0.914104164606557,-0.710211559962037,1.12781064576762,-0.0329094396889485,0.925554204159883,2.8432321241977,-0.743962452153807,-0.368583949305257,-0.534769210712264,-0.278226948840236,-0.42519750742203,-0.766541941486642,-0.485281197029374,-0.696019841208689,-0.327695780864305,-0.733808618572149,-0.67051635910956,0.228160541309629,-0.170699015397665,-1.7986079539072,1.17380976742734,1.56533907890586,1.68890305804195,0.326512556845043,-0.596396257762758,-0.0504429825283554,0.175599447657281,0.0424855633346846,0.0763703756090339,-0.165436932667635,-0.79829867880172,0.795760182952217,0.432008834098335,"Masculine",-0.404708713784664,1.23709114477995
-1.19184693802185,-0.0222437625044037,-0.834846179814606,-0.422359805090643,-0.277119599757243,0.533560677695076,-0.743962452153807,-0.704359635590761,-0.0790617710114722,-0.784782385898201,-0.573169946576776,-0.56390876811589,-0.485281197029374,-0.696019841208689,-0.327695780864305,0.332339007895836,-0.133842156377856,1.33191667308257,1.03061183292014,0.23500783586081,-1.44319974842226,0.593653044848669,-1.11687136346051,0.627735817873601,-0.596396257762758,-0.0504429825283554,0.207154551580064,-0.26465931343748,1.34196811676501,1.01523143549706,0.412926057614719,-0.868292753861705,1.18603468081997,"Masculine",-0.404708713784664,1.23709114477995
-0.499066884249782,0.66572403495323,1.53105676050728,0.549091512464652,0.230437407493571,-0.325324533550552,0.847813912429751,-0.755415520509843,-0.0261695945475138,-0.303952276888651,-1.80401212524883,-0.766541941486642,0.605661244838388,-0.696019841208689,1.05292013714697,2.27211291401894,-0.67051635910956,-0.315105192898218,-0.769461443833166,0.795861507541805,-0.257213995846267,-0.213042114504639,0.0789070053752822,0.95887922285733,-0.962433932619276,-1.96639135400009,0.900682106491391,1.13814745387352,0.709120218323971,-0.75306977337288,-0.059191976079854,0.892218608748103,1.23801747783973,"Masculine",-0.404708713784664,-0.807414449455619
1.20566893162986,1.35369183241086,0.115207375034258,-0.729315428507521,-0.0823630030613323,0.204294496027096,0.0519257301379719,5.02665551108611,-2.48746476469076,3.42029757905395,-0.182343347184544,-0.766541941486642,-0.485281197029374,3.52139790677037,-0.327695780864305,-0.733808618572149,-0.0727102028292801,0.596481572752798,0.791596094001099,1.31235768747042,-1.33606082931354,-1.22735649962498,0.255316451573163,0.787028250599523,3.06398049080243,-0.0504429825283554,-0.842769737914054,1.70928843445712,0.283560068270458,0.205093522713023,1.32300595316558,-0.649848515619603,1.1091213586989,"Masculine",-0.404708713784664,-0.807414449455619
-0.581047419226395,-0.0222437625044037,1.32199494721339,0.394926877542941,2.69905575906477,0.965548709251547,0.449869821283861,-1.1401951356222,0.264008546801011,-1.21577030324679,0.0814360658104744,3.00917016862798,-0.485281197029374,1.31963998791138,0.97577970619792,0.685175829835815,2.18662022735321,-2.37211327510321,-1.62865291826338,1.67597251444799,0.783328019411829,2.92530588669901,1.248859940032,-0.417135422812249,0.501716766806798,-1.96639135400009,1.96828943127813,2.43055027723783,0.363552546930224,-1.63112854945425,-1.19620618866202,3.02930758384281,2.3129624714293,"Masculine",-0.404708713784664,-0.807414449455619
0.0890862911207862,0.321740136224413,0.925872093440608,0.064248456337719,2.32368811341275,1.10193415334248,-1.53985063444559,0.370709806818627,-2.66667950145459,-1.75575871326658,0.0367078308597776,-0.766541941486642,-0.485281197029374,0.202403249931674,4.90118864424737,-0.733808618572149,-0.0337726370945492,-0.0556061231405766,0.0182185739094867,-0.0551794419583472,0.233960594617582,2.20699980173788,2.33109840967595,0.472664002903118,0.867754441663317,-3.11596037688313,1.76347857297213,1.56517582686053,-0.750665331922645,-0.608350695462704,-1.07111593003405,0.634734360712816,1.96842881963778,"Masculine",-0.404708713784664,-0.807414449455619
-1.19215800641042,1.00970793368205,2.1651032834207,0.0575924829950951,1.03879925649208,-0.0957522499867014,0.449869821283861,-0.668626446690758,1.18248787028169,-0.175404729373373,0.456684335304949,3.03093219808109,-0.485281197029374,0.655498468806499,0.98329253321269,5.68842503049041,-0.191582320360517,-0.254233403994142,-0.902531952152045,0.320294748527724,-0.554212630995214,0.470054736276336,0.137447885233238,1.05317001964929,1.96586746623287,-0.81682233111705,2.09119204352592,2.19599810897011,-0.340452390843712,-1.40360031123189,-0.698206120511522,1.76063348153169,1.55530023264794,"Masculine",-0.404708713784664,-0.807414449455619
-0.940748772864712,0.66572403495323,-1.00263756128024,-0.165583745386389,-1.24268191755773,-0.414040453826162,-0.743962452153807,0.0655783610133131,-0.948209489006773,0.837422319784815,-0.277375116671361,-0.169881979326804,0.654070735127292,-0.696019841208689,-0.327695780864305,-0.341395328164557,-0.407140588196852,1.28965915607315,0.922299878421531,1.29965735578715,-2.12623750242576,-1.52919941105961,-0.807002378604061,1.02504769317006,-0.596396257762758,-0.0504429825283554,-0.332181184005032,-0.433628720456339,-0.570852657317252,1.31282517248893,1.90341692601862,-1.46681948111994,-0.200106518108911,"Masculine",-0.404708713784664,1.23709114477995
0.774769520765524,1.00970793368205,-0.0400857643953949,-0.218504482452885,-0.0952226896335727,-0.439061219024551,-0.346018361007918,1.5486033060602,0.264008546801011,1.01288518860625,0.0814360658104744,-0.397431709993644,0.219553184530289,2.06266753276348,0.564290385772395,0.722737182881909,0.958798458987674,0.000805157357409419,-0.388232063085172,2.53041664344518,-1.80827637265256,-0.773655798623385,-0.53322004480306,1.36158094796939,1.96586746623287,-0.81682233111705,0.0816199953535697,0.226797289145806,-0.164277025896449,0.821284135087884,1.33322302448739,-0.691185872653942,1.32394822393362,"Masculine",-0.404708713784664,-0.807414449455619
-0.765105475334043,-0.0222437625044037,-0.102636799886331,0.971311531671217,0.183452650992105,-0.519065436601972,0.0519257301379719,-0.423521230077113,-2.26044551456768,-0.381261922601224,-0.00961047190048964,-0.14526729441922,-0.485281197029374,0.0778693561102384,-0.327695780864305,4.16941487147122,-0.122034143116431,-0.627754517741029,0.0351803466668111,0.387821167747779,0.148350570955713,0.200221773771883,-0.297256768347218,-0.375543022089523,0.501716766806798,-0.0504429825283554,0.476728086045237,1.33415034972766,-0.855128221663959,-0.9873707269241,-0.155096089131992,0.210296724896295,0.512826228094117,"Masculine",-0.404708713784664,-0.807414449455619
-0.106409370034862,0.66572403495323,0.100994338358052,1.50438049649241,1.1873377008285,-0.332836083474824,0.0519257301379719,-0.72481269291563,0.264008546801011,-1.42182742610385,0.0814360658104744,-0.766541941486642,-0.485281197029374,-0.696019841208689,-0.327695780864305,-0.733808618572149,0.126558515930813,0.0156116456941955,0.285254636623707,-0.947975702621672,0.742425758612502,1.13256431080872,-0.214803002679193,-0.807348270228474,-0.596396257762758,-0.0504429825283554,1.01549699495996,0.138619377157041,-1.09266155009769,-0.738871952910274,-0.834129104257678,0.803510817917249,0.620354195513873,"Masculine",-0.404708713784664,1.23709114477995
-0.679272730343524,-0.710211559962037,0.447643255581236,-0.773559561925785,-0.414888350837627,1.25428488227156,-0.743962452153807,-1.05375053150753,0.264008546801011,0.332650004035567,0.0814360658104744,-0.349144562193008,2.70288318962631,-0.696019841208689,-0.327695780864305,0.364252517779026,2.64591602007728,-1.26255978582015,-0.654122028269459,-0.226142624724894,1.05294224631212,1.66297536960286,-0.470636142497232,-0.368656780649811,-0.596396257762758,0.715936366060339,-0.131197324158625,1.49391486200671,0.388892226993013,-1.16376106943251,0.179404628351298,0.902357024608632,-0.684553552236761,"Masculine",-0.404708713784664,1.23709114477995
0.864326232844979,-0.0222437625044037,-0.11479829041035,-0.891015233048629,-1.21946861917667,0.538689178109197,-0.743962452153807,0.246703676299028,0.0675756807006744,1.54977763928099,-3.64761201948984,-0.766541941486642,-0.485281197029374,0.0265947251630674,-0.327695780864305,0.0292508151634126,-0.67051635910956,0.849952086378372,0.0749712542523615,-0.0126871700075905,-0.699227089448066,-1.0557436329938,-0.40748678516167,0.939077005922302,-0.230358582906239,1.48231571464903,-1.22023607691427,-1.2085054261846,0.197835481859207,1.27799545911438,0.515628139804824,-1.05521578583335,-0.688640303002162,"Masculine",-0.404708713784664,-0.807414449455619
-0.454609343015761,1.69767573113968,0.45616272160536,-1.12456674403502,-1.18860823929758,1.09333443233213,0.449869821283861,1.07156457437381,0.680625965425582,1.63326683475382,1.60096135176501,-0.766541941486642,-0.485281197029374,0.530063436112278,-0.327695780864305,-0.0864549290370123,-0.236032407616964,0.897926489147927,-0.355760800074572,-0.637848982330957,-0.365331466162282,0.512732407848323,-1.00913368840755,1.22787456100403,1.23379211651984,-0.0504429825283554,0.23451622968254,-0.64439183640997,0.901169551832335,0.40510097123898,1.54789075080366,-0.637166031231542,-0.505036463569305,"Masculine",-0.404708713784664,-0.807414449455619
-0.460438876456453,0.321740136224413,-0.921360353312149,-0.349814591595497,-1.13575491757351,-6.6885157421816e-05,1.24575800357564,0.0898939802003889,-1.06395947506481,1.1601970757409,-0.272912806866063,-0.206285340113341,-0.485281197029374,-0.696019841208689,-0.327695780864305,-0.733808618572149,-0.67051635910956,1.58396044875245,1.24953726501152,0.517676467762707,-1.79510663739492,0.0163299901941724,0.706247356672364,1.41601854837673,-0.596396257762758,1.86550538894338,-0.818351812515786,-0.375095690456153,-0.61152919925287,1.96362584521084,0.177522108464225,-0.932627444793971,-1.83458730816602,"Masculine",-0.404708713784664,1.23709114477995
0.419305574626946,-1.05419545869085,0.715994875685899,1.05703991380075,-0.141141743548892,-0.571426021530999,-1.1419065432997,-0.0145562186402109,-1.11271856010092,0.416403055234438,-0.214751792343851,0.859775277186612,0.291102247021225,1.32979810080112,-0.327695780864305,-0.199007784344958,0.406309416997899,-1.39804760659446,-1.63756916734146,0.261474796646144,1.12671581319585,0.190982884362695,0.0956121877250159,-0.0888590070462412,0.13567909195028,-0.0504429825283554,0.507368310922925,-0.157052779133631,-1.14903405969943,-0.823722108418282,-1.28498817496455,0.501275207340125,1.49944059271691,"Masculine",2.4680596971786,-0.807414449455619
-0.198195471279144,-0.710211559962037,-0.141591574221089,-0.577117062130469,2.22877192261631,-0.674900510795505,-2.33573881673736,-0.752128751515334,-1.17070931605081,-2.06514064117637,0.248879422500092,-0.161248635822883,-0.485281197029374,-0.696019841208689,-0.327695780864305,0.062373973862546,-0.136143010408859,0.000296104209045843,0.825211726976212,-0.770901938066089,0.560339085496855,0.886411485314495,2.72166201290352,-0.623894409855185,-0.596396257762758,-0.0504429825283554,1.37693624422249,-0.103267379001878,-0.481384486953144,-0.0836131491392339,-1.13830561457406,1.33711147382933,-0.570434133136169,"Masculine",-0.404708713784664,1.23709114477995
0.964174613248199,0.66572403495323,0.43351493289313,1.11413852383812,1.70184097371554,-0.674900510795505,0.847813912429751,-0.262754367567743,0.354167620421321,-1.38683848923915,1.7111374874314,1.36354256274452,0.0231566171084296,-0.696019841208689,2.24606911296719,0.316882129294285,-0.67051635910956,-0.254694161946951,-0.175630257602809,-0.212398885654598,0.325685619969592,-0.207169254461818,0.415759320482484,-0.510573234668414,-0.596396257762758,-0.81682233111705,0.518087923125048,-0.204441965366474,-1.07791879220094,-0.299600889996459,0.653574615650107,0.984425134313711,0.607198682781834,"Masculine",-0.404708713784664,1.23709114477995
-0.405017012320681,1.00970793368205,-0.650470050866022,-0.857534829696863,0.358003984941713,-0.674900510795505,1.24575800357564,-0.184088645284977,0.264008546801011,-1.1653683193748,0.0814360658104744,-0.766541941486642,-0.485281197029374,-0.20079613099193,-0.327695780864305,-0.733808618572149,1.0843950605939,0.143071804979063,0.657706064554826,0.389954189219345,-0.374609112633675,-0.997788907459529,-0.423161873789988,-0.719748864925247,-0.230358582906239,-0.0504429825283554,0.792539049006144,0.31739613641622,-0.23136652164923,-0.50670652022934,0.478596936766913,-0.48927282192279,-0.918126229405547,"Masculine",-0.404708713784664,-0.807414449455619
0.686078559763922,1.69767573113968,-0.0120500260778522,1.94105932748155,2.42302043526309,-0.674900510795505,0.847813912429751,-0.224962540893469,1.45175634275553,-1.3642427231764,0.0861264655017493,-0.766541941486642,-0.485281197029374,0.76043001461513,3.43969920865716,0.291503125722633,-0.67051635910956,0.363652550229928,1.42632665310296,-0.179276374346423,-0.112791211996694,1.14686469445019,1.98186873298444,-0.627571462337679,0.867754441663317,-1.58320167970574,0.411391531817743,0.778730772417173,-0.455717050321521,0.24078969616096,0.805611314036452,0.960394607411704,0.146021142646629,"Masculine",-0.404708713784664,-0.807414449455619
0.350320440000905,1.69767573113968,0.560666513556884,0.463553424089965,0.803979052644265,-0.636146020434267,-0.743962452153807,2.016133240223,0.264008546801011,0.758784645851445,0.0814360658104744,-0.766541941486642,0.659513499134411,0.79753701731128,-0.327695780864305,-0.733808618572149,-0.141248488262687,-0.730269738350502,-0.00633278188097367,-0.527470301487001,1.19117003877225,0.389429390387853,1.42826235108178,-0.778913529729633,3.06398049080243,-0.0504429825283554,1.22542016872531,1.18801375570182,1.27881329102731,-1.50794386251794,0.448174194499597,0.587620844147799,0.587398971700304,"Masculine",-0.404708713784664,-0.807414449455619
-0.302893321964063,0.66572403495323,0.095929129466058,0.294901949058298,0.141283095341241,-0.571426021530999,0.847813912429751,-0.474489331231632,0.724575490800718,-0.979106887403745,0.723288594942403,-0.22247772743627,1.59255426305981,-0.696019841208689,-0.327695780864305,0.697479163203515,0.0499610026502005,-0.259546102990518,-0.85939384327208,-0.398800038855203,0.425461654395296,1.7291155603657,-0.746841575802941,0.375708883154262,-1.3284716074758,-0.0504429825283554,0.420665185494886,-0.877991033371086,-0.364021703143512,0.267080374967276,0.477338632390173,0.0690747726858014,0.31225126253268,"Masculine",-0.404708713784664,-0.807414449455619
0.854094756020289,2.38564352859731,0.665847350430898,1.07619826541442,0.656681948624604,-0.674900510795505,1.24575800357564,0.118808029387682,-0.516056584924363,-0.518566920062893,-0.513439996244645,0.220763397996376,-0.485281197029374,-0.696019841208689,0.467606570507579,-0.300919132126013,1.36327871103279,-0.166367184601091,-0.845838446176729,-0.358720685251846,0.297055364260764,0.90152311258444,-0.296287243750909,0.341391865326677,-0.596396257762758,-1.96639135400009,0.428643660069623,0.336615016511204,-1.12384095271873,-0.383768527382705,-0.45380660639074,0.0717909661547088,0.603987918822673,"Masculine",-0.404708713784664,1.23709114477995
1.17756952865565,1.00970793368205,1.19836311168922,1.55384689190441,0.287302780939068,-0.551716595004426,0.449869821283861,2.23302855703275,0.264008546801011,1.62135042710978,0.0814360658104744,-0.376798218792172,0.258953864244804,2.21687987043895,-0.327695780864305,2.3421266143122,-0.67051635910956,-1.60889994327223,-1.24801463584385,1.23997304958491,0.733656800782284,-0.443337966481354,-0.337442860310246,-0.246383688318426,2.69794281594591,-0.0504429825283554,0.532473953413647,1.30211597207105,-1.21018307940657,-1.53298247816516,0.0192796290622064,0.675874601808284,-0.466984652577595,"Masculine",-0.404708713784664,-0.807414449455619
-0.961603140367889,0.66572403495323,0.296899347136833,0.227481533916648,-1.56785844574261,-0.674900510795505,0.847813912429751,-0.600215725749107,0.756608740383387,1.26754032783759,1.44619021431677,0.106315329277325,-0.485281197029374,-0.333595688523008,-0.327695780864305,1.17973687020057,0.35693409805222,1.79610815163337,0.623245270323576,-1.04770096389595,-1.21895616371985,-1.04934158871618,-0.575826509389222,1.41564213936064,0.13567909195028,1.09912604035469,0.101293274345656,-0.45755257609785,-0.508109660104173,0.657465740370123,1.96882751640395,-0.899390046888598,0.625760911920784,"Masculine",2.4680596971786,-0.807414449455619
-1.46880604849081,-0.366227661233221,-0.618089003742027,1.20073949799208,-1.00033381830806,-0.674900510795505,0.449869821283861,-0.766823861575372,0.756608740383387,0.032044524758334,0.92399168683849,-0.475589517898653,0.0703069553592334,-0.696019841208689,-0.327695780864305,-0.733808618572149,0.35693409805222,0.423387721227454,-0.106228930385767,1.37401675483698,-1.29478325308719,-0.0106099046726063,-1.00868103008525,0.878130064404054,-0.596396257762758,-0.0504429825283554,0.598442351578373,-0.17339346250186,-0.623624824493484,0.585889487377143,0.135079841919356,-1.01740389707361,0.551816882220433,"Masculine",-0.404708713784664,1.23709114477995
-2.10499415418739,-0.366227661233221,-1.0189063637261,0.202266849473682,-1.66014995362707,-0.674900510795505,0.449869821283861,0.966965625007676,0.264008546801011,1.43568929955952,0.0814360658104744,-0.766541941486642,-0.485281197029374,-0.257723716371989,-0.327695780864305,0.654674294963496,-0.359880636780742,-0.3326931629047,-0.297191138756404,2.59053383317246,-1.3123108855827,-0.704160926288347,-1.33279602259148,0.523354365012708,1.59982979137635,1.48231571464903,0.293817105613863,0.169522850984877,-0.821065567701549,0.311892915172221,1.51832090742033,-0.961744606590434,0.447339270492615,"Masculine",-0.404708713784664,-0.807414449455619
-1.84285232471529,-0.0222437625044037,-0.0801763894590893,1.97418870558385,0.0622835472255251,-0.630680643588451,0.847813912429751,-1.55179808744136,0.264008546801011,-1.02891449032049,0.0814360658104744,0.156233637245854,-0.485281197029374,-0.696019841208689,-0.327695780864305,-0.733808618572149,-0.67051635910956,0.0799629219271499,0.244957565621368,-1.33390733950906,0.933318949678966,2.05012319119256,0.510129096945239,-0.403343359973405,-1.69450928233231,0.715936366060339,0.855657181643927,0.654881600841317,-1.15227487082672,-0.699676154614504,-0.12664746844068,0.63343398575532,-1.53804274101155,"Masculine",-0.404708713784664,-0.807414449455619
-0.483904148000304,0.66572403495323,1.36223878187722,0.216702480733907,0.358766554639059,0.129305364317237,0.847813912429751,-0.883170973412843,0.264008546801011,-0.24261634768159,0.0814360658104744,-0.766541941486642,-0.485281197029374,-0.0789450338728075,-0.327695780864305,1.22102916758988,-0.67051635910956,1.20150345993648,0.448757466358891,-2.58706503519086,0.585662048232193,0.663003687423321,-0.192180713151259,0.252169795069931,0.13567909195028,-0.0504429825283554,0.421109989340569,0.246956384156395,1.13109636843689,-0.555704658220836,0.481783551746952,1.20904404779298,0.679467628229468,"Masculine",2.4680596971786,-0.807414449455619
-0.601942971611117,-0.710211559962037,-1.35558215695094,1.2047608880851,-0.303892087904328,2.7742491313547,0.0519257301379719,-0.480710075975921,0.453436377557503,-0.80837514476224,0.7544299692687,-0.766541941486642,-0.485281197029374,-0.696019841208689,-0.327695780864305,-0.733808618572149,-0.67051635910956,0.732161739964716,1.61171789687324,-1.02273712039859,0.145142753026655,-0.416312791244497,0.202925724873421,-1.06313371823786,-0.596396257762758,-0.0504429825283554,-1.17176562840997,-0.447049666810032,-0.132095388277899,0.557812027064885,1.22774560614975,-0.54270048366911,-0.275554772665468,"Masculine",-0.404708713784664,1.23709114477995
1.4767568821953,-0.0222437625044037,-0.340075424402945,-0.569713094222449,0.678261441492214,-0.564821266897095,-0.743962452153807,0.394782415240664,0.89263246247714,-0.349799852795834,0.777278587793471,-0.766541941486642,2.35073879977874,0.228983814758314,-0.327695780864305,-0.733808618572149,-0.67051635910956,1.5998856794943,1.39346037417644,-0.304945332213556,-1.34209417209416,-0.286317215568364,0.359036804540085,0.9044475137174,-0.230358582906239,-0.0504429825283554,-1.04338868741602,-1.16024387525161,0.165663995428511,1.98279112308193,-0.4126668345527,-0.830002920930154,-2.00482533834415,"Masculine",-0.404708713784664,-0.807414449455619
1.37903428055548,0.321740136224413,-0.294414150457454,-0.592483030914564,0.317065496662107,-0.488459989598197,0.449869821283861,0.340603661834916,-0.306576178706554,-0.0732876030230436,-0.747814578430187,-0.766541941486642,-0.485281197029374,-0.696019841208689,-0.327695780864305,-0.733808618572149,-0.67051635910956,1.31551237760286,0.91203025138242,-1.51653134626493,-0.115778675571216,0.37222553057729,-0.170315995499304,0.224495326646568,-0.596396257762758,-0.0504429825283554,-1.29444611360708,-1.30921232352825,0.0155007919469006,1.33846985332543,1.75945789732506,-0.62793302679698,-2.11328161982188,"Masculine",-0.404708713784664,1.23709114477995
0.19396882642257,-1.05419545869085,1.22571078057869,-0.535605914274328,0.979054922300093,0.595838831049311,-2.73368290788325,-0.449476653556495,-1.05366514931391,-0.294222826102898,-0.103483348063031,-0.766541941486642,-0.485281197029374,0.515806653817849,-0.327695780864305,-0.733808618572149,-0.67051635910956,0.603385969818622,0.0580590168976064,-0.406387716271203,-0.136150552504393,-0.149797649710559,0.644219255921458,0.753372359819965,0.867754441663317,-0.0504429825283554,1.38568264512441,-0.224516403804507,-0.170990944009192,-0.212222723806261,-1.14490608714914,0.975180364496391,0.648778076053071,"Masculine",-0.404708713784664,-0.807414449455619
0.0345886380320612,1.69767573113968,-0.0246432063962481,-0.664253950829484,0.647940088644261,0.618530605010822,2.04164618586742,-0.337273076117892,-0.512391758309331,-0.454966104728458,-0.337316689969425,0.15061381033518,-0.485281197029374,0.446432908061153,-0.327695780864305,1.07578543439148,-0.67051635910956,0.512004265455853,0.525274345874174,0.146704004910458,-0.612247089354363,-0.0863413429211269,0.767973249867845,0.435049429426938,0.13567909195028,-0.0504429825283554,0.144892218999453,0.2977101592927,-0.0239348709792992,0.393893381221476,1.0345877135139,0.230247452109206,-0.137990443377975,"Masculine",2.4680596971786,-0.807414449455619
2.08771112966288,1.00970793368205,0.252535914380227,-0.58749730351647,0.573083252221339,1.56978417695304,0.449869821283861,1.0784420573842,-0.00646867405991932,0.363549883472765,-2.15401644482843,-0.234020815428851,-0.485281197029374,1.29398095189713,0.959186666051444,-0.733808618572149,-0.200388745401164,1.36697636425998,1.01896316659163,-1.66677824582186,-0.160058209938016,-0.682458787401134,0.732655359962354,0.270672995252262,0.501716766806798,-1.96639135400009,-1.38446458254543,-0.562002151268641,-0.0349215751690409,0.928559533088601,0.165279146960909,-0.614471730967069,0.618875435470953,"Masculine",-0.404708713784664,-0.807414449455619
0.685004589485332,-0.0222437625044037,1.51484143980859,0.704713506192682,0.416109985064704,-0.529161793521553,0.0519257301379719,0.651340238346049,-0.84019163515986,1.13687928570468,-0.495566571888655,-0.173640467277417,-0.485281197029374,1.51961883709967,-0.327695780864305,1.60583975541705,-0.67051635910956,0.808339013865838,-0.239426747556318,-0.840448645348868,-0.25979323853097,1.25783454549354,0.332418157343687,1.50307810078943,1.96586746623287,-0.0504429825283554,0.00848262342063235,0.347434393146199,-0.827178858688491,0.371019830262377,-0.881224189841615,0.79495415020793,-0.786034452431141,"Masculine",-0.404708713784664,-0.807414449455619
1.16005784994414,1.00970793368205,2.64519218613836,0.990014769719128,0.407369351370557,0.744439828673381,0.449869821283861,-0.200550401386685,0.0686792361282043,0.529179074252028,-3.54751031851473,0.00259480238027972,0.249071274054237,0.74109002674413,-0.327695780864305,0.27788815874017,-0.67051635910956,0.239652998561734,-1.37819098757659,-0.857422038823768,0.366441887618358,0.599775691656517,0.32755281306853,1.5879121272125,0.501716766806798,-0.0504429825283554,0.611876317728872,-0.677746863689007,-1.02843824495912,0.0819860862628441,1.22602973654511,1.01952780174782,0.519685369033535,"Masculine",-0.404708713784664,-0.807414449455619
0.978728945165397,-0.710211559962037,1.67245435699991,0.0102149419464396,-0.179601111175818,-0.674900510795505,0.449869821283861,-0.444283563956361,-0.154432142802223,0.390571342140992,-1.64094122638016,-0.766541941486642,-0.485281197029374,-0.696019841208689,-0.327695780864305,-0.733808618572149,-0.67051635910956,-0.129796493595765,-1.45125737140344,0.79764992496485,-0.197917581071802,-0.185625965222616,-0.980455505540961,1.33981343114179,-0.596396257762758,-0.0504429825283554,0.192277390330183,-0.524162083852696,-0.0985210790010625,0.11050256856542,-0.900924094922485,0.412529195609557,-0.344488160079083,"Masculine",-0.404708713784664,1.23709114477995
0.515582081546733,-0.0222437625044037,-0.323380521116625,-1.03085128971319,-0.611985644855744,1.19749500922889,0.847813912429751,-0.164809579794664,0.435589879370485,0.670621262825206,3.31760410477026,0.246896648346085,0.48232454885334,-0.696019841208689,-0.327695780864305,-0.733808618572149,-0.67051635910956,0.442938028103668,-0.0647868174036104,0.896212337837652,-0.975826415981679,-0.54245810205927,-0.905564946420112,0.735230408976596,-0.596396257762758,0.715936366060339,-0.72031355132202,-0.734110529017214,1.30598894254394,0.995405841984371,-0.138331723367466,-0.724025741764758,0.767925749208466,"Masculine",-0.404708713784664,1.23709114477995
-0.851266326728426,-1.39817935741967,-0.440848794110579,0.287443426935164,2.22170162464412,-0.639464041869304,-2.73368290788325,-1.11101896524037,0.264008546801011,-1.96467457412577,0.0814360658104744,-0.766541941486642,-0.485281197029374,-0.696019841208689,-0.327695780864305,-0.733808618572149,-0.67051635910956,0.372846650835237,2.31905949042287,-0.929873465514885,0.4469930737878,1.8069644448473,3.01782791132274,-1.33594540905683,-0.596396257762758,-0.0504429825283554,0.788765079125019,1.6950513757506,-0.736086963680291,-0.393214006689385,-0.840019740360667,1.161543500921,-0.970240563289977,"Masculine",-0.404708713784664,1.23709114477995
0.0632399771577078,1.69767573113968,-0.979001177647674,-0.608442001813621,0.290721944497622,-0.14185011155411,1.64370209472153,0.586033057955617,0.148949945628521,-0.55438899781865,-1.98130810544545,-0.766541941486642,-0.485281197029374,0.997037391915031,-0.327695780864305,-0.733808618572149,-0.67051635910956,1.3507736765903,1.70352684363321,-0.819640396915771,-0.616993096865044,-0.00739567563482407,-0.141096806654069,-0.281704336452572,0.501716766806798,-0.0504429825283554,-1.30376064051789,-0.514358752687645,0.475904232562601,1.2110512097053,2.22686943092094,-0.712016816721122,-0.517854131155644,"Masculine",-0.404708713784664,-0.807414449455619
0.114266895292933,0.321740136224413,1.94969871423659,1.959508165129,1.69810384765103,-0.657768972837805,0.0519257301379719,-0.183862898435092,0.264008546801011,-0.589911266963029,0.0814360658104744,-0.415336310775022,-0.485281197029374,2.36632901609251,3.91589512384387,0.190119688320351,-0.67051635910956,-0.404435338872824,-0.534716230920248,-0.489358921059582,0.848369456842483,1.70944338769484,0.756008706155368,-0.0306617515289023,0.867754441663317,-1.96639135400009,1.97563636081201,2.47920005406063,-1.17648781972801,-2.03335402058487,-0.4121007672753,1.31696983877389,0.451000962027461,"Masculine",-0.404708713784664,-0.807414449455619
1.60183416745429,0.66572403495323,0.67164476347639,-0.132250022659265,0.985598749443725,-0.582512573952196,0.847813912429751,0.580737806646577,-0.433174664678544,-0.30634768802168,-0.51398440357001,3.6454787943281,-0.485281197029374,1.50230915992539,-0.327695780864305,0.813771295472788,-0.67051635910956,0.271920501008803,-0.962821209327261,-1.01063023612139,0.117654259482378,0.173486737544047,0.402018906270663,0.645833945245431,0.501716766806798,-0.0504429825283554,0.0628065915201284,-1.47286640893473,-0.413092866986471,0.788651591558827,0.186530509767919,0.0394502660534025,1.3569985108928,"Masculine",-0.404708713784664,-0.807414449455619
0.987949775805922,0.66572403495323,1.54010717206005,-0.433035094294548,2.54984783029926,-0.093583155376931,0.847813912429751,-0.447472797750364,0.949411396796273,-0.787012923528948,0.276468282463949,-0.766541941486642,-0.485281197029374,1.32108490535161,-0.327695780864305,-0.733808618572149,-0.67051635910956,0.941505817599235,0.545054883445061,-2.248306582921,0.751787171120512,2.65435116858329,2.73676724835036,0.748256811631509,1.23379211651984,-0.0504429825283554,1.17655431861259,-0.119158792971447,0.314650326644486,0.297698864439254,-0.978299827548768,1.93595695954334,-2.49335991985254,"Masculine",-0.404708713784664,-0.807414449455619
-0.666264004381386,-0.0222437625044037,-0.029873350437687,-1.06737201593708,-0.758491198054258,0.732915669673961,0.0519257301379719,-0.75889697538399,-0.0439260669649763,0.241809834909353,-1.57714995491976,0.445994084673931,-0.485281197029374,-0.696019841208689,-0.327695780864305,0.0636560714349036,-0.67051635910956,1.77898682522864,0.592023601422981,-0.798790011776782,-1.22257860652914,-0.343950300173132,0.564511648193247,1.56543474374848,-0.596396257762758,-0.0504429825283554,0.303762712621381,-1.06104750515404,1.0000292784967,1.34340483155289,-0.299360921977762,-0.822297792046856,0.35722733037739,"Masculine",-0.404708713784664,1.23709114477995
0.769957055096617,-0.0222437625044037,-0.634499318803557,1.09572150698315,-0.686225006138612,-0.674900510795505,-0.743962452153807,1.07087280227865,0.264008546801011,0.654537320679528,0.0814360658104744,-0.165116324676964,-0.485281197029374,0.0531444616272062,-0.327695780864305,0.0572865451568925,-0.13955753659864,0.629515070202146,0.560074055700183,-2.02904549174212,0.764539983868341,-0.289493479815749,-0.618835377100553,-0.716677656583932,0.501716766806798,-0.0504429825283554,-1.69836328217181,-1.14865840748743,-0.267011898867971,0.54198328745812,0.0111037475382874,-0.747098283431672,-1.29250812574125,"Masculine",-0.404708713784664,-0.807414449455619
3.04684967148336,2.72962742732613,2.30375204249731,0.0348410217819491,2.27050045875263,-0.157528064472974,1.24575800357564,0.865043430123965,0.850338711514435,0.204038134208404,1.17618053343,-0.766541941486642,0.459437684955981,1.76903589374673,3.25900286553294,-0.733808618572149,-0.67051635910956,0.172851074043822,-0.86198821710171,-0.663838020634227,0.428846533473542,0.910345556888837,0.467915994523028,0.803176691657534,3.79605584051547,-1.96639135400009,-0.200464515813131,-0.995251818644769,0.392167234033265,0.623300071645155,0.97536225939108,1.9879226857607,-0.394666697944135,"Masculine",-0.404708713784664,-0.807414449455619
-0.307683532558147,1.00970793368205,-1.09297585517849,0.993370215070857,-0.0419564315915126,0.0397881537941773,0.0519257301379719,2.01827625609468,-0.310247895086911,0.667259175629305,-0.204098603035906,-0.766541941486642,-0.485281197029374,2.32184922941725,-0.327695780864305,-0.733808618572149,-0.67051635910956,0.783825206885215,1.64316513599053,0.257731894219312,-0.762497254237859,-1.45870385471129,0.922507491722816,-0.446707593583809,1.96586746623287,-0.0504429825283554,-0.632535292211915,-0.0571423965632204,-0.934869857902498,0.687795832130663,1.31527613956139,-0.871554259644079,0.193280512171948,"Masculine",-0.404708713784664,-0.807414449455619
1.60477498264028,1.69767573113968,0.879495692432408,1.14625435685005,1.65573985620811,-0.541671554660948,0.847813912429751,2.65695020012809,0.264008546801011,0.14471037758377,0.0814360658104744,-0.766541941486642,1.07422220685535,3.88184532384275,3.6194881235584,-0.19668760718996,-0.67051635910956,1.07604576849795,0.848775140802044,-0.340244855647591,-0.765419154864728,-0.419407313639244,0.226034142832931,0.486775732427241,3.79605584051547,-3.49915005117748,0.403249329931685,0.851598047304898,1.09353239408196,-0.0713388833805657,3.70688784212699,-0.182518074485793,-0.509403773694493,"Masculine",-0.404708713784664,-0.807414449455619
0.776305675783632,0.66572403495323,1.10114210896814,-0.0873894120109186,0.247627707582378,-0.246612061853013,0.0519257301379719,0.0201941543839483,0.264008546801011,0.269658794498097,0.0814360658104744,-0.549167555734415,0.344893247763763,0.116295725030231,0.19760785075777,-0.733808618572149,-0.67051635910956,1.1550825834392,-0.166745053150331,-1.03651520076091,-0.330600074776917,0.698013467046665,-0.538039209430075,1.19048000335622,0.501716766806798,-0.81682233111705,0.499127351161212,-0.661320254554082,-0.468887366478249,0.44323289076526,1.66688566282121,-0.0020621185273386,-0.259209364200067,"Masculine",-0.404708713784664,-0.807414449455619
-1.04856840292628,-0.0222437625044037,-0.308489552334219,0.694567696901127,0.60498867536569,0.636747944670069,0.0519257301379719,-0.891628888660155,0.83415581915843,-1.28406814518794,0.151082932531397,-0.766541941486642,0.800820894546396,-0.696019841208689,-0.327695780864305,-0.733808618572149,-0.67051635910956,0.847325938391358,1.03568219483723,-0.401521476445562,-0.44495013164463,0.479953896020606,-0.25757390114938,-0.185920988324904,-0.596396257762758,-0.0504429825283554,1.3333724397301,0.163759546608209,0.998984379058301,-0.203017827028981,0.265943497099384,0.0414235943834525,-0.640183115355241,"Masculine",-0.404708713784664,1.23709114477995
-1.4515535371369,0.66572403495323,-1.41299565091718,-0.166776854245191,-0.379684129514423,-0.485039062603751,0.0519257301379719,0.649259395635655,0.508983431695551,-0.787046331962792,0.967918987242598,-0.766541941486642,0.0673176263302391,0.0249284348486056,-0.327695780864305,0.0274912622800873,-0.67051635910956,0.311716899825841,1.28891740695534,0.684125033464654,-0.64462861673616,0.194011226454458,-0.626331748621852,-0.61145668326693,0.501716766806798,-0.0504429825283554,-0.77881795978822,0.501184110396821,-0.247843341340565,0.459448193417781,3.78088246010884,-1.05201172320611,-0.603840224620036,"Masculine",-0.404708713784664,-0.807414449455619
-0.704947501266374,1.00970793368205,-1.30011269754691,-0.169721963885798,-0.959585793103343,-0.634162522896093,0.449869821283861,1.13209773242293,0.683060544935441,0.267380030102748,1.05418746752631,-0.491529205093028,0.0398693283109161,-0.353450919678177,-0.327695780864305,-0.733808618572149,-0.67051635910956,1.61344946258048,1.38222263735277,-0.42353152538668,-1.19537905314714,-1.16315441019648,-1.22450754274202,0.086262277614157,1.23379211651984,-0.0504429825283554,-1.27434288338121,-1.4776402048542,2.00399797458755,1.59147310160454,3.03536908016749,-1.5606068009652,0.120917778619191,"Masculine",-0.404708713784664,-0.807414449455619
-0.765630742184687,-0.710211559962037,-1.58148681557645,-0.547077525235391,-1.33281745362509,-0.674900510795505,0.0519257301379719,0.587192874288514,-0.47965354544385,0.594934248250505,-0.434196065964584,-0.766541941486642,-0.485281197029374,-0.696019841208689,-0.327695780864305,-0.733808618572149,-0.67051635910956,2.79507424666966,2.63646608635138,0.185420040124508,-2.75100037822622,-1.6866776719972,-0.840733476055192,0.880237954894079,-0.596396257762758,-0.0504429825283554,-1.81047090446731,-0.845666565417684,-0.352895011554039,2.53974225345312,3.01336904036255,-2.22272440416874,-0.0263920718274682,"Masculine",-0.404708713784664,1.23709114477995
0.340185911486825,0.66572403495323,-0.108838555004299,0.830631861377408,1.00647176687602,-0.674900510795505,0.847813912429751,-0.296558618885279,0.719311868583578,-0.852735828195266,0.61202851088655,-0.766541941486642,-0.485281197029374,-0.696019841208689,0.972055490520602,-0.0263435150087488,-0.67051635910956,0.222899228235968,0.814828231457235,-0.729742400914094,0.418439560823385,0.782111959099017,1.39972152306748,-0.444601330808429,-0.596396257762758,-0.81682233111705,-0.181306921894254,0.544159042026846,-0.952812267537083,0.00924051772865743,0.280989318416869,0.383394601836603,0.343167980558354,"Masculine",-0.404708713784664,1.23709114477995
-1.59854214756878,-0.0222437625044037,0.0440164681974673,-0.767447524637081,1.29137493494138,-0.674900510795505,-0.743962452153807,-1.58920992936548,0.264008546801011,-1.4138716321754,0.0814360658104744,-0.766541941486642,-0.485281197029374,-0.696019841208689,-0.327695780864305,-0.269244291654346,-0.0469136895188735,1.5688120585346,2.65060296549136,-0.723049371266794,-0.994367611347292,-0.334813347735789,1.82217129307091,-0.243046209371406,-0.596396257762758,-0.0504429825283554,1.57450972801115,1.68990128800087,0.239518760656383,-0.444983131948639,0.680429938019754,1.19022860852124,-1.56931634638351,"Masculine",-0.404708713784664,1.23709114477995
-1.61352663573729,1.00970793368205,1.92823616898214,0.826864694174324,0.171704878521161,-0.62699565465453,0.0519257301379719,-1.42840538404983,0.264008546801011,-0.074694318933211,0.0814360658104744,-0.0283214785006461,-0.485281197029374,-0.236238612213326,-0.327695780864305,-0.248293351420797,-0.67051635910956,0.855709014710731,-0.53435274663282,-0.829865080862845,-0.205004254330036,2.14424915751973,1.66330446414073,2.12370735367198,0.501716766806798,-0.0504429825283554,2.48973568603471,0.542227834605671,-0.736475479986458,-0.222957257842106,0.372700689483085,1.21107334929692,0.0470899545103634,"Masculine",-0.404708713784664,-0.807414449455619
0.201106287233576,2.72962742732613,0.0857311755635143,-0.0376246474952882,1.35861025377539,-0.322146570121052,2.04164618586742,0.780505805273124,0.674191719578099,-0.967147564066062,0.64572787729765,0.202550558186094,0.439984014284468,-0.0924460270835032,0.843251310473446,-0.0964526694159343,-0.67051635910956,0.326605068675376,0.748011398941804,-0.624504234170441,0.121468994783214,0.827212470377804,0.850420780039332,-0.31506617012369,2.33190514108939,-2.73277070258878,0.308307848567155,0.918900273061575,-0.38055229812738,-0.265817257938022,1.12004179096661,0.315356765619627,-0.600153264690383,"Masculine",-0.404708713784664,-0.807414449455619
-0.0573139294479448,-0.0222437625044037,0.664472602398126,-0.77173798736083,-1.06853234234408,-0.674900510795505,0.449869821283861,0.124638959313122,-0.497420216589631,1.32966922221027,-0.865549644113656,0.197175898418285,0.128141216956,0.104281956701328,-0.327695780864305,0.956381048644164,-0.67051635910956,0.481695331194122,-1.03422179717641,1.04786231271563,-1.20756916053841,0.477609180367866,-0.527222708259869,2.29291666523086,0.867754441663317,-0.0504429825283554,0.205489427516832,-0.837300196976429,-0.156175864837176,1.23144988179893,0.342847138617515,-0.53467165330567,-0.0203149327826439,"Masculine",-0.404708713784664,-0.807414449455619
-0.832465128028703,-0.710211559962037,1.39942058564271,1.43704423613388,0.7979512932692,-0.674900510795505,-0.743962452153807,-1.01123882099664,-0.720974356834566,-0.355490493492052,-0.438276151410316,-0.350987376229624,-0.485281197029374,0.3392491512312,1.6807498923574,-0.733808618572149,-0.67051635910956,-0.0379873895178456,-0.227596079847343,-0.152086401939035,0.307405761764305,2.80749437720281,-0.106279684952063,0.537028712590929,0.13567909195028,-0.81682233111705,0.816736989544483,2.84454255383249,-1.12894209400685,-1.28899752810795,-0.613296686141391,1.32131103304023,1.2768628836082,"Masculine",2.4680596971786,-0.807414449455619
2.52296383640417,0.321740136224413,0.626638975414709,0.269515779283795,0.699921835836272,-0.674900510795505,0.0519257301379719,1.14075950999458,0.761219662632208,0.811702184775965,1.04451551792876,1.28918898898138,0.636296134001603,1.86469620795425,-0.327695780864305,0.0387741778309394,-0.67051635910956,-0.670739185435601,-0.230333581331637,-0.448528897663013,0.901678712086483,-1.77879189770243,0.223570029768291,-0.934622872611148,1.23379211651984,-0.0504429825283554,-0.628953923626101,0.0666567091240724,-0.712917721240967,-0.811941135133659,0.352406983557615,0.490075471930646,0.292779270806974,"Masculine",-0.404708713784664,-0.807414449455619
0.605487672568474,-0.710211559962037,0.0699936976487035,0.6548277102938,-0.306716489703435,3.82030271135108,-0.743962452153807,1.30959033622986,-0.521722917600337,0.639475900674837,-0.629857438005143,-0.766541941486642,-0.485281197029374,0.749209291534824,-0.327695780864305,-0.733808618572149,-0.67051635910956,2.31796881112651,1.26149822235122,-2.54011016185451,-0.44724903695362,-0.759877729592438,-0.752703271929415,0.560825963598086,0.867754441663317,-0.0504429825283554,-0.544394671319203,-1.35014714151326,0.143548356218951,0.903378144239314,0.332523251489218,-0.913147407318046,-1.57056111817627,"Masculine",-0.404708713784664,-0.807414449455619
0.0985172580143172,-0.366227661233221,0.158924075328196,-0.111367777169916,-0.975414063465325,0.177588179167755,-0.346018361007918,0.00474285824272492,0.264008546801011,0.78169891949335,0.0814360658104744,0.791050879352605,4.1886205530294,-0.696019841208689,0.21002637632803,-0.733808618572149,-0.474074146998546,-0.076668399455546,-0.559915230279463,-0.989197588155283,0.574572599798993,0.10752346060996,-1.16647338727515,-0.0676549841880315,-0.596396257762758,-0.81682233111705,-0.379508541159831,-0.528382426073664,0.542093345167524,-0.202993345920534,-0.375288413282727,-0.307658367778014,1.11223479152839,"Masculine",-0.404708713784664,1.23709114477995
0.101463402298672,1.00970793368205,-0.833697828003288,-1.12266194931527,0.0343005728251214,0.286588106264066,0.449869821283861,-0.106520446579495,0.264008546801011,0.062629887493731,0.0814360658104744,-0.219314563401092,-0.485281197029374,-0.696019841208689,-0.327695780864305,-0.0140040073884568,0.778816008151352,-0.246792966703804,0.635745440225578,0.321115137662577,0.00118399716586278,-0.335860606403859,0.644219255921458,-0.693688333994136,-0.596396257762758,0.715936366060339,-0.739419449019023,0.235704796243514,2.77491384236843,0.255213440664636,-0.598081754182374,-0.144636870934409,1.43136165655098,"Masculine",-0.404708713784664,1.23709114477995
-1.6685902567978,0.321740136224413,-1.37448195381883,-1.5447424767611,-1.79399140953887,1.78168808325392,0.0519257301379719,-0.796319202890979,0.755090712051854,0.666511262919118,0.846842066133471,0.683737088262426,0.068594819296403,-0.696019841208689,-0.327695780864305,-0.733808618572149,-0.67051635910956,-0.394129883747161,-0.26950431713119,1.87344939107222,-0.800018310445855,-1.27764306054482,-1.35683212377297,-0.164155200856631,-1.3284716074758,1.48231571464903,-0.544394671319203,-0.677348993702128,3.6443608127385,0.510921909608288,0.75785443546337,-1.0466836451702,-1.27453175364231,"Masculine",-0.404708713784664,-0.807414449455619
-0.0732478126314973,0.66572403495323,-0.591481026832305,-0.572145974053867,0.786628914093733,-0.469322055303108,0.847813912429751,-0.207012832348682,0.264008546801011,-1.66469348789849,0.0814360658104744,1.24894219193337,0.284452281761694,-0.696019841208689,-0.327695780864305,0.326631579488622,-0.314648882779971,-0.611777628841933,-0.110175144928088,0.0340017778426918,0.485123714032272,-0.248606243414922,0.0779970000304387,-1.00631049262663,-0.596396257762758,-0.0504429825283554,0.712930838704349,-0.130800019350419,1.15084867381363,-0.623358354274679,0.366772870762681,0.0999351946116083,0.781227722288016,"Masculine",-0.404708713784664,1.23709114477995
0.166401562629218,1.00970793368205,-0.175963433928222,0.0135176812179245,-0.307224004847688,-0.506375283980348,0.449869821283861,-0.402881963468199,0.570831483260984,-0.339398447105036,1.58375597673136,-0.766541941486642,-0.485281197029374,-0.696019841208689,-0.327695780864305,-0.137869301491067,-0.270540158277026,0.136259238245718,-0.598181637280004,0.314606322300117,-0.22341004976782,0.570272709766753,-1.01732770282118,0.579905413486693,-0.596396257762758,-0.0504429825283554,-0.160143725354299,-1.03980520025615,0.216765817847926,0.702534662606682,2.08222563745027,-0.390580972625862,0.262450772185596,"Masculine",-0.404708713784664,1.23709114477995
-0.737616225792773,1.00970793368205,-0.500597311400101,-1.35912407978855,0.566743863743198,0.649859386362536,0.449869821283861,-0.712690044205074,0.438884994124906,-1.29134308301336,0.387761906570995,2.33216123647926,0.500906826552049,-0.696019841208689,-0.327695780864305,-0.733808618572149,0.697303488181945,-0.708682954712226,-0.47762825631186,1.13296614857421,-0.284310142651992,-0.0977306494836301,0.958699174131806,-0.180499381697794,-0.596396257762758,-0.0504429825283554,1.52280857449136,0.252016897718745,1.47436763908977,-0.387655555903974,0.131211950633254,-0.0485984757143147,0.17820494268179,"Masculine",-0.404708713784664,1.23709114477995
1.89884410326244,-0.0222437625044037,0.459989506033488,0.267441388064183,0.505788708874786,1.54240997344391,-0.743962452153807,0.794122929493356,0.513978997975754,0.136685437053458,2.23871324381715,-0.397431709993644,5.15339385544792,1.60288630376812,1.45627655240909,-0.733808618572149,0.30707253174878,-0.727446276684324,-0.436938957601046,0.850275781291168,-0.0126116001313312,-0.679529832296187,-0.97252494659182,-0.0423361151669293,0.501716766806798,-1.2000120054114,-0.147724356139872,-0.223817775796843,1.15363568005296,-0.245658157688416,-0.321337262190099,-0.23202899833672,0.262450772185596,"Masculine",-0.404708713784664,-0.807414449455619
2.10457369508557,0.66572403495323,-0.610710444290377,-0.202554119987756,-0.304505522636423,-0.674900510795505,0.0519257301379719,1.46574814873708,0.264008546801011,0.863774129798407,0.0814360658104744,-0.766541941486642,-0.485281197029374,0.708102474884934,-0.327695780864305,0.00754702887452608,-0.172941175139746,0.254394403134758,0.273394225593206,-0.934352882983124,0.47201819946701,-1.18651370481903,-0.954768610741078,-0.781644365010137,0.13567909195028,-0.0504429825283554,-1.62661776041829,-1.5300618053701,-0.495672877606965,0.627035117840175,-0.0652013359322973,-0.954637820604037,-0.57880401100246,"Masculine",2.4680596971786,-0.807414449455619
-0.544810174596196,0.66572403495323,-0.945803886217239,0.619205757606342,0.771819235330235,-0.138004575932501,0.847813912429751,-0.425661721657266,0.264008546801011,-1.56848587631076,0.0814360658104744,0.35899598414223,-0.485281197029374,-0.696019841208689,-0.327695780864305,-0.733808618572149,1.31680933830052,-0.0694784183592415,1.19616171636882,-0.469081469719981,0.293807492617128,-0.615372222961055,0.885655988889107,-1.55993358623434,-0.596396257762758,-0.0504429825283554,0.29193802172312,0.632148778058354,-0.905970171648609,-0.61213008345835,0.0995795950354116,0.043854596919034,-0.936404010275159,"Masculine",-0.404708713784664,1.23709114477995
-0.956761657016424,-1.39817935741967,-0.140992270000549,0.434616070788742,-1.37447596733015,-0.603043226584043,-0.346018361007918,-0.0169736803287362,0.264008546801011,1.04679842186689,0.0814360658104744,-0.766541941486642,1.21834692901531,-0.696019841208689,-0.327695780864305,-0.733808618572149,2.48000708062348,-0.291065652288409,-0.700325529367048,0.767690658344398,-0.402107945084941,-1.07923061821642,-0.899133961814313,0.53767078525675,-0.596396257762758,1.86550538894338,0.947367748739956,-0.550139965006484,-0.867504640015684,-0.339259024353263,-0.695989344873241,-0.794614193421653,-0.566528190131905,"Masculine",-0.404708713784664,1.23709114477995
0.342383521425712,1.00970793368205,-0.449103364232015,-0.672532886869098,-0.23708031885002,0.888383139963216,1.64370209472153,0.287124012375714,0.0678778851100592,0.0254539585445614,-2.22643904538234,1.16418850016905,-0.485281197029374,-0.696019841208689,-0.327695780864305,-0.22588495447535,-0.67051635910956,0.797254050105367,0.158783829170189,-0.275972488943946,-0.620868376097993,0.0242427774733241,-0.582219437694885,0.502568837250383,-0.596396257762758,-0.0504429825283554,-0.505854381933457,-0.810310614168339,2.15464055691891,0.868432157845602,1.22940345117837,-0.861286550018694,0.894294493464179,"Masculine",-0.404708713784664,1.23709114477995
1.82666860859851,-0.0222437625044037,-0.795166121393142,-0.399108994306452,0.777312064673297,-0.264649231773234,-1.1419065432997,2.13179289625662,0.264008546801011,-1.67305920403613,0.0814360658104744,0.282183507323547,-0.485281197029374,-0.696019841208689,3.47380515215562,1.33537901023445,-0.67051635910956,0.122077498620245,0.397590591611248,-0.773971815412754,0.369047550932309,-1.38848975694449,-0.400755544472608,-1.08379341285843,-0.596396257762758,-1.96639135400009,-1.31361137974858,-1.42905617512254,0.334241649908755,0.590923750296567,-0.808579176167774,-0.787571363504933,-0.21174481269476,"Masculine",-0.404708713784664,1.23709114477995
0.719414384242793,-0.0222437625044037,-0.701339568156729,0.778931525460555,0.253970225279637,0.0519863972609428,-1.53985063444559,0.692214546514279,0.264008546801011,-0.158800689773131,0.0814360658104744,-0.066741874343783,-0.485281197029374,0.175684347592929,-0.327695780864305,3.86865952728639,1.80071206387806,-0.487089168503746,0.193353606747649,-1.01759829243865,0.768521648297489,-0.449988442293799,-0.0869744521867835,-1.13251536621203,0.867754441663317,-0.0504429825283554,-0.71255942255029,-0.616137657616788,-0.909186947973213,-0.0912245267637361,-0.417865179968057,0.0287477197003372,-0.159824907376983,"Masculine",-0.404708713784664,-0.807414449455619
