"PartSop_AbsoluteIntervallicTrimRatio","PartSop_Ambitus","PartSop_AverageDuration","PartSop_DescendingIntervallicStd","PartSop_DottedRhythm","PartSop_HighestNoteIndex","PartSop_IntervallicKurtosis","PartSop_IntervallicMean","PartSop_IntervallicTrimDiff","PartSop_IntervallicTrimRatio","PartSop_IntervalsAugmentedAsc_Per","PartSop_IntervalsAugmentedDesc_Per","PartSop_IntervalsBeyondOctaveAsc_Per","PartSop_IntervalsBeyondOctaveDesc_Per","PartSop_IntervalsDiminishedAsc_Per","PartSop_IntervalsDiminishedDesc_Per","PartSop_IntervalsMajorAll_Per","PartSop_IntervalsMajorAsc_Per","PartSop_IntervalsMinorAll_Per","PartSop_IntervalsPerfectAll_Per","PartSop_IntervalsPerfectAsc_Per","PartSop_IntervalsPerfectDesc_Per","PartSop_IntervalsWithinOctaveDesc_Per","PartSop_LargestSemitonesAsc","PartSop_LargestSemitonesDesc","PartSop_LeapsAsc_Per","PartSop_LeapsDesc_Per","PartSop_RhythmInt","PartSop_StepwiseMotionAll_Per","PartSop_SyllabicRatio","PartSop_TrimmedAbsoluteIntervallicStd","PartSop_VoicePresence","y","PartSop_LargestIntervalAll_P8"
0.402829795877286,0.0339761375648314,0.200140314491823,0.947467538867394,1.95134892298829,-0.727186203969754,-0.311650448889202,0.0070931217174038,-0.694203029419064,-0.66013486017122,0.419556905552058,-0.479306595156048,0.0135722993885926,-0.347003611833453,-0.714911633207752,-0.685532410236302,-0.522485448102377,0.0127497551056177,1.99454210461208,-0.7323003158969,1.0316778115126,0.883437773593031,0.442443468432761,0.167858109624101,-0.0678350273242204,-0.360140079387281,0.176657186884918,-0.62499292217713,1.04054511309802,0.097132099541557,0.5333367220174,-0.0271631212662883,"Female",0
0.627750366791526,0.37373751321314,-1.27454642923747,-0.232270704395849,-0.00178702538448532,-0.727186203969754,1.2237639265995,0.273318375122022,0.459607258706449,0.096782640980204,0.116402391967276,-0.479306595156048,1.05991088638707,-0.347003611833453,-0.714911633207752,-0.685532410236302,1.03984915409084,0.51379341371143,0.681774670850585,-1.35049580043582,-0.610920396305789,-0.798336715295094,0.816510925581283,1.26689331753861,0.684517093908044,-0.614893789699275,-0.742324052287296,1.74622728179779,1.23107247280566,-0.26403751538258,-0.978794395219009,-0.125593019072116,"Female",0
-0.345964338051728,0.71349888886145,-1.34702951844196,-1.15438969880692,-0.692754931648438,0.857040883250062,-0.105892222049405,0.273318375122022,1.08062549830966,0.096782640980204,1.68069367191247,-0.479306595156048,-0.695948819869541,-0.347003611833453,-0.714911633207752,-0.685532410236302,1.01326489122936,-0.17601198071745,-0.95808829114168,-0.347291511486099,0.087815865177827,-0.906872817165806,0.676402237414925,-0.56483202898557,-0.0678350273242204,-0.469368743152908,-1.03813773986087,0.685935325691659,0.686168267799855,-0.0228640431481541,-0.823804737314778,-0.0525367290957741,"Female",1
-0.271826124165265,0.0339761375648314,-1.18107290816289,-0.363638231977783,1.93059922906177,1.25309765505502,-0.525757146805211,0.702007370378633,-0.29995403600804,0.770908707600043,0.379718164923225,-0.479306595156048,-0.695948819869541,-0.347003611833453,-0.714911633207752,-0.685532410236302,0.389130565341232,0.489312208868323,-0.435106755083349,0.014498458038874,0.212024298941833,-0.676807342583229,-0.505696600027939,-0.56483202898557,1.06069315452418,-0.712953382048687,-0.277070656296406,3.78979745080883,0.305165005107327,-0.149432005042596,-0.267143125178669,1.84000568808083,"Female",1
-0.0378985877917351,-0.305785238083478,0.0696211901445336,-0.591096597964276,0.353869510811933,0.0649273396401542,-0.360356085251345,0.400357245607677,0.0138135132900109,2.91963738812355,0.0850557973672495,-0.479306595156048,-0.695948819869541,-0.347003611833453,0.336741601899213,1.46296917734703,0.550870704129377,0.510583973665799,-0.156836734828499,-0.576642085786464,-1.10338001818567,-0.5461420077382,-0.297339304194592,-1.29752216759524,-0.0678350273242204,-0.924210012571206,-1.26000702342201,1.88384503943649,1.02721093579147,0.661906513482839,-0.986670753764935,0.586780208599962,"Female",0
-0.0184056053803564,-0.645546613731787,-0.791876389267434,-0.425222717795619,-0.481146010355103,-0.727186203969754,0.0480274251441187,0.0879888033921851,0.443120992312525,-2.35221279528759,-0.757345890524632,-0.479306595156048,0.0449383244777493,-0.347003611833453,-0.331362797080712,-0.163145210206524,-0.654693217426817,-0.777585227338127,0.926666367058714,0.135123465215788,-0.0329589420524592,0.29049970659224,0.309597845780514,0.167858109624101,-0.0678350273242204,0.321142084972191,0.0991264469737009,1.04396779510349,-0.189299068824042,0.121394487406942,-0.115870102580107,0.226994095747734,"Male",0
2.21091310969041,-1.32506936502841,-0.25731444243519,0.985156101208134,-0.692754931648438,-1.51929974757966,0.180953961941269,1.11293300947821,-0.351292002095644,0.427409381245559,-0.200592841275644,3.5020144113887,-0.695948819869541,-0.347003611833453,0.675188015959888,1.68108363409754,-1.35495251944925,-0.274290094571871,0.705535000310258,0.506250013109056,-1.25379062471501,0.304960112832552,-0.879298298437159,-0.56483202898557,-0.0678350273242204,-1.15833407169302,-0.769611784459789,-0.189693397957701,0.246614552908948,-0.351800192660615,0.48227051237199,-2.12746037570247,"Male",1
-0.198782449062437,0.37373751321314,-0.434071090536396,0.319547136225006,1.16638059114301,0.460984111445108,-0.807919575750269,0.273318375122022,-0.368376063100493,0.096782640980204,-0.250952413569529,-0.479306595156048,-0.695948819869541,-0.347003611833453,-0.714911633207752,0.175487698355514,-0.463490813922463,-0.3099697408781,0.420349421689411,0.24105045779413,0.634759496581037,-0.151501646264757,-0.25685807015708,-0.56483202898557,-0.0678350273242204,0.280242779662031,0.479456959420113,2.02464601281336,-0.378402371940312,-0.544842871130374,0.641442560494748,1.51127958758267,"Male",1
-1.66122357853511,-2.00459211632502,-0.382983069273905,-0.705393157952269,-0.362241949818847,-1.51929974757966,-1.5609030845116,-3.15826788852086,-0.0312826322265048,-0.00480475105612705,-0.757345890524632,-0.479306595156048,-0.695948819869541,-0.347003611833453,1.31418543533533,-0.685532410236302,0.413385220572312,-0.624457491834682,0.348375958468737,-0.575010423185839,0.379096282615575,-0.172586675459481,1.39054374850203,-2.03021230620491,1.06069315452418,1.41293653180195,0.156269770647162,-0.563180192700176,-0.146428245638852,-0.341691903361736,-0.110099038966371,1.2398442850764,"Male",0
0.431424589594788,1.05326026450976,0.441948637720355,1.86894179829404,-0.574714580995012,1.25309765505502,-0.0336436986518702,0.273318375122022,-2.09104937562779,0.096782640980204,-0.156616818011562,1.66858938751043,-0.695948819869541,1.05219040898785,-0.714911633207752,-0.685532410236302,0.763240527751334,2.14686002346505,-0.841770642821232,-0.130529481635229,0.472282864249904,0.242628140885417,-1.57119962017586,-0.56483202898557,-0.820187148556485,-0.747787220856738,0.340298624725208,-0.475940096405969,0.408222486860555,0.509844298030138,-0.00412568539338259,0.344315490017432,"Male",1
0.319551355591171,-0.645546613731787,0.382515005702538,-0.557784005255821,-0.573292408095574,-0.727186203969754,-0.177413774241945,-1.0440707787223,0.94225295249443,-0.33181024528264,1.11458541438064,0.636202850950136,0.0564071657215244,-0.347003611833453,0.0640606160162141,0.90588865734671,-0.561857752776568,-0.889791609179586,-0.127410127618029,0.427315365949855,0.312964505694722,0.404190055044907,0.375581018120721,0.167858109624101,-0.0678350273242204,-0.549497837674981,0.108482092208165,-0.906476733858819,-0.0229851437151902,-0.156123795783071,0.240382478538594,-0.526525145910508,"Male",0
1.02064842475746,-0.645546613731787,-0.394416515569753,-0.188351800604747,0.546668750212528,0.0649273396401542,-0.516851969123699,1.92516890575757,1.05850775131129,0.454211703336156,-0.757345890524632,-0.479306595156048,-0.695948819869541,-0.347003611833453,0.652523347766933,2.10810348557518,-1.62098931469941,-2.07161498664778,0.306299815164052,1.21845280684689,0.0244940353000557,-1.28541784674111,-0.238648650192848,-0.56483202898557,1.06069315452418,0.528048454173717,0.312062054626472,-0.508746812787464,-1.48180043144393,-0.706071519279622,1.16452360504153,-0.720057796609944,"Male",1
-1.17340875872846,-0.645546613731787,1.1810521356235,0.277854665210332,-0.622132499633568,-0.727186203969754,-1.04289289763091,-0.418438091761481,-1.34745578778446,0.0150192427018275,0.96280720046939,-0.479306595156048,-0.695948819869541,-0.347003611833453,-0.714911633207752,0.0456610532477701,0.049494249182753,0.628099655701859,-0.304133450219255,0.142436032207935,0.445942997665301,0.073319352082078,-0.92678599795918,-0.56483202898557,-0.0678350273242204,0.566166911311947,0.781507272591624,-0.334398257414307,-0.568187661724051,-0.313181012752838,0.153612492193728,0.170806785974757,"Male",1
-2.07620804540507,-2.34435349197333,0.384592816377872,1.26173571247203,1.11004315105842,-0.727186203969754,-1.65083409924521,3.65043501553247,-0.144431085715331,0.192574238859153,-0.757345890524632,-0.479306595156048,-0.695948819869541,-0.347003611833453,-0.714911633207752,-0.685532410236302,-2.97852699129098,-0.668748406512927,4.2193811424996,0.263573505613202,0.896928135838238,5.37535306187718,0.214310671417387,-1.29752216759524,1.43686921514031,0.968503341882055,1.64672700598197,-0.757652075697181,0.02831423249026,-1.30996776383588,3.10584061262885,-2.91752376698554,"Female",0
-0.167652751800662,-1.66483074067671,-0.032420939845524,-0.871815413848252,-0.692754931648438,-1.12324297577471,0.305245225376169,-1.31591298507113,0.894168465026919,-0.251784704960233,0.559939101816121,6.58558656351655,-0.695948819869541,-0.347003611833453,4.2185792785441,-0.685532410236302,-0.169504394053053,-0.345685264153963,1.31739228885032,-1.26560895278505,-1.54246603547048,-1.17083188771383,0.963321837217317,-0.56483202898557,-0.0678350273242204,-0.318661294667959,-0.401000299615008,-0.708720691054819,0.628122323507832,-0.62697492175978,-0.958002004845005,2.19009983983341,"Male",1
0.784469456798212,-0.645546613731787,0.481423654224252,-0.335393288926568,0.0102017834368863,-0.3311294321648,0.449427434505034,0.273318375122022,0.341759688012598,0.096782640980204,-0.15028383080135,0.605963137049652,0.767972766551632,-0.347003611833453,0.0429438984167584,1.89493448147712,-0.328634613011503,-0.213832686474326,-1.05777833428465,0.835984554643872,0.220003363854395,-0.283803853549251,-0.601561841603458,0.534203178928937,-0.0678350273242204,-0.750013656135635,-0.244448967817998,1.27356814829155,-0.194355488045631,-0.298870517233024,0.0371618571095507,0.129491327072277,"Male",0
-0.284220434425821,0.0339761375648314,1.80669200254426,-0.536443397669012,-0.692754931648438,0.857040883250062,-0.165377000877353,0.753477139161422,0.0875494776111973,0.877719224871867,1.15302950121123,-0.479306595156048,0.07185839449354,-0.347003611833453,0.0800584663162357,-0.685532410236302,0.163830223300555,-0.252287862808482,-1.41100507067136,0.77763271740029,-0.301324955801407,-0.700225374442312,-0.559226495503093,0.167858109624101,-0.0678350273242204,0.549841577527627,-0.0480959815457307,-1.15574895727721,-0.944241896132427,0.725015007431852,-0.0709390240993118,-0.472556897012482,"Male",0
-0.562485658511097,0.71349888886145,-0.10592156831774,-0.596675960081962,-0.13054212750532,0.0649273396401542,-0.652376917910972,0.273318375122022,0.165052246725138,0.096782640980204,0.177895890580388,-0.479306595156048,-0.695948819869541,-0.347003611833453,-0.714911633207752,-0.287984842696244,-0.170256407955579,-0.318326088524957,-0.151890836776089,0.348847541416351,-1.10501461458465,0.92555686825246,-0.00323591691977911,-0.56483202898557,-0.0678350273242204,0.913972778522156,-0.0347331080633867,0.415725192548691,-0.622289671339705,-0.88477123960223,0.013781731814546,-0.215866351998178,"Male",1
0.7337284392201,1.05326026450976,-1.27847039969348,-1.19401341370714,0.436225055789273,0.857040883250062,0.321702980071997,0.0410071667371002,1.64449300960641,-3.00441771006577,-0.757345890524632,-0.479306595156048,-0.695948819869541,-0.347003611833453,-0.0738720497699424,-0.248989730975745,0.212830969745428,-0.896127242377038,0.993872236926876,-0.765308010542563,-0.907732364103038,-0.790482784513173,1.31583849938419,-0.56483202898557,1.06069315452418,0.0155946222733595,-0.577813904600892,0.192157947943534,0.465085315328374,-0.659240722104337,-0.741759584755323,1.70872038117361,"Female",1
2.06660814310314,2.412305767103,-0.447142712718087,1.9747382061819,-0.0936377440419287,1.25309765505502,3.66298830457783,0.619886787478853,-0.284756350987793,0.940375503666654,0.621522550716876,0.342379952374828,2.62917295909396,2.86460136412237,-0.714911633207752,-0.685532410236302,0.435121643454348,0.925017483357148,-1.48648932659584,0.620300573818951,-0.260812806244245,1.64931371718927,-0.819180323499467,3.83130880267246,-3.82959563348554,-0.313225403639835,0.3079671722098,1.23738765162228,-0.196955767485695,0.728760474873119,0.279859692294159,0.648831683947035,"Male",0
-1.5944787798027,-2.34435349197333,-1.26351306096845,-0.228693777272699,1.73932172709761,-2.70747006299452,-0.805810361175835,-0.823374142124668,-0.875758181489442,-0.0502278429441261,0.281543819929667,-0.479306595156048,-0.695948819869541,-0.347003611833453,-0.0664373123331694,-0.685532410236302,1.05930376629696,2.1268302029464,0.0750111593902686,-1.01636254070698,-0.509759424204772,0.562780889135949,-0.537508408781044,-0.56483202898557,-0.0678350273242204,-0.493625254428101,1.03336838661103,2.42474944833566,0.425803035075036,0.1064662552424,-0.739338719782474,-1.71928485473711,"Male",1
-0.147613927514923,-0.645546613731787,0.772503994367063,-0.881638124769081,0.0699673341121566,-0.3311294321648,-0.526041847591061,-0.220893816157556,0.0241106836865492,-0.63346465598172,-0.757345890524632,-0.479306595156048,-0.695948819869541,-0.347003611833453,-0.714911633207752,1.17184430098073,0.336435886124886,0.871711211320667,0.349425011364137,-0.545388450932215,-1.2891221876241,-0.72294593614219,-0.2656543550043,-1.66386723690008,1.06069315452418,-1.14653954328911,-0.313824325629504,-0.782385673860304,0.432453220645392,0.0939619670983305,-0.709304814741298,-0.185539047059123,"Male",0
-2.48704903136,-2.34435349197333,-0.980626004833069,-1.37379379029873,2.65529865052144,-1.51929974757966,-1.73665385970226,-1.02557264042046,-0.207172357989116,-0.141557404806218,-0.757345890524632,-0.479306595156048,-0.695948819869541,-0.347003611833453,-0.714911633207752,-0.685532410236302,0.270963646342245,-0.351898016891636,-1.01143868310108,0.60834939145896,1.41144055410435,-0.516867357285156,0.125267385972639,-2.03021230620491,1.43686921514031,0.781479420332053,-0.252074677389772,0.810653793289671,-0.363867980867383,-1.16521487382857,-0.180037757160486,1.10278819544798,"Female",0
1.25481835162813,-1.66483074067671,-1.21161612014167,-0.701476147824775,2.21256079572458,-1.51929974757966,1.89601267606098,0.273318375122022,0.414465350967799,0.096782640980204,-0.757345890524632,-0.479306595156048,-0.695948819869541,-0.347003611833453,-0.714911633207752,0.0897752893554151,-0.406359849737315,-0.33947251141629,-0.939039792781348,1.14782224813527,-0.337901668000423,-0.968102883280938,-1.05848452641047,-0.56483202898557,-0.0678350273242204,-1.56915457405131,-1.52080642057783,0.63309308953137,0.299381350546279,-0.0320326604119768,-0.960425402366522,-0.388767529961258,"Female",1
-0.69992127474049,1.05326026450976,0.632780423557543,-0.962892849387423,-0.196985458904051,2.04521119866492,0.320147350518424,-0.898903929813836,0.15851802102797,-0.236533613789613,0.353092698060127,-0.479306595156048,-0.026497075114952,-0.347003611833453,-0.714911633207752,-0.213513122055116,1.04392908008755,0.738311725909998,-0.50793730951385,-0.618026982656864,0.0677552303680643,-1.13429634865848,0.128210965656763,0.167858109624101,1.06069315452418,-1.16810327703767,-0.524079326247435,-0.998324616966939,0.955290373153781,-0.862655550363505,-0.915285496724807,0.874735849590864,"Female",0
-0.0605353442432553,-0.985307989380096,-1.14641334509295,-0.111832091123641,1.46030106427004,0.0649273396401542,-0.502976577646407,-0.372382226838092,-0.0647858644707038,-0.431592071597953,-0.757345890524632,-0.479306595156048,-0.695948819869541,-0.347003611833453,0.048693940386613,0.874494918532475,0.772847764749539,0.935537076597405,-0.0598711739897541,-0.717180478615115,-0.41238495282984,0.201798974940097,0.166883974617529,-0.56483202898557,-0.0678350273242204,-1.11846415094273,-0.432638519814604,2.14601866795343,1.1404394391854,-0.0446797422974602,-0.371242388164299,0.903668970893491,"Male",1
-0.580764859453155,-0.645546613731787,-0.741192064476302,-1.09888826511399,-0.692754931648438,0.0649273396401542,1.17425568255997,0.273318375122022,0.508667661241988,0.096782640980204,-0.757345890524632,-0.479306595156048,0.136280575150706,-0.347003611833453,-0.714911633207752,-0.685532410236302,1.33009631545766,0.986397007764504,0.602907806185836,-1.51084156715737,0.18224924252066,-1.13822324537464,0.713806909631412,-0.198486959680735,-0.0678350273242204,-1.80696581354035,-1.37921722916296,-0.196301164830827,2.29813594678621,1.22699236801918,-1.92820237532582,-0.364518175867996,"Female",0
0.00858095098160806,-0.305785238083478,-0.38708419674959,0.197781144191432,0.171085816315266,0.460984111445108,0.00716426431491493,0.0858936078227803,-0.932586771923343,-0.696152087718244,0.899752599326423,3.22377203888608,-0.695948819869541,-0.347003611833453,-0.714911633207752,-0.333337134573883,-0.535927612128993,-0.0619674274163119,0.679778560554831,-0.139031182462802,-0.443553858308301,-0.781491113626757,-0.65296909853109,-0.56483202898557,-0.0678350273242204,0.362966143331501,-0.488855702654356,0.824524249145813,-0.143290677414176,0.643277456076322,-0.378945801285682,1.87734371114618,"Female",1
2.8315645804395,-0.985307989380096,0.307449335938105,0.16275871963867,-0.692754931648438,-0.727186203969754,0.13525591694894,1.35495715674815,1.21070596921542,0.673861278868995,-0.757345890524632,-0.479306595156048,-0.695948819869541,-0.347003611833453,-0.714911633207752,-0.685532410236302,-1.53402960587859,-1.83166074991539,-0.179237915368923,1.81077063035164,-0.716919712772961,-1.11032271407986,-0.786713309792422,-0.56483202898557,0.684517093908044,-0.447598308478164,-0.675532229553343,-0.88058278078852,-1.16009557062018,-0.778483897290746,0.700485017366063,-0.189067223623816,"Female",1
-0.429642572975634,0.0339761375648314,-1.37905764657855,-1.5683532572697,2.04363501531733,0.0649273396401542,0.253469677750258,-0.229656443662508,1.80593671847741,-1.40680422332483,-0.757345890524632,-0.479306595156048,-0.408701794637964,-0.347003611833453,-0.120093580017819,-0.685532410236302,1.63268358977226,-0.259764215654238,-1.34095632751731,-0.537480254692265,0.5269170775958,-0.805446599010489,1.69205030220255,0.167858109624101,-0.0678350273242204,-0.152313776626824,-1.57180918072616,1.5752255478557,1.20798998596764,3.25321629699142,-1.17124055534173,-0.798710705703007,"Male",0
0.642289473136018,0.71349888886145,1.91351812258642,0.227278617662471,-0.692754931648438,-1.12324297577471,-0.182312890042231,0.273318375122022,-0.00253653701918652,0.096782640980204,1.00543490097507,0.57115856837835,0.012538012042747,-0.347003611833453,0.0186394936124864,-0.185990131490618,-1.63984723817804,-1.46934219953077,0.335961656129278,1.28543696202952,0.674622770278362,-0.182373079680474,-0.727263661842374,-0.198486959680735,-0.0678350273242204,0.569191820360816,0.471278344847083,-0.446735557093956,-1.32803022988731,-0.849309982398161,0.562056577972122,0.227822119260178,"Male",0
-1.65496987117878,-0.985307989380096,-1.42457597510689,-1.76812683334903,1.14992806439264,-1.12324297577471,-0.371848587817486,-0.0863745214897415,0.185812765897688,-1.0063171994309,-0.416611141871837,-0.479306595156048,-0.285110301955917,-0.347003611833453,0.135834052335251,-0.685532410236302,1.06121244450532,0.847026717462922,0.658907143561324,-1.36786052125695,-1.12154365889803,-1.41114588658783,0.293568980439634,0.167858109624101,1.06069315452418,-1.02984383453317,-0.703635291863077,2.35100379237058,1.18008012831257,1.8963041892436,-1.46280201461738,0.355123596164695,"Female",0
-2.07222225700722,1.05326026450976,-0.438665348998662,-1.22526519851492,-0.649010566406287,2.04521119866492,-0.61498092619627,-0.110375670587368,-0.887047297302982,-0.316881210699131,0.151331313389402,-0.154410696966434,-0.695948819869541,-0.347003611833453,-0.261155029962767,0.0869788684371398,0.681561063721469,1.68853468453192,1.2653399457049,-1.51228656213084,-1.20556724477344,-0.349655290334431,-0.471459122075476,-0.56483202898557,1.06069315452418,-1.41603760438471,0.257011917611007,-0.338030155269755,1.1546445747302,3.60378629443386,-1.35786669006753,-0.191763428422161,"Female",1
0.0720721277902999,0.0339761375648314,0.607534942666622,2.75970994107309,0.978378122546123,-1.91535651938462,-1.1609465570795,0.273318375122022,-1.79004101675952,0.096782640980204,5.61754425489083,-0.479306595156048,1.66912157765764,-0.347003611833453,-0.714911633207752,5.15096886114277,-3.1528094152072,-1.0094974873222,-1.00694678114694,2.88739349526859,0.398940203998197,3.33932757893016,-2.85280804401153,-0.198486959680735,-0.0678350273242204,2.11021385080895,2.09486268307944,-0.535180657235149,-3.21863960328279,-1.27854535009453,3.23527400153456,-2.35360948575347,"Male",0
0.25550066576925,0.0339761375648314,0.131542574504538,-1.45998295134432,-0.692754931648438,0.0649273396401542,1.40043814972647,-0.0373533430758673,2.02895992232392,-2.4968004933823,-0.757345890524632,-0.479306595156048,0.960003366474013,-0.347003611833453,0.999623538849104,-0.10174024120813,0.895060322394608,-0.636001801793408,0.0285399253758951,-0.864965484274434,-0.244816116348191,-1.14186582674084,1.72288899126067,1.26689331753861,1.06069315452418,-0.181571641914069,-0.881773815998007,-0.0550308279525579,0.846919440184387,0.0393964130976582,-0.96042162088064,0.0520248416301292,"Male",0
1.1358183087209,1.73278301580638,-1.29039088385054,0.819293038835891,-0.0371919924823073,0.857040883250062,0.434533753491066,0.858444466829499,0.522630151926593,0.902615028418299,-0.326234438485856,-0.479306595156048,1.90309913035418,-0.347003611833453,-0.714911633207752,-0.685532410236302,1.25072171629871,0.391486087956035,-1.82559711333298,0.164823791998769,1.51929556370879,2.04429554915732,1.22826132396308,1.26689331753861,-0.0678350273242204,-0.211180880572202,-0.809868826087927,2.83230671585393,1.21293521224997,0.328255027047463,0.164977726450869,0.285757054695363,"Male",0
0.0727823294989382,1.05326026450976,1.89923723449367,1.03950799674361,-0.642166209939827,-0.727186203969754,0.0908117427265873,1.14420805316483,-0.420536699949421,0.397893512604718,1.55262091552849,0.553098995366278,0.000357722668884221,0.998066858039134,0.00602829945510536,1.76923838646529,-1.7260137194787,-1.21952940852893,0.88410532920997,0.774711165603446,-0.0804980341056847,0.0871035523073046,-0.651373762720225,0.167858109624101,-2.70106745163715,1.64889886927839,1.3293532766696,-0.782522534194683,-1.97305116003112,-0.570058851586771,0.99438401355349,-0.554344524604677,"Male",0
1.69624271821461,-0.645546613731787,1.13665092239192,1.74916585418364,-0.360395508579575,0.0649273396401542,-0.0281935577638603,-1.13102715851401,-1.65361987489259,0.104882044680935,0.572981527482861,-0.479306595156048,0.908084073502851,-0.347003611833453,0.115477926196025,0.445444498079021,-1.90562155906339,-0.723125371068396,0.140133765400408,1.69251593942543,0.0625010654225124,-1.16409799551931,-2.36441813972999,0.167858109624101,-0.0678350273242204,0.398790207919508,0.374592544845128,-0.844234015890076,-1.80154584716112,-1.18122403314934,1.02490758364051,1.49197577071358,"Male",0
-0.439132152832313,0.71349888886145,0.46736008076257,-0.103557826039567,-0.502074365208289,1.64915442685997,0.0108745167748721,-0.493378375673864,-1.2140536468005,-0.0155967947336988,-0.031059029882704,-0.479306595156048,-0.25809119221924,-0.347003611833453,-0.714911633207752,0.858098234896773,1.30041449934567,1.75073258666731,1.04097202112507,-1.97989250185234,-1.38083224556685,-0.538501210940418,-0.0297160622068659,0.167858109624101,-0.0678350273242204,-0.656751385389405,-0.197334448679956,-0.758499753005119,1.34424455109435,1.2574993510149,-1.32836254460108,-0.27294462874668,"Female",0
-0.434337881760992,-0.645546613731787,4.84775524057729,3.27485393213958,-0.692754931648438,-2.31141329118957,-1.11860103831334,1.13190735149756,-4.29263436595687,-0.598480236582791,-0.188010851462113,-0.479306595156048,-0.695948819869541,-0.347003611833453,-0.714911633207752,-0.685532410236302,-1.79558787928596,2.03074530845265,-3.37391264222083,4.16830650429348,3.4136787106111,4.32202680210367,-4.55327812044627,-0.56483202898557,-0.0678350273242204,0.734987598025839,1.72182085786673,-1.30122660091466,-2.35884572296845,-1.25981915322613,2.90143325570322,0.482004730660452,"Male",1
-0.26342601154893,-0.645546613731787,-0.845547078768225,-1.02873145547622,-0.692754931648438,-0.727186203969754,0.05102534787816,3.1958231600926,1.15776111285361,0.306343531578129,-0.757345890524632,-0.479306595156048,-0.695948819869541,-0.347003611833453,-0.714911633207752,-0.685532410236302,0.659489700841869,-1.03840719440443,-2.01144835564239,0.901408894427856,1.51434303775757,0.650459329530021,1.21604763267079,-0.56483202898557,1.81304527575644,1.46723379934873,-1.0310702397987,0.607237063795054,-0.167776874188562,-0.62697492175978,-0.139175492356868,0.804310489146098,"Male",1
-0.287732505554576,0.37373751321314,0.0381659349566943,-0.48579061762458,-0.344846529722553,0.857040883250062,-0.618788256005494,0.273318375122022,0.27787544872789,0.096782640980204,-0.757345890524632,0.110881039720765,-0.695948819869541,-0.347003611833453,-0.302777257287459,-0.124212175642469,-0.53264396247315,-0.0547696826439876,-0.0361882748014875,0.631390924861919,-0.19758009938239,-0.231693831829429,-0.681591672308016,-0.56483202898557,0.684517093908044,0.408963304681269,1.24706113159497,-0.678213344389009,-1.30891148393989,0.978181541025576,0.158930794764846,0.852511857865657,"Female",1
-0.917736996191869,-0.645546613731787,1.30134395391994,-1.30811276272423,-0.325518285171115,0.0649273396401542,-0.251320549210163,-1.18393058615098,0.917362705259488,-0.286885997655119,-0.757345890524632,-0.479306595156048,-0.695948819869541,-0.347003611833453,-0.714911633207752,-0.685532410236302,0.877219121171671,-0.452450994419854,0.109752351233957,-0.737221154807572,0.0173233440627555,-1.31640618387089,1.21330314784544,-1.29752216759524,-0.0678350273242204,0.0914550887685754,-1.30118428327097,-0.691382768671233,0.883862417109502,-0.73845731608948,-1.01039010575899,-1.1997541103094,"Female",0
-0.571731982412964,-1.66483074067671,-0.805026369498901,0.451514024409843,1.65282106843253,-0.727186203969754,-1.18623175652574,-0.795013778259138,-1.07932256688481,-0.0118506288244661,0.659487879796157,3.32009113165204,-0.695948819869541,-0.347003611833453,-0.714911633207752,-0.685532410236302,0.668987142340263,0.928682438877135,0.950456729622921,-1.38274649762569,-0.0693424619810267,-1.1194341833188,0.122763532603367,-1.29752216759524,1.06069315452418,-0.141040450465263,-0.220928545500841,0.596026030015544,0.913136581168423,0.24696215573545,0.380764902181843,-1.66592878295155,"Male",0
0.849111569769263,0.0339761375648314,0.430576936512012,0.436753374001504,-0.370504774364587,0.0649273396401542,0.0790662305824933,-0.761372680663304,1.05803978580484,-0.473740846387067,-0.757345890524632,-0.479306595156048,1.37222976179783,0.65178275834852,-0.179575385336828,1.50182505712248,-0.602581200370258,-1.2062704859272,1.46190766247081,-0.442116711798758,0.572456900148717,0.252361900166306,1.54427633912403,0.900548248233772,-1.57253926978875,0.75813459040808,0.173472366543185,-0.130313046454007,0.0011952496516995,-0.589773755411758,0.618716670812769,-1.1139137173316,"Female",0
-0.12802616590546,0.71349888886145,-0.790709384906082,-0.644642636681903,-0.692754931648438,0.0649273396401542,-0.534120399459029,-0.23010273897643,0.547536631003724,-0.850813791526159,0.07720733443659,-0.479306595156048,-0.695948819869541,-0.347003611833453,-0.193984021407867,-0.685532410236302,-0.25204375847261,-0.242345190666469,-0.327246685452179,0.558667400455099,-0.224772850567996,0.842079060728611,-0.0660927181508538,-0.56483202898557,1.06069315452418,0.00705324414156712,0.518453541949487,-0.315652225706057,-0.502106121290032,-1.10926372691001,0.0985630125110824,-0.354852536787928,"Female",1
-0.466729406669909,2.7520671427513,-0.292094687153628,0.146654782896597,-0.430443041307493,4.02549505768969,3.83275716369398,0.273318375122022,-1.05104146749447,0.096782640980204,-0.757345890524632,-0.479306595156048,-0.695948819869541,1.23356741168687,-0.0795378036639592,-0.541304294403168,1.16789156279041,1.95246845308139,0.845611136148122,-1.57000734183925,-2.02176049141677,-1.19401790288357,-0.80294140775442,-0.56483202898557,-3.45341957286941,-1.95398157365182,-1.17270579660032,-0.454476848987216,1.75673849476912,3.46949304746557,-1.86432282998249,0.537722198802014,"Female",1
0.638505613122406,2.07254439145469,-0.725595963127854,-0.812155453831495,0.212977758942268,0.460984111445108,0.870367159601289,-0.229062612707629,0.777835777549134,-0.95449342410732,-0.281443638274021,-0.479306595156048,1.59931430500334,-0.347003611833453,0.473319944120904,-0.685532410236302,2.36450899786088,1.77901749205691,-0.130129641021266,-2.14204223248747,-1.12625375350899,-0.00811846898520303,1.35820676223709,0.534203178928937,1.06069315452418,-1.56997286053354,-0.739291795673275,0.236789526693264,2.26900818289283,1.27655142513751,-1.29449501653578,-0.566292128930941,"Female",0
-0.677758935487813,-0.985307989380096,1.47089896950928,-0.434945610239821,0.322676518550907,-0.727186203969754,-0.306995128216188,0.273318375122022,0.204633988964975,0.096782640980204,0.323322226516294,-0.479306595156048,-0.044444843070855,-0.347003611833453,-0.714911633207752,-0.685532410236302,1.45803715821339,0.428193871764896,-0.445543335307033,-1.01736596517783,1.01527978593805,-0.316575378850379,1.30359890595996,0.167858109624101,-0.0678350273242204,-0.0114084115117469,-0.951186646602607,-0.150209971630455,1.40542054333523,-0.13378589078926,-0.70281655814723,-0.289604644316805,"Male",0
-0.739445751702512,0.71349888886145,0.739030034200308,1.25914762047263,-0.692754931648438,0.0649273396401542,-0.61217534297201,0.273318375122022,-2.13232188333449,0.096782640980204,1.51357922303182,-0.479306595156048,-0.695948819869541,0.975333272632873,-0.00615660081523334,1.72774930257738,-1.62301381164876,0.901520472755782,-1.22292501904915,2.14478728274907,0.410822600383443,2.39933548848894,-2.9257819778299,-0.56483202898557,-1.94871533040488,0.47310946141956,1.96586832177873,-1.10819803434069,-2.07925088732113,-1.18537983070127,1.15482099787928,0.769665755378916,"Male",1
-1.5079801667731,-0.645546613731787,0.439089780581788,0.421243421962892,-0.692754931648438,-0.727186203969754,-1.49253005391385,0.273318375122022,-0.170070805344916,0.096782640980204,-0.757345890524632,-0.479306595156048,-0.695948819869541,-0.347003611833453,-0.714911633207752,-0.685532410236302,-0.262109534621335,-0.714900283992778,1.09330048547972,-0.286329545929027,1.74003672039194,2.52126500407776,1.70260558527959,-0.56483202898557,1.06069315452418,1.42479980034158,0.471278344847083,-0.685019100440466,0.403194289376243,-0.976602209965404,2.03444492363215,-0.894087156928815,"Female",1
-0.243996258389724,-0.645546613731787,-1.30117994299662,0.531850080480122,0.926084163027109,-0.727186203969754,-0.7222934850956,0.273318375122022,0.245140281613283,0.096782640980204,0.103955835236615,-0.479306595156048,-0.695948819869541,-0.347003611833453,1.43558440524817,0.0467026393780937,0.270963646342245,0.651461550242454,-0.396048115383353,-0.0812023802325582,-0.234999184347199,0.372524404097838,-0.186384113083975,-0.56483202898557,-0.0678350273242204,-0.0912988802346231,1.11116755682584,1.07996279355923,-0.412890757537089,0.991105997734197,0.904552969795884,-0.329141099177254,"Female",1
1.34695405237557,-0.645546613731787,-0.536579435879162,-0.763004824069366,-0.692754931648438,0.460984111445108,0.692280950472761,0.889830540714195,-0.0976324449055879,0.638351102912658,2.92196736394435,5.36750153615918,-0.203025932758152,-0.347003611833453,2.34725513960374,-0.685532410236302,-2.29303606570507,-1.2090436618374,1.22543737643273,0.854517975267697,-1.65100415210268,-0.267909825701274,-1.28605965756743,0.534203178928937,0.684517093908044,-1.62719648073924,-0.981296689665062,-0.454376690724739,0.054168029516879,-0.798631367441141,-0.617728135538391,0.143395568049074,"Female",0
-0.638367504981638,-1.32506936502841,0.484587246109829,-0.754313346986353,-0.545860273057509,0.0649273396401542,0.387725100558594,-0.176963843599371,-0.175765615488068,-0.606213324969527,2.2285000921144,-0.479306595156048,0.0240837233776065,-0.347003611833453,0.776098953455024,0.329833525229006,1.28254421005763,0.978873619517787,0.539345547547594,-1.85197132993638,-1.61800856464649,-1.08014880616105,0.291481518802833,-0.198486959680735,0.684517093908044,-0.857681349875078,-0.960960639181891,0.0595652112381357,1.47285205169091,0.521664599684974,-1.75268638911091,0.550142672752757,"Female",0
-0.464614524299962,1.05326026450976,-0.763331707414847,-0.584874037066399,-0.692754931648438,0.857040883250062,-0.27700692318549,0.588282621377916,0.274881592704442,1.41928402178748,-0.757345890524632,-0.479306595156048,-0.192299113453138,-0.347003611833453,0.328023233110761,-0.685532410236302,0.919397709603228,0.759759809492979,-0.966161242367444,-0.121932381254751,0.177463827850375,-0.664792101017771,-0.0555873699565885,0.167858109624101,-0.0678350273242204,-0.562508719193421,0.0260227021437755,-0.21219833543265,0.217191624881933,2.71258455871,-0.44406718617975,1.25084261325645,"Female",0
-1.02558760781239,0.0339761375648314,0.154238340762085,-1.06752115348967,-0.582583937705241,0.857040883250062,-0.490641833286822,-0.949430753302451,-0.103663191101311,-0.175182699936621,-0.178194730098957,-0.479306595156048,-0.695948819869541,-0.347003611833453,-0.714911633207752,-0.193167463081787,0.520643399233853,0.207142613072367,0.15037626802118,-0.509200031627294,-0.210160653810212,-0.505366601750031,0.15443673810109,-0.56483202898557,1.06069315452418,-0.512640128784054,-0.819532651730755,-0.548778852404289,0.808452557768504,0.0777547109351621,-0.980760297716728,1.51891029889811,"Female",1
0.778936852801781,1.05326026450976,0.157968416446152,0.165642006368688,-0.692754931648438,-0.727186203969754,3.15805101711458,0.273318375122022,-0.375158968130116,0.096782640980204,0.143412115411156,0.325854412871414,1.47621639439564,-0.347003611833453,-0.714911633207752,-0.685532410236302,1.28993192741693,1.91467383914417,-0.540441432948406,-0.811125674646574,-1.34059726569846,0.590648975744279,-0.379344394782397,2.36592852545312,-0.0678350273242204,-1.67288739521204,-0.314307283772162,-0.702434442212488,1.20464177635461,1.24441952129165,-1.0139966074904,0.479865020312197,"Female",0
-0.069245461549246,0.71349888886145,0.768978070562831,1.69205590555803,-0.692754931648438,0.857040883250062,-0.0741637543113551,0.907849685428788,-1.80246086295617,0.026808671620501,0.0841764636638156,0.272905411299691,-0.695948819869541,1.61303644656129,-0.714911633207752,-0.685532410236302,0.871191788993022,0.97084762495814,-1.76815067555566,0.430131209130338,1.30746393179086,0.755946948410127,-0.546925766779355,-0.56483202898557,-1.94871533040488,0.655495317297676,-0.3102147428514,-0.990178587335028,0.0974987774353967,-0.072540755668863,0.529782674342941,-0.260559222434678,"Male",1
1.02045259863305,-1.32506936502841,1.10542885863187,-0.195457167076352,0.211134162305416,0.460984111445108,-0.278200462767052,0.842952507239445,-0.0868497896120388,0.687119646272697,-0.757345890524632,0.967719714451587,-0.695948819869541,-0.347003611833453,0.969211770402296,0.00259209422060971,-0.588644929878173,0.125286304827177,0.540630700540417,0.16637162936271,-0.988790871831038,-0.527582920675311,-0.803786652523156,-1.29752216759524,-0.0678350273242204,-1.34563602476677,-0.679114413409123,-0.734690048046539,0.427584076209788,-0.778583214875493,-0.399642025039597,1.15658591287222,"Female",0
0.371955547418323,-0.985307989380096,2.66382700687656,1.67943944583681,-0.480282300472272,0.460984111445108,-0.62685965077125,0.273318375122022,-1.45248597530142,0.096782640980204,0.813131541902377,2.32830029647225,-0.695948819869541,3.31088932831362,1.24567046938452,1.98474813433155,-2.74476916676559,-1.23222087428966,0.884283948881321,1.64894570146616,1.51193752515269,-0.0941175070693451,-1.81518239294016,-0.56483202898557,-0.444011087940352,0.751685133262616,1.29984635213657,-1.10283291092835,-1.87529748494376,-1.12736203869748,1.53610294909759,0.955189329694303,"Male",1
-1.44946480303278,0.0339761375648314,1.77981241600565,-1.29667578887297,-0.565167199692162,0.0649273396401542,-1.11946687163824,0.273318375122022,0.212517778988069,0.096782640980204,0.115141571934822,-0.479306595156048,-0.695948819869541,-0.347003611833453,2.0081190648371,-0.685532410236302,-0.748286522604823,-1.00754514346729,-1.23521707136207,1.50924430356502,0.219375418796895,-0.612159331719047,-0.597486554325632,-0.56483202898557,1.06069315452418,1.10533036673898,0.372639296360239,-0.997145724900216,-1.75114889467632,-0.24636092671966,0.381242762868063,-1.25629802361503,"Male",1
1.8302517513177,-0.645546613731787,1.36717308097449,-1.22728694011013,-0.692754931648438,-0.727186203969754,3.21967916185998,0.273318375122022,2.59147571629008,0.096782640980204,-0.134333204811706,-0.479306595156048,3.06001691963458,-0.347003611833453,-0.714911633207752,-0.685532410236302,3.08219558430946,1.2836115419006,-1.47464611197053,-1.87425014019208,-1.1065689067887,-1.20762370982759,1.87282787836429,1.26689331753861,-0.0678350273242204,-2.1792990760041,-1.97381139183299,-0.422420475116736,2.67993879560156,0.816453939840948,-2.39203425916411,-1.08382750116536,"Male",0
-0.0992172621976912,-0.645546613731787,-1.20816490330324,0.519434638764026,-0.692754931648438,-0.727186203969754,-0.878671841185355,0.978516745509354,-1.17723319093646,0.23054789019224,-0.757345890524632,2.02864851685531,-0.695948819869541,-0.347003611833453,-0.714911633207752,0.109562724843831,-0.745547043388476,-0.547693423935266,0.85043904382216,0.161660633555777,1.12971217658508,-0.764493833772303,-0.196610662108371,-1.29752216759524,0.308341033291912,0.846279665385728,-0.563401790208653,0.74715031441837,-0.0367461578927369,-0.0803159221911148,0.210219785162155,-0.145945065610915,"Female",0
-1.11060643099224,-0.645546613731787,0.135527508599822,0.303388923014906,-0.692754931648438,-1.12324297577471,-0.688158706417502,0.273318375122022,-0.606430883579241,0.096782640980204,-0.757345890524632,-0.479306595156048,0.207437735319741,-0.347003611833453,-0.714911633207752,1.22535608355297,-0.383976522581083,0.627707586708267,1.49816523060281,-0.619514172259395,0.285251290628196,1.43714948649681,-0.0567913760891117,0.167858109624101,-0.0678350273242204,1.15228273443367,1.79025476643511,-0.687608383622085,-0.502370993019712,-0.830012056703877,-0.0270790770294794,-0.978912788530781,"Female",0
0.0752017340560952,-0.645546613731787,-0.251582944952971,0.393868970400861,-0.692754931648438,0.0649273396401542,-0.797316485424466,1.42898566651723,-0.39479198324519,0.328637297457772,-0.757345890524632,-0.479306595156048,0.22804731452556,-0.347003611833453,-0.714911633207752,0.617456195161185,-0.995204221553526,-0.877572490927466,-0.936562264215275,1.67125543040855,-0.00337078007835212,1.11650230335357,-0.696774808171262,0.167858109624101,0.684517093908044,1.72963618357668,0.33513395473026,-0.845689750736397,-1.76483828295676,-1.04692322330657,1.19356376514447,-0.470615713486228,"Male",0
0.953432238459285,1.73278301580638,-0.776192521165556,-0.170671189394021,0.968742760792208,0.460984111445108,0.349224159919729,-0.497126485808119,1.40913987433395,-0.770535903796371,-0.757345890524632,-0.479306595156048,0.536046025990618,-0.347003611833453,0.560667766028463,0.183126660028695,0.680843189492211,-0.59565997696784,0.645202084747401,-1.06912294134801,0.301815293113714,0.39112385157923,1.99686921843865,0.534203178928937,-0.0678350273242204,-0.082291390983801,-0.588997663032416,0.361206410661604,1.27382827700346,-0.0387607716455955,-0.554278099254262,0.215350015103992,"Male",0
1.12008676891409,-0.645546613731787,-1.08304975733973,-0.13072133596782,0.119281273708747,-0.3311294321648,-0.36267522399002,-0.591552959617237,0.736569780253533,-0.503288813463045,-0.757345890524632,-0.479306595156048,-0.695948819869541,-0.347003611833453,0.307885263131046,0.707500123176473,-0.133930468103041,-0.953398553286527,0.365685331242859,-0.119043635996116,-0.0819003672046001,-1.85095499935964,0.341360237234892,-0.56483202898557,0.684517093908044,-0.257035526161048,-0.792384099487425,0.342142161938545,0.183752304857618,-0.633746805463083,-0.126045206521582,0.194563174843682,"Male",1
-0.213337374559152,-1.32506936502841,1.58508308498415,-1.0956544120857,-0.627522106287335,-1.12324297577471,0.0373633206272582,-1.14035835807305,0.331906389285096,-0.206818505824325,0.58182091232011,-0.479306595156048,0.111396639751441,-0.347003611833453,0.120995464796709,1.59145099986031,-1.3249150432364,-1.44420727812207,0.511704084173692,0.766877572857808,-0.556355777815734,0.0504523044608046,-0.304861972953148,-0.198486959680735,1.06069315452418,-0.148876565938833,-0.58851794354645,-0.58293040702507,-0.361262118984609,-0.693677465537197,-0.163101772841701,-0.203970728078117,"Male",0
-0.590484984756057,-0.985307989380096,1.50478845980852,-0.434776085640416,-0.692754931648438,-1.12324297577471,-0.758584095023444,0.847875081430038,0.540952477976653,0.924514855122858,0.00463748878778195,0.882922331468902,-0.695948819869541,-0.347003611833453,-0.239282074607874,-0.361632596229183,1.19130101276651,0.229293844600223,-0.0679949204941304,-1.10731798453419,0.343122141583567,0.804610760762163,1.69135193753772,-0.56483202898557,-0.0678350273242204,0.810705590807417,0.0590081440825985,-0.976588079316091,0.724641536641804,-0.399310641067745,-0.12785766093197,-0.213867795291943,"Female",1
-0.874211495800249,-0.645546613731787,-0.744696481559469,-1.96861130639893,0.355988183772379,0.460984111445108,-0.786254236253364,-0.44545982874912,1.30256365086748,-0.79997928611938,0.604441973178973,-0.479306595156048,-0.695948819869541,-0.347003611833453,0.560129092295666,-0.685532410236302,0.998853367609967,-0.283746638042911,-0.0779577205833126,-0.920545296923282,-0.0250224947304925,-1.76306746888515,0.988626268494342,-1.66386723690008,1.43686921514031,-0.95902248021887,-1.9370473423638,0.407502249246275,1.56126970835105,0.548208231846,-1.62539543342637,1.25921090643693,"Female",0
0.694878057675644,-0.645546613731787,-0.783497433388634,-0.661042716866253,1.34117111037981,-0.727186203969754,0.072210940679555,-0.940016944785922,1.34250541740545,-0.441762303204873,-0.757345890524632,-0.479306595156048,-0.695948819869541,-0.347003611833453,-0.714911633207752,-0.0015284117941126,0.870778502390657,0.334294942667448,-0.163894787441936,-0.611372724455259,-0.0402855027039785,0.226067676923992,0.94211956142984,-0.56483202898557,-0.0678350273242204,-1.50163096729233,-0.509796263156796,1.17370519232309,1.34870015740245,-0.421804417303784,-0.767026671773032,-1.27553806575099,"Female",1
-0.620038007466013,0.37373751321314,1.0384604977383,-0.662205319366788,-0.067460101160023,0.460984111445108,-0.287602723553069,-0.305615906091197,0.329092186463855,-0.643490388468821,-0.757345890524632,-0.479306595156048,0.626559933033387,-0.347003611833453,-0.714911633207752,0.246946510088968,0.230020640970113,0.0822085713378082,0.251995829396949,-0.288912260848209,-0.298840725225931,0.131118068865313,0.398575755990803,0.167858109624101,1.43686921514031,0.574862516524431,0.440277501036933,-1.05292246728961,-0.257818708888021,-0.459898715768044,-0.049440845476745,-0.06474384942052,"Female",0
-1.19079642782054,0.0339761375648314,0.182939359614699,0.0825623750191272,0.116313305121915,0.0649273396401542,-0.993970567562022,0.273318375122022,-1.25208904109633,0.096782640980204,-0.757345890524632,-0.479306595156048,-0.695948819869541,-0.347003611833453,-0.714911633207752,-0.685532410236302,0.466119994905904,1.26523075504064,-0.185330722546155,-0.137547077530309,0.818850375867895,-0.0289131224407928,-0.826144527767732,-0.56483202898557,0.684517093908044,-0.239268519852654,0.348843105674696,-0.745726533296465,0.231653843112462,1.00331067446019,-0.347621779266168,-0.581478861541212,"Female",1
-1.54590662788225,1.39302164015807,-1.28823741087058,-1.14533959615002,0.485818491929948,1.64915442685997,0.32722355329808,0.0229039589432893,-0.312980060449119,-1.04572379768599,1.5258576543873,-0.479306595156048,-0.445680041964383,-0.347003611833453,0.062456141764473,-0.685532410236302,1.51951418418,1.31937085936348,-0.439778238115097,-1.22737803369302,-1.62836875702748,-1.20795498237627,-0.247045424434852,0.167858109624101,-0.0678350273242204,-0.948668412805421,-1.3523758244998,1.02331785826492,1.2044569773898,2.87077629978148,-1.56131946708695,0.797249142136228,"Male",0
-0.793522566037878,0.0339761375648314,-1.13553140516326,-1.06698801014376,-0.692754931648438,-0.727186203969754,-0.97907652564054,0.680199898063036,1.14238263051219,1.59360749331278,-0.217735170770604,-0.479306595156048,-0.695948819869541,-0.347003611833453,0.632387089680292,0.231966929039574,1.73485151871761,0.356879762301373,-1.0979393653104,-0.97845046869863,-0.0217554832826901,-0.457931758639296,1.59501800114497,-0.56483202898557,0.684517093908044,0.450995382251727,-0.0385548093800993,0.22512671510284,0.427584076209788,0.55763821877444,-0.356642556304355,0.0492495625566575,"Female",1
0.33779162701774,1.73278301580638,0.494227885541046,0.813488240499139,-0.655618641555226,-0.727186203969754,1.94902414108453,0.273318375122022,-0.499724343439587,0.096782640980204,-0.757345890524632,0.668176051634696,0.851891838384697,-0.347003611833453,-0.714911633207752,-0.13985406116061,-0.755807003765624,-0.0303385981252302,-0.51951819744137,1.17711980186693,0.411254630188321,1.29732188846582,-0.781045799636952,3.09861866406279,-0.0678350273242204,1.24209035238726,1.20730156333331,1.25797619682354,-1.52230429580119,0.487587125304184,0.614677640301131,0.645934563353263,"Male",0
1.16888457915444,1.39302164015807,-0.712808359722231,-0.0769883026020955,0.149729139681892,0.0649273396401542,4.86902454286669,-2.35062836706739,1.54466069346715,-0.169340068901024,-0.757345890524632,-0.479306595156048,3.67475231944551,-0.347003611833453,-0.714911633207752,-0.0691906778270644,0.602316148021452,0.763536927866291,1.28410095259418,-1.31644260434183,-1.21072201495832,0.207762980676169,0.813911500023742,3.09861866406279,-0.0678350273242204,-0.821454621921443,1.72413618731847,0.26507344241284,0.175029880652832,1.37539130561995,-0.626488661444823,1.15075782681793,"Male",0
1.59233437364426,0.37373751321314,1.6044863997117,1.08662279370015,-0.575551746602484,-1.51929974757966,1.10681632650824,1.04867678746116,-0.0536290271831704,0.539993747090037,0.270942904516868,-0.479306595156048,0.543903135976969,4.44309428597822,3.13623178259852,0.18866657756865,-1.88683365262738,-1.77556932536009,-0.556175252901741,1.99695186230918,0.323614298341718,-0.523673926887578,-1.32713763222561,0.900548248233772,-1.57253926978875,0.505396488520144,0.0643922698388524,-0.576827543652255,-1.72099852275423,-0.882268362729973,0.761955095851277,0.386621867953021,"Male",0
-0.384246457499265,0.0339761375648314,-1.49888352773389,-1.23930974381309,-0.692754931648438,0.857040883250062,0.00702649537962137,-0.254127173922555,0.0458789613011547,-0.596610788110883,-0.320155860528682,1.08385848550468,-0.168810027362134,-0.347003611833453,-0.169124135378377,-0.313855617156541,-0.341054914758723,-0.198169447523677,0.288757440450041,0.156625671175145,-1.02696884161755,-1.3995066866403,-0.667044017268907,-0.198486959680735,1.43686921514031,-0.65412864270108,-0.757323426110528,1.62499581784958,-0.049101345417648,0.221816907342045,-0.746201260490628,-0.0376219088186444,"Male",0
1.26328841586088,-0.645546613731787,-1.26983162340317,-0.000344372838692122,-0.692754931648438,-0.727186203969754,0.748325697563285,0.273318375122022,-0.29534591301192,0.096782640980204,-0.757345890524632,0.842930289586345,0.195834605253091,-0.347003611833453,-0.714911633207752,1.82959421889796,0.870052027959346,1.66412314716359,-0.118275492156635,-0.872984946699626,-0.995533503897981,0.822116019255663,-0.110656474912159,0.167858109624101,-0.0678350273242204,-2.13494987865196,-0.777003338480923,0.661648836995724,1.78000148545511,-0.476224249409648,-1.02683987148091,0.194563174843682,"Male",0
-0.463619612256894,-0.985307989380096,-0.82564851618061,-0.0567523816919406,0.0941807393743973,0.460984111445108,-0.705164128018331,0.273318375122022,-0.539820134279942,0.096782640980204,0.925698817852263,0.272905411299691,0.318710818317996,-0.347003611833453,-0.714911633207752,0.0298872207021943,1.00922951418249,1.07403898358219,1.03772197558321,-1.72576176223755,-0.100087368618131,0.538705119429315,0.801550209454873,0.167858109624101,-0.0678350273242204,0.229127629755707,0.11790755736603,1.93412985583867,1.19912960848489,-0.427768676154249,-0.258049080796838,-0.521637957761533,"Female",0
1.80576651007249,-0.305785238083478,-0.987286865885818,-0.496544411727559,0.753239363856022,-0.3311294321648,1.96797023723958,-0.803939084857004,0.695697965783718,-0.376563402617217,-0.757345890524632,0.432869483558622,-0.080731140512801,-0.347003611833453,-0.714911633207752,0.182027091585325,-0.207249780461896,-0.223820939567923,-1.03636589597066,0.969360293701506,-0.921710442346926,-0.928914679647406,-0.867058038148313,1.26689331753861,-0.0678350273242204,-1.45460068137295,-0.880201478977727,0.105081664972397,-0.0717170535750123,-0.381798004091435,-0.72441164091533,-0.710954070948494,"Male",0
1.1350778154366,1.05326026450976,0.681952558340707,2.78468293586342,-0.0730430907179546,-0.727186203969754,-0.389576216807811,0.68060882421675,-0.567710925838958,0.660453788206926,1.26822801729582,-0.479306595156048,3.37458691456793,5.94351021041842,-0.714911633207752,-0.685532410236302,-0.034319502921966,-0.35136727922058,-1.830928635087,1.29512909572659,1.07842950147784,1.98370897685447,-0.187055293627529,0.900548248233772,-1.57253926978875,0.964430794176611,0.536707261431322,-0.739060039657344,-0.887598750715594,-0.313640097942747,2.65903192190307,0.297780588550048,"Female",0
-0.746003604911736,0.0339761375648314,1.00801650391456,0.190067292018485,-0.543426777207358,0.0649273396401542,-0.417273594837411,-2.13413111111117,-0.605751187164438,0.00492728704701889,-0.0921821815208855,-0.479306595156048,0.106067626816655,-0.347003611833453,4.26742572321491,-0.12004395607864,-0.650867748492149,0.0109636504304377,0.377759826202304,0.148193060646997,0.221439555025508,-0.305526740718898,-0.370201192442687,0.534203178928937,-0.0678350273242204,0.495079751687826,1.35219341153157,-0.870925631631152,-1.00650319186431,-0.124628737189311,0.236226264552325,0.573777307442976,"Male",0
-0.899547008598095,0.0339761375648314,2.49808417359523,2.44885447289643,-0.692754931648438,0.0649273396401542,-1.18184160832199,1.01283296791263,-2.14188848299902,-0.0651022478365004,-0.266969725492673,1.2740245537116,-0.104681220487747,-0.347003611833453,2.34601338503245,0.982039381586291,-1.5842675999612,-0.648704342935911,-1.00694678114694,1.94517384811055,3.21110734850667,1.82022048284534,-0.875657136544956,1.26689331753861,-0.0678350273242204,2.82008566983086,2.31662054391118,-1.28358373400782,-2.46504859841855,-1.32216406458724,2.40681977232834,-0.0809400214422133,"Male",0
-1.23575695460141,-0.645546613731787,0.477671154103425,-0.485224562753367,-0.692754931648438,-0.727186203969754,-0.868162578249964,0.0224733977050169,-0.667749235280312,-0.729944629450535,-0.757345890524632,-0.479306595156048,-0.695948819869541,0.944412052500914,-0.0227299647088735,-0.685532410236302,1.53356400952047,0.732599075507694,0.571477907864738,-1.73271207056168,0.328345911856133,-0.133340098421928,1.2604161748336,-1.66386723690008,-0.820187148556485,0.954011346126921,-1.46744705244111,-0.988023866819889,1.67108298796119,-0.720283423418876,-1.02615277652507,-1.77538968674874,"Female",0
1.70138266624388,0.71349888886145,0.0165121348298363,0.181334285388732,-0.296139353452929,0.0649273396401542,0.697574350455302,0.273318375122022,2.27408993696153,0.096782640980204,-0.757345890524632,-0.479306595156048,1.91707250643064,-0.347003611833453,-0.714911633207752,-0.685532410236302,0.902176063329903,-1.15594846797362,-1.0279814402978,0.00332332081349969,0.681164863662126,0.38686943250724,2.11868803431633,1.26689331753861,-0.0678350273242204,0.105780090861077,-1.55877691110797,-0.156083623547809,1.01509528545465,1.24339668969968,0.287454086709191,-1.00168595497543,"Male",0
-0.0656199287081448,1.05326026450976,-0.472741595679715,0.182770949234761,0.119281273708747,0.0649273396401542,-0.404563466555771,-0.0880853081561456,-0.0770342122071818,-0.839716074687677,-0.278048378448229,-0.479306595156048,-0.118039228083791,-0.347003611833453,-0.116557206336564,-0.278057971211891,0.856419618639808,0.640598467126226,0.552282652467032,-1.12955065048794,0.0332080025349181,0.376225796683852,0.846083898823815,0.167858109624101,-0.0678350273242204,0.186976110450554,0.142286036873721,-0.0952040717687555,0.748208753145269,0.107911984297597,-0.412844706925988,-0.519888223732888,"Male",0
-0.224169158220954,0.71349888886145,-0.994689016313793,1.23481519801007,-0.692754931648438,0.0649273396401542,-0.853715571834657,0.936943915814028,-0.511343139864514,0.461574685076765,0.562815269921657,-0.479306595156048,-0.165357153175403,-0.347003611833453,1.48253846722319,-0.685532410236302,0.746942766701847,1.01005132888955,0.289212123778308,-0.97731856912075,-0.277238631785641,-0.146934757845288,0.214310671417387,-0.198486959680735,-0.0678350273242204,0.39164207584937,0.798208640923567,0.1576829602134,0.067275565913344,0.442182649591421,1.31777039564254,1.00402718968633,"Male",0
0.821849465825651,0.0339761375648314,0.53359652848986,-0.891919321725778,0.386471131468593,-0.727186203969754,0.533314544101886,0.273318375122022,2.21398105607499,0.096782640980204,-0.757345890524632,-0.479306595156048,2.18845454328675,-0.347003611833453,-0.714911633207752,-0.685532410236302,1.14716483749867,-0.224656416311769,-0.30291779207889,-0.723283525504957,-0.115302526803988,-0.384250336485469,1.69818927989721,0.900548248233772,-0.0678350273242204,-0.419099462812867,-0.248318393149672,-0.925774188818318,0.718560746726913,0.218305633917741,-0.585897199657074,0.327598952509664,"Female",0
1.47206740765647,0.71349888886145,-0.508627564969936,-0.450048158806594,-0.630524453898097,0.0649273396401542,0.484703852377354,0.134055833249432,2.21157341923838,-5.98003463648197,0.166111629879178,-0.479306595156048,1.53095595305981,-0.347003611833453,-0.714911633207752,-0.685532410236302,1.09243954039206,-0.951844974559442,-1.34768301391592,-0.0413932057843873,0.634898100143953,-0.420592991362253,1.82535155755688,0.534203178928937,-0.0678350273242204,-0.29310476121985,-1.32218971544121,0.565684129368714,0.895562529038863,0.320323447900854,-0.259956358827464,-1.13579460181614,"Female",0
1.90865202973697,0.71349888886145,-0.654998870208052,0.310933599235053,-0.692754931648438,-0.727186203969754,0.173597593418978,0.273318375122022,2.15530285924575,0.096782640980204,-0.757345890524632,-0.479306595156048,-0.695948819869541,4.59436053538279,0.609341190472998,-0.685532410236302,-0.0398571972574546,-1.20350292373342,0.556187815716711,-0.227097018243081,-0.0746879466558631,0.0659182968842235,1.31094902900006,-0.56483202898557,-0.820187148556485,-0.0978611230960283,-0.0255509677945477,-0.330703531571925,0.236274011415431,-0.910991747177565,0.23952993787512,-0.506719172885713,"Male",1
-0.401719177813218,1.39302164015807,0.437813931921496,-0.493236959923737,-0.420761704706381,0.857040883250062,-0.573780017293722,0.273318375122022,1.28156929922686,0.096782640980204,0.559939101816121,-0.479306595156048,-0.166513126305467,-0.347003611833453,-0.166745976346452,-0.685532410236302,0.874875802355921,0.0850655923246549,-0.251250334743888,-0.632843797585773,0.241177014518689,0.0760604836368396,1.28108414998092,0.534203178928937,-0.0678350273242204,0.18984819137649,0.988972174487187,0.26024960173305,-0.0216697750945384,0.180808361009993,0.028552736925247,0.811948698165635,"Male",0
-0.136095282676112,1.05326026450976,1.01846224552125,0.73420868757992,-0.692754931648438,0.460984111445108,-0.769774452297721,0.751964828093577,-0.0858463149425304,0.799804185335071,1.78179872463296,2.92519310020425,0.834829027978734,-0.347003611833453,0.077554623483072,-0.145869413040188,-0.248109387385815,0.204793979991547,-0.486176182781384,0.304512248593942,-0.310190920433964,0.689063834133357,-0.294287747965444,0.167858109624101,-0.0678350273242204,1.03869867201762,1.23507078801214,-1.1553946994818,-1.14190190728832,-1.25013292083349,1.2110351264795,1.39205230421147,"Female",0
0.749669785165926,0.0339761375648314,0.612124701121479,-0.23837108481192,-0.692754931648438,-0.727186203969754,0.0707833049904042,-0.455306105514479,-0.260035980145267,-0.311998353631429,-0.757345890524632,-0.479306595156048,-0.695948819869541,-0.347003611833453,-0.28407595427054,-0.685532410236302,-0.481412461686294,0.4785683011112,-1.69848431692293,1.77704518532928,0.429638090207511,-0.336400022141521,-1.81935258416829,-0.56483202898557,-0.0678350273242204,-1.70704892394515,0.181441688676835,-0.283164983514802,-0.628624552128088,1.13631161160792,-0.139563914256613,0.337702935623535,"Male",1
-0.6749405957484,0.0339761375648314,0.674586006016448,-1.46442512491891,-0.363704396641102,0.857040883250062,0.583624432904807,-0.520556059004315,-0.0158722843224193,-0.346644284749456,-0.00531378668832466,-0.479306595156048,-0.695948819869541,-0.347003611833453,-0.24549365466421,2.19149560186807,-0.668984732453998,-0.463820293822541,0.816363152359036,-0.0642208813774679,-1.13961952571657,-1.75388518958184,-0.796397068593511,-0.56483202898557,0.684517093908044,-0.730995129317344,-0.360712584647361,-0.844167363806874,-0.180947172398334,0.29850409428258,-0.921914747889371,-0.117101767867186,"Male",1
-1.48529030623673,0.0339761375648314,-0.00602314860469354,-0.770651716752413,-0.382899011183196,1.25309765505502,-0.815831996321098,0.795852181947706,-0.931720316487881,0.381563956145414,-0.757345890524632,-0.479306595156048,-0.695948819869541,-0.347003611833453,-0.714911633207752,-0.685532410236302,0.642183643191585,1.32979980080227,-0.14742327283837,-0.334894206837691,-0.908435495705244,0.236184979358609,-0.77077851225645,-1.29752216759524,0.308341033291912,-0.441053262655735,-0.237566164049779,-0.754911276593219,0.393526895359126,0.861572361353938,-1.00304412687721,1.48391677345577,"Male",0
-0.577381591212052,0.0339761375648314,0.0957670278503472,-1.446640855437,-0.212978022540967,0.460984111445108,0.828810346208334,0.0146456111756939,1.00136135429778,-2.13669246000789,0.386169592188186,1.0539255371516,0.338140470964133,-0.347003611833453,-0.714911633207752,0.772705901336215,0.499419972392314,0.0557378744367495,1.17254316148013,-1.38049397387087,-0.998666977926853,-1.26055025563306,0.761074334807897,0.900548248233772,1.06069315452418,-0.442001893410656,-0.0689278483553356,1.21628420575762,0.635779448074014,0.672498378062343,-1.18886784177725,-0.281848731662874,"Female",0
-1.84753321159258,-0.645546613731787,-0.589384075017375,0.574066266931785,2.40580427300398,0.0649273396401542,-1.43867609049924,0.273318375122022,-1.37971129145026,0.096782640980204,-0.757345890524632,-0.479306595156048,-0.695948819869541,-0.347003611833453,-0.714911633207752,-0.685532410236302,-0.323966874610305,-0.904735936282951,0.281843056868207,0.319599587063137,2.90352656707606,0.994403799752354,1.02822195243578,-1.29752216759524,-0.0678350273242204,2.58937732864874,0.776442901103258,0.280473938096863,-0.698601627815216,-0.871544965869539,1.00187508512315,-1.96726821222852,"Female",0
-0.896328110832902,0.71349888886145,0.210202530925338,-0.162514738279324,-0.485102796467543,0.857040883250062,-0.54641332869608,0.944268701031379,0.332707886524655,0.736728259868157,0.132475759930692,-0.479306595156048,0.913395440699427,-0.347003611833453,-0.714911633207752,-0.685532410236302,0.135295307022689,0.240535272311972,-0.681328511014087,0.447606196998421,1.13612529982685,1.25013614215126,0.237308606068679,-0.198486959680735,-0.0678350273242204,0.641108265084811,1.441337861423,-0.567346259446905,-0.722935470911716,-0.724206541638668,0.213722031435339,-0.577758621673596,"Female",0
-0.023594536069196,0.0339761375648314,0.126356957706239,-0.857940996367951,-0.450176596360665,0.857040883250062,1.21132409475492,-0.73025873971693,-0.117993835291266,-0.231408938307486,1.6193593432977,0.370480081948426,0.450329403460241,-0.347003611833453,0.471918727638195,-0.281421557383073,0.131680721144265,0.432256878177409,1.33256076705017,-1.17407688630968,-1.52613412075083,-0.991978758118289,-0.129682020937556,0.534203178928937,0.684517093908044,-1.53926395839848,-0.902921795275058,-0.304579575446832,1.28486974392035,1.04006681778124,-1.41665530406692,-0.304320991403751,"Male",0
-1.1053537824681,0.0339761375648314,-1.2335352458156,-0.125877724273118,-0.0217887279342308,1.25309765505502,-0.903664236287485,0.52607554571407,-0.387439457240089,1.16333317061103,-0.338334240154304,0.269777710649126,-0.190728480273058,-0.347003611833453,-0.714911633207752,-0.329309953667144,0.702447127015046,0.644325280205938,0.202710274828489,-0.729753776309986,0.688342020324953,0.204261097890246,0.582516689607826,-0.198486959680735,-0.0678350273242204,0.329926168301417,0.342698961476499,1.5939191505339,0.452295003687712,0.79542756879199,-0.102319537735903,-0.484099069330753,"Female",0
0.49627025163982,-0.645546613731787,0.858195733319426,1.83187708785076,-0.290779683477314,0.460984111445108,-0.13922492492403,-1.07752828104216,-2.35352514651986,0.220169167892405,-0.11752175138771,-0.479306595156048,-0.695948819869541,2.63350174680491,-0.714911633207752,-0.141586373379897,-0.5121434141557,0.90041542780204,-0.923525744855691,1.21121465470926,0.400056143341255,0.956981847292374,-2.06774152983799,-0.56483202898557,-0.820187148556485,-0.166108448854625,0.0372665315049701,-0.825835334198987,-0.481522644874677,-0.64277101171969,0.860876844387255,2.24206694048418,"Female",1
-1.23258260683377,-0.645546613731787,0.217404603226492,-1.5116019024885,0.0154871722721141,0.460984111445108,-0.374377349385511,0.273318375122022,0.782738666164468,0.096782640980204,-0.0599597181089489,-0.479306595156048,0.144919634614591,-0.347003611833453,-0.714911633207752,1.09311466529765,-0.245767450991638,-1.19135054856419,0.772981025367625,-0.310257640033201,1.04967957351032,-1.13082464585231,0.899235320357429,0.167858109624101,1.43686921514031,0.141240666975182,-0.497363937525455,-0.850623863035283,0.403194289376243,-0.664918968541785,-0.555161621315521,-1.36675949359736,"Male",0
-0.457466207894272,0.37373751321314,-1.57768577371191,-0.725243006869714,-0.692754931648438,0.460984111445108,-0.0140604675250992,0.619886787478853,0.121477319368434,1.2004660031708,-0.757345890524632,0.753223226140302,-0.141761856708974,-0.347003611833453,-0.714911633207752,-0.685532410236302,0.0393059428611788,-0.343106652983481,-0.501303058550581,0.436315266434895,0.61778901541519,0.284802183619352,0.226189878255511,-0.198486959680735,-0.0678350273242204,0.152521739650024,-1.19894955712513,3.0373498808651,0.470134103410843,0.0203475344908042,-0.337409673070332,0.696265895702682,"Male",0
0.277571511288713,-0.645546613731787,-0.569158014580973,-1.09986498188517,-0.307156452847249,0.0649273396401542,1.07008656467818,-0.013869496660908,0.0595363594922746,-1.18724691932445,-0.12255973673525,-0.479306595156048,-0.695948819869541,-0.347003611833453,0.077554623483072,-0.145869413040188,0.116331945338815,0.632916238723937,0.647693052226083,-0.508615887851113,-1.14443026822418,-1.03159408532965,-0.556790157969485,-0.56483202898557,-0.0678350273242204,-2.2694157954621,-0.774369733603315,-0.166537658827221,1.17042912705974,-0.587845123515836,-1.44248764847521,-1.07374433238238,"Male",1
-0.232026452918935,-0.985307989380096,0.53160170030356,-0.834566110863959,-0.692754931648438,0.0649273396401542,-0.352505753307279,-1.32037711810538,0.0261710154838015,-0.129957213135456,-0.757345890524632,-0.479306595156048,-0.695948819869541,-0.347003611833453,0.227440563419,0.59793576661591,0.282075729617004,-0.360204955945377,-1.03909668614457,0.434799282628735,-0.591111150248236,-1.07148806241725,-0.21489797415336,-0.56483202898557,1.06069315452418,-0.00584225690466161,-1.2477010282214,-0.498252978775003,-0.0289708099102948,-0.449902703443752,-0.474533239056475,0.231760678467393,"Male",1
0.365484267338167,-0.645546613731787,1.96507311304281,1.61979078652759,-0.572422535351257,0.0649273396401542,-0.545445472794735,0.273318375122022,-0.373125596434392,0.096782640980204,-0.757345890524632,-0.479306595156048,-0.695948819869541,2.44722016189001,0.0339218087545637,0.334366408869472,-1.14185837002003,-0.693266591424098,0.790776550929407,0.631744897998494,0.610271217089976,0.162087960556323,-0.591849073591306,-0.56483202898557,-1.19636320917262,1.37372183857373,1.42067918653296,-1.18676348770479,-1.49664428462808,-0.509693322615398,1.53078794778896,-0.591036029476987,"Female",1
1.07097308862122,0.71349888886145,-1.35238007517282,1.4742762068354,2.25204118465281,2.04521119866492,-0.150442701736709,0.273318375122022,-0.878754866227316,0.096782640980204,0.431707819375858,-0.479306595156048,0.0208977386729807,-0.347003611833453,-0.714911633207752,-0.685532410236302,0.0527889190367435,0.0116854685440045,-1.01960758444247,0.731614398433904,0.506262954535302,-0.162684797442371,-0.676910176706587,0.167858109624101,-0.0678350273242204,0.459290717720838,-0.162455718882551,0.874177992117435,-0.507465671820238,0.0258944022603807,0.64996069556921,1.60806831254474,"Male",0
-0.609742058181683,0.0339761375648314,-0.89430025369665,-1.15452597223995,-0.514099265794605,0.857040883250062,-0.0242874272961044,-0.229062612707629,1.09612195226123,-1.09507296738631,-0.281443638274021,0.371483372004046,0.451682742566897,-0.347003611833453,-0.120795844543424,0.123643512360016,0.608072654024434,-0.0592384873988482,0.606595312539272,-0.999030795114516,-0.500820476240056,-0.683825196789166,1.06300777105782,0.167858109624101,-0.0678350273242204,0.048987461549831,0.0677549646736302,-0.102118514392777,0.413551070168606,1.78188829433171,-0.698596796752042,0.163382914453218,"Male",0
-1.75529706043817,-0.645546613731787,-0.360199027742324,0.830765764662358,0.050899277468142,-2.70747006299452,-1.57276542997828,-1.86585228273328,-0.20588753049869,-0.0480692123447926,0.42473389732365,-0.479306595156048,-0.695948819869541,-0.347003611833453,0.760795325732663,0.319411880730085,0.0377030025850716,-0.805647597336595,-2.57247340766365,1.60162748604803,2.95648664297383,2.72641315673171,1.03920140080142,-0.56483202898557,0.684517093908044,1.71239418918114,0.824469776525782,0.212069936862795,-0.894924101154457,-1.24616376160372,2.82867534795963,2.63182019536499,"Male",1
-0.618526307427575,-1.66483074067671,-0.32763913448093,-0.000565045501615969,-0.635107318538626,-0.727186203969754,0.0756682984616235,0.273318375122022,-1.20312894999236,0.096782640980204,-0.0575382383436115,-0.479306595156048,-0.695948819869541,-0.347003611833453,-0.714911633207752,-0.685532410236302,1.15397740656866,1.73403371478187,-2.61401828653266,0.767808238662624,-0.775237223526611,0.858910523604162,-1.37733805590747,-0.56483202898557,-0.0678350273242204,-0.449761396538795,-0.410308151004086,-0.453900050180661,-0.131009791686283,1.30303968730364,-0.304023124817113,-0.360692083635099,"Female",1
-0.60391846522073,0.0339761375648314,-1.17363010026394,0.304371504052449,1.48645154195326,0.0649273396401542,-0.522882799131851,0.0554398821923158,-0.721294875730454,-0.800502555247176,-0.757345890524632,-0.479306595156048,-0.695948819869541,-0.347003611833453,-0.714911633207752,-0.685532410236302,1.01079625060937,1.486742774495,-0.468836247048891,-0.478621465852616,1.1414598443045,0.759840171151721,0.00271318665083562,-0.56483202898557,-0.0678350273242204,-0.486797495698786,0.428499402671785,0.728540238019748,0.782105314615838,0.695833053985318,-0.411175138728433,-0.370838880236741,"Female",1
1.42538309664799,0.37373751321314,0.283783269597775,-0.481710870317512,-0.359153043446608,0.857040883250062,1.21404651659099,-0.240963346767893,0.731095578412927,-0.910000037784347,-0.0752998538812026,-0.479306595156048,0.12642337419447,-0.347003611833453,-0.714911633207752,-0.105691457242156,-1.39358452623483,-1.24025858474693,0.584828220978913,1.05078260943768,-0.590195574622277,-1.32273755732,-0.896244416591463,1.26689331753861,0.684517093908044,-0.310917495388094,0.146320261253369,-0.53445745940359,-1.10393771597248,-0.7597790854968,-0.0784277768302551,0.165366391577292,"Female",0
-0.837156783276357,0.0339761375648314,-0.316114801425561,-0.40198388956957,-0.692754931648438,0.460984111445108,0.872007907792823,0.614441268092773,-0.812099456268915,0.610821803791719,-0.757345890524632,-0.479306595156048,-0.695948819869541,-0.347003611833453,0.13225347285063,0.0836842075404405,1.8079427489909,2.2437147708141,-0.37325587213455,-1.44776861867575,-1.00832694028656,-0.799855644997925,-0.335239302388073,-0.56483202898557,-0.0678350273242204,-1.6920221414471,-0.814682583573995,-0.535865962535537,1.71489582175305,2.69039094148558,-1.72896446012811,1.22960446228807,"Male",1
1.47408472822471,0.0339761375648314,1.14283010573473,-0.0854956160013092,0.189546672388182,-0.727186203969754,0.310645376539706,0.273318375122022,1.46051431986665,0.096782640980204,-0.0257865299869469,0.828532065796028,0.186123714961362,-0.347003611833453,-0.714911633207752,0.247369594898565,0.128142981530305,-0.858130248585424,0.0596312886617142,-0.177314133528219,1.07901510781989,-0.528973415743184,1.25422635533199,0.167858109624101,-0.0678350273242204,-0.46851470264703,-0.509383556443173,-0.452574646125357,0.733850746085113,0.539599782721527,-0.166292907733237,0.295881813463469,"Male",0
-1.53934738986812,-0.645546613731787,0.399930621767222,0.0396760171518646,-0.692754931648438,-0.727186203969754,-1.66626286983092,1.34514884537824,-0.425848554053586,0.340343269711696,0.257992164025155,-0.479306595156048,-0.695948819869541,-0.347003611833453,-0.714911633207752,1.0408454397362,0.176656887063654,-0.924676261102081,1.16645488778911,-1.00766816114,2.46379340960077,0.639117904361251,2.12997490563296,-0.56483202898557,0.684517093908044,1.90959012764961,0.487676776081672,-0.843846388557319,0.474582028168636,-1.16347356049286,1.24815771192547,-1.10453619540966,"Female",1
-2.99539612974841,-1.32506936502841,-0.567793370709818,-1.72793490733942,1.43197138011322,0.857040883250062,-2.06959649549455,0.273318375122022,-0.580800391094716,0.096782640980204,-0.757345890524632,-0.479306595156048,-0.695948819869541,-0.347003611833453,-0.714911633207752,-0.685532410236302,1.4163586381788,1.58692460531484,1.07649360022692,-1.91343994501288,-0.249699539154801,0.00723850210125185,0.710408976038121,-2.03021230620491,2.5653973969887,0.158066348498712,0.200020961508262,0.565845913844939,1.16634297660842,-0.44524290822491,-1.2787050608466,-0.260559222434678,"Female",0
-0.725232248315624,1.05326026450976,-0.486838707989495,0.397934766860343,-0.290779683477314,1.25309765505502,0.0833019196249963,0.273318375122022,-1.40939759813014,0.096782640980204,0.250377128616044,0.121209323331099,-0.290930514293028,0.435379044809093,-0.714911633207752,-0.399960740886694,0.621343506400088,1.32212820827419,0.779347868957508,-1.07208827615327,-0.547822734652992,-0.0299253679279651,-0.410773192404738,0.167858109624101,-0.820187148556485,0.206692568101713,-0.0495358311634525,-0.174009351229926,0.519032226954012,1.95287995406431,-0.881627360789747,1.33615396968015,"Female",0
-0.527253849305201,0.0339761375648314,1.22128150209683,3.42792511793917,-0.575644032574961,0.0649273396401542,-1.16597471956108,-0.622506249492116,-1.29067820698627,0.0195814458392259,1.78848068414654,1.03778625154836,3.39686774174589,-0.347003611833453,-0.714911633207752,-0.685532410236302,-0.805458012018822,0.85168876136805,0.000392966135855013,0.707064171406377,1.04055833933737,4.0639683147643,-0.6410672474971,1.26689331753861,-0.0678350273242204,1.86766185875157,2.30098077898936,-0.975441952058643,-1.22481114503303,-1.29929600067844,3.99688464470717,0.782990652981678,"Male",0
-0.0791306569002099,-0.305785238083478,0.751210480610204,1.23494441757378,-0.534866564532392,-0.727186203969754,-0.00149028668183029,0.75884632661873,-1.90971878294325,-0.0436832666665233,-0.113433418230278,-0.479306595156048,0.46864055718757,-0.347003611833453,-0.714911633207752,-0.138110679853652,-0.0504195088174792,0.533190984148458,-0.266285248069073,0.317988613475119,0.345594381568423,1.05803802209671,-0.651087649103126,0.534203178928937,-0.0678350273242204,1.54072882283323,-0.126701190308784,-1.10938009840187,-0.462383401075833,-0.615362001612372,0.0498995431890814,-0.426934611372397,"Female",0
-0.567164973976957,0.0339761375648314,0.424786279375259,2.71740484197597,0.879197055102055,0.460984111445108,-1.11239819577201,0.273318375122022,-1.68476186276039,0.096782640980204,3.28509602006832,-0.479306595156048,1.39297080774578,0.998066858039134,0.726968232117988,2.2601925458056,-2.43647292827978,-1.64441761008413,1.64055963737875,0.774711165603446,2.95527265842603,1.13067354166643,-0.412564263647781,0.534203178928937,-1.94871533040488,1.98329121038785,2.43925454717916,0.344877004538882,-1.64435976344915,-1.18117691273927,3.06365892360258,2.31560529046169,"Male",0
-0.232866798991987,0.71349888886145,-0.211763541287818,0.0302634850530431,-0.692754931648438,0.0649273396401542,-0.55016507223049,0.634292837873732,-0.205225087881976,0.955596367958118,-0.757345890524632,-0.479306595156048,-0.695948819869541,-0.347003611833453,1.67566353543209,0.942429600307835,1.92725415982348,2.0740269772793,-0.911309814006866,-1.38234235037921,-0.256508492094192,-0.55330918123731,0.189564675224903,-0.56483202898557,-0.0678350273242204,-1.20485382089655,0.00350432987324924,-0.463907617078609,1.29836512355078,1.43763084916921,-0.465152368634543,0.313345119188308,"Male",1
-0.708848767597222,-0.645546613731787,-1.19676260095246,-1.15537319459081,-0.692754931648438,0.0649273396401542,-0.0454892955412927,0.273318375122022,0.718699658648286,0.096782640980204,-0.757345890524632,-0.479306595156048,-0.695948819869541,-0.347003611833453,0.728346702352538,-0.357916728382061,0.743975376868122,-0.0596848149910568,-0.163070424354461,-0.547144246610728,-0.445919762695675,-0.159750206443037,1.03102317672991,-0.56483202898557,-0.0678350273242204,0.0929834541925936,-0.736154137777726,0.280302160314575,0.586405269376351,-0.491938755270876,-0.598620834768852,-0.0559587441377123,"Male",1
0.355429050060921,-0.645546613731787,0.981673165016761,-0.975532403168783,-0.519812092319001,0.0649273396401542,1.00510549266815,-1.68233093943202,0.653302426325157,-0.15914689125704,-0.757345890524632,-0.479306595156048,0.607059133727856,-0.347003611833453,-0.0403592565339271,-0.685532410236302,-0.669150092159406,-0.631938262946556,-0.316855763505469,1.01579499596515,-0.921383579331689,-0.595553491670247,-0.595672887601453,-0.198486959680735,-0.0678350273242204,-0.324284891531053,0.148387518567093,-1.04936972990088,-0.993409804588267,-0.387279601844182,-0.269803340151972,-0.730197718688143,"Male",0
0.307788800640121,1.05326026450976,0.591932418436645,0.135959871060193,-0.484557777740035,1.25309765505502,0.0734456262749347,-0.1989532083316,-0.57039521084427,-0.388070284681874,0.137413726914352,0.320492630354041,-0.695948819869541,-0.347003611833453,-0.714911633207752,0.0751468421933008,-0.781047775164357,-0.178058161986575,1.32923110110386,-0.117478466778815,0.0372755337763079,-0.465043752987035,-0.537270000954757,-0.56483202898557,-0.0678350273242204,-0.721631076061675,-0.406620134415961,0.0172641983671181,0.505048493511302,0.821968619389879,-0.405271994225678,0.567223636377908,"Female",1
-0.116055961314584,0.37373751321314,-0.52836666206965,-0.786945830369584,-0.692754931648438,0.460984111445108,-0.36079192030356,0.273318375122022,0.970454654040092,0.096782640980204,-0.757345890524632,-0.479306595156048,-0.0728437343672042,-0.347003611833453,-0.714911633207752,-0.685532410236302,0.29922008666949,-0.563131609972498,1.08088924713919,-0.825918293659399,0.0942887633431084,-0.650276121492607,1.17597815422065,0.167858109624101,0.684517093908044,0.232875917118714,-0.213124899269327,-0.369814106323024,0.508737443853373,0.0185764436903715,-0.604814786980282,0.594569398231262,"Male",0
-0.597642498470178,0.0339761375648314,-1.58179389450996,-1.31561596458919,1.86605525025807,0.857040883250062,1.52546264326104,-0.73741012058277,0.147383630612663,-0.287346372133608,-0.278617615398423,-0.479306595156048,0.458497656833148,-0.347003611833453,-0.714911633207752,-0.278541907600267,1.16161201485186,1.39893244167289,1.05545505265395,-1.72728202524438,-1.85797422343839,-0.244345891208184,0.338040652379803,0.167858109624101,1.06069315452418,-1.58600946149014,-0.45653788320019,3.74736887023959,1.58446717171578,0.851398332429486,-1.73682624514399,-1.04541703546696,"Male",0
0.103257854350919,-0.305785238083478,0.983210417283885,0.714316453560359,0.0417183613062082,-0.3311294321648,-0.65490661414232,0.021607818072796,0.619385621443411,-1.8617471218549,-0.340069278044021,-0.479306595156048,1.81969282967412,-0.347003611833453,2.41065403759156,-0.685532410236302,-0.0467019250385887,-0.754029049682219,0.0205827658665369,-0.00924915188213864,-0.125066096220775,-0.342855925710221,0.710408976038121,0.900548248233772,-0.0678350273242204,1.27556332074158,0.518453541949487,-0.805837305245394,-0.83460843261499,-1.08133880398837,1.86683104862536,1.34263635229771,"Female",0
0.462363032968053,-0.985307989380096,1.30668145070814,1.53740576328718,-0.692754931648438,-1.12324297577471,-0.212660040673084,-0.999730829640031,-1.86489594563167,0.14254237199312,-0.757345890524632,-0.479306595156048,0.57635999345986,-0.347003611833453,0.602407929616032,1.10863514588695,-2.06500071369548,0.208258082037453,1.76909566213661,0.765754926777024,-0.847026521677354,-0.216523019017077,-2.34929679801017,0.900548248233772,-0.0678350273242204,0.336277624530652,1.51086161502518,-1.21619392032833,-1.66001992946431,-1.17916065519265,1.1741471016651,2.33629300210372,"Female",0
-0.0823922159100557,-1.66483074067671,0.420992675487658,-1.47787698492783,-0.692754931648438,-0.727186203969754,-0.642022922620442,-1.13707836565264,1.93235926927298,-0.459314942068809,-0.757345890524632,-0.479306595156048,-0.695948819869541,-0.347003611833453,1.62019775425715,-0.685532410236302,1.78573175251627,-0.0889587531146469,-0.374630810242365,-1.44814677404516,-0.658069256350699,-0.885211741059782,2.07554259385758,-1.29752216759524,1.43686921514031,-0.304503257933543,-1.72647289092824,-0.979489592133691,1.69326876820058,-0.971058436896604,-1.16184400758738,-1.13579460181614,"Female",0
0.543435296770937,0.71349888886145,0.998724060261283,1.29157689087597,0.0423515279380658,0.0649273396401542,-0.0750518324651098,0.700201096522217,-0.397160665965352,0.723233988512609,-0.474277626721086,-0.479306595156048,1.35189654540504,3.60886375321327,-0.00814748573769422,-0.444882127076523,0.591626620842445,-0.0478047122457346,-0.331224670750165,-0.252621851565985,0.0627242936382436,0.195145710114152,0.41916025225797,0.534203178928937,-0.820187148556485,1.68787999893019,-0.12762138353582,0.94239553954518,-0.351199173413414,0.665575947715184,0.636369331235953,0.997305236414593,"Male",0
-0.105986470291573,0.71349888886145,1.54741658998694,1.1986351277596,-0.364973462065373,0.0649273396401542,-0.709505677309188,0.273318375122022,-1.48715799846325,0.096782640980204,-0.757345890524632,-0.479306595156048,-0.695948819869541,-0.347003611833453,-0.714911633207752,0.136256566309354,0.00771119868913072,0.259767603360498,-0.93174781821677,0.734353815926331,1.15677541470357,-0.228934772664764,-0.810007410785137,-0.56483202898557,-0.0678350273242204,1.03263864351671,0.166845598078335,-1.10789798266047,-0.760282376383563,-0.813730777014964,0.831212585762579,0.677822333647123,"Male",1
1.28623385008681,1.73278301580638,-0.153985558655182,-0.696712571974224,-0.12846447486621,1.25309765505502,1.22967462619033,0.633864635664063,1.27923293648426,1.87019190126832,1.15529566419075,-0.479306595156048,-0.119410306593353,-0.347003611833453,0.478958053621856,-0.279024695859627,-0.651644325196819,-1.24531839189734,1.67131379182496,-0.562661659968771,-0.716919712772961,-0.431409785906722,0.844585029956894,0.167858109624101,-0.0678350273242204,-0.48220771744827,-0.918795078668585,-0.279363820055713,0.676950117394049,0.131185557295867,-0.955447357047634,-0.709397878527734,"Female",0
0.642612739198001,1.73278301580638,0.607120768614881,2.35567576363136,-0.624372935407833,2.04521119866492,-0.897722296216334,0.273318375122022,-0.0223156744210496,0.096782640980204,-0.757345890524632,-0.479306595156048,0.712810503874893,2.37432736779287,-0.714911633207752,-0.685532410236302,-0.902292897680338,-0.549355506075919,-1.62415363965482,2.16553717500928,1.07141495594587,2.2209124994938,-0.782199836125131,0.900548248233772,-0.820187148556485,0.284917356158712,1.07983838746809,-0.705277160012008,-1.42361252696206,0.334860138766105,3.67226542033752,-0.671622440663591,"Male",0
1.22319986605948,1.05326026450976,0.847887787389352,1.54750157476307,-0.431823630204024,0.0649273396401542,0.387550667390507,0.131123990262635,-0.685186416741832,-1.33443596236575,0.185552840835062,0.363522764124189,1.00939141413689,0.75107730977016,-0.714911633207752,-0.685532410236302,0.482143358261657,0.603100174984466,-0.426277827481767,-0.104429387279009,0.0379631933434532,0.33975733920478,-0.260899283535107,0.167858109624101,-1.94871533040488,0.345746494334854,-0.118825436451406,-0.955155795456421,0.0551477523515717,1.1435105338359,0.0333757604711774,-0.0345050516010556,"Female",0
-2.14320224114509,-0.645546613731787,-0.908681838857531,-1.7313104678538,0.291215014256451,0.0649273396401542,-0.608889056881791,0.273318375122022,-0.0032343366940323,0.096782640980204,-0.311450749311958,-0.479306595156048,-0.695948819869541,-0.347003611833453,-0.714911633207752,-0.685532410236302,1.75942790340356,1.5608875947897,-1.19660044683916,-0.755803693157314,-0.452642490481004,-0.699861679870595,-0.0622751090348823,-0.56483202898557,1.81304527575644,-1.08986318113582,-1.27149033040941,1.17703617025136,1.37058388749972,-0.181438372448487,-1.44013743698783,-1.24025108553629,"Male",1
-0.290367525972278,0.0339761375648314,-0.819753145434314,1.37299029738157,0.575492556767434,0.460984111445108,-1.15772049937686,-1.14035835807305,0.331906389285096,-0.206818505824325,-0.757345890524632,-0.479306595156048,-0.695948819869541,-0.347003611833453,1.79280966080563,1.02220514733616,-1.16016403734166,-1.52631468805715,0.750909055678591,0.49884582107074,1.04358981519781,0.741873142213697,0.802706335037327,-0.56483202898557,-0.0678350273242204,2.17742762769309,2.28807198209314,-0.29184226519399,-1.92380205044359,-1.07499519397766,2.15428816655967,1.96011777737892,"Female",1
-0.276108665868041,0.0339761375648314,-0.931508869146718,-1.21285362939885,-0.692754931648438,0.857040883250062,-0.240547371147395,0.273318375122022,1.27919224351082,0.096782640980204,-0.757345890524632,-0.479306595156048,0.788087719647504,-0.347003611833453,0.0533571805307002,-0.685532410236302,-0.115567201493053,-0.584899957351059,-0.562344497804784,0.634457611211556,0.118796835785708,-0.421138931059965,0.262026996899991,0.167858109624101,1.06069315452418,-0.294788521086484,0.660123179660064,0.414214870621358,-0.705306007076844,1.25125539394951,0.22482137674215,-0.470615713486228,"Female",0
-0.64199932764568,-0.985307989380096,1.52699338039414,0.052430925656655,-0.553101559044385,0.0649273396401542,-0.689496664403554,-2.45873104183924,0.886823097272043,-0.10538218477595,0.752351516427681,-0.479306595156048,0.214204675808046,-0.347003611833453,-0.714911633207752,-0.685532410236302,-1.2656787265102,-1.19327227247776,0.309230962225727,1.09955818163022,1.03220443457337,0.68231254570315,0.175291703638227,0.900548248233772,-0.0678350273242204,1.08688177911782,2.50723263777217,-1.18754140874866,-2.04826855452985,-0.530063775248981,1.25716006642244,-2.30924526167233,"Male",0
0.473144172543832,-0.645546613731787,-1.26740460504779,-0.98560072341432,2.49433453599405,0.460984111445108,0.791178143691442,-1.69666633178408,1.25262622168376,-0.224789558795985,-0.757345890524632,-0.479306595156048,2.67920372660151,-0.347003611833453,-0.714911633207752,-0.685532410236302,1.46008884344716,0.818688144764803,-0.780667220206932,-0.70754523951902,-0.663759532902288,0.0760604836368396,0.986019145271862,0.167858109624101,1.06069315452418,-1.59788047049853,-0.568541624618397,1.91086594916629,1.3029064259026,-0.495068083453415,-0.761197085462252,-1.13579460181614,"Male",0
0.737166904891212,0.0339761375648314,-0.668717360612585,1.22786443160425,-0.692754931648438,0.0649273396401542,-0.144069211672006,0.273318375122022,-1.98164309949865,0.096782640980204,0.0377018563319157,3.78471176096587,-0.695948819869541,-0.347003611833453,-0.714911633207752,-0.009623133669157,-0.913633275069199,0.387419558891377,0.740057548095527,0.268877750010828,0.113286144940629,-0.20900097834489,-1.32682311512631,-0.56483202898557,-0.0678350273242204,-0.215981494601292,-0.626591774701755,-0.288326108160212,0.17161157967863,-0.971495868265962,0.0318436372306829,-0.205040560309734,"Male",1
-0.932224897622873,-1.32506936502841,0.464946850831732,-1.37512853899472,-0.62389806043394,-0.3311294321648,-0.0229503174120369,0.273318375122022,0.407176014473174,0.096782640980204,-0.757345890524632,1.22832160907284,-0.695948819869541,-0.347003611833453,-0.714911633207752,2.56267615108637,-0.306217670294854,-0.720805974475984,0.750153273778101,-0.394932096262823,-1.06212056954087,-0.864615320859078,0.559933660892495,-0.56483202898557,1.81304527575644,0.964662408264126,-0.516047107305592,-0.883272820859162,-0.36433265173629,-0.673542615537696,-0.771686826974446,-0.470615713486228,"Male",1
0.666547443417796,0.0339761375648314,-1.05698277472102,-0.261978456049511,1.04678707798099,-0.727186203969754,1.08800404919834,0.273318375122022,0.655695586760534,0.096782640980204,-0.757345890524632,-0.479306595156048,0.342559655967695,-0.347003611833453,0.360336386020198,-0.685532410236302,-0.294165160202664,-0.774365203053358,0.0142122630951325,0.401483859951505,0.588220684878574,-0.739215297630906,0.214310671417387,1.26689331753861,-0.0678350273242204,-0.215981494601292,-0.252074677389772,0.0377760408852069,-0.0697313208491505,-0.829482928342197,-0.227350017440609,-0.780897329079143,"Male",0
0.246536009698012,-0.305785238083478,-1.02274396049907,0.442251387820912,0.735061149855395,0.0649273396401542,-0.387955300308919,-0.471894753935273,0.0595134997578074,-0.398045791326653,0.301557457083783,-0.479306595156048,-0.695948819869541,1.29723314468331,1.0476665559295,1.11491944555814,-0.456726292383052,-0.73126763108502,0.33142759951939,0.0484961491539024,0.510368017736382,-0.666397320670039,0.123084188080824,-0.56483202898557,-0.820187148556485,0.405029635449153,0.52828515045244,0.780612711607904,-0.478397550179795,-0.113080549038267,0.424022484219564,2.35103021604226,"Male",1
-0.38169973414318,0.37373751321314,-1.4101020703976,-0.493859703532189,-0.692754931648438,1.25309765505502,0.229377122733574,0.273318375122022,0.512790759391971,0.096782640980204,-0.239236369115564,-0.479306595156048,1.80287877237637,-0.347003611833453,-0.714911633207752,-0.685532410236302,-0.107846986836637,-0.174602983110399,0.0548164393712807,0.219789627050784,0.10254212449987,-0.24593439141399,0.0268390755838451,0.167858109624101,-0.0678350273242204,0.470574186564269,0.730681292410172,1.11823199406737,-0.741683622141875,0.0249727911310469,-0.127696251529017,0.389270060498039,"Male",0
-0.95423961806192,0.0339761375648314,-0.768646787660398,0.433907431428926,0.0818848695146661,0.0649273396401542,-1.27513838401839,0.709387955662822,-1.17418480183336,0.314654849393927,0.11013447028513,2.6223538159685,-0.695948819869541,-0.347003611833453,-0.714911633207752,0.297784672172709,-0.153693760297491,0.982025455052997,-0.859577596088958,0.61982543242255,0.683888991058327,0.463122417093809,-1.05618498675766,-1.29752216759524,-0.0678350273242204,0.31852589668652,1.00834461315063,0.581733518230414,-0.896999468896605,-0.476201484282443,0.574315241161161,0.293300666080153,"Female",0
0.906386192909792,-0.305785238083478,-0.736750949743196,-0.80165753113003,0.874895575053179,0.0649273396401542,0.508580591530234,1.03794855785646,1.20890531146876,0.912590205333892,0.25671500923957,-0.479306595156048,-0.695948819869541,-0.347003611833453,0.55104075169461,-0.254480833859527,0.0848976524892515,-0.865634057422257,-0.565570800075408,0.287252453244872,-0.329747131559979,-1.32738852850777,0.358459990118505,-0.56483202898557,-0.0678350273242204,-0.594263841585449,-1.49405816840022,1.49618897773014,0.350569617239795,-0.378157925332949,-0.631932658360378,0.122651943672881,"Female",1
0.0332273926337324,-0.645546613731787,-0.626180415073991,-0.425375730803092,-0.244601735947298,-0.727186203969754,-0.173156437762691,-1.15939777535514,0.0888194824396033,-0.165136194822211,-0.757345890524632,0.733856876535182,-0.695948819869541,-0.347003611833453,0.979418578909037,0.46829251642882,-0.807918620698036,-1.00160134106459,-0.50793730951385,1.05133416600018,-0.359729467563225,-0.0991227420901155,-0.171543565509852,-0.931177098290406,-0.0678350273242204,0.207183742037096,-0.789109496929257,-0.468194778362297,-0.55104585542444,-0.447689300714802,0.0350705163230323,1.71851779213683,"Female",0
-0.613824703300682,-0.645546613731787,-1.17542673312393,-0.884589892484558,-0.692754931648438,0.0649273396401542,-0.433945052121388,0.273318375122022,0.166984736812826,0.096782640980204,0.314699874518638,-0.479306595156048,-0.0496430130984856,-0.347003611833453,1.29259929630829,0.681566006862935,-0.321219198813856,0.167478198010641,1.28318252950598,-0.699598277611228,-0.362532581640821,-0.743946104872304,-0.17359598166372,-0.198486959680735,0.308341033291912,-1.25157671977976,0.0037922161142202,0.480662966609809,0.702898930599452,-0.348330602753271,-0.708888859749915,-0.937824694575092,"Male",0
-0.65986282587,0.0339761375648314,0.610746781761556,-0.341911840097301,0.0900389726848038,0.0649273396401542,0.0336382652412536,-0.36083467508918,0.257511050705177,-0.553985028568772,-0.156616818011562,-0.479306595156048,0.752700857304332,-0.347003611833453,-0.714911633207752,-0.174823016466492,-0.197520554314396,-0.173561458798778,0.517407928501679,-0.0583885958338222,0.687595959703142,0.785408955023026,0.416150965249667,0.534203178928937,-0.0678350273242204,0.382718033698865,0.611960266459466,-0.491142819008544,-0.0875577850926809,-0.821548463979134,-0.338754825847784,0.527152619008637,"Female",0
0.649975737061812,0.0339761375648314,-0.427411950260488,1.11736316987591,1.18443045058759,-0.727186203969754,-0.491585610158075,0.638046972286352,-0.475466389981172,0.782349959133468,2.06427856306926,0.961931609213161,-0.695948819869541,1.53071476410873,1.297952658787,-0.685532410236302,-1.06471828792665,-1.14106672064173,1.38735374986262,-0.120093100155959,-0.22676698565494,-0.498190130296111,0.0892938986529617,-0.56483202898557,-1.19636320917262,0.313670251228315,-0.277392033168062,0.374258609782071,-0.0354153771803569,-0.56436724456947,1.18915501573922,0.790790593041833,"Female",1
0.153330531673317,-0.985307989380096,1.14537043666455,-0.973673961473539,1.26422982918467,0.460984111445108,-0.0786255505071029,-0.235794686246388,0.975636934368175,-1.02680115961074,0.593036714689003,0.727760577682485,0.932265473905449,-0.347003611833453,0.127996361764926,-0.111519004508424,-0.338892691373933,-1.09652296938522,0.983168935883513,-0.407613319395077,-0.292914150021374,-0.630834643291519,0.825084966050953,-0.198486959680735,1.06069315452418,-0.159592372525914,-1.10446806288999,-0.185301518579235,0.688027779834336,0.129534510956461,-0.608049845926623,-0.59183990341551,"Female",0
0.23498521964015,0.0339761375648314,0.380047329677456,0.706334047533561,0.59568550599234,0.460984111445108,0.221024941551392,0.273318375122022,0.701050125706119,0.096782640980204,0.0930532817459762,-0.479306595156048,3.40550237584212,-0.347003611833453,0.346725651599603,-0.685532410236302,0.0438390943447655,-0.599228489802772,0.624409661465031,-0.405902708168311,0.744528254984733,-0.0946877237172813,1.0495141462852,1.26689331753861,-0.0678350273242204,1.57376641288987,1.44643146976133,-0.837449075567071,-0.923596392969591,-0.276055310295733,0.731447376586216,-0.365911629212075,"Male",0
-0.195169747744904,-0.645546613731787,-0.558802372989544,2.24492728970228,-0.692754931648438,-2.31141329118957,-0.73600038318073,-1.09490251456196,-2.64402252947424,0.265713488645301,-0.109292502009745,-0.479306595156048,-0.695948819869541,-0.347003611833453,0.094117423060215,-0.134590282873707,-0.00796648807783197,0.796981798852017,-0.758158963911792,0.55469295134663,0.909832305814044,2.49877126772567,-0.623154312267132,-0.56483202898557,-0.0678350273242204,1.39326613905725,-0.0729808423021903,-0.498064559541192,-0.111030251677006,-1.12241776138387,1.36640737461142,-0.474395138988102,"Male",1
1.20470029616253,-0.985307989380096,-0.66904518410678,-1.57099147378294,1.64027788126632,0.0649273396401542,1.40826038848275,-3.13081519841172,2.0920993355232,-0.144031331056775,-0.757345890524632,-0.479306595156048,1.2481390468978,-0.347003611833453,-0.714911633207752,-0.685532410236302,0.224623084205562,-1.23992404220357,3.35537278542392,-2.28225163547188,-0.804667333851431,-1.4347196550324,2.6313016115296,0.167858109624101,1.43686921514031,-0.736656092196497,-0.596390715974516,0.975840505377379,1.73116940288915,0.506010600121674,-1.30128754673991,2.3651469157097,"Male",0
1.01675327243683,-0.305785238083478,0.656712804164292,0.934925625085542,0.803907627579899,0.0649273396401542,0.155267386128175,-1.42874841164485,0.458464818167794,-0.171876567356765,-0.757345890524632,-0.479306595156048,1.2481390468978,1.53071476410873,0.291520512789626,-0.000160403797215787,-0.634937830549244,-1.33878136376542,-0.00465971431487785,0.686682472723117,1.69956750833337,-0.810366638541542,0.380999701769953,1.26689331753861,-0.820187148556485,0.430373178275516,0.588461534449455,-0.198977298812586,-0.7007525021416,-0.169059266276937,1.10158958627325,2.79480792013333,"Male",0
-0.377896260488272,0.37373751321314,0.576909538066481,-0.0587348523175301,-0.677358364171904,-1.51929974757966,0.483693941503499,0.273318375122022,1.06141269807608,0.096782640980204,0.0575244753573124,0.491878178677647,0.941591499173022,0.285650827500164,1.31965469967103,0.00722905179781154,-0.45867704997854,-1.08324451369047,1.53471905664747,-0.695665495384083,0.518324658246196,0.322780794802155,1.44987626028412,2.36592852545312,-0.820187148556485,1.70466848142434,1.39252983543176,-0.871472137702859,-0.655361903598841,2.16942973353295,0.225618475733662,-0.405446160237689,"Male",0
0.462292884526709,1.73278301580638,-1.50991760349123,-0.735987454398824,0.366170155766756,0.460984111445108,-0.042179653007354,0.54259013382584,2.65935877642224,3.60859567525362,-0.757345890524632,-0.479306595156048,-0.157718513455561,-0.347003611833453,0.399631164131512,-0.685532410236302,2.18977308251798,-0.732609725351327,-1.08299572585896,-1.28803252417639,0.0836224593896884,-0.92906054902246,3.06399163051788,1.26689331753861,-0.0678350273242204,0.723487506673136,-1.44644827224598,3.33213625987577,1.20127781247437,2.50790231171672,-0.204351907284224,-1.05427758118747,"Male",0
1.04069553735185,-0.645546613731787,0.995261576373984,0.125484413864141,-0.32851613534644,0.0649273396401542,-0.0838183921647985,-1.63482824681392,0.00950887458540019,-0.0906542774552968,1.95401649281349,2.75216919939373,-0.695948819869541,-0.347003611833453,0.413375525982127,-0.685532410236302,-1.16656691649452,-0.976600055621806,-1.21564900602086,1.71472438657656,-0.308830562753098,0.248886984354013,-0.953633767712143,-0.56483202898557,-0.0678350273242204,-0.387070642566317,-0.433723866830418,-0.76694214110984,-0.840466096651785,-1.09178949483935,0.444417338998568,0.753918149121106,"Male",1
-0.696779107846487,0.0339761375648314,-0.848556211608478,-1.84289506626226,0.81976210384291,0.857040883250062,-0.0104758222929021,0.273318375122022,1.80390119838597,0.096782640980204,0.00319978429850413,-0.479306595156048,0.22107375879428,-0.347003611833453,1.18401694414578,-0.685532410236302,0.833426750969488,-1.17650613780541,-1.07878331126642,-0.078079881643767,0.700054327490377,-1.45828014622074,1.66890834194686,0.167858109624101,1.81304527575644,0.690202336607019,-0.204306081581679,0.0829848067336091,-0.241033551778009,0.723892431252723,-0.144873522431951,0.360857896926159,"Female",0
0.239781109532456,-0.645546613731787,1.2886092624128,0.375276847945185,-0.325518285171115,-1.51929974757966,-0.357501645723721,0.854466554160145,0.516173255136247,0.905665559585151,0.0133791719156401,-0.479306595156048,0.233347483556511,-0.347003611833453,0.247260590499091,-0.685532410236302,-0.583483014796161,-1.05203842531548,-0.346628605165104,0.872040317536023,0.935295218653494,0.0392150633118592,0.114711585403662,0.167858109624101,-0.0678350273242204,0.873978185866025,0.483726102399915,-0.255420957444483,-0.948954351751326,-0.654378955546783,0.84535497187601,0.395867312101418,"Male",0
0.745528399430084,0.0339761375648314,1.13390406409925,-0.683667118696828,-0.692754931648438,-0.727186203969754,1.03218626039516,0.273318375122022,0.519443567163856,0.096782640980204,-0.113433418230278,-0.479306595156048,0.0804440981685247,-0.347003611833453,0.0889479083236906,-0.138110679853652,0.636130742584122,0.533190984148458,-1.99154155213395,0.756173429415833,-0.269847948779281,-0.604243704449779,-0.717656750681629,0.534203178928937,-0.0678350273242204,-1.67512659500099,-1.10946755678234,-0.284198250633075,0.508831417227181,0.0440355897535858,-0.724028963116359,-1.17308041394225,"Male",0
1.27248713232962,0.71349888886145,0.426477913819625,-1.5107869231867,0.418452507261393,-0.727186203969754,4.14173149863891,0.273318375122022,0.928277387718953,0.096782640980204,-0.757345890524632,-0.479306595156048,1.69432314746733,-0.347003611833453,0.934977130722369,-0.685532410236302,1.09827516149733,0.798805638530825,-0.934767071385431,-0.356570923812975,-1.85309856664507,-1.16860197587237,-0.161422798639628,0.534203178928937,1.06069315452418,-2.79139287332264,-2.03674074044956,1.53878945706177,1.70408954251763,0.195859184717663,-1.77934546987111,0.714594646789463,"Female",0
-0.835532987757564,0.0339761375648314,-0.235748245411872,-0.622291692414415,0.745747165433719,1.25309765505502,-0.196638822681247,0.174234268312917,0.238114105202516,-4.02478972147163,0.228202294454014,0.695296668388504,0.492368947103148,-0.347003611833453,0.105326464589597,-0.406244714050864,0.0167247700482032,-0.0913421545217232,0.551864006040042,-0.404903945427599,0.023640799015908,0.0996181301282388,0.392614952051245,0.167858109624101,-0.0678350273242204,0.383958322204583,0.335981263670751,1.65830409607542,0.00338333384160815,1.81117331505321,-0.265058924699165,0.230613079630793,"Female",0
0.136696079063388,-0.645546613731787,-1.1294526854633,0.0552002702517129,-0.692754931648438,-1.51929974757966,-0.366191097320884,0.273318375122022,-0.436716672119029,0.096782640980204,0.559939101816121,-0.479306595156048,-0.695948819869541,-0.347003611833453,0.929585337376199,-0.125587960531175,-0.385583055379046,-0.345685264153963,-0.957139515361283,0.949069090412416,0.0313366556964346,0.699506669312172,-0.466608570218914,-0.56483202898557,-0.0678350273242204,-0.12797023740129,-0.922239977403332,0.096586440062388,0.02831423249026,-0.743796089861053,0.198531083152609,1.31731077051854,"Female",1
-0.512867499515622,-1.66483074067671,-0.484093815794239,0.507808129440262,0.327946924001769,-1.12324297577471,-0.463565132467442,-1.66084842802215,-1.10241419950867,0.0394284279644465,0.158765945057792,-0.479306595156048,-0.695948819869541,-0.347003611833453,-0.714911633207752,-0.685532410236302,0.486097907924681,0.404702307416175,0.619346321350897,-0.771381017171069,1.26176421424512,-0.431970870971327,0.403730024090756,-0.56483202898557,-0.0678350273242204,-0.0629619224240166,-0.401677234261487,-0.0928497056938562,1.0074327810661,-0.379684409973604,-0.367054047387009,-0.428157486571552,"Female",1
-1.75308234945294,-0.645546613731787,-1.19188588638013,-1.54030332735105,1.00702611776089,-1.51929974757966,-1.35137992952526,0.581887408255967,0.725940314975368,1.77104665714001,-0.757345890524632,-0.479306595156048,-0.695948819869541,-0.347003611833453,1.32860541450266,-0.685532410236302,1.43693625253604,-0.0024511743279167,-0.129899504370407,-1.25351039736415,0.110586009485141,-1.58684627833983,1.49409320140854,-1.66386723690008,1.06069315452418,0.686290256876486,-0.678742805226945,0.4322453346751,0.666257330309837,0.332560505546248,-0.917084043912583,-0.387756059576619,"Female",0
-0.230199245686174,0.71349888886145,-0.138104153334478,-1.46867068110526,-0.406734081988215,0.857040883250062,0.158089132018462,0.142168214329388,1.18580548897627,-4.62044733263116,-0.757345890524632,-0.479306595156048,-0.171653278670168,-0.347003611833453,1.99930666775604,0.0538117175296953,0.997949732431568,-0.0288951925204171,0.0898913620377647,-1.08540398949205,-1.45384413635623,-1.40194168293328,0.944811411231088,-0.198486959680735,0.684517093908044,-0.487135918078319,-1.55481240190372,-0.634727254028254,1.117286203561,2.18605872830619,-1.27854700613806,-0.185539047059123,"Male",0
-0.335730032991553,-0.305785238083478,0.203109275267051,-0.66602287694026,-0.692754931648438,-0.3311294321648,-0.921107532154829,0.273318375122022,1.9915399108834,0.096782640980204,-0.757345890524632,-0.479306595156048,-0.695948819869541,-0.347003611833453,0.549450359251265,-0.685532410236302,0.6994249965305,-1.30351066109763,0.540953603302432,-0.934652638361308,0.392757675728235,-0.0207744652574554,2.7272106264812,-0.56483202898557,-0.0678350273242204,0.500160355756001,0.0787048453416524,-0.830580709112535,0.543915597162086,-0.2237622800522,0.708008588811479,-0.3715725334224,"Female",1
-0.149665544649614,-0.645546613731787,-1.11485946941138,-1.95122538655308,2.61237488664747,0.0649273396401542,2.15351363422851,0.614824552242175,1.47421483477023,2.0957526107534,0.941063692296725,-0.479306595156048,1.01058898452593,-0.347003611833453,-0.714911633207752,-0.685532410236302,0.800573472419619,0.0216175641319656,1.01710297762014,-1.40839584642084,-1.42531499244823,-1.12020474597615,0.945916317276614,0.534203178928937,0.684517093908044,-1.46736065508473,-1.31170557934629,1.95208831461644,1.61439384395562,1.19563287082588,-1.85508694249613,-0.781579386618035,"Male",0
0.90058215663356,0.0339761375648314,-0.995125528282914,0.463340445690465,-0.692754931648438,-0.727186203969754,0.404281046123136,0.273318375122022,-0.0282031189189659,0.096782640980204,-0.0476817925382566,-0.479306595156048,-0.695948819869541,-0.347003611833453,-0.714911633207752,-0.0822119820328947,0.36175238506975,0.283662212994264,0.712304966967413,-0.752786957872959,-0.996622496456607,0.43907220314498,0.324360647442409,-0.56483202898557,-0.0678350273242204,-0.441200442383338,-1.37976675695093,1.8161946271545,1.28944242385951,0.31270190783999,-0.637044751873264,-1.05297850516152,"Female",1
0.212593032230838,-0.645546613731787,-1.31299980120399,-0.467618820010131,-0.692754931648438,-0.727186203969754,1.08072481116229,-0.349692893826313,0.06823702365055,-0.498211903693223,-0.757345890524632,-0.479306595156048,0.0156499600599323,-0.347003611833453,-0.346525049753371,-0.685532410236302,2.03668088377538,2.08532940664237,-0.858266799481735,-1.24183007677219,-0.930457258349059,-0.098866251276457,0.22956405999284,1.26689331753861,-0.0678350273242204,-1.92794863593455,-0.415173309050793,0.634528895904128,1.63321801921737,0.713139821404697,-1.45196555321215,1.2027249274687,"Female",0
0.981095431989536,-0.645546613731787,-1.41535512271184,-0.342108988003465,-0.692754931648438,0.0649273396401542,0.248722297517977,0.273318375122022,1.63104183871846,0.096782640980204,-0.757345890524632,-0.479306595156048,0.621183881192341,0.92516330953659,-0.714911633207752,-0.221188232432043,0.963591025095455,-0.132936365527329,0.80471396796831,-1.33248657081424,-1.2891221876241,-0.581944803240009,1.42833985589577,0.167858109624101,-1.19636320917262,-0.276802282097229,-0.56082291858843,2.37482339078901,0.92985505222094,0.201174875696136,-0.739039134953429,0.0199882176367653,"Male",0
-0.0676214723373386,-0.305785238083478,0.431457460154237,0.081433808407531,-0.692754931648438,0.0649273396401542,0.570098031367144,0.998713357549085,0.367824219243204,0.699438700039545,1.64772098093281,-0.479306595156048,0.464008141208807,0.773353414385018,0.486081381108911,0.541267123962538,-0.300234562659591,-0.64253325892294,0.639394247960317,-0.329046048052947,0.56169689434266,-0.236677112648987,0.438087710971845,0.900548248233772,-0.820187148556485,0.448198923695614,0.42466609759077,-0.937879665657382,-0.15724692215927,0.159634355759494,-0.0253849474133896,-1.13579460181614,"Male",0
0.115596236234811,0.71349888886145,-0.111441922752418,-0.201812751867207,-0.166519178456072,0.0649273396401542,0.105985383006466,0.4228585953616,-0.0894794779662224,2.34161420417759,0.730068159867508,-0.479306595156048,-0.695948819869541,-0.347003611833453,-0.0959496737997711,-0.685532410236302,0.240726127172867,0.476277970740891,0.248863033073601,-0.368218763431095,-0.628382848792726,-0.0590439229201096,-0.23419148589656,-0.56483202898557,-0.0678350273242204,-0.82881264713414,-0.317470061318935,0.267823479621332,0.583302715230689,0.919802985294926,-0.516343150697666,0.730778809313711,"Male",1
0.306053218079786,1.05326026450976,1.07835396110155,0.0194365183440491,-0.692754931648438,0.0649273396401542,0.783021286540632,0.902594767745088,0.412138447295829,0.807116870212977,-0.757345890524632,-0.479306595156048,0.813436169856654,0.624900309461674,-0.714911633207752,0.733457251128265,0.70621813088615,0.985696070971331,0.0702726874834959,-0.677386272278889,-0.125066096220775,-0.127413200903161,-0.0229537351403555,0.534203178928937,-1.94871533040488,-1.14064634897273,0.424103147744679,-1.04630593948053,0.685402133441964,0.0774645554539798,-0.383484581898346,0.375975598933657,"Male",0
-0.671277055816119,0.71349888886145,-0.307345229580313,-0.537218357682964,-0.319229986430065,1.25309765505502,1.05091237747924,0.273318375122022,-0.909274207023211,0.096782640980204,0.561375617620196,-0.479306595156048,-0.430942294955787,-0.347003611833453,0.10823352436915,-0.31182902613648,0.306245679248128,1.03217727648498,0.934725598667086,-0.963257154708187,-1.64578438008144,-0.829657807717017,-0.796820987618764,0.534203178928937,-0.0678350273242204,-1.33200646594438,-0.771121884185685,0.587351416475358,0.97348619707084,3.64480688554955,-1.36517279079068,0.133296698286979,"Female",0
0.51910066207113,0.71349888886145,-0.368905364856076,-0.804541111295856,-0.692754931648438,2.04521119866492,0.211647212227841,-0.735015029360715,0.233473782532947,-0.307203454892854,-0.757345890524632,1.22832160907284,-0.695948819869541,-0.347003611833453,0.477543516078217,0.126519730094352,-1.12880148408682,-0.603676446559109,0.750153273778101,0.560963132266889,-1.17623991160179,-0.494737941421363,-0.625059445879305,-0.56483202898557,-0.0678350273242204,-0.625484109559117,-0.246075303982596,-0.560523363000776,-0.445882389229497,-0.111382286074877,-0.519934805392356,-0.541884880093003,"Female",1
1.11970429631808,0.71349888886145,1.05274955222743,0.327720504250128,-0.0343111006597994,-0.727186203969754,0.371527263091215,-0.48653286897033,0.327251342642733,-0.466697346543027,-0.757345890524632,-0.479306595156048,-0.695948819869541,0.826570373130413,0.543128549288971,0.599540101836984,-0.577082768979209,-1.49942451130341,-2.80068675874037,2.43738546587071,1.33837979071056,-0.550219548337016,-0.410773192404738,-0.56483202898557,-0.820187148556485,0.911772752345222,-0.790068487678434,0.341506986071438,-1.55536656782457,-0.847318807574257,0.5817227571253,1.05229384663751,"Female",1
-1.0536779129158,-2.00459211632502,1.46066014593157,0.157230647641172,-0.692754931648438,-0.3311294321648,-0.98092750372321,-2.02926115243056,-0.0743370027237146,-0.0504663746272818,-0.757345890524632,-0.479306595156048,-0.695948819869541,-0.347003611833453,-0.714911633207752,-0.685532410236302,0.110415689937442,-0.231878929913875,-0.689757249975906,0.548797192994692,2.35627244946574,0.908180805839868,0.845708513661956,-0.56483202898557,-0.0678350273242204,0.821151161266903,1.1864114463767,-0.985652157168171,-0.522077851028706,-0.868320950089557,0.763846245204701,1.49437702295774,"Female",1
1.38458434331849,0.0339761375648314,0.64559434851163,2.58135538991458e-05,-0.345716300727367,0.0649273396401542,-0.198105365330488,-0.754810158110757,2.25869113781766,-0.736506134764077,-0.757345890524632,-0.479306595156048,0.331581765102612,-0.347003611833453,2.47673365008201,0.0389623111580708,0.75693857670618,-1.11577763838173,-0.626331689349608,-0.397842221271455,-0.265456579085995,-0.310972224364567,2.13052970427591,-0.198486959680735,-0.0678350273242204,-0.0783824994651382,-0.567872561305018,-0.174792529171607,0.494497000905344,-0.748524495349595,0.826806090737748,-0.720057796609944,"Male",0
1.65226182966279,-1.32506936502841,-0.71523057463279,0.839570819171932,-0.692754931648438,-0.727186203969754,0.526781092099497,0.273318375122022,-0.647233941848919,0.096782640980204,-0.217011832004179,-0.479306595156048,-0.695948819869541,-0.347003611833453,-0.714911633207752,-0.685532410236302,0.0842287256809578,0.892001680701156,0.262238309601562,-0.1089323442416,-0.663161797295726,-0.456064435260313,-0.986699433334685,-0.56483202898557,-0.0678350273242204,-1.57579081160828,-0.706836832120451,-0.102729883287145,0.790335838739461,-0.907339267426822,-0.599854413663164,-1.28977119633695,"Male",1
0.568372218439208,0.37373751321314,-0.960851824126663,1.74111960948347,-0.692754931648438,-0.3311294321648,-0.40821903807917,-0.507446205963697,-0.853702507073941,-0.115982170915418,-0.387539277995944,0.181811847215149,2.42529316805967,-0.347003611833453,-0.253245511190606,0.257640075689045,-0.767784577430896,-0.0137304756750291,2.25972916034526,-0.75455917453389,0.0648341074717291,0.535715552975451,0.0422692410076283,0.900548248233772,-0.0678350273242204,0.916456929462943,0.937144236232656,-5.45634657381575e-05,-0.135394856571876,-1.101679166607,1.16016552035823,0.26610857853033,"Female",0
1.42998828675453,0.0339761375648314,-1.1908580425875,1.21433681634576,0.94615241626689,0.0649273396401542,-0.38449703106231,-0.589798656707016,0.67197211703156,-0.487901720033729,-0.757345890524632,-0.479306595156048,6.20497159968996,-0.347003611833453,-0.714911633207752,-0.685532410236302,0.3893197300659,0.395131941600211,0.397843164674405,-0.454651311351494,0.888787777090822,3.10925321143658,1.5456251886856,0.167858109624101,-0.0678350273242204,-0.502776798235777,0.220379020704076,2.65769466099955,1.33393098233454,0.398396761046981,1.46930385192374,-1.1128257175506,"Male",0
-1.43892049873471,0.71349888886145,-0.05066583193499,-1.11407235630785,0.807051876653907,2.04521119866492,1.58225015246482,0.888582540378985,0.113008060782368,0.715415366676163,-0.757345890524632,-0.479306595156048,0.287901315134169,0.603258724169673,0.813072394116196,1.39555667814148,1.07775937673859,1.13785469220496,-0.347464649510901,-0.919552165815405,-1.45899714780131,-1.74563229077482,-0.249651710636821,0.900548248233772,-0.820187148556485,-0.275041680353924,-0.200824969336556,-0.496337242063153,0.0644362784574117,0.0684871653718951,-0.870106423106771,1.96461547090802,"Female",0
1.76962875836722,2.412305767103,-0.0374692434667309,0.492811843760055,-0.692754931648438,0.857040883250062,1.30171210656399,0.571591679966908,1.40196455044134,2.33174290336564,-0.36177257584724,0.935058669190547,4.07364849800909,-0.347003611833453,-0.714911633207752,-0.517384224161955,0.793943493812165,0.198988414523856,-1.53926140752237,0.341867067914192,0.191960286590798,0.548831701251285,0.63348696217151,2.73227359475795,-0.0678350273242204,-0.667481835143986,0.0560069827189565,-0.618337232268405,0.184667543752814,1.88936924596752,0.613232302791945,0.734113299329624,"Male",0
0.631803614489066,-0.645546613731787,1.72245490944022,-0.163728838345427,0.125009147105189,0.0649273396401542,0.162461900583073,-0.298356542063444,0.337254443554283,-0.656058779444803,-0.757345890524632,-0.479306595156048,-0.695948819869541,-0.347003611833453,-0.714911633207752,0.388718383555364,0.913598362875678,0.613883160250796,-0.482858697036326,-0.475479004547709,0.808864254843473,-0.5461420077382,0.246969180499001,-0.56483202898557,1.06069315452418,-1.50345651567905,-0.926675066466466,-0.883261000771214,1.49469459293643,0.125582006083335,-0.591440397076575,-0.329141099177254,"Male",1
-1.15661495844892,-0.645546613731787,0.0330873972626087,0.0479655023425509,1.48100352576926,-2.31141329118957,-1.36078119538364,-1.14981438973321,-0.309828688225913,-0.104744122785144,-0.757345890524632,-0.479306595156048,-0.695948819869541,-0.347003611833453,-0.714911633207752,2.17973517521137,-0.791724218138943,-0.273833428144362,-0.476316450303057,1.01608435211134,-0.0560383432111617,0.58520504268942,-0.726450996542334,-0.56483202898557,0.684517093908044,1.93072786579873,1.86476109002578,-0.849726088164332,-2.27788769605849,-1.23477207988468,1.16036687627146,2.29855291945242,"Male",1
-0.924644464723865,-0.645546613731787,-0.951672745902168,-1.33388349501148,0.0273571516674304,-0.727186203969754,-0.411010170944476,0.273318375122022,0.895518345916128,0.096782640980204,-0.757345890524632,-0.479306595156048,-0.695948819869541,-0.347003611833453,0.592143101853754,0.649607862047616,0.561234351522128,-0.461904082898683,-0.487157887746757,-0.237023170199214,1.13667755879133,-1.31038961711648,0.890808359536568,-0.56483202898557,-0.0678350273242204,-0.460812810084932,-0.594023378810832,0.629474849469039,0.657333756511934,-0.588891374805781,-0.599581919149352,-0.396706948116237,"Female",1
0.441835632514973,0.0339761375648314,0.486427524878155,-0.2716662374675,-0.656567378893373,0.857040883250062,0.85028398447813,-0.40859940803778,-0.700983366392646,-0.196516742239745,0.211618550956786,-0.479306595156048,-0.695948819869541,0.405287404169024,-0.714911633207752,0.138232020579906,-0.665030939497761,-0.0482497268378976,-0.626819578277501,1.10827442593531,-1.26402402087942,-0.516867357285156,-1.68898955496408,-0.56483202898557,-0.820187148556485,-0.9640771808013,-0.885008571847022,-0.606816681221073,-0.369995827951097,0.0425794037476974,-0.613592779909876,0.412612886962033,"Male",1
-0.291225558647333,-0.305785238083478,-0.419426256495954,-0.368548156486092,0.294833659475838,0.460984111445108,-0.0115654818895275,-0.742234600275868,-0.357103351623005,-0.175295307213241,0.685694232349843,-0.479306595156048,-0.695948819869541,-0.347003611833453,-0.714911633207752,0.132333945896247,-0.260783446689571,-0.229644684380635,-1.13627925173117,1.01878903790255,0.791569745653915,-0.73337800086765,-0.904574526354913,-0.56483202898557,-0.0678350273242204,-0.805173801154999,-0.499810139659437,0.0656875159889284,-0.184624797435429,-0.246672089240131,-0.173456217238448,0.0984240386397496,"Male",1
1.20032819398192,-0.645546613731787,0.283757116144277,-0.826148576167317,-0.692754931648438,0.460984111445108,0.115004987224598,0.863494098688894,1.68703688055561,1.33350524313621,-0.757345890524632,-0.479306595156048,0.247783154289345,-0.347003611833453,0.2622069551392,-0.685532410236302,0.152725531963188,-1.20729152828996,-0.0447377718707097,0.0111841678193154,0.437163835088599,-1.64889900696778,1.0841684754417,-0.198486959680735,1.06069315452418,-0.51231454311547,-1.10254119188379,-0.0784548525431112,0.515876683174204,0.281634860354654,-0.263515342402244,-1.04918276739818,"Female",0
-0.410209261637776,-2.34435349197333,-0.123301022145516,-1.20015890323005,-0.102553178381311,-0.727186203969754,-0.543459627988975,-3.13081519841172,0.410855036425154,-0.0344436389995696,0.855010940100449,-0.479306595156048,-0.695948819869541,-0.347003611833453,1.297952658787,2.05595561552004,0.0923829434740531,-0.053636183461459,-0.676666214262637,0.041262014419856,-0.0341335362561086,-1.4347196550324,-0.0357228741114633,-1.66386723690008,1.43686921514031,-1.43687365447971,-1.14324560078558,-0.638741694508117,0.538151109855196,-0.801280386664618,-0.865247619084528,-0.496199516883532,"Female",0
0.893342350238295,0.71349888886145,-0.680847832416134,-0.0792750299057106,-0.0425654591967841,0.0649273396401542,0.151787719868227,0.273318375122022,1.69986047108864,0.096782640980204,-0.757345890524632,-0.479306595156048,-0.026497075114952,-0.347003611833453,0.671358540342346,-0.685532410236302,0.998391841543645,-0.929735366559115,-1.20215890036897,-0.0623964228227902,0.996428884494657,0.729016143164575,2.1372041000713,1.26689331753861,-0.0678350273242204,0.559935931994584,-1.12039721028154,-0.244113819455814,0.813083806120173,1.28618116428294,0.0199906078576036,0.345156249347556,"Female",0
0.523763292132539,0.0339761375648314,0.322410856543843,-0.3776264164598,-0.692754931648438,0.0649273396401542,0.200586067597715,-0.49615123914871,-0.150294901411781,-0.321945105653693,1.15605224708424,0.660913503237308,-0.695948819869541,-0.347003611833453,-0.714911633207752,2.02559103295627,-0.793123821677441,-0.755648302400624,-0.489525163644273,0.836599756392291,-0.525470752127814,-1.02770471390229,-0.906620308010473,-0.56483202898557,-0.0678350273242204,-0.36512715355889,-0.404299284917466,-0.833818093978318,-0.754188569794532,-0.305104731815868,-0.294720235327114,-0.327417480581872,"Female",1
0.2475804138904,-0.645546613731787,-1.09142927100028,0.76903948477091,-0.692754931648438,-0.727186203969754,-0.0474597206645782,0.0131695896981077,-1.07129768696568,-0.356177593791144,-0.757345890524632,2.6046553257481,-0.695948819869541,-0.347003611833453,0.720797562223597,-0.196679338596441,-0.143611943908426,0.322331889696704,-0.0773793905880101,0.108842416187986,0.318707189889536,0.227252853914735,-0.276126026303252,-0.56483202898557,-0.0678350273242204,0.33148367946519,-0.703525386703074,0.253712557549126,0.29923325790886,-0.133167890399592,-0.222931524308766,-0.322011919284866,"Female",1
-0.854544232873737,0.71349888886145,-1.14049598828847,0.540136578151428,-0.692754931648438,0.857040883250062,-0.384684342557441,0.273318375122022,-1.79395106728473,0.096782640980204,0.387793903953392,0.544300084083414,-0.695948819869541,-0.347003611833453,-0.000116074971000752,0.774777262574238,0.0869355513132374,0.58725133870935,-1.13294335485217,0.548797192994692,0.167255979024483,0.440113124600666,-1.05835060435683,-2.03021230620491,-0.0678350273242204,0.351466085556101,-0.809488050349283,0.111790798624368,0.0427982346881266,1.08543261258007,-0.230482888615043,-0.946823326722413,"Male",0
0.134233076077665,1.05326026450976,-0.563780365311792,0.245467334866451,-0.692754931648438,0.460984111445108,-0.39607412317159,0.801910544925395,0.40692532445819,0.940230288247895,-0.0563211815572087,-0.479306595156048,-0.695948819869541,-0.347003611833453,-0.714911633207752,-0.685532410236302,0.937569929888477,-0.578009802180802,-0.601535052777794,-0.374052019618764,1.82519801881087,-0.493665833075165,1.53695189051927,-0.56483202898557,-0.0678350273242204,0.470965500726714,-1.04021497031393,-0.304252990171468,0.957104022124644,-0.339647950886387,-0.231073974069861,0.58137915881814,"Male",1
1.13929384202265,-0.305785238083478,0.252233096927976,-0.265805017328617,-0.197869183454398,1.25309765505502,0.112895677896547,0.460646879058501,0.836217214250282,2.98526649832757,-0.757345890524632,-0.479306595156048,0.801807626022091,-0.347003611833453,0.0604598197948376,-0.157510833626845,-1.17581834452735,-1.01570527896932,-0.421649880142026,1.52463513553718,0.148704991986848,0.233428466069525,-0.540156241773159,0.167858109624101,-0.0678350273242204,-0.254020258306378,0.340874179050916,-0.965829600672911,-1.04202898077588,-1.10364700945873,0.565027234549254,0.1473436858573,"Female",0
0.0809400814184886,-0.645546613731787,-0.934371249127776,-1.15498765324307,1.43197138011322,0.857040883250062,-0.143819769063365,-1.02795592668751,1.90087482067859,-0.500579603261561,0.475342817904322,-0.479306595156048,0.790356888668172,-0.347003611833453,0.823975440182725,1.41040644737557,-0.889105807459803,-1.75204729212945,0.366132862982641,0.419829732776325,1.00738309535592,-1.21450951873696,0.755922581966628,0.167858109624101,1.06069315452418,0.202677559143666,1.18799510082489,-0.012488979649498,-1.0474883527752,-0.883317842461469,0.319900025682645,-0.496199516883532,"Male",0
0.733061223476133,0.71349888886145,-0.103552874519592,-0.555658141189968,1.91274886671622,1.64915442685997,0.765337923438027,0.273318375122022,-0.0862365003984269,0.096782640980204,-0.757345890524632,-0.479306595156048,-0.695948819869541,-0.347003611833453,-0.714911633207752,-0.685532410236302,0.609536350977631,0.821957236086292,-0.923525744855691,0.218752640453253,-1.33899583039819,-0.488279764954991,-0.802690853055117,-0.56483202898557,-0.0678350273242204,-1.37018626759559,-1.10201447851808,0.255711606546341,0.538151109855196,0.563530812072796,-1.0160622352712,0.203018838678384,"Female",1
-1.78338184169267,-1.32506936502841,-0.0663378781280257,0.194413071090573,0.279342073732712,0.0649273396401542,-1.33168503064431,0.273318375122022,-2.04341229079325,0.096782640980204,2.36737664944645,-0.479306595156048,-0.695948819869541,-0.347003611833453,-0.714911633207752,1.97094823487643,-0.373020342511255,0.800061926770269,0.963535697016278,-0.591149969530006,-0.87634489641844,-0.640968533292087,-1.48165330019303,-1.66386723690008,1.06069315452418,1.17582443321268,1.27874218362311,-0.687217673372173,-1.00914452958955,-0.295764537499982,-0.176495702389048,-1.74050268211605,"Female",0
0.593844014703526,-1.32506936502841,-0.798851785229289,-0.906369688296768,-0.0530523861718107,-1.51929974757966,0.0585282629212368,-1.43558402123025,1.32947336984254,-0.283896749311343,0.861486268737493,-0.479306595156048,-0.695948819869541,-0.347003611833453,0.295562408958287,-0.685532410236302,0.916095627307667,-0.337900610121219,0.508501875719814,-1.23765547203327,-1.37560502725038,-1.22409454103549,1.17662184062146,-1.29752216759524,-0.0678350273242204,-0.955063979762746,-1.6857080768833,0.390550249231287,1.44111521795936,0.699969160538214,-1.15481907980928,1.33615396968015,"Male",0
-0.829977621044728,-0.985307989380096,-0.88129380927311,0.262604875964585,-0.0954423138841175,0.0649273396401542,-0.984004855085973,0.493166836342231,-1.74867494575747,-0.0508923625219339,1.42939483817123,-0.479306595156048,-0.695948819869541,-0.347003611833453,2.01501281343975,-0.685532410236302,0.193296757920159,0.428673135840262,1.59367762617053,-1.41741156385757,-1.02621321778933,0.59527442028508,0.383863256540928,-0.56483202898557,1.06069315452418,1.20445335261391,-0.558812984287682,1.24539527267345,0.72899420861567,-0.051220285070625,-0.263151781412219,0.698338362328834,"Female",1
-0.282039386363588,1.73278301580638,0.711023270446002,1.29958614898567,-0.692754931648438,1.64915442685997,0.209071696485777,0.638192922105142,-1.03529510638638,0.441629014154091,0.694355937769242,-0.479306595156048,1.63789015584154,3.03424196309241,-0.110810705238153,0.342936987181285,0.313365267481567,0.323516959303889,-0.635407711950633,0.0623369681603708,0.583773518718289,1.70928128915367,0.151777271675277,0.900548248233772,-1.57253926978875,1.0745509196477,0.115680430554174,-0.94674362695918,0.0176033737220891,1.44197415540643,0.719855362170163,-0.454258855576475,"Male",0
0.77116328503963,0.37373751321314,0.96735561939159,-0.565713667530259,-0.236125154120714,0.0649273396401542,1.82711785048812,-0.342480028194495,0.6363793756097,-0.709899152059544,-0.757345890524632,-0.479306595156048,0.710771778370207,-0.347003611833453,0.741574829885408,-0.685532410236302,1.33804296665986,1.02020326030582,-1.11207418838632,-0.459008893636913,-0.398213543368809,-0.646221730684567,0.169080290533006,1.26689331753861,-0.0678350273242204,-1.53786981999957,-0.871269051706851,-0.582515037782324,1.15903060667516,0.413324360846879,-1.19216493498905,-1.17210349310052,"Male",0
-1.00605920014419,-0.985307989380096,-0.170148695104757,-1.01489951408529,-0.203106069678673,0.0649273396401542,-0.801828482080087,0.41997241499509,0.226903995620135,2.86448618571179,-0.757345890524632,-0.479306595156048,-0.695948819869541,-0.347003611833453,-0.107895863607419,-0.685532410236302,1.10468201836206,0.639676805151996,0.209692178051707,-1.06537325630663,0.0207054191819165,-1.22333837642955,0.578754419926467,-1.29752216759524,0.308341033291912,-0.5516770256826,-0.475013998477248,-0.315488223872761,0.975417719995691,0.981509550735939,-1.09367271362834,-0.588772489702725,"Female",0
-0.161731150692509,-0.645546613731787,0.536384360710983,-1.30889720597385,-0.528864196856905,-0.3311294321648,0.00918757991167507,-1.36223587225165,0.626237675357565,-0.205563196831667,-0.757345890524632,-0.479306595156048,-0.695948819869541,-0.347003611833453,-0.714911633207752,0.851176124380474,0.0565061339930829,-0.367053790386226,-1.64614644352744,1.09969368079431,0.0151046100027816,-0.217744567582358,-0.252867104234426,-0.56483202898557,1.06069315452418,-0.779569276133139,-0.995701046662416,-0.49197149241697,-0.0431315182615528,-0.28046828327692,-0.325837773048888,0.326983046131581,"Male",1
-1.55580610193545,0.0339761375648314,-0.751393340825571,1.30315766055638,-0.692754931648438,-0.727186203969754,-1.54791179114581,0.273318375122022,-1.63851053411032,0.096782640980204,-0.757345890524632,-0.479306595156048,-0.695948819869541,-0.347003611833453,-0.242851527205236,-0.042594317891952,1.59763797877999,2.61310034452386,-0.711248162263165,-0.979301517021024,-0.315313317930203,1.66322708220243,-0.235249330706093,-0.56483202898557,-0.0678350273242204,1.590395894028,1.70491417451557,0.221136146217272,-0.469087599085288,0.72328686751973,1.21908569647423,-1.4409225322427,"Male",1
0.895799905088231,-0.645546613731787,-0.554075176076409,-0.0717576218969849,0.642009033432603,0.460984111445108,0.60659075085968,0.273318375122022,-0.318181442970908,0.096782640980204,2.04577794574984,-0.479306595156048,0.655989891373373,-0.347003611833453,-0.714911633207752,-0.208917663060319,-0.191593102825598,0.263147222489146,1.59904981695326,-0.964480797100276,-1.10687947699731,0.0304982260416492,-0.234868739303196,0.167858109624101,1.06069315452418,-1.41772074016598,-0.914058388977884,-0.133761577054812,1.34545192331831,0.524480959432626,-0.716544094736602,-0.152331191650948,"Male",0
0.885387744328506,0.0339761375648314,-1.26787733762596,0.00144388251814482,1.54898529293487,0.0649273396401542,-0.119858377083074,-0.427697599658401,0.590880516356035,-0.597434951744405,-0.425311946820953,-0.479306595156048,0.104746347662305,-0.347003611833453,-0.300400864675063,0.161302853073928,-0.170572328128799,-0.15754223149516,0.917866506959605,-0.390648677775836,-0.180750758039077,-0.393788431492453,0.265800281287412,-0.198486959680735,0.684517093908044,-0.378664576279055,0.331851156046898,0.929245759965073,0.137504997000048,-0.0136882779854504,-0.0624046977811174,2.12358195100042,"Male",0
-0.135506919581654,0.37373751321314,0.461752835299188,1.35827477284673,0.200979151870354,0.460984111445108,-0.887513927034365,-0.352441472954031,-0.688631534476038,-0.227218351845654,0.131821479305366,1.6401613524457,0.733527552753486,-0.347003611833453,0.765135640317786,1.83421761343679,-1.3282262154137,-0.180115403694995,0.619346321350897,0.574683040252844,-0.637529488049506,1.20959900304654,-0.827495768286153,0.167858109624101,-0.0678350273242204,0.529913910168716,0.567016244849019,-0.814654997691618,-0.760808287254735,-1.24531110811935,2.39311945091689,1.47178535983218,"Male",0
1.12659301095176,0.71349888886145,0.719286861639058,1.22368704729551,-0.692754931648438,0.857040883250062,0.388742872751449,0.68684286170289,0.35027303352917,1.14453014918978,-0.757345890524632,-0.479306595156048,0.626559933033387,0.930355827582976,-0.714911633207752,-0.685532410236302,0.882225416686737,0.519332782325547,-0.988832498980837,-0.00352226227873742,0.0942887633431084,1.05136627911261,0.540318128739584,2.73227359475795,-0.820187148556485,0.0985240387807517,0.0372665315049701,-0.727720910333662,0.226006082897071,0.59003372625652,0.870871836464201,-0.0823438736918462,"Male",0
-0.296094357877168,-1.32506936502841,0.480720544214254,0.255072923053714,-0.692754931648438,-3.49958360660443,-0.689368941327889,-0.75698839652862,0.937335410372346,-0.450173355347725,0.609058203225426,-0.479306595156048,0.951583270611243,-0.347003611833453,-0.714911633207752,-0.685532410236302,1.08082196148414,-1.23657294655741,-0.458630207015664,-0.663230824812857,1.94444053723018,-0.439987730453744,2.50981638601841,-0.198486959680735,-0.0678350273242204,0.734987598025839,-0.775586101957804,-0.700065478472313,0.965895608661371,-0.496800543443295,0.836753098573928,-0.260559222434678,"Male",0
0.658253911525479,3.09182851839961,1.19540272979037,-1.16906671140047,-0.574714580995012,1.64915442685997,4.98073599066074,0.273318375122022,2.1575887400275,0.096782640980204,0.541266247543236,2.30659199576378,2.43563601706238,-0.347003611833453,0.257799848104122,0.418481775393658,-1.26256726136644,-1.75867019349201,2.70390256658649,-0.787637507158792,-0.38563993361274,0.0263951361369308,1.50314338032898,3.83130880267246,1.43686921514031,-0.117649329662631,0.534198871910212,-1.1079040819022,0.204063413798404,0.72272728777074,-0.203128099546793,0.0162471475504229,"Male",0
0.780406579893503,1.39302164015807,0.344500336104506,2.43272202056058,-0.669908412167131,0.857040883250062,-0.060365187030744,0.273318375122022,-2.37420256522618,0.096782640980204,0.397637512501917,-0.479306595156048,0.696664265207334,0.998066858039134,0.00602829945510536,-0.194578250895996,0.168544170657529,2.03794680339426,-0.903877581007153,0.451076265308114,-0.356477187972206,0.683429260512524,-2.32304025622734,0.167858109624101,-0.820187148556485,-0.106660921546277,1.13348834657968,1.21047257155453,-0.756892992677801,-0.408407377985245,0.517717875891103,0.913612184411577,"Male",0
0.769409554755248,-0.645546613731787,2.20509418170094,-0.731446973023533,-0.692754931648438,-0.727186203969754,0.277470904993912,0.546523316818148,1.24296734395627,2.40768193995153,-0.757345890524632,-0.479306595156048,0.396235374943569,-0.347003611833453,-0.714911633207752,-0.685532410236302,0.963087690312975,0.695013644995644,-0.337966308992016,-0.520036226846127,-0.51896379092283,-0.21407443178061,0.518658620094824,0.167858109624101,1.06069315452418,-1.29525661941119,-0.223628210223156,-0.93542101094114,0.847490338818191,-0.330932306762672,-0.451875768851687,-0.768292453567568,"Female",0
0.418583054292338,-0.305785238083478,-0.319375560703092,-0.552278859367706,-0.692754931648438,0.0649273396401542,-0.172876343457713,0.534491735067832,1.67358406234676,2.87998615049449,-0.324382187349278,-0.479306595156048,-0.695948819869541,-0.347003611833453,1.4471337932098,0.0506351584415439,1.10712361520971,-0.494724597820103,-0.304830179459567,-0.925551488426254,0.815026159053018,-0.845015660222922,1.81450745850231,-0.56483202898557,-0.0678350273242204,-0.317227527320091,-1.04613137849189,-0.450060678896664,1.34397813997604,-0.247599204872797,-0.306045419502271,-1.13579460181614,"Female",1
-1.35070168264365,0.71349888886145,0.913924199123742,0.26779981191274,-0.692754931648438,0.0649273396401542,-1.35348101718859,-0.0505968976704536,1.38570105582929,-1.9501115132533,-0.757345890524632,-0.479306595156048,0.167322879405457,-0.347003611833453,-0.714911633207752,-0.0768538965248712,-1.30823510125416,-0.69313594390237,0.787731609018599,0.882945319013557,3.04252716888472,2.76977484441523,0.898979201950797,-0.198486959680735,-0.0678350273242204,1.56589473132093,4.42016913320406,-0.664186332324741,-2.10657109324302,-0.973420566291136,1.20821872384572,-1.10651736201288,"Female",0
-0.936929088640546,0.71349888886145,0.255352231015798,-1.56941308158699,-0.692754931648438,0.857040883250062,-0.588655153229597,0.743087305009101,1.31266586988142,1.47366064748711,0.177173138044757,-0.479306595156048,-0.320352245919134,-0.347003611833453,1.22950905071299,0.373775173131681,1.83030862607068,0.596041299198441,-1.02951043083932,-1.20089803918018,-1.03213558012764,-0.564292420295532,1.45417304942624,0.167858109624101,1.06069315452418,0.120488126239824,-0.424248348834094,-0.524726616419797,0.623255256308694,2.03078941834438,-0.876775698495497,0.683053920960959,"Male",0
-0.707484529563096,0.0339761375648314,0.22356521303512,-0.747533341113194,-0.609432331187197,-0.727186203969754,-1.01450121580418,0.273318375122022,0.866652390529279,0.096782640980204,-0.757345890524632,-0.479306595156048,-0.695948819869541,-0.347003611833453,-0.714911633207752,-0.289821090121356,1.17412561892672,-0.389705415191328,-0.519694719058739,-0.641124788839344,0.887659782807117,-0.889672448950312,1.63386217124438,-0.56483202898557,0.684517093908044,0.753260260498488,-0.310544321219542,0.215766703810048,0.358000896837101,0.978840309991671,-0.161264160127734,-0.436600883969357,"Female",1
0.451726155633268,0.0339761375648314,1.20287247006179,-0.074029223938767,-0.692754931648438,0.0649273396401542,1.40719954275859,0.273318375122022,0.491791724628104,0.096782640980204,-0.131430971803715,-0.479306595156048,0.0587436749935564,1.11085227010924,0.0664797844920754,-0.685532410236302,-0.286267397378279,-0.881950014436157,-0.327246685452179,0.592074256474937,0.0244940353000557,-0.396716606911986,0.0201852478701427,0.167858109624101,-1.94871533040488,0.369484694598714,-0.519400794303394,-1.02252520984648,-0.395230378364151,-0.1661847172783,-0.414298384223131,0.0736215587836987,"Male",0
-1.07233473663026,-0.645546613731787,0.13739341477118,0.0249591391593049,-0.692754931648438,0.0649273396401542,-0.754515743426601,0.273318375122022,-0.802586053035524,0.096782640980204,-0.757345890524632,-0.479306595156048,-0.695948819869541,-0.347003611833453,-0.714911633207752,0.667175497209252,0.0906429416223221,0.357402153558834,0.587767068533802,-0.41817544339865,-0.0113216804062482,0.271297578624642,0.0223989588404181,-0.56483202898557,-0.0678350273242204,1.43770370647241,0.723976012483775,-0.843358247122638,-0.578794154371934,0.3551812443849,-0.0689899819949106,1.27110269148288,"Male",1
-0.654932566488248,0.71349888886145,-1.169880280403,-1.61791429238727,-0.423315000809098,0.857040883250062,2.27195046214191,1.02938926476615,0.818761947616167,0.807327405371299,-0.255991154633754,-0.479306595156048,0.51306104752307,-0.347003611833453,1.78865091902453,-0.685532410236302,0.297322266050495,0.212442478055738,0.338746592339307,-0.525808895711268,-0.72033030127881,-1.33324934721133,0.0588171729541712,1.63323838684344,1.06069315452418,-1.00315680619981,-0.176500481036668,0.605574593977274,0.418301396146275,1.27888132274693,-1.03941727901635,-0.555696734086564,"Male",0
-0.249687124004647,0.0339761375648314,-0.00803398124030902,0.604143164464617,-0.440454945518979,1.25309765505502,-0.28945996829147,-0.501757575136109,-1.24571680898353,-0.00531730428092951,-0.390233679544425,0.833296505362348,-0.695948819869541,-0.347003611833453,-0.714911633207752,-0.0613320400732043,0.905575502872182,1.62711835107086,-0.436401595233697,-0.603453066333348,-0.660104526652312,-0.145072440641446,-0.715534784784316,-0.56483202898557,-0.0678350273242204,-0.399939450224246,0.162963941926456,-0.653586766669842,0.320843588355387,0.642042642838414,-0.449145812445962,0.573062204859627,"Female",1
0.696418992048308,0.0339761375648314,0.813351650477736,0.260913807057723,0.00378069121557606,-1.51929974757966,0.664913687901254,0.273318375122022,-0.816221210952573,0.096782640980204,-0.00810944506688195,-0.479306595156048,0.207437735319741,-0.347003611833453,3.96181766975403,1.86231891481606,-0.506876281625237,0.168333415881861,-1.00000019671227,0.76010204902081,-0.430858186690876,-0.110193800965053,-1.1411995661151,0.900548248233772,-0.0678350273242204,-0.691536744936613,-0.581482652200237,-0.92485668859745,-0.118571856713393,-0.391294293156054,0.0541348813708885,-0.0770859674401169,"Male",0
-1.58902585499208,0.0339761375648314,2.64007142849402,0.645567969488148,-0.692754931648438,-1.91535651938462,-1.26387549167277,-0.373363534743808,-0.364210223921058,-0.328051612770863,1.38674563956191,-0.479306595156048,1.88927440721468,-0.347003611833453,-0.714911633207752,-0.685532410236302,-0.409144824300231,-0.391223419858819,0.00657443690005396,0.416155174242814,1.75079980870539,1.74682390772422,0.657632560652936,0.167858109624101,0.308341033291912,1.65823695327213,1.94299393530239,-1.15995043643022,-1.09712355531,-1.1201318468564,1.70397048756345,-1.0058768501892,"Male",0
0.612763940081796,0.0339761375648314,0.973901298310907,-1.24242188811239,-0.692754931648438,0.0649273396401542,0.148960563039235,-0.747105357951636,2.39225650626286,-0.771841583709658,-0.274025497651423,-0.479306595156048,1.63509178776515,-0.347003611833453,0.491841539450958,-0.274637921963482,-1.221139029931,-1.99237761207717,-0.0108756017758546,1.23737935297324,1.04128773520786,-0.977559492677788,0.489127717861966,0.534203178928937,0.684517093908044,0.123083456697991,1.64217352472689,-1.09192093180581,-1.69559463341996,-1.07027896127631,0.633222018098925,1.11052523276571,"Male",0
-0.404852186528122,-0.645546613731787,-1.14387310306049,-0.576024920250894,7.49137604698905,0.0649273396401542,-0.558468274615236,0.273318375122022,1.03816026576613,0.096782640980204,-0.757345890524632,-0.479306595156048,0.444947815557284,-0.347003611833453,-0.124282439547341,-0.685532410236302,-0.404604064298587,-0.804116413346436,0.951743902646317,-0.089943177338508,0.0490696437659197,0.347471115044794,0.947977178250865,-0.198486959680735,-0.0678350273242204,0.84294268093534,0.960305740162142,2.09633005809317,-0.635909868302088,-0.522628793109264,0.162320599760049,-0.621962595381517,"Male",0
0.135504708254594,1.05326026450976,-0.608914807601494,0.949253986088,0.325343092737356,2.04521119866492,-0.537730844348892,0.68967522120002,-0.782935194837641,0.533479631310708,-0.757345890524632,0.0142681323676431,-0.695948819869541,-0.347003611833453,-0.0255745469081932,-0.685532410236302,0.639458594171528,0.783265525103183,-0.94231261933005,0.135864739130059,1.17180463326808,0.0734207363998593,-0.213828961337493,-0.56483202898557,-0.0678350273242204,-0.388145981288418,-0.255542808318306,-0.408759873653787,0.506722809195714,-0.317569476457573,0.576054290390707,0.317830591212511,"Male",1
-2.12415758107195,-0.985307989380096,-1.32209063000227,-0.290967211789395,0.326584171190488,0.0649273396401542,-1.13384264790438,-0.243712848075688,-1.15266405964113,-0.0962089493703983,-0.757345890524632,-0.479306595156048,-0.695948819869541,-0.347003611833453,-0.714911633207752,-0.269146015072832,0.337742232534823,0.729294584387983,0.909507086603467,-0.787511181612813,-0.483065438986315,0.677813799712289,0.125700160142481,-1.29752216759524,-0.0678350273242204,1.57017649249836,0.538515897946863,2.09231695348631,-0.295367138619314,0.814703268086429,-0.574200868446944,-0.0855121465583853,"Male",0
0.471909335047573,1.73278301580638,-1.08382592377421,0.895838880662017,2.77281808171038,1.25309765505502,-0.437399603756251,0.273318375122022,-0.085343438102442,0.096782640980204,0.290546330418861,1.39405328920598,0.146376945627559,-0.347003611833453,-0.714911633207752,-0.685532410236302,0.137761709271,1.1682882834,-0.252065920163435,0.0600541525472295,-0.528904371627114,0.58369714466884,-0.850968010428521,0.167858109624101,-0.0678350273242204,-0.254877284178416,1.63904843187244,1.85301201958352,-0.777970257276646,-0.303937766723784,0.581467045810143,1.44464074084299,"Male",0
0.147977564670864,1.05326026450976,-0.473805113431038,-1.55183018977786,-0.692754931648438,1.25309765505502,0.687703432429157,0.273318375122022,2.1894513228019,0.096782640980204,-0.0526444785381648,-0.479306595156048,-0.695948819869541,-0.347003611833453,-0.275037443523595,-0.685532410236302,1.93102951556791,-0.0878560255405589,-1.06738328016633,-1.05911216554053,-0.506287550342058,-1.21423135200591,1.81708980942283,-0.56483202898557,-0.0678350273242204,-0.215981494601292,-1.62859524505554,0.445268407421292,1.29622150181128,1.61926239071936,-1.41991289774904,-0.109950537021634,"Female",1
0.699092672313096,0.0339761375648314,-0.292352021049461,1.0888420472019,-0.692754931648438,0.0649273396401542,-0.0791928135402088,0.954799311527716,-0.135996195983985,0.574229622587178,-0.305452159968278,-0.479306595156048,0.938654207120926,-0.347003611833453,-0.714911633207752,-0.685532410236302,-0.573561801106593,-1.64155961769698,-0.892775927890937,1.31676334165863,1.41882369194493,1.18215008822675,0.728206224634379,1.26689331753861,-0.0678350273242204,1.57542252526779,-1.0467898811926,-0.780463690062532,-0.403218102050689,-1.00923555521904,1.22744134448665,0.816560560754384,"Male",0
1.40265085427462,-0.645546613731787,-1.152770201329,-0.0622119653137303,-0.692754931648438,0.0649273396401542,0.65586261357188,-0.0271170426410136,-0.895604985282809,-0.425198067516675,-0.757345890524632,-0.479306595156048,-0.695948819869541,-0.347003611833453,0.114109903857626,1.00813811638416,-0.769683344622453,0.575337417645357,-1.57309663123225,1.7891074005136,-1.21214896322227,-0.650935472880779,-2.44598583853399,-0.56483202898557,-0.0678350273242204,-1.67643188693574,-0.606601076262039,0.256777889426537,-0.788516678938737,-0.983786108667676,-0.497716951557781,-0.221173630362512,"Male",1
-0.66260486144951,-0.645546613731787,-0.757577969189207,-0.41106476921594,1.15587700061877,-0.727186203969754,-1.02855285066703,0.273318375122022,0.257764004292326,0.096782640980204,-0.310462068289305,2.71634352539652,-0.695948819869541,-0.347003611833453,0.400866799161832,2.73372926268596,-1.30068337274634,-0.674837179705946,-0.224120817085273,1.04073351792096,1.68888937920926,-0.466580239956407,-0.363187355025817,-0.56483202898557,0.684517093908044,-0.111480323358274,1.51059709963529,0.370156840418778,-1.18127658520482,0.214832116121655,0.930354095677484,-0.584818112988652,"Male",1
-0.250702199941659,0.37373751321314,-0.0886588207689414,-0.23670142339723,0.818161556715407,0.0649273396401542,1.6634716872281,-1.24638411306268,-0.890814928316016,-0.00710898171939168,-0.757345890524632,1.77262809917084,-0.695948819869541,-0.347003611833453,-0.714911633207752,-0.685532410236302,0.993268902207456,1.68254552646841,-1.18067108922346,-0.0837881993764014,-1.31033013852336,-1.20058727384833,-1.34839898813792,-0.56483202898557,-0.0678350273242204,-1.60463411211006,-0.647658361425553,-0.466142650822083,0.466455298975752,-0.00392560039780161,-0.975311073818197,1.74238328038059,"Male",1
-0.893445022176045,-0.305785238083478,1.35484540276855,-0.0181195764258681,0.151108000682433,-0.3311294321648,-1.18974320059454,-0.475995640623903,0.73210368468198,-0.594507802446209,-0.757345890524632,-0.479306595156048,0.801807626022091,-0.347003611833453,-0.714911633207752,0.370510742982628,0.454260431824067,-0.292173264456599,-0.643531841383858,0.0826325707610202,0.668132629040707,0.233428466069525,1.0329875346667,-0.198486959680735,-0.0678350273242204,0.779942500586394,1.11326808415129,-0.789341643188879,-0.688521130522844,-0.991067235825318,1.26751675162742,1.56455193667269,"Female",0
1.80616817165233,1.73278301580638,-0.951215774190996,0.976134730590356,0.330261440681248,0.857040883250062,0.275212660976701,-0.315224773829174,0.815741807138932,-0.814878762963747,-0.199822781733116,-0.479306595156048,1.99296939142691,-0.347003611833453,-0.714911633207752,-0.685532410236302,0.801504693980359,0.345348137862823,-2.6022616029689,1.11535592234584,-0.118860281634849,1.74720669088275,0.055806233841467,1.26689331753861,-0.0678350273242204,-0.790245818032834,-0.76682589445874,2.44959244923028,0.287463682603143,0.61277791401989,1.06424591391535,0.0520248416301292,"Male",0
-0.150486426484461,0.37373751321314,-0.483173129754588,-1.14664729773476,-0.390456472657959,1.25309765505502,0.796008901263171,0.64533856806809,0.471704804990867,1.33384918641307,0.229408595782019,-0.479306595156048,-0.101062691727778,-0.347003611833453,-0.0989800873097417,-0.685532410236302,0.429538651116321,0.42697737987225,0.23892648508916,-0.505567901415539,-0.817399532465311,-1.15043651900475,-0.18098920166474,-0.198486959680735,-0.0678350273242204,-1.13347461280497,-0.385323918328142,-0.120247607216063,0.521302155523674,0.254198651143963,-1.01137097893715,0.469142832235679,"Female",0
0.0921768693707711,0.37373751321314,-0.033319695235331,0.166213265453116,-0.317578033355389,-0.727186203969754,-0.326555721075914,0.643225674477322,0.57450816184778,1.40258212936632,0.0602792771351373,0.251544421258351,0.289896954353238,-0.347003611833453,-0.714911633207752,0.704674499376434,-0.31479866632398,0.395131941600211,-0.867889159191265,0.854517975267697,0.791103472121842,0.470844588672629,-0.694364316559332,0.534203178928937,-0.0678350273242204,0.029843051371124,1.83801940004715,-0.403553918848263,-1.22559492330079,-0.937074316682242,0.719799185292429,2.72925850908519,"Male",0
-1.10700147600872,-0.645546613731787,-1.1294135854502,-1.55959229055717,4.16376235237821,0.857040883250062,-0.664008854758865,-1.00450954287112,1.61762956195484,-0.462355927698546,0.453132210545248,-0.479306595156048,0.763576605631463,-0.347003611833453,-0.714911633207752,1.37264178327446,-1.4893362172875,-2.15309257410817,1.58872506698553,0.287801000294253,0.35460423550369,0.0239789840963941,1.05901859550134,0.167858109624101,1.81304527575644,0.815177424214938,1.39013218390471,1.29945623696503,-1.1773810856025,-0.806651143286336,0.325313691466579,-0.260559222434678,"Female",0
-1.43705228260921,-0.985307989380096,-0.80145929547828,-0.78348840499883,2.41505370346563,-1.12324297577471,-1.04731318509621,0.273318375122022,0.0201362480115612,0.096782640980204,1.18525270058991,-0.479306595156048,-0.110380185301082,-0.347003611833453,2.92279491859,0.553091697786142,1.51356614266087,1.23031794477549,-0.146926150620514,-1.6912642278689,-1.25956078062458,-0.597234082711332,0.590867215888546,0.167858109624101,1.43686921514031,0.357258091450762,0.345780953037315,1.13854984000571,0.482867593032493,-0.391417171481707,-0.710384439324906,-1.17695666173754,"Male",0
0.181590196872235,0.0339761375648314,-0.266100936216895,-0.0998977914368962,-0.276459954534832,0.857040883250062,-0.358937668872504,0.614824552242175,-0.502789027630075,0.811215951476763,1.22413195610029,-0.479306595156048,-0.695948819869541,-0.347003611833453,0.345234587997347,0.517719005562645,-0.313809735991971,0.472862360587006,-1.00538849493532,0.835165437709176,-1.22240054434553,0.268220735452498,-1.51227865281039,-0.56483202898557,-0.0678350273242204,-0.811726233471243,-0.0636168324109286,1.64086351084231,-0.544536191515287,0.0653644318398331,0.0559916866653014,0.165811283642506,"Male",1
-2.94380467780217,-0.985307989380096,-1.19346506500855,0.230301578406813,-0.605777831166966,-0.727186203969754,-1.96322780432246,0.273318375122022,-2.29075997347733,0.096782640980204,-0.757345890524632,-0.479306595156048,-0.695948819869541,-0.347003611833453,-0.714911633207752,-0.314660112379665,-0.104259863198124,1.34620060800516,-0.352091646260659,0.496409168781766,2.82534740741744,2.65375651933343,-0.597486554325632,-0.56483202898557,1.06069315452418,2.55780186137407,2.54269836307081,0.450240112145708,-1.35387340582053,0.854160404362821,0.28815767245493,0.156360333284194,"Male",1
1.10578034524703,0.0339761375648314,0.21315319528555,-0.285107679791537,-0.437579467735887,0.0649273396401542,0.752901505991312,2.29397542312385,-0.0371271649008854,0.268661909954094,0.359244712401315,-0.479306595156048,-0.0227882011828072,-0.347003611833453,-0.714911633207752,-0.685532410236302,0.399722217916534,0.761320572682707,-2.46212392722237,1.36857544445958,-0.581618076652787,-0.697948505378368,-1.71923590642575,0.534203178928937,-0.0678350273242204,-1.55260675110823,-1.39521290228209,-0.589216232660745,0.074213674358294,0.461162419827418,-0.518902477492479,-1.29569337304929,"Male",0
-0.891035060899482,-1.66483074067671,1.16543783554079,-1.2549662602259,-0.692754931648438,-1.91535651938462,-0.295260770857092,0.273318375122022,1.22182146539078,0.096782640980204,-0.757345890524632,-0.479306595156048,0.794916108633002,-0.347003611833453,-0.714911633207752,-0.15994038075849,0.75114977951077,0.98224298971417,1.49542841484107,-1.5952550126767,-0.457218044751703,-0.893358348300042,0.661712209940379,0.167858109624101,1.06069315452418,-0.498238455958963,1.61954579579056,-0.66174752648887,0.200345080680883,-0.155669919625392,-1.00384352461639,-0.951395212410165,"Female",0
0.25880325286069,2.07254439145469,-0.0306669886143926,1.77745203353351,-0.381927676009324,1.25309765505502,3.58202681476022,0.534491735067832,-0.906136064438895,0.688285358084288,1.40747262535222,-0.479306595156048,1.39222289524037,1.66987971356091,-0.714911633207752,-0.685532410236302,-0.171245092184034,-0.123080531798137,0.520097241068602,-0.162970925447106,-0.012614869513382,-0.286160471813626,-0.378769256663039,0.900548248233772,-4.58194775471781,1.500379821965,0.569175746352823,0.273075905711204,-0.873894419989583,1.91920145885343,-0.0285161713987113,0.0809960475678442,"Male",0
-0.348966302950841,0.37373751321314,1.27025638302088,0.0407524904881908,-0.692754931648438,0.0649273396401542,-0.838869850318985,0.273318375122022,-0.692165226364403,0.096782640980204,1.78099924584986,1.33585487130389,-0.695948819869541,-0.347003611833453,1.18640854185024,0.177656514749942,-0.322990999831215,-0.177643604463469,-1.19125053664077,0.821294094757148,0.522902231778796,0.377004967127476,-0.651674530351301,-1.66386723690008,-0.0678350273242204,-0.295125118834039,-0.775002428981657,-0.61908487391268,0.098946545475327,-0.51000978672534,0.151967813509025,1.48316412701583,"Female",0
-0.402576117957106,-0.305785238083478,0.85517691140056,-0.63698293188755,1.64683134422395,0.0649273396401542,0.179283712348529,-0.0214832714705466,-0.0212569804568058,-1.09327343254795,-0.366376726939508,0.219645007350831,0.718276107458785,-0.347003611833453,-0.714911633207752,-0.0207680974922923,0.723313353035925,0.947977377193254,0.599559515027092,-1.04149184075116,-1.20114471467037,-0.236074904976559,0.18399622603319,0.167858109624101,-0.0678350273242204,-0.488082253403429,-0.0433476898868976,0.830399528251524,0.642739373252563,0.0923431937714527,-0.769598918729553,-0.172502004387152,"Female",0
-1.76354126119052,1.73278301580638,-0.893296811483822,-1.31057279793505,-0.62665233528252,1.25309765505502,-0.944986648229256,0.0803402813842866,0.340983694903428,-2.13770953147156,-0.757345890524632,-0.479306595156048,-0.695948819869541,-0.347003611833453,-0.714911633207752,0.0397289722389159,0.72979441546561,-0.014930142215025,1.38760772057311,-1.52072379313523,0.145249993342801,0.131118068865313,1.57031270404739,-0.56483202898557,1.06069315452418,1.31583348190349,0.254272438176027,0.851493061240451,0.526012136584602,1.67735678416365,-0.744766197361162,-0.234690196443107,"Female",1
0.0708186530448762,-0.985307989380096,-1.03167675448275,0.93717772321959,1.30512204806775,-1.12324297577471,-0.0110203459196675,0.719633349625603,-1.92807011442387,-0.0651480666269307,-0.757345890524632,-0.479306595156048,-0.695948819869541,-0.347003611833453,0.0240253315480263,0.320887569850454,0.290257691499615,1.4119490125567,-0.0273559690855083,-0.214252457765989,0.348870414530991,-0.170122111107206,-1.26961333227194,-0.56483202898557,-0.0678350273242204,-0.891574515178393,-0.508594141222668,2.21384909897111,0.831251164904201,-0.278248976796749,-0.523235174063748,1.00144390382134,"Female",1
0.113924109798038,-0.645546613731787,-0.659504170122981,0.381385981264203,0.642009033432603,-1.91535651938462,-0.586322003942256,-0.105030792060886,-0.750580568871132,-0.402758425678992,0.915223435849915,-0.479306595156048,-0.695948819869541,-0.347003611833453,-0.714911633207752,2.8693016480577,0.961546358074508,1.40502205501951,-0.361576029639828,-0.97132501995551,-0.618428355801942,-0.123837388043296,-0.390888090236122,-0.56483202898557,-0.0678350273242204,-0.891130091068106,-0.325610565542482,0.276003311198834,0.914182250733277,-0.666816170880886,-0.22078847488857,1.36781378312724,"Female",1
0.910665611398538,0.37373751321314,-0.679460409703603,-0.38507400513836,-0.692754931648438,0.460984111445108,-0.11144942966891,0.822939528172547,0.0355086938747144,0.758013050718243,-0.028432314292685,-0.479306595156048,-0.695948819869541,-0.347003611833453,-0.714911633207752,-0.685532410236302,0.462320552355868,0.830895511091884,-0.532925221765416,0.0414954395403993,-0.677870632981318,0.313017179556842,-0.482738845201618,-0.56483202898557,0.684517093908044,-1.75005112959371,-0.641220290618462,-0.107146831989143,0.915688544359612,-0.235451407341993,-0.602461765474452,-0.112777332460583,"Male",1
2.12776452638915,1.05326026450976,0.607667056519238,0.351168844586311,-0.374953987581524,0.0649273396401542,1.26327607793466,-0.302482296991262,3.07534063522097,-1.70581033669228,-0.211893647417365,-0.479306595156048,5.88080309747599,-0.347003611833453,2.00885601495836,0.241899262888307,1.08749447609641,-0.806236036109536,-1.22045496523525,-0.353850590906796,-0.0534229479685773,0.683630994513946,2.48401076332902,2.73227359475795,-0.0678350273242204,-0.638113972470581,-0.0705023017132688,-0.9196339196298,0.640601416064524,0.127710277938094,1.2127192164173,-1.30974305587731,"Female",0
0.185873753341832,-0.985307989380096,-0.516798208042376,0.989380780165943,0.52492447509216,-2.70747006299452,-0.442448577836784,-0.983283165495821,-0.5458243254638,-0.0897795132490007,-0.757345890524632,-0.479306595156048,0.559921895096429,-0.347003611833453,-0.714911633207752,-0.685532410236302,0.609383803749951,0.033726100709471,-0.400818584900547,-0.132517860916578,-0.129703619678789,0.569017932775475,0.779631995287526,0.900548248233772,-0.0678350273242204,1.40199289648245,-0.193197105812355,-0.188404066418995,-0.238460877758835,-1.12911610890745,1.00339499542652,0.705325535525576,"Male",0
-0.86033152057494,0.0339761375648314,0.740906791158186,0.497685485060197,-0.692754931648438,0.0649273396401542,-0.644603428216289,1.33977626156743,-0.388388103570694,0.349364390845966,1.36417625503467,2.04918148268466,1.00939141413689,-0.347003611833453,-0.714911633207752,-0.685532410236302,0.0181428644668896,-0.032824115764229,0.80882183825346,-0.651715740811015,0.0942887633431084,0.33975733920478,0.54330217869219,0.534203178928937,-0.0678350273242204,1.6424456837482,0.893868794680194,-1.02344826281189,-0.508356164735989,-0.66354418423809,0.613012101081251,0.0520248416301292,"Male",0
-0.725067716685393,0.0339761375648314,-0.592777077090892,1.1797550212684,-0.27961370436145,0.0649273396401542,-0.458908981486511,0.273318375122022,0.10720810453311,0.096782640980204,-0.757345890524632,-0.479306595156048,-0.695948819869541,2.94723915297739,-0.714911633207752,-0.685532410236302,0.163143018777755,-0.423050385087295,-0.243819922316337,0.197521704324856,2.71342776832721,1.06999478539292,0.945402909805836,-0.56483202898557,-1.94871533040488,1.69363117806715,1.41354083433983,0.571469986081374,-0.608981864215911,-0.070369235509033,1.15081294522776,-1.08415027818804,"Female",1
-0.43780048754847,1.05326026450976,0.0521830466719093,0.0562575430740898,0.776191654260855,0.460984111445108,0.997315078254368,0.273318375122022,-0.708149109850578,0.096782640980204,0.228202294454014,-0.479306595156048,-0.695948819869541,0.800746006713103,-0.714911633207752,-0.266600865958136,0.542128752172167,0.996330087601244,0.669224554406747,-0.904618236697443,-0.525843367973419,-0.833264670931188,-0.524378491208597,-0.56483202898557,-1.57253926978875,-0.638500085095672,-0.109703239027752,1.42713013673236,0.611073988402504,0.553721950004385,-1.07427575546343,0.170806785974757,"Male",1
0.48096488444776,1.05326026450976,-0.064003898736142,0.947646826069767,-0.692754931648438,-0.727186203969754,0.424126556114156,0.601193777103618,-0.895881894516435,0.574891239276665,0.547149927133198,-0.479306595156048,-0.171653278670168,0.665789471198976,0.370775687177758,0.0538117175296953,-0.178944723916809,-0.0822162936864581,0.29701310651234,-0.0758466383165083,0.572235833048945,0.057351595452409,-0.179035880789991,0.534203178928937,-1.19636320917262,-0.0150366986317111,-0.817413689914695,-0.705874087805461,0.572800218025629,1.19419738843941,-0.0650577961789578,-0.622539286746763,"Male",0
-0.0582832533534837,0.0339761375648314,-0.755734760257593,-1.06775778996197,-0.692754931648438,0.460984111445108,0.114404243507089,-0.45281933254302,1.52419520872766,-0.858615661269291,0.274452422588673,0.13555612001852,0.133440201788868,-0.347003611833453,1.00254936678777,-0.685532410236302,0.484815716054417,-1.05300610314125,1.02481099404,-1.18966273677421,0.499717524876487,-0.519143957356958,2.34770269811406,0.900548248233772,-0.0678350273242204,0.224450266045471,-0.800761398182065,-0.17362397570403,1.19197775377968,0.380698229712351,-0.510967708043813,0.0579051359046164,"Male",0
0.808391132522237,1.73278301580638,1.11678367468214,1.60615804720242,-0.216053515548067,0.857040883250062,3.37664023379121,0.273318375122022,-0.643751515034223,0.096782640980204,-0.757345890524632,-0.479306595156048,0.137708069824852,2.87378262477405,2.30611110349106,-0.0977348060861465,0.890133500854355,0.824379615933433,0.0409530767866977,-0.952663350013538,-0.885950058640651,-0.601535012099491,-0.0537355823656867,0.900548248233772,-4.58194775471781,0.399946343093397,-0.282472874722196,-1.06508895906211,0.345322582481322,1.39142885602849,-0.607130320493485,-0.954250145394218,"Male",0
0.738560412765305,-0.645546613731787,-0.916346059449349,0.0127044380074712,0.338445571659886,-0.727186203969754,-0.0149424829152259,-0.368244680576004,-0.0389063104261996,-0.443950306063093,-0.757345890524632,-0.479306595156048,-0.695948819869541,-0.347003611833453,-0.714911633207752,0.670744647360834,0.544581419431929,0.628192414329192,0.45153467181626,-0.770026392798282,-0.829064182324111,-0.340866349095911,-0.0330839976415027,-0.56483202898557,0.684517093908044,-1.08645695004774,-0.980199157556951,0.921101999364737,1.22219346378678,-0.570058851586771,-0.707913421743737,-0.151802163458282,"Female",1
0.52245926674031,0.0339761375648314,-0.907105155225087,-0.521159104333624,0.695399592035845,-1.51929974757966,0.655753981044498,0.1317861294238,0.698563287363957,-3.51053200338341,-0.288091865313621,-0.479306595156048,-0.130149091473941,-0.347003611833453,-0.129095483034673,-0.685532410236302,0.33346333973196,0.29668009923266,-0.963439651626008,0.439935000654675,0.247528410711215,-0.155001908387186,-0.210173908205709,0.167858109624101,-0.0678350273242204,-1.03636116445043,-0.237338148997287,0.29940384970509,0.265723721367995,1.16481601464932,-0.403057193270823,0.143395568049074,"Female",0
0.138066486384842,0.71349888886145,0.762256778311015,1.72331945399396,-0.692754931648438,0.0649273396401542,-0.786533862928706,0.811266158550231,-1.32959183533583,0.209292055707525,0.312802448385813,-0.479306595156048,1.02448292063253,-0.347003611833453,0.175736283604072,0.224253439019116,-0.800530573146664,0.128331275696624,-0.814295864062304,1.29326346981875,0.5488809743138,0.72749403629583,-1.42676495926607,0.900548248233772,-0.0678350273242204,0.924036887377838,0.845757564323687,-1.12834436556655,-1.39065654566259,-1.22226829384168,2.29958423720929,1.25038706120166,"Male",0
1.16345255266539,-2.00459211632502,-1.19253439700836,0.0132392021207176,-0.417327446790446,-1.51929974757966,-0.51752845692578,6.18327249584032,0.61188729078984,0.17991675736602,-0.757345890524632,-0.479306595156048,-0.695948819869541,-0.347003611833453,-0.714911633207752,1.69423150101051,-2.74894341363211,-1.69851217278212,-0.780667220206932,3.17692974100987,1.56579427958418,-1.12832419323597,-2.39020542784146,-0.56483202898557,1.43686921514031,0.158066348498712,1.9631939532106,0.0363777094644697,-3.15816625104059,-1.2125205527821,1.73053768902123,-0.0964525888006536,"Female",1
0.0354706319413979,1.73278301580638,-0.429042452424001,-0.901657900651569,-0.692754931648438,1.25309765505502,0.8432174335736,0.273318375122022,1.12672096830583,0.096782640980204,0.292365587746899,1.39730565011635,0.569733385057104,-0.347003611833453,-0.714911633207752,-0.685532410236302,1.18267535377602,0.661363124918119,0.177675382645153,-1.24913069353507,-0.440804151653643,-0.676679939408663,0.937787365655956,0.534203178928937,-0.0678350273242204,-0.804327581144008,-0.0938412037754612,-0.490884749989795,1.00417388057158,1.81613766671442,-1.14626616172325,0.729691062570628,"Female",0
1.55381556178614,0.71349888886145,-0.108651763561315,0.995955132060916,-0.604224668658369,0.857040883250062,0.556788885652336,-0.391551463458786,0.197605675189203,-0.503927274290097,3.96635576169729,-0.479306595156048,1.58227914899844,-0.347003611833453,0.857638594913151,-0.685532410236302,0.270080632582018,-0.98196821875314,-0.99316927562196,0.117905693843368,0.194618684905003,0.34403607424104,0.670100988787685,0.534203178928937,-0.0678350273242204,0.082087880369025,-1.4309140558164,-0.429934222439392,0.753238542493529,0.222063663499119,0.0648694016007714,1.39060598366765,"Male",0
-0.210618918348839,0.0339761375648314,1.07512209183911,0.24936795882871,-0.692754931648438,0.857040883250062,-0.290605843301204,-0.439439910793752,-0.597131163118177,-0.216156296916123,0.255441063385594,1.33129416410175,-0.695948819869541,1.22562484372951,-0.293457635721413,-0.111519004508424,-0.255827276341577,0.228198257574147,1.70679402556165,-0.948166467052749,-1.50292325428539,-0.456531735281786,-0.221956681892305,-0.56483202898557,-0.820187148556485,0.377983924592685,0.269539185379014,-1.00788212948617,-0.0997854854406294,0.161475023309556,-0.33876288426609,-0.740672844801986,"Male",1
2.67746026659044,0.71349888886145,0.698663013159214,1.18051947406296,-0.151649607414152,-1.12324297577471,1.99315095405768,0.787848842705717,-0.361216600724254,0.632021851710092,-0.0262288270610342,-0.479306595156048,1.36097606939456,-0.347003611833453,-0.714911633207752,-0.685532410236302,0.164019682346744,0.649482033499555,-0.322379837022949,0.190949612851011,-0.612266814863002,0.162275202948652,-0.780885322978983,1.99958345614828,-0.0678350273242204,-1.24721375852875,-0.882712560137987,-0.896040200305119,0.674087060833393,0.511346481700394,-0.679774410659745,-0.239107374900817,"Male",0
1.06502679372257,1.39302164015807,1.30937370685352,0.0342405959065333,-0.291417739426792,1.64915442685997,0.532941668649212,-0.129251820423589,0.375008422837668,-0.993108733234151,-0.757345890524632,-0.479306595156048,-0.0522111156419589,-0.347003611833453,-0.0484002782426152,-0.685532410236302,0.704540945933155,0.316915101333263,-0.691924639994658,-0.0724345696256204,-0.819975952346703,-0.197039723887168,0.090121824300407,0.167858109624101,-0.0678350273242204,-0.531073452497455,-1.15411026737123,0.83676966888762,0.62931399521184,0.275312190688799,-0.604421908660464,0.0162471475504229,"Male",0
-0.357155020354421,0.0339761375648314,-1.00434573007967,-0.6839957527594,1.88143271529357,0.460984111445108,-0.455850629108281,0.0459314691592279,0.280345635849848,-1.74040787285722,-0.254740893446991,-0.479306595156048,-0.695948819869541,-0.347003611833453,-0.0874601706158736,-0.685532410236302,1.53070058387424,0.930253019414637,0.209367293506033,-1.52255473692042,-0.474164059072394,-0.683212449813146,0.88979614354437,-0.56483202898557,0.684517093908044,-0.630139206163391,-1.19279438087237,2.38699469832332,1.66525931879289,0.524103531911585,-1.29870486605563,1.78210968317143,"Female",1
0.786257507369539,0.0339761375648314,0.432205953524452,-0.190469426207795,-0.584978959312702,0.460984111445108,-0.0163016738859094,1.01103802958061,0.0583889522828126,0.596299112343979,-0.268159958902948,-0.479306595156048,-0.695948819869541,-0.347003611833453,-0.104212515490901,-0.269651338367927,0.0082884850477057,0.0644167345201588,0.316430770056831,-0.145471283225165,-1.01226260456279,-0.71439004215541,-0.392566866273996,-0.56483202898557,-0.0678350273242204,-0.314032870947897,-0.405699409054154,-1.04927654609886,0.0314079028626195,-0.988954412299622,-0.328742224240361,0.886708774862641,"Male",1
0.751696989145739,0.71349888886145,-0.0632583551247638,0.254541703649945,-0.282349738979245,0.0649273396401542,0.0130999365072926,0.273318375122022,0.844409048348391,0.096782640980204,-0.52461540111571,0.352817079422017,0.145890614354179,0.195062893923505,-0.714911633207752,-0.685532410236302,1.17412561892672,-0.18993600094973,-1.01854480974909,-0.324376873390283,0.720829428246927,-0.529191492546813,1.22483885773491,0.534203178928937,-0.820187148556485,0.517428710460842,-0.626280397900294,-0.485596953249644,0.410986253607129,1.72437022726264,0.0232329986950741,-0.173251259713128,"Male",0
-0.570202353221148,1.05326026450976,0.268812473559739,-1.2037706558304,-0.234707049221559,0.857040883250062,2.00982994563485,0.273318375122022,0.336573129764433,0.096782640980204,0.805015379460907,0.218967728666232,0.24595421635493,-0.347003611833453,0.747925788300042,-0.353472329597215,0.363782767184648,-0.253649834063329,0.544926996882706,-0.81004256682278,-0.59635441764107,-1.14512956082023,0.456591238790303,1.63323838684344,1.06069315452418,-0.237728462223386,-1.23827400131153,-0.726016899928632,0.836049982966685,0.622946619294528,-1.22327636288697,-0.197034073931184,"Male",0
0.847930248593347,-0.985307989380096,0.93889233868875,0.257784288579479,0.233682971964809,0.0649273396401542,-0.536984338606434,0.273318375122022,-1.12776197343091,0.096782640980204,-0.233853413048976,0.456562368720027,-0.695948819869541,-0.347003611833453,-0.0613842656770116,0.649607862047616,-1.84313184359621,-0.397711016949434,1.13363701008643,0.978378991540695,-1.23996889483061,-0.634682889312516,-1.97754183808876,-0.56483202898557,0.684517093908044,-0.612375053003375,-0.0613725169818757,-1.01377448421891,-0.832449326697296,-0.302760708264139,0.230770730531901,0.753918149121106,"Female",1
-0.0145222949976052,1.73278301580638,1.15999353142204,0.918723545331716,-0.566925116231081,0.0649273396401542,1.1517505173599,-0.852387171681461,-0.0949683749265863,-0.200341839282868,1.37540123993181,0.473893275458492,1.23270977811392,3.37862808646452,1.28197754535846,-0.232244046189295,0.170047788030653,-0.211075621504395,-0.66955503436901,0.0928273526229208,1.08803274833708,0.764280298992726,0.37967677295763,1.99958345614828,-1.57253926978875,0.698357677420939,0.712396018926035,-0.906946148037035,-0.275160099274584,0.145419106012607,0.299753869067663,0.566434836823395,"Male",0
0.304160968420299,0.0339761375648314,0.21574618762884,1.17448974476735,-0.571835548052246,0.0649273396401542,-0.510315441645362,-0.0921411410746946,-0.551627211434658,-0.541172257612182,-0.757345890524632,0.964819862127719,0.278043097348558,-0.347003611833453,-0.714911633207752,0.00121308719764729,0.702171648530568,0.646487612930429,-0.71052626121105,-0.144215528106574,0.165062575747488,1.06853138369715,0.485723170738949,0.167858109624101,-0.0678350273242204,-0.0855519861856601,-0.500681978619474,-0.504303334544565,0.689876112437747,-0.0280010404152601,0.987062866530648,-1.20284892523649,"Male",0
-0.721979851685916,-0.305785238083478,-0.95027178176035,-0.68585891975984,0.730741574251285,0.0649273396401542,-0.784390366679584,0.061020006574686,0.611161250169087,-2.21674296913785,-0.288091865313621,2.03740738220578,0.435650636921685,-0.347003611833453,-0.129095483034673,-0.685532410236302,0.814546505955434,1.13104049658233,1.69083514860005,-1.92685713398476,-1.43437015796309,-0.155001908387186,0.905614129660714,0.167858109624101,-0.0678350273242204,0.0165465009928905,1.24810391296524,0.188783720067439,0.385912275112348,-0.687878742072298,-0.450272334929067,-1.27077408402594,"Male",0
0.0958912366414046,-0.645546613731787,-0.748540357847272,1.50147113450924,-0.599213521696667,-2.70747006299452,-0.640371120403029,-0.60403563867533,-0.106577213679984,-0.281512535366185,-0.757345890524632,0.263599695755882,0.807211901857764,-0.347003611833453,0.322647280191585,-0.332247870834727,2.17550598510029,2.7001007532406,-0.852832866678988,-1.49044715569778,-0.43528772984955,0.509142313836049,0.321713397160019,0.900548248233772,-0.0678350273242204,-0.553781402390573,1.39746850321634,1.48047936906171,0.609107788663718,0.984784701775874,1.50543397378522,-0.367585287848171,"Male",0
0.691013101709876,0.0339761375648314,0.571427511697589,0.449857581410615,-0.292444177258561,-0.727186203969754,0.057157152583852,0.273318375122022,0.251415144355707,0.096782640980204,0.183352377051245,-0.479306595156048,-0.695948819869541,0.748514693850416,-0.714911633207752,-0.285665428649911,0.0411533907052548,-0.50212774265918,-0.387431211284621,0.300183313795189,-0.250368516794822,0.152511506299475,0.323718582238062,-0.56483202898557,-1.94871533040488,0.470136602660327,-0.257983045132665,-0.681192115320516,-0.267652916271766,0.773327804702625,0.217641714851657,-0.323218118913123,"Female",1
0.216565056248725,0.0339761375648314,-0.489886299391472,0.752121805393099,-0.692754931648438,0.0649273396401542,0.747557366108441,0.790223983348111,-1.17696781624954,0.279388358970783,-0.0718200271636454,-0.479306595156048,-0.695948819869541,-0.347003611833453,-0.714911633207752,-0.685532410236302,0.404316744825418,1.12458168984704,-1.49495984345072,0.748370618567749,0.323614298341718,1.24603416974185,-1.16767746288323,-0.56483202898557,-0.0678350273242204,-0.883924071565586,-1.11751490042316,-0.39678972093774,0.717634500356118,0.995133078170967,-0.470253518267594,-1.84801303304587,"Female",1
-0.583928907644536,0.71349888886145,1.21263778260176,-0.731526005670218,-0.692754931648438,0.0649273396401542,-0.495787012946091,0.273318375122022,0.289415853737005,0.096782640980204,-0.757345890524632,-0.479306595156048,0.260787335035634,-0.347003611833453,3.24741965024647,-0.685532410236302,0.0512531359237016,-0.203868176071191,-0.316095797530262,0.101230214482679,0.106928753461144,-0.826753856822144,0.132278668291123,0.167858109624101,0.684517093908044,0.00491290093020577,-0.092595270912356,-1.12558874227694,-0.157354709069805,-0.949959805411465,-0.152020188413443,-0.06141858836193,"Male",0
1.05278275169701,-1.66483074067671,3.59871596893195,-1.838059487457,-0.692754931648438,-0.727186203969754,0.0462313778273067,0.273318375122022,1.41790043588173,0.096782640980204,-0.757345890524632,-0.479306595156048,-0.695948819869541,-0.347003611833453,-0.714911633207752,-0.685532410236302,-0.27185744415484,-1.24686139810265,-3.14911118148898,2.57538655070529,0.263265473342085,-0.938158191624467,-0.882327686165287,-1.29752216759524,2.5653973969887,-1.12157100947499,-1.3846932253659,-1.18069500085945,-0.810233263175754,-0.688633997780539,-0.0652121193765487,1.32083197440228,"Female",0
-0.703855339484405,0.71349888886145,0.0203586462337595,-0.661624719508565,-0.562289280926231,0.0649273396401542,-0.665866637313782,0.414521858344756,0.0959274024949345,2.76550237288994,0.178982117968443,2.03156135670666,-0.695948819869541,-0.347003611833453,-0.714911633207752,-0.287523114975519,0.893196060517127,0.144537727125929,-0.589027735922015,-0.50790758808069,-0.207749746167252,-0.884090088030401,0.371610133858108,-1.66386723690008,-0.0678350273242204,0.175009282158296,-1.46060350722452,0.0185052859931757,0.78329915541743,0.45161024588818,-0.968039373202175,0.124013898808691,"Male",0
-0.827228333227715,-0.645546613731787,-0.962530218001255,-0.746225895843419,1.34864877965198,-1.51929974757966,-0.383939069796249,0.00314904388918866,0.446317271710029,-1.58579359902793,-0.757345890524632,-0.479306595156048,-0.695948819869541,-0.347003611833453,0.776098953455024,-0.177849442503656,0.205031952245338,-0.485679292509514,1.07268403956962,-0.871888411772166,0.308325929341812,-0.155181374322742,1.2175316874282,-0.56483202898557,0.684517093908044,0.179678001655602,-0.825934741697679,1.30032536792912,1.0309934246413,-0.46271714029557,-0.686019667135247,-2.09703576992294,"Male",1
-0.0876311741287681,0.37373751321314,0.766689971072851,0.691201644565697,-0.602203429777317,-1.51929974757966,2.30117747898997,-0.713959343420244,-0.094538977751666,-0.242098656692152,-0.289724999972132,-0.479306595156048,2.12320411917822,2.9204877616158,1.03642040739092,-0.685532410236302,-0.208609116984439,0.14040858229566,0.85043904382216,-0.325025326881717,0.235821460117193,-0.160904297334886,-0.148266975811225,1.99958345614828,-1.57253926978875,0.710893439112872,1.23407172908525,-0.831459334127281,-0.622289671339705,0.261791404787972,-0.1660120765329,0.40504810279423,"Male",0
0.466476931332483,0.0339761375648314,1.01746702907969,-0.550569709432687,2.50778217087861,0.0649273396401542,0.365069923254305,0.0265466585020434,1.08663508408427,-2.32108179564562,-0.757345890524632,-0.479306595156048,-0.038273628134988,-0.347003611833453,-0.714911633207752,0.705615099450611,1.04275829858236,-0.137377297531438,-0.213679327385813,-0.812369861013985,-1.03092691988416,-0.302041336436895,1.13064921784134,-0.198486959680735,-0.0678350273242204,-0.00643371781725765,-1.42715627846602,0.0680326582563739,1.01314798409844,0.403117477796278,-0.931541231265581,-0.956597703020364,"Female",0
-0.840431641092883,0.0339761375648314,-1.48326586036401,0.185338065649182,1.34698232764275,-0.727186203969754,-0.396636057204739,-0.361781172179045,-1.84139982220299,0.180298424845254,0.145092634078957,-0.479306595156048,-0.695948819869541,-0.347003611833453,-0.714911633207752,-0.685532410236302,-1.52015728007285,-0.390046173254,1.92682165440491,0.309063338909865,-0.816167838293155,0.866999674418979,-1.06073601598098,-0.56483202898557,-0.0678350273242204,0.999953135655139,-0.0631391865070129,3.68025490012774,-0.574739088870504,-0.194961377073087,-0.265889565935614,1.48180750503767,"Male",1
0.0350501336881733,-0.305785238083478,0.769818232094309,-1.2113370020648,-0.324277620824908,0.460984111445108,0.30898772506603,1.17790318951768,0.913791505178897,0.713981053980649,1.042159500798,0.5930432592853,0.75054512861805,-0.347003611833453,0.0339218087545637,2.37416404708104,-1.38784077465453,-1.42881213875924,-0.137803859287523,1.11196845328366,0.0369573795934559,-0.147610956353824,-0.157763057048164,-0.198486959680735,1.06069315452418,-0.0155987215120034,-0.0712364218305592,-0.559815048805632,-0.984531349774905,-0.559160029638748,0.151061758300573,-0.223201614778151,"Female",0
-0.366397228918873,0.0339761375648314,-0.58189082615306,-1.09563692212566,0.807265524347397,0.0649273396401542,0.199572160364393,0.957291365584898,0.139407720233427,0.661834727765637,1.51038523553033,-0.479306595156048,-0.35416122022691,-0.347003611833453,-0.00715344333619867,-0.685532410236302,0.322826733018834,0.0264507605886405,-0.624547566687826,0.0706735796083575,-1.42293671715401,-1.04599916469023,-0.503671263118107,0.534203178928937,1.06069315452418,-0.354868457440111,-0.764831250114634,0.131421270164055,-0.0684902378954875,0.156803807801526,-0.648410307760454,0.00864941251551846,"Male",0
0.53455366173508,-0.985307989380096,-1.01782838649308,-0.54964170343553,-0.692754931648438,0.0649273396401542,0.700410535773779,-0.649711335705994,0.037484864861212,-0.29742429338056,-0.320155860528682,-0.479306595156048,-0.168810027362134,-0.347003611833453,-0.714911633207752,-0.685532410236302,-0.807194239463064,-0.680661797879743,0.184634958276542,0.821646750771782,-0.0867838933586134,-1.17378253028062,-0.802637046297566,0.167858109624101,-0.0678350273242204,-0.717416564093274,-0.609043902029437,0.166691679454962,-0.273053552936953,-0.837899181812694,-0.40925381439283,0.616239077267107,"Male",0
-0.39612634823218,1.05326026450976,-0.842550589343266,0.365432849196557,-0.692754931648438,1.25309765505502,-0.185040387144736,0.273318375122022,-1.04305136424729,0.096782640980204,-0.757345890524632,-0.479306595156048,-0.182726046171726,-0.347003611833453,-0.714911633207752,1.12379178838851,0.138185230865747,0.630327038157541,0.379850868624004,-0.367799610789878,-0.98041738694604,-0.422481008796254,-0.72078486580332,-0.198486959680735,-0.0678350273242204,0.810181437155638,0.344099592785376,-0.248637056342782,-0.530245176449679,0.51846099047202,-0.465433247569025,-0.810825131439328,"Male",0
-1.60423413803148,-0.985307989380096,-1.18330900498447,-1.59906526558833,-0.692754931648438,-0.3311294321648,-0.914499185376281,-0.723207846638439,-0.671261621917686,-0.110538567257206,3.01866542241465,1.20832596265332,-0.695948819869541,-0.347003611833453,-0.714911633207752,3.32718425509792,-0.690218545117334,7.5522867222534e-05,1.49335945903805,-0.893161702964399,-1.53730602664699,-1.60725749097133,-0.98120491512766,-1.29752216759524,2.18922133637257,-1.56150254144346,-0.862774360097939,0.158054856867851,0.747697648444298,-0.611248112896185,-1.19616647403626,0.0809960475678442,"Female",0
-0.715865212502817,-0.305785238083478,1.90315706077632,-0.781536654168468,-0.692754931648438,-0.3311294321648,-0.894189991419241,-0.696188794373798,-0.666667771696967,-0.117367760242218,-0.114460391870308,-0.479306595156048,-0.695948819869541,-0.347003611833453,0.08766583568966,-0.138983760763359,1.25723509221428,1.15756308964552,1.29112315400544,-2.05681769549036,-0.19758009938239,0.47252778396626,1.09494450402165,-0.56483202898557,1.06069315452418,-0.377054728472107,-1.03945655566195,-0.537932675987772,2.21768551208371,-0.140953401067753,-1.26269780571958,-0.83883974095457,"Female",1
-1.06526104823726,-1.32506936502841,0.634314303676881,-0.125436917957517,0.236812829747287,-1.12324297577471,-1.22204842478159,-3.13081519841172,-1.57607004432708,0.0950690879771277,-0.757345890524632,-0.479306595156048,-0.695948819869541,-0.347003611833453,-0.714911633207752,3.42669962839821,-2.81690015261913,-1.43763868532726,0.0913412142490878,2.49385975597225,1.12166716013688,1.06269241093104,-2.03599123834226,-1.66386723690008,1.43686921514031,-0.269844384007692,-0.23182079276714,-0.669124190154219,-1.02194973488151,-0.828234840000418,0.895276516306869,-0.329141099177254,"Female",0
0.154697527603175,0.71349888886145,0.856034808300644,-0.5924156734634,-0.692754931648438,0.0649273396401542,0.211140234993915,-0.40859940803778,0.703772665699187,-0.65361170811859,-0.111369596203687,-0.479306595156048,-0.695948819869541,-0.347003611833453,-0.714911633207752,-0.685532410236302,0.685980113648661,0.030962870567425,-0.857591041171651,0.0480885769596019,0.896928135838238,-0.0165844915072233,0.514831759793407,-0.56483202898557,-0.0678350273242204,-1.0575891415763,-1.14061649076245,-0.944808704521852,1.19260517839576,1.28239814932719,-0.592335574116401,-1.23477955543666,"Male",1
0.867961304943494,1.39302164015807,0.348629921123181,0.755616851164155,-0.595162515753874,0.857040883250062,0.922189545497569,0.273318375122022,-0.450761899029739,0.096782640980204,-0.757345890524632,-0.479306595156048,-0.00459467094802812,-0.347003611833453,-0.714911633207752,-0.685532410236302,0.425710865773104,0.803877254496033,0.515220136386426,-0.569087232635633,0.377438926044092,0.665403767910303,0.0809357360357089,1.99958345614828,-0.0678350273242204,-0.554380396751508,-0.223264030700395,-0.430635547009782,0.998309713963379,0.207941177393115,-0.596406670608551,-0.527399277124147,"Female",0
-0.134144478209029,0.37373751321314,-1.272722103936,-0.594744314801033,-0.692754931648438,-0.3311294321648,0.217510184163822,0.273318375122022,0.568452584416743,0.096782640980204,-0.757345890524632,-0.479306595156048,0.263305061759073,-0.347003611833453,-0.714911633207752,-0.685532410236302,0.199393057355472,-0.0978618273180752,-0.454348274430297,0.303676384966839,0.178777118342596,-0.550219548337016,0.0223989588404181,1.26689331753861,-0.0678350273242204,-0.289806726792081,0.0943733490499848,0.702446607352316,-0.201447781322228,-0.571660617163872,-0.130509116513168,0.34007105666585,"Female",0
0.327944488332501,0.71349888886145,0.865666017818319,1.01692551509482,-0.692754931648438,0.857040883250062,-0.294128558084307,0.707519086031935,-0.554856055845074,0.632088629127273,-0.757345890524632,-0.479306595156048,-0.695948819869541,0.994223799553795,0.00396847107607502,-0.685532410236302,0.219900222036579,0.786651049814206,-0.717809469361481,0.414683851009599,0.805197921838795,1.27081008309466,-0.440539090681981,-0.56483202898557,-0.820187148556485,-0.161477380321005,0.568931002849059,-0.968378979172938,-0.0190277632650564,0.31792315231565,0.409841271716998,0.409614464657147,"Male",1
-0.58321365833046,-1.66483074067671,1.86490245983268,-0.73453343279272,-0.456674230341587,-0.727186203969754,-1.02219295519757,0.273318375122022,0.300818329845581,0.096782640980204,1.01447480246994,-0.479306595156048,-0.695948819869541,-0.347003611833453,2.60299654040996,0.0676236407956445,-0.185176033226146,-0.155752537602266,0.236925039983451,-0.211232142894388,-0.152677197424622,-0.0213490902289182,0.145620136931439,-1.29752216759524,1.43686921514031,-0.215981494601292,0.220886914072786,-0.929885949067389,0.00870512182237789,-0.775221430117383,-0.0193249635139359,0.433023531037423,"Female",0
-0.315139820797494,0.71349888886145,-1.6192483978341,-0.336406640456923,0.157135593056225,1.64915442685997,-0.216354965223309,0.273318375122022,-0.381146865583531,0.096782640980204,-0.757345890524632,0.946250481371358,-0.695948819869541,-0.347003611833453,-0.466041171784068,-0.685532410236302,1.03271367712273,1.35207386082445,-0.231700486022536,-0.739243477490696,-0.496377599798707,-0.15266538971586,-0.125744843025906,-0.56483202898557,1.06069315452418,-0.779828094882606,-0.0792856023450644,2.26219372220198,0.746927041832529,1.57415547522806,-0.667259598926226,-0.24117109694205,"Female",1
-0.236068272685296,-0.645546613731787,-0.165281552439649,-0.354925678409827,1.42751702725837,-0.3311294321648,-0.188114337627528,0.619098235914897,-0.376054649831246,0.883712415896157,-0.757345890524632,-0.479306595156048,-0.143022805430602,-0.347003611833453,-0.714911633207752,0.0941854582950701,0.268552687269953,0.240349070876033,0.301254507423081,-0.345255993829106,-0.48646054371821,-0.371164952689989,-0.1294024884393,0.167858109624101,0.684517093908044,0.0750864515652643,-0.6841114654152,1.75016081545585,0.389376184890342,-0.474562089551521,-0.526072210244095,0.467046092954729,"Female",0
-1.02494886275952,-0.985307989380096,-0.409697890307103,-1.75874657660245,-0.632110347826495,0.857040883250062,0.0234294084158965,0.273318375122022,1.03157980674308,0.096782640980204,-0.757345890524632,-0.479306595156048,-0.695948819869541,-0.347003611833453,-0.714911633207752,-0.685532410236302,1.42693119213883,0.0974767413523095,-1.12555790449761,-0.443306690150288,-0.528904371627114,-0.859059681422113,0.846255652173433,-0.56483202898557,0.684517093908044,0.0990744009734078,-1.67809558344597,-0.345815773898789,0.832389723655065,-0.107206901616614,-1.19117100073056,-0.139165274267043,"Female",1
-1.22059982671747,0.0339761375648314,0.617817579511777,0.656240845421475,-0.692754931648438,0.0649273396401542,-1.38125974201316,0.273318375122022,0.0829969205931025,0.096782640980204,1.28879221940566,-0.479306595156048,-0.0791696743215389,-0.347003611833453,-0.714911633207752,-0.250651695490697,-1.2817062345838,-0.529355680114389,-0.897419618523938,1.84254205490276,0.550611655320036,2.77094761848725,-0.631826538494118,0.900548248233772,-0.0678350273242204,2.84855261079671,3.17283664997788,-1.05856823040084,-3.3457965739287,-1.06701259861976,2.02684307014318,2.00344249872043,"Male",0
0.0404237806647015,0.0339761375648314,1.30447171078974,1.11389411473026,-0.692754931648438,-0.727186203969754,-0.578467051881177,0.273318375122022,-1.42825844711096,0.096782640980204,0.456778228921952,-0.479306595156048,-0.695948819869541,-0.347003611833453,1.55865496166583,2.92712123816248,-1.42399722449237,-0.288273440662461,-1.27464790182372,1.85660425527403,1.38044583011241,1.75349263600426,-1.66847205093841,-0.56483202898557,-0.0678350273242204,0.568166995752933,0.579127665933603,-1.17155426882636,-1.16181703244295,-1.18943961523422,0.976034384446303,0.345156249347556,"Female",1
0.312023740619191,0.71349888886145,2.24379593697477,1.55895544162652,-0.152342710173515,-1.91535651938462,-0.047684466407465,-1.11725906504699,-0.367014498497315,-0.100337187407714,-0.0987033943542656,1.87565779106815,2.480665341515,2.72116366911783,0.929585337376199,0.994300938879096,-1.30391736601452,-1.31487469123085,-0.878707384181571,1.63456467521163,2.07728015421342,0.699506669312172,-0.194240873564394,1.99958345614828,-0.820187148556485,2.0649769211654,1.68395841153828,-0.866326874793646,-2.18347810313704,-1.21599482783081,1.75111708591103,1.70338358007982,"Male",0
-1.29970795081319,-0.645546613731787,-1.35158963488524,-1.46898748517155,4.01705505942323,1.64915442685997,0.0612010552684081,-1.16423803262026,0.809544263964192,-0.275499725326411,-0.757345890524632,-0.479306595156048,-0.695948819869541,-0.347003611833453,-0.714911633207752,3.94535952516292,0.552096135408926,0.425955417088562,-0.321203316606873,-0.566218187212877,-0.0250224947304925,0.609895853926409,0.425487652438373,-0.56483202898557,2.5653973969887,-1.0575891415763,0.295327609708388,1.63446077365369,0.824934353372973,-0.79797497329727,-0.48255451963921,0.428363675197264,"Female",1
1.39915661174881,0.71349888886145,-1.28284105287908,-0.288667552998218,-0.692754931648438,0.857040883250062,0.201519284889827,0.273318375122022,1.61365796543745,0.096782640980204,0.796982673702612,-0.479306595156048,-0.695948819869541,-0.347003611833453,-0.0681043414356831,0.195408472076131,0.27459557954626,-1.06406474523495,-0.06857807035104,-0.277963939764071,-0.26885912755443,-0.5134378260716,1.0981053374898,-0.56483202898557,-0.0678350273242204,-0.129440862521599,-1.08513934053145,1.39958845780833,0.555844677578658,1.30090558282383,-0.2683784737909,-2.21017061527034,"Male",1
0.477583580732098,0.71349888886145,1.45337892340981,0.322347897364684,-0.476531485591696,-0.727186203969754,0.473790643029513,-0.340702832225333,1.00013970606857,-0.843686677107732,3.31426226761951,0.733856876535182,2.57692637670846,-0.347003611833453,0.979418578909037,0.46829251642882,-1.14185837002003,-1.0848145747025,0.138533589906793,0.616707594752192,-0.684028203924891,0.601610160817699,-0.0312329338999461,1.63323838684344,-0.0678350273242204,0.403653316190636,1.20559126136026,-0.529628274416788,-1.2076539550611,-1.09697715748533,1.40729577375509,0.753918149121106,"Male",0
1.30974218687808,-0.305785238083478,-1.24843870236036,0.352760225724942,0.00991046279242429,0.0649273396401542,0.668932397614044,0.273318375122022,0.165865784510305,0.096782640980204,-0.169752293358063,-0.479306595156048,2.13799850777964,-0.347003611833453,-0.714911633207752,-0.685532410236302,0.721583846313185,0.187886952016163,-0.853554222578748,0.0152946607038633,-0.729411117468217,-0.334062345105852,0.123190574650314,0.534203178928937,-0.0678350273242204,0.228950050543903,-0.923759626609712,1.91455849507654,0.110066501455483,0.35423931279308,-0.340608042831184,0.330224658647808,"Female",0
1.47097459062777,1.05326026450976,0.94356293373972,2.04462391716521,-0.692754931648438,0.857040883250062,0.623127124443773,0.273318375122022,-1.38042262467741,0.096782640980204,-0.757345890524632,-0.479306595156048,-0.0744373535117076,2.05417078195446,-0.0714128186314354,-0.685532410236302,0.281442377409893,0.314487244144789,-1.21289646486034,0.692294824534449,0.578746287406665,0.145058480470474,-0.771541969734302,0.167858109624101,-1.94871533040488,0.74257589359872,-0.627626246479497,-0.587977269894578,-0.271589813018526,0.614589585735153,0.174289722866906,-0.375084702928208,"Female",0
0.800548717218362,-0.645546613731787,0.993632776570131,0.964981456149655,-0.442084973519254,0.460984111445108,-0.540619430579249,-1.7585958152085,-0.177790129371859,-0.0587836548831516,-0.757345890524632,-0.479306595156048,0.657872814369548,-0.347003611833453,1.38766248795667,1.223581813828,-1.31068863325663,-1.00531000885904,0.107920761800524,1.08508128486797,-0.299205747963692,-0.256738847688461,-0.743338702126259,-0.198486959680735,-0.0678350273242204,0.334150152075038,0.516613840669728,-1.12953021129058,-1.26402994133172,-1.04121837288651,1.56648502747162,1.22271227387284,"Female",0
-1.48896109501945,-0.645546613731787,0.343308113522066,-0.420640439289918,-0.50084416800545,1.25309765505502,-0.411593657677838,-0.285836285445277,-0.69746138677046,-0.262308628572778,-0.227662306219415,-0.479306595156048,-0.376617698521436,0.269855250171183,-0.0536552954959409,-0.685532410236302,0.146947206535411,0.742158759886568,0.671383618371444,-0.486778428864784,-0.9646467556912,-0.82540799461119,-0.675537141732813,0.167858109624101,-1.94871533040488,0.777874929509364,1.13855012094468,-0.761313981734478,-0.91799928824295,2.75467256461703,-0.446970297239714,-0.781579386618035,"Female",0
0.623378483045377,-0.645546613731787,-0.803855428850814,-0.783287019541709,-0.116278800550314,-0.727186203969754,-0.373030180818382,-0.8339329823896,2.3350470256274,-0.692261835426051,-0.0231214685642177,-0.479306595156048,-0.695948819869541,-0.347003611833453,-0.714911633207752,-0.685532410236302,0.99590346785272,-1.07390136373359,0.743937690388831,-1.33822134764398,-0.484664226653374,-0.524157453689937,2.62431828238915,-0.56483202898557,0.684517093908044,-0.293652631419871,-1.28967122568035,0.873279064775534,1.51185596580626,0.0513349525172792,-0.044859568530057,-1.03797417706174,"Male",1
-0.12891873555313,-0.645546613731787,-0.693497006718595,0.128502068418333,0.457305914216283,-2.31141329118957,-0.640484109132062,0.273318375122022,0.345985419673724,0.096782640980204,-0.757345890524632,1.12029185586413,-0.156523773596705,-0.347003611833453,0.402105177000192,-0.685532410236302,-0.414121746497574,-0.836375508680314,0.476836618848894,0.133239802262406,0.625224463683947,-0.580536356851417,0.572756838241024,0.534203178928937,-0.0678350273242204,0.994588439338346,0.503793103338307,0.848315552034682,-0.691738405075647,-0.49891376387051,0.638491425728101,0.875211339646379,"Male",0
-0.140134017555545,-0.645546613731787,-0.453227294203451,-0.724907737696956,-0.385300995062773,-0.3311294321648,0.117170761215828,-0.0291099807356271,0.420687848525709,-1.38751464292416,0.579600071851057,1.9108065132506,-0.695948819869541,-0.347003611833453,-0.714911633207752,-0.685532410236302,0.0917250323261352,-0.873676519203315,-0.0990685876787782,-0.0441518372759997,0.078315840507386,-0.815543695063026,0.577128834498221,-0.56483202898557,0.684517093908044,0.569332882454438,-1.5746231135691,0.432276228043697,0.465860806348227,-0.980223243926671,-0.700431692962183,-0.869723046484174,"Female",1
-1.20267628593054,0.71349888886145,0.481271846381184,-1.28841368579211,-0.413090100869553,0.857040883250062,-1.12910498480266,0.394289717465079,0.551153116472072,4.04682985165353,0.44590547561348,0.237727337365918,-0.695948819869541,-0.347003611833453,0.286513387685146,-0.344551312505427,1.02924841810922,-0.0211755704113018,-0.592605699699166,-0.638195542679498,-0.19322384769992,-1.02262595592235,0.825918432039365,-1.29752216759524,0.684517093908044,0.259673374534834,-1.10606309617985,-0.82658101405225,0.618050918994478,1.38992860089381,-0.861968702241341,0.725453856638368,"Male",0
0.212005302958922,-0.305785238083478,0.381796261635829,-0.392847858192796,-0.692754931648438,-0.727186203969754,0.225211674689484,-0.322643384950408,2.02431144258498,-1.25350781692607,-0.757345890524632,0.698175597956033,4.86312596255339,-0.347003611833453,0.107336852084211,-0.685532410236302,-0.547642051373541,-1.23410890564111,1.70955294474887,-0.527382938385894,-0.283423882536949,-0.320677998156555,1.50805723052636,0.900548248233772,1.06069315452418,0.634793991665385,1.3116443559752,-0.692064458750826,-0.64646986990451,-0.835427026865988,0.986102189483199,-1.06411584229783,"Female",0
-0.7280143666167,-0.985307989380096,1.47582309650143,-0.77949149146826,-0.56098895882601,-0.3311294321648,-0.312712123581915,0.273318375122022,0.0489422175188748,0.096782640980204,-0.757345890524632,-0.479306595156048,-0.695948819869541,-0.347003611833453,0.256547967175802,0.30680157592066,-1.67371221787841,-1.3632094277807,0.929774034371441,1.04577547674435,-0.141234759087895,-0.444754511767616,-0.751069813249988,-0.56483202898557,-0.0678350273242204,0.871501230704899,0.471278344847083,-0.771710283969903,-1.42836255998099,-1.07146232692042,0.0488840445349789,0.103787615541778,"Female",1
-1.02217254993861,-1.32506936502841,-0.862351771183814,0.292661225952325,-0.692754931648438,-0.727186203969754,-0.940264545487465,-0.902142112976642,-1.2725346188008,0.034522266004115,-0.757345890524632,-0.479306595156048,-0.695948819869541,-0.347003611833453,-0.714911633207752,-0.685532410236302,1.29350333774256,1.77385883281438,-1.41603248176633,-0.117775291880285,0.209585026795447,1.02359848356329,-0.533948097430461,-1.29752216759524,-0.0678350273242204,-0.271778686665934,0.111600046497266,-0.263643531118742,0.436747090047806,0.254790794829166,-0.221192592375154,-1.93892252096446,"Female",0
0.415301012443554,-0.985307989380096,0.940961060090225,0.016944279349305,-0.692754931648438,-0.727186203969754,-0.988895860553515,-0.194282390473266,0.861604862880539,-1.0724383331305,-0.757345890524632,-0.479306595156048,-0.695948819869541,-0.347003611833453,-0.714911633207752,1.95051376837555,-1.69285895640131,-0.373021376199723,0.342420565877921,1.36685634031963,-1.26402402087942,0.950629048996783,-1.38846846658806,-0.56483202898557,1.06069315452418,0.232875917118714,2.29913578949945,-1.00004133769578,-2.28556082631984,-1.18543345644879,1.28318068658362,0.527152619008637,"Female",1
0.320905363381149,-0.305785238083478,1.36951253628866,-0.34930699771685,-0.692754931648438,1.25309765505502,-0.63020015119773,0.273318375122022,-0.122109874908847,0.096782640980204,-0.757345890524632,-0.479306595156048,-0.0283362282598892,-0.347003611833453,0.667550105799612,-0.214809878341333,-2.24688701853195,-0.631028122034202,1.45012358776983,1.27819968395929,-0.0732952814635674,-0.564513344502102,-1.84640536316104,-0.198486959680735,1.43686921514031,-1.01751258695845,0.909463348702103,-1.1960591673448,-1.08170149638807,-1.23890787981749,0.362924227571159,1.5249209515035,"Female",0
-0.730685239547694,0.37373751321314,-0.950026715146621,0.543550506666265,-0.512475123377753,0.460984111445108,-0.885321435805178,0.533467160545937,-0.289799309453949,1.21630990317876,-0.757345890524632,-0.479306595156048,4.15733758076218,-0.347003611833453,2.15650675765495,3.22529216288258,-0.662385677163272,-0.805854376344299,2.38769438138257,-1.31826416065945,-0.36828799341585,-0.218077400358346,1.06142860384395,-0.198486959680735,0.684517093908044,2.03791021617534,0.759174911472023,0.794298763711545,-0.355336199478363,-0.349134631836277,1.18860767186671,-1.08509499142514,"Female",0
-0.444312364720284,1.73278301580638,-1.11275397217647,-1.18839380056379,1.00164706380706,0.460984111445108,1.03285723194564,0.670626215170311,1.14261744423211,1.62980670165209,-0.757345890524632,-0.479306595156048,0.574696844684266,-0.347003611833453,-0.0571128449741767,-0.237576850472197,0.910888912576919,-0.37799157838986,-0.627724564406498,-0.358645563666087,0.534953516869844,-0.966794954220085,1.26292630353729,1.26689331753861,-0.0678350273242204,0.253411877132047,-0.609496170730339,0.881224330806968,0.373203884825364,1.60361080206004,-0.613768288111448,-0.411115767053048,"Male",0
0.113370606792473,-0.645546613731787,1.65024717398884,-0.321353470612976,-0.233709123551785,-0.727186203969754,-0.676377119860856,-1.90881853098934,1.31610158786695,-0.199980067644406,-0.757345890524632,-0.479306595156048,0.550261351135157,-0.347003611833453,-0.714911633207752,0.193149649300983,-0.209395839220928,-1.13346231129082,-1.13451679664463,1.07724459620919,-0.152677197424622,1.08403781320423,0.908848297886413,-0.198486959680735,0.684517093908044,1.13059074055873,0.487971106898702,-1.19720308013204,-1.28549618225785,-1.18475240945526,1.21436699366858,0.753918149121106,"Male",0
-0.408510510940563,-0.305785238083478,-0.686466502474564,0.00844732365301441,-0.196985458904051,-0.727186203969754,-0.789574459627963,0.676556182932226,-0.0490189174871589,0.951539783544558,3.92196497779028,3.10586306745392,-0.695948819869541,-0.347003611833453,-0.714911633207752,-0.685532410236302,-1.58046580196533,-1.36550398966024,0.577554872349172,0.812127377720037,1.03669121065082,1.94555311639462,0.197033616032584,-0.56483202898557,-0.0678350273242204,0.617717180566878,0.503667286141271,0.847658308443555,-0.523374925852395,-0.0920896435040463,0.856873325784688,-0.630971338351473,"Female",1
-1.79318825476424,0.0339761375648314,2.02280458881076,0.0683329751617259,-0.650381472439516,0.857040883250062,-1.51162486694427,0.273318375122022,-1.31997664996026,0.096782640980204,0.230617853730928,-0.479306595156048,-0.695948819869541,-0.347003611833453,-0.714911633207752,-0.685532410236302,0.073584099938692,0.219675234974222,-1.31008410566998,0.922703875612446,2.07728015421342,0.444460502444992,-0.398516646055285,-1.66386723690008,0.684517093908044,0.873157813248719,0.678710461517945,-1.16737051587916,-0.721445881281707,-0.0957582668116986,0.660627648753103,-1.41066191104337,"Male",0
0.194409298485709,-0.645546613731787,-0.508067457282285,1.20760547542854,0.433993870043349,-0.727186203969754,-0.547673275033813,0.273318375122022,-0.227841926097454,0.096782640980204,-0.757345890524632,-0.479306595156048,2.03451166716322,-0.347003611833453,-0.714911633207752,-0.685532410236302,1.8917403639893,-0.082515850434582,-0.499765626796454,-1.31774690564791,2.29478322276795,-0.681754593946049,2.43839183482944,0.167858109624101,-0.0678350273242204,0.868336971913326,-0.99168282372184,-0.0360812823373539,1.51772533490468,-0.427768676154249,1.55141018589578,1.17385431599605,"Male",0
-1.01835638373699,1.73278301580638,0.235613507317827,-0.417417678804555,-0.475018338889079,1.25309765505502,2.61456579115571,0.690819058689245,-0.835655984097894,0.504263579902825,-0.757345890524632,-0.479306595156048,-0.0283362282598892,-0.347003611833453,-0.0236807637040702,-0.450171144288826,0.704901837082084,1.98298759234145,-0.494950170909418,-0.228963474166455,-0.86711444107413,0.936335252831697,-1.07363685019413,2.73227359475795,-0.0678350273242204,-1.29804846928345,0.471278344847083,-0.724723217429585,0.462515968707651,1.88418702101942,-0.623930143160516,0.704351913030949,"Male",0
0.112293178321258,-1.66483074067671,-0.5812655879816,0.950930030142091,-0.209077397263671,-0.727186203969754,-0.6912688959128,0.813177163109478,-0.883477000867365,0.392253555058627,1.74853728318218,0.80065628616649,-0.695948819869541,-0.347003611833453,-0.714911633207752,-0.0768538965248712,0.1010736809644,0.974971613535477,-1.00269423453671,0.453047145188118,-0.4645649382876,0.182166131901298,-1.39558560308009,-0.56483202898557,-0.0678350273242204,0.0112376214559025,0.939594821943592,0.54502289536031,-0.843298546308589,-0.451421132756489,0.668780032197942,1.29276693354677,"Male",1
0.854262151924315,-2.00459211632502,-0.478344926147955,-0.0779866004273656,-0.0586311874405018,-1.91535651938462,0.0581020022496584,0.0647828707399032,0.189210959744488,-1.80951721402612,-0.0659407315944991,-0.479306595156048,0.137708069824852,-0.347003611833453,0.148237720134761,-0.685532410236302,0.86178012591192,0.95155455790836,0.12328663473178,-0.841956581865465,-0.968554453751638,-1.31548929053387,-0.196693584383325,-0.198486959680735,0.684517093908044,-1.00128948766202,-0.126139288441161,-0.179914487430015,0.561762766268323,0.0882475022215218,-0.696177387662081,0.126263556845522,"Female",0
-1.48262905672412,0.37373751321314,-0.261578197505392,2.41482670382851,-0.227971050950575,-0.3311294321648,-1.63486966946832,0.273318375122022,-1.35482845421858,0.096782640980204,3.01866542241465,4.58359107827207,-0.126836446694105,-0.347003611833453,-0.714911633207752,0.11701092283054,-2.31612191476703,-0.925988379351448,1.60577272433544,0.769513950744238,1.62061937333385,1.92635638065923,-0.688425587810505,-0.198486959680735,-0.0678350273242204,1.58155052891442,1.91205526618771,-0.318558133189776,-1.45522750082574,-0.993695510260869,4.14377300629887,1.51395646433323,"Male",0
-0.594563089886049,-0.645546613731787,-0.455361878436358,-0.725209452668115,0.214140445323,-0.727186203969754,0.71241075452336,-0.0203439414354064,-0.391754285588577,-0.817944452538046,1.18994496771821,1.26131925553139,1.65198338637119,-0.347003611833453,1.71608388852503,1.79769949715169,-1.22171352746659,0.644573498294166,-2.09952055645706,2.17333210808058,-1.25507597882261,1.1652431479392,-2.65443169878077,0.900548248233772,1.81304527575644,-0.476188689801296,1.61920814100557,-0.714014678805148,-2.24378489489696,-1.13921955331686,0.835518414226558,-0.153143971328771,"Female",0
0.316272810415058,-0.645546613731787,-0.447868057113842,1.5121551744278,-0.692754931648438,-0.727186203969754,-0.693924915543556,-1.72441259526163,-1.54005671409252,0.089862711308866,1.13509170410574,-0.479306595156048,0.444947815557284,-0.347003611833453,1.64760514143397,0.118894827368247,-2.22833839950425,-1.674339314419,1.90949964536194,0.705469359302837,1.63173882896758,-0.629607158023847,-0.617178036327223,-0.198486959680735,-0.0678350273242204,0.911430314179003,0.318457283811128,-0.663254111377583,-0.797477892819145,-0.847781844599645,1.64101374859419,1.50058513851582,"Male",0
-0.776784247153969,-0.305785238083478,2.69336420445904,-0.361306680899817,-0.670168623095163,-0.727186203969754,-0.662856044177705,-1.00835842214218,0.730338624846459,-0.307064858133519,-0.757345890524632,3.86177233366686,0.767972766551632,-0.347003611833453,0.0429438984167584,-0.685532410236302,-1.47378643410514,-1.33044399929635,1.25549705279886,0.544378925892397,1.67055644667691,0.969917063099066,0.904664336281178,0.167858109624101,0.308341033291912,1.44695409701198,2.02038677499891,-0.867571254892564,-1.3345780225139,-1.00365582254115,0.546748638450892,-0.7844677241771,"Male",0
0.0592457227694903,0.37373751321314,2.25370831305977,1.24023009678311,-0.692754931648438,-0.3311294321648,-0.868077357253978,-0.711673978331027,0.0571844416626274,-0.277063763623875,1.5753462834121,4.52499272557034,-0.133423395457699,-0.347003611833453,2.19721841886798,0.900976863928239,-1.86887303260645,-1.12642119152146,1.60824477530841,0.188872063679953,0.451017373340943,1.28044516050964,0.26254245103329,0.534203178928937,-0.0678350273242204,0.22560276461399,1.01379311152472,-1.02401271966125,-0.31688781989225,-0.91567962553591,2.11139766011838,-0.277925003771611,"Male",0
1.69173448770904,0.0339761375648314,1.29270504515924,0.473263278426246,-0.692754931648438,0.0649273396401542,-0.0520099564556417,0.273318375122022,0.759750120996129,0.096782640980204,-0.0623644980138342,-0.479306595156048,-0.695948819869541,-0.347003611833453,0.152702285755488,-0.685532410236302,-1.35085859244052,-1.11379573538329,-1.90481602451199,2.68080913010147,0.70318759764976,-0.0568371358801605,-1.43820988811237,-0.56483202898557,-0.0678350273242204,-0.680316748104746,0.516176118641095,-1.17013077750401,-1.71655852883629,-1.08778936942558,1.28063481348939,-0.557378177181433,"Male",1
-1.29526271846141,-0.645546613731787,2.64175300914934,-1.08249225094785,-0.692754931648438,-0.727186203969754,-0.0958988698392263,0.728092187047618,0.354939051318495,1.05177297082098,0.247864103630651,-0.479306595156048,-0.695948819869541,-0.347003611833453,-0.714911633207752,-0.685532410236302,0.273429919188761,-0.0866707996442219,1.01735515860175,-0.838505622758605,0.726792608002614,-0.812961621984979,0.655974249346567,-0.56483202898557,-0.0678350273242204,-0.484624334533465,-0.454108439211538,-0.609801228139651,1.03590955745712,-0.405301806349114,-1.09649278507398,-1.82196214438947,"Male",1
0.159088228058765,1.05326026450976,0.0388471853679378,-0.302898205285875,-0.531266504044404,0.460984111445108,-0.397254919880643,0.565920538912094,0.396322240298883,1.6124484818559,-0.757345890524632,-0.479306595156048,-0.695948819869541,-0.347003611833453,-0.109356792054103,-0.273154548359601,0.131211576853701,-0.619180956873015,0.305985889666473,-0.218614863255562,0.592678554206512,-0.974406440307092,0.602950859513773,-0.56483202898557,-0.0678350273242204,-0.140361714046779,-1.00154152714421,0.198436938549409,0.667911037126777,2.14586906069572,-0.366446556191587,0.331511769499839,"Male",1
2.18474736029074,2.412305767103,0.663539166703718,1.16967873115228,-0.692754931648438,0.857040883250062,3.03642570782971,0.519623478555518,0.264779178026799,1.77883884260193,0.222611664555428,-0.479306595156048,4.22728828195211,2.69630007688969,-0.714911633207752,-0.685532410236302,2.1221726562743,1.49203088478343,-0.448411170172948,-1.65566029912885,-1.28203612498727,0.0463900669618534,0.80528677173544,3.09861866406279,-1.94871533040488,-0.40148982521491,-0.678817789373915,-0.815782111689114,1.40826169634673,3.05834062194253,-1.06040734866173,0.511464437680101,"Male",0
1.7722742616743,0.0339761375648314,-0.378680149708245,0.786696860003919,-0.299633763833506,-1.12324297577471,2.06120608551218,0.273318375122022,-0.195351347867622,0.096782640980204,0.365465272863303,-0.479306595156048,-0.695948819869541,3.5758063657616,1.38766248795667,-0.685532410236302,0.116694501380124,0.371532909829586,-0.761168424363508,0.365949855003613,-1.37237259698225,-0.401667588749475,-1.09157483796031,-0.56483202898557,-1.94871533040488,-1.29123880401412,-1.38747698388133,0.315635330438848,0.55732324869761,-0.787801982432134,-0.764622956590429,-0.127324133741708,"Male",1
0.271456379463687,-0.645546613731787,0.427046252580923,0.603568384694002,-0.692754931648438,0.460984111445108,-0.908526138292422,-0.889295550265178,-0.516078793645742,-0.110538567257206,-0.206677574054331,-0.479306595156048,0.631980050873168,-0.347003611833453,1.34744932170491,1.18706870025299,-2.54194182721838,-1.79417328768145,-0.829848023774538,2.87934858707906,0.567977573340234,0.992182598504023,-1.60742736522268,-0.198486959680735,0.684517093908044,0.47692680491183,0.578002561242684,-1.0166370616728,-2.14476098250783,-1.06510055518159,2.11519992361189,1.07280717584177,"Female",0
-1.69919429983594,1.05326026450976,-0.174563336977871,0.714530307835724,-0.220593529034737,0.0649273396401542,-1.05111291272981,0.589511350557069,-0.161132458726771,1.10816985683531,0.291000553314814,-0.479306595156048,1.83212382872256,-0.347003611833453,-0.714911633207752,-0.685532410236302,0.291173064001522,0.248977776169982,-1.16428601526504,0.607452705149868,2.89569848476954,3.15577703578597,0.932330714386017,1.26689331753861,-0.0678350273242204,3.03517036922241,2.81629666010909,-0.374798315442704,-1.63081032616482,0.537457462346774,1.14019667745133,-0.313989289199244,"Female",0
-0.421352891651023,0.0339761375648314,0.753615116844394,-1.02428288996054,-0.359063940378178,-0.727186203969754,1.91232609049148,-0.702637351235125,0.589253425450464,-0.401494662272481,0.167170640797078,1.17348951077193,0.418780461533737,-0.347003611833453,-0.137828980686339,-0.685532410236302,0.399932261597332,-0.240467451734302,-0.514609600906953,-0.0366029307791156,-0.575804657730805,-1.13495383365912,0.262099957642321,1.63323838684344,-0.0678350273242204,0.247288769788621,-0.223041012506413,-1.00716240768336,-0.319567581766778,-0.179686548727288,-0.538067303019727,0.527152619008637,"Male",0
0.122551110263731,-0.645546613731787,-1.23258277264627,-1.50922619261876,0.3638029610855,0.0649273396401542,0.810079520108356,0.0748806182317467,1.28387836675594,-3.1305610930767,0.558505712270583,0.304827357166682,0.361770367707878,-0.347003611833453,-0.714911633207752,-0.685532410236302,1.2264248902695,0.296398337063282,0.0800592770511442,-1.19859138828806,-1.12495450543077,-1.28480246355002,0.905825283190139,0.167858109624101,0.684517093908044,-1.30759881254929,-1.84164097598317,2.17077015895803,1.76891619411429,1.35678727406196,-1.66579442667771,-0.420283186327733,"Male",0
0.798093106993322,-0.645546613731787,-1.45121653132749,-1.3162006239548,3.0540742632861,0.460984111445108,0.678766236193066,0.51146959756037,2.18790342820648,3.6282400058699,-0.757345890524632,0.226490762517413,1.2081529105588,-0.347003611833453,-0.222045743884845,-0.014257183557472,1.65361962944624,-0.12276853174271,-0.587717263800824,-1.15260779708998,-1.51256224290571,-0.831769533328204,1.77548976323562,0.900548248233772,1.06069315452418,-0.189603977751929,-1.77954687713773,3.70933160117197,1.27294539491152,2.60747441517262,-1.07515976679781,1.08791389114722,"Female",0
-0.296898629784993,0.71349888886145,0.323573380867659,0.147701029582486,-0.59360103709956,0.857040883250062,-0.466709161977925,0.712538747429737,-0.320555769506057,0.744337097399951,-0.174847035530026,1.60340757300753,-0.695948819869541,-0.347003611833453,0.739470080661279,0.0572840707309095,-0.273952822107308,-0.879066247022629,-0.393380237199605,0.421612394327471,1.75524191567407,-0.723149695004769,0.394970747666555,-1.29752216759524,-0.0678350273242204,0.439142762388888,-0.841105642751721,-0.380978948919302,0.236448506848055,0.517184027359164,0.0945824115009899,0.379699170856687,"Male",0
-0.951799381119582,1.73278301580638,-0.223980838105512,-0.179907145899437,-0.114357213446654,1.64915442685997,-0.68548181250197,0.273318375122022,-0.150789454797258,0.096782640980204,1.86769236483458,0.563557517990988,-0.344268670309616,-0.347003611833453,0.377453214112106,0.0583590584023471,-0.360410360390997,-0.195841939803677,1.84019749321175,-1.08948473930218,0.29872368311032,-0.0438550963470233,0.470616163095538,0.900548248233772,-0.0678350273242204,0.995478813441847,1.17317154515072,-0.399161015131037,-0.268660214889461,1.35405881481563,-0.226247040397322,1.59165068074679,"Female",0
-1.40673998212001,-0.305785238083478,-1.00080521109604,-0.411305680780378,-0.692754931648438,-0.3311294321648,-0.364065433494045,0.126664335248954,-0.355851960307393,-1.78920182402659,-0.514228153699395,-0.479306595156048,-0.695948819869541,-0.347003611833453,-0.714911633207752,0.141213074008672,0.187455469259312,0.490615705088904,0.0070364181157121,-0.0921819741847028,-0.0373866946295537,0.345703180895698,-0.200401180334325,-0.56483202898557,-0.0678350273242204,0.504139564008607,0.596927120724172,0.060189545645344,-0.339149620616555,-0.013780387961686,-0.292778382062473,-0.907993612662059,"Female",1
0.38870659657512,-2.00459211632502,1.86257479650149,0.676563866585879,-0.692754931648438,-1.91535651938462,-0.337372587484441,-0.330536918196398,-1.13682738964914,-0.0742793276838732,-0.757345890524632,-0.479306595156048,0.913395440699427,-0.347003611833453,0.951366754205103,6.12279877955593,-1.78043520854138,-0.877883652642654,1.75578115451705,0.00236581461482402,-0.724297086751259,0.0441562537859037,-0.889590191844643,-0.198486959680735,-0.0678350273242204,0.125863554059638,-0.293990829340585,-1.16596546171121,-0.0392138307368838,0.176964569433968,0.707850318186217,-0.274625505317593,"Female",0
1.32726339219836,0.0339761375648314,-0.566353058805714,0.740428389441431,-0.403957180535203,-0.727186203969754,0.183703458545767,-0.475830738771844,-0.512632002817941,-0.225982650118629,-0.402513841531454,-0.479306595156048,-0.695948819869541,-0.347003611833453,0.614004052528205,-0.685532410236302,0.245343810482153,0.283662212994264,-0.851090436583081,0.411924256494722,0.105593543237408,-1.11814629455816,-0.739455787466137,-0.56483202898557,-0.0678350273242204,-0.184371817719602,-0.296647486858595,0.0736467811494619,-0.265649812117164,-0.596251570447484,-0.0828531353429292,1.98223143723031,"Female",1
-0.755987492335846,0.0339761375648314,-0.212670302503899,-1.44301915332625,-0.25207095587565,0.460984111445108,-0.160948448850482,0.618705304254905,0.886399675846119,1.69565710557737,-0.757345890524632,-0.479306595156048,-0.695948819869541,-0.347003611833453,-0.714911633207752,-0.101408541112082,0.0728474681387168,-0.69059188034288,0.810257258836056,-0.478008081578677,0.112530567263454,-0.668468225702711,0.829923567605842,-0.56483202898557,-0.0678350273242204,-0.295041606892884,-1.33381624246216,-0.457054606374134,1.03350398502227,0.938993778186423,-0.995529523542685,-0.32460083556015,"Female",1
-1.16653575818369,0.0339761375648314,-1.22693310998237,-0.743813329416624,-0.692754931648438,0.0649273396401542,-0.560671989943855,0.694872463384072,-0.0104954479404995,0.934678358995684,-0.757345890524632,-0.479306595156048,-0.695948819869541,-0.347003611833453,-0.714911633207752,-0.685532410236302,0.317796442723739,0.0472778091453581,-0.490789243007027,0.212598319162218,0.423805066059555,-0.191209347569329,0.0264676240367206,-0.56483202898557,-0.0678350273242204,0.272719016078602,-0.0975720901158814,0.585570119585647,-0.12371756866572,-0.183796982098038,-0.230486795683468,-0.288558458504937,"Female",1
-0.178053708792344,0.37373751321314,-1.27380297211727,-0.452625449987676,-0.692754931648438,0.857040883250062,-0.0422880483794535,-0.716255338114526,-0.0227709244897843,-0.257404779748684,1.11748763345801,-0.479306595156048,-0.695948819869541,-0.347003611833453,-0.714911633207752,0.908355976831331,-0.578043816513594,-0.598500955790687,1.87517242175161,-0.803788492614414,-0.42836013037465,-0.398971240078574,0.456591238790303,-0.56483202898557,-0.0678350273242204,-0.226420039059897,-0.505248235172672,0.977364275352035,0.564828620880106,-0.413838169468548,-0.683151783645002,0.100179683932005,"Female",1
0.765773841850091,1.05326026450976,1.72286386694062,1.79024223803533,-0.360023741887105,0.0649273396401542,0.000748200323744254,1.48423669240067,0.740206456703343,0.52603664938596,0.0456206585914404,2.39168584382643,5.11307867047111,3.393471240641,2.29235573531029,-0.685532410236302,-0.461339717517243,-1.15012535966931,0.824925999052616,-0.297133731845919,1.48851492433066,0.636507217735419,1.50100388380024,1.63323838684344,-1.94871533040488,1.57229504611586,1.39204045880993,-0.593755672149594,-0.586130609752343,-1.03671667812376,1.8117669140367,1.39477725596069,"Male",0
-1.43649734446554,3.09182851839961,0.0233504823271989,-0.491875000083693,-0.541868570378407,1.64915442685997,1.70347795197607,0.273318375122022,-0.460672713819033,0.096782640980204,-0.420314780444155,-0.479306595156048,0.523169825678526,0.437995709212571,-0.294162408292482,0.174047865397994,0.590384276128496,1.04867254592712,1.8113310949085,-1.7361266322922,-0.941894506834545,-0.632874978335115,0.179467646678138,3.09861866406279,-0.820187148556485,0.759795487398719,0.988391082315739,-0.698986545595603,0.0815998593051565,1.31923847776727,-0.916335514575829,0.175589951518835,"Female",0
-1.00375607412926,0.37373751321314,1.03275708723789,-0.329653813471319,0.305917387548887,0.0649273396401542,-0.407398083217293,-1.0651351924535,-0.359319209005792,-0.109289426157868,-0.387539277995944,-0.479306595156048,-0.695948819869541,-0.347003611833453,-0.714911633207752,-0.685532410236302,1.74963094566892,1.43738617110432,-1.4834263111855,-0.547314073243852,0.595017913156584,0.631182375068855,0.424583530807093,-0.56483202898557,-0.0678350273242204,-0.421879389885699,-0.400727041592577,0.497843817817707,1.06435889612635,0.719750191117152,-0.782911965852087,-0.737960338460928,"Female",1
-0.195085454165401,1.05326026450976,-1.10748452083064,-1.46458446205806,1.05701967803763,0.460984111445108,2.40472163311482,0.532819333616738,1.07192123391381,2.38346283735173,-0.327154633687637,0.289763951465717,0.341451322482278,-0.347003611833453,-0.177861395215563,-0.685532410236302,0.210651073605328,-0.30241480058294,1.59395553476042,-1.18772323819987,-0.957622815551255,-1.40673371405843,0.848066990127117,1.26689331753861,-0.0678350273242204,-1.03034392781795,-1.25179950534786,0.499760065859858,1.36820036964197,-0.194216526133972,-1.50151888651809,-0.677050540898959,"Female",0
0.488528031084134,0.37373751321314,-0.938907126085768,0.458927540330157,-0.692754931648438,0.0649273396401542,0.227018323184872,-0.271517344073513,-0.510684612575215,-0.347812728832554,-0.499286218529592,-0.479306595156048,0.237512063661495,-0.347003611833453,0.251572501872939,-0.685532410236302,0.840614930532359,1.01544056162346,-0.0674721016339385,-0.66498167785411,-0.279796680431826,1.08027981984627,0.361043972784082,0.534203178928937,-0.0678350273242204,-0.44587005374086,-0.449815868487812,0.122375091839792,1.07279439098437,0.640889828917084,-0.634962317778363,-0.637597603841773,"Female",0
-1.04112102912191,-0.645546613731787,-0.640950710654262,0.275339384325122,0.11119556469381,1.25309765505502,-0.555121699007825,-1.0359637685448,-0.851852361677668,-0.0304090102811974,-0.757345890524632,-0.479306595156048,0.0517772827332632,-0.347003611833453,-0.714911633207752,2.47772300409793,0.0618659879206274,1.07181640047337,0.563961170256302,-0.544581170809258,0.291861531957294,1.19076482457019,-0.330634235504466,0.167858109624101,-0.0678350273242204,0.412418881806716,1.2825465805558,0.273338196167731,-0.0618876765819982,-0.2633751724992,-0.128128581143928,-2.38724722973274,"Male",0
-1.45464876336642,-0.645546613731787,0.390511477772125,-0.197703422463461,-0.456674230341587,-1.51929974757966,-0.528253177490847,0.697224229566845,-0.689438145526586,0.574643069355774,0.367031257749472,2.53583609180879,-0.695948819869541,-0.347003611833453,-0.714911633207752,-0.685532410236302,1.14052899616187,1.34194792929862,-0.282754454380927,-0.955403998736868,0.913719754509684,-0.0368190844047962,0.286961050755152,-0.56483202898557,-0.0678350273242204,-0.147119130181208,0.171646758230144,-0.74960107660809,0.854932600602866,0.840985388119068,-0.598770389946166,-0.419007006633045,"Male",1
-0.249818939779732,-0.645546613731787,-0.986989358444256,0.455611623243622,-0.692754931648438,0.0649273396401542,-0.155170640086051,-0.357076731087925,-1.78227057632205,0.160109042535495,-0.757345890524632,-0.479306595156048,-0.695948819869541,-0.347003611833453,0.0305936601236232,-0.177849442503656,0.0336095475933821,1.52808096152803,0.148230653398103,-0.0352322621197911,-0.904551344650827,0.615624818875857,-1.40627712367701,-0.56483202898557,-0.0678350273242204,-1.07379788144397,-0.150805254276614,-0.153308860948957,0.470172859539872,-0.38971804497117,-0.525308812085141,0.571695848137872,"Female",1
0.8223977018376,0.71349888886145,-0.143134343544319,0.336368808484548,-0.0780007854453985,0.857040883250062,0.18877597615287,-0.132476681803128,0.298201035913139,-0.94244884416185,-0.219176053867413,0.48280168546422,-0.0470543383050303,0.906479950210687,-0.0430610684565209,-0.228007706338396,1.24899864698822,1.03973371215711,-0.186535972835928,-1.07327312679435,-0.672987325717652,-0.600581802114929,0.422950145323303,0.167858109624101,-0.820187148556485,-0.809264321841354,-0.471784707508444,-0.64382383017597,1.02212176380242,-0.103119916686256,-0.700808053185658,-0.490685766151355,"Male",0
0.507170815461574,0.37373751321314,0.705221812631316,0.0270573226551722,-0.692754931648438,-0.727186203969754,0.826919607577606,-0.247722477969872,1.97017637232627,-1.42461332533252,-0.1815041653014,-0.479306595156048,2.77563665650069,-0.347003611833453,-0.714911633207752,-0.685532410236302,0.999172479918683,0.115833510644556,-0.0320885510474414,-0.807004873635859,0.186018977342552,0.676188162627172,1.6430737887251,2.36592852545312,-0.0678350273242204,-0.119797763518434,1.05719429285894,-0.961062580432851,0.275949287210372,0.821797773553167,0.419611356723425,-0.78934726414431,"Female",0
-1.19426486875645,0.0339761375648314,-1.1288504170648,-0.189479932923479,1.27574150424839,0.0649273396401542,-0.626650021558613,0.273318375122022,-0.0464675774181834,0.096782640980204,-0.757345890524632,-0.479306595156048,-0.695948819869541,-0.347003611833453,-0.714911633207752,-0.685532410236302,0.327476526996735,0.821957236086292,0.371724878626384,-0.376724568100353,-0.364362306654106,0.79180909160696,-0.0833483113550535,-1.29752216759524,-0.0678350273242204,0.11175566316252,1.19463136708394,0.372779234638525,-0.26302112600399,-0.460502096793655,-0.180007479505639,-0.969499879733659,"Female",0
-1.63498897910205,-0.985307989380096,-1.2373090994987,-0.678261459054783,0.0417183613062082,-1.12324297577471,0.118698732950228,0.0224733977050169,-0.2970523010959,-1.05785196581483,0.35156527221613,-0.479306595156048,-0.695948819869541,0.944412052500914,-0.714911633207752,-0.214162392052615,1.1242925973528,0.392649551567382,0.241350918305022,-1.20004044060025,-0.466565158565455,-1.42155127412522,0.457924281801983,-1.29752216759524,-0.820187148556485,0.311904457283998,-1.46744705244111,0.742897607304968,1.03992316728933,0.546491377490284,-1.41560513264946,-0.266526736385006,"Male",0
0.425913500824318,-0.985307989380096,-1.35133884039824,-1.32995395545045,4.26493979579543,-0.3311294321648,-0.0224275689926936,-1.50151664757544,2.27487959804578,-0.387949749187584,-0.757345890524632,-0.479306595156048,1.07785397827584,-0.347003611833453,-0.714911633207752,-0.685532410236302,0.708216591552173,-0.708836533666959,-0.948552055743065,0.139252857724292,-0.304101582128923,-0.711624677296029,1.20288612515067,0.167858109624101,1.06069315452418,-0.445324697669907,0.0436024703858768,0.950031922758205,-0.148454027909992,-0.846660314109804,0.108683083490289,1.46256043072257,"Male",0
1.01889749112919,0.0339761375648314,-1.07680185025374,0.541905678304285,-0.443311171777049,0.0649273396401542,-0.0160422969337309,0.273318375122022,1.19015556040503,0.096782640980204,-0.394202460203668,-0.479306595156048,0.179766435431062,-0.347003611833453,0.191783993816912,-0.685532410236302,1.68760410058657,0.904656411138026,-0.559043454941022,-1.16584868056895,0.962007003878381,1.52392617086122,1.80987008357596,1.99958345614828,-0.0678350273242204,0.18435079152736,0.664824153499647,1.41870615051749,0.992870486964464,1.88359565682858,0.422432639854745,-0.939524007083599,"Male",0
-0.535111151968365,-1.66483074067671,-1.28334794314486,-0.62281691105745,0.36960822423239,-1.91535651938462,-0.477772025201351,-0.78255432138348,-0.995646737063152,-0.0307168555332347,-0.757345890524632,-0.479306595156048,-0.695948819869541,-0.347003611833453,-0.714911633207752,-0.685532410236302,0.813305001010341,1.61393719613509,-0.753371670832358,-0.0945485435556191,-1.32377385009742,0.214729091594402,-1.10410442597419,-1.66386723690008,0.684517093908044,-1.73630498591099,-1.42685024328065,1.0355354499889,1.22700019105919,-0.696966305350912,-1.23943602885453,1.46256043072257,"Female",0
0.289546974330915,-0.645546613731787,1.04610212033003,-0.4384972332114,-0.27961370436145,0.0649273396401542,0.104367800287739,0.273318375122022,2.47259406450846,0.096782640980204,-0.757345890524632,-0.479306595156048,1.72207091491571,-0.347003611833453,-0.714911633207752,0.16692033409091,0.667397286754344,-1.69338896996486,-0.0194658276754904,-0.525808895711268,-0.00154877367123601,0.996426087456054,2.96136247760085,1.26689331753861,-0.0678350273242204,1.53701884470321,-0.403223070095981,-1.11436165408824,0.218551873298071,-0.962224457047135,0.800395211306053,-1.3877563019411,"Female",0
0.585280055057682,0.0339761375648314,-1.37715976845194,-1.08504580318319,5.39564210205455,0.0649273396401542,0.459566442409624,0.273318375122022,1.94812368736408,0.096782640980204,-0.757345890524632,-0.479306595156048,0.283934177493022,-0.347003611833453,-0.714911633207752,-0.685532410236302,0.613345110791326,-1.12273028196494,-1.00647585594207,0.270802677413193,0.184909337657074,-0.592178756434524,1.39054374850203,0.167858109624101,-0.0678350273242204,0.236495734955166,-0.854382738244251,2.3576078678878,0.0848485636496775,0.00498971947155817,-0.35728558480254,1.18744048610083,"Female",0
-1.34844811299823,-1.32506936502841,-1.25798071113239,-1.72816199981989,0.34189440277463,0.0649273396401542,-0.707638586423454,-0.504591490859176,-0.0132727843254799,-0.356485941889321,-0.757345890524632,-0.479306595156048,-0.695948819869541,-0.347003611833453,-0.714911633207752,-0.685532410236302,0.540355486025215,0.741921274518855,-0.190167907170658,-0.206758790580776,-1.17936932683197,-0.994895104719527,-0.566568012821099,-1.29752216759524,1.43686921514031,-1.13092850386602,-0.409440325737462,0.635377292344459,0.324243315787092,-0.056938588180878,-1.03902424331705,-0.0760733336434873,"Male",0
-0.527559512645158,-0.645546613731787,1.71610867256952,-0.359986117892922,-0.346249386181932,-0.727186203969754,-0.189200253357207,-0.852387171681461,-0.145747583721115,-0.190332655293968,-0.224159107910527,-0.479306595156048,-0.695948819869541,-0.347003611833453,-0.0492819070190214,-0.232244046189295,0.738540456519282,0.377360816363717,-1.36797448820738,0.263573505613202,1.2154358233363,1.59014407741979,0.710408976038121,-0.56483202898557,1.06069315452418,-0.3050405048632,-0.67403060702794,0.962530961972672,0.938737227784789,-0.882333263442036,-0.173164378454457,0.785196153274549,"Female",1
0.415080777235836,-0.645546613731787,-0.108892361589957,-0.925774925221683,-0.199724516764518,0.0649273396401542,0.781845807780582,0.273318375122022,0.839734350569035,0.096782640980204,2.59552182565507,-0.479306595156048,0.65161670700246,-0.347003611833453,-0.714911633207752,0.264613624568346,-0.296515511061677,-0.81087230278175,0.781270253540581,-0.40086889472467,-0.801818780071046,-0.600710203552314,0.233567722058857,0.167858109624101,-0.0678350273242204,-0.821648612079302,-0.677930384566186,0.139502462534846,0.567836621198995,-0.331011356860135,-0.875163555712996,0.334213991178138,"Male",0
1.16061945888606,1.05326026450976,1.03182311453158,0.358789319014043,-0.583794607968354,0.460984111445108,1.00890429675251,0.43182710922212,0.0242072079931459,2.37374571576615,-0.231805854466919,-0.00954186100702765,0.254550463100139,0.265029757117709,0.26921367252631,-0.685532410236302,0.352380508302104,0.967416882265946,-1.24090635241956,0.556925191536202,-0.667538437669215,0.116258981326468,-1.02173086721393,0.900548248233772,-1.94871533040488,-1.50929946057419,-0.0804315873674688,-0.168335887466684,0.116389051591764,0.0611921085138704,-0.210255965611597,0.217767089552865,"Male",0
-1.81915916969468,0.0339761375648314,-1.22970704651604,-0.507970055858019,0.864207048871123,1.64915442685997,-1.11913091438739,-0.133290986265187,-0.946463308455517,-0.261144542761115,-0.420314780444155,0.123217737774193,-0.695948819869541,-0.347003611833453,0.126586816622814,0.174047865397994,0.148109557962917,0.842030987478447,0.0454277266750158,-0.171143915670582,0.185558792322486,-0.11084068361031,-0.691607971803085,-0.56483202898557,0.684517093908044,-0.11840379640129,0.378742381300059,1.6761882364506,0.0240513823450675,1.37628788545407,-0.322580006529478,-0.178505905617665,"Female",1
1.32657647076592,0.37373751321314,-0.59646263416981,1.63285461452208,0.758277671505864,0.0649273396401542,-0.358347712859161,-0.0203439414354064,0.581152816015901,-1.55306862228701,-0.757345890524632,-0.479306595156048,5.56520373010578,-0.347003611833453,-0.714911633207752,-0.13370309748343,0.748047022881968,-0.310569705201902,-0.476316450303057,-0.269080254258654,0.761216164643408,-0.342855925710221,1.2041106704916,0.167858109624101,-0.0678350273242204,0.416466549287605,-0.28876649735831,-0.0178118962946378,0.305399491927725,-0.733908144509068,1.81543643847709,-0.153143971328771,"Female",0
-2.55207088650933,-0.985307989380096,-1.22532535901184,-0.504227885695911,4.32539948759352,-1.12324297577471,-1.87378639089134,-0.460331101932658,-1.49589735380082,0.0645837845503051,-0.757345890524632,-0.479306595156048,-0.695948819869541,-0.347003611833453,-0.714911633207752,-0.685532410236302,-0.951858167819583,-1.28423939324854,-0.580665285698672,1.51237554179384,0.95228257532066,1.55786894125138,-0.109008568490608,-1.66386723690008,1.43686921514031,3.09240718661082,-0.26953492275411,1.5852770238526,-1.55833329103338,-0.937514850669471,0.524654182373491,-0.0678468453231627,"Male",0
-1.1606437492451,0.0339761375648314,-0.402207104316177,-0.272653373277176,0.465246756513633,-0.727186203969754,-0.68966761260384,-0.0538511594710246,-0.628588711985697,-0.563638594866319,-0.540397985435155,-0.479306595156048,-0.695948819869541,-0.347003611833453,0.368438362483709,-0.132218088568593,1.35514105803725,1.00133850541272,0.227953945747002,-1.42215418942298,0.616133952780202,-1.06687334965817,0.651667519086257,-0.56483202898557,-0.0678350273242204,0.226111650418951,-0.232998090689232,1.32098187115393,0.977741356108495,0.451816312271005,-0.845585502248736,1.22517984750299,"Male",1
0.352671253877856,0.71349888886145,1.06952221151822,0.33089661225278,0.629296995669926,1.64915442685997,0.634474680629661,-0.348873022292389,-0.735037908492842,-0.2125268525541,1.71812519027128,0.995860451281198,1.29390570087492,-0.347003611833453,-0.714911633207752,-0.334779080431247,-0.0872308403035431,0.531412980582117,-0.239208554112407,0.141543309783657,-1.14458551887046,0.279215647146192,-0.905338009942611,1.26689331753861,-0.0678350273242204,-0.314757690629747,0.154765123755725,0.542159015103155,-0.309576635568897,0.316392586165261,0.0554953620670231,0.423218417707088,"Female",0
-2.19358242169792,-1.32506936502841,1.02114241435512,-1.27807423403893,-0.692754931648438,-1.12324297577471,-1.54202308718408,-1.30852808098101,-0.131474387691214,-0.109542289276821,1.49036344584862,0.860134115224255,-0.695948819869541,-0.347003611833453,0.220434227384605,1.22535608355297,-1.05992519732392,-0.107291086613985,0.962844067606723,0.10028559536506,-0.251830817361108,0.0832241099676795,-0.521537743243107,-1.66386723690008,1.81304527575644,-0.040776928688279,1.19732041177627,-0.718689269321994,-0.84352578084755,-1.10746380601003,0.0162721355829206,0.730778809313711,"Male",0
-1.13505225565962,0.37373751321314,0.418543798675025,1.96421132760083,-0.417327446790446,0.460984111445108,-1.39120738703046,3.05750613973522,-2.97630258976652,-0.0127158311984175,-0.757345890524632,-0.479306595156048,-0.695948819869541,-0.347003611833453,-0.714911633207752,-0.0315514880616135,-0.15342220361085,2.244985201862,-0.818835528319197,0.831532560311787,1.11137376971098,1.52499960634794,-2.72819606667658,-0.56483202898557,0.308341033291912,0.529258864552152,0.955814434169863,-0.723586285801463,-0.652765565516335,-0.944577332206333,1.86089553074918,-0.732166635596532,"Female",1
1.15353793698193,-1.32506936502841,1.74378981532264,-1.16078331250617,-0.692754931648438,-0.727186203969754,0.649801402047343,0.273318375122022,1.1817928849278,0.096782640980204,0.394337559921852,0.550149265107652,-0.695948819869541,-0.347003611833453,1.44172867964375,-0.195980977065536,-0.464914792465875,-0.731514959885527,0.105055632615367,0.253328736433784,-0.777148269651602,-1.10767759877529,-0.0833483113550535,-0.56483202898557,0.684517093908044,-1.03674933317502,-1.15626595518584,-0.719113837410427,0.374274970702181,-0.0182083901769424,-0.861106479605436,-0.844318612926186,"Female",1
-1.29512520918322,0.0339761375648314,1.59245225575951,-1.28245486762502,-0.692754931648438,-0.727186203969754,-0.656200748540684,-0.0936118031117069,0.51763080418627,-1.18521671075028,-0.757345890524632,-0.479306595156048,-0.695948819869541,-0.347003611833453,-0.714911633207752,-0.685532410236302,-0.465579984320662,-0.630071833131925,0.187148981990993,0.521496391644294,0.372063355031564,-0.594711505414252,0.0256535696602062,-0.56483202898557,1.81304527575644,0.63747978120435,0.883895209644162,-1.11090670417672,-1.08214536458729,-0.152549521041346,0.0189850563690029,-0.906105759160781,"Female",1
0.496625156148114,1.39302164015807,-0.067564303547856,-0.888244736699019,-0.511576719017599,1.64915442685997,2.08641049344724,0.273318375122022,0.177936288211203,0.096782640980204,0.204680858058338,1.24054806399573,1.62396510228718,-0.347003611833453,-0.414663379628599,-0.685532410236302,0.429611082785788,0.596132464703972,-0.678040929230142,0.0560496907914819,-1.33475412897519,-0.73337800086765,-0.63106925578835,0.900548248233772,1.06069315452418,-1.32741243650942,-1.01642921341691,0.0597740916140399,0.540888897382812,0.554067332471583,-0.957261494355693,-0.948784966256258,"Female",0
0.355525510446179,-0.645546613731787,1.60296698670658,1.82174245396819,-0.692754931648438,0.460984111445108,-0.826064348802509,-0.564312917578208,-0.687156844160421,-0.145655807433152,1.62310218618562,-0.479306595156048,1.21752348994081,-0.347003611833453,-0.714911633207752,0.663625082754008,-0.859850195887873,-0.495769716116002,0.203594268514826,0.577672481930953,-0.651470653620866,-0.212233171299645,-0.77007336609777,0.167858109624101,-0.0678350273242204,1.03869867201762,0.759622807451342,-1.21290408346045,-1.57998024778004,-1.00167238373209,2.71956723827167,1.69318365846269,"Male",0
-1.40892219755003,0.0339761375648314,-1.49401150001425,-0.683616034802515,-0.311393798768141,-0.727186203969754,-0.379514106922747,0.273318375122022,0.0318747146619714,0.096782640980204,-0.757345890524632,-0.479306595156048,-0.139222626637221,-0.347003611833453,-0.426700823930176,-0.685532410236302,0.789483891522624,0.0106833567987084,-1.15524128999045,0.180400766141131,1.57268980683929,0.890572182635355,0.87066066206681,0.534203178928937,0.684517093908044,0.442137047210401,-0.591379445552423,2.53929788637868,0.59333963781738,0.312323050024756,-0.185506598919367,0.623091881748527,"Female",0
0.904526868346413,0.0339761375648314,-0.777314517487401,0.325086077022564,0.614273678314036,0.857040883250062,0.453421116235056,0.273318375122022,0.275099722799703,0.096782640980204,0.551385303164539,0.30058420807402,0.356046779030528,0.669077760429604,-0.170305493598797,-0.314660112379665,0.110415689937442,-0.0981433758529381,-0.2481945374252,0.042379625603064,-0.614535617561679,0.288782972019569,0.0339112879189373,0.534203178928937,-1.94871533040488,-0.0313864551493427,-0.219194994560825,-0.0549206202058279,-0.0130686309322187,-0.0249619295254197,-0.0603895895693815,-0.180723562828937,"Male",0
-0.424796637789153,-0.645546613731787,0.0675195701005378,0.100109056743727,-0.389222601396773,-1.12324297577471,-0.624640603320608,-0.0427376016234915,-0.29217893591276,-0.823040630229424,-0.0587510765623033,0.769599994418636,-0.695948819869541,-0.347003611833453,-0.714911633207752,-0.685532410236302,-0.349257873145734,-0.759172492285845,-0.085686494575973,0.479521521461827,1.89153325080187,-0.408198173268691,0.412921951083573,-0.56483202898557,-0.0678350273242204,0.908106824177578,0.533333760099639,-0.753351363428672,-0.579160383087546,-0.385830519184664,0.305456248764835,-0.396706948116237,"Male",1
1.93588673581851,-1.66483074067671,1.7356221016877,-0.0361603636369589,0.0083332116264522,-1.91535651938462,0.927231495190678,-0.915275749715175,-0.922473527057863,-0.0301401081935555,0.368601616895108,-0.479306595156048,-0.695948819869541,-0.347003611833453,-0.012095888796194,1.22891453512427,-1.06490298086063,-0.1011318798543,-0.138202905445759,1.00975327196319,-1.36750137874299,-1.70562142941299,-1.93914398048379,-0.56483202898557,0.684517093908044,-1.85217960156947,-1.31992962781485,-1.07783024572149,-0.128339556644218,-0.600309518804708,-1.10519682211159,-0.935094075164871,"Male",1
0.0588520466009155,1.73278301580638,-0.590499350822369,0.297836960677236,-0.181962141548161,1.64915442685997,0.56192491673225,0.163592563700747,-0.57325839637968,-1.98428601564275,-0.757345890524632,-0.479306595156048,1.05864311764609,-0.347003611833453,-0.714911633207752,-0.685532410236302,1.37444394684758,1.67083521649098,-0.805938222762129,-0.606954489190135,0.0131555415746489,-0.160468492615439,-0.274623758768392,0.534203178928937,-0.0678350273242204,-1.28141018848542,-0.480570668168563,0.456963351587391,1.17176607387281,2.29265770117192,-0.688842690459735,-0.4235182572321,"Male",0
-0.34295019120673,-0.645546613731787,-0.53447097016727,2.32475718739435,-0.692754931648438,-2.31141329118957,-0.895635701630099,-1.11725906504699,-2.50056694605929,0.240106818991339,0.559939101816121,-0.479306595156048,-0.695948819869541,-0.347003611833453,0.107336852084211,-0.125587960531175,0.100593932604441,0.86580151969215,-1.1140037777207,0.632686512812779,0.660857732163202,2.56984522633818,-0.670884342709806,-0.56483202898557,-0.0678350273242204,1.49290374936539,0.120239378173314,-0.384264852693067,-0.346565824395723,-1.14239331187669,1.80383935375316,-0.142990290875973,"Male",1
0.657001637756526,-0.645546613731787,-1.24288908983928,1.98443577126786,-0.692754931648438,-0.727186203969754,-0.304314618681637,-0.932111360548559,-2.76454010007765,0.310711615546696,-0.757345890524632,-0.479306595156048,-0.695948819869541,-0.347003611833453,-0.714911633207752,-0.685532410236302,1.07463124091886,3.44641708815303,0.785920170488088,-1.3845138308631,-1.06987939166399,0.802103144369224,-1.58597807707882,-1.29752216759524,-0.0678350273242204,-1.64647607869479,0.63726019980795,0.748101511630716,1.2595775128121,-0.151093335035457,-0.283849102433987,-0.606675031553709,"Male",0
-0.454285151785339,-0.645546613731787,0.0497125101087128,1.42489129459887,-0.0199249329239138,0.0649273396401542,-0.948987952251955,-0.0392168409570884,-1.07487239322277,-0.277715520056601,-0.757345890524632,-0.479306595156048,-0.0712419218080807,-0.347003611833453,1.2255102421085,1.07634935438858,-1.25517468598533,-0.809932813199364,-0.747247873823804,1.63009139969287,2.08334880212281,0.690327629887645,-0.669483994655026,1.26689331753861,-0.0678350273242204,1.52060052246454,1.19928016542736,0.210393950171478,-1.68534056739317,-0.570058851586771,2.1537533448475,-0.017846890337298,"Male",0
0.196582333861735,-0.645546613731787,-1.35315127341959,-1.29714257027556,4.76070926853981,1.64915442685997,0.851862965507234,1.0304655222603,1.52969818799242,1.01466470827519,-0.757345890524632,-0.479306595156048,0.16885895004474,-0.347003611833453,0.180490631914454,-0.685532410236302,-0.122213156787755,-1.21600127399644,2.51117956662833,-1.43355818585247,-0.888301785191851,-1.48063885671975,1.66023419983155,1.26689331753861,1.06069315452418,0.175371052983766,-0.634988421367469,2.30113525465319,0.758596592416904,-0.510341213192811,-0.966373909960097,-0.67618607344748,"Male",0
0.762518095584866,-0.985307989380096,-0.515287073191108,-1.09929040605373,0.0854878453340289,0.0649273396401542,0.0460877066815528,-1.02464816282932,0.9257127297455,-0.33539607463553,-0.757345890524632,-0.479306595156048,-0.695948819869541,-0.347003611833453,0.180490631914454,-0.685532410236302,-0.181038842166539,-0.644317474928843,-0.0084177577817946,0.317805157408156,-2.00228525591463,-0.369690428800069,0.0660108223492675,-1.29752216759524,0.684517093908044,-0.551426535388483,-0.918795078668585,-0.191072303291503,-0.0782797765673565,-1.04976286074536,-0.398705408411734,-0.869723046484174,"Male",0
-0.214802570192406,0.71349888886145,0.995108122212983,1.60726414582501,-0.692754931648438,0.0649273396401542,-0.945091399908533,-0.240963346767893,1.02482055782483,-1.03672942694443,0.606746182762227,-0.479306595156048,3.41591215045054,-0.347003611833453,0.136553803338245,-0.685532410236302,0.00489411940295408,0.0142759528399074,-0.389800495406523,0.28632521381622,0.713584116740365,2.37478453695752,0.866541437390837,1.26689331753861,-0.0678350273242204,2.35488540670534,2.84512468431981,-0.917015715809956,-1.84151898525678,-1.21567397593732,2.532918667231,1.48180750503767,"Female",0
-1.5668677945807,-0.305785238083478,0.296327197569028,-0.794745097842817,-0.233354648024296,0.0649273396401542,-0.914929642811286,0.102804771959646,-0.0154376900866634,-1.96828269858337,-0.757345890524632,1.03672237157171,-0.355119951221696,-0.347003611833453,0.696634153604817,-0.204906879774118,0.929223777948902,0.155447744890936,-0.274350962440576,-0.733423579150876,0.395982103916315,-0.902312033676942,0.842609085263842,0.534203178928937,1.06069315452418,0.942360213063239,-0.227218928378829,0.0622106095911928,0.187414800812418,0.139969123821512,-0.429628910879869,0.922902077810686,"Female",0
-2.59562896497058,-0.645546613731787,-0.91074308562245,-0.820374549134716,0.898603869753296,1.64915442685997,-1.37202105569015,-0.974531175293567,-1.73252896297068,0.119929254805726,2.1978535790961,-0.479306595156048,-0.695948819869541,-0.347003611833453,-0.714911633207752,1.32435617169649,1.39500649982929,2.60072638609934,-1.65750854598362,-0.480373992349584,-1.13909255978723,-0.32516561399586,-1.77153738080344,-1.29752216759524,1.06069315452418,-1.11106372325116,0.891289777113645,0.0784441797049726,-0.154838311431162,0.188822084053344,-0.742263643309461,1.98223143723031,"Female",0
-0.68591074640382,-0.985307989380096,-0.684766693060301,-0.506557083248841,-0.692754931648438,-0.727186203969754,-0.879506684402757,-0.993100365031896,-0.190884658205141,-0.150522464654992,0.442324370357114,-0.479306595156048,-0.695948819869541,-0.347003611833453,-0.714911633207752,-0.685532410236302,-1.73221614114283,-1.94369402189384,3.36222999460706,-0.472769279157385,0.753599676464107,0.471786877466475,0.958458128348486,-0.931177098290406,1.43686921514031,0.331731418509429,-1.22408030102055,-0.453807370074867,1.13220211428488,-0.708906522774957,-0.0500863769255107,2.75044075119828,"Female",0
0.602204041939018,1.73278301580638,1.31640874803741,2.0192668715209,-0.692754931648438,-0.727186203969754,-0.697805424913702,0.995267300625441,-0.915202728970347,0.307978953217768,0.200110659727786,0.376535568958679,1.03572089518449,-0.347003611833453,2.27330732759205,-0.685532410236302,-0.762309272512728,-0.596999228815629,-0.369736879708961,0.878928851514635,0.887395601723096,0.99150726890833,-0.255863256239795,0.534203178928937,-0.0678350273242204,1.94834284219588,0.625914382854963,-1.14246859672238,-1.2493054958233,-0.445366401031063,2.19197685081873,1.33882923869692,"Male",0
0.994403672623762,-0.305785238083478,-0.97331202827387,0.236077220001071,-0.611481247591981,-0.3311294321648,0.407578424431555,-0.0237886606912127,0.442670453820726,-1.43051644901133,-0.757345890524632,-0.479306595156048,-0.220854033269514,-0.347003611833453,-0.714911633207752,-0.350550979914173,1.71817399917316,1.07872949988329,-0.414094759597949,-1.23746543903963,-0.056353230321663,-0.121727029280692,0.957730711479541,0.900548248233772,-0.0678350273242204,-0.740306623638837,-0.690116903465759,0.226820133409181,1.50474800491804,2.95873749913977,-1.06095151244589,0.119259904466712,"Female",0
-0.86169382166032,-0.305785238083478,-0.531806489490828,-0.462040571268608,-0.0730430907179546,-0.727186203969754,-1.16270965151724,0.273318375122022,0.102878094480863,0.096782640980204,-0.757345890524632,0.358622593430688,-0.695948819869541,-0.347003611833453,-0.714911633207752,-0.685532410236302,-0.0782990986328949,-0.655976142745249,0.0332941411638982,0.209371529140705,1.69956750833337,0.448019286168721,0.989608487010719,-0.56483202898557,1.06069315452418,0.655636967692206,0.0246499090240931,-0.470806928854623,0.111310933456644,-1.07641026606871,0.318406097625067,-0.91347545464705,"Female",1
0.806991943087048,-0.645546613731787,1.18085885975414,-0.218552960793145,-0.692754931648438,-0.727186203969754,0.24830329037528,-0.544982964669738,1.1881542363592,-0.65989048512242,-0.757345890524632,-0.479306595156048,0.238708808383976,-0.347003611833453,0.736673192749987,-0.685532410236302,0.945586159155228,-0.325493817756527,-0.165276652489205,-0.712142251330297,0.310383979014874,-0.350106402025845,1.49653398182174,0.167858109624101,-0.0678350273242204,-0.215981494601292,-1.29398124211171,-0.178611412802077,1.26613934340032,-0.0018342694318981,-0.633960988203412,-0.0185019378244926,"Female",0
1.03885196048232,0.71349888886145,-1.02733719432113,2.36776784039276,-0.692754931648438,-1.12324297577471,0.131540460931342,0.57276714126679,-0.688317486997179,0.774082129050688,-0.757345890524632,-0.479306595156048,1.69824806038579,3.12168796934051,-0.0951874053768588,-0.685532410236302,0.513857677726694,0.968051799970789,-0.687070255781884,0.113434646949334,0.560847610409242,1.73728072759933,-0.196253442751496,1.99958345614828,-1.94871533040488,0.541327192660293,0.695767213817143,-0.0538650877771762,-0.100400742706554,0.0638347196533899,1.47844519947676,-1.0810923906048,"Male",0
-0.130043442329136,0.37373751321314,-1.1483151546146,-0.879119898285901,2.83436121772705,0.0649273396401542,-0.181842299565053,-0.180808302243734,1.00186498078033,-1.17566171433357,-0.542250262106144,-0.479306595156048,-0.177248748693631,-0.347003611833453,-0.44638651421167,-0.319805619180232,1.72781384080246,0.383361709718,0.390101841455621,-1.82487790621536,-0.392263172171545,-0.684874125443953,1.84873486177406,0.167858109624101,-0.0678350273242204,-0.00281015178869664,-0.814082148241887,0.68690444407134,1.4906265141533,1.07585538923365,-1.01418236651405,0.45813702288745,"Female",0
2.15717087992995,0.0339761375648314,-1.31967723229998,-1.36120014892751,2.04702373351791,0.857040883250062,2.40753419724529,-0.116849144309221,2.4357864015363,-2.19972738048967,-0.757345890524632,0.445750018688088,1.17576607111312,-0.347003611833453,0.25405384753425,-0.245627399684913,0.244484568757021,-1.03535664508202,-0.602231604695712,0.214092191059214,-0.581618076652787,-1.1162648858167,0.923113512293993,1.26689331753861,-0.0678350273242204,-1.18399234401029,-1.52606742002003,0.941972095819236,0.72369508255476,-0.484147802269022,-1.14534648119314,0.172615648071375,"Male",0
-1.53073788670476,-0.645546613731787,0.789373716016619,-1.61703963748332,-0.692754931648438,0.0649273396401542,-0.352711100681177,1.49396294394507,1.08704320607903,0.585664606274613,-0.757345890524632,-0.479306595156048,0.279998904411249,-0.347003611833453,1.30603645112433,-0.685532410236302,0.916095627307667,0.356879762301373,-1.51561408797826,0.187972046307263,0.365058672136647,0.029626375612829,0.507187983783843,0.167858109624101,2.5653973969887,0.216652155249316,0.785021824371504,-0.590546374085035,-0.493807870835278,-0.664394879497835,-0.01525716951267,-0.395441387065382,"Female",0
1.04641974762309,-1.32506936502841,1.1109332538912,-1.22020444548283,-0.692754931648438,0.0649273396401542,-0.145955039662153,1.08382636882053,2.09052590886414,1.10777057208293,-0.757345890524632,-0.479306595156048,-0.0479195309471108,-0.347003611833453,-0.0439568692095168,0.228296931682474,-1.27409851075154,-1.70125820949218,0.0913412142490878,1.24604686991928,-0.0341335362561086,-1.01848431070516,-0.0357228741114633,-0.198486959680735,1.06069315452418,-0.269844384007692,1.04417393845867,-1.14483705358136,-1.51139313715185,-0.721562059960966,0.381832385862915,1.42258573791428,"Male",0
-2.02240615450281,0.0339761375648314,-1.57062775655059,-0.919924506013461,1.59541186563335,1.25309765505502,-0.369793434006304,-0.63011410193045,-0.918610727028542,-0.0711510498826308,0.0984698369833587,-0.479306595156048,-0.180001933784811,-0.347003611833453,0.353487672521931,-0.321746844185846,0.016295728743186,0.940394124217708,1.9008873794102,-1.27232620496339,-0.969080596395661,-0.304433019375209,-0.382903211215216,0.167858109624101,-0.0678350273242204,-0.18262690986626,0.457456312575042,1.82258475352276,0.426116891580735,0.534782510595162,-1.36317000098091,-0.84146766007724,"Female",0
-1.91174963070835,1.73278301580638,1.0421036650534,-0.526155482972642,-0.408297037450839,2.04521119866492,-1.29695910961713,0.592248592999187,0.157841685632329,1.32141001884442,1.14601343209153,0.276851959077513,-0.185957249363958,-0.347003611833453,-0.450894805821249,-0.325945838127663,-0.633064544190507,-0.873332463610131,-0.301124281747985,0.776215090338743,1.17907314086013,1.15179210688357,0.334561152390512,0.534203178928937,-0.0678350273242204,2.45926519854627,1.87851496942959,-1.08051157487509,-1.91500419041439,2.12474283823731,0.593699896306723,0.241168065108835,"Male",0
0.432658314665324,-0.645546613731787,-0.102950871524595,-0.233160604058127,-0.155578076304634,0.0649273396401542,0.827599718811454,-0.366556356745217,-0.669926560941826,-0.226557610772104,1.66725084725744,-0.479306595156048,-0.695948819869541,-0.347003611833453,-0.714911633207752,0.345102185912689,-0.537000583466133,-0.107152928968623,0.989274711493997,-0.239228981745021,-0.943711026650588,-0.36440019819093,-0.772663850407021,-0.56483202898557,-0.0678350273242204,-0.887580178302653,-1.0020775478143,-0.177295155202814,0.641651829320259,0.407519760030323,-1.16672216209471,0.412612886962033,"Male",1
0.105571081577735,-0.645546613731787,-0.880893423413652,-1.20508323244974,1.26584051623062,-0.727186203969754,0.955256751701279,0.854466554160145,0.681963130150363,0.968966282765863,-0.757345890524632,-0.479306595156048,-0.695948819869541,-0.347003611833453,-0.714911633207752,-0.0303010465278197,0.175064637583429,-0.106939748816028,-0.346628605165104,0.193299873813664,-0.906324756478731,-1.5525070947273,-0.363364027462205,-0.56483202898557,-0.0678350273242204,-1.13429398129423,-1.43322856073638,1.6734363903591,0.454803016136836,-0.0486342087114656,-1.03648154228176,0.283794489131841,"Female",1
1.02079387809219,0.0339761375648314,0.536167669961955,0.873265196337789,-0.0205251380967275,-1.12324297577471,-0.432744606073159,-0.108196893878318,0.0175079069894283,-0.845334376353559,0.0859369706809461,-0.479306595156048,0.320833537226338,-0.347003611833453,3.49610152996118,0.748300239217838,-1.56836510006412,-1.19152945382393,-0.550539471295753,1.62132691045851,0.913719754509684,0.87024887307263,-0.308772059814518,-0.198486959680735,-0.0678350273242204,-0.126773431602547,0.409990065766346,-0.119848630847989,-0.920963635406798,-0.787217962301969,1.53551429062141,1.74705185764287,"Female",0
-0.22066728476361,-0.305785238083478,-1.2053561142714,-0.309621835794139,2.03756970085688,0.460984111445108,-0.124174818565086,0.273318375122022,0.722472654465207,0.096782640980204,-0.757345890524632,-0.479306595156048,0.0904944919295308,-0.347003611833453,-0.714911633207752,-0.685532410236302,-0.339430331600678,-1.0153355640922,0.29701310651234,0.324495069908277,0.935891212172951,-0.50391505008055,0.720041952826872,1.26689331753861,-0.0678350273242204,0.866215177668623,0.608223819930761,0.406023580685368,-0.738916019855033,-0.765478835013409,0.146541441883487,-0.197034073931184,"Female",0
0.537075648702045,0.71349888886145,1.98164069368002,-0.189063587317694,-0.269537089061767,0.857040883250062,-0.193040488724658,-1.24638411306268,1.58149779986758,-0.368088348726461,-0.757345890524632,-0.479306595156048,-0.695948819869541,1.32953065240061,0.183688497147032,-0.685532410236302,0.0782143569671053,-1.29641394023891,0.619346321350897,-0.357515625888945,-0.0203740041561965,-0.36440019819093,1.55377609389337,-0.56483202898557,-0.820187148556485,0.0886003204944244,-0.34249380516938,-1.20020236365956,0.333305935913928,-0.894377900095131,0.523760861852187,0.107530423099581,"Male",1
-0.187416634778467,-0.985307989380096,0.988032600306759,-0.455217209571997,-0.692754931648438,-0.727186203969754,-0.789992845637504,0.754236884041227,-0.0311654723213981,0.821711894493786,-0.119546511321676,-0.479306595156048,-0.695948819869541,-0.347003611833453,0.0813163303977644,-0.685532410236302,-0.531572910420501,-0.247283911457601,-0.565475265356273,0.989784991749079,0.617528354273477,0.289495742829489,-0.576934725825808,-0.56483202898557,1.06069315452418,-0.411291286093383,0.0643922698388524,-0.40142161926278,-0.336719291255996,0.207630555518563,0.221447711682103,-0.391844529341896,"Female",1
-1.66872819898863,0.71349888886145,-0.742650023479483,-0.0527262036689299,-0.214380879000346,0.0649273396401542,-1.09401592825744,0.618313264607765,0.828141241870699,1.66000400835263,-0.757345890524632,-0.479306595156048,0.959063552520357,-0.347003611833453,-0.714911633207752,-0.685532410236302,-0.760348315885425,-0.385105568130796,1.75397704629107,-0.24415888291834,2.78736706651632,0.806620269472059,0.888351160215364,1.26689331753861,-0.0678350273242204,1.32266706770792,3.44925951584944,0.0586636164824648,-1.21444932499124,0.976635355364739,1.06077995855916,1.00402718968633,"Female",0
0.620406620423262,0.0339761375648314,-0.638602027857035,0.09919227852298,2.34184824671578,0.0649273396401542,-0.100949963836,0.273318375122022,0.063078554033103,0.096782640980204,-0.757345890524632,0.38062073441984,-0.115970339330367,-0.347003611833453,-0.414663379628599,-0.685532410236302,-0.635569048404764,-0.819485505155356,-0.047963235791226,0.787731594595894,1.48118829958768,0.384198997624345,0.189446555911335,-0.198486959680735,-0.0678350273242204,-0.352566983847833,-0.662953005056532,1.72781149524888,0.376621645725852,0.731384291451132,0.0980964057432058,-1.19337587677544,"Female",0
0.278544452001508,0.0339761375648314,0.713452825955137,0.861148003275709,0.171959264998748,-0.727186203969754,0.0235036359174954,0.273318375122022,-1.32751800745077,0.096782640980204,0.200110659727786,0.376535568958679,-0.407337200693869,0.768031053215344,0.480375951112167,-0.482037158918284,0.808238717172647,1.4282843780036,-0.512256072945251,-0.462503217405445,-1.57199819998407,0.249995372838422,-0.800275172474422,0.900548248233772,-0.444011087940352,0.285118228696577,-0.0776795900808866,-1.00297175193824,-0.0367777678859044,1.14747636382426,-0.329953119583047,-0.08283675456901,"Female",0
1.85120656156218,0.37373751321314,1.28981232505653,0.147425569273813,-0.474616363640908,0.0649273396401542,0.528571885315119,0.273318375122022,0.938612905951114,0.096782640980204,-0.757345890524632,-0.479306595156048,-0.695948819869541,0.584404312741004,-0.215689338566217,-0.685532410236302,-0.87947713840989,-1.40429395384807,-0.923525744855691,1.64021436409734,0.228061992092298,-0.3024604148089,-0.364470683973469,-0.56483202898557,-0.820187148556485,0.27384306183919,-0.161655549610167,-1.08770036805476,-1.17799623627499,-0.181162873716535,0.139630704345002,-0.225601596335122,"Male",1
-0.159444859570807,0.71349888886145,-0.679181903118583,-0.825914979484485,0.622551832775445,1.64915442685997,0.0405027824210113,0.639071079859615,1.1484376576966,1.76559852944224,-0.272280658687971,-0.479306595156048,-0.111084840697666,-0.347003611833453,0.496198049099546,-0.685532410236302,0.270453602293017,-1.09502847341618,-0.44492390054505,0.111473818788827,0.476773951680136,-0.911795828946199,1.10442206996072,0.167858109624101,-0.0678350273242204,0.772477065504133,-0.398312111488199,0.0915814796216499,-0.243169303290709,-0.0195591564707857,-0.253562326860493,-0.720057796609944,"Male",0
1.12456691343187,1.05326026450976,1.02694187544929,0.415028488446105,0.667320613048551,0.460984111445108,-0.201007163041476,0.0870422785110282,1.47119769901519,-3.56440166011819,0.066125422358448,0.256770118004932,0.793393263966511,-0.347003611833453,0.313108944930523,-0.685532410236302,0.237050145438758,-1.39522798557652,-0.842976300927077,0.363378905050064,0.622276256588118,0.274863919574166,1.62963504813415,0.534203178928937,-0.0678350273242204,0.629924454962968,-0.642567090313346,-1.04382635233426,0.0530509553450449,1.27697707950846,1.04787492072796,0.580414273768148,"Male",0
2.44612038037041,1.05326026450976,2.40911268139985,0.877569929208523,-0.692754931648438,-1.12324297577471,2.01792762928259,0.427733530568393,1.04723481788438,3.90416822087328,-0.0747223381854805,-0.479306595156048,0.950188239205254,0.447966064687368,0.98946117965825,0.475131444867988,0.794341827678818,0.0590327029248576,0.0838627337851713,-0.912167732875547,-0.914277560774393,-0.529293237101263,0.787701175911291,2.36592852545312,-3.45341957286941,-0.998916522664977,-1.33679796475766,1.75597293813207,1.38708779007378,0.773849068690497,-0.532710764207243,-1.32584571276754,"Male",0
0.00731050025446814,-1.32506936502841,-0.465005618787597,1.2870374553162,2.34734089178412,-1.91535651938462,-0.603808572290245,0.273318375122022,-1.0222144283282,0.096782640980204,0.297861459360885,-0.479306595156048,-0.695948819869541,-0.347003611833453,-0.0562518517958602,-0.685532410236302,0.185158749013435,0.919927281762762,0.575366838370024,-0.50143183690739,0.413663592189339,1.1455036312684,-0.112958367232942,-0.56483202898557,-0.0678350273242204,-0.503861248191348,0.079304324943866,-0.348611952637295,0.892501086138941,-0.470071160742296,0.874824751746664,0.877930548401362,"Female",1
-0.051142262311775,-0.305785238083478,-0.446002758616576,-0.729825777524448,-0.462164479209189,-0.727186203969754,-0.0194779567826385,0.917260107403674,0.848026259417108,0.941138023342395,-0.757345890524632,0.284061097836114,1.36346629323144,-0.347003611833453,-0.181843759268465,-0.322517576317296,0.597529074276829,-0.377854687227842,0.253241085301877,-0.663230824812857,1.88322228000598,1.45599953713856,2.11251732002977,0.900548248233772,1.43686921514031,0.0550446967974413,-0.514903158986428,0.0039396724369095,1.48113330040517,-0.144176451507487,0.00722191565193631,-1.50533842866609,"Male",0
1.62676464070956,-1.32506936502841,-0.464073544361305,1.2474944975422,-0.61012668619104,-0.727186203969754,0.457798311301423,0.273318375122022,-1.05104146749447,0.096782640980204,-0.757345890524632,-0.479306595156048,-0.695948819869541,-0.347003611833453,-0.714911633207752,-0.685532410236302,1.16083064769281,1.99531705846211,-1.15380515772235,-0.164566101884816,-0.840127222546739,0.737573261381902,-0.977806150133928,-0.56483202898557,-0.0678350273242204,-1.65634483071773,-1.25343277906841,-0.30580632740828,1.38851336426612,-0.5176631913192,-0.786602700717722,-0.541884880093003,"Male",1
-1.13542316783873,-1.32506936502841,-0.225773182705996,-0.333384267932626,-0.692754931648438,-1.91535651938462,-1.19737323067052,-0.89248079389638,0.0936123783353485,-0.22601638941493,0.347008103054187,1.49499231493875,-0.695948819869541,-0.347003611833453,0.663762539391391,-0.685532410236302,0.186581399885539,-0.232391888203423,0.438522654535209,-0.549341911808334,1.10583427388492,1.57015741976836,1.44164428531471,-1.29752216759524,-0.0678350273242204,0.491122647149402,0.399933937174406,-0.753219117052395,0.632436011833644,-0.522628793109264,0.302690139796415,-1.06764102719217,"Female",0
0.0769184034006716,1.05326026450976,-1.02820265154178,0.0907510412286197,2.63053494059415,0.460984111445108,0.0155881603234065,0.273318375122022,0.272612611272167,0.096782640980204,-0.0349637979506714,-0.479306595156048,-0.115277414025055,-0.347003611833453,-0.414304660090256,0.952154582449684,0.43807162677219,0.305651716408463,-0.583532696946101,-0.07378784505308,-0.469572587943791,-0.545557414103962,0.0276070083880789,0.900548248233772,-0.0678350273242204,0.524070151962156,0.727951997898871,0.765633668053681,-0.780298019244451,0.475392507302058,0.0568441938808797,-0.442899926472482,"Female",0
0.150559790240044,-1.32506936502841,0.269852914808505,-0.581707192272409,1.92060352932972,-1.91535651938462,-0.300292500048248,0.273318375122022,0.766814995605407,0.096782640980204,0.490608312745538,-0.479306595156048,-0.695948819869541,-0.347003611833453,-0.714911633207752,-0.15505872104197,1.2293206240047,0.143160280204995,-1.76210086167936,0.0276742152976817,0.61115869981056,-1.28716873575851,0.472343226142722,-0.56483202898557,-0.0678350273242204,-0.594661509132876,-0.632226923596295,-0.0803992238347482,0.385436812997433,1.25393622334171,-0.468590245983957,-0.800522984714368,"Female",1
1.26120070475601,1.05326026450976,-1.20346703883156,3.09313264399061,-0.692754931648438,0.0649273396401542,0.706403314734113,-0.108996716245197,-2.51746335696418,0.627895631831082,-0.757345890524632,-0.479306595156048,-0.695948819869541,2.60538377172343,-0.714911633207752,-0.685532410236302,1.28393037505482,2.12910031693546,-1.34042106206968,-0.159264844952353,0.518324658246196,1.31225909537043,-0.943252039364325,-0.56483202898557,-3.82959563348554,0.433309100968528,-0.0610002941573963,0.505034654233667,0.413096781444929,2.25202962782491,0.19242540267205,-0.452798421834534,"Male",1
-0.772443023830225,-1.66483074067671,-0.4705839785782,0.437034243156238,0.186836068381925,-1.12324297577471,-0.237499154961372,-0.325579157167512,-1.13384983603243,-0.0767985791026808,0.235484670205091,-0.479306595156048,-0.695948819869541,-0.347003611833453,-0.714911633207752,-0.685532410236302,1.04314395528507,1.08979726987454,-0.332387022171174,-0.681418134212318,0.798080922476771,-0.953896067619903,-0.196253442751496,-0.56483202898557,-0.0678350273242204,-0.177286890142671,-0.258310479305608,-0.261390764305,0.690725446308003,-0.0655755023260117,-0.568069073852206,0.337702935623535,"Female",1
1.81728774505162,-1.32506936502841,-0.534161886024631,-0.194787547597652,5.40902319443632,-1.91535651938462,0.67387097158838,-3.8181883238368,0.818489036512144,-0.0345043629155147,-0.757345890524632,-0.479306595156048,-0.695948819869541,-0.347003611833453,-0.714911633207752,0.961996451396114,-0.77099259072493,-1.2760449866204,-0.165276652489205,0.901408894427856,0.125159508439078,-0.350106402025845,0.414658063668067,-0.56483202898557,1.06069315452418,-0.777053259251298,-1.2501627417262,0.476652345365075,0.163126868331949,-1.09178949483935,-0.143219918626688,0.898662104512043,"Male",1
0.793011007351662,-0.645546613731787,-1.19167205947922,-1.35909799799182,-0.509136608409776,0.857040883250062,1.38411060542135,-0.0939813199075103,1.39469092352174,-1.7137689283639,-0.757345890524632,-0.479306595156048,0.772395490377682,-0.347003611833453,0.0452334921678919,0.349772735442067,-0.209651939888547,-1.0628171186804,1.53657573701114,-0.781795313223065,-1.22485268269118,-1.37938927693452,0.906749996900101,0.534203178928937,1.06069315452418,-0.649922194753562,-1.47587435247328,0.0631920092084165,0.985221060475053,-0.800540759515093,-1.31660729627941,0.603512440373039,"Male",0
0.775714649716553,0.0339761375648314,-1.51213286086262,-1.11695415035342,-0.692754931648438,0.857040883250062,0.357751052328403,0.273318375122022,1.70721481073161,0.096782640980204,-0.757345890524632,-0.479306595156048,-0.695948819869541,-0.347003611833453,-0.409562074349326,-0.685532410236302,0.449623906178346,-0.625425011815517,-0.295225631594648,-0.0671435577029259,0.741075830499376,-0.777532539777867,1.04876728574304,-0.56483202898557,0.684517093908044,-1.27003379032728,-1.09701070154387,1.66332686930663,1.13120772023662,0.682520498230688,-0.681866981218477,0.0642704029027711,"Female",1
-0.822545590547877,1.05326026450976,-1.72079209274149,-0.6775339450104,5.20035389531314,1.25309765505502,-0.271962648169065,-0.562667276531646,-1.19897584126935,-0.0102844610849855,-0.757345890524632,-0.479306595156048,-0.695948819869541,-0.347003611833453,2.25099842375898,-0.685532410236302,1.85671063641644,2.84876816510471,0.517970095215078,-2.1579860069577,-1.88629090631088,0.704517399506027,0.0301012812929885,-0.56483202898557,0.308341033291912,-1.49465192091565,-0.276944378547228,5.40893852141195,1.99404089620085,0.346922278978368,-1.58454064152307,-0.517807458942066,"Female",1
-0.081920768209175,1.05326026450976,1.20655737302591,0.749236461457057,-0.495105972414796,0.460984111445108,-0.419267602235403,-1.11272949683796,0.440311740875802,-0.230224773410085,2.52513951384238,0.694340151072945,0.0956179011269296,1.18208301352663,1.74379882118323,0.430708642596081,-0.944431449818264,-0.91920126606157,0.0369302645092498,0.511767221482624,-0.606386649779671,0.860675908309677,0.0446353555047567,0.534203178928937,-1.94871533040488,0.807471887170706,1.2240838517027,-0.479695618804285,-1.26288502533136,-0.97141918706974,1.57837305912717,1.16928075378256,"Male",0
1.66160120401651,0.0339761375648314,0.568723755232966,1.96916350182124,0.460597661194405,0.0649273396401542,1.25061825486965,0.273318375122022,-1.19691525907319,0.096782640980204,-0.129481081091207,-0.479306595156048,0.0610947419557256,2.5777913662696,-0.714911633207752,-0.685532410236302,1.12393843379087,1.55117846656584,-1.08908141828042,-0.222334939111477,0.109291368436476,0.0940699741321327,-0.856705294632982,0.900548248233772,-1.94871533040488,-0.978060277739618,-0.97373762247187,-0.735733644692115,1.10635716243247,-0.000139268921044395,-0.612505020682112,-0.425490512519123,"Female",0
0.96633626548936,0.71349888886145,-0.0133598245188211,0.388325727587424,1.47187234371438,0.857040883250062,1.02748189234144,0.772165616261199,-0.804467157498466,0.45168899664402,-0.757345890524632,-0.479306595156048,-0.695948819869541,-0.347003611833453,-0.714911633207752,-0.685532410236302,1.09960943155449,1.68453744934572,-0.971759338172036,-0.227196577146378,-0.63213280238519,0.283898026937752,-0.750551095717193,-0.56483202898557,-0.0678350273242204,-1.62622517972393,-1.36805659680795,2.05810561573844,1.42842312490218,-0.156817652437915,-1.37219228129965,0.665092941473365,"Female",1
3.2836910395847,0.0339761375648314,-1.11298375994576,-0.309031985751781,5.2289359927984,-1.12324297577471,3.00672208879569,-0.355958017501044,0.810776466666372,-0.754115820799062,0.07720733443659,-0.479306595156048,0.310307839947922,-0.347003611833453,-0.714911633207752,0.0239624204459816,-1.5183183979824,-1.47038645230427,0.666551746887008,1.0931770967725,-0.823013376651321,-0.989184100131403,-0.799455429329331,1.26689331753861,-0.0678350273242204,-1.62388828291559,-1.9346567073755,1.56184076187009,0.352899822117005,-1.16315621834289,-1.12047519546267,-0.978912788530781,"Male",0
0.202928932174742,0.0339761375648314,2.3955307955024,-1.19325944059411,-0.692754931648438,0.0649273396401542,-0.208399680864823,0.273318375122022,1.42809171724689,0.096782640980204,-0.0563211815572087,-0.479306595156048,-0.695948819869541,-0.347003611833453,-0.714911633207752,-0.685532410236302,-0.212344337342032,-1.26571290869797,1.23500445018502,-0.48629905584542,0.568892914035879,-0.76512366633206,1.392004907604,-0.56483202898557,1.43686921514031,-0.442361754425295,-0.960960639181891,-1.03565307424351,0.957104022124644,-0.547292423517567,-0.451581504262987,-0.0469601119903926,"Female",1
-0.736697028089286,-2.34435349197333,0.984059422620957,-1.57216005787311,-0.176328397539702,-1.12324297577471,-0.589976591667534,0.273318375122022,0.182530597578327,0.096782640980204,1.27845818854744,-0.479306595156048,-0.695948819869541,-0.347003611833453,-0.714911633207752,-0.685532410236302,-0.807918620698036,-0.543928556056055,0.704195626899856,0.345065987722199,-1.65692441300989,-1.58818016076922,-1.04848501307175,-2.03021230620491,1.06069315452418,-0.726046735192208,-0.367153567291092,-1.10211532969257,-0.608981864215911,-1.20122309344946,-0.598155755844083,-0.37990950144124,"Female",0
0.287177589545294,0.37373751321314,-0.788512895021398,-0.31848399278762,0.287887981472327,0.460984111445108,-0.480429264635288,0.666514361715733,0.504985949078534,1.28600760980145,3.93580141724564,1.38516714917666,-0.695948819869541,-0.347003611833453,1.23806148321665,-0.685532410236302,-0.450434607031868,-1.17674743566858,-0.888042126831679,0.64510169804847,-0.00123882044673521,-0.168244195966855,0.119968561741774,-0.56483202898557,-0.0678350273242204,0.504048506087979,-0.219322600056928,0.0757922159940332,-0.735121971325929,-0.632728170730336,0.381015795718005,-0.0706837785605997,"Female",1
-0.511357564230591,-0.985307989380096,-0.802360071746114,-0.748688748793641,-0.153875069969757,-0.727186203969754,-0.68759881503729,0.273318375122022,0.197343284675778,0.096782640980204,1.89107203100145,0.467630464219252,-0.695948819869541,-0.347003611833453,-0.0536552954959409,-0.685532410236302,0.472768841057853,0.0926362791911488,0.797534641451556,-1.10166651331927,-0.458382762527387,0.200139010137269,0.748219359307506,-0.56483202898557,1.06069315452418,-0.410623999026523,-1.2268427776577,-0.076465356300816,1.46369597986789,-0.0723566520562768,-0.882474715922096,-0.197034073931184,"Female",1
0.0365214942715417,0.0339761375648314,-0.0765125669950306,-0.0675438978685646,0.23539796253055,0.857040883250062,0.512439267698382,-0.418578692669387,-1.12659243366263,-0.0557945466005213,1.53665773028341,0.692431782379893,0.0943308007675882,-0.347003611833453,0.512444642398805,1.26471313654158,-0.469906435408704,0.523433384680029,1.58520932214689,-0.91270090687716,-1.393530561282,-0.412743443757391,-0.819025797231654,0.534203178928937,-0.0678350273242204,-1.05165911479545,-0.338524184925397,-0.575239045308412,0.74332936538011,0.660916619596905,-0.948803890472376,0.392319060563385,"Female",0
0.118604119928712,-0.985307989380096,0.312185274944129,0.0329687037490706,-0.489014052438417,0.0649273396401542,-0.542392289903542,-0.295858586744907,0.218913832248806,-0.613228474139605,-0.757345890524632,-0.479306595156048,-0.24087207203076,-0.347003611833453,-0.714911633207752,0.59793576661591,-0.801352389672041,-0.869301649381835,0.623840746845466,0.434799282628735,0.581283438789591,0.39001244434975,0.175291703638227,0.900548248233772,0.684517093908044,0.431247357504335,0.288408198775969,0.0233880219742927,-0.39416295521383,-0.0957582668116986,0.658546765697343,0.711924532433611,"Female",0
0.86574950994657,-0.305785238083478,-0.717575054790123,-0.77654038052745,0.246202403094718,0.460984111445108,1.68606928060249,-0.544982964669738,0.241903210938083,-0.403305847946663,3.11851187540104,0.213596387713756,0.238708808383976,-0.347003611833453,-0.714911633207752,-0.356026637909822,-0.167011178730059,0.0547266497890204,0.665500613929727,-0.46390361352135,-1.54186072674312,-0.750332694648193,-0.587078897585337,0.534203178928937,-0.0678350273242204,-1.73087525915631,-0.768159237485685,-0.197302539096411,0.692572856364769,1.5979759953416,-1.2763707166858,0.121084111597936,"Male",0
1.54079822358961,-0.645546613731787,-0.282283410555662,-0.334659662273855,-0.0214004373070814,-2.31141329118957,1.44140033775482,-0.0120717635042088,0.437710028439907,-1.48936409582861,0.50427917256228,0.648422829232999,0.825246694032908,-0.347003611833453,0.860099549886728,-0.149247585166597,0.74654739551208,0.839637955346178,-0.531838522344544,-0.481336647749327,-1.15677354495915,-0.0596448320671402,-0.0954596314678611,0.167858109624101,-0.0678350273242204,-2.01070870421727,-1.42879684736663,-0.17741405540914,1.51833045859201,-0.0783755228670626,-1.29038261686527,0.128045286010691,"Male",0
0.76799356488323,-0.645546613731787,-0.611424017604918,-0.245663962850741,0.659343630381707,0.0649273396401542,-0.309448271855109,-0.239352343783659,0.901484660408327,-0.986910120738581,-0.271696242746006,-0.479306595156048,-0.403164502585311,-0.347003611833453,-0.108627207908144,-0.0662203562250797,0.278793744264252,0.0690421794405859,-0.551749343360128,0.155571420890433,-0.621317424182667,-0.095745716052004,0.189206901785976,0.167858109624101,-0.0678350273242204,-0.345771589556473,0.290875844120541,-0.268855793500712,-0.304922521691039,0.0400956793910983,0.0838292429554293,0.4194797773725,"Male",0
-0.692713300538128,1.39302164015807,-0.497420930355408,0.34055132952932,-0.667199804187388,2.04521119866492,0.620748305782649,0.273318375122022,-1.34201439407899,0.096782640980204,-0.437433820956181,0.664533249581393,-0.695948819869541,1.88837540714531,0.483221873931968,-0.685532410236302,1.08838209866613,2.15574649525401,1.36221064952444,-1.93905186796142,-1.05233891164993,-0.116641064662809,-0.347934073819445,-0.56483202898557,-1.94871533040488,-0.0271763928460511,0.760619553741825,-0.18799772139918,0.756652628725884,4.2487194066585,-1.10610685773682,-0.619916814333999,"Female",1
2.53307850547572,0.37373751321314,-1.28488590117404,0.262133963114214,-0.692754931648438,0.0649273396401542,1.34137289055086,-0.416335914491776,0.742551998485595,-0.657670715474601,-0.430693372164619,-0.479306595156048,0.879487052713386,1.17464823252812,-0.714911633207752,-0.407829004061641,-0.704272815195343,-1.0114466669245,-0.506758574081357,1.16870799490487,-0.0722231324095251,-0.164426051518313,-0.410435491775984,0.534203178928937,-0.820187148556485,-0.685208448506321,-1.04811471320635,1.02621282434726,-0.0605147210214595,0.36050143682469,-0.331859078542907,0.205291866590938,"Male",0
-0.191007792984399,0.37373751321314,1.84293157847468,-0.389778189977154,-0.692754931648438,2.04521119866492,-0.220695538523304,0.432658085547677,0.135889275671538,2.51739491144109,-0.229050729769372,-0.479306595156048,0.578027501734199,-0.347003611833453,-0.0553886017546976,-0.685532410236302,-0.130848119779135,-0.305249444894093,-1.11225627283203,0.983761981184592,0.0395872595819759,-0.214380906329865,-0.509355662845887,0.167858109624101,-0.0678350273242204,0.72526602669885,0.321962354018376,-1.16279103893492,-1.15774141275582,0.6974774138878,0.17480712688005,0.0796485496172524,"Male",0
0.857361342075583,0.0339761375648314,-0.56905901837728,0.445895858556804,2.15528246496825,0.857040883250062,-0.212496175895034,0.273318375122022,1.03230112628984,0.096782640980204,-0.757345890524632,-0.479306595156048,-0.695948819869541,-0.347003611833453,-0.714911633207752,-0.685532410236302,1.6131445618864,0.672584909550539,-0.765282456013989,-0.867291399960889,0.773445155454371,0.150176463752088,1.49653398182174,-0.56483202898557,-0.0678350273242204,-0.552624553391295,0.0205737694533488,0.40098518948854,1.06759709788802,-0.693724658507182,-0.108239061352836,1.05229384663751,"Female",1
0.240444819951221,0.71349888886145,0.454757657790415,0.849848383351462,-0.692754931648438,0.857040883250062,-0.786015125480093,-0.401034551489252,-0.404123838169698,-0.297485979992734,1.79789472853255,-0.479306595156048,0.0742920148243211,-0.347003611833453,0.0825781813701891,-0.685532410236302,-0.312301227290675,-0.516432582659057,0.967368705011866,-0.408384314375888,-1.20825120089621,-0.531667061713873,0.0326962366037736,-0.198486959680735,-0.0678350273242204,0.982631403573367,0.105016394601955,-0.524075934883142,-0.52717364894935,-0.460502096793655,1.20234461344941,-1.587682433562,"Male",0
-0.587467980865849,-0.645546613731787,1.24423847752998,-0.29955074607131,2.61237488664747,0.0649273396401542,-0.472742858299826,0.453966516362401,-1.04958394166526,0.775755117597366,-0.757345890524632,-0.479306595156048,-0.695948819869541,-0.347003611833453,-0.714911633207752,-0.685532410236302,0.741204555205764,1.57949264436108,-1.00503788967757,0.145027978147066,-0.397074418630132,0.159096812027473,-1.07053233742948,-0.56483202898557,-0.0678350273242204,-1.14971162299358,-0.413834900044523,-0.149600369493544,0.524515056671587,1.27871839284417,-0.519020524552656,-0.189067223623816,"Male",1
0.0336824678228437,0.71349888886145,-0.483124204409485,0.326903862311495,0.137266357561621,0.857040883250062,-0.317470982749178,-0.310380797294595,-0.858449880399807,-0.186010007703158,0.0720557713195338,-0.479306595156048,-0.695948819869541,-0.347003611833453,-0.0246289541972063,-0.215455588261621,0.422711196247822,0.755122480180283,-1.2950754879751,0.495977991627749,0.847382495560763,-0.352165179251267,-0.857506653380494,-0.56483202898557,-0.0678350273242204,-1.10261341898649,-0.533378630481884,0.955984429862538,0.500385415235571,-0.0339888883293639,-0.153095129064743,0.297780588550048,"Female",1
-0.631754414621826,0.71349888886145,1.30529482308026,0.372324208018241,-0.692754931648438,0.857040883250062,-0.646130412484964,-0.886127664909903,-0.964650713237864,-0.0252592110390526,-0.208178032682317,0.5024632988284,-0.695948819869541,0.93209609929879,-0.0293311522831266,0.715091581124223,-1.29199476957896,-0.923149627607587,1.11308406703069,0.441879944669128,0.295495363532623,-0.575029216340177,-0.665689318522935,-0.56483202898557,-0.820187148556485,1.33728529799927,0.506756149752434,-0.844535448512629,-1.15597987637516,-0.700755012724791,0.204919129122589,0.431213356268745,"Male",1
0.954499401263683,-0.985307989380096,0.683945908121247,-0.395600924588459,0.383333846401393,-0.727186203969754,-0.203509128148049,0.273318375122022,0.465080623656452,0.096782640980204,0.703122253157506,2.13163218087513,-0.695948819869541,-0.347003611833453,-0.714911633207752,-0.685532410236302,-1.86055478703909,-1.44480225935348,-0.476316450303057,2.09538277736763,0.722441315730602,0.0341688427021346,-0.993580852876573,-0.56483202898557,1.43686921514031,-0.899025382001301,0.0231139723742481,-1.0251184355517,-1.02460975337211,-0.94357056209714,0.769299840817803,0.668346250965457,"Male",1
1.11062952101716,2.412305767103,-0.532289080134032,1.54676834051547,0.0338037784079905,2.04521119866492,-0.321054312832217,0.273318375122022,-0.386533571067257,0.096782640980204,-0.757345890524632,0.0317707822798215,0.682836901242041,0.984711548409225,-0.714911633207752,-0.685532410236302,-0.555687533444192,-0.575266305745226,-0.427472314585962,0.999780056751082,1.73372237524805,1.02726812630745,0.0222045194153151,0.534203178928937,-0.820187148556485,0.427062456940844,0.221952409522889,1.08363549423129,-0.324232544411026,0.85889780382068,1.26097423932045,-1.01458853615836,"Male",0
1.55667298282391,1.73278301580638,1.18503707946216,1.66922222155553,-0.565088973001816,0.857040883250062,2.5705727004497,0.273318375122022,0.61486257944643,0.096782640980204,-0.757345890524632,1.08385848550468,4.04830031269717,3.72613820149011,-0.169124135378377,-0.685532410236302,1.09321993048541,0.820425514339128,-0.335977452590952,-0.753403174588672,-0.400178876111588,0.18056240787743,0.50809556764615,3.83130880267246,-3.45341957286941,0.421766020966178,0.873751338781473,1.07313287382768,-0.0988685026441606,3.79462252971983,-0.157762069762278,-0.415341615521313,"Male",0
2.96121836754967,0.71349888886145,0.181105044680747,3.53771420879199,0.723729276192666,0.0649273396401542,-0.014276594938579,0.944268701031379,-2.5377862304553,-0.212572529029451,2.80194071129672,-0.479306595156048,-0.695948819869541,-0.347003611833453,-0.714911633207752,0.827430076384182,-1.83517036612893,0.404206334500454,-0.999212380431192,2.22856772653281,-0.990071713405275,1.02042568722452,-3.44236093813809,-0.56483202898557,-0.0678350273242204,-0.196164390331092,0.385050832262558,0.393975590650948,-1.73585641931888,-0.253637342582981,1.6502637567596,0.561090317392816,"Male",1
-1.10659118495703,-0.985307989380096,-1.16183868550268,-1.09709573171422,1.13943659805908,0.0649273396401542,-0.58898557645267,-0.433519991475509,-0.475614671432131,-0.256923546840085,0.414425061964507,-0.479306595156048,-0.695948819869541,-0.347003611833453,-0.714911633207752,1.05778301311892,-0.837526650797805,0.0696480925560702,1.8821492334205,-0.512974041925446,-1.15633537519581,0.0396488538709153,-0.663956385309435,-0.56483202898557,0.684517093908044,-1.09999572843938,-0.0680822662103395,1.60968294884842,0.591506131905015,-0.489356961042952,-0.725238204924961,-0.887593524081096,"Female",1
1.3821057163033,0.0339761375648314,-0.795636962954664,-0.62675902999928,-0.692754931648438,-1.12324297577471,-0.022138670632389,-0.404255982667335,1.25196583946514,-0.837942494785373,-0.436414992709148,2.38940002182086,-0.695948819869541,-0.347003611833453,-0.714911633207752,0.405824287915099,-0.0977649021956152,-0.738711125240347,-0.71060284824544,0.509089072731391,-0.355598273469445,-1.1881598650806,0.214310671417387,-0.56483202898557,1.06069315452418,-0.523320168231232,-0.933385684799169,-0.23017110229723,-0.0792548538964501,-0.968582506997388,-0.199442986077252,0.477512403461629,"Male",1
-0.160479732382651,0.0339761375648314,0.925613403039944,-0.435072566976855,0.314276809863597,0.0649273396401542,-0.311401882724421,-1.09270633335861,-0.197526281168483,-0.131410970213552,2.86592788616094,-0.479306595156048,-0.695948819869541,-0.347003611833453,2.67755627464857,-0.685532410236302,-0.411318266727984,-0.415742777047537,1.54969239872641,-0.955151142556191,-1.16829002485148,-0.44791451286333,0.284544813419873,-0.56483202898557,0.684517093908044,-0.574058755636354,-0.633257337422453,-0.842244174719988,0.873268607898441,-0.673702312704287,-0.627693624529074,-1.5080962184187,"Male",1
2.00033478504993,0.71349888886145,-0.931508869146718,0.112636031262336,1.21405073275305,0.0649273396401542,0.653853014103495,0.765131478094413,1.12108267661992,1.32550982828943,-0.757345890524632,-0.479306595156048,0.876937803728627,-0.347003611833453,0.0993538570813745,-0.685532410236302,0.569988111941249,-0.0155649172289061,-1.21756464995799,0.402822795430517,-0.700557993885074,-0.167155062760777,0.214310671417387,0.167858109624101,-0.0678350273242204,-0.738922168449843,-0.977183410845651,1.79522043806355,0.319119247492105,0.613832608057674,-0.183816992011032,-0.782659091602381,"Female",0
-0.38582700282796,0.37373751321314,-0.433401220583889,-0.953981198277354,0.509920339160046,0.460984111445108,0.178080712523438,0.273318375122022,1.15322280809836,0.096782640980204,0.713782604571245,-0.479306595156048,0.0135722993885926,-0.347003611833453,0.387021373358715,-0.185260872689537,0.925399304432388,-0.384122703719301,-0.0375943394426636,-0.920744245328509,0.539548561223616,-1.24331216092572,1.41581006903169,0.167858109624101,-0.0678350273242204,-0.147178533680706,-0.621671112109334,0.218486466867343,0.906573378899932,0.964121116858751,-0.70459401716441,0.391912935387345,"Female",0
-2.05888889517458,1.73278301580638,1.22478508973217,-0.525419850834298,-0.692754931648438,1.25309765505502,-1.26565301131629,-1.01223055748135,-0.513162364430629,-0.0912161537788944,0.460446277621189,-0.479306595156048,-0.695948819869541,-0.347003611833453,-0.714911633207752,1.90273045395963,0.539442512895679,1.73714478356214,-0.892450778768954,-0.074952666289734,0.521069819413029,1.45000505761621,-0.572552198449336,-0.56483202898557,1.81304527575644,-0.385489580598273,1.62186857508184,-0.814472001768445,-0.21043113304317,-0.716414460603079,-0.0163069603919162,1.55426707892982,"Female",1
-1.65950521635345,0.71349888886145,-0.741593285752371,-1.86824502182698,-0.230036757087011,-0.727186203969754,0.133767461575311,-0.600432542109428,0.0238411899796565,-0.316192397738183,0.0703526878249887,1.00040408694784,0.302042898183495,-0.347003611833453,0.318386257959974,3.88830541507586,-0.983459844160931,-0.522142750534835,2.22346861332065,-1.00466370568884,-0.545185726447671,-1.42360864994769,-0.0210049515135973,-0.198486959680735,2.18922133637257,-0.930282303806638,-0.304061034224044,0.276746073924892,0.698325734571491,0.337521726847691,-1.1807978815989,1.33264267909564,"Female",0
0.0686218494742687,0.71349888886145,0.438448639826448,0.113612526702564,-0.273538098077818,0.857040883250062,0.816300001050271,-0.404255982667335,-1.18301812511058,-0.0405416484961208,-0.115484094893644,0.668176051634696,0.464931673821131,-0.347003611833453,-0.314261893559137,-0.412693235698464,-0.992702160330826,0.166431548295637,0.970942078830389,0.354928135238573,-1.12245117712721,0.0545810116926105,-1.31190258419926,1.26689331753861,-0.0678350273242204,-0.476861996636008,-0.135163321088752,-0.829973430933695,-0.225386442950094,0.846067180098801,-0.32225585637092,0.586192165310108,"Male",0
0.828133133838682,0.0339761375648314,0.0808510588644713,-1.07500819401643,0.309332300494471,0.0649273396401542,0.168032827328915,-0.182592371333389,2.31957359969605,-1.81200581675474,0.250377128616044,2.22301503803622,1.12663355522484,-0.347003611833453,1.80116873178569,1.45625510988584,-0.122507285214648,-1.06692372947035,-0.160661223231322,-0.144296367342332,-0.828746515026285,-1.33066081895059,1.0998461451654,0.534203178928937,-0.0678350273242204,-0.182317188722291,0.520104673848072,0.207692349613454,-0.580303539864134,-0.142022012375825,0.073065368722524,0.0809960475678442,"Male",0
0.123957604983446,1.73278301580638,0.909224416105887,0.938117924411598,0.36960822423239,1.25309765505502,3.88759319762644,-2.15820560597351,-0.30308790252668,-0.0217829397278091,-0.0855305444308547,-0.479306595156048,0.924124402436559,2.78252701473682,0.123781821790055,0.456754267162163,-0.0398571972574546,0.539507745909598,0.379343999940985,-0.238420184178225,-0.387294860153968,-0.463503851602178,-0.619134480345445,2.36592852545312,-3.45341957286941,0.158066348498712,1.16569724619447,-0.86684950155662,-0.685457395820652,0.55507008527701,-0.227182696842422,0.249994748871174,"Female",0
0.852555860923284,-1.32506936502841,0.0304357695417463,-0.567902975729907,-0.692754931648438,-1.12324297577471,0.203177912593277,0.273318375122022,-0.0446689394577811,0.096782640980204,2.17955179731704,-0.479306595156048,-0.695948819869541,-0.347003611833453,0.201693235642312,-0.0613320400732043,0.152842461367694,0.591727460395818,0.0444773729828878,-0.33893648506152,-1.62502617664645,-0.334614947165689,-0.715534784784316,-0.56483202898557,1.43686921514031,-1.83481150408328,-1.58019825920171,-0.664776253392865,1.28201147191224,-0.642104510033617,-1.03827624870983,-1.77538968674874,"Male",1
-0.718092015684691,1.73278301580638,-1.05810475516804,0.790553911007479,0.133527522925539,1.25309765505502,-0.98485502872889,-0.574324446973031,-0.807581591440103,-0.111268427618459,-0.355862615966606,0.238441514589553,-0.695948819869541,-0.347003611833453,-0.714911633207752,-0.685532410236302,-0.889407902156091,-1.10089362582377,-1.32648923270956,1.88855307914122,3.31124178617219,1.36201703105481,-0.117739189842707,-0.56483202898557,-0.0678350273242204,1.1073431455294,0.575026188673883,0.907596448392786,-0.951750681169429,-0.977888113532052,1.45256870177548,-0.898230713126884,"Female",1
-0.35862953037301,0.0339761375648314,0.817884759912732,0.456123855213169,0.0233565289823425,-1.12324297577471,-1.04649656694882,1.69360107436006,0.911460566361395,0.489515088098139,-0.757345890524632,-0.479306595156048,-0.695948819869541,-0.347003611833453,-0.714911633207752,-0.685532410236302,-0.240689186686148,-0.41210946164833,0.742712000580291,-0.0715357666107145,0.48435649577065,1.79596682593744,1.09059646182223,-0.56483202898557,-0.0678350273242204,0.339846608696845,0.942809871024846,-0.948420499113205,-0.0193340738055293,-0.73902843491289,1.69074175588442,-0.541884880093003,"Male",1
0.910927226146722,0.71349888886145,-1.62284178647641,-1.70610535159887,0.00640714529877381,0.857040883250062,3.02534616061993,-0.346968354749282,1.88339762500751,-1.15014734595529,-0.463549091941358,0.57115856837835,1.42951167586732,-0.347003611833453,-0.714911633207752,-0.685532410236302,1.39627844188211,0.223913672701964,-0.468710850055562,-0.925551488426254,-0.799612811855547,-1.69926573393427,1.00401817673202,0.900548248233772,1.06069315452418,-1.94009123203892,-1.72092418172788,4.31438445428714,1.74882789298564,0.417602366121321,-1.75055864074198,0.143395568049074,"Female",0
-1.97955083920665,1.73278301580638,0.160701121773447,-1.4800094736647,-0.692754931648438,1.64915442685997,1.51997974494032,-0.0945369926685215,0.320667903300123,-1.06318458569835,-0.757345890524632,-0.479306595156048,0.0393340344297455,-0.347003611833453,-0.334264074207236,-0.426314556061159,1.30054967551275,0.623259788382565,0.824492027245908,-1.67979411236581,-0.857707103580006,-0.985109918497382,1.04964715105865,2.36592852545312,1.06069315452418,0.680375212615662,0.111790496428312,-0.681313859770309,0.475674881312746,1.94489107841568,-1.16062511859431,-0.309045273281094,"Female",0
0.113625776589358,0.71349888886145,1.8405044971823,-0.574109404845819,-0.0825771190399625,-0.3311294321648,-0.278364283839104,-0.723207846638439,1.64652057308854,-0.626623809474183,1.13065976594501,-0.479306595156048,-0.695948819869541,-0.347003611833453,1.64207231526385,0.919554255897382,0.625988944599086,-1.44689932434945,-0.417666051017466,-0.590857038653737,1.2822702233359,-0.632467457418073,2.38575734901961,-0.56483202898557,-0.0678350273242204,0.146678475055386,-0.809412251900137,-0.164766591478666,0.908887293512838,-0.0591586941282682,-0.169381440621792,-0.27294462874668,"Female",1
1.43228515486023,0.0339761375648314,-0.551310470083128,0.687184199000716,-0.587272065107079,-0.727186203969754,0.376424892708628,0.872806536141629,0.294325781683919,0.798806712905031,-0.757345890524632,2.36337230892523,0.262674388595615,-0.347003611833453,-0.714911633207752,-0.685532410236302,1.62944635438289,1.3623438346492,-0.30137264342678,-1.32239556927729,-0.266661487009731,0.304109653222221,0.933506438471112,-0.198486959680735,-0.0678350273242204,-1.02162300281668,-1.12095434315357,0.147455802215989,1.93643153978803,-0.386018864200995,-0.807181278371182,-1.86232494101143,"Male",0
-0.499590185159671,1.05326026450976,1.43173448453093,-0.0550815333180768,-0.692754931648438,0.460984111445108,-0.458180028526903,-9.13678797186856e-05,-0.0068243242275355,-1.19809788112692,-0.153014244863075,-0.479306595156048,0.0327197958603252,-0.347003611833453,-0.714911633207752,-0.171760291466387,0.535099936357798,-0.302335712068316,0.0274365481585307,-0.444690240692435,0.710407741930074,0.255183362116273,1.01089430597332,0.534203178928937,-0.0678350273242204,1.24431923018493,-0.016740935522611,-0.772234604228628,0.0875531500251662,-0.951607322005829,-0.0609646273682031,1.74535814124074,"Male",0
-0.222950928691374,-1.32506936502841,0.00114566913891005,-0.745534275866332,0.22452779325307,-0.727186203969754,-0.562198647353139,-0.337179037635101,0.98498860597194,-0.84360828938568,0.399294590555044,1.07152361040622,-0.695948819869541,-0.347003611833453,0.729036926329364,0.543613942774957,-0.390853266630899,-0.861798333044503,0.104563723778701,0.133676593671886,0.0620450008899318,-0.432649486049467,0.468409803052397,-0.56483202898557,0.684517093908044,0.444102934398716,0.648743720460429,-0.0607663227821563,-0.650127236313153,0.722410241925302,0.203837474342733,0.118014810710478,"Male",1
-0.935588547377635,0.71349888886145,3.39145763600919,1.79001255574562,-0.692754931648438,0.0649273396401542,-1.24005248289422,0.721112846778654,-0.338940145782279,0.72282833746291,0.72732890747267,-0.479306595156048,1.98925541599693,-0.347003611833453,-0.714911633207752,-0.0544347984139434,-0.593901985773444,-0.592891038831954,0.882332290483307,0.00108667097482687,1.49558181145615,0.640324685840231,0.578846994702235,0.900548248233772,0.308341033291912,1.3132748805037,1.70617383584812,-0.736417565599703,-0.851928995004452,-1.03936679862737,3.38886563535206,-0.304320991403751,"Female",0
-1.24496438728217,1.39302164015807,0.319005241914912,1.1505629890511,-0.598097275754522,-1.12324297577471,-1.2424853378473,0.273318375122022,-0.637553624453306,0.096782640980204,0.0178256626604941,0.213596387713756,0.238708808383976,-0.347003611833453,-0.714911633207752,-0.685532410236302,0.627701205473718,1.48055340308483,-0.580665285698672,-0.12257548653405,0.866057390742269,2.25136450001941,-0.106245156183703,-0.198486959680735,-0.0678350273242204,1.57944815227873,2.47440979104145,-0.246415288684142,-1.05018685424326,-0.261258896392787,1.13531583908557,-0.846357585533344,"Male",0
0.350900991936281,1.05326026450976,-0.791652219970923,-0.802604251411656,-0.692754931648438,0.0649273396401542,0.495626080997975,1.44232028911026,1.27840060866603,0.643583620872747,-0.111369596203687,-0.479306595156048,0.0829325370083982,-0.347003611833453,1.70439641005517,-0.136356123025497,2.40785694609018,1.37757702645791,-1.97298644516003,-1.0896718463314,-0.569432256220171,-0.433486879655501,0.982309008378329,0.900548248233772,1.06069315452418,-1.1511011023513,-1.21364732473829,1.7500328655776,1.63381016842311,2.2177984317744,-1.00675680522046,-0.0688594380126326,"Male",0
-0.130994657543008,0.37373751321314,1.29502041354837,-0.353399726806407,-0.514786402970966,0.460984111445108,-0.264528418556051,0.273318375122022,0.400527669257622,0.096782640980204,0.777257691923089,0.435184651271098,-0.0791696743215389,-0.347003611833453,1.20088559902075,-0.685532410236302,0.312559421443266,-0.592082406993732,0.381780571731948,-0.655595505788793,-0.304993767136698,-0.662465754770443,1.00756430570942,0.534203178928937,0.308341033291912,0.849200434226638,-0.412717797810395,-1.05741864062706,0.118894388367279,0.820626259244289,-0.256350925321021,0.557947937912799,"Male",0
-0.778975390208706,1.05326026450976,-1.02142886008318,-0.058643480478301,1.2368867287339,0.460984111445108,-0.824784353486811,-0.344267541701949,0.650109805427016,-0.712497477499298,-0.757345890524632,-0.479306595156048,0.00945316371801521,-0.347003611833453,-0.714911633207752,-0.685532410236302,-0.893948091677213,-1.04737465826164,0.509621022012548,0.722841006381326,2.12593327079086,0.263448056003697,0.562083503248758,0.167858109624101,-0.0678350273242204,1.18140478716854,2.11063356142597,1.38255933374898,-1.44976873200388,-1.02122282247038,0.586698210726324,-0.332269684190722,"Female",0
0.559060548423069,-1.32506936502841,-0.588722964304082,-1.67566437125179,-0.692754931648438,-0.727186203969754,0.0558549130970663,0.273318375122022,1.42797571618879,0.096782640980204,-0.757345890524632,-0.479306595156048,-0.695948819869541,-0.347003611833453,0.218698891836181,-0.0497513281963449,0.401761083478566,-0.250984009065435,-0.968053077213747,0.331761092683995,-0.882578450676937,-0.885659673925414,0.117668144543216,-0.56483202898557,1.81304527575644,-1.18614640119462,-1.13512901622438,-0.304939202724605,0.423224986293341,-0.866777700829944,-0.778621346287285,-1.22424924122171,"Female",1
0.68406982820449,-0.645546613731787,0.0615922465033998,1.35412504094441,-0.692754931648438,-0.3311294321648,-0.786409656866102,0.868113869519163,-0.337931777509692,0.568480142516154,-0.757345890524632,-0.479306595156048,-0.695948819869541,-0.347003611833453,-0.222528000136631,-0.685532410236302,0.335383906579506,0.115833510644556,-0.547788255368546,0.202175060188614,0.653466095257522,-0.730947957383216,-0.13227855509847,-0.56483202898557,-0.0678350273242204,-0.422403200578204,-0.152985222288834,-0.621042194255726,0.120603686807787,-1.01601300141293,1.69184436961984,0.842711880791651,"Female",1
-1.2723202307951,-2.00459211632502,-0.53086140491888,-0.287549136398756,-0.692754931648438,-1.51929974757966,-1.02658403597777,0.273318375122022,-1.46353773297438,0.096782640980204,-0.757345890524632,-0.479306595156048,-0.695948819869541,-0.347003611833453,-0.714911633207752,0.80010055169812,0.418779128978991,0.870936916463752,-0.774886817475482,0.165123050348573,0.224195713804747,-1.55020691819835,-1.35140998940874,-2.39655737550975,0.684517093908044,-0.235440630947534,-0.610615265001393,-0.174146181291931,0.0209466475572398,-0.410446393927681,-0.577110210915026,-0.822568241729279,"Female",0
-1.08155451853364,-1.32506936502841,-0.560849369965667,-0.539381845174935,-0.692754931648438,-0.727186203969754,-0.530441995039969,0.273318375122022,-0.203245648328504,0.096782640980204,-0.757345890524632,-0.479306595156048,-0.695948819869541,-0.347003611833453,-0.714911633207752,0.144215781578566,1.1928898773583,0.654402453778082,-1.38842128269572,-0.116264334725347,1.43137323858923,0.66862940940089,0.693592084356062,-0.56483202898557,1.06069315452418,-0.0420900033780452,-0.907996485689295,0.0790583930225763,1.07144295252264,-0.648366196455675,-0.421585348247001,-2.34326546987824,"Male",1
2.73753744442952,-0.305785238083478,-0.755514056350899,0.0497325066092641,-0.692754931648438,0.0649273396401542,1.40691174289212,-0.42083610561487,0.305921858083614,-0.513208627445075,-0.757345890524632,-0.479306595156048,-0.695948819869541,-0.347003611833453,-0.714911633207752,0.153014090300907,-0.422771144726342,-0.18942389105538,-1.35979190822025,1.4407609918696,-0.759415756831153,-0.577804476335868,-1.33225353760418,-0.56483202898557,-0.0678350273242204,-1.61088095516672,-1.11113014262375,-0.172276495590336,-0.113076092390718,-0.327159461201961,-0.591998258575963,0.101275891724243,"Male",1
-0.474193080789771,3.09182851839961,0.386344504512998,0.605267861960482,-0.425573778672421,2.04521119866492,3.64433003211816,0.574622461998787,-0.418861246399639,0.968347706689436,-0.757345890524632,-0.479306595156048,1.11082429050902,1.97978495810726,-0.714911633207752,-0.685532410236302,0.558254963424089,0.75020736559531,1.64686555365728,-1.45928056782126,-1.20664345378654,-0.948338081673562,0.123943322248553,3.09861866406279,-3.82959563348554,1.07997608818385,0.886735749812119,-0.0144520563414202,-0.303364033453472,2.05892153259506,-0.737012017004449,2.06218082284689,"Female",0
-0.828655017734287,0.0339761375648314,0.589982135461226,-1.54713170383047,-0.692754931648438,0.857040883250062,-0.548253494272055,1.35495715674815,0.215884847587503,0.469781349165581,-0.0401053075063702,-0.479306595156048,-0.695948819869541,-0.347003611833453,-0.714911633207752,-0.685532410236302,-0.357515898302894,-0.512390444374781,-0.0084177577817946,0.490070404286252,-0.716919712772961,-0.740006571439967,-0.490113611656183,-1.29752216759524,1.43686921514031,-0.239941854657521,-0.756619845925089,-0.942575473774525,-0.221161107857352,-0.621028466667077,-0.550716135101135,-0.78934726414431,"Female",0
-1.61073860501325,-0.645546613731787,1.18770787888862,-1.23483605780847,-0.513128311088877,0.857040883250062,-0.678418432166605,0.0848281440293488,-0.103504788019233,-1.66766175321971,-0.757345890524632,-0.479306595156048,0.0575736091100359,-0.347003611833453,1.62562824120474,-0.685532410236302,0.959632238503947,0.685111552861149,1.44726130605951,-1.86698110803645,-1.32432966246224,-1.04429735531461,0.779631995287526,-0.198486959680735,1.06069315452418,-0.0907189610980346,-0.664217678431704,-1.0083050554899,1.17841137445302,-0.0293561849431887,-1.28771808977056,-1.5098138729359,"Female",0
-2.53282757686587,1.73278301580638,-1.0412782765491,-0.67065304458879,0.235155846215387,1.64915442685997,-1.46939131477698,0.273318375122022,-0.324145641511281,0.096782640980204,-0.243201493003892,-0.479306595156048,-0.0760228419462981,-0.347003611833453,-0.0730543972400529,-0.685532410236302,-0.326602400374247,0.210403652444788,0.362200976983133,0.185823025233698,0.200761333163891,0.405422823842873,-0.423530005952128,0.167858109624101,-0.0678350273242204,2.21723789291149,2.38945555560018,0.364574319390377,-2.0428980818048,0.195613455013172,0.274889510089978,0.187004323839933,"Female",0
0.644181067098172,0.0339761375648314,-1.29679215576992,0.559571266510867,-0.692754931648438,0.0649273396401542,-0.394424725126486,0.717027130796389,0.970557275126031,1.3834465979185,-0.757345890524632,-0.479306595156048,0.0135722993885926,-0.347003611833453,0.0197103711698759,-0.685532410236302,0.249719753249497,-0.239805445964784,0.803289706373093,-0.638078351181095,-0.233797403516213,0.655571709180309,1.23330383141939,1.26689331753861,-0.0678350273242204,-0.189770842822022,0.010338791261115,0.944564425020003,0.63862991050376,0.868008626765737,1.17109152746959,0.174680110246864,"Male",0
1.26034985755101,-1.66483074067671,0.804824962572519,-0.46934473691729,-0.692754931648438,-1.51929974757966,-0.339521267972759,0.838789068400049,0.343281708811985,0.860249167427864,-0.757345890524632,-0.479306595156048,-0.695948819869541,-0.347003611833453,-0.714911633207752,-0.685532410236302,-1.19311423852061,-1.34567838619997,-1.08299572585896,2.08559379165018,0.0196246356691443,-0.882965826505601,-1.19091661934553,-1.66386723690008,1.06069315452418,-0.36212111702176,-1.51205470914653,-0.842368713612147,-0.742369419340459,-0.971058436896604,-0.0903049729169305,-0.27986588521515,"Female",0
-0.660244512756908,-1.66483074067671,-0.156920920614218,1.14727296266346,-0.537826971415817,-1.51929974757966,-1.1237229476198,-0.459068366171809,-1.46495065521774,0.055152403096025,-0.757345890524632,-0.479306595156048,-0.695948819869541,-0.347003611833453,2.31651049329037,7.57196164324665,-1.27462959565407,-0.437154949038731,-0.551749343360128,0.835984554643872,0.945279905265654,-1.22409454103549,-1.4174343546243,-0.56483202898557,0.684517093908044,1.62271151726379,1.33407291353924,-0.623678418980268,-1.92196538875513,-1.02538741297084,1.72816482161175,1.05229384663751,"Female",1
-0.635794306951452,0.71349888886145,0.0491887730501294,-0.211601337129331,-0.692754931648438,0.857040883250062,-0.0127051869589144,-0.214659488056552,-1.03401615818389,-0.161650086003179,0.860558039288376,-0.479306595156048,-0.695948819869541,-0.347003611833453,-0.426370306947058,-0.489038142335203,0.286193608445232,0.581454086480563,2.15514099275837,-1.70196535185978,-1.23853441483687,-0.0012853212999458,0.309889243867252,-0.56483202898557,-0.0678350273242204,-0.0203784940811058,-0.824037875591965,-0.802608948226937,1.3642973343009,2.03576937686712,-1.33818843656656,0.300387088896168,"Male",1
0.532375347231774,-0.645546613731787,-0.93630979218373,-0.627107434935589,0.0240202096687472,1.25309765505502,1.10806517492709,-0.683974530821093,-0.268171663055168,-0.212467132132987,-0.12255973673525,-0.479306595156048,0.0694401040545845,-0.347003611833453,-0.714911633207752,-0.685532410236302,-0.248109387385815,0.088033363973622,0.496510487558421,0.0504097059548617,-1.14443026822418,-1.19546626813565,-0.884918170474539,-0.198486959680735,-0.0678350273242204,-1.53427924713328,-1.27672986400718,0.0352202051311467,0.700736885707794,0.224803507725937,-1.1744873726205,0.0736215587836987,"Female",0
-0.803385322488508,-0.305785238083478,-1.26167311067678,-1.478377770879,0.258035837998331,-0.3311294321648,-0.569236696092134,0.0473403099644459,0.40575881001899,-1.87500600980421,-0.757345890524632,-0.479306595156048,-0.695948819869541,-0.347003611833453,-0.247238702911586,-0.0485695789732121,0.476321790727987,0.0305211646339374,0.115252226196245,-0.43956423035328,-0.162317132696227,-1.07728335562871,0.253039535346885,-0.56483202898557,1.06069315452418,-0.854226698998697,-1.34382682247588,1.94001438654841,1.0541477264448,0.338409191559329,-1.2435242461945,-0.160085773270989,"Male",1
-1.62386782234588,0.37373751321314,-1.5379200226405,-1.79660087955539,1.66125839217383,0.0649273396401542,-0.778862094260123,0.741639634963224,0.0274598468736255,0.868988161693662,0.79538603419135,0.0758699088382454,-0.695948819869541,-0.347003611833453,-0.714911633207752,-0.685532410236302,-0.411718918112622,-0.292173264456599,1.83415005914992,-0.787541390741836,-1.26117002287362,-1.28977483559026,-0.15489654142054,-1.29752216759524,1.43686921514031,-0.52374967366971,-0.642172609258648,3.61793705531778,0.47805477531218,0.801859452257737,-1.02450933667172,-1.1556863149839,"Male",0
0.353099816435771,0.71349888886145,-0.30909498748058,0.723871221111314,-0.692754931648438,0.0649273396401542,-0.29325716600224,1.37855654834726,-0.0300955896375114,0.412433421321272,-0.757345890524632,-0.479306595156048,-0.695948819869541,-0.347003611833453,0.20002668133531,-0.685532410236302,0.380906886888254,0.359767161251702,0.422980785651877,-0.522014021917536,0.386157626068611,0.608617489846776,0.555265506229454,-0.56483202898557,-0.0678350273242204,0.706216460387082,0.613318574668137,-0.09314273838129,0.0375839938968953,-0.475706007984457,-0.113369301700692,-2.16345861468538,"Male",1
0.594720523818873,0.37373751321314,-1.40467959669024,0.191182294276911,0.970074355817206,0.460984111445108,0.155142392007532,0.727638999392485,-0.969741861698397,0.405752254250623,-0.757345890524632,-0.479306595156048,0.0305414143484442,-0.347003611833453,-0.714911633207752,0.338939946174882,-0.474727615208605,0.464145662207745,-0.139405412254436,0.653494933462082,-0.380816156698849,-0.295516492905086,-1.48310191345086,0.167858109624101,-0.0678350273242204,-0.779569276133139,-0.195309305689572,1.99335556071832,-0.188880849795251,-0.829269636289426,-0.146094706809535,-0.364518175867996,"Female",0
-0.171203619459983,0.37373751321314,-0.963346569286901,0.0883723274300619,-0.424771432867689,0.460984111445108,-0.432569446535699,-0.485347453612932,0.0917487152028751,-0.398699426508699,-0.128501572808141,-0.479306595156048,-0.695948819869541,-0.347003611833453,0.855185318426223,-0.685532410236302,0.0529790949877527,-0.330313304962158,0.94321840874493,-0.644031533039115,1.84231460422174,-0.0652339433535404,1.23823899749107,-0.56483202898557,-0.0678350273242204,0.347716190944114,0.628700726441533,0.425208326282094,0.455829554773651,0.90475958836923,-0.124241324592357,-0.576148902500107,"Female",1
-2.37087835806178,-1.32506936502841,-0.54520093328737,1.49555527678453,-0.350844950445413,-2.70747006299452,-1.76253034751793,0.273318375122022,-0.739427440854752,0.096782640980204,1.2480730530389,-0.479306595156048,-0.695948819869541,-0.347003611833453,1.78865091902453,-0.685532410236302,-0.237230541632841,0.888705249934018,-1.69112378774454,1.24026698521805,1.67560812407978,5.914629782865,0.0588171729541712,-0.56483202898557,-0.0678350273242204,2.4079362107271,1.63728023143784,-0.239513025053379,-0.922873971548801,-1.25243969290833,2.68271181918405,0.991230913192295,"Male",1
-0.266109182961385,-1.32506936502841,-0.913127434535398,-1.23367154179862,0.987819552230838,0.0649273396401542,-0.595770435100288,0.273318375122022,0.886649662327081,0.096782640980204,-0.757345890524632,0.461449412917829,-0.0614553907679419,-0.347003611833453,3.22672862526761,-0.238161648853095,-0.393763579110709,-0.89818228307073,0.490885548794676,-0.089844282332086,-0.475731887619486,-1.0358727324003,0.459121584141456,-0.198486959680735,1.43686921514031,0.094585644056152,-0.58258846039617,0.869226273708652,0.00501881381170505,0.315610728178583,-0.417884513009953,-0.531086521516219,"Female",0
0.697621162073851,0.0339761375648314,-0.421506212298641,0.156128170836372,-0.355496786924366,-1.51929974757966,-0.315844128665315,0.273318375122022,0.838822348451795,0.096782640980204,-0.00531378668832466,-0.479306595156048,0.210808580674905,-0.347003611833453,-0.714911633207752,-0.685532410236302,0.996352860713321,-0.463820293822541,-1.46724102523529,0.146504081687961,1.28626812995901,-0.589047472248144,1.18614503681248,0.534203178928937,-0.0678350273242204,-0.0233747694229324,-0.360712584647361,-0.138315620897878,0.247087519419244,0.285651615201195,0.640220120419268,-1.54794746904642,"Female",0
0.605055425428137,0.37373751321314,0.310761277047696,-0.0563583478403444,-0.431823630204024,0.0649273396401542,-0.0907326936816857,-0.344267541701949,1.65504228471692,-1.07355554028737,-0.172310756045295,0.566584699741763,0.00945316371801521,-0.347003611833453,-0.714911633207752,-0.188165206724637,0.641496212897633,-0.97563494740399,-1.51071782294754,0.441816133390066,1.84634916426135,0.867563214678938,1.89269259895139,1.26689331753861,-0.0678350273242204,-0.0889463780767632,-0.402729479553763,-0.957086824561249,0.581439146612596,-1.11732875709647,0.831688804717274,-0.9656721239824,"Female",0
0.40368773695401,0.37373751321314,-0.0826747025060339,-1.04309777831186,0.400854199405356,0.460984111445108,-0.0854808711430271,0.432658085547677,1.60125590327403,4.55800402501335,0.827539591741169,1.4096032401902,-0.0589606590676712,-0.347003611833453,-0.0553886017546976,0.661856855371332,0.865719126886886,-0.370031438053886,0.460498126970809,-1.34245854349951,-1.47522361380333,-1.4418114761022,1.40221578615144,0.900548248233772,1.06069315452418,0.113455137853759,-0.573933590953879,1.34318621737046,0.496054486953504,-0.092858612581633,-0.640836384797058,0.170806785974757,"Male",0
1.61162151437887,0.0339761375648314,-1.37453503859086,-0.897488039171307,-0.370826702593642,-0.3311294321648,0.998945280078225,-0.265993027529076,2.77976460140513,-1.706162567575,-0.757345890524632,-0.479306595156048,3.00003571771094,-0.347003611833453,-0.714911633207752,-0.251202875103812,1.97977993305266,0.0934595016001409,-0.845306628698197,-1.212277035395,-0.491668497185652,-1.05963305196946,2.10250231752139,0.167858109624101,-0.0678350273242204,-1.26559103151309,-1.16657992413409,0.689026199908039,1.62276606379315,0.703847954641564,-0.952205475027176,-1.38034566370213,"Female",0
0.32619335622431,-0.645546613731787,-0.112918608301721,0.0351832831232559,-0.422580832060217,0.460984111445108,-0.092391741102014,-0.519077708102774,-0.0375076053273755,-0.341413165028084,-0.757345890524632,1.53359592491266,0.209120019407619,-0.347003611833453,0.222176026007684,0.271691062443977,0.120210012194092,-0.285223726338179,-1.12145263934112,0.589088168786013,-0.0671359149240647,-0.106952159999696,0.000905255463216015,0.167858109624101,-0.0678350273242204,0.239562805933909,-0.704675451079873,-0.26364014788619,-0.192425197653777,-0.660773410731412,0.075839222776715,0.512392732433268,"Male",0
-0.860047232665613,-0.645546613731787,-0.186597650723981,-1.6509039406029,-0.673975784953576,0.0649273396401542,1.96160060557304,0.273318375122022,0.614085251779393,0.096782640980204,0.0619411169068111,-0.479306595156048,-0.0373824693386001,-0.347003611833453,-0.714911633207752,-0.685532410236302,1.09798141201772,0.670781695951068,0.609590129423665,-1.35435040747763,-1.8764192894498,-1.28695046775092,0.24254390826572,0.167858109624101,-0.0678350273242204,-1.77907573324684,-2.32068789342078,-0.610469748599727,2.08009678773939,1.76770860816022,-1.99074735662141,-0.599360014453306,"Female",0
0.0392502980505702,0.71349888886145,-0.0414607849662734,-0.193451348616685,-0.140941953289469,-1.12324297577471,1.44869289831884,0.273318375122022,-0.528696186125623,0.096782640980204,0.241636036752355,-0.479306595156048,0.207437735319741,0.816390673136904,1.46756204150773,-0.685532410236302,0.271488858987732,0.535832752542986,-0.315978710661715,-0.0796643465410536,-0.848588715127003,-0.819392807718403,-0.805549412059437,0.900548248233772,-0.444011087940352,-0.90845668368606,-1.28735688393695,-0.238173987897112,0.705885547203884,1.05521115224248,-1.03675438520797,-2.78790829025769,"Male",0
-0.163128509784249,-0.985307989380096,2.08714209218377,1.26146603053834,-0.692754931648438,0.857040883250062,-0.629082490951262,-0.693765026450062,-1.28660423868155,0.0243352140129314,1.07487778064021,2.7962347784103,-0.695948819869541,-0.347003611833453,-0.714911633207752,-0.296116497486833,-0.565812302439592,0.123857643888213,-0.907941178530372,1.02552821333233,0.823960920156864,1.22351061214838,-0.827495768286153,-0.56483202898557,-0.0678350273242204,0.334888965236897,0.116177770294444,-0.915652932820602,-0.426483436522781,-0.0239722323592555,1.4327680580261,-1.8105506730932,"Male",1
0.850472849759959,-0.645546613731787,-0.380505046629987,0.342098596384236,0.744976539310283,-1.12324297577471,-0.195598809129251,-0.945927174137908,0.8522672179351,-0.349933521980511,-0.757345890524632,-0.479306595156048,-0.695948819869541,-0.347003611833453,-0.714911633207752,-0.685532410236302,1.16318706297905,-0.511382405936927,-0.00988612589858922,-0.935930450243305,1.98934561989321,-0.0619778747440007,2.21434022614911,-0.56483202898557,-0.0678350273242204,0.311329504840547,-0.629296024229624,1.17831099818511,1.34673194544686,-0.410595723946876,-0.0141522477086749,0.701181979327508,"Male",1
-0.583023155706644,-0.305785238083478,1.40553713152346,0.154992772233461,-0.674324839724855,1.25309765505502,-0.567247696770684,0.273318375122022,-1.77928557691939,0.096782640980204,-0.2940249621841,-0.479306595156048,-0.137302881143305,-0.347003611833453,1.59872548402758,1.28392737838176,-0.267857439897988,1.86896827725852,-0.442732917072284,0.381035083273757,-1.67705330009442,-0.176444993445457,-2.63568855443827,-0.198486959680735,-0.0678350273242204,-1.08274063447441,0.72569906301315,-1.0178602166098,-0.622167300699488,-0.56819275092536,-0.0590248037646757,1.42258573791428,"Female",0
0.00534819130925356,-0.645546613731787,-1.01761009470831,0.0786831049286211,-0.692754931648438,-0.727186203969754,-0.839451450391946,1.26658797524274,1.3789548919816,0.762788499404003,-0.757345890524632,-0.479306595156048,-0.695948819869541,-0.347003611833453,-0.714911633207752,-0.685532410236302,0.0465742672729419,-0.991811548871891,-0.80027525300186,0.685416942412717,1.13299853951327,1.20959900304654,1.50805723052636,-0.56483202898557,0.684517093908044,0.53944846303205,0.120239378173314,0.421202886236968,-0.19661380164133,-0.19710881282153,1.73555085688896,-0.275649487596427,"Male",1
0.443916019861185,0.71349888886145,0.49715290557693,1.64057369620025,1.48863074842686,0.0649273396401542,-0.143091826085413,-0.645724166328768,-1.76066090444273,0.135002509983753,-0.757345890524632,-0.479306595156048,-0.695948819869541,1.68077001229414,-0.714911633207752,0.794752700863222,1.27397573441628,2.13659795170352,-0.419972586698515,-0.907770918653277,0.108157262219916,1.5202815907638,-0.393222241584678,-0.56483202898557,-0.820187148556485,-0.104494232511011,0.168969900348527,1.02579038983776,0.989075950634767,-0.890406131795508,0.0104513674374372,1.58248450914743,"Male",1
0.124975034477664,-1.32506936502841,0.19976317739277,-0.820339120648176,-0.160894960888177,-0.3311294321648,-0.240551094632692,-1.05227881083348,0.692019357524794,-0.287270158742758,-0.129481081091207,-0.479306595156048,-0.695948819869541,-0.347003611833453,4.77186797892748,2.51714051704914,-1.50232604335358,-1.72096808045778,0.29410953065522,0.757859682143476,-0.7158519116987,-0.716357098156107,-0.0777845920508969,-0.56483202898557,-0.0678350273242204,0.294401543647312,-0.157430356723269,-0.483728751850802,-0.948476046573404,-0.639048027554054,0.115974530937236,1.29670798183712,"Male",1
-0.497911856601513,-2.00459211632502,1.30668145070814,-0.389971336225748,-0.692754931648438,-0.727186203969754,-0.966328689363612,-2.40288726444853,0.271651933978723,-0.0585955615594244,3.04538248359111,-0.479306595156048,-0.695948819869541,-0.347003611833453,0.867528847920193,2.54735441258956,-1.86959499354248,-1.08324451369047,1.72879101466088,0.145178767454845,-1.2989720341956,-0.869267866512383,-1.03061526281955,-0.56483202898557,1.43686921514031,-0.117176403971102,1.658669154934,-0.929628964051822,-1.58296269125742,-1.12284082808721,0.775300966241157,1.43421473945851,"Male",1
1.53787570162749,0.0339761375648314,0.884286606841398,-0.990836147938134,2.95260883853087,0.0649273396401542,0.704338075569842,0.273318375122022,0.558178292170791,0.096782640980204,1.86437253325599,-0.479306595156048,-0.695948819869541,-0.347003611833453,-0.714911633207752,-0.685532410236302,-1.24937067955784,-1.28493225364637,-0.639202437262065,1.63224968074139,-1.393530561282,-0.243542084274772,-1.25946429206567,-0.56483202898557,-0.0678350273242204,-0.71957761506764,-1.41296806429673,-0.433060655804551,-0.674265854610201,-0.885737673783458,-0.60899577507706,0.078717413392967,"Male",1
-0.105270912002836,1.39302164015807,0.931119514537152,-0.457513961892054,-0.325518285171115,-0.727186203969754,0.847823252637071,-1.30852808098101,0.793315626852455,-0.239265101414328,2.98883633676412,2.19957482560456,2.01421084569831,-0.347003611833453,2.09112594856932,1.22535608355297,-1.18282495636808,-1.0260394282668,1.67660561826818,-0.55953085829069,-0.609885556020644,-0.110193800965053,0.330497263205885,0.900548248233772,-0.0678350273242204,0.176143010061166,1.28202531958467,-0.841597159532776,-0.672948386933631,-0.890712768054425,0.0793861027486289,0.133296698286979,"Male",0
1.71307819115944,1.05326026450976,-0.194054724888436,0.562556649879542,1.29032295932911,0.460984111445108,1.50012480378367,-0.744907747614797,0.298674575468995,-0.31748690475295,-0.757345890524632,-0.479306595156048,0.932265473905449,1.22562484372951,0.970904356737604,-0.685532410236302,0.602515345659421,0.393788410944067,-1.06710215153786,0.214022800411248,0.11042221806663,-0.282228827272054,-0.152153905362754,0.900548248233772,-1.94871533040488,-1.33248611169377,-1.10446806288999,2.00873366687583,0.918607272109935,-0.0696450885488015,-0.37583693506491,0.559973945735442,"Female",0
0.526748085550774,1.73278301580638,1.71740223230477,3.36524983059451,-0.692754931648438,0.857040883250062,-0.700006636352918,0.718326424370834,-1.46119168160709,0.16717128366295,1.01317771557903,-0.479306595156048,2.86204507977785,9.2752721067575,-0.714911633207752,-0.685532410236302,1.5284372975086,1.72347976695773,-0.612290774610666,-1.02920986722866,1.53739439939584,1.57704472515094,0.0770301742382961,1.26689331753861,-1.57253926978875,1.53213082629946,1.55313063213105,-0.887186900327029,0.07123607794924,0.951351485730191,2.66476209551699,1.26414059187416,"Male",0
-0.91666609873319,0.71349888886145,-0.142381382231117,-1.24271971433477,-0.442787130264714,-0.727186203969754,0.0571195084184201,-0.882715213354456,0.283633698620246,-0.265216057604955,-0.118535735760347,0.662720508147586,-0.695948819869541,-0.347003611833453,-0.316166725918781,-0.413990410854735,1.3118843363689,0.893576758159621,1.27165057050779,-2.09609232737174,-1.5135340050148,-0.779033550022457,1.05634123282595,-0.56483202898557,-0.0678350273242204,-0.31201279504852,-0.400528269116671,-0.587321434832226,1.27260708691499,1.96440888859592,-1.44590032920077,-0.116062815461324,"Male",1
-2.11945529875144,-0.645546613731787,1.57506960338412,-0.0760862312356585,-0.692754931648438,-1.51929974757966,-1.27430984271771,-0.945927174137908,-0.630991663863793,-0.0799959560206021,0.397637512501917,-0.479306595156048,-0.695948819869541,-0.347003611833453,-0.714911633207752,-0.685532410236302,-0.0682755656094987,1.25898510054307,-0.14742327283837,0.266142036567925,-0.0804980341056847,2.02516210397426,-0.830480887024559,-0.56483202898557,0.308341033291912,1.56530078400102,2.76569609732903,-1.17944475662042,-1.74296718242374,-0.754710224285464,0.361697516273445,-0.224590645199823,"Male",1
-0.312103250647245,-1.32506936502841,1.22364496930932,-0.396076604984251,-0.584978959312702,0.460984111445108,-0.652249470608212,-0.844109925013786,-0.186391452845795,-0.184388703252718,-0.0163730823329775,2.17002833934614,-0.695948819869541,-0.347003611833453,4.83526564251307,1.83421761343679,-2.4585877124753,-1.41583192321803,-1.86891304032542,3.07806018550998,0.601840131244439,-0.320677998156555,-2.00718835442105,-0.56483202898557,-0.0678350273242204,0.122311775261212,1.15341088236088,-1.21177272669465,-2.71768218419956,-1.21410911933397,1.23883816238294,1.7024085875723,"Female",1
-0.917070288243895,-0.305785238083478,0.184689698240119,-1.59053642180903,-0.528411460020464,0.0649273396401542,0.876892191699288,0.273318375122022,0.222741425467204,0.096782640980204,0.309027674703578,-0.479306595156048,-0.695948819869541,-0.347003611833453,0.0838440382187197,-0.685532410236302,0.572365676499528,0.56042993036713,0.117754168139703,-0.581619951688688,-1.38358690664792,-1.08014880616105,-0.347934073819445,-0.56483202898557,-0.0678350273242204,-1.43193384804385,-1.31299244333716,0.00317930529825314,1.04798798722013,1.00782562903114,-1.46780591122686,-0.358271569178599,"Female",1
0.366056457553986,0.37373751321314,1.53507229237383,-0.858251943219165,-0.692754931648438,0.0649273396401542,1.66034575139101,-0.497370683862297,0.515970470223018,-0.513107734129253,-0.118535735760347,-0.479306595156048,0.844532849518208,-0.347003611833453,-0.714911633207752,-0.685532410236302,-0.0503358137971946,0.110238235482578,-0.439934922906804,0.486612359182517,-0.0634406854514953,-1.02640003833104,-0.62771988999118,0.167858109624101,-0.0678350273242204,-1.51418240805456,-0.400528269116671,-1.13506812049547,0.200010486753412,-0.284062678080608,-0.823366966070182,-0.329961146790916,"Male",0
-0.383922731704044,-1.32506936502841,0.604909603287723,-0.277902567539705,-0.203968127534254,-0.3311294321648,-0.907789803094734,1.08817225618621,0.0757707111052409,0.553747949925465,-0.757345890524632,-0.479306595156048,-0.695948819869541,-0.347003611833453,-0.0403592565339271,1.15192605206687,-1.11231410265374,-0.963229555043887,1.29173888401406,0.193878862737142,0.240614439830156,-0.177086322440445,0.0187973985507704,-0.56483202898557,0.684517093908044,0.692563668531694,0.392737333049248,-0.158210599004195,-0.562850511371228,-0.755036079649049,0.269628239069414,0.305873351721469,"Female",1
0.0310131876450132,1.73278301580638,-0.646974163819824,0.656721407246232,0.546668750212528,2.04521119866492,-0.333618792927674,-0.467096966259073,-0.192626527806053,-0.325690124703309,0.224601022158122,-0.479306595156048,0.488026738454052,-0.347003611833453,1.1238803509531,-0.685532410236302,0.515841323477873,0.498568051231124,0.141387983342115,-0.602271709291532,-0.0660435839031795,0.683974016031586,0.45541082189689,0.167858109624101,-0.0678350273242204,0.163989152348043,0.324581294661412,-0.0416952925857926,0.36209903344477,1.08269626305252,0.256236594599349,-0.0559587441377123,"Male",0
-1.42974899347421,-0.305785238083478,1.24016932643425,-0.999241142763199,-0.692754931648438,0.460984111445108,-0.750253633420675,0.743087305009101,0.197284405030507,0.946823144701665,-0.445839547668169,0.0775860649556926,-0.695948819869541,-0.347003611833453,-0.714911633207752,0.373775173131681,0.425129387231235,-0.129727290320498,1.34454653519384,-1.27571493929261,0.00993099312723906,-0.966374476253071,0.906701350045706,-0.56483202898557,-0.0678350273242204,0.61652066005714,-0.142509613743386,-0.639968971104814,0.552335134264113,0.169850060662342,-0.99514211527406,0.611505014267864,"Male",1
-0.441256755898175,1.73278301580638,0.631615190256802,1.18146426047593,-0.435516054281068,2.04521119866492,-0.854405872574326,0.569268226764611,-1.02083262274693,0.532784695481624,-0.364853964861284,-0.479306595156048,0.250539917602384,-0.347003611833453,-0.714911633207752,-0.685532410236302,0.494511433741338,1.15748632860388,-0.162355494731051,-0.212129931819556,0.166190245591942,1.3407230304135,-0.323330431837605,0.167858109624101,-0.0678350273242204,1.03400117094809,0.965722182831769,-0.980705575106624,-0.40234155243095,0.797800612653438,0.983261926482881,0.306244501113094,"Male",0
0.196031299927,-0.645546613731787,-0.915979233014771,-1.3574166723091,0.125946949947796,-0.727186203969754,1.48550597056636,-0.718562036746782,0.755023590545008,-0.430578629330357,0.652056933448322,-0.479306595156048,-0.129489651231046,-0.347003611833453,0.458086205950016,-0.685532410236302,0.900311635449075,0.445028720640704,-1.06738328016633,-0.156426209871632,-1.43240990322105,-0.395586662551113,-0.0528191849168558,0.167858109624101,-0.0678350273242204,-1.5761554695104,-1.45597691020356,-0.0338210936022512,1.06224915861496,0.495493147085994,-1.25956356202291,0.123126709723744,"Female",0
-1.50437919015523,1.73278301580638,-0.030674050855974,-0.461654606062097,0.0598362983240646,0.460984111445108,-0.742281073642187,-0.657111719684934,-0.417704006967364,-0.185734979091157,-0.757345890524632,-0.479306595156048,-0.695948819869541,-0.347003611833453,-0.714911633207752,-0.685532410236302,0.390260607417732,0.0843101300444791,0.0866881080176712,-0.246378174522949,0.200761333163891,0.670879038337285,0.55980770499254,-0.56483202898557,-0.0678350273242204,1.13803352927347,-0.0518608944492155,0.313780662547926,-0.0237099386694283,0.298553383238835,-0.147634299437253,-0.767420217456218,"Male",1
-0.178105873086527,-2.00459211632502,0.0208353819289945,-1.22304451498726,-0.692754931648438,0.0649273396401542,-0.170499789508545,-0.698180932393311,0.160042511691053,-0.305748801405507,-0.297198393200132,-0.479306595156048,-0.695948819869541,-0.347003611833453,-0.714911633207752,-0.294338342634092,0.254512979028437,0.0271650063082647,-1.20532886197105,0.681082934500395,-0.477454351310952,-1.49458912236715,-0.879823945622862,-0.56483202898557,1.43686921514031,-1.04093632664377,-1.22315133737898,-0.449034344626526,0.0981549006224431,-0.749656816919283,-0.82476210384678,0.0415131651394543,"Female",1
0.3633199164637,1.73278301580638,0.511389992443344,0.913780220322805,-0.692754931648438,1.64915442685997,1.11977856042103,0.642626391691812,-0.313957216276517,0.870887856616632,-0.267565565304387,-0.479306595156048,-0.695948819869541,3.07532635646941,-0.409191054229224,-0.685532410236302,0.719358677537658,0.0986737603300554,-0.0528351499125915,-0.532636760047126,0.68724713330306,-0.333693719916485,0.505459494177792,-0.56483202898557,-1.57253926978875,0.329410257184862,-1.26107743501785,-0.281181460856158,1.00090706051329,-0.6099487469217,-0.501185873488834,-0.369963644857359,"Male",1
0.469097135700787,0.0339761375648314,-0.357276726763273,0.29390298756674,0.0107017526510291,-1.91535651938462,-0.0505208731670728,0.97203216279315,-0.629005966575335,0.405889356198893,-0.757345890524632,-0.479306595156048,-0.137302881143305,-0.347003611833453,-0.136502353898925,0.102251505210908,-0.609857803858786,-0.119541064502689,0.881417821741032,0.0842900449734056,-0.791382268375651,-0.0568371358801605,-0.62392439501075,0.167858109624101,-0.0678350273242204,0.459884263275956,-0.11239271447507,-0.171205062353194,-0.358458571027968,-0.234399976207489,-0.140059433094837,1.30128322180638,"Male",0
0.30656088344424,2.7520671427513,0.49284251311596,1.68252379619657,-0.428344546184766,1.25309765505502,1.08518794122673,0.602614688921523,-2.11410210992812,-0.248045761668654,1.42623594943348,-0.479306595156048,0.357186535909072,2.7045430446273,-0.169715454444294,0.799564028418257,-0.562800332327885,0.762284808584172,-0.344043278674814,0.623888586313981,0.0142857056296177,-0.103488087909964,-2.23500674370361,0.534203178928937,-1.94871533040488,0.0368959204522318,0.400745547445873,0.00134023089607697,-0.727050805209146,0.674505882863017,0.163639483245741,0.102570349861886,"Male",0
-0.482076549133193,0.0339761375648314,-1.28734198836053,-0.7915329822966,0.0211531091034787,0.857040883250062,-0.0765239152346689,0.152105813751359,0.208531585266021,-3.2182059132645,-0.757345890524632,-0.479306595156048,-0.695948819869541,-0.347003611833453,-0.213200693029601,-0.685532410236302,1.93451579123142,1.68577958017105,0.307080090603203,-1.93412355178089,-0.811581395843816,-0.709731473038698,0.723268952030284,-0.56483202898557,-0.0678350273242204,-0.806701119197909,-0.330323733135236,1.86895256292275,1.5354591391573,0.616457611294095,-1.39627289919262,-0.00196695125379154,"Female",1
-1.9395384369204,-0.645546613731787,0.392236546422057,-1.41774607022895,0.00224900210537474,-0.727186203969754,-1.00715906562103,0.898710345568403,-0.216753281412812,0.58839725778701,-0.757345890524632,1.00344875913324,-0.695948819869541,-0.347003611833453,-0.714911633207752,-0.685532410236302,-0.0534621500076099,-0.26192815317201,-0.570788646957522,0.562379273346192,0.351926092785993,-0.0309959320851884,-0.085798179526021,-0.56483202898557,1.81304527575644,0.818422417181436,-0.533378630481884,0.413830668745336,-0.34934271370599,0.0864279505892674,-0.403109788142388,-1.63018431611539,"Female",1
0.631731524555794,-0.645546613731787,-0.892330352134836,1.03900691569378,2.00031380918527,0.0649273396401542,0.0203157953907768,0.470682334626527,-0.0929833882802175,1.79372429571363,1.86011649685373,-0.479306595156048,0.88204457848055,1.17711844656116,0.101997576205692,-0.685532410236302,-0.748286522604823,-0.40573515019309,-1.66379264530835,1.77991576199848,0.401793458000334,1.18972527575819,-0.935735398385222,0.167858109624101,-1.94871533040488,-0.0629619224240166,0.619236917577349,-0.139022251245932,-1.16765052041937,-0.967450935165247,1.48506922155667,0.453787300442837,"Female",0
1.2114023422449,-1.66483074067671,2.28695607451152,-0.329640982155894,-0.141899961932453,-3.89564037840939,0.630027610373697,-0.399612615956075,1.22884285660868,-0.836767805322684,-0.757345890524632,-0.479306595156048,-0.695948819869541,-0.347003611833453,2.99886012324013,-0.685532410236302,-0.186248496960233,-0.861274965520205,-0.607233808363975,0.544737604402547,0.43785395599785,0.836911615299658,0.867842386360567,-0.56483202898557,-0.0678350273242204,-0.72115312033783,-1.43853378581886,-1.16722149498256,0.936049632226724,-0.679291713534969,-0.372645295279818,-1.01868564260312,"Male",1
-0.184022563147157,0.0339761375648314,1.0152521601432,-0.0362069142655534,-0.692754931648438,-1.51929974757966,-0.413484731191897,0.680199898063036,0.150195886386714,1.05252560011831,-0.217735170770604,-0.479306595156048,-0.045317003682364,-0.347003611833453,1.64286113184633,-0.226782740598372,0.628424638433903,0.290710203023033,0.444244226078604,-0.956850051754077,-1.18219794954071,-0.736536406783364,0.507187983783843,0.534203178928937,-0.0678350273242204,0.802510222755345,0.235970735203769,-1.05737484673092,-0.171320689369504,0.434428898495009,-0.395720333876619,-0.0706837785605997,"Male",0
-1.38601401886878,-1.32506936502841,-0.642094735123087,0.879175086588878,-0.389994948293088,-0.727186203969754,-1.47435505648315,0.273318375122022,-1.67980113071424,0.096782640980204,-0.757345890524632,-0.479306595156048,-0.695948819869541,-0.347003611833453,-0.714911633207752,-0.685532410236302,-0.0487204774673427,1.95213381541261,0.64830102500625,-0.195449831949813,1.27350156797402,1.91524952370855,-1.04256036843943,-0.56483202898557,-0.0678350273242204,0.457906308517216,2.28644839528595,0.603275487104618,-0.439833570452075,-0.69676981073106,0.697029442412923,0.527152619008637,"Male",1
0.00608368830540788,0.0339761375648314,-0.121179811300725,-0.489200870451076,-0.692754931648438,-0.727186203969754,-0.581114697647838,-0.829056486773616,0.224626926620684,-0.270959459632883,-0.235209611177138,-0.479306595156048,-0.695948819869541,-0.347003611833453,-0.0630773417586815,4.19729924185562,-1.4273509018238,-0.725661084441449,-0.00863902741597547,1.04851922706722,-0.121966404375783,0.440496054255344,-0.973240710628099,-0.56483202898557,0.684517093908044,-0.320637367800257,0.935086305996363,-0.660965456580347,-1.05475892667878,-0.149217570010923,0.409445006338006,0.82740697832422,"Male",1
-0.304675761739155,-0.645546613731787,1.52361695235298,-1.20292558703693,-0.191083441371381,-0.727186203969754,-0.131930936827345,-1.10375831320068,0.764605518470648,-0.284608934051656,0.547149927133198,0.686743732003486,0.0904944919295308,-0.347003611833453,-0.714911633207752,-0.131024314411808,-1.03486796489745,-1.09531721584127,-0.94571736033511,1.62995716194562,-0.310927230537925,0.50636491187877,-0.561143960077158,-0.198486959680735,1.43686921514031,-0.0779832612245927,0.165784592737342,-1.15421409957925,-1.2215285979432,-0.556883835343019,0.435556880566326,-0.496199516883532,"Male",0
0.156179920294581,0.71349888886145,0.464609794468938,-0.798212422790868,-0.692754931648438,0.857040883250062,0.839763155230625,0.273318375122022,0.999757766176646,0.096782640980204,-0.757345890524632,-0.479306595156048,-0.252498120333214,-0.347003611833453,0.203365872264296,-0.372862699269578,1.52265176485298,0.463741185588476,-1.21132832006049,-0.567411877644242,0.311059980732305,-0.806568870801331,0.784642663955821,1.26689331753861,-0.0678350273242204,-0.818007402656407,-1.4948426891343,0.0999919417036297,1.40059414875537,0.424722023405445,-1.2414747093837,-0.226370340427589,"Male",0
0.000331834600579967,-2.00459211632502,-0.581189208153694,-1.01171581552115,-0.692754931648438,-1.51929974757966,-0.374609548314207,0.924154558498764,0.394453004248086,0.77755662270627,-0.757345890524632,-0.479306595156048,-0.695948819869541,-0.347003611833453,0.362638844305481,-0.685532410236302,0.108806772515654,-0.292417893786426,-0.380235081523369,0.273171121279143,-0.435075105454536,-0.959658758830221,-0.16493364282159,-1.29752216759524,1.06069315452418,-0.51874398858802,-1.61281478453127,-0.341012872836695,0.533238334805641,-0.538438812601766,-0.81521822250955,-0.875959098562266,"Female",0
-1.09568772064338,-1.32506936502841,-1.03356530057767,-1.12050788726287,-0.692754931648438,-2.70747006299452,-1.24314424505707,1.2085199063126,-0.448573553385806,0.370534604267352,-0.757345890524632,1.73798295002733,-0.695948819869541,-0.347003611833453,2.38180266216879,-0.685532410236302,-0.44674993796979,0.0832431848549377,-1.13451679664463,1.09379383872979,-0.152677197424622,-0.570230862968135,-1.1640793872673,-2.03021230620491,1.06069315452418,-0.664838906321298,-0.960960639181891,0.934025025378324,-0.167776874188562,-1.0965325006871,-0.414350996905628,0.208316873662533,"Male",0
-0.966754221064122,-1.66483074067671,-1.40159442965026,-0.641645120249556,1.2088266076451,-0.727186203969754,-0.299765530495798,0.273318375122022,-0.961063895319337,0.096782640980204,0.200110659727786,1.23237773307341,-0.695948819869541,-0.347003611833453,0.480375951112167,-0.685532410236302,0.0622284220720938,1.39893244167289,0.428370602414267,-0.385849956324298,-0.256508492094192,0.497166004861723,-0.800275172474422,-0.56483202898557,1.06069315452418,-1.79391253817756,-0.402415269897433,1.88765687147483,1.25749340238435,0.645250472880371,-1.04238283507172,-0.48620584368146,"Male",1
-1.10581576369652,0.37373751321314,-0.0716543794796326,0.133915093910968,-0.337576801921117,1.25309765505502,-0.55678931397327,-0.572639272376416,-0.445710174933354,-0.206599698278803,0.0440243036230063,-0.479306595156048,-0.695948819869541,0.58625601835648,-0.214696848914831,-0.685532410236302,-0.40792120724575,-0.810690661903248,0.998674046044499,-0.176615508084903,-0.626969678739988,0.4246855511372,0.442141105547385,-0.56483202898557,-1.94871533040488,2.77788851796455,0.749546356383529,0.1641899912228,-1.37297698611218,-0.248671578370098,-0.065069229689454,2.04857241678449,"Female",1
0.0382554285915585,-0.305785238083478,-0.729076248176658,-0.137937385543817,0.575492556767434,-0.3311294321648,-0.829729803529798,-0.764808561778341,0.0722707897495726,-0.261153700976042,0.772404423161388,2.25549075658815,0.226294001177575,-0.347003611833453,2.14969599297074,0.614983731014322,-0.911839149898808,-0.272735522330971,-0.676301884362965,0.986490685612374,-0.374805974282128,0.123595969934663,-0.872963601517997,-0.198486959680735,1.06069315452418,-0.4416877832271,0.675107422270561,0.450326206359885,-0.989908373632313,-0.825199855810603,0.856308217689387,1.01712813943022,"Female",0
-0.159028890662699,1.73278301580638,-0.809960266275086,0.814264107924565,2.22156561759221,0.857040883250062,0.0144470653974882,0.813177163109478,-0.849248886735355,0.406321813727167,-0.757345890524632,-0.479306595156048,0.167322879405457,-0.347003611833453,1.51961799822512,-0.685532410236302,1.30485826577609,0.887176478933485,-2.40945739733017,0.395727388678058,1.58836702688644,0.366995325652294,0.195806116538106,0.534203178928937,-0.0678350273242204,0.0630595251180723,-0.476917979150786,0.568981024180379,0.419974000625846,-0.111382286074877,-0.0386027477020041,1.42630431398947,"Male",0
-0.0173294512236138,-0.645546613731787,1.97731705538938,0.286793724667436,-0.692754931648438,-1.12324297577471,-0.586010497559236,0.273318375122022,0.312521495816839,0.096782640980204,-0.757345890524632,0.625937426599449,-0.695948819869541,-0.347003611833453,-0.714911633207752,-0.685532410236302,-0.0094338519971384,-0.685595257494837,1.64266910282262,-0.951814371730194,0.576857220426068,0.543036628289364,1.62042979248965,-0.56483202898557,-0.0678350273242204,1.20218762831774,-0.0579231760225178,-1.02351245811713,0.517038233031802,-0.371916457760175,0.393049560496954,-1.67571253065535,"Female",1
-0.663906331189137,-1.32506936502841,-0.889630048193093,0.455977618417486,3.91905411713655,-1.51929974757966,-0.109597224369813,-1.03194756565012,-0.589704214058762,-0.075364489341097,-0.757345890524632,-0.479306595156048,-0.695948819869541,-0.347003611833453,-0.714911633207752,-0.685532410236302,-0.313667304600302,0.148323866109668,2.37887254273033,-1.10030067348708,1.31548240983877,0.383437186446096,0.725626715443663,-0.56483202898557,-0.0678350273242204,1.47067595741407,1.54965125529835,0.519099466040085,-0.151536199709028,-0.712939442684987,-0.473869072228095,-0.512189394006847,"Female",1
0.518870544914927,2.412305767103,-0.099594322027725,1.64002996257569,-0.692754931648438,-1.51929974757966,0.163475763964896,-0.586311315164273,0.271566952459778,-0.386920016175623,-0.757345890524632,-0.479306595156048,4.21336397499748,1.54968161639096,0.809985557697351,-0.685532410236302,-1.57598004413862,-0.918388107426672,0.0738864999647287,1.58375171577896,2.52652928605562,3.19432190157661,0.109077697709959,1.99958345614828,-1.19636320917262,1.24847248505085,2.18759778851817,-0.743684912113524,-1.38532438202161,0.151152001508032,1.76199531848383,0.900467301234606,"Male",0
-0.570536443969026,0.0339761375648314,-1.1758019913762,0.28651240101665,-0.692754931648438,0.857040883250062,-0.791398288225366,1.00219247017464,-0.680367082279488,0.377462955959313,-0.274025497651423,-0.479306595156048,-0.695948819869541,-0.347003611833453,-0.714911633207752,0.136256566309354,1.47440340704219,3.04531563298077,-0.471311709996314,-1.04558269977811,0.23287397873795,1.6426270273678,-0.61014046791635,-0.56483202898557,-0.0678350273242204,-1.2762322153308,1.53288997460477,0.320658487300291,0.91777784947585,-0.365744753529817,0.0136817885998398,-2.30091685844496,"Female",1
-0.879976885974254,0.71349888886145,-1.47349763696936,-0.210846973709833,-0.692754931648438,-1.12324297577471,0.055104627898847,-0.033176244343795,-0.913120402275854,-0.402198379417726,-0.757345890524632,-0.479306595156048,-0.695948819869541,-0.347003611833453,-0.714911633207752,-0.685532410236302,1.43256453777825,1.69422772045549,-0.03612220350811,-1.18124026542515,-0.364362306654106,0.335155002359054,0.126763911778434,-0.56483202898557,-0.0678350273242204,-0.438524244949865,-0.600986135174609,1.79821809512581,1.32861248694621,3.00180911981123,-1.14735723614558,-0.0537399033342637,"Male",1
-0.0230991084142204,1.39302164015807,-0.348196720149795,0.254268188240825,-0.459843098815505,2.04521119866492,1.35026512348367,0.273318375122022,-1.11925392098015,0.096782640980204,-0.0518221898427243,-0.479306595156048,-0.128828672037772,0.200755541008481,-0.127728350828895,0.11420155293648,0.928412211249214,1.83376579482894,0.480721876662558,-1.20604879426376,-1.31805683026559,-0.636732874717752,-0.818986264111214,0.900548248233772,-1.94871533040488,-1.57250506094296,-0.390921319347723,-0.487287436278467,1.24490281383366,2.71026519279308,-1.42242570502311,0.381974687031871,"Male",0
-0.531955326784336,0.71349888886145,0.651728861281145,0.781178408460568,-0.178277176913698,0.857040883250062,-0.419349725060579,0.273318375122022,-1.63110510825984,0.096782640980204,0.447704057625646,-0.479306595156048,-0.695948819869541,-0.347003611833453,-0.714911633207752,1.36341230258607,-0.07939087161665,1.16604742217598,-0.462278490384366,0.291712165354873,-0.596772938536102,0.793290461613107,-1.57653746858123,-0.56483202898557,-0.0678350273242204,0.310704705996919,0.656171269813454,-0.921647509265004,-0.634702334486564,0.133823399223044,0.0692868904129335,-0.82851087622895,"Male",1
-0.533902514159744,-0.645546613731787,1.94773561041385,-0.0892228400763528,-0.692754931648438,0.460984111445108,-0.827780844324119,0.918627287302362,0.0150767573902036,0.652938883307509,0.526377700737364,-0.479306595156048,-0.180001933784811,-0.347003611833453,0.353487672521931,1.49718098606652,-2.15963015378164,-1.6832078280605,0.37221017297763,1.6738606004549,1.7915898567723,0.800225537756537,-0.294427080454832,0.167858109624101,-0.0678350273242204,0.622648064450946,1.13473589390509,-1.22449808933124,-1.52230429580119,-0.9480054592973,1.06236888900229,1.52790828184031,"Female",0
0.888652364843244,0.0339761375648314,0.803645788493253,1.52830699768259,-0.692754931648438,-0.727186203969754,-0.115193399472749,0.837215402277756,-1.35250400577,0.195098837417571,0.364423704066091,-0.479306595156048,0.205761693473364,-0.347003611833453,0.218698891836181,-0.367641869216332,-0.763620490685934,0.39094665042705,-0.61183441834931,1.16996948009083,0.100245270745672,0.465753781682512,-1.73786837144083,0.900548248233772,-0.0678350273242204,0.221217283048064,0.598099978615883,-1.1471712105054,-1.06655809691589,-1.23830420989335,1.1671584980049,1.37854176499976,"Male",0
1.75983985194008,1.73278301580638,-0.351889066412806,0.972553624496333,-0.692754931648438,-0.727186203969754,2.83070523575009,-0.491999424683221,-0.176612347628929,-0.316586422256329,-0.757345890524632,-0.479306595156048,2.36354197765099,1.34159204998502,1.09521812578033,-0.685532410236302,0.423934663221756,0.719086693351075,-1.65117923731124,0.773048088006862,0.608208937098981,1.23712197069408,-0.422765208976864,3.09861866406279,-0.820187148556485,-1.24124932353008,-0.529837033950148,-0.497534358877496,0.649563305178649,0.546919025558524,0.127352845377496,-0.946823326722413,"Male",0
-1.33147051546475,-0.985307989380096,-0.760138675051309,0.305240680042444,2.2733872129761,-1.12324297577471,-1.12294520611741,0.273318375122022,-1.47299926635211,0.096782640980204,-0.757345890524632,-0.479306595156048,-0.695948819869541,-0.347003611833453,-0.714911633207752,0.0828218570720861,1.87258429986862,1.01827863060372,-1.21564900602086,-0.890111543795343,1.52680208286356,0.0155712083858303,0.868359557329923,-1.66386723690008,-0.0678350273242204,1.64083896419559,-0.586990370420964,0.867745282840451,0.67704164931672,-0.142142073999261,-0.472421398184067,-1.70469759841409,"Male",0
-0.811180218459524,-0.985307989380096,-0.494826410777207,-0.367559184212653,0.757455090665073,-1.12324297577471,-0.595595425050664,0.273318375122022,0.272670030028314,0.096782640980204,-0.757345890524632,-0.479306595156048,-0.695948819869541,-0.347003611833453,-0.714911633207752,-0.001073016322438,1.6461605757175,1.291139311979,-0.590252595475366,-1.08164926496635,0.346516315818274,-0.742472058408273,0.561117076112308,-0.56483202898557,0.684517093908044,0.345837369602176,0.948055636467913,1.27892737892724,0.101293545828116,-0.10163455724254,-0.492594733781034,-0.145945065610915,"Female",1
0.44405294783119,-1.32506936502841,-0.912434931675348,-0.278690129161235,6.42956707115824,-0.727186203969754,-0.608912451721357,-0.123989464926266,0.0414857394441928,-0.821277436252767,-0.757345890524632,-0.479306595156048,-0.695948819869541,-0.347003611833453,1.4777509942375,-0.685532410236302,1.48709867611291,1.7542251611793,1.36968037630346,-2.32021754478384,-1.64738621488161,0.416122039459749,0.872532604999145,-1.29752216759524,-0.0678350273242204,-1.20855289524575,-0.301716551464852,1.28134565452144,2.00268253208977,-0.0219781758466879,-0.8306191098454,-0.935921137774698,"Male",0
1.10426668938103,-0.645546613731787,-1.17756003405646,0.585167774281825,-0.692754931648438,0.0649273396401542,0.540522998855915,-0.368486597263669,-0.942531343044776,-0.13133807067569,1.9785537089523,2.2379600043334,-0.695948819869541,-0.347003611833453,0.803085570408193,-0.427096510372407,-1.51584066846886,-1.2154706474281,1.45012358776983,0.235180197367079,-1.2277054972371,-0.438391613633715,-0.649932981428689,-0.56483202898557,-0.0678350273242204,0.400097305798715,-0.962335337233203,0.466541774814992,-0.202381187131884,-0.361059887210134,-0.403376650712759,-0.576148902500107,"Female",1
-1.28491996913106,-1.32506936502841,1.02438717613185,-0.303295202613543,-0.477202986976965,0.0649273396401542,-0.86427491096583,0.273318375122022,-0.190448883603923,0.096782640980204,3.19450908649763,-0.479306595156048,-0.695948819869541,-0.347003611833453,-0.714911633207752,-0.685532410236302,-0.97979937402553,-1.47640626241034,1.86641720710829,-0.421922079186014,0.660857732163202,-0.320677998156555,0.622862216399168,-0.56483202898557,0.684517093908044,2.16032244979874,0.790404678186874,-0.967730645406672,-1.05883793247909,-0.2098868450232,-0.0618746076586301,0.87121066469652,"Male",1
-3.107817535658,-2.00459211632502,-0.51321568113474,-0.349959955931193,0.81976210384291,-0.727186203969754,-2.00690897304161,-1.95451773321157,-1.83478602775905,0.119932145603007,-0.757345890524632,1.40713084511777,-0.695948819869541,-0.347003611833453,-0.714911633207752,-0.685532410236302,0.53133712789173,0.596441281887621,-0.869673316715844,0.174401103724297,1.67435370605603,-0.216523019017077,-0.0584135274578854,-2.03021230620491,1.43686921514031,2.16930789228774,0.556490088304304,-0.53979408721054,-0.879248795279785,-0.932252025415008,0.0214212193050615,-0.365911629212075,"Female",0
-1.33825563660832,0.71349888886145,-1.29593638166542,-0.697778977396862,-0.692754931648438,0.0649273396401542,-0.678742142587321,-0.21521973818649,0.0963447791860089,-0.674754160956451,-0.294556903548438,-0.479306595156048,-0.695948819869541,-0.347003611833453,-0.137166428846464,-0.685532410236302,-0.104383098303254,-0.492194955579669,-0.892034543096149,0.820360831710381,1.19642043900806,0.478720435307745,0.154505479700765,-0.56483202898557,-0.0678350273242204,0.520948584342001,0.119982904656279,0.831057014417498,-0.457523434803537,-0.1071414808463,0.179194910480785,0.0446926228434241,"Female",1
-1.24203022784699,-0.645546613731787,0.451156965512656,-1.23483859270764,0.0635035860972359,-0.3311294321648,-0.0447496806142206,-1.38885622133,-0.0149382831264636,-0.115128036713172,0.817221326882674,-0.479306595156048,-0.695948819869541,-0.347003611833453,2.23362004451894,-0.0162238101981319,-0.582248399476533,-0.0358727584933156,1.21935212487568,-0.436752512510997,-1.0469640944234,-1.44447517091507,-0.599600609601004,-0.56483202898557,1.06069315452418,-0.829653737187236,0.687436572195207,-0.933759152170328,-0.340122573417995,-0.918496256792262,-0.445828072777626,0.231760678467393,"Male",1
-1.00309688659759,-0.645546613731787,-1.01482752970225,-0.419170097914742,-0.318589291841354,0.0649273396401542,-0.024035206008404,-0.519077708102774,-0.0554158181737058,-0.336398435937928,-0.00671421891146554,-0.479306595156048,-0.695948819869541,-0.347003611833453,0.222176026007684,-0.685532410236302,2.45965384263977,1.69376362336352,-1.8812365246239,-1.06352473655288,-0.0671359149240647,-0.203841206630807,0.699322980404136,-0.56483202898557,-0.0678350273242204,-0.466739825171126,-1.08655735388089,1.21221081335742,1.45243958825824,0.803545519124027,-1.21700729859613,-0.790860134614492,"Male",1
-0.173900975737567,-0.645546613731787,0.32475921999465,0.867824270834553,1.71097584529404,-0.727186203969754,-0.545385597586246,0.273318375122022,0.0872501070467031,0.096782640980204,0.0456206585914404,-0.479306595156048,-0.695948819869541,-0.347003611833453,0.28751082296493,-0.685532410236302,0.328940007969859,-0.362417618140682,-0.32249545788721,-0.0399941070239015,1.48851492433066,-0.192646854629604,0.670879230650013,-0.56483202898557,-0.0678350273242204,0.409915294649713,0.302688098628532,-0.354400113395203,0.0537045152275568,-0.942957242375448,0.92208707740856,0.0110655504768097,"Female",1
-1.07179331957111,-0.645546613731787,0.411044178704907,-0.795240341464468,-0.356121339044225,-0.3311294321648,0.196525345617729,1.49959127625089,-0.367733512648846,0.320183846479045,-0.176525706581891,-0.479306595156048,-0.695948819869541,-0.347003611833453,-0.714911633207752,1.28960305500601,0.446039573441891,0.716140424204532,-0.795076581482744,0.0594900273632898,0.492138826943001,-0.951310883378579,-0.776456259712782,-0.56483202898557,-0.0678350273242204,-1.17319902968142,-0.945201132415003,-0.963254464934856,0.829066676766601,0.500735010990172,-0.902764601589148,1.18357915354473,"Female",1
-0.759147701693845,-1.32506936502841,-1.5862809110407,0.117567612008346,5.09122225036941,-0.727186203969754,-1.04329967286436,-3.03038268614907,-1.60462605328165,0.0969349328687237,-0.757345890524632,-0.479306595156048,-0.695948819869541,-0.347003611833453,-0.714911633207752,3.03931545084568,-0.183596480661268,0.614725273184912,0.0454277266750158,-0.00924915188213864,-0.498966425022853,0.976730763733024,-0.691607971803085,-1.66386723690008,1.06069315452418,-0.264770343701294,-0.554782192130197,1.62051241773184,0.513213436505824,-0.912324408708241,-0.0268843386366236,-0.815997059349835,"Female",0
-1.84148096860448,-1.32506936502841,0.648941470910674,-0.429012899083717,-0.692754931648438,-2.31141329118957,-0.995614276950112,0.273318375122022,-0.654480027384816,0.096782640980204,-0.757345890524632,4.59547581459468,-0.695948819869541,-0.347003611833453,2.82886352875484,4.14103101539106,-1.52988695197868,0.0661064877261246,2.02217679156377,-0.582341414306958,-0.403121552005986,-1.85095499935964,-1.10628904088288,-0.56483202898557,1.06069315452418,2.28118297905226,3.31375008011586,-1.03797780023049,-2.62858217067913,-1.13921955331686,0.15601643674159,-1.77538968674874,"Male",1
0.859431295676585,-0.645546613731787,-0.750033978347676,-0.517608527562809,0.285201288559666,-0.3311294321648,-0.138394354645573,0.273318375122022,1.15327153977522,0.096782640980204,-0.198276254385579,2.51910853182564,-0.695948819869541,-0.347003611833453,2.07685576206929,-0.685532410236302,-1.28705963411496,-1.56378117608579,1.14029449473025,0.324495069908277,0.0898358403334253,0.602582051112994,0.89343553502441,-0.56483202898557,-0.0678350273242204,-0.577059578925292,-0.381997307597365,0.367940138912794,0.369501879270539,0.557256681950444,0.33758401929419,0.656973777511685,"Female",1
-0.0811559578456791,1.05326026450976,-1.0623801846268,-0.259035593293007,0.684382492641525,0.0649273396401542,0.236528977003437,0.135320419327729,0.0880294807309394,-2.62122901798558,-0.757345890524632,-0.479306595156048,-0.695948819869541,-0.347003611833453,-0.714911633207752,-0.685532410236302,0.872014374756069,0.203998788509017,0.228423130405124,-0.811923758270245,-0.601757185108967,-0.669810435434445,0.628195182082812,-0.56483202898557,-0.0678350273242204,0.329168823832765,-0.921648331912085,0.140436872690978,0.647525876962998,0.387165964959283,-0.946580130677353,-0.703860258744767,"Female",1
-1.07277637540125,0.0339761375648314,0.764089858016056,-0.744402776936965,0.915146061036058,0.0649273396401542,-0.295612392631098,0.446503843861017,0.150099960682606,2.34207994357722,-0.183144740017134,-0.479306595156048,-0.00360983597805021,-0.347003611833453,0.718752392429514,-0.685532410236302,1.16575092337168,1.1619427335212,0.219342452334374,-1.23045533305176,-1.05821905357297,-0.220403436824158,0.362716147158633,0.167858109624101,-0.0678350273242204,-0.132859751690182,0.267255697549509,0.480678622033085,0.518541999187314,0.545753371578992,-0.872006244271644,-0.576148902500107,"Female",0
1.61905037106774,0.0339761375648314,-0.776844878932269,0.00612349085421561,0.19012221159499,-1.91535651938462,0.929897251506308,0.273318375122022,-0.124359493019243,0.096782640980204,3.36984736192865,-0.479306595156048,0.548134712618073,-0.347003611833453,0.143818866789998,-0.100744008837773,-0.784554235506565,-0.589085225504618,0.69716277368517,0.0494123751561085,-1.47263861231291,-0.0752069433560571,-0.710159206817838,0.534203178928937,-0.0678350273242204,-0.821096435315976,-0.722994776337488,0.249151553712667,0.0761658165432828,0.561486829233758,-0.524027310334702,0.339400513431646,"Male",0
1.19790600813143,-1.32506936502841,-0.933817709996579,-0.924464422024847,-0.533471566911286,-1.51929974757966,1.85163859167635,0.273318375122022,0.318440338377015,0.096782640980204,-0.757345890524632,-0.479306595156048,0.194201302276661,-0.347003611833453,-0.714911633207752,0.569727674816965,-0.627187492630914,-0.155752537602266,-1.7147421890642,1.8396918409081,-0.382002732423232,-0.802743280586833,-1.77008254706555,-0.198486959680735,-0.0678350273242204,-2.03278530394417,-1.32319357570204,0.59268552293098,-0.0837378284690676,-0.783837810811477,-0.931519403817449,-0.541884880093003,"Male",0
-1.07359802391122,0.0339761375648314,0.223881268940521,-0.743748021560613,-0.560549738916602,0.460984111445108,-0.431842830355554,0.273318375122022,-1.1273776846713,0.096782640980204,1.73085909500788,-0.479306595156048,-0.695948819869541,-0.347003611833453,-0.714911633207752,-0.262463270459094,-0.36637606326118,0.673758429512101,-0.313996039687656,0.522538504315127,-0.0246207733228349,-0.180874914096027,-1.6120660500382,-1.66386723690008,-0.0678350273242204,-1.67892416983686,-0.589639421100305,-0.0319909400687281,0.424854025996321,-0.568054764608848,-0.870956040599874,1.67323786579328,"Female",0
0.411010571681526,-0.645546613731787,0.128022446254646,-0.430515816759193,-0.692754931648438,0.460984111445108,-0.730591418859838,-0.967255084620592,0.794224106679866,-0.331871953164741,-0.757345890524632,0.57115856837835,0.721024843955035,-0.347003611833453,-0.714911633207752,0.313552147255066,-2.79646654486762,-2.62219726147646,-1.06346878940958,3.4964254124853,0.674622770278362,1.03114104372256,-1.09174404891067,0.167858109624101,1.06069315452418,0.654252262815046,0.736999863219805,-0.745943122674133,-2.69923874116764,-1.06098440531272,1.71994391140201,0.191768305564985,"Male",0
-1.172075729191,2.07254439145469,-0.0973551966657048,0.81405574178855,-0.692754931648438,0.460984111445108,-0.577463883697871,-0.0558590591418098,0.0768482581978636,-1.03512682044315,-0.757345890524632,0.821449906982192,0.619995133267185,1.34768806320457,-0.714911633207752,-0.685532410236302,-0.714186434742133,-0.425867903277353,0.796965367881701,0.295935141107748,1.40401077189112,2.09351351637684,0.552803738469078,2.36592852545312,-1.94871533040488,2.77370054375037,2.68638376402547,-0.539072319984247,-1.83065777523027,1.51982810007839,0.929438786944326,0.548656246864129,"Male",0
-0.0172045152665864,-0.305785238083478,0.221203156516965,-0.551659785208697,-0.692754931648438,0.857040883250062,-0.276157906868253,-0.956498667339584,-0.00936917858385586,-0.190632690785242,-0.174847035530026,-0.479306595156048,-0.695948819869541,-0.347003611833453,0.739470080661279,-0.685532410236302,-0.345614748081753,-0.700494495646467,-0.35869782081089,0.631467312128387,-0.471734377954033,-0.948710755875743,-0.38788958274651,-0.56483202898557,0.684517093908044,0.186173989887731,-0.808178445930246,-0.817749244996551,-0.410057071024389,-0.423456852656293,-0.267858999410208,-0.0706837785605997,"Male",1
-0.239315682712544,0.71349888886145,0.867321188773619,0.617550154203838,-0.452219877486741,0.0649273396401542,-0.457558182507783,0.0421849168429855,-0.448943783847941,-1.01050449405952,-0.757345890524632,-0.479306595156048,1.15204344892068,-0.347003611833453,-0.714911633207752,-0.685532410236302,0.764645560044497,1.15846233211429,-0.449865541457529,-0.251099546793814,-0.308556853270413,0.786784825274327,-0.115792763216181,0.167858109624101,-0.0678350273242204,0.509358429280845,0.797199763611598,-0.414086394555512,-0.296391763550146,-0.00952179685259482,0.331950692490313,-0.781976044193845,"Male",0
-1.24609845611919,0.0339761375648314,-0.458250820592352,-0.738029372183202,-0.692754931648438,-1.91535651938462,-1.11489272812568,-0.507446205963697,-0.836040173580192,-0.12100172948358,0.721880559590121,-0.479306595156048,-0.695948819869541,-0.347003611833453,-0.714911633207752,-0.371141581594519,1.65864002314724,1.66412314716359,0.278058616593681,-1.76117823794265,-1.34898937435455,1.01304966344247,0.539277817746931,-1.29752216759524,1.43686921514031,-0.154212126015969,-1.23689659023335,-0.568093085593687,1.80104979690596,-1.08181493318528,-1.02854805789045,-0.242154740157965,"Male",0
0.70962461877042,-1.32506936502841,2.38077673933988,-0.512495375172161,-0.619847656244852,-0.3311294321648,-0.61808413771451,-0.864426803198074,0.928904408041803,-0.396879492850863,1.39821136966933,0.484087926481106,-0.695948819869541,-0.347003611833453,2.64883217025941,1.14701306152596,-1.43651109001002,-1.76275768404669,0.882450470490108,0.397796417322137,-1.18478360565982,-0.459794089175016,0.270022245733084,-0.56483202898557,0.684517093908044,-0.179976889383109,-0.34684552789674,-1.06571822797422,-0.394277831635758,-1.19257836910405,0.612557333670382,1.42258573791428,"Male",1
-0.258722408824514,-1.32506936502841,-1.367967467271,-1.8302547266323,-0.692754931648438,-1.51929974757966,-0.749390474079778,0.273318375122022,1.02425873332048,0.096782640980204,-0.757345890524632,0.61919813378387,-0.695948819869541,-0.347003611833453,-0.714911633207752,-0.685532410236302,0.126450906558847,-0.287819533624728,-1.12213393766006,0.774640687619933,0.260689608860395,-1.21644990129983,-0.230362808943882,-1.29752216759524,1.81304527575644,-1.23548994500191,-0.56082291858843,0.67248405095548,0.0380291120132196,-0.0856205443890254,-0.475461425323377,-1.42392902126597,"Female",0
-0.509728118426895,-0.645546613731787,1.14822549886001,0.446423203399991,-0.637258348878544,0.460984111445108,-1.12629503290216,0.273318375122022,-0.533322616927696,0.096782640980204,0.583305576181349,-0.479306595156048,-0.695948819869541,-0.347003611833453,0.400866799161832,-0.685532410236302,-0.530992974918823,0.256745118825833,-1.12878588670136,1.29117382879251,0.087170010593705,0.571700829596025,-1.24098435521949,-0.56483202898557,0.684517093908044,0.470740487852817,1.1569400233532,-1.19406654507025,-1.56280639919743,-1.30716861284377,1.41096580598196,1.40181966372816,"Female",1
0.812302961861181,0.37373751321314,0.140506413402164,0.492670843667683,-0.492847886186992,0.0649273396401542,1.61000055758153,-0.932111360548559,-0.991753588099061,-0.0156146922201012,0.384549881872734,-0.479306595156048,-0.00753243645334427,0.982825266312571,-0.714911633207752,-0.20014147083185,0.419049806697496,0.785950927140253,-0.301909048367043,-0.150352897846948,-1.34273130299378,-0.377033808399165,-0.936693610408054,0.900548248233772,-0.820187148556485,-0.572015702197896,-0.976452278978241,-0.714471288748077,0.447160392365137,1.80776808008559,-0.886827774668446,0.337702935623535,"Male",0
0.340399946490919,-2.34435349197333,-0.0278916592674262,-2.07744907727634,-0.692754931648438,-1.51929974757966,-0.162480615113499,-1.01612616030742,1.09909531631956,-0.368088348726461,-0.757345890524632,-0.479306595156048,-0.695948819869541,-0.347003611833453,-0.714911633207752,0.352910023762303,-1.29213125721492,-1.7671630905334,-0.435209333329029,1.64894570146616,-1.07318668755889,-1.22029538674261,-0.606506523500555,-1.29752216759524,2.5653973969887,-0.372401501715838,-1.33381624246216,-0.793727104755105,-0.921836311689849,-0.908741930753153,-0.503794824300288,0.126263556845522,"Female",0
1.29678698788498,0.0339761375648314,-1.21052065215817,0.421005427236338,1.77142469619348,0.460984111445108,0.0677725886830725,-0.243712848075688,0.53391457783176,-0.820023606657989,0.711995085136122,0.396293772018422,0.485149519600287,-0.347003611833453,-0.714911633207752,0.147240380090654,-0.586171265893092,-0.772183568130896,0.326269367502826,0.31040940359322,-0.0149404100705673,0.424936919805095,0.226969315885231,-0.198486959680735,-0.0678350273242204,-0.0605448453422373,-0.070577230133503,1.20682424556085,-0.0723522226395116,-0.222361457922866,0.283850779786446,-0.285423863894378,"Female",0
0.805527304359403,-2.00459211632502,0.0464035282686186,-0.0309369125169284,-0.692754931648438,-0.727186203969754,-0.0566602862076201,-1.23560608123158,-1.48657957334263,0.0797571394608548,-0.0426487138291255,-0.479306595156048,-0.695948819869541,-0.347003611833453,-0.714911633207752,3.56766266518354,-3.31069046535062,-1.22379837982115,-0.206193578534268,3.10540708383973,-0.3838793734625,1.10106871927327,-3.11060349784923,-0.56483202898557,0.684517093908044,-1.18691419371194,-0.11740789133504,-0.724202453066654,-1.54458677214625,-1.14266205756119,0.235483748122213,0.342380705583662,"Female",1
0.0340063472901791,-0.645546613731787,1.06236574011785,0.039215705903178,-0.673081539872868,0.460984111445108,-0.87088750412618,0.273318375122022,-0.319769199089329,0.096782640980204,-0.757345890524632,-0.479306595156048,-0.695948819869541,-0.347003611833453,-0.117267841047792,0.942429600307835,-1.50831956761328,-1.00792633744562,-0.0276908159418635,1.49215494016381,0.887395601723096,0.373580688850073,-0.800275172474422,-0.56483202898557,-0.0678350273242204,0.215817203134105,0.301178703038417,-1.1929595326955,-0.976827354713772,-0.730078473798424,0.726369126937928,0.888187213003489,"Male",1
-0.425743242065977,1.05326026450976,0.612049927013464,-1.95492118581525,-0.692754931648438,0.857040883250062,4.33453497902465,0.0922217528954456,1.52132198580673,-3.73052890913576,-0.357058693249293,0.236303238195092,1.23462502994905,-0.347003611833453,-0.714911633207752,-0.345228534149371,1.65418234140835,0.26659478271007,0.823121877264975,-2.07138437550985,-1.39461922853465,-1.02427109801458,1.83857691802569,1.99958345614828,1.43686921514031,-0.271698650971699,-1.19990418368722,-0.401271956529793,1.6294652996865,1.00704282853757,-1.86852395444203,0.25786855200008,"Male",0
1.06543546626683,0.37373751321314,0.7993902543161,1.35503529029768,-0.446168021121126,-1.51929974757966,0.667013204709879,-0.00908859132345006,-1.59340709636132,0.0897493639225845,-0.523263888401368,-0.479306595156048,-0.13146337655732,-0.347003611833453,-0.714911633207752,1.10550941843726,-0.815481716065955,0.402875675458269,-0.143030390677111,0.8976247688515,-0.0958836315337827,0.747494449837704,-1.56438325002768,2.36592852545312,-0.0678350273242204,0.513867955349935,0.312493535087772,-1.05888642401013,-0.842138972766949,-0.515257905643164,0.284362084301375,0.116424690973602,"Male",0
0.322462997039567,0.0339761375648314,-0.704329191035324,-0.685019632826478,0.82297339266561,0.857040883250062,-0.404357084659172,-0.101146303691456,2.15996378243702,-2.13259014171081,-0.757345890524632,-0.479306595156048,1.30003461623656,-0.347003611833453,0.318386257959974,0.018134947504024,1.15492025493687,-0.47139463885011,-0.14205734718774,-0.97153123863015,-0.545185726447671,2.20883532005389,2.80278252365822,0.534203178928937,1.06069315452418,-0.211373102283837,-0.818725966883328,1.17603619421113,1.56986413376309,0.106335025831593,0.809006068111108,-0.327417480581872,"Male",0
-1.34671880384604,-0.645546613731787,-0.225773182705996,0.884822600160007,-0.692754931648438,-1.51929974757966,-1.21565354988003,-5.71987453602892,-1.8216866295351,0.104902966614937,-0.757345890524632,-0.479306595156048,-0.695948819869541,-0.347003611833453,-0.714911633207752,-0.685532410236302,-0.831435504453105,-0.630071833131925,-1.69616903309686,2.14478728274907,0.953452035309726,2.54589722944924,-0.519355835416093,-1.66386723690008,-0.0678350273242204,3.10303457797621,1.06728048288731,-0.58899912747127,-2.46701414616207,-1.02538741297084,1.06622298072226,2.1307088676611,"Male",0
-0.759775355392842,0.71349888886145,-0.816574771640658,-0.85458345896639,-0.599213521696667,0.0649273396401542,-0.455809695473852,0.127368556328777,0.438903253375856,-3.00658127831003,-0.757345890524632,-0.479306595156048,-0.695948819869541,-0.347003611833453,-0.714911633207752,-0.685532410236302,2.01994571509708,0.590538536151605,0.113699173602519,-1.85532885933131,-1.15062128379219,-0.35190814103825,1.70260558527959,-1.29752216759524,-0.0678350273242204,0.969476255439537,-1.36141859804714,-0.169275947927781,1.2983160578591,0.956190503842066,-1.42130584890685,-0.577758621673596,"Female",0
-0.511089333691639,0.37373751321314,-1.10538994616054,-1.22265886045829,2.44088230173589,1.25309765505502,-0.407955887794624,-0.304829310600414,1.33311562208203,-1.02983624448543,-0.757345890524632,-0.479306595156048,-0.0355928868643369,-0.347003611833453,-0.714911633207752,0.245679555034186,-0.363270584916035,-0.459810830748163,1.48022421336472,-0.535407134194581,-0.43353386748249,-0.578496405967945,0.667269993027621,0.167858109624101,0.684517093908044,-0.0665656442325397,0.931236516595519,1.15600584788152,-0.328433039035477,-0.0942559572671621,-0.400196137689511,-0.948646200758687,"Male",0
1.54072018736753,0.0339761375648314,2.76552814567521,-0.457988827948836,-0.692754931648438,0.0649273396401542,0.434912921407087,-1.50708621354625,1.85083456750474,-0.333585105226936,-0.757345890524632,-0.479306595156048,2.35439825141812,-0.347003611833453,-0.714911633207752,-0.685532410236302,0.264461118233463,-1.24323307388765,-0.851797615324936,0.507369006483215,-0.899775062006506,-0.327080830797575,1.12970545107322,0.534203178928937,-0.0678350273242204,0.300486238549342,-0.686389148900187,-1.29625398342629,-0.392994484160681,-0.925784290168075,0.143577982978147,-0.336300745650381,"Male",0
0.102384021307341,0.71349888886145,-0.854008254406387,-1.55517559243326,0.298784013840335,0.0649273396401542,0.423071595479141,0.0731380254160266,0.701519876524588,-2.45695143233238,0.127591996755855,-0.479306595156048,-0.162445014499823,-0.347003611833453,-0.162533946052245,-0.309367752476117,-0.0834049933271068,-0.105072374921739,0.149089303001065,0.0323352331085254,-0.790288547288182,-0.93715621927789,-0.231687694646699,-0.198486959680735,1.81304527575644,-1.59802873924961,-0.882924267035418,0.429968052075614,0.656516092909735,0.416966669135025,-1.066490305464,-0.602078432970349,"Female",0
-2.1306966291603,-1.32506936502841,-1.37688680627257,-0.829326518186123,-0.692754931648438,0.857040883250062,-1.17485701526742,-0.84352334847828,-0.478849206002803,-0.12643197234428,-0.757345890524632,-0.479306595156048,-0.695948819869541,-0.347003611833453,-0.714911633207752,0.213905918423899,0.376647182999265,0.477235417366704,0.597298864003529,-0.661077413434559,0.549328407592315,-0.895033932991314,0.0229026641227713,-1.29752216759524,1.06069315452418,0.19635471039084,0.505452503377959,0.91262058147819,0.0985673455129868,-0.107306454962744,-0.593014455882572,-0.358716461243813,"Female",0
-0.0577408720823563,1.73278301580638,0.844439379553858,0.144010976703168,-0.692754931648438,1.64915442685997,0.635281533075755,0.924951907574876,-0.338977931249083,0.526980603047072,-0.757345890524632,1.17602059209801,0.420487550785506,-0.347003611833453,0.826332081949015,-0.685532410236302,0.562615113119632,1.54321990816843,-0.760758911258944,-0.0178438713481922,-0.608788910572991,0.778403033335405,-0.726984580382137,2.36592852545312,-0.0678350273242204,-0.817436678759032,0.70556496690389,-1.00447266237932,0.0322180370642638,0.00358343047189918,-0.102216590662913,0.174061085819815,"Male",0
-0.00235785605578646,0.37373751321314,0.321532043513339,0.0113782235166136,0.171959264998748,-0.3311294321648,-0.495656995509004,0.50489208760731,0.260403595708636,1.88164900050896,2.31380997733266,-0.479306595156048,-0.695948819869541,-0.347003611833453,0.243595172504034,-0.0327971660086025,0.306486028467924,0.257058255732902,-1.0149552006309,0.207227275126409,-0.18090187865522,0.329325375687808,-0.162724040094371,-0.56483202898557,-0.0678350273242204,-0.0364385299132888,0.775086614186562,0.922297481739181,-0.510656180724102,-0.505237771667511,0.280181077856834,0.558928680553059,"Male",1
-0.225726054792984,0.0339761375648314,-1.44091906254031,-1.04560563919396,-0.692754931648438,0.460984111445108,0.037249790816257,-0.257251072124502,0.674659381928486,-0.855491014836759,0.247864103630651,-0.479306595156048,-0.0899363925729919,-0.347003611833453,-0.0874601706158736,-0.471887769825125,0.0879309686613964,-0.271566039473104,0.658249440781433,-0.476361974084706,-0.774403225841146,0.225031755389687,0.526073197014455,0.534203178928937,-0.0678350273242204,-0.77565407779332,-0.70980741901721,1.39647014404203,0.864268713456459,0.603298826226134,-0.574684374265924,0.476246071432368,"Male",0
-0.490598508188611,0.0339761375648314,-0.19064447755713,0.720165370104478,-0.23829958163275,-1.51929974757966,-1.11146392395623,-0.246238031094968,0.158424099844705,-0.65520483064195,2.68786101252039,0.752520929945834,0.134857960800258,-0.347003611833453,-0.714911633207752,1.07183170883827,0.242707206014999,-1.13346231129082,0.752680944356405,-1.04657486060069,0.423576711033421,1.17297698934253,2.33354086500237,0.167858109624101,-0.0678350273242204,1.23033683205206,0.0984733256942427,0.460625106464147,0.557760220523078,0.0791933261352739,1.79688611759309,0.87121066469652,"Male",0
-0.338370199450994,-1.32506936502841,1.05538742202799,-1.70934160809892,-0.692754931648438,0.0649273396401542,0.351546705358866,0.273318375122022,0.629232738179424,0.096782640980204,-0.757345890524632,-0.479306595156048,-0.177801733844133,-0.347003611833453,-0.714911633207752,-0.685532410236302,-1.32983298371087,-1.30695310032013,0.0999383123294427,1.42375538843149,-0.857241068442161,-0.51971189383542,-0.785290390131852,0.167858109624101,2.5653973969887,0.334323434479737,0.131194461258114,-1.08237922934546,-1.50173993572114,-0.709881567329712,-0.201412070030686,0.187004323839933,"Female",0
1.0221992670491,0.0339761375648314,-1.24270577926493,1.23819898612726,-0.692754931648438,-0.727186203969754,-0.315729505598707,-0.396786659038157,-1.03539481749692,-0.0909544045400955,-0.439952813629951,-0.479306595156048,-0.695948819869541,-0.347003611833453,0.077554623483072,0.123962085557878,-0.508424625046265,0.0101929532950055,0.231940999390012,0.380743011385664,-0.461870801850366,0.197447285715356,-0.720854164222013,-0.56483202898557,-0.0678350273242204,0.21167005514769,-0.27200960319945,0.846106942849849,-0.256712683201949,-0.125078666597794,0.41258663143364,-0.404828790464589,"Female",1
0.536959516081017,0.71349888886145,-0.976184351601491,-0.112517109033379,1.08782556905323,0.0649273396401542,0.460994500047207,0.504803902644445,0.189569982381367,1.81443155632516,0.163650014249772,0.618361496518885,-0.325787382937456,-0.347003611833453,0.434858525966691,-0.685532410236302,0.675226579736992,0.387419558891377,-0.578837392923272,-0.273730696685043,0.0380489900989752,-0.464032203143593,0.158768820100365,1.26689331753861,-0.0678350273242204,-0.349305478280503,-0.510454393634317,0.6099582409591,0.48747806149562,0.961345110091673,-0.581575016022645,-0.0301116092464734,"Female",0
0.63237053920439,0.0339761375648314,-0.913048981976237,1.6350396047463,-0.424771432867689,0.460984111445108,-0.541670331624854,-1.64342350186769,-0.458148145704909,-0.0356758568894222,0.150512685277778,-0.479306595156048,0.398695249256212,-0.347003611833453,-0.714911633207752,0.858098234896773,-0.397262983018289,-0.0750107394748319,-1.18607654691287,1.15999080881218,1.00539291590514,1.66454621962043,-0.44268438064791,0.167858109624101,-0.0678350273242204,-0.104778081787778,0.808517253862915,0.549074035240617,-0.557309207726222,-1.01461950780297,1.63773240046784,-0.824963345587208,"Male",0
-1.25754545324877,0.0339761375648314,-0.3413067468183,-1.02470420835565,-0.388335079963288,0.460984111445108,-0.655557349177151,0.662486745975975,-0.614382492818445,0.660091330587227,0.791012141445669,0.443381115707718,-0.695948819869541,-0.347003611833453,-0.714911633207752,-0.685532410236302,0.671293367495855,1.01544056162346,-0.282583017110176,-0.437720953099441,-0.403121552005986,-0.318718616592912,-0.572713399549437,-0.56483202898557,1.06069315452418,-1.19300787094445,-0.887439815999868,-0.471391387690635,1.0287303842979,0.95996022581686,-1.10484866905596,-0.00322257434411564,"Male",1
0.238680190859357,0.71349888886145,-1.51790732581029,0.135077400814888,1.93364287039028,-0.727186203969754,-0.364769422723526,0.273318375122022,0.924570086602828,0.096782640980204,-0.345610234083092,-0.479306595156048,-0.447725139230199,0.61199453726878,-0.714911633207752,-0.685532410236302,1.97616333432351,0.169928790938866,-0.744916108318326,-1.26830202886268,0.523893493871658,0.487445811467552,2.24684417482266,0.167858109624101,-1.57253926978875,1.28555887657646,-0.479646414722717,2.22310274308018,0.896703397971396,4.75242720852513,0.192078085994361,-0.179232041164718,"Male",0
0.240983994524923,0.71349888886145,-1.3249210230269,0.750280508368482,-0.692754931648438,1.64915442685997,-0.00405430145053072,-0.0662799462600315,-1.16105746263382,-0.191558791965784,-0.757345890524632,0.325854412871414,-0.152907516303265,-0.347003611833453,-0.714911633207752,0.0802463679079182,0.347997964105908,1.27955696877479,-0.299098316446817,-0.0539284889276642,-0.425857422184462,0.823182687658941,-0.751833848084221,0.534203178928937,-0.0678350273242204,0.0222389194400516,0.169409793109133,0.916889026555687,0.025465981778724,0.0365321477425865,-0.265473412003679,1.19638747616983,"Female",0
0.0931289521866693,-0.305785238083478,-0.0875215050813118,-0.974205145650753,0.124137949578108,-0.3311294321648,-0.0018867624376381,0.273318375122022,0.788308583555884,0.096782640980204,0.910280855098216,4.20556936467292,-0.695948819869541,0.207877704934326,-0.714911633207752,-0.482999311406787,-0.0867508641835215,-0.581108937043209,-0.972158434097822,0.568736842872426,0.128443630257798,-1.11294906970142,-0.0566082608932282,-0.56483202898557,-0.820187148556485,-0.359233860043848,-0.494474892288295,0.522996146774314,-0.229316104476064,-0.348086177912037,-0.283276219909912,1.1537704123629,"Male",1
0.111715992680266,-0.645546613731787,-0.217543028928262,0.259377779837882,-0.692754931648438,0.460984111445108,-0.415293697820095,-2.56345960282276,1.3821047733344,-0.136659068136563,-0.757345890524632,-0.479306595156048,0.924124402436559,-0.347003611833453,-0.714911633207752,-0.685532410236302,0.290743154571316,-1.10811428012112,-0.260662190485454,0.0842900449734056,0.415344512341162,1.27081008309466,1.88120097494305,0.167858109624101,-0.0678350273242204,0.741580983734718,0.254272438176027,-0.842244174719988,-0.073653142982728,-0.990044369395665,1.12220634012175,2.28792026458781,"Male",0
-0.462921146963721,-0.985307989380096,-0.607013694038533,-2.00538122724462,-0.486899095214783,0.0649273396401542,-0.711264877182233,-0.43234778854583,1.39222080056993,-0.844833916697259,-0.757345890524632,-0.479306595156048,-0.695948819869541,-0.347003611833453,-0.297651207835718,0.735222163642391,0.17396392581588,-0.95564776427947,-2.20854172776591,1.34730188709256,0.477638911400482,-0.90182797042108,0.127925394493378,-1.66386723690008,1.81304527575644,-0.253200185457015,-1.34790052450979,0.210605133458395,-0.276065992802239,0.503374523988865,-0.366592382729763,0.183094573320752,"Male",0
0.381963886011266,-0.645546613731787,1.72665858418728,1.1455633505745,-0.692754931648438,0.0649273396401542,-0.402157936191936,-1.52211072484303,-0.577598328709361,-0.0298633846373958,-0.757345890524632,-0.479306595156048,0.329413979058375,1.63371197460344,0.346725651599603,0.0374338412817176,-2.11831510537927,-1.64202724045512,-0.489525163644273,2.45355501849171,1.35412777839875,1.66157955192509,-0.972557424447407,-0.198486959680735,-0.820187148556485,1.45066205946455,1.15800589760359,-1.19520518636999,-2.18205450798431,-1.09178949483935,1.39733922801986,-1.13579460181614,"Female",0
0.66990760115639,1.73278301580638,-0.0744649709461105,1.22501229468331,-0.692754931648438,0.857040883250062,1.18484352014107,0.731060088430668,-1.15251248541262,0.314845159460059,-0.453814860662991,-0.479306595156048,1.49993355976223,2.48088550856137,-0.714911633207752,-0.685532410236302,0.667149579243833,1.1261008889121,-0.118010208281971,-0.403339367549891,-0.79538379412137,1.44006240684218,-0.319144433250088,1.99958345614828,-0.820187148556485,0.392409575501126,-0.210133274745016,-0.642468497446421,0.393031878195598,1.56429377990105,-0.310751478615735,0.492265614375949,"Female",0
-0.824362978363155,-0.645546613731787,-1.08745252031296,0.754838578950277,-0.583794607968354,-0.727186203969754,-0.975039402183448,-0.749558299617678,-1.27005416310804,0.0246967281195545,2.14954743391962,-0.479306595156048,-0.695948819869541,-0.347003611833453,-0.714911633207752,-0.685532410236302,2.08997199240867,2.82320692910505,-1.89606262419532,-0.805231740508653,0.703985978988446,2.65159079264176,0.0139632791667042,-0.56483202898557,-0.0678350273242204,-0.636785318088797,0.885989152067012,0.420669148127713,1.15583809589348,0.0453461571588853,0.37581839092868,-1.22617216816531,"Male",1
0.153899435097403,-0.645546613731787,-1.31792337565239,0.965102442564719,0.186836068381925,-0.727186203969754,-0.665019217159649,-0.451582300673066,-1.03890749360198,-0.075688038246083,-0.757345890524632,0.748323902603051,-0.695948819869541,-0.347003611833453,0.999623538849104,-0.685532410236302,-1.83647580429967,-1.18333790924824,0.682720017804964,1.36157016830496,1.3139724435231,0.985401691115592,-0.513356518154083,-0.56483202898557,-0.0678350273242204,0.911897010146592,0.476823640588252,0.935050355286589,-1.00959900166834,1.2322833705585,0.97067425903472,-1.13579460181614,"Female",1
-1.04751366308029,1.05326026450976,0.295872502639755,0.577286377083195,-0.250103616698093,-0.727186203969754,0.102227984053228,-0.0342099530097879,-0.91018574074339,-0.40263856901407,-0.0776001777822036,-0.479306595156048,-0.695948819869541,2.81946919751253,-0.714911633207752,-0.685532410236302,1.2089535752492,1.33636777468803,-0.374255194772775,-0.790056950254734,1.75641549087096,-0.271647200478886,0.126468644460933,-0.56483202898557,-0.820187148556485,0.0678659411407019,0.751226942829139,-0.509013681842092,0.503330884672599,0.213846532084422,-0.46934246141764,-0.37990950144124,"Male",1
-0.465365592314391,-0.645546613731787,-1.10656342107835,-0.0904278515489654,3.13247145703921,-0.727186203969754,-0.571802612323016,0.763544984213859,-0.310764845275616,0.681393128035556,-0.43227394886636,-0.479306595156048,-0.695948819869541,-0.347003611833453,-0.714911633207752,-0.685532410236302,0.999934231881422,0.770706320530037,-1.08389595962268,-0.0805350720664045,0.922819728499369,-0.172586675459481,0.113490693381559,-0.56483202898557,-0.0678350273242204,-0.375253479405165,-0.652252236465969,1.34159587346422,0.741674702029103,-0.413263367008215,-0.28233393568766,1.19376508252891,"Male",1
1.02465228740988,0.71349888886145,-0.497308510338361,1.30763460465144,0.906501432043131,0.857040883250062,0.110119433163743,0.76592858198902,-0.339164276264807,0.665772210603662,-0.430693372164619,3.0245139989344,0.0917691164219223,2.69630007688969,0.100673574245549,-0.685532410236302,-0.811436624540163,0.150166917067979,0.699087773359054,0.279555013449812,-0.150275583543575,0.678838422402355,-0.680595994778524,0.167858109624101,-1.19636320917262,0.0713745469374472,0.83529959833905,0.744062938641174,-0.506725278196607,0.858771660048133,0.521903607081693,0.587992151477836,"Male",0
-1.16646737981174,-0.645546613731787,0.739311677175504,1.43046528274951,-0.145950366121541,-1.91535651938462,-1.37101815449149,-0.0241764023366442,-0.728381839809876,-0.555082988849369,-0.757345890524632,-0.479306595156048,-0.695948819869541,1.18457744521564,-0.714911633207752,-0.685532410236302,0.251373128986488,0.939452537872682,0.636964762563696,-0.480759948429667,1.75456074429551,1.5441130620371,0.265296304681833,-0.56483202898557,-1.19636320917262,2.7678585588392,3.3865208267984,-0.800743420362169,-1.66629039659793,-0.544673749866414,1.18434335769694,-0.616123595308395,"Male",1
2.26963020764154,0.37373751321314,1.66716218617291,2.11830906760672,-0.410079355083657,-0.727186203969754,-0.327956015893358,1.11293300947821,-0.218215454909983,0.462578304604767,-0.757345890524632,-0.479306595156048,-0.0246477609029229,-0.347003611833453,-0.0198618086239323,0.261114007497236,-1.72025677561364,-1.50317945100362,-2.14532130373015,3.18064417734909,1.14082407775665,0.736143135270994,-1.45488196678166,-0.198486959680735,-0.0678350273242204,1.50133208338823,0.803980770820666,-0.851348166659919,-2.79550604131277,-1.12024752992585,2.00997849503966,-0.0345050516010556,"Female",0
0.265117313223103,0.71349888886145,-0.795641663469482,0.849953065047621,0.706594386581685,1.64915442685997,1.54691178998092,0.0778582480243164,-0.862565560395276,-0.74304392409207,-0.325310298181374,1.83779662730246,-0.17502495417627,1.66555627663619,1.98185188768552,-0.685532410236302,-1.05327306674329,-0.236093104929299,1.60842341226314,-0.171664477612024,-0.122501292250431,-0.0664519154272084,-0.51149231444253,-0.198486959680735,-2.70106745163715,0.204972669659164,-0.0974027289050438,0.709746497770077,0.0488060683972099,0.832051644227757,-0.311239968272593,0.439243514824066,"Male",0
2.93853516939913,-0.305785238083478,0.921306854228712,-0.491810002302776,-0.692754931648438,0.460984111445108,2.25974451994453,-0.653733251657314,0.0369741906315856,-0.295591838136582,1.87722409415687,-0.479306595156048,1.4217939543868,-0.347003611833453,1.4777509942375,-0.685532410236302,-2.61839588908099,-1.63793783358982,1.63112081356916,1.30060528774535,-1.75230639429274,-0.71741647994995,-1.76035512932789,-0.198486959680735,1.06069315452418,-2.35269923884576,-0.847777166290713,-1.14365995617591,-0.121637790264134,-0.884512277956984,-0.780624123462257,1.13729872161341,"Female",0
-1.40986617338662,-1.32506936502841,-0.116952260533731,1.61140089347986,0.47781187899803,-2.70747006299452,-1.32095201841781,-1.96624318641333,-2.08983899597682,0.145080925625052,0.303415182255018,-0.479306595156048,-0.695948819869541,-0.347003611833453,-0.714911633207752,-0.685532410236302,-0.909858123122642,0.877703845989588,-0.454348274430297,1.30153038300149,1.19263737833644,3.62582584705142,-1.21131919344009,-0.56483202898557,-0.0678350273242204,0.823477774645036,0.813919250117172,-0.556075186004052,-0.548606444527958,-1.3591924731747,2.1552884107149,0.102570349861886,"Male",1
0.136892443234591,0.37373751321314,-0.663420962284496,0.243678354186389,0.364215517857361,2.04521119866492,0.0336154918532267,-0.911964902570782,-0.871513086696266,-0.0400346451648336,0.92687085455726,-0.479306595156048,-0.695948819869541,-0.347003611833453,2.08852052834482,-0.208253854220236,-0.251662436590651,0.57805934763288,0.776450905003627,-0.443073003593789,-0.835789172472972,0.178047375494591,-0.627259990181573,-0.56483202898557,-0.0678350273242204,-1.1286999084052,-0.435431571605802,0.230971249134272,0.780998201859107,-0.581307086798828,-0.666665398758059,0.964319156441954,"Female",1
-0.266417928426106,0.0339761375648314,0.624100702024958,-0.660366048951242,-0.0865150872599226,0.0649273396401542,0.0463282821093651,-0.317574451389648,1.00474257535229,-0.882226428768641,0.46710492252599,-0.479306595156048,-0.105399650134639,0.793773044267485,0.507970682706436,-0.269146015072832,1.18131542675162,0.459028516934585,0.238783709637729,-1.33647147421583,-0.775643582058659,-0.144036059986091,1.13839171756998,0.900548248233772,-1.19636320917262,-0.415049484003238,-0.0982632814098838,-0.895389793265394,0.931214899269597,0.782243685260416,-0.72932755843385,-0.121802393996154,"Female",0
-0.154364313591956,-0.645546613731787,-0.380113967747706,-0.990148087470972,-0.692754931648438,0.857040883250062,-0.941489241232817,0.273318375122022,1.58415322638253,0.096782640980204,-0.757345890524632,-0.479306595156048,-0.695948819869541,-0.347003611833453,2.06017700465264,2.46415511935507,-0.574651884039291,-1.14324739685266,-0.104190088781933,0.349260453713102,-0.10637107978067,-1.27710112390849,0.444120915469637,-0.56483202898557,1.43686921514031,0.229575494973714,1.23718154486258,-0.426523772777181,-1.24159196021101,-0.411259871269813,0.694713569402019,-0.764601025739179,"Male",1
0.658948635846881,-0.645546613731787,0.421742859581668,0.0420497498291079,1.97267234117084,-0.727186203969754,0.18627412783302,-0.485670381746612,-0.833826399599998,-0.127897283896564,-0.757345890524632,-0.479306595156048,-0.695948819869541,-0.347003611833453,-0.714911633207752,-0.685532410236302,-0.103650681719306,0.765050556737412,1.42707263574408,-0.665403790437495,-1.58569648396792,-0.669810435434445,-0.79083742591293,-0.56483202898557,-0.0678350273242204,-0.763679244429902,-0.249200970718003,1.28427245979999,0.400130570409638,-0.34418563604004,-0.780457515214981,-0.553763074527466,"Female",1
-0.787125735836838,-0.645546613731787,0.00418081603699937,-1.11996518952295,0.243698516868736,0.0649273396401542,-0.201028298821694,-1.42874841164485,-0.120418162089829,-0.0964104975991894,0.0488325247879088,-0.479306595156048,-0.695948819869541,-0.347003611833453,0.291520512789626,-0.000160403797215787,-0.304337478720472,-0.152493505023302,-0.484664357134706,0.622140426892791,-0.22676698565494,-1.22660198286878,-0.869168025874295,-1.66386723690008,-0.0678350273242204,-0.853359019243698,-0.778675677578204,-0.646427523281382,-0.104243355624623,0.584199051521845,-0.871635450137202,1.39477725596069,"Male",0
-0.138068714231785,0.0339761375648314,0.596193767834609,0.440135784145389,0.349079467597012,-0.727186203969754,-0.574221564774612,0.719633349625603,0.507841141950717,1.1458893260074,-0.757345890524632,0.578871234777284,1.44511711269359,-0.347003611833453,-0.714911633207752,-0.685532410236302,-0.0495664586914874,-0.584068860388,-0.450267548662448,0.496563024946855,0.985324542500695,0.364688353336754,0.719150796383859,0.534203178928937,-0.0678350273242204,0.864967338322069,0.528636734275556,-0.965420358711541,-0.617404279590883,-0.342137032115673,1.23300390419881,-0.578621563910929,"Female",0
-0.962771232253295,-1.32506936502841,-1.0716724026907,1.70173106485833,0.651704655454983,0.0649273396401542,-1.459350435244,0.796451761760472,-0.457013158028935,0.582587215169587,-0.0635606794123071,-0.479306595156048,0.97710442175466,-0.347003611833453,-0.714911633207752,-0.0957114064161042,-0.506453218771383,0.838972265615009,-1.74969552595694,1.75245938786279,-0.298051308582222,2.89527418509469,-1.20225918635507,0.167858109624101,-0.0678350273242204,0.417517778394239,1.64781639306366,1.3308156487877,-1.64554780464161,-1.23657598913911,3.80707116649933,0.118583689754274,"Female",0
-2.74670084783215,0.0339761375648314,4.4475017829687,-0.659586653923687,-0.692754931648438,1.25309765505502,-1.9914344223569,1.37855654834726,-0.274571056412979,0.363352019693117,0.708433046407245,-0.479306595156048,-0.695948819869541,-0.347003611833453,1.11496499587837,0.560598510562024,-0.28029381676929,-0.898416931353572,-0.100660642878843,0.182081023504203,1.78712816715102,-0.526569812863881,0.631033247298803,-1.66386723690008,1.06069315452418,3.35855571145984,2.27045458924712,-1.30877005805397,-2.25668195424532,-0.893801636057095,0.490706257898646,-0.27294462874668,"Female",0
-0.57433586875168,0.37373751321314,-1.02915283926169,-0.0473976688049723,0.653779438768414,0.460984111445108,0.304755843022869,0.72780883887819,0.0746024607291058,0.915503301173485,-0.757345890524632,-0.479306595156048,0.212503454320793,-0.347003611833453,-0.714911633207752,-0.685532410236302,0.73257353131444,0.465595729788593,-0.423654421224897,-0.237414856361552,0.66438775689105,-0.489437517915399,0.272729724111044,1.26689331753861,-0.0678350273242204,0.748852194142643,0.665975233075322,1.5812749791157,-0.38384361696831,0.0284778863616427,-0.0998612865283317,-0.349265510885501,"Male",0
-0.212653646461959,-0.645546613731787,-0.0890833234374775,-0.278186685373352,-0.379337448878999,-0.727186203969754,-0.244111906745145,0.88486867217824,-0.460762965263235,0.51098985987886,1.67578815971441,-0.479306595156048,-0.695948819869541,-0.347003611833453,-0.714911633207752,-0.685532410236302,-0.365801206102724,0.115833510644556,-1.2615571834612,1.2032785659083,-0.112427211866902,-1.5368941258733,-1.77706984713063,-1.66386723690008,-0.0678350273242204,-0.419186560269303,0.196200434982362,-0.00875414285792868,-1.19755109638519,-1.01381126310514,-0.090163833087028,0.221713333551025,"Male",0
1.08872018604364,0.37373751321314,-0.664634029736361,1.8978394472711,1.02726160644433,0.0649273396401542,-0.510232329295504,-0.446676035523858,-0.355697889779578,-0.287416768815347,-0.757345890524632,-0.479306595156048,-0.695948819869541,1.24159061485197,-0.714911633207752,-0.685532410236302,1.01179874426216,1.35244612626587,0.747266340376487,-1.29719367711395,-0.264250651781619,0.261914768798936,0.302449964116502,-0.56483202898557,-0.820187148556485,0.0840162678850064,0.994515937074252,0.854572814851185,0.410044889400555,-0.31243874448789,0.924300852307165,-0.463279181629648,"Male",1
0.49836686259886,0.0339761375648314,-1.01792548381293,-0.609081455778478,1.10145839828363,0.857040883250062,-0.166341014108188,0.43694717600328,0.805296670628344,3.3616993317125,0.327685624027913,0.490571065926847,-0.695948819869541,-0.347003611833453,-0.714911633207752,-0.685532410236302,0.445141972989328,-0.0884956965828633,0.876145575080213,-0.961007332538829,-0.523624723961348,-0.870589114335863,0.761153890104306,-0.56483202898557,0.684517093908044,-0.69927345876819,-0.698450667558815,1.28508766818256,0.958097501439774,-0.107615781431075,-0.700887492188938,0.820613893271831,"Male",1
-1.63616206692544,1.73278301580638,-1.33409109816069,-0.486827534535556,0.282529277029044,0.0649273396401542,-0.383941959243375,-0.434696095246888,-0.264105173004711,-0.322622525854357,0.584049143273266,-0.479306595156048,-0.291604421623424,-0.347003611833453,0.122386325192725,1.02504664077638,0.581737474234244,0.327318153871699,-0.35304245174917,-0.459824817267836,0.729989830410797,-0.552383833613261,0.12763792268997,1.63323838684344,-0.0678350273242204,0.829609813897889,0.779997230377456,1.10863715474494,-0.370393475266014,0.635561959172569,-0.255726953835585,-0.228732481366261,"Female",0
-0.599585547032053,0.37373751321314,-0.111803444523022,-1.18208839220228,-0.329363695081872,2.04521119866492,-0.544216916644292,0.273318375122022,1.13537858003942,0.096782640980204,-0.0671246445378828,0.75463022365318,-0.695948819869541,-0.347003611833453,0.146759724666697,-0.0987413088329876,0.990438419743168,0.224653947784549,0.602907806185836,-1.40032436539311,-0.807306148226761,-0.425491491389641,1.42737296422288,-0.56483202898557,1.06069315452418,-0.00846180082663251,-0.130690094891123,-0.0880410557549482,0.805291665460797,-0.155112083007015,-0.785141417541011,1.09136685464561,"Female",1
-1.96666882522218,-1.32506936502841,0.528180469889061,-0.151818392929769,0.133527522925539,-0.727186203969754,-1.60317136389488,0.273318375122022,0.629479404624625,0.096782640980204,-0.109292502009745,1.83779662730246,-0.695948819869541,-0.347003611833453,3.33023364813218,-0.685532410236302,-1.07099012739864,-0.712896906674522,1.6341471337433,-0.275429824606118,0.445282186685029,-0.177983358172988,0.649792462933336,-0.931177098290406,-0.0678350273242204,1.20564085441545,3.00417686965717,-0.612237041082698,-1.697098350875,-0.0922073533427944,1.59588286130228,-1.28697162189112,"Female",0
1.50580422179347,-0.645546613731787,-0.335757965008447,-0.529372651966763,-0.338633879688162,-1.51929974757966,-0.085753023157001,0.273318375122022,3.1071978580042,0.096782640980204,-0.757345890524632,-0.479306595156048,-0.695948819869541,-0.347003611833453,-0.714911633207752,-0.685532410236302,-0.0851449166860542,-2.06057523215531,0.438522654535209,-0.0188593433399002,1.50165643018388,0.28724026259536,2.64043525702837,-0.56483202898557,0.684517093908044,-0.707880027993078,-0.286755986675101,-0.271055441466125,0.883862417109502,-0.783494114735553,1.18792607636476,-1.69011034209106,"Male",1
-0.201048970579503,1.05326026450976,0.425328535989515,0.224287567077752,0.153680753524904,0.460984111445108,0.305611128992812,-0.699291217316189,-0.182165679983976,-0.227218351845654,0.855010940100449,-0.479306595156048,-0.695948819869541,0.904808638794639,-0.714911633207752,-0.685532410236302,1.12826404587087,0.770174829553898,-0.196661571442809,-0.905354657758261,0.0942887633431084,-0.047268507274937,0.380999701769953,-0.56483202898557,-1.94871533040488,-0.581052189466896,-0.566009889040569,-0.255206491189215,1.10407004373028,0.68287436441357,-0.780474855801633,-0.197034073931184,"Female",1
-0.708994726124852,0.0339761375648314,1.6322364063234,0.615414122545068,-0.54835605609182,0.857040883250062,-1.04668705787384,0.273318375122022,0.357880071756892,0.096782640980204,0.711102953396196,-0.479306595156048,0.189337093958931,-0.347003611833453,-0.714911633207752,0.562868330089893,-1.3225142999811,-1.79417328768145,1.0936678490918,0.513394721258816,1.53289922333438,0.707868838717654,0.802580245749076,0.534203178928937,-0.0678350273242204,1.24750624124354,1.40807979987514,-1.19427612508294,-1.01643346702805,-1.27176382632249,2.06772585317801,0.355780195488526,"Female",0
0.485646475499478,0.71349888886145,1.55967778469959,-0.163434887252493,-0.255311279226921,0.0649273396401542,-0.102297371190643,-0.886127664909903,0.47438042412572,-0.300654938597319,-0.757345890524632,-0.479306595156048,-0.0337935518970323,-0.347003611833453,-0.714911633207752,-0.685532410236302,-0.751503731166799,-0.58644212909995,-0.391017674775306,1.18930145632822,-0.229391419570458,0.559127035232686,-0.438592546925433,0.900548248233772,0.684517093908044,0.144816697380729,0.506756149752434,-1.15709558767234,-1.06220878857643,-0.361366594285739,0.445665825641172,-0.0271631212662883,"Male",0
-0.862145795339227,-1.66483074067671,-0.743365609656897,-0.0198331619392154,0.146854659289636,-1.12324297577471,-1.16885468215575,0.273318375122022,-1.15706399135117,0.096782640980204,0.281543819929667,-0.479306595156048,-0.695948819869541,-0.347003611833453,-0.714911633207752,-0.685532410236302,-1.02825000169399,0.343321824253361,0.0750111593902686,1.06295594609476,0.607315991123499,1.635552395134,-1.23562612610816,-0.56483202898557,0.684517093908044,-0.493625254428101,0.387384308762912,-0.241118428509329,-0.224633187336416,-0.908055578989589,0.399410540087999,-0.562364525669663,"Male",1
0.87194025331194,0.37373751321314,-0.024134415151504,0.181046975509895,0.0555763479657301,-2.70747006299452,0.495685881067555,0.273318375122022,0.462446943127528,0.096782640980204,-0.0706521807183918,0.748323902603051,1.78797945964578,-0.347003611833453,-0.714911633207752,1.64963626587642,-0.794549652880204,-0.636001801793408,1.29601385445721,-0.232739311319792,-1.31135565731276,0.099040225342076,0.161066730717034,1.26689331753861,-0.0678350273242204,0.265756443019838,0.16628707908282,1.65449806941923,-0.364703121866868,0.0702469378595765,0.408094646073334,0.620112401539213,"Male",0
0.434053532614234,-0.985307989380096,0.527406919629901,-1.28058650364903,0.15471425253,0.0649273396401542,0.284182590495636,-1.22497985266571,1.38956192662592,-0.346304692567199,-0.0476817925382566,2.0580846097193,-0.695948819869541,-0.347003611833453,-0.714911633207752,-0.685532410236302,-0.482209780690318,-0.891138703453693,0.41652745818759,0.213071122334386,-1.2509800440783,-1.66775282315928,-0.0057892806326568,-0.56483202898557,1.43686921514031,0.12382253187688,0.505663083580174,-0.871542747426715,-1.13407794389635,-0.53394459386278,-0.234056867857342,0.0869607076138428,"Male",1
-0.712777308792601,3.09182851839961,0.360708661472291,0.182763319448992,-0.418546152475658,0.0649273396401542,0.739099336696792,0.273318375122022,-0.0168551693238002,0.096782640980204,0.882709655997264,-0.479306595156048,1.50125717783314,0.501874496639475,0.877544294003281,2.5678157215948,-0.045835503800471,0.24990763572843,0.834176609050549,-0.863026902566342,-0.1988995788703,0.124845685738018,0.233149847542225,1.99958345614828,-1.94871533040488,1.17807384830849,1.64558246006071,-0.824637902133738,-0.764560477335862,0.199241146079552,-0.374293273847075,0.136869087590577,"Male",0
-0.721237396095584,1.05326026450976,-0.503969985000429,0.207504867889834,-0.490400044813994,0.857040883250062,-0.47786660295331,0.47955450583411,-0.988100598200329,0.757664169203879,-0.757345890524632,0.131905535619695,-0.695948819869541,2.04195106493776,-0.714911633207752,-0.685532410236302,0.708830622405665,0.651864667786502,1.62393619086568,-1.61821854308694,-0.583767907568807,-0.174010227897058,0.488237725113822,-1.29752216759524,-0.820187148556485,1.08604763863231,-0.213422225819864,0.283114472772893,0.680204896296572,1.92648695372929,-0.774022270993375,1.21110671789625,"Male",0
-0.309349245710907,-1.32506936502841,0.311930197439316,-0.24087667953681,0.408955007783532,0.0649273396401542,-0.745065368619381,0.273318375122022,-0.275751761792292,0.096782640980204,0.510230234180615,-0.479306595156048,-0.695948819869541,-0.347003611833453,0.0763086073562207,1.46972547164761,-1.45374549438679,-1.08324451369047,0.596704592916,0.855547196404975,0.669766049283012,-0.378424300088746,-0.768525592453878,-0.56483202898557,-0.0678350273242204,0.0663187643421067,0.368917068115453,-0.637476537508403,-0.789348684038413,-0.923831287760177,0.493957208913195,1.10278819544798,"Female",1
-2.02382141992325,-0.645546613731787,-1.50194125725453,-1.69498534886797,0.801344849225056,0.460984111445108,-1.14753343713886,-0.759489141120009,0.792537692176074,-0.417740448925749,1.68858376758379,-0.479306595156048,-0.695948819869541,-0.347003611833453,-0.104212515490901,1.80975402097396,-0.07195431879423,-0.475459414786023,1.073719648292,-0.928748538447571,0.507297372491088,-1.09324502789015,0.568322568404026,-0.56483202898557,1.43686921514031,0.110856426554053,1.14283788612281,1.34495732373754,-0.163493330596064,-0.239330335716586,-0.639056134994461,0.445812809294381,"Female",1
0.622346460582503,-0.645546613731787,-1.11516855923303,-0.260444040948923,-0.692754931648438,-0.3311294321648,-0.596419496378203,-0.689389083456518,1.10985894562756,-0.528343603450835,-0.757345890524632,1.15105336453761,-0.695948819869541,-0.347003611833453,-0.714911633207752,-0.685532410236302,0.790383505298962,-0.563131609972498,-0.993338960521148,0.0161461051827146,0.043442830243869,-0.909246075542358,1.15712192906765,-0.56483202898557,-0.0678350273242204,0.11406071989871,-0.824865532102216,0.847252977924266,0.195568411716313,-0.159465061224291,0.353910771891281,-1.07884435452762,"Female",1
-0.141163262735697,-1.66483074067671,-0.256253461522373,1.47701583353768,-0.606907403900493,-3.49958360660443,-0.69477990281091,0.273318375122022,-1.84956840518249,0.096782640980204,-0.757345890524632,-0.479306595156048,-0.695948819869541,-0.347003611833453,-0.714911633207752,-0.685532410236302,1.35412719221999,1.23235393121482,-1.5584525210724,-0.0812023802325582,2.50906704640538,2.00307596663332,0.481440527751627,-0.56483202898557,-0.0678350273242204,0.615235934509828,-0.511739864859413,0.0872560132609262,1.13949717033692,-0.856716431290245,0.771242101528845,-0.891243539930141,"Male",1
0.0387366504127948,-0.645546613731787,-1.28081239071839,-0.220349321800987,1.29032295932911,0.0649273396401542,-0.718453363024237,0.646824363001518,0.0598648700460381,1.0842650960824,-0.138161239746954,-0.479306595156048,0.0506287019305084,-0.347003611833453,0.0580777262372344,0.367266370776113,0.229295162910362,-0.529548388952729,-0.923525744855691,0.391633120355912,0.730482183016667,-0.732042783426202,0.0702821313662054,-0.198486959680735,1.06069315452418,0.314925121411616,-0.718754046574842,0.584862721762882,-0.0362964316919329,-0.616671150435355,0.133639171131306,1.57132878092187,"Female",0
0.262268335229394,0.37373751321314,-1.38088127909332,-0.415693227747089,0.365629336008117,0.460984111445108,0.377723653044495,0.0911362586563294,0.137898075145976,-2.0227744157083,-0.757345890524632,0.24059260782554,-0.210412389607992,-0.347003611833453,-0.212198273568727,0.683842228003614,0.118672441981117,-0.25451110060111,-0.276166835957821,0.0692452790455906,-0.710756121756899,0.228142624652545,0.245533641638272,1.26689331753861,0.684517093908044,0.337803623754559,-0.87173023839687,1.24359336164137,0.164559352065805,0.674397026991102,-0.306845111857662,0.504781131732966,"Male",0
0.172447357798718,0.0339761375648314,1.22447487624362,0.665199282509809,-0.531629853006512,0.857040883250062,-0.399865259006858,0.273318375122022,0.284714851107436,0.096782640980204,0.213173871087569,2.41242334940495,0.0841827478541052,-0.347003611833453,0.900549275295252,-0.685532410236302,-0.575822454636363,-0.87591329475114,-1.65547503968528,1.55711950172215,2.14018173849923,0.988531699501948,0.331367574754863,1.26689331753861,-0.0678350273242204,0.774674911682828,0.507852374061305,-1.20158869415668,-0.912797178375996,-1.24649591594661,1.63029177997393,2.95983036036369,"Female",0
2.56254857273064,2.7520671427513,0.189995249508133,1.72926841863505,-0.342800009711224,0.857040883250062,2.5422944436108,0.273318375122022,0.342770993587978,0.096782640980204,-0.757345890524632,-0.479306595156048,2.96228103695072,2.68157441387975,-0.714911633207752,-0.317052836881955,1.13324082536076,1.20918637584466,-0.24517816974933,-0.783210571025601,-0.112843977945957,0.163086989320552,0.147097352726835,3.09861866406279,-2.32489139102101,-1.06543208022195,0.058267103118298,-0.659399103578454,0.982202583689173,3.83649001883913,-0.429011176467347,-1.47963707228742,"Female",0
-1.4242435726644,0.37373751321314,0.565320767955078,0.603678310249848,0.730741574251285,0.0649273396401542,-1.05332272956926,-0.00341045428945518,-1.2581394401527,-0.179223136147196,-0.14567789711603,-0.479306595156048,-0.695948819869541,-0.347003611833453,-0.714911633207752,-0.685532410236302,-0.431159586371934,0.63551485637937,0.996284716888469,-0.105059406627955,1.41456354298608,1.14922388615537,-0.275765195514475,-0.56483202898557,-0.0678350273242204,1.27226348962968,1.78022899585991,0.124023092252618,-0.704721338531406,-0.775779587151862,0.368553089531293,1.04682362551638,"Female",1
0.0562819298821463,-0.985307989380096,-1.06615153006214,-1.27988682122325,0.821044985128314,0.0649273396401542,-0.0762620166438768,0.273318375122022,1.69084236280514,0.096782640980204,0.473460850410538,1.72105707563663,-0.695948819869541,-0.347003611833453,0.0533571805307002,-0.162347672496544,1.47434288745448,0.28293149147428,0.133845442162904,-1.63190430344112,-0.763493772147868,-1.37434964325975,1.629894994068,-0.56483202898557,0.684517093908044,-0.962935049982674,-1.2531731730504,1.85360378882663,1.67652734366622,-0.0822068215324112,-1.35098839635974,1.05229384663751,"Male",1
0.266407874057118,-1.32506936502841,-0.794497911705845,-0.158478997272258,1.96315295805363,-2.31141329118957,-0.286326855153909,0.273318375122022,0.462324038036179,0.096782640980204,-0.757345890524632,-0.479306595156048,0.276095113514129,-0.347003611833453,-0.714911633207752,-0.685532410236302,0.753583647131596,0.885508371376048,-0.964668999954534,0.105804060250182,-0.708350609152016,1.16675124701285,0.00594938347667839,0.167858109624101,-0.0678350273242204,-0.678304628672896,0.0871778900393134,0.701059568189414,0.26283919607813,-0.740196702103941,-0.002884661682418,0.0305258471786132,"Male",0
0.910184832664214,-0.645546613731787,-0.825088408492959,1.60906798904971,-0.692754931648438,-0.727186203969754,0.110408808056781,-0.700404042936827,-1.59405578520613,0.094890614160071,-0.757345890524632,-0.479306595156048,0.416229593612918,-0.347003611833453,-0.714911633207752,-0.685532410236302,0.535099936357798,1.95789540310126,-0.586157329666862,0.064597582477502,-0.14080926795981,1.83991904930868,-1.00152750764166,-0.198486959680735,-0.0678350273242204,-1.23284382321183,-0.176759889033304,-0.311999084869382,0.926653810455937,-1.1136899176192,0.187318085590948,0.395867312101418,"Male",0
-0.656300698433344,-1.32506936502841,-0.633356171926464,-0.896437234351127,0.011296390592111,-0.727186203969754,-0.411972164032518,0.273318375122022,-0.136192091333531,0.096782640980204,0.652056933448322,-0.479306595156048,-0.695948819869541,-0.347003611833453,-0.714911633207752,-0.0864310060063481,-1.21892138909433,-0.260683510788536,0.233328601600687,1.05655804305845,-0.00112990331715209,-0.395586662551113,-1.49774886236116,-1.29752216759524,-0.0678350273242204,-0.930072831428574,0.562329774219554,-0.377710422382875,-0.769420042407674,-0.93982811442443,-0.256739641650534,-0.124045739588675,"Female",0
0.0839654238777161,0.37373751321314,0.0901804766904126,2.34028623258519,1.00988770201915,-1.51929974757966,0.353076111354442,-2.52153677556249,-1.03397104232574,0.0516570606396773,-0.757345890524632,-0.479306595156048,0.235127744674186,5.04873884777052,-0.714911633207752,-0.0290458140302932,-0.0651905575508487,-0.005911959259191,-0.0565222849183998,0.232662564123581,2.23466042333012,2.13597358615032,0.493722360226765,0.900548248233772,-3.07724351225328,1.7789403352654,1.58125108586571,-0.766709449672409,-0.630957591688538,-1.05423175622594,0.661931908583159,1.98223143723031,"Male",0
-1.66908465639845,0.71349888886145,2.39824342466233,-0.609769823799721,-0.692754931648438,0.857040883250062,-1.33544130092685,0.954799311527716,0.338321329739208,0.72866721022902,-0.757345890524632,1.94430025075629,-0.695948819869541,-0.347003611833453,-0.714911633207752,-0.685532410236302,-0.870064358800559,-0.200813899867433,0.775401642447028,0.412306421390609,0.0151046100027816,0.832176424274476,-0.0659959939737012,-0.56483202898557,-0.0678350273242204,1.51000608633998,2.42725086685975,-1.29187804863686,-1.89500537774854,-1.16724640605357,0.406832973393427,-0.110434768347946,"Male",1
-0.530961637849193,-0.645546613731787,-1.50196791406354,-0.110673238515525,2.63411916176784,1.25309765505502,-0.0706373990546499,0.273318375122022,-0.167958286486208,0.096782640980204,0.314699874518638,0.798386848433661,0.165792255825192,-0.347003611833453,0.177315446577147,-0.0779331137477575,0.558037056049897,1.05482782639154,0.559771277029288,-0.985688906291752,-0.725428042609364,-0.374943140043189,-0.0812372547396465,0.167858109624101,-0.0678350273242204,-0.462693901752358,0.609792753360523,3.5976340076644,0.306283806585504,0.438642049595831,-0.465728988471714,1.35862622942102,"Female",0
1.84702124218509,-0.645546613731787,2.0031526532342,0.274895125625183,-0.692754931648438,-0.727186203969754,0.295227764368729,0.273318375122022,0.741297198967348,0.096782640980204,-0.757345890524632,-0.479306595156048,-0.695948819869541,-0.347003611833453,-0.714911633207752,-0.685532410236302,0.724723420978464,-0.275179627222202,-2.3865459451674,1.08991258315493,0.648554388649193,-0.664616477254321,0.0446353555047567,-0.56483202898557,-0.0678350273242204,-0.523017509132893,-1.15096450795447,-0.477588883742868,0.0449212968995413,-0.639594321933885,0.064601888701177,-1.59408714298832,"Male",1
-1.32501203713088,3.09182851839961,-0.142448035030519,0.0167659824227304,-0.692754931648438,2.04521119866492,0.351397584151392,0.273318375122022,-1.4911685833366,0.096782640980204,-0.563366483567826,-0.479306595156048,-0.695948819869541,0.104805429538553,-0.714911633207752,0.468847773852621,0.348335708643508,1.8896380567494,1.64380281360592,-1.37655093459974,-1.16953993098031,-0.248509015424168,-1.01901167779855,-0.56483202898557,-2.70106745163715,-0.969837301580511,0.505740303076847,-0.586777003759998,0.798712593859799,2.3873447946578,-1.11438915100862,-0.34391497285196,"Female",1
0.168382524991861,-0.645546613731787,-0.431831430097299,0.371483962597182,0.665085025549563,-1.91535651938462,-0.461311422970434,0.0407108514202878,0.617269734220737,-2.02057416563973,-0.757345890524632,-0.479306595156048,-0.695948819869541,2.04804533707238,0.568802838727671,3.46691278183724,0.179418546302445,-0.798344526757689,-0.831688121867204,0.103498987184812,1.06073208940867,-0.656402034134787,0.878728043677297,-0.56483202898557,-0.820187148556485,1.13803352927347,0.180645434126918,1.40425758012941,-0.550454671661263,0.114090298912712,0.679784093715334,-0.638717986895688,"Male",1
0.834436277839172,0.71349888886145,0.166634337979565,0.377624262015445,-0.480282300472272,0.0649273396401542,1.4315519826741,0.273318375122022,-0.404874085537672,0.096782640980204,-0.757345890524632,-0.479306595156048,-0.695948819869541,1.38520891209845,-0.405430653503762,-0.685532410236302,0.484711626677496,0.901862995914876,0.0422189678990133,-0.328525008307893,-0.865324360968409,-0.187037571237219,-0.592993211747718,-0.56483202898557,-1.94871533040488,-1.08001820965887,-0.878001923568899,-0.776541013470758,0.879610125507359,0.244496193327168,-0.993025418396655,-0.0121816147723706,"Male",1
0.32685728198683,2.7520671427513,-0.505816054784615,1.4551620366907,-0.692754931648438,2.04521119866492,6.60916054237388,-0.126227818954705,-1.45402133462764,0.0144028293727003,3.0275292987361,-0.479306595156048,-0.467769492784181,1.41611223412163,0.702598431577285,-0.202876067673566,0.332650241422851,1.01755019289879,0.377090457016948,-0.824752854045273,-0.945750986932268,-0.776168898984143,-1.20411124179401,0.167858109624101,-5.7104759365662,-1.00622341664355,-0.665710349260426,-0.425959556937289,0.732032739275665,2.48285591241544,-1.1559317859559,-1.0844690703092,"Female",0
-1.71255856299256,-1.32506936502841,1.4061817023612,0.584502762886992,-0.692754931648438,0.460984111445108,-1.32702141777779,1.68045030862638,-0.669590570998002,0.243870348068165,2.04188471819945,-0.479306595156048,0.429102028954144,-0.347003611833453,6.27420049177402,0.900976863928239,-1.75408124377701,-1.35525758402573,0.441566824010222,0.786483599145936,1.78874966083282,1.76219903125876,0.310774230649196,-0.198486959680735,-0.0678350273242204,1.64386750303484,1.64672700598197,-1.20811899320047,-1.19316995286323,-1.02758858695543,1.72968581221917,-0.06141858836193,"Male",0
1.03017768264016,-0.985307989380096,-0.687627343026341,0.726844931342097,-0.53179081712104,-0.727186203969754,0.35774990315214,0.273318375122022,-0.449028515940287,0.096782640980204,-0.757345890524632,-0.479306595156048,-0.695948819869541,-0.347003611833453,-0.714911633207752,-0.685532410236302,0.928199081578174,1.36422904733713,-0.532046030901083,-0.355499217590511,-0.455585723891124,0.161232438686406,-0.533948097430461,-0.56483202898557,-0.0678350273242204,-1.37325658927534,-0.853536720741412,0.112103825450215,1.17615140114336,-0.131977584194522,-0.711796462939752,-1.3119542650391,"Male",1
0.11570923431164,-1.32506936502841,-0.564403174018883,0.392750631729456,-0.490400044813994,-0.727186203969754,0.156074328940309,-0.825923930979026,-1.70708631794637,0.117922680241234,-0.028432314292685,-0.479306595156048,-0.695948819869541,-0.347003611833453,-0.714911633207752,-0.685532410236302,1.1199342720876,2.39509363707041,-0.359324989280848,-0.717136202226546,-0.677870632981318,0.407102926466256,-1.08559248119643,-1.29752216759524,-0.0678350273242204,-2.43591824153477,-0.970849515941586,0.149428524224662,1.86990403816198,-0.150765908596263,-1.14746541350485,-1.07884435452762,"Male",0
0.404820516120826,-0.985307989380096,1.0947630597097,-0.136041226132333,-0.59360103709956,-1.12324297577471,-0.0206055451543822,-1.03959954123625,0.165747485669405,-0.202036416015101,0.983860190063993,0.298899778693383,1.40349812048394,-0.347003611833453,-0.171481748759947,0.424681423088337,-1.4393748853447,-1.65328856605612,0.253900022011829,1.11352425313879,0.212171003795959,0.059412401710306,-0.0782051755836091,0.167858109624101,-0.0678350273242204,0.525651161912324,-0.126308115208204,-1.16413735850651,-0.844354720666786,-1.27127540058602,0.528074045745353,1.52843422027989,"Male",0
0.873401220016632,-1.32506936502841,0.492948607031561,-0.579516519582351,-0.486184318004944,-0.727186203969754,0.0723044708603357,-1.30218312450791,0.278037431715547,-0.168047890442439,0.983860190063993,-0.479306595156048,-0.695948819869541,-0.347003611833453,-0.714911633207752,0.054610145313452,-0.975249121438212,-1.33301646596376,-0.834663422827954,1.49687333744419,0.00414352064387392,-0.95195857532673,-0.933251497586513,-0.56483202898557,0.684517093908044,-0.230523311395678,-0.913716156692816,-0.913201691133656,-0.794802540361339,-0.736682709194709,-0.163556163245919,-1.10266816315429,"Male",1
0.642685906653118,0.71349888886145,-1.0203615604875,-0.982067148854617,1.77009986843658,0.857040883250062,0.114875416978488,-0.323479235946301,1.24162434076436,-0.960612860750436,-0.192003383292846,-0.479306595156048,-0.695948819869541,-0.347003611833453,-0.36202518650461,-0.204906879774118,-0.0213101929472857,-0.399151534558392,0.36520641579061,-0.145031856995028,-1.02242688534576,-0.829339497855197,0.258145444476442,-0.56483202898557,0.308341033291912,-0.571667942878715,0.0284402043051651,0.536333065962892,-0.0860951649548872,0.755200964171847,-0.473017351137015,-1.04541703546696,"Male",1
-0.256335411241952,0.71349888886145,-0.982398653339043,-0.583958863070247,0.271241265354536,1.25309765505502,-0.0208352367364621,-0.833596942523888,1.21898972280863,-0.46877888493424,-0.14567789711603,-0.479306595156048,0.77907991060643,-0.347003611833453,4.63032738195283,2.43452224730125,-0.28065866748175,-1.16461846492885,0.741350536331658,-0.717180478615115,0.31839444549653,0.0438948230708871,1.62130267647983,0.900548248233772,-0.0678350273242204,0.209717871597499,0.328034688698509,0.736010558036844,0.374523644661442,-0.877713284954385,0.174158193967202,0.705325535525576,"Male",0
1.47581744729908,2.07254439145469,1.14817236494819,2.21520102030892,-0.263615069136213,-0.3311294321648,3.63036345168506,0.998713357549085,-0.410890769036092,0.461238821634324,-0.276332516233147,0.38062073441984,1.62396510228718,3.01406746682201,0.486081381108911,0.541267123962538,-0.694745722359795,0.124259808084196,-0.391641977666998,0.86475074236478,-0.242858085246731,0.0116733314603465,-1.30240037445173,3.83130880267246,-4.58194775471781,0.239303469553843,0.968475648914422,-0.924673962554729,-1.22498405792951,-1.20245963128687,0.988616287226874,1.62544238798619,"Male",0
0.938183155807987,-0.305785238083478,-1.29562023300989,-1.26570318340513,3.84369776013026,0.460984111445108,0.133040692188352,-0.333695457533779,2.07659928858185,-1.24803617416214,-0.757345890524632,0.0346870583279771,-0.00262219120786657,-0.347003611833453,-0.714911633207752,-0.685532410236302,-1.25190128313469,-2.25134302970933,-0.043142254866197,1.42085975296708,-0.36828799341585,-0.143855691312832,0.437236443108587,0.167858109624101,-0.0678350273242204,0.664444954920831,0.0765814389903096,0.63591328532912,-1.40264733129792,-0.896172550956442,0.15152492645968,0.920295032627537,"Female",0
1.85514953982392,-1.32506936502841,0.277452098856511,1.50835066999562,-0.692754931648438,-3.10352683479948,-0.221359877178977,0.273318375122022,-0.491791722949588,0.096782640980204,3.90264494943223,-0.479306595156048,0.70873894513575,-0.347003611833453,0.739470080661279,1.29531153900959,-3.11654255242695,-2.70049811105947,1.65288232973463,1.47088698333205,-0.332548359602278,0.254281568769462,-0.809429760661237,-0.198486959680735,-0.0678350273242204,0.0175281415536235,-0.544760871358443,-0.937217533880734,-0.973677318400367,-1.26244905104346,1.9571957003377,1.05966942567724,"Male",0
-1.34144574891953,-0.645546613731787,-0.091776813212915,-1.62284915358336,-0.692754931648438,0.857040883250062,-0.85595601009547,-0.981893119543809,0.245623381797303,-0.229894218348413,1.0262346743261,-0.479306595156048,-0.695948819869541,-0.347003611833453,-0.714911633207752,0.830777338522722,0.12593058979532,-0.279929049337537,0.644125322086434,-0.648709590562746,-1.12742780364062,-0.623122125237992,0.245042424800971,-1.29752216759524,1.81304527575644,-0.315286231707487,-0.565741032165047,-0.634282016084124,0.389260694341542,0.326133413568337,-0.97883587993324,-1.13579460181614,"Female",0
0.171633892442519,0.37373751321314,-0.224437826629476,0.671538106963053,1.53091696816094,0.460984111445108,-0.53409321094483,0.368448421330764,1.3436301853376,6.96827280461876,0.50427917256228,-0.479306595156048,0.825246694032908,1.12225959312913,0.0725939583394881,0.387037239903107,0.953495972556693,-0.630071833131925,-1.13278330208768,-0.22882473135525,1.40564323108163,-0.222491210911913,1.82837698645104,0.534203178928937,-1.94871533040488,0.500504514717027,0.568065016836522,2.40966520793705,-0.115301789302681,-0.656295321545875,1.60081879309412,-0.00984075438269694,"Male",0
-0.427189435942237,-0.645546613731787,-0.707314821663624,-0.250674167111978,0.180621341580015,-1.12324297577471,-0.544540530510197,-0.29479470457319,0.187692417425768,-0.602363826068171,0.318993782789825,-0.479306595156048,-0.695948819869541,-0.347003611833453,-0.0430610684565209,-0.228007706338396,1.11658195066161,0.676772918705747,0.29410953065522,-1.26715777715247,-0.0943154149735036,-0.739512157364343,0.701136110531189,-0.56483202898557,-0.0678350273242204,-0.224970628347353,-0.228413597223148,2.26863125875361,0.945544128684187,0.246017154570338,-0.782976168606126,0.94288942421483,"Female",1
-0.807541344896309,-0.645546613731787,0.301589747821137,0.0707842821361777,-0.200501554455431,-1.12324297577471,-0.904358422985871,0.273318375122022,-0.77640009573281,0.096782640980204,-0.757345890524632,-0.479306595156048,0.023018586479326,-0.347003611833453,0.0294908416423784,-0.685532410236302,0.390510124649822,0.241180917527704,-1.31913396695994,0.650783346639976,0.873181408841341,1.22770879004302,0.0910199684938913,0.167858109624101,-0.0678350273242204,0.819843301675644,-0.154700232088659,1.45003775585057,-0.201715719575282,-0.150423418955266,0.381680752678421,0.686893854506583,"Male",0
0.396956608005769,0.71349888886145,-0.201437469380454,1.17211685607172,-0.115159429421968,-1.12324297577471,-0.881906332256314,-0.358574551358099,0.101670839549478,-0.501589198237972,-0.757345890524632,-0.479306595156048,0.314491859323449,-0.347003611833453,1.37746289069532,-0.685532410236302,1.3210340639088,-0.126391883737744,-0.296255050348047,-1.03166563310465,1.18894869755684,1.39412304892965,2.44520595810064,0.167858109624101,-0.0678350273242204,0.815177424214938,-0.225757259740824,-0.242976325919066,1.14391363670356,-0.318526541467345,1.86558011841791,-2.27384507416829,"Female",0
0.00742591707912366,0.0339761375648314,-0.951672745902168,-0.310395572347473,-0.692754931648438,0.460984111445108,-0.218725656264728,1.24437427811544,0.0584769639929362,0.476289779987384,-0.757345890524632,-0.479306595156048,-0.695948819869541,-0.347003611833453,-0.714911633207752,2.05157624167696,-1.0010275492197,-1.12495897815082,-0.266285248069073,1.09125593572344,0.730245838035735,-0.0224451001585069,-0.484664895156875,-0.56483202898557,-0.0678350273242204,0.422170416630027,-0.0903024359949482,0.037818159301494,-0.70060590367846,-0.862770069619387,0.0935019095337223,0.0465761285867981,"Female",1
-0.374209002637375,0.71349888886145,-1.22478898002425,-0.86809190252732,-0.692754931648438,1.64915442685997,0.0273378971888322,-0.11584999573193,-0.293327024617996,-0.649580411293566,-0.499286218529592,0.443381115707718,-0.38479519202587,-0.347003611833453,-0.714911633207752,0.411413822860813,-0.386966401482286,0.0977509568560346,0.700781167924044,-0.0658397671372534,-1.38972052459923,-1.0515273213944,-0.786143656082812,0.167858109624101,1.06069315452418,-0.44587005374086,-0.216416429814717,0.551794209907028,-0.219749805152091,-0.425856907962258,-0.687074762509365,0.695170602459844,"Female",0
0.0784614112287828,0.0339761375648314,-0.990887156524728,-0.732431967132663,0.714158436950496,0.857040883250062,0.647432570315964,-0.963648766423666,-0.165394267451807,-0.160983204243932,1.0003105382091,0.568104890577372,-0.695948819869541,-0.347003611833453,-0.714911633207752,0.310647831680958,-0.693369520639911,-0.325493817756527,-0.524850792347529,0.941098211519402,-1.01634013580712,-0.943465149808978,-1.36051301650657,-0.56483202898557,-0.0678350273242204,-0.548710099219321,-0.200556802259531,0.828088618798241,-0.875756974465006,-0.248758455448818,-0.301360153487914,-0.304320991403751,"Female",1
0.474423739093058,-0.985307989380096,-1.41333596016379,-1.01892909946474,-0.692754931648438,0.0649273396401542,-0.0060546969307536,0.273318375122022,0.46345910270335,0.096782640980204,-0.046011994660642,0.368480583884632,-0.695948819869541,-0.347003611833453,-0.714911633207752,-0.685532410236302,1.18530881246093,1.00471867090651,-1.7100879746865,0.090617696525398,-0.623365263829005,-0.259466918108431,-0.324977367958565,-0.56483202898557,0.684517093908044,-1.88995560654531,-1.57751271519437,1.41784664291346,1.29390930453734,1.72124415522662,-1.24160982718824,-1.38623846037408,"Female",1
-1.003479373839,0.71349888886145,-0.233411014810333,-0.47442178375423,-0.334983147193726,0.0649273396401542,-0.819145184278175,0.273318375122022,-0.182348907040042,0.096782640980204,0.200110659727786,-0.479306595156048,-0.695948819869541,-0.347003611833453,-0.714911633207752,-0.278541907600267,-0.565990773802055,-0.244775992847067,0.257347570530719,0.457335915568323,-0.828460539002835,1.48584853295493,-0.255863256239795,-0.56483202898557,-0.0678350273242204,1.04742950988376,0.463546542946689,0.416341467478964,-0.813340470048056,-0.986237052562817,0.158603906961332,-0.25499628570132,"Male",1
1.74623020591498,-1.32506936502841,-0.54520093328737,0.368759231114718,0.208644109704992,-0.3311294321648,-0.534307600881724,0.273318375122022,-0.472830825193007,0.096782640980204,0.230617853730928,-0.479306595156048,-0.695948819869541,-0.347003611833453,-0.714911633207752,6.87371766078302,-2.76244832996498,-1.1129602272565,-0.486546728283021,2.42552111921073,-0.51949428621199,-0.320677998156555,-2.74768802970052,-1.29752216759524,1.06069315452418,-1.2721165810013,0.790404678186874,-0.138006930805253,-1.95855006900545,-1.02771731058026,0.878754625726572,-1.53554152989902,"Female",0
-2.48930663195648,-2.34435349197333,-0.503353823755037,-2.02306680337665,-0.0598577324002853,-1.12324297577471,-1.85474533370258,0.468778502219728,-0.0896484598982046,1.81403881982359,-0.757345890524632,-0.479306595156048,-0.695948819869541,-0.347003611833453,-0.714911633207752,-0.685532410236302,-0.592629489704275,-0.871831507256264,1.40263364042184,-0.171664477612024,0.290432146975362,-1.51636067112232,0.0468176746804836,-2.39655737550975,1.81304527575644,0.361327073527332,-1.02543441981342,-0.40454296405301,0.257822794648109,-0.82618116736531,-1.1265264070035,-0.766250774966187,"Male",0
-0.667488328406083,0.37373751321314,-0.882418802700206,-0.584047223832735,-0.589469624826691,0.0649273396401542,-0.492590290699077,0.586255824426463,0.419639792776639,1.53049099125701,-0.238569561494698,-0.479306595156048,-0.0704379232262708,-0.347003611833453,-0.0672718996187242,-0.685532410236302,2.00671640930161,1.35632113642058,0.00312414475787497,-1.85114067297588,-0.761033502327372,-0.645640295709336,1.13946696922362,-0.198486959680735,-0.0678350273242204,0.477234585275165,0.412628099800853,0.024754079529594,0.623780083466682,1.92836036669737,-1.04169048524815,-0.204800983979874,"Male",0
-1.77092186677022,-1.32506936502841,-0.392985819214599,-0.38460539893967,1.54306818072821,-2.70747006299452,-1.5800052779673,-1.20481170457131,-0.595867321636873,-0.0543070754856359,0.467849269524822,-0.479306595156048,-0.695948819869541,-0.347003611833453,0.814620503566379,-0.685532410236302,0.583158663331719,0.791909417982389,-1.14237284644528,0.195456689260695,0.982315303124955,1.9445040674541,0.43597161603516,-1.29752216759524,1.81304527575644,-0.00451371704323559,0.540535549103804,-0.53835706815578,0.280133358848321,-1.17987388915472,0.437386648422176,0.114541654443091,"Male",0
-1.14854244648503,0.71349888886145,-0.974068646538614,-0.829726400672621,1.02591257386544,0.0649273396401542,-0.939989781656912,-1.06024139513147,0.637031308632576,-0.27582759260684,-0.0204369185753266,-0.479306595156048,-0.695948819869541,-0.347003611833453,-0.714911633207752,-0.0590497718093498,0.993646644839801,-0.387618505666736,-1.33094676579182,-0.00027144103220167,2.34226594554153,-0.0437174440082823,1.37610578699172,-0.56483202898557,-0.0678350273242204,0.149176728827233,-0.117851036152037,0.101470037099775,0.533956839383272,-0.816695155669808,-0.226514768029604,-0.708401624501359,"Male",1
0.0185586479842935,-1.32506936502841,-0.847038574630648,-1.80270155355223,0.114311651888936,-1.12324297577471,0.830648773490512,-0.629922331079877,0.115904777969874,-0.325325549302272,-0.757345890524632,-0.479306595156048,-0.695948819869541,-0.347003611833453,-0.714911633207752,-0.685532410236302,-1.10092221947164,-0.47697466896106,1.66957936229027,0.145027978147066,-0.397074418630132,-0.923238778719436,-0.668051394899134,-0.56483202898557,1.43686921514031,-2.40691254586462,-1.42953862369063,0.124192109703366,1.29154304824959,0.11742736445036,-1.60143385428499,-1.32476587690986,"Female",1
0.746323643004087,0.37373751321314,-0.974717176479824,0.681638576133489,-0.00711629912960604,0.460984111445108,-0.13246840906434,0.348272875155791,1.2138639556069,8.43372518365346,-0.260318507471293,0.409249634418035,-0.695948819869541,0.810652600214713,-0.0944232571304735,1.00465749466896,-0.414890888604521,-0.550238807435501,0.179884610754446,0.198359423136333,0.802907494177281,0.843540139626808,0.766686465588191,-0.56483202898557,-1.94871533040488,0.188045522113385,0.924823365571426,0.325095958181205,-0.36145008806,1.48581859223827,0.903792506142964,-0.568880776534964,"Female",1
-0.157282498442239,0.37373751321314,-1.40901606044335,0.421320535891586,-0.692754931648438,0.0649273396401542,-0.120460661453384,-0.227289503338818,-1.23459763938568,-0.0662240696961592,-0.757345890524632,-0.0554130056357261,0.447632278228875,-0.347003611833453,-0.418902178502665,-0.685532410236302,0.0573782003392416,0.68488615997113,0.464050701615069,-0.213109577970254,0.0565174987551026,0.413854962420927,-0.398516646055285,0.167858109624101,-0.0678350273242204,0.135183421626711,-0.103149055164537,0.948927119988994,0.281733150945184,-0.111290917541175,-0.195852311346083,0.660349847861106,"Female",0
-0.705722036668803,0.0339761375648314,-1.09257694491615,-1.06694684780628,-0.0478515524687486,0.0649273396401542,0.95047159170492,-0.1989532083316,0.810573896011642,-1.03689845458318,-0.757345890524632,-0.479306595156048,0.38290127267613,-0.347003611833453,-0.714911633207752,-0.685532410236302,0.209652502235957,0.260820069142581,2.02180161793602,-1.37106981198493,-0.497223493412455,-0.118565941393884,0.85026354803997,1.26689331753861,-0.0678350273242204,-0.462579073737143,0.503793103338307,1.38698680726322,0.785147554882715,0.343217839264644,-1.01822352465094,-1.8183475655875,"Male",0
-0.664918799637731,-1.32506936502841,-0.939595985492487,-1.22602113609033,-0.237456436270941,0.857040883250062,-0.336411824881626,-0.82620797291859,0.0201189157019015,-0.230641421590713,-0.236558800529466,-0.479306595156048,-0.695948819869541,-0.347003611833453,-0.714911633207752,-0.685532410236302,0.224964789995566,0.480755332578269,0.839503489569293,-0.632843797585773,-0.751904683628497,-0.103196770595393,-0.0279698959555301,-0.56483202898557,1.43686921514031,-1.01047071172843,-0.487584963699447,-0.077283091706299,0.917564599987243,-0.372869317129103,-1.18940707892861,-0.657248638988865,"Female",1
-0.251088439918596,0.0339761375648314,0.993895460062639,1.05468541616386,-0.665212183162639,0.0649273396401542,-1.24549349754825,-0.996880719480119,-0.271599026658159,-0.135686519034359,-0.155720207455586,-0.479306595156048,-0.695948819869541,-0.347003611833453,-0.714911633207752,-0.685532410236302,-0.582633894289767,0.864113876411171,-2.55083359578005,2.42835439602505,-0.0973863106855757,2.18714908739717,-1.93149960737498,-0.56483202898557,-0.0678350273242204,-0.262877045079502,1.84133056159122,-1.15476760576662,-2.09854259174108,-1.27741831795419,2.67902341448799,0.661986177453889,"Male",1
-0.117941666893978,-0.645546613731787,-0.808285177863418,-0.610654833438152,0.151108000682433,0.0649273396401542,0.9419378692899,0.273318375122022,0.184317273443319,0.096782640980204,-0.757345890524632,-0.479306595156048,1.11756598121938,-0.347003611833453,-0.714911633207752,0.593146706254516,0.996352860713321,0.458356213284203,-1.51201757773714,0.116400515535757,-0.959924143814672,-0.297838042914716,-0.0966763255090442,0.167858109624101,0.684517093908044,0.0854899013300543,-0.743306953684952,0.472210836749056,-0.00973329567130226,-1.05684103069803,-0.514566699170605,-0.955039469117792,"Male",0
-0.946920895261244,0.0339761375648314,-0.238508262762069,0.533952203004681,-0.692754931648438,-0.727186203969754,0.17290956348782,0.792874781339013,-0.516040910958496,0.560722507040109,-0.757345890524632,-0.479306595156048,0.134857960800258,1.25788388897182,-0.714911633207752,-0.0997443705447785,-0.181139398893683,0.302926121659033,-0.313996039687656,0.525603178855979,1.16447459333661,1.88449039844892,-0.124053813272653,1.26689331753861,-1.94871533040488,0.731606374585386,0.955368444344057,-0.471952951638856,-0.42269531287103,0.891697046583488,0.474593404103048,-1.10620479361641,"Male",0
0.143603707587937,0.0339761375648314,-0.521167555556526,1.40278215613017,-0.692754931648438,-1.51929974757966,-0.850652921520826,-0.616883919212111,-0.810885479159107,-0.100498243044391,-0.757345890524632,1.02826474832637,-0.187557641321602,-0.347003611833453,-0.714911633207752,-0.685532410236302,-0.0813551493698543,-0.0540498124219706,-0.801587924653403,0.743663107326459,0.510720906394975,1.63218595735367,0.0835399886094099,0.534203178928937,-0.0678350273242204,0.300486238549342,-0.448045841363984,-0.485431289050822,0.0869774715176062,-1.08286011952696,1.97124202101125,-0.326201875888286,"Female",0
1.07141339884157,-2.00459211632502,0.389755686670874,-0.162105465210889,-0.362241949818847,-0.727186203969754,-0.103921576322579,-3.18616696383503,0.219337705032089,-0.0200601789434443,-0.757345890524632,-0.479306595156048,-0.695948819869541,-0.347003611833453,-0.714911633207752,-0.685532410236302,0.336435886124886,-0.199912870650529,1.1949616450576,-0.938937510873227,-1.94167452298599,-1.85095499935964,0.299010381962389,-1.29752216759524,0.684517093908044,-0.43493632958666,-0.931320808026822,-0.780154618151192,0.463540835118864,-0.788035290547229,-0.845612752244356,-1.48961315943843,"Male",0
-1.35031211202079,-0.645546613731787,2.00537767721649,-0.44343240993845,-0.692754931648438,-0.727186203969754,-0.641361183652822,-1.88483900454856,-0.145412420388132,-0.0530125750657235,-0.161060080382221,-0.479306595156048,-0.695948819869541,-0.347003611833453,0.0294908416423784,-0.685532410236302,0.928469277033916,0.53365820025505,-0.0410150955462028,-0.781362640719331,1.01566177082272,0.150176463752088,0.954054888958361,-0.56483202898557,-0.0678350273242204,-0.129662761578215,0.0475390004598132,-0.513237813059509,0.884327332799732,-0.798384947048259,-0.448690158783508,-0.529511760890438,"Female",1
-1.0330553979116,-0.645546613731787,0.364095450736996,-1.59387622505015,-0.692754931648438,0.857040883250062,-0.287962354327824,0.985122819236638,0.918317158646032,0.882549733785558,0.186656937710189,-0.479306595156048,-0.695948819869541,-0.347003611833453,0.463580341028049,-0.284260743702889,0.896972839540703,0.0579545167558901,0.537846704010293,-1.23325445031389,-0.747824676651779,-0.998013720000545,0.970657266986702,-0.56483202898557,0.684517093908044,-0.126630487584429,-0.702688035504536,-0.881626868249337,0.855157411823325,0.0927908545433299,-1.19291791242609,0.0282684527612045,"Female",1
-0.320555797652847,-1.32506936502841,-0.907974661406209,0.0676631635855274,-0.692754931648438,-1.51929974757966,-0.970182637518482,-0.889295550265178,-0.437319204495045,-0.125570176253817,0.89465905888631,-0.479306595156048,-0.695948819869541,-0.347003611833453,-0.714911633207752,0.250768145008344,-0.419234650175718,0.231591498421889,3.2357650711475,-1.79377768205658,-1.01098512665018,1.56081011807675,0.954391748802416,-0.56483202898557,0.308341033291912,0.078351234395431,0.453490975447816,0.417405968793084,1.08350940900376,-0.137445672469059,0.582307614338503,-0.319168734446829,"Male",1
0.386302553516077,0.71349888886145,1.13158685201997,-0.303850441166529,-0.381276728877096,0.857040883250062,1.32077463178108,-0.0911186724042824,1.07824170790369,-1.53531858515669,-0.757345890524632,-0.479306595156048,1.34371171181081,-0.347003611833453,-0.714911633207752,-0.0691906778270644,1.25638159228701,0.259767603360498,-0.442534453232534,-0.794069931254653,0.579337017225058,-0.790403312674531,1.18866201790271,1.99958345614828,-0.0678350273242204,-0.331694136711364,-0.133684164757482,-1.030431569278,0.752722745292958,0.108231179606394,-0.651465298456574,0.352645811885049,"Male",0
-1.05435065422442,0.71349888886145,-1.13543426190028,-1.12937555770802,0.684382492641525,0.857040883250062,0.304063056533832,0.273318375122022,-0.00793911540941246,0.096782640980204,0.379183830310716,-0.479306595156048,-0.239161257189245,-0.347003611833453,-0.714911633207752,0.44172417930166,-0.0491786357488675,-0.139671784745544,0.926116205859809,-0.57892395979937,0.142567823342817,-0.775158761671757,0.273059154859317,0.534203178928937,-0.0678350273242204,-0.372069128376106,-0.449569088066285,0.923186872670516,0.566182554710317,0.520216518610473,-1.03875064985355,0.453787300442837,"Male",0
1.10772971032387,0.71349888886145,0.239182093066715,2.04854455754315,0.198916781920602,0.0649273396401542,0.345545570579312,-0.785400339433359,-1.4018096570031,0.0547509059253518,1.58279464739276,0.566584699741763,0.00945316371801521,1.01563671903894,-0.349733060639782,0.0605183950312035,-0.654034919087394,0.100460715460774,-1.30171725277925,1.3785657100276,0.238740551716688,1.54719276818858,-1.28262456124808,0.167858109624101,-2.70106745163715,-0.00425630039374208,-0.138164948924318,-0.297475889982421,-0.517411017229102,0.25933308007873,1.22794968613895,-0.0597699295177543,"Male",0
-0.141808915872589,0.37373751321314,0.252608670682394,0.177096943688378,-0.692754931648438,0.0649273396401542,-0.401859349371842,-0.532584459521378,0.825651164124306,-0.571723333435834,0.769507168779407,-0.479306595156048,0.224547329168004,-0.347003611833453,0.238149111107925,-0.0365058889871824,0.141722541436378,-1.26164269618307,-1.0079421457845,0.487677831412945,1.99143637105887,0.218396854539987,1.24033216506481,0.534203178928937,-0.0678350273242204,0.931665296728265,0.280165188403822,-0.143053182020022,-0.391721831247898,-0.212819687734908,0.937543747607778,0.701181979327508,"Female",0
0.780155590598034,1.73278301580638,0.507867868887357,1.26367609926104,-0.692754931648438,0.0649273396401542,1.50995079718332,0.463083514125314,-0.735157015136054,1.1107901581896,-0.128174390540865,0.270557194838307,1.07416240117252,2.58387834853414,-0.714911633207752,-0.685532410236302,0.74450159792423,0.93143947863657,-0.33841528385932,-0.390316743650566,0.441737232602187,0.206399720259911,-0.251846216275145,2.73227359475795,-3.07724351225328,-0.0291521869134643,-0.128254102823734,-0.846572056121646,0.519052121733305,1.26962439459214,-0.397033485242565,0.45813702288745,"Male",0
1.09371861611027,-0.985307989380096,-0.6105092219479,0.635013605787973,0.266798886566504,0.0649273396401542,-0.211142773501235,-0.526525039712032,-0.92482567420639,-0.0911762938250802,-0.378502650246182,-0.479306595156048,-0.695948819869541,-0.347003611833453,-0.714911633207752,1.24690745754307,-0.220071674758101,0.673299609677504,2.2343995368537,-1.30684176991583,-1.48685045164729,-1.16635739355826,-0.686499408025524,-1.29752216759524,-0.0678350273242204,-1.08500994210431,-0.085513126216813,-0.245731895713778,0.792590378540141,-0.11844220782268,-0.773448461983149,-1.8868030241241,"Female",0
-1.48358050005976,-0.645546613731787,-0.242346232094036,-0.494052050385557,-0.692754931648438,0.857040883250062,-0.772307509735836,0.273318375122022,-0.663818732450476,0.096782640980204,-0.757345890524632,-0.479306595156048,-0.695948819869541,-0.347003611833453,-0.714911633207752,-0.685532410236302,0.229627805688851,0.866154208712194,1.54686620976912,-1.07126623408483,0.949502767224379,0.0424008245451946,0.168816940425966,-0.56483202898557,0.684517093908044,-0.202914321043214,0.46654022461409,-0.564083054740881,0.868765853473944,0.880498046552917,-0.637594793088375,0.105210786859066,"Female",1
-0.220682710673986,0.37373751321314,-0.850500562127855,-0.829586547669275,0.377251124634411,0.460984111445108,0.0131525202764271,0.273318375122022,0.23425809280215,0.096782640980204,-0.757345890524632,-0.479306595156048,-0.695948819869541,-0.347003611833453,0.49765721739149,0.965966400460279,-0.159351300328095,-0.556260155739746,-0.436085574005952,0.40829629914171,-0.0991183143665601,-0.346489899381666,0.0887918232603332,-0.56483202898557,0.684517093908044,0.0760462190478692,-1.52099275013298,1.0258466148538,0.344658800975733,-0.321649461205509,-0.585125773931427,1.96907520921746,"Male",1
0.847340181243292,-0.645546613731787,-1.11992542243534,0.471046898489153,1.78609243207349,0.460984111445108,0.777970952672866,0.273318375122022,-1.38391218390496,0.096782640980204,-0.757345890524632,2.25031121614924,-0.695948819869541,-0.347003611833453,-0.714911633207752,-0.685532410236302,-0.515721340041292,0.891499724197977,0.219342452334374,0.426558469831197,-1.29208833460302,-0.668468225702711,-1.83773231587747,-0.56483202898557,-0.0678350273242204,-0.726046735192208,-0.367153567291092,1.726121398283,-0.261365811467091,-0.739657242506342,-0.744736786809888,-1.53173441629823,"Female",1
0.569687163843801,0.71349888886145,0.447047177925703,1.28414123238426,0.265732715657375,0.857040883250062,-0.267919463486729,-0.246238031094968,-0.857715769503088,-0.221236201293181,-0.26517347580392,0.400570208488143,-0.695948819869541,-0.347003611833453,-0.714911633207752,-0.685532410236302,-0.273981988540346,0.327067103725418,0.893341645549029,-0.219112734570863,0.588220684878574,0.690164318877478,-0.129142001012352,-0.56483202898557,-0.0678350273242204,0.175878150551093,0.276529454244853,-0.544538104309384,0.266424862028828,0.0596508609656659,0.31626640394999,-0.946823326722413,"Female",1
0.295648782285389,0.0339761375648314,-0.42360744521229,0.32177870433654,0.172874306476681,-1.91535651938462,-0.683879266846236,-0.41277755633834,0.332539625996541,-0.528981726008975,-0.757345890524632,-0.479306595156048,0.401166229096215,-0.347003611833453,-0.714911633207752,1.63514029779671,-0.905537576763945,-0.513780194884757,1.2125800503438,0.0430103316883967,0.0363102985127638,0.73289871824738,0.237827746805728,-0.198486959680735,0.684517093908044,-0.0285353971561428,0.919495962463375,0.604970867013307,-0.285298745121355,-0.73563287390825,0.967038158982361,0.656174386141592,"Male",0
0.227916486678568,0.0339761375648314,-0.421650842616074,-0.878787635217026,-0.692754931648438,0.0649273396401542,-0.365087008622628,0.663987395220912,1.92301751737461,2.0991051645928,-0.757345890524632,-0.479306595156048,-0.695948819869541,-0.347003611833453,-0.0681043414356831,0.415643692654244,2.03808074675629,-0.492267898154882,-0.685550618962646,-1.48086839289997,0.597743793905605,-0.981568836722417,2.65144141725343,-0.56483202898557,-0.0678350273242204,0.508075127132135,-1.72946279093009,-0.454345061799746,1.67643730006457,1.23029528427502,-0.720613549626815,-0.909850685943205,"Male",1
1.85150924127861,-1.66483074067671,1.85110612310527,0.0862186493512723,-0.494447142550683,0.0649273396401542,0.0503522289944449,0.273318375122022,0.486843141711251,0.096782640980204,4.12858389924833,-0.479306595156048,-0.695948819869541,-0.347003611833453,-0.714911633207752,5.54512219375538,-3.24567879074857,-3.11521747546763,-0.653393261883493,2.82243744383573,1.26176421424512,-0.904965580434101,-1.74302263954078,-0.56483202898557,-0.0678350273242204,-0.460812810084932,-0.298106233350301,-0.953158512077135,-1.96468446993631,-1.07059734105153,0.973460518653889,-1.45559214428244,"Female",1
0.034690263271403,0.37373751321314,-0.0368249669556328,-0.113198637703257,-0.692754931648438,0.460984111445108,-0.337080380411359,0.684048777334101,-0.598439909571035,0.639132128971313,-0.757345890524632,0.494503002390714,-0.695948819869541,-0.347003611833453,-0.0348899129392541,-0.222443216696379,0.00481852596264917,0.75993285479749,1.23556849794392,-0.773363266735882,-0.708350609152016,-0.444754511767616,-0.405141806244177,-0.56483202898557,-0.0678350273242204,-1.11672913839076,-0.474456856523401,-0.638261439358686,0.987703221315495,0.77765548049285,-0.738600280146694,-0.534070278491383,"Male",1
-0.435189847468305,-0.645546613731787,-1.29078236382254,-0.571547823679157,2.79678127135926,-0.3311294321648,-0.343416833787794,0.829549351189625,-0.34815431091626,0.597105858519911,1.35031009722056,1.4046649138233,-0.695948819869541,-0.347003611833453,0.600685943259399,1.10628982882012,-0.709701047368038,0.0742968209126904,0.470325272109448,0.0631978731334307,-0.787040743710363,-0.286671842574266,-0.997725578695229,-0.56483202898557,1.06069315452418,-0.433075929027962,0.373412935956214,2.20510887622597,-0.286585015293966,-0.141356262944581,-0.317927583728442,2.11686123166237,"Female",1
1.55096426886563,-0.645546613731787,1.281211290596,-0.562621711117381,-0.692754931648438,-0.727186203969754,0.799299344713831,0.738059197196854,0.872345766007075,1.27832705145926,-0.757345890524632,-0.479306595156048,1.16193331580261,-0.347003611833453,0.823975440182725,-0.685532410236302,0.374657005341309,0.213006500384244,-0.257726382272488,-0.0982830204487706,-1.2753527346761,-0.816731093347774,-0.0724250459322122,-0.198486959680735,1.06069315452418,-1.49254844536461,-1.28567314723739,-0.569116285471949,0.846859677800938,0.64893797844262,-0.800530378648467,-0.790860134614492,"Female",0
-1.09876090560923,-0.645546613731787,-1.03417814987401,2.5661852892234,-0.692754931648438,-0.727186203969754,-1.33085770430525,-0.676495679993418,-2.02312075775512,0.195078594359256,0.142406805136683,-0.479306595156048,0.388921641496158,-0.347003611833453,-0.714911633207752,2.75662610424571,-1.70761790067938,-0.0496642375058519,-0.334234330679564,1.68823671962585,2.25854849989247,3.83976259886435,-1.22747502638662,0.167858109624101,-0.0678350273242204,2.39400412488669,1.33591125423958,0.184348363556064,-1.40275691323833,-1.08660183219337,2.79063752990747,-0.588772489702725,"Male",0
-1.04333650806921,0.0339761375648314,-1.57597310688304,-0.6520051833269,-0.492444033569898,0.857040883250062,-0.580591149027082,0.273318375122022,-0.645799820753273,0.096782640980204,-0.757345890524632,0.75463022365318,-0.695948819869541,-0.347003611833453,1.00843108254117,0.194654241868678,0.480951576171431,0.774801713325629,-0.260114239979951,-0.350410948632672,-0.889769097455713,-0.247308552893395,-0.39222047498536,-0.56483202898557,0.684517093908044,0.191371978363782,-0.247739513729106,1.79982637265452,0.0588695247980899,-0.223104725189663,-0.772141647725602,0.724080579369465,"Female",1
-0.278647965596093,0.71349888886145,-1.02559676144263,-0.113814016091866,1.86213069476435,0.0649273396401542,0.366195392789521,0.273318375122022,0.102243823814681,0.096782640980204,0.384549881872734,0.541400348448208,-0.00753243645334427,-0.347003611833453,-0.714911633207752,-0.20014147083185,0.11467271223758,-0.229226950088303,0.411978876506637,-0.378901218775866,0.840083987644534,-0.229641689303116,0.597978765359201,1.26689331753861,-0.0678350273242204,0.213166880626759,-0.169596039585146,0.238783425170309,0.414663707547258,-0.367403147182876,-0.348855649847817,-0.0820838052105782,"Male",0
0.781017296354772,-0.305785238083478,-1.35525930594227,-0.244374819349456,0.971872495084539,0.0649273396401542,0.0335167127190416,0.273318375122022,0.88597421911029,0.096782640980204,-0.275181766533889,-0.479306595156048,-0.114582831003723,-0.347003611833453,-0.714911633207752,-0.685532410236302,1.09905310569334,0.0736012304147866,-1.06296660145065,-0.203935997012102,0.109650282433925,-0.730704371684654,0.712782652136784,0.534203178928937,0.684517093908044,-0.237457925784068,-0.821412343217346,4.22758330478025,0.543639784372283,0.200962532861036,-0.232240193112031,2.21979532591957,"Male",0
-0.668274771960688,0.0339761375648314,-0.0927549381412524,0.0849221900200766,-0.692754931648438,0.0649273396401542,-0.863953692454204,0.778202922691688,-0.70555720583159,0.490914680385976,-0.757345890524632,-0.479306595156048,-0.695948819869541,-0.347003611833453,-0.714911633207752,-0.685532410236302,-0.254033504920614,-0.212596129095786,1.0299815224343,-0.251643083933053,-0.0763720999116697,0.655445537494586,0.283533690666792,-1.29752216759524,-0.0678350273242204,1.25659888438045,-0.247869136562814,-0.752270929982487,-0.0373209136821367,0.191385870998074,-0.270860670578288,0.078717413392967,"Male",0
1.01177094560809,1.05326026450976,0.454603026833701,1.73466357994826,0.271241265354536,0.460984111445108,0.69663429047579,0.70814026015341,-0.98305526319466,0.412813555907671,0.395985175730776,-0.479306595156048,0.694671971809511,-0.347003611833453,0.724905456917233,-0.685532410236302,-0.834433150150639,-0.515536057883461,-0.84504552530616,1.39082788259732,1.56866494972901,0.754237606408135,-0.814081951465937,1.99958345614828,-0.0678350273242204,0.47111068070687,0.378142762584826,0.851494642686701,-0.797709034485121,-0.317098539706732,1.166593957561,1.5249209515035,"Male",0
0.243140886107172,0.71349888886145,-0.983468226066276,0.875673739603893,-0.692754931648438,0.857040883250062,-0.161577714160278,-0.489256350131951,-0.751608589521559,-0.150764035936491,0.687418294623289,0.166409446228006,1.04606539766392,-0.347003611833453,-0.714911633207752,-0.685532410236302,-0.0457819347454258,-0.225839259730477,-0.76991442802907,0.610573752012804,1.88943918784834,0.200384063185,0.0276070083880789,0.167858109624101,-0.0678350273242204,0.00120757558580657,-0.374578011800853,0.0269839187415906,0.192777741317659,-0.801864912033179,0.523019363385037,0.760548720177025,"Male",0
0.185183273398813,0.0339761375648314,1.65005302831961,1.7580781967423,-0.291764916928714,-1.91535651938462,-0.632388738392078,-0.0807870590181029,-1.14272504254299,-0.191233401068595,0.0253516000700541,-0.479306595156048,-0.695948819869541,-0.347003611833453,0.2622069551392,-0.0201226952469095,0.281114018110284,1.19215802418196,1.30673161082589,-1.14806616990984,-1.05901829616445,-0.0324510678328642,-0.412796117530376,-0.56483202898557,-0.0678350273242204,-0.115751198780321,0.755703562328566,-1.15809678268774,0.248583563002295,-0.445040893981318,0.923073500383035,-0.70719995727367,"Female",1
-0.232082526360421,0.0339761375648314,-0.0124764992543494,-0.351747653175845,-0.692754931648438,0.0649273396401542,-0.624800321522236,0.273318375122022,0.691234611883099,0.096782640980204,-0.757345890524632,-0.479306595156048,-0.695948819869541,-0.347003611833453,-0.714911633207752,0.0239624204459816,1.18534907556553,0.269338668349281,-0.824145901621772,-0.476945136159864,-0.623599867956879,0.626636335921551,1.01238185711161,-0.56483202898557,-0.0678350273242204,0.792321386798719,0.141051965130257,-0.823489461892257,-0.0271028193972334,-0.668972819693709,-0.0332963108838356,-1.96726821222852,"Female",1
1.08894527246729,0.71349888886145,0.687105392107949,0.994874605392542,-0.539027963355605,0.857040883250062,0.00252336512204595,-0.265993027529076,-0.756329432817325,-0.251300731136381,0.264426498971613,0.43402560026168,-0.695948819869541,-0.347003611833453,-0.714911633207752,-0.685532410236302,-0.178131108668728,0.281401177573227,0.584364994402685,-0.14884662247454,-0.857891785016129,0.325180355963382,-0.459100335235092,-0.56483202898557,-0.0678350273242204,0.250511632915063,0.0174637111243417,-0.317558867641498,-0.136461944604872,-0.0816900291276924,-0.14924394002701,0.122356256044712,"Female",1
-0.943903078983775,0.0339761375648314,-0.55732897210137,0.13877608895423,-0.157899898812171,-0.727186203969754,-0.981580429158986,-0.0895956519071582,-0.97163534440298,-0.288848975481007,2.25078252482066,-0.479306595156048,-0.695948819869541,-0.347003611833453,-0.714911633207752,-0.174060763639981,0.330217823446393,-0.205610871832651,0.0282958283264826,-0.437505101664802,1.34017674452958,-0.608461434203705,0.307606770495315,-0.56483202898557,-0.0678350273242204,1.08704487225753,-0.1991727399426,0.369749203696263,-0.00973329567130226,0.447357027083918,0.108247942075926,-0.712806573263324,"Male",1
-1.3466929930685,0.71349888886145,1.34094219705369,-0.57968782148491,-0.692754931648438,1.25309765505502,-0.559277488390583,1.16203328049319,-0.813448191169796,0.293753857056755,0.421277523674975,-0.479306595156048,-0.695948819869541,-0.347003611833453,0.0207843799482174,-0.184529481552765,0.646476866480638,1.28238294010239,-0.131538134522225,-0.538484081459566,-1.00405985165022,-0.938158191624467,-0.943252039364325,-0.56483202898557,0.684517093908044,-0.0978611230960283,0.414171527302068,-1.10209129587128,-0.206479066296224,-0.281562257361199,-0.721392612840104,-0.801991327562989,"Female",1
-0.872087210202178,0.0339761375648314,-0.661170167513926,-0.590977835874682,-0.317171997751176,0.0649273396401542,0.011671315860329,-0.229582138031133,-0.172321753373037,-0.534178619242381,-0.340500794706372,-0.479306595156048,-0.193340788130328,-0.347003611833453,-0.714911633207752,-0.685532410236302,1.41656213965109,1.39006918892359,1.52649056618361,-2.24954677253822,-0.924988536991967,-0.452025455343585,0.914594214134348,0.167858109624101,-0.0678350273242204,0.0926950088049149,0.185153700580695,-0.155185750111602,1.17636986895577,2.76463910598566,-1.26797567776071,-0.201554590116826,"Male",0
2.11337522650395,1.05326026450976,-0.227014036660178,0.972352505758657,0.713683288903013,-0.727186203969754,0.970140871210677,-1.71430340778985,1.20647904932199,-0.216784421568211,-0.757345890524632,-0.479306595156048,1.29051698404803,3.49029552156337,0.656249328641524,-0.685532410236302,0.194355586054481,-0.788466628204533,0.916896883316866,-0.701235308456539,-0.491834811121996,-0.291490153446958,1.32140743295521,1.26689331753861,-1.94871533040488,-0.332170742866689,-0.424536229013002,0.00980941247046781,0.688184850333161,-0.670248188595438,-0.0384248906023079,-0.872156627782942,"Female",0
-1.05321800983819,1.05326026450976,-1.32206162766246,0.53477079453182,-0.692754931648438,0.460984111445108,-0.849634877045341,0.983459724741043,-1.31025397969001,0.188053294773211,-0.757345890524632,-0.479306595156048,-0.695948819869541,-0.347003611833453,-0.714911633207752,-0.685532410236302,0.338633859742773,0.742765790242358,-0.322718865491754,0.0792634058900465,1.04695418677191,2.52535119099686,0.165628127506007,-0.56483202898557,-0.0678350273242204,1.02152258443984,0.0377735546513961,0.291059743930411,0.355896338273806,-0.557685792853508,0.0629539139017097,0.696265895702682,"Male",1
-0.0949094952608296,-0.305785238083478,-0.180223929429224,-0.191582981652464,0.31749229583069,-0.3311294321648,0.0481829967665565,-0.40969397911829,-0.220050421545281,-0.352287174349347,0.24911904744357,-0.479306595156048,-0.695948819869541,-0.347003611833453,-0.714911633207752,-0.257709684618909,0.3027124556987,0.133464564962701,-0.110248750600588,-0.149382780130147,-0.711356749123911,0.487445811467552,0.045228477707698,-0.56483202898557,-0.0678350273242204,-0.078690525972825,-1.13391515955493,-0.115474452333004,0.6727709594965,-0.073531628529352,-0.589515616669301,-0.260559222434678,"Female",1
1.19139389806917,-0.305785238083478,0.824624118042986,1.22880665382613,-0.227971050950575,-1.51929974757966,0.00988063032434905,-0.490625425042635,0.528110453910977,-0.52201887168433,0.690012126194458,0.81444403713226,1.92176374759096,-0.347003611833453,-0.714911633207752,-0.685532410236302,0.767353715645829,0.134849409893437,-1.14512316908644,0.0398715215114824,0.0827607292677748,0.951347588121777,0.868946674821764,0.900548248233772,-0.0678350273242204,-0.0427241453736432,-0.329344883535362,-0.950670847706252,0.410463058881393,-0.830813870751485,1.17472118319301,-0.431155948924284,"Male",0
0.443546646433527,-0.645546613731787,-1.13314763670121,-0.814115215605717,1.148674538545,-2.70747006299452,-0.17025741802508,-0.588051456237726,1.73817947511541,-0.76374399364537,0.874594221444067,-0.479306595156048,-0.695948819869541,-0.347003611833453,0.303744385008213,-0.685532410236302,1.31199039524076,-0.563131609972498,0.235536940958525,-1.44215982436055,0.295760994495735,-0.587082496341707,2.19669539473991,-0.56483202898557,-0.0678350273242204,-0.0388009373433963,-1.07719497704659,0.478640142888355,1.45771519433325,-0.315010423924704,-0.854204582831431,-2.00978674912461,"Male",1
-0.110618748929642,-0.645546613731787,-0.578061604180511,-0.500561215174776,0.044199689998623,-0.727186203969754,-0.844576284624422,-0.602906482930419,0.662623369872999,-0.476787753622972,-0.031059029882704,-0.479306595156048,-0.695948819869541,-0.347003611833453,-0.714911633207752,-0.0680801521830717,-0.218560090137872,-0.742965614892689,1.25719032870157,-0.555315814606402,0.35460423550369,-0.913488007631625,0.833763149078952,-0.56483202898557,1.06069315452418,-0.0259247527018309,0.172162095111303,-0.368070757613142,0.22811517091706,-0.8036295169194,0.00411560500067176,-0.402141416158149,"Male",1
-1.65834226033149,-1.32506936502841,0.631901575060998,-0.0986927756113299,-0.692754931648438,-2.31141329118957,-1.0230948082737,0.273318375122022,-1.06071369774104,0.096782640980204,-0.757345890524632,4.59547581459468,-0.695948819869541,-0.347003611833453,2.82886352875484,4.14103101539106,-1.76270410115387,0.0661064877261246,1.68414535295826,-0.127819964797618,-0.403121552005986,-1.11814629455816,-1.39975564361627,-0.56483202898557,1.06069315452418,2.28118297905226,2.99282585194035,-1.03133572598199,-2.62858217067913,-1.13921955331686,0.491926697109056,-1.77538968674874,"Male",1
-0.211139020804399,1.05326026450976,-0.0852021561822931,1.19021801536751,-0.692754931648438,0.460984111445108,-0.393686107108539,0.273318375122022,-0.818036770723004,0.096782640980204,-0.0122641758180459,-0.479306595156048,-0.695948819869541,1.38841078367685,0.215247466604965,-0.685532410236302,-0.113188144058661,0.74233884929896,0.293280320914138,-0.0131394142282569,0.533440804486468,0.745707268855583,-0.652256607448775,-0.56483202898557,-0.820187148556485,0.203007401736235,1.21736149902114,0.346807284868072,-0.407544465811558,0.61286096506867,0.37201972071762,-0.541884880093003,"Female",1
-0.269047916547566,0.0339761375648314,-0.285518002722142,0.607679593091279,0.487648574885815,0.0649273396401542,-0.797555020042241,-0.503171947308117,-1.57815844041714,0.0898672047696916,-0.757345890524632,-0.479306595156048,-0.695948819869541,-0.347003611833453,1.12164337773637,-0.685532410236302,0.466902466129712,1.32062490350591,-1.60549271653662,0.698695773224381,-0.0404609123312545,1.18725919281,-1.11646397783896,-0.56483202898557,-0.0678350273242204,-0.0726419926834069,-0.164295524143877,-0.262982413433673,-0.106587860973091,0.532304745807422,0.191795926780923,1.06698996308235,"Female",1
2.04229865641249,0.71349888886145,-0.17979084434226,-0.300167042269993,-0.692754931648438,0.0649273396401542,1.41518830009836,0.273318375122022,0.543252454679159,0.096782640980204,-0.757345890524632,-0.479306595156048,0.759206769028166,-0.347003611833453,0.0384058413411826,-0.172529411404651,0.252140119477538,0.247967441303563,-0.918393103251545,0.467548700353088,-1.16974809274203,-0.916294795032009,-0.783827234885407,0.167858109624101,-0.0678350273242204,-1.60354220598125,-1.48762227974345,-0.512319205607022,0.59310358765501,-0.0334009818082755,-0.93218852503609,-0.48249390792069,"Male",0
-0.537643424944019,-1.32506936502841,0.239931215422954,-1.43291480044932,-0.692754931648438,0.0649273396401542,-0.288950067101353,1.20565118995926,0.430902473374635,0.580687210418093,-0.757345890524632,-0.479306595156048,-0.695948819869541,-0.347003611833453,-0.714911633207752,-0.685532410236302,-1.7334234167484,-0.609784428076245,-0.124219152955892,1.96841622948855,-0.900393158399317,-0.733758906456774,-2.02269702119758,-0.56483202898557,1.81304527575644,0.396722641028776,1.61954579579056,-0.713947643573036,-2.72026954655537,-1.15404144659108,0.42189266213124,-0.408255192705299,"Male",1
-0.120269178024582,0.37373751321314,0.451733076277098,-1.57277820545609,-0.692754931648438,0.460984111445108,-0.256544349775059,0.273318375122022,1.81132532454981,0.096782640980204,-0.757345890524632,3.27881127803615,-0.0622826312230877,-0.347003611833453,-0.714911633207752,-0.685532410236302,0.78341095397195,-0.547020573212092,-0.6463764819126,-0.305598888986408,0.399856816496403,-0.96910045629346,1.42318646194692,-0.198486959680735,-0.0678350273242204,-0.596369131652143,-1.1499000713526,-0.86180003670776,0.938974626219026,1.09712869064915,-0.594895072515466,0.385716386309622,"Male",0
-0.48750920150731,0.71349888886145,0.580781887511972,0.237271216596539,-0.357775558172502,0.857040883250062,-0.739188323983366,-0.00341045428945518,0.769957201455612,-1.80541501822393,-0.757345890524632,0.614197353530752,-0.695948819869541,1.07766890405591,2.33951066116971,-0.685532410236302,-0.330825640445145,-0.789590689656302,0.777769704982631,-0.251968463904874,-0.193151133331931,0.0438948230708871,0.988946719148394,-0.931177098290406,-1.94871533040488,0.918081616952288,1.15786000707645,0.689628556120612,-0.774350047124493,-0.0273025123080802,0.92018539128099,1.27547886837978,"Male",0
-0.0406908615749518,0.0339761375648314,-0.567533805679712,-1.61716803602495,-0.602065393951294,-0.727186203969754,1.24287695725309,0.273318375122022,1.40501811970587,0.096782640980204,-0.757345890524632,-0.479306595156048,-0.695948819869541,-0.347003611833453,0.0580777262372344,-0.685532410236302,1.16878925028859,-0.263802900883259,-1.36592633731636,-0.0792957854721202,-1.19289327181037,-0.572198181149997,0.742415318271715,-0.56483202898557,-0.0678350273242204,0.090841160107466,-1.83878453261901,-0.154560382385912,0.562820636179306,1.18989906298286,-1.15098864731743,-0.99836094720252,"Male",1
1.54699017507443,-0.305785238083478,-0.129529788529181,0.260222055586187,-0.305435031066886,0.0649273396401542,0.317346833143938,0.273318375122022,1.09132507497382,0.096782640980204,-0.215559321094172,-0.479306595156048,0.610561843280552,-0.347003611833453,1.31418543533533,-0.685532410236302,-0.741938589581996,-0.95663935192152,0.541926217670281,0.379240254413069,-0.138735570607087,-0.172586675459481,0.270321770326179,1.26689331753861,-0.0678350273242204,-0.861515675435172,-0.14998856538054,1.74991448874111,0.100267017602246,0.160249759669304,0.732579994801098,0.695170602459844,"Male",0
-0.266272024902176,0.0339761375648314,0.011833581223081,-0.330828925832414,0.911909545350301,-1.51929974757966,-0.0644857836369006,0.782431436490432,-0.4419866457962,0.602514752537849,-0.0821545879178144,-0.479306595156048,-0.288895246425794,-0.347003611833453,-0.714911633207752,0.462494401219453,0.464072987272163,0.80776379436887,1.30478008685157,-1.29952601303024,-1.01891961257978,0.327831350762009,0.161958589020222,0.534203178928937,-0.0678350273242204,-0.990392104436476,-0.760966250822738,-0.656515775183452,1.55270087586783,0.161475023309556,-1.00828474234173,1.25084261325645,"Female",0
0.525966453093609,-0.305785238083478,0.808921750230769,-0.965133370874368,-0.692754931648438,-0.727186203969754,1.29285012024907,1.72065407815507,0.485634112930428,0.416891173365934,-0.757345890524632,0.473893275458492,-0.0530626205417282,-0.347003611833453,-0.714911633207752,-0.685532410236302,-0.179793854116195,0.246597163504137,-0.28859896863899,0.519692735098622,-0.695610301652097,-0.474515368647872,-0.722763903977333,0.900548248233772,-0.0678350273242204,-1.38562316270766,-0.493192351468725,-1.00741585099846,0.180051398372682,0.600050782555136,-0.743667539890833,-0.65324295291609,"Female",0
0.156665700162974,-1.66483074067671,-0.755074947536538,0.183286496705245,1.12843904986155,0.0649273396401542,-0.243408664214261,0.273318375122022,0.00564968694405286,0.096782640980204,-0.757345890524632,-0.479306595156048,-0.695948819869541,-0.347003611833453,0.129410636924257,0.464420620701752,0.281867977341013,1.0636505917744,-0.290729595404817,-0.0492701169797298,-0.692190084873594,0.418784713834203,-0.694647967250132,-1.29752216759524,-0.0678350273242204,-1.17997056675164,0.504047693169894,0.499967381502668,0.199400432948292,-1.13376782245737,-0.0971327525098435,-0.720057796609944,"Female",0
1.54135499890855,0.37373751321314,-0.964754939400341,-0.0717179612922354,1.58891139177743,0.460984111445108,0.889613415354179,0.20069221081212,1.36766857664676,-8.97734456197214,-0.275757828808658,-0.479306595156048,0.46539399181943,-0.347003611833453,0.186909286144736,-0.685532410236302,0.912050625809855,-0.107730153921823,-1.24303728385506,0.0418789037467887,-0.354498842783199,0.26254585295908,0.898890769191517,1.26689331753861,-0.0678350273242204,-0.417082485515274,-0.823756904641483,1.38690755214694,0.521704758972456,0.0475159347303148,-0.353776305116302,0.931653294344393,"Male",0
1.28105324698978,1.73278301580638,-0.907027922172087,-1.18980955093639,-0.638274769808396,1.25309765505502,1.56804198131332,0.0445049515559484,1.8231638419563,-3.22508914253409,-0.757345890524632,-0.479306595156048,0.52367970382388,-0.347003611833453,-0.714911633207752,-0.685532410236302,1.1464878544744,-0.189828578787562,-0.282544459856996,-0.736319822547261,-0.940985107328145,-1.19813921465569,1.09010780391597,0.167858109624101,-0.0678350273242204,-1.22689624245249,-1.98331167854009,0.0440416412896626,1.54279203319476,1.77912404476976,-1.49315118977212,-1.48588875356872,"Male",0
-1.52944526836466,-0.305785238083478,0.640526707528118,2.19562156216593,0.887959329275692,0.460984111445108,-1.63815181062353,-0.103078525976351,0.257108451911794,-0.999392616601185,0.490608312745538,-0.479306595156048,0.80876315131259,-0.347003611833453,-0.714911633207752,1.43636234654104,-0.971269953183715,1.71171685297417,-2.13362148305694,2.27565568771616,1.95303257333183,5.88097090145598,-2.07572825176996,0.900548248233772,-0.0678350273242204,1.25704902064083,2.57751214488969,-0.767890846277874,-1.62115801780806,-1.23536156374424,4.21976342087506,-1.01351907087314,"Male",0
-0.561126115015279,0.37373751321314,0.239547050112063,-0.508746937007435,-0.161573353708024,0.857040883250062,0.911936044627243,0.273318375122022,-0.98672113635473,0.096782640980204,1.55041674872882,0.208307051966636,-0.232187401270483,-0.347003611833453,0.00534037967204386,0.458934203569407,0.146263229821719,0.853624998582247,1.19645114000832,-1.12382045029208,-1.5538791084217,-0.758734391630722,-0.600843222243781,1.26689331753861,-0.0678350273242204,-1.0575891415763,-0.783545886476013,-0.0739427433292629,0.945339531949139,1.58335657852359,-1.3046741555657,0.1288040451989,"Female",0
0.26196940391276,0.37373751321314,-0.870645554516215,-0.368128750570279,-0.692754931648438,0.460984111445108,-0.681832729929799,0.273318375122022,-0.436774690232584,0.096782640980204,1.02886920987243,2.71398337021147,-0.695948819869541,-0.347003611833453,-0.343260176044783,3.870116081604,-2.28129828277305,-1.47998524847783,2.39366185850986,0.0715786622397136,-0.484275511069923,-0.851867208323062,-0.662838029662405,-0.931177098290406,1.06069315452418,-0.308802820510894,-0.394180957976926,0.0246117493671262,-0.0752346163098563,-0.757164830305125,-0.260854313342655,0.753918149121106,"Male",0
0.0149081417499365,-0.645546613731787,-0.862209035758076,0.683766945273314,-0.692754931648438,-0.727186203969754,0.0983093276373157,-0.622506249492116,-0.966544254786025,-0.0607044166500233,0.0912629676990802,-0.479306595156048,-0.695948819869541,-0.347003611833453,0.344490625736838,0.0359118070679866,0.760543654538517,1.21589994606957,0.303553793179958,-0.957441221059928,0.22947013134229,0.23022172227656,0.0607813013558123,-0.56483202898557,-0.0678350273242204,-0.466396682192453,-0.241414738114704,0.834728663616122,1.11775513885955,0.48628467302339,-0.634674618109375,-1.85034223576428,"Male",1
0.957339392927694,0.71349888886145,-0.413009181149453,2.56750090843798,-0.135710580250251,0.857040883250062,-0.440504974955771,0.926953853911142,-1.02273578563734,0.293547435550984,-0.757345890524632,-0.479306595156048,1.39446824117061,-0.347003611833453,-0.714911633207752,-0.685532410236302,0.95549870072164,0.51824810686404,-2.20648746299164,0.743590513132651,2.68344802945643,2.51280264278078,0.774421660505311,1.26689331753861,-0.0678350273242204,1.19333424972389,-0.0887368981749987,0.296090275585613,0.266786320289988,-0.96003933240183,1.9670419123107,-2.33503538606477,"Male",0
1.30384307965357,-1.66483074067671,2.43219238960322,0.714113316215587,-0.0954423138841175,-1.91535651938462,0.365562492601334,0.699154448869047,-0.551816434978087,0.644187419887824,-0.757345890524632,-0.479306595156048,-0.695948819869541,-0.347003611833453,-0.714911633207752,1.11491944555814,0.382801746411552,0.913468892273137,0.373459529713771,-0.601445643358138,-0.586057044516159,-0.575277499232379,-0.679708865280924,-0.56483202898557,-0.0678350273242204,-1.23003764367101,-0.668857767260047,-0.495988542802393,1.00825464038521,-0.479110492031963,-0.913277569956456,-0.289604644316805,"Male",1
-0.112449807996444,-0.645546613731787,0.227004122055354,-0.524605762973907,-0.52374261139467,0.460984111445108,-0.757169881623495,1.29325293095068,0.0386732126634476,0.453794169741798,0.59530245731519,1.93887831150368,-0.695948819869541,-0.347003611833453,0.129410636924257,2.18935016710884,-1.38222775334072,-0.67796329480169,0.273034246833236,0.817066068662231,-0.853795327657849,0.244189351280829,-1.04424744366072,-1.66386723690008,-0.0678350273242204,-0.200919165348943,0.198200442156995,-0.226588048282982,-0.76295944462814,-0.632560143599187,0.254139435840234,-0.405875020156408,"Female",0
1.42289293844164,-0.985307989380096,-0.956524204971148,0.00937552552924199,1.2028342288448,0.460984111445108,0.329991767842354,-2.60179444036255,0.926994970837568,-0.098422926126058,3.3280177005862,1.95521739871084,2.58798338750772,-0.347003611833453,6.08530556947723,-0.685532410236302,-1.29077744742037,-1.57790920916501,3.24639875840536,-1.60194358482791,-1.81469136583449,-1.85095499935964,0.918233941487346,-0.198486959680735,1.06069315452418,-0.95902248021887,-0.320499963277043,0.194615360678746,0.708670876271172,-0.25823144585167,0.255104114292479,-1.29569337304929,"Male",0
-0.111688598333238,-0.645546613731787,1.08926225786678,-0.4830270187879,-0.692754931648438,0.0649273396401542,-0.930589917249899,-1.15939777535514,0.282587844032113,-0.195145798461374,-0.757345890524632,0.733856876535182,-0.695948819869541,-0.347003611833453,0.13225347285063,-0.108619946903749,-1.75408124377701,-1.91694691108165,0.219342452334374,1.59461738006016,1.09961484606428,-0.44948919354402,-0.311854197119756,-0.56483202898557,0.684517093908044,0.600122890344172,0.361679402083923,-1.05624350441386,-1.36214997850502,-0.615699096536825,0.620637455601195,-0.669151249033675,"Female",1
0.721178982661705,-1.32506936502841,0.77180808835307,-0.870633089542422,-0.692754931648438,-1.51929974757966,-0.043695232125619,-1.64342350186769,0.669264400115182,-0.166189760901625,-0.757345890524632,1.14370940075522,-0.695948819869541,-0.347003611833453,6.08530556947723,-0.685532410236302,-1.88645375702176,-1.63357211544983,1.08421568264037,0.796578388596375,-0.513114005031582,-0.67912125969962,-0.161115072619925,-1.66386723690008,-0.0678350273242204,-0.893311372647246,-1.03896546509338,-1.13582763040953,0.0627626701500522,-1.09005122044489,-0.589739069416131,0.94288942421483,"Male",0
0.610356151436117,1.05326026450976,0.832830346955088,-0.845580523543552,-0.623416543852021,0.857040883250062,1.63027690529142,0.273318375122022,1.04012464521659,0.096782640980204,-0.757345890524632,0.0793128639017763,0.811096038089613,-0.347003611833453,0.455358303998483,-0.419884345725032,0.523957356248976,0.45521080504291,0.442600425738946,-0.741247750530765,-0.801680768744476,-0.398971240078574,0.456591238790303,1.63323838684344,-0.0678350273242204,-1.08586019948502,-0.134319534234936,-1.00124898755915,0.769356205404412,0.314202412550407,-0.934040659008623,0.190068722895507,"Male",0
-0.368323014686284,-0.645546613731787,-0.506016893544442,-0.460066307776685,-0.692754931648438,0.0649273396401542,0.0128052203004519,-0.685052563372832,0.183883219179124,-0.316782727069551,-0.757345890524632,-0.479306595156048,-0.695948819869541,-0.347003611833453,-0.14822686631735,0.472190573613496,0.905778944234751,0.648607042227848,0.2733970292285,-1.02048371248263,1.11385769597206,-0.67912125969962,0.824377505478019,-0.56483202898557,-0.0678350273242204,-1.22186691050536,-0.833689607431571,0.303660108654965,1.71628767782012,-0.875840030883021,-0.971535164358037,-1.17117645757837,"Female",1
-0.286388973639869,0.0339761375648314,-0.346756443238691,1.16663176949191,0.435825981916019,0.0649273396401542,-0.9045698345695,-0.942443615425742,-1.8118590986902,0.135018782990709,0.394337559921852,-0.479306595156048,-0.695948819869541,-0.347003611833453,0.722848575359927,1.2726733224468,0.337971776261141,1.24563147135133,1.06506491825502,-1.22191802540224,-0.501957627653273,0.824843642744046,-0.261943701018519,-1.29752216759524,-0.0678350273242204,0.63043533892786,0.275973028843131,-0.112663956599444,0.5709263376858,-0.630149523283374,0.243710258896409,-1.06764102719217,"Male",0
0.463538545969146,-0.305785238083478,0.0622821995147071,-0.199333287982542,1.78609243207349,0.460984111445108,0.906050957120442,-0.744664152848588,-0.330350402417145,-0.180477303560882,1.65347472942912,2.10664712081739,1.62951513559378,-0.347003611833453,1.09088767181145,0.544202051077836,0.58496164950027,0.664853153631552,-0.259131075197351,-0.744359825734927,-1.50330922210174,-0.108342911865219,-0.134619715086192,0.900548248233772,0.684517093908044,-0.865643537880248,-0.712390236995045,0.279008774659694,0.845516882812049,0.378111135613577,-0.785698859066821,0.297780588550048,"Female",0
-0.308384250521379,1.05326026450976,0.508845894762802,0.30696386500462,-0.692754931648438,-0.727186203969754,-0.0728795901796339,0.675888570667634,-0.0203129008812193,0.968779563820906,0.844333080294971,0.475155791843408,1.87900199704084,-0.347003611833453,-0.0484002782426152,0.222245081735995,-0.324480016712688,0.218712464020173,0.802129546265733,-0.328893029878571,-0.182116848377069,0.974483596239176,0.00732925955575621,0.900548248233772,-0.0678350273242204,1.09194738723184,1.41115823201842,-1.02455292982144,-0.738129285137824,0.311858473371236,0.186750015150241,-0.827239941702165,"Male",0
-1.17988640489119,1.39302164015807,1.62785674324337,0.895243670809116,-0.692754931648438,0.0649273396401542,-1.07660906252082,1.60639073317878,-0.216601342852288,0.327441948916344,0.126621670125083,-0.479306595156048,2.50156411889253,-0.347003611833453,1.49217640626018,1.56898076883964,-1.21435844717546,-0.813276654410359,-0.728035132178444,1.4430699571908,2.58669523582798,1.57203302964727,-0.334008507373952,0.167858109624101,0.684517093908044,1.69363117806715,1.41354083433983,-1.23486144704246,-1.41398746005528,-1.12348898115849,2.50897369537942,1.03737506176169,"Male",0
-1.27430191472756,0.71349888886145,-1.18709158743073,-0.698046184383921,-0.692754931648438,0.0649273396401542,-0.679815537165073,-0.119587161989443,-0.307974272381153,-0.634209390288193,0.359244712401315,-0.479306595156048,-0.695948819869541,-0.347003611833453,0.214388593936633,-0.369109507909857,0.155511431708763,0.510297826334538,0.0642162981451412,-0.180910420349725,-0.403747855601236,-1.27445175236901,-0.738033165430726,-0.56483202898557,-0.0678350273242204,-0.0978611230960283,0.58248635796106,0.524395375301665,-0.476579628058119,3.78212331430929,-0.587528709928699,0.221713333551025,"Female",1
2.16979812211721,-0.985307989380096,0.73637715696347,0.32621885486623,-0.444870195276244,0.857040883250062,0.28280779847917,0.995267300625441,1.00868135971968,0.899281810154609,-0.757345890524632,-0.479306595156048,-0.118725581518197,-0.347003611833453,-0.714911633207752,-0.685532410236302,-0.840836671996996,-1.30144570075275,0.257347570530719,0.84060222097406,-0.942850948384563,-0.244345891208184,-0.00840329431496239,0.167858109624101,-0.0678350273242204,0.0079141264466905,-0.835396176319494,-1.1174502186138,-0.431871072494718,-0.928731128120819,0.323470756531455,1.78559916449765,"Male",0
1.16036194893234,0.37373751321314,-0.285911060748564,-0.735570647771979,0.133527522925539,-0.3311294321648,0.158052688930474,1.11994928775974,2.51125115914803,1.17490118458218,-0.757345890524632,-0.479306595156048,1.33478363148908,-0.347003611833453,-0.0140535928196214,0.269024701795847,0.0706498841337772,-1.07415215479346,0.910156933644247,-0.622855861059879,-0.299205747963692,1.33747730398273,2.21666845246319,0.167858109624101,-0.0678350273242204,-0.722352669382914,-0.245022489150696,0.0566023914286541,1.10053384923267,-0.389944705469655,0.107062826899801,-0.121802393996154,"Male",0
0.672339995493478,1.05326026450976,0.955046650310957,0.798673534196737,-0.528713561990369,0.460984111445108,0.668518932153771,0.375827817832624,0.00309331485881496,3.57191200824321,-0.757345890524632,0.128298044122692,0.533449072268314,0.44461459050303,0.982275796804671,-0.685532410236302,-1.0768161422853,-0.914178331694568,0.151888174254016,1.00580098600223,0.213398821993312,1.39539992056192,-0.0492154094519743,2.73227359475795,-1.19636320917262,1.10107060724156,0.520681038608622,-1.04355763098704,-1.02489010945248,0.0541819180526785,0.91137033183941,1.2174325974642,"Male",0
1.15126875006111,-1.66483074067671,-1.04986205879827,0.542406086450828,-0.692754931648438,-1.12324297577471,-0.0651389182898853,0.68060882421675,-0.326006132411975,0.792133414727556,0.593036714689003,-0.479306595156048,-0.695948819869541,-0.347003611833453,1.81381235171028,2.75854802413096,-1.08648142666512,-0.516957432590501,0.339946633947396,0.430244059474317,-0.857585065344579,-0.282228827272054,-0.885083058923033,-0.56483202898557,-0.0678350273242204,-0.501686379783204,-0.379297570748015,0.124782782208596,-0.157430358509528,-0.913229274688735,0.396291722243859,-0.550838292983302,"Female",1
0.85005996736677,0.71349888886145,0.409557906124917,1.11165337302687,-0.453981294585236,1.64915442685997,0.533609058724089,0.273318375122022,-1.34621567993093,0.096782640980204,0.134444391900735,0.796125444108718,-0.695948819869541,-0.347003611833453,0.621060242009997,0.830777338522722,0.852471185997193,1.94363164950923,-0.198360702921817,-0.862897795751881,-0.260861401477746,0.0368380446023964,-0.744520034150474,-0.56483202898557,-0.0678350273242204,-1.42551319255476,-0.222948515874926,-0.311601088474297,1.20815797966664,1.17277844994314,-0.953591594640012,0.0796485496172524,"Male",1
-1.49305132065471,0.0339761375648314,-1.0896468873557,-0.112789934349358,1.83998041824136,0.857040883250062,-0.559515194828232,-0.772177194145096,-1.12140959698917,-0.00529118026335548,-0.757345890524632,-0.479306595156048,-0.695948819869541,-0.347003611833453,0.521491494553151,-0.685532410236302,0.618094362893171,0.957283158898222,0.769716326165462,-1.00726871538387,-0.158138361176242,-0.316918103804707,-0.0160642169691469,-1.29752216759524,-0.0678350273242204,0.0266441333554664,-0.320499963277043,0.321409330476209,0.786179861005706,-0.513142781413762,-0.797564310463252,-0.887593524081096,"Female",0
-0.583391601187459,0.71349888886145,0.598530043091341,1.31461270470942,-0.692754931648438,0.857040883250062,-1.19415738368367,-0.309780900920069,-0.27094914713898,-0.409865764219322,0.692615288095036,-0.479306595156048,-0.695948819869541,-0.347003611833453,-0.111535046878409,0.136256566309354,-1.18149869997552,-0.74777104565109,-0.0684301153034115,1.15999080881218,1.27226309419927,1.39308545403012,-0.210406582178782,-0.56483202898557,-0.0678350273242204,2.29202274834262,2.62572547582592,-1.08755182712157,-2.46585178627346,-1.22459365857637,1.76205765905075,1.88774579968345,"Female",1
0.469718284242302,0.0339761375648314,0.396054758526566,-0.352689616299258,-0.692754931648438,1.25309765505502,-0.683602791483725,0.273318375122022,-0.129215523510232,0.096782640980204,-0.757345890524632,-0.479306595156048,-0.172218252313685,-0.347003611833453,-0.714911633207752,4.11502582452022,-0.951858167819583,-0.325493817756527,-0.435836298640967,0.962933556815848,-0.832898097987471,-0.729631334684967,-1.35738007813537,-0.198486959680735,1.06069315452418,-0.806074212595264,-0.181142430597151,-0.771238136660023,-0.633704557622616,-0.715252908150568,0.192245544876961,-0.0964525888006536,"Female",0
1.4426783345055,1.39302164015807,-0.9048605738752,0.220425361210135,-0.692754931648438,0.460984111445108,0.174340181171906,-0.551326385908437,0.697954970040604,-0.522170376370624,3.92973791943198,1.61551637631079,0.24595421635493,-0.347003611833453,2.69837568364382,2.9671284767937,-1.14185837002003,-1.49894555141213,0.544926996882706,-0.0908240328608114,-1.6229861731581,-0.640968533292087,0.13355048229308,0.900548248233772,-0.0678350273242204,-0.0681021147710582,-0.531743142382512,0.527304091933327,-0.275512976404542,-0.404469700060035,0.352241766410833,0.80051380599353,"Male",0
-1.47408632354432,0.0339761375648314,-0.558761147435069,-0.234023524933324,-0.0901622023458688,1.25309765505502,0.427928255383375,0.273318375122022,-1.47919200000517,0.096782640980204,-0.0706521807183918,-0.479306595156048,-0.695948819869541,0.452706088312267,-0.286277840193544,-0.247688283465173,0.345937080430293,1.27967457429852,1.72531954011379,-1.42847142103836,-1.22931415416163,-0.565730873988056,-0.673088340255136,-0.56483202898557,-0.444011087940352,-0.802860648766717,-0.47419457902213,-0.355596412554083,1.15959623039116,2.71155488024704,-1.46178879974753,0.538189879323845,"Female",1
0.329833120003197,-0.645546613731787,-0.0109430939096213,0.505294730091805,-0.692754931648438,0.460984111445108,-0.867846999415449,0.273318375122022,-0.264495703842838,0.096782640980204,-0.757345890524632,2.27114799333479,-0.695948819869541,-0.347003611833453,0.0533571805307002,2.97676075394202,-1.75595062659764,-0.811290770088105,-1.36845916513579,2.30959467856353,0.339369487769105,-0.0239678009767216,-2.02835662626504,-0.56483202898557,0.684517093908044,0.284271803956881,1.3210801015055,-0.613069550388913,-2.31654621493244,-0.743484096081214,1.51213993383637,-0.182269819233125,"Male",1
0.333251190629142,0.37373751321314,-1.20405887792253,-1.75038331621308,-0.692754931648438,0.460984111445108,2.63213609131692,-0.382331388655657,1.67732031094031,-1.01315087543586,-0.757345890524632,0.631046412832539,1.9251249604408,-0.347003611833453,0.0604598197948376,-0.157510833626845,0.963660049433884,-0.0636894703999532,1.39038613666626,-1.83175014454526,-0.89015028212087,-0.728594671820862,1.86771688543071,1.26689331753861,1.81304527575644,-1.28798301719915,-1.9060899085138,0.375123496137996,2.42234795170389,0.871689283590435,-1.93158266414992,-1.17695666173754,"Male",0
-0.40724050617049,-1.32506936502841,1.36442346141693,-1.59228632833989,-0.692754931648438,0.857040883250062,-0.508892251430085,1.84813960640151,1.03762387165017,0.4687521398407,2.37547178556037,5.12136000213362,-0.695948819869541,-0.347003611833453,0.588756949690389,-0.685532410236302,-1.08475986365927,-2.0061963378332,-0.816937001076309,1.21572659968465,0.876134369711419,-1.31179004556788,0.268290279692182,-0.56483202898557,2.18922133637257,0.284041010682652,-0.540666297660437,-1.19425104713271,-0.876448101693631,-0.67501047034551,0.30679218014178,1.43781419231744,"Male",1
-1.2249570151306,-0.985307989380096,-1.22255350533386,-1.03375859296007,0.346761704751082,0.0649273396401542,-0.964745948775521,-0.493378375673864,0.22556545016977,-0.432237334464961,-0.757345890524632,-0.479306595156048,-0.695948819869541,-0.347003611833453,-0.714911633207752,-0.685532410236302,0.674954374264212,0.325762185775883,-0.86174908554812,0.113363038590669,0.788463355771327,-0.725994609286021,0.15799680981179,-1.29752216759524,1.06069315452418,-0.446475841160214,-0.0741689340828702,0.694585841444907,0.186777045725307,0.325984685596406,-0.360215786114676,-0.459013756131637,"Male",0
-0.414601523093692,0.71349888886145,-1.16272420110695,0.113176877969487,0.626264766478829,0.857040883250062,-0.226123680800247,0.592248592999187,-1.26850169953718,0.329057510804328,-0.757345890524632,-0.479306595156048,-0.695948819869541,-0.347003611833453,-0.714911633207752,-0.685532410236302,0.806590712986198,1.46065466665374,0.706230687443677,-1.06929461467321,-0.640130473609409,-0.213092941408803,-0.386941733448246,-0.56483202898557,-0.0678350273242204,-0.540967448522387,-0.512421043210594,0.557932879124248,1.05815262590842,0.231791350082872,-0.994478362130193,0.656973777511685,"Male",1
-0.765568844940943,0.71349888886145,0.472032889280336,-0.000322690342092134,-0.22724368963493,0.0649273396401542,-0.256021304134558,0.556053721761033,-0.687937275788517,0.814417925903082,-0.757345890524632,-0.479306595156048,-0.695948819869541,-0.347003611833453,-0.246803658325268,-0.685532410236302,0.359938577047105,0.309606998091358,-0.859737752454386,0.389488866341615,1.00519112096549,0.133422804991154,-0.221794349853863,-0.56483202898557,-0.0678350273242204,0.180683194825688,-0.600629901128092,1.25428556857926,0.250033990786174,1.88972972569227,-0.226934945685239,0.343000745561597,"Female",1
0.125749782949184,0.0339761375648314,-0.126015055600089,1.81572542328925,0.485311142199609,-0.727186203969754,-1.09393328540897,-0.81775007793366,-0.89978266679223,-0.0460997844274724,-0.757345890524632,-0.479306595156048,-0.695948819869541,-0.347003611833453,-0.714911633207752,-0.685532410236302,-0.887550407074818,-0.879981999593789,-0.888360569557537,1.65646808443007,1.2056355867979,0.683811520581886,-0.533652926318488,-0.56483202898557,-0.0678350273242204,1.13059074055873,0.429546439718034,0.0178085174090218,-1.37373718026332,-0.325003549452983,2.75531409023205,-1.70087375452358,"Female",1
0.404289988237067,1.05326026450976,-0.205609305950547,0.802871569759681,0.0555763479657301,0.857040883250062,0.366982872098281,0.674824977020224,-0.470542266674974,0.722273276224278,-0.757345890524632,0.472634094651856,-0.695948819869541,3.37370651222634,-0.0501612065252234,0.219846726407131,1.38386426504346,1.09060140111564,-1.05940175244764,-0.616265406245238,0.191835424201171,-0.957451122831554,-0.212320763599915,-1.29752216759524,-1.94871533040488,-0.619182340003675,-0.827317107226746,0.567455692427156,0.95942319280337,1.30283558254379,-0.322659728032977,0.885467213550991,"Female",0
0.253769056783677,0.0339761375648314,1.42210226248071,1.11305078405765,-0.191977686452088,-1.51929974757966,-0.746183177802657,0.273318375122022,0.162608856790166,0.096782640980204,-0.205168893735233,-0.479306595156048,-0.695948819869541,2.225213341512,2.04243671199053,-0.685532410236302,-2.44010632697319,-1.92515424371443,0.0439982905737057,2.32410533406235,1.36971571141756,-0.282945140592644,-1.07010822684725,-0.56483202898557,-1.19636320917262,1.13059074055873,2.27272463858216,-1.14777330030797,-2.95039026334735,-0.993620304037068,2.23144031200654,0.670275125718965,"Female",1
-0.301314470428191,-0.645546613731787,-0.503026488093423,0.265290036506179,-0.692754931648438,0.0649273396401542,-0.329214597354477,1.7632227753031,-1.17786286236314,0.160002346897444,1.21858159798649,1.28691669451209,-0.695948819869541,-0.347003611833453,-0.714911633207752,0.154384264321397,0.559761087922179,0.825418626897281,-0.251250334743888,-0.501017723585925,-0.991635093562063,-0.575724165023736,-0.602792418546176,-1.29752216759524,0.308341033291912,0.158066348498712,-0.885008571847022,-0.199029759249827,0.23449826377755,1.02297246032081,-0.447701327689897,1.06516495515783,"Male",0
-1.28708245425516,-1.32506936502841,1.12963277675786,-0.684181688854631,-0.463232027600111,-0.727186203969754,-0.518510719198422,-0.907033072011726,-0.264339210347961,-0.154746678751551,2.17776969920549,-0.479306595156048,0.483716147829079,-0.347003611833453,-0.714911633207752,-0.685532410236302,0.24901689657351,0.544306645014541,0.491189741957255,-0.615437636358608,-0.778484146554505,0.927314896028488,-0.0891280974283046,-0.198486959680735,1.06069315452418,-0.455662636781877,0.092044721538441,-1.14701851914337,0.504739469833707,-1.16254581158448,-0.350236373117533,0.310246459770623,"Female",0
-1.60934955362599,2.412305767103,-0.114121964308054,-0.721807621847476,-0.499955692247843,1.64915442685997,1.71153040943707,0.273318375122022,-0.234533828071417,0.096782640980204,-0.348533306694747,-0.479306595156048,-0.203025932758152,0.605186233979004,-0.204550504405841,0.35712277197325,0.82520254687868,1.09695876810417,1.2741193888891,-1.63290366930877,-1.0648983222888,-0.795591550254064,0.193178694952811,3.09861866406279,-0.820187148556485,0.384922951109061,0.728780282783326,-0.664803928702233,0.217046950784582,1.33814176194308,-1.00203379636275,-0.173759019520814,"Female",0
-1.41298572010295,0.71349888886145,-0.143588661333075,-0.375696332048073,-0.510821180182608,0.0649273396401542,0.623250133694024,0.506939049708444,-0.660718073521202,0.991140675355692,-0.757345890524632,0.0745897170534762,0.0512025509095912,-0.347003611833453,0.0586718763982115,-0.685532410236302,0.310818041423332,1.25833192882661,0.668232266910949,-0.634221841095688,0.215209068499947,-0.611207144426474,-0.610486125580806,0.534203178928937,-0.0678350273242204,-0.757646472618516,0.526322118253271,-0.26507496307986,0.4270529125201,3.86971437511112,-1.02985333235052,-0.506719172885713,"Male",0
-0.0540901593052333,-0.645546613731787,0.183523420091182,0.141579126842075,-0.692754931648438,0.0649273396401542,0.533261211936918,1.07053935253039,-0.398498904268854,0.431851990703839,-0.757345890524632,1.88337898577707,0.897565825021714,-0.347003611833453,-0.714911633207752,1.56158892235086,-0.636021766129009,-0.335622641687045,-1.17083492850993,1.28343188007236,1.30482683333576,-0.145072440641446,-0.707944209631649,0.534203178928937,-0.0678350273242204,0.078351234395431,0.428588658288842,0.308459986653503,-0.853452825903196,-0.102975884406102,0.400042253115291,-0.827841412774513,"Female",0
-0.707318197721359,1.73278301580638,0.291032061866442,-0.182203969538805,-0.43454166459407,0.857040883250062,0.917987636491169,-0.609496348304772,0.525095166437414,-0.437939430081349,0.0789387726626316,-0.479306595156048,1.82491200322087,0.626916707638589,-0.714911633207752,0.380917807251886,0.515716008097949,0.174432989934327,1.03262832709826,-1.17218200905403,0.380707792532243,-0.663561641579656,0.862737916046146,1.99958345614828,-1.57253926978875,0.864256259745609,1.37621998884879,-0.699491469582293,-0.299589153366857,1.46822985435524,-0.388461858913779,-0.646692478044144,"Male",0
1.83609597872012,0.0339761375648314,0.779115101499997,0.290361462738925,-0.305984420996789,0.0649273396401542,1.20679704702143,0.273318375122022,0.575851395514105,0.096782640980204,-0.757345890524632,-0.479306595156048,0.0995044807717374,1.18959080383114,0.932276821779752,-0.40510196570314,-0.185949005757894,-0.66425407474525,-1.45661483847135,1.22161032883567,-0.199968551614188,-0.403327983491583,-0.416570478648587,0.167858109624101,-1.19636320917262,-0.215981494601292,-1.0310702397987,-1.00685190973618,-0.39307303930891,-0.513142781413762,-0.0961877298879252,0.211923612863281,"Male",0
-0.406464420072079,0.0339761375648314,0.213799330562797,-0.156616157462641,-0.692754931648438,0.0649273396401542,0.529269577611171,0.78073155982476,-0.382571918215509,0.630190837901103,0.252059470885057,0.122211854079847,0.115440106160231,-0.347003611833453,-0.294864827699666,1.03075809002852,0.633485756383782,0.83492444974215,0.953907153366387,-1.36314704292985,-0.704330712461726,-0.374327108382375,0.370842523793544,0.900548248233772,-0.0678350273242204,0.0687694510641551,-0.0830105319587887,-0.441255042932192,0.683697196715637,-0.21147235049677,-1.23113397613746,-1.47029547956825,"Female",0
1.01060816250925,-0.985307989380096,0.217832105913887,-0.78372581285996,-0.692754931648438,-0.727186203969754,0.0810252042487722,1.27312264366459,1.21339015840954,0.721691184520311,-0.757345890524632,-0.479306595156048,-0.695948819869541,-0.347003611833453,-0.714911633207752,-0.685532410236302,-0.942483157842588,-1.62624804883341,-0.675403044149955,1.56691708460645,0.844122913963557,-0.481759787756879,0.14577077406847,-0.56483202898557,0.684517093908044,-0.0978611230960283,-0.460276616355973,-0.805729595933256,-0.722185776130823,-0.494809239579188,0.347876481562718,-0.312553403388032,"Female",1
1.18326943488126,-2.00459211632502,-0.686509786141854,0.121670050784579,0.49278076404466,-1.51929974757966,0.13796361950447,-0.829056486773616,-0.223540541965864,-0.180750727989763,1.85333550621286,-0.479306595156048,-0.695948819869541,-0.347003611833453,1.89242553258856,-0.241638623682495,-1.6842941804472,-0.853714609780624,1.29707308388148,0.546897109214949,-0.371491597897586,0.305704815807405,-0.811301885803716,-0.56483202898557,-0.0678350273242204,-1.30323973283498,-0.422606089367892,0.427754714911439,0.252853789878963,-0.968471342797831,0.00943493586364604,1.18744048610083,"Female",1
0.143975186164589,1.05326026450976,-0.289845314452284,0.393995495913912,-0.692754931648438,0.857040883250062,2.70120670437781,0.273318375122022,-1.07038592798762,0.096782640980204,0.0520701891064305,0.244206559647752,0.279998904411249,0.595626094964806,-0.209674612124745,0.00259209422060971,0.75013159526511,1.05166013472396,0.412115401258001,-1.01085109411546,-1.66571564381488,-0.701710825765356,-0.45512318542023,1.63323838684344,-1.94871533040488,-0.310620105506112,-1.18241124514621,-0.533242987776529,0.888280049732321,1.41646432756605,-1.18296455622941,0.0839290828797197,"Male",0
0.645344976830134,0.0339761375648314,-0.593336102159572,0.151461441510343,-0.283872892271625,0.857040883250062,-0.0812610141041686,-0.0232089396457246,-0.356212238362302,-0.835702445877459,-0.757345890524632,-0.479306595156048,0.0943308007675882,-0.347003611833453,-0.714911633207752,0.986106629859028,0.228923576587075,0.603805190827869,1.93643223152725,-1.48990619479065,0.172595043586536,0.179461314431773,0.705568992578405,0.534203178928937,0.684517093908044,-0.767017829314469,-0.338524184925397,0.249197985385496,1.6386526622161,1.30379330487844,-0.311081698405226,-0.422216503327895,"Male",0
-0.0311549079097874,0.71349888886145,-0.075761732448065,0.221372652061187,1.54227137990412,0.0649273396401542,0.0928278125874385,-0.369456091179664,-0.839314070345601,-0.166625268012125,-0.757345890524632,-0.479306595156048,-0.695948819869541,-0.347003611833453,0.805378617543561,0.349772735442067,-0.434380275723815,-0.353493436778953,0.0501565258621282,0.388151136873482,0.157335964807983,-0.907823554509404,-0.635501228038673,-0.56483202898557,-0.0678350273242204,0.584096671304456,-0.3400352790364,1.65368557198415,-0.470355522938436,-0.454567722648267,-0.285239082653289,1.62021343269683,"Male",1
0.755054759548903,-0.645546613731787,0.0851878082214131,-0.447222869875949,-0.45382988454271,-0.727186203969754,0.0719175311316637,1.06966902395244,0.0116265601370039,0.546492848808408,0.416130696538736,0.56962950700494,-0.695948819869541,-0.347003611833453,-0.714911633207752,0.312097875701224,-0.0350449650619851,0.0387457676924018,-0.0252013977193953,0.00913191300213801,-0.592686420102501,-1.09361266979771,-0.589411909431052,-0.56483202898557,-0.0678350273242204,-1.13721723044584,-1.22496869856424,-0.512913828387427,0.701788710232151,-0.941965302897766,-0.942975839687536,-0.487893087209083,"Male",1
-1.27347370317046,0.0339761375648314,-0.948629141863609,0.243871221852609,5.85848452961667,-0.727186203969754,-1.04285415567918,0.0467788737777223,-1.97815358706286,0.464864658669797,-0.757345890524632,-0.479306595156048,-0.695948819869541,-0.347003611833453,-0.0897984990479002,-0.685532410236302,0.12441626948976,0.269338668349281,1.13363701008643,-0.73083724191063,-1.44119525360409,0.992888968093555,0.0978354172890394,-0.56483202898557,0.684517093908044,2.29037138202159,-0.8590622134407,1.6632114664722,-0.0461029514729457,0.743729193080346,-0.402510846387105,-0.16896482226685,"Female",1
-1.12558434816983,1.05326026450976,-0.481410128690335,-0.645886725161296,-0.692754931648438,1.25309765505502,-0.223565767970071,0.774044071393749,-0.00143164406056036,0.80621204457362,-0.757345890524632,0.707874792297985,-0.695948819869541,-0.347003611833453,0.114109903857626,-0.685532410236302,1.76292231600981,1.47107921103932,-0.900931974894769,-1.02862606654348,-0.180750758039077,-0.136641390104122,0.540411533927555,-0.56483202898557,-0.0678350273242204,-0.522860944129796,-0.56906298696968,-0.419462622106778,1.17691708223746,-0.918596435945195,-0.983496697580994,-0.0832963607877988,"Female",1
0.750204395633933,1.05326026450976,-0.195930645107931,-0.0899079752843259,-0.466763149200855,-0.3311294321648,1.495552127669,0.273318375122022,1.02720788739868,0.096782640980204,-0.362160392822424,0.227182720711179,2.16300392537654,0.57344657245189,0.765135640317786,0.994300938879096,-0.00744539805855557,-0.410297892625758,2.47818783031003,-1.78236716286446,-0.755564689887026,-0.524714931650302,1.39911015186455,1.99958345614828,-0.820187148556485,0.10085903131871,0.254272438176027,-0.181706004423712,0.785571947399945,1.38575988053761,-0.667949513909006,1.35862622942102,"Male",0
0.0641325751082778,-1.66483074067671,-0.455488234350354,-1.99578169651417,-0.692754931648438,0.857040883250062,0.482941177386852,-0.735612737365743,1.42889586788236,-0.569868196590188,-0.757345890524632,-0.479306595156048,-0.695948819869541,-0.347003611833453,-0.714911633207752,0.736401213081288,-0.478828618772837,-1.97909787396474,-0.311783016899183,0.735959387381956,0.480621407365662,-1.63506529794511,0.603367018194643,-0.56483202898557,1.81304527575644,0.137889493891658,-1.83834883611251,-0.258530387168953,0.128800753962602,-0.878603863577291,-0.977357202907513,-0.0537399033342637,"Female",1
-1.44221348616583,-0.645546613731787,0.929772062125516,-0.170035920497612,-0.692754931648438,0.0649273396401542,-1.18202213165211,-1.73383585455589,-0.903758413376809,0.0195527368079023,0.193336203004293,1.2202667590529,-0.695948819869541,-0.347003611833453,-0.714911633207752,-0.685532410236302,0.131680721144265,-0.150628272541003,0.143870024218049,-0.184635145986286,-0.61748577452993,-0.869267866512383,-0.0805402077439926,-0.56483202898557,1.06069315452418,2.58937732864874,0.977966664668655,-1.0250921761884,-1.69118278315092,-0.225566847908034,0.161756508665271,-0.27986588521515,"Female",1
-0.41770450056825,-0.645546613731787,-0.295674622124887,-0.321435718248114,-0.692754931648438,-0.727186203969754,-0.0263211140662266,0.273318375122022,-0.96558731326596,0.096782640980204,-0.757345890524632,-0.479306595156048,-0.695948819869541,0.595626094964806,0.800799430041294,0.346654346449057,-2.43637781995196,-1.67783418550764,2.00249222987791,1.03038830714485,-1.27890148839554,-1.22409454103549,-1.54295320278136,-0.56483202898557,-0.820187148556485,1.32978248351077,-0.0843090668107425,-0.536307107883515,-1.76072179802224,-0.591887458045169,-0.094430964540258,0.348979702491696,"Male",1
0.390575776356454,-1.66483074067671,0.785412328175582,0.994541832038333,-0.515241565448402,-1.12324297577471,-0.850610426747228,-0.952954526006846,-0.928122230173811,-0.0252181335841576,3.30839539707463,1.59740551488603,-0.695948819869541,-0.347003611833453,0.735278778892212,-0.685532410236302,-2.26926590987799,-1.42054520033098,0.311562364499567,1.68699118302713,0.214569015129125,0.248214604596181,-1.557060508482,-0.56483202898557,-0.0678350273242204,0.676559180000448,0.630749544273941,-0.40694064784155,-1.88173746945331,-1.01711587336092,1.46777051794389,0.852511857865657,"Male",1
1.33733372128413,0.37373751321314,-0.574350839382645,0.32430339664677,-0.514099265794605,0.460984111445108,0.323875212792965,-0.270820623204978,0.44927197688697,-0.739834690563587,-0.757345890524632,-0.479306595156048,-0.695948819869541,-0.347003611833453,-0.714911633207752,-0.685532410236302,1.33834887302617,0.883359299168181,-1.48911397031932,-0.112417383708107,0.393995536704461,-0.187610432834545,0.240955337394459,-0.56483202898557,-0.0678350273242204,-1.2721165810013,-1.26865392475333,-0.00235276402509723,1.29801668603017,1.81831516691482,-0.604507700059206,-1.96726821222852,"Male",1
0.434195721721103,0.71349888886145,-1.24791687232185,-2.41523128412922,0.454859588593197,0.0649273396401542,1.11158111854786,0.151863630811562,3.00750218969704,-8.3251327605538,-0.757345890524632,0.24059260782554,0.760660470915156,-0.347003611833453,1.29594180534842,-0.343188750676335,1.8856173793277,-0.328580022850243,-0.827620721315266,-1.28478365445775,-0.90319713014734,-1.64304523695843,2.28543436273611,0.900548248233772,1.81304527575644,-1.0903790499,-2.10092453492524,0.767743885049359,1.82624048333764,0.69122937014842,-1.6271713280888,0.00201139137976094,"Female",0
0.62068221907929,-0.645546613731787,0.861502800041635,0.72803752505272,-0.309063690013271,-1.51929974757966,0.172932088546504,-0.589798656707016,-0.363666632458872,-0.221659973306885,0.0602792771351373,0.98239543767275,0.289896954353238,1.55737607979146,-0.714911633207752,-0.685532410236302,-0.113621981641158,-0.256564397296318,0.154433102392545,0.0690164032961824,0.204997642307956,-0.478982515522394,-0.144932928480385,0.167858109624101,-1.19636320917262,0.207383001240092,-0.426677131033153,-0.593804527927064,0.0308996121929219,-0.135599515932805,0.221764006984077,0.295430465287151,"Male",0
1.11236489402669,0.37373751321314,-0.519967450121566,-0.0372548650785706,-0.0233615507277476,0.857040883250062,0.206008090976523,0.666006356565096,0.153028330163208,1.08867100998521,0.284228289465721,0.45172583660698,-0.381981141128067,-0.347003611833453,0.585388297021406,-0.0214122489581283,0.0541118949936164,0.129518078967072,-0.0907380662830868,-0.195058603000228,-0.938565002813412,-0.775411473966257,-0.324090589411318,-0.198486959680735,-0.0678350273242204,-0.935081223971843,-0.664217678431704,1.28282550529257,0.413656058405619,1.34910184791977,-0.469212175700525,1.55426707892982,"Male",0
0.388708744117136,0.71349888886145,0.393239447172536,0.532968145048618,-0.692754931648438,0.857040883250062,1.03613176766516,1.18331986505298,-0.190806414289344,0.440967991568088,-0.757345890524632,-0.479306595156048,2.21436235792587,2.4639520407746,-0.714911633207752,-0.685532410236302,0.227394584161013,0.876924951240438,0.985816931886994,-0.691889248694687,-0.232534454199819,-0.760518094310736,-0.534292758309709,0.534203178928937,-0.820187148556485,-0.162226115952189,1.03653325144535,-0.824221617897494,-0.162492982092426,1.21844960350256,-0.340496725476118,-0.260559222434678,"Female",0
-1.44007449389068,-1.32506936502841,-0.21926870633327,-0.433714024814113,0.065480732548859,-0.727186203969754,-1.00564990844611,-0.683974530821093,-0.778021600981262,-0.0942895557694013,-0.757345890524632,-0.479306595156048,-0.695948819869541,-0.347003611833453,0.275671187655797,-0.685532410236302,-1.25032305237855,-0.690370742812543,0.723284334559915,0.863537842399915,1.24452786408416,1.01680819974536,-0.277881347340192,-0.56483202898557,0.684517093908044,0.234643072282964,-0.092595270912356,-0.715895805715699,-0.112191993555195,-1.00839351524146,0.187221110355753,-0.541884880093003,"Female",1
0.567794504684764,0.71349888886145,1.47727655189094,1.69090217438033,-0.438514176394907,0.0649273396401542,-0.250992965730792,0.273318375122022,-0.490379985404758,0.096782640980204,-0.757345890524632,-0.479306595156048,-0.695948819869541,6.0835387715302,-0.714911633207752,-0.685532410236302,0.93382877045742,-0.367812876644303,-1.69848431692293,0.423209463717128,1.17180463326808,-0.069125614397143,0.499737093253974,-0.56483202898557,-1.19636320917262,2.48946043905354,0.0253757968928575,-1.1517871878346,-1.00183562245944,-0.62697492175978,1.30176055840424,2.34127685990839,"Male",1
0.434184770203736,0.0339761375648314,-1.1472977256524,-0.696074648878018,0.205378171149363,0.0649273396401542,0.456997649804392,0.273318375122022,-0.44934035319204,0.096782640980204,-0.190413109010907,1.54775135754324,-0.0123736205842797,-0.347003611833453,-0.00715344333619867,0.519411342293736,-0.979115580793486,-0.147349031186751,-0.151969156035393,0.95574382833646,-0.81333719373999,-0.533754542627871,-1.41213820069363,0.167858109624101,1.06069315452418,-0.9703902245667,-0.57254753534281,1.85763246894159,-0.294367335462232,-0.0864058609147256,-0.44731419674761,0.921678362724718,"Female",0
-1.49565844104569,-0.985307989380096,1.08542973199261,-0.698768211213852,2.06151991693149,-1.12324297577471,-0.617760262723053,0.273318375122022,0.0368152082179454,0.096782640980204,-0.757345890524632,0.116246381855996,-0.695948819869541,-0.347003611833453,-0.299030581142738,-0.685532410236302,0.342655606511371,-0.105924353543757,0.11355630515645,-0.271313513320402,0.784160620694292,-0.302972313845116,0.644809200220503,-0.56483202898557,-0.0678350273242204,0.744795940402686,0.153839952443967,-0.57742375192196,-0.0306751582792367,-0.213767271723905,-0.295987372082147,-0.90365729941674,"Female",1
-0.736321843581088,-0.645546613731787,1.21069473160782,-0.507866739133995,-0.572810704371571,-2.31141329118957,-0.742144763169528,0.273318375122022,-0.655757491757006,0.096782640980204,3.0597867577355,-0.479306595156048,-0.695948819869541,-0.347003611833453,-0.714911633207752,-0.685532410236302,0.360870501928934,0.142580621456743,-2.14431677367235,0.97663272406693,-0.0151620601789559,-0.668468225702711,-1.2063344736329,-1.29752216759524,0.684517093908044,-0.394504328808112,-1.057626906699,-0.533652291789257,-0.217913804873488,-1.01633258362513,-0.339044145267907,-1.05584521619956,"Male",0
-0.517536687760423,-0.305785238083478,-1.28490734070275,-0.935824586830585,2.14021348403377,0.0649273396401542,-0.692130636193329,0.885964394994915,1.09862084312922,1.07503118435445,-0.305958199980102,-0.479306595156048,-0.695948819869541,-0.347003611833453,-0.151399793343605,-0.685532410236302,1.10410146696528,-0.370466703405463,0.120797266238479,-1.11066533882061,0.766600354190092,-0.452627974744054,1.8592682077914,-0.56483202898557,-0.0678350273242204,0.261526390207225,-1.43147221420597,2.53976193847074,1.5170036588386,2.85492579368336,-0.690384223820658,-0.463279181629648,"Male",1
0.296399470581517,0.0339761375648314,0.362029866622597,0.913223647285105,1.76453723760635,-1.12324297577471,-0.478696697168207,0.273318375122022,-1.30485984366534,0.096782640980204,-0.0659407315944991,-0.479306595156048,0.137708069824852,-0.347003611833453,0.148237720134761,-0.0977348060861465,-1.09460274511597,-0.447369803815834,0.12328663473178,1.01238178461475,0.0226982875802496,0.647884975160667,-0.982962595480335,0.167858109624101,-0.0678350273242204,1.10056425847111,0.342861470401948,1.39250452178871,-1.15008232368341,0.130980549324677,0.591129904058146,0.44354074757052,"Female",0
0.795061927186086,0.0339761375648314,-0.728391811507516,1.89543688786532,0.817088462618557,0.0649273396401542,-0.203951576458691,0.0988905429057049,-0.67178286415468,-1.08700413960583,-0.757345890524632,-0.479306595156048,0.00135672775143806,2.34699692753838,2.17298548586648,0.297784672172709,0.439205005536029,1.44298140207737,1.24087313647987,-1.34791986728252,0.0620450008899318,2.03072324759454,0.378727756592982,0.900548248233772,-1.94871533040488,0.234807871545055,1.46601847657452,0.502011532779474,0.617150224281901,-0.782416158861064,0.789051107226711,0.820613893271831,"Female",0
0.28966195122718,1.73278301580638,0.529746765202895,-0.706298832328824,-0.159669477084582,-0.727186203969754,1.99996150717396,-0.732631262447044,0.751653301641065,-0.422459537155931,2.57790760072108,-0.479306595156048,1.6020273819831,-0.347003611833453,-0.714911633207752,1.74486477571789,-0.711999756531081,-1.13615891035143,1.07041451407166,-0.327680460326548,-0.156180260697922,-0.866947093148674,0.386713628342321,1.63323838684344,-0.0678350273242204,-0.22128713776583,-0.252074677389772,-0.718989888798468,0.02831423249026,-0.216489324754444,-0.371135406010419,0.527152619008637,"Male",0
0.684613170375256,0.0339761375648314,0.286498280810821,0.71148541189451,-0.17089232875961,0.460984111445108,-0.0258033341708574,0.472950885885196,0.44335800585336,2.37057995259619,-0.757345890524632,0.703976002848196,1.69824806038579,1.1946370909105,0.111387337233422,1.00257598000774,-0.436143333275523,-0.736384778681675,-0.844707248497756,0.92153497446368,0.679464266443004,-0.484008055756227,-0.110719252299646,0.167858109624101,-1.94871533040488,0.277835362299206,0.433863533352074,-0.627118095701757,-0.90094510063795,-0.576707925205113,1.24887388542764,-0.452391634353902,"Male",0
-0.462901364701655,1.05326026450976,0.40794865817955,-0.305570424258686,-0.504853965302169,2.04521119866492,-0.120221277062989,0.641731099530432,-0.679811666243228,0.652419941838966,-0.268752911547339,0.830909954270493,-0.106831284485505,-0.347003611833453,0.20002668133531,0.975975484161465,-0.22018466189133,-0.0296707721737413,0.452071976125806,-0.209082890618986,-0.489448962107892,-0.652701735387286,-0.429715127672074,-0.198486959680735,-0.0678350273242204,0.17574861017253,-0.657152369842413,0.393697236474188,0.148821130776517,1.35353934614448,-0.546935522061718,1.2742738341618,"Female",0
1.05439044144016,0.37373751321314,0.70641173130837,-0.530020424548431,-0.492599554453499,0.460984111445108,0.583297082925564,-0.549254013611241,1.18273095951825,-0.654498669872017,-0.211893647417365,0.00825707343976025,0.948239159466842,-0.347003611833453,-0.714911633207752,0.241899262888307,-0.791424979493363,-1.30788009004311,-0.213679327385813,0.956204466542313,-0.509591468195849,-0.372446502933383,0.00284792993493566,0.900548248233772,-0.0678350273242204,-0.0459137337330905,0.0528298779915268,-0.955230344181233,-0.86510762973923,0.0856250922115475,0.156208943034002,-0.526047287513721,"Male",0
0.105025911839741,0.0339761375648314,0.770146990954452,0.525727266554493,-0.692754931648438,0.0649273396401542,-0.392543068903755,1.53973711527594,0.488052170492073,0.463044632870304,0.922192474709821,-0.479306595156048,0.316596944071765,-0.347003611833453,1.38182200428678,-0.685532410236302,-0.246482417150437,-0.325493817756527,0.419344386842637,-0.117403848246364,-0.507690766028237,0.316937419011399,0.387945078034643,1.26689331753861,-0.0678350273242204,0.0365007994912121,0.823912943187551,-1.00775636239981,-0.369995827951097,-0.92836468195053,1.21103850202808,0.249994748871174,"Female",0
-0.829721150502558,-1.32506936502841,0.316026275819925,2.23782401116952,-0.658798118446768,-2.70747006299452,-1.08409930887722,0.273318375122022,-2.59396369662027,0.096782640980204,-0.757345890524632,-0.479306595156048,-0.695948819869541,-0.347003611833453,-0.714911633207752,-0.685532410236302,0.373393242528509,2.2832410567921,-0.914001843212441,0.442856966252995,1.83334073708255,2.77388215983192,-1.34839898813792,-0.56483202898557,-0.0678350273242204,0.806415943205385,1.7100203954277,-0.752165510851946,-0.417793035204059,-0.819708762273433,1.1903148920625,-0.861251428566765,"Male",1
0.086040976762757,0.0339761375648314,-0.607960133569978,-0.113066934113066,2.12800241327652,0.0649273396401542,-0.497570992692711,0.273318375122022,1.0605707046737,0.096782640980204,-0.757345890524632,-0.479306595156048,-0.355119951221696,-0.347003611833453,-0.714911633207752,-0.204906879774118,1.16106133182602,-0.156514349799312,-0.509977364946803,-0.642901775742284,0.93632838553996,-0.172586675459481,1.63163500032683,0.167858109624101,-0.0678350273242204,0.533163414160006,0.379971511745658,-0.102762294189463,0.267858908391036,0.659589197423216,-0.131319981709765,-0.628798497906146,"Male",0
0.645123890059813,0.37373751321314,0.550856699394344,0.22963900462999,-0.151158028650368,0.460984111445108,-0.463587803674799,0.0689886288114754,0.637067226550203,-2.3351001185894,-0.0798850373208215,-0.479306595156048,-0.695948819869541,-0.347003611833453,0.130829665949702,-0.109589547682452,-0.0676387394279404,-0.133386627746646,-0.03612220350811,0.120448053841936,-0.364362306654106,0.0728218021528091,0.0917452079228517,-0.56483202898557,-0.0678350273242204,0.00278934472442451,0.586163824849407,-0.0385186369042094,-0.464385270845604,-0.741832576883689,0.396741719471126,-0.576148902500107,"Male",1
-0.876008244985558,-0.645546613731787,-1.26745473099104,-0.479624815663151,0.613464038456533,-0.727186203969754,0.107110243976062,-0.0614178557556648,-0.616442531597257,-0.556761263230119,0.574446645784631,-0.479306595156048,-0.428315578299168,-0.347003611833453,0.947696537492762,-0.685532410236302,0.775720763201187,1.10347352310161,0.439608900030697,-1.07315449937734,-1.15386849873081,-0.81953481793201,-0.33642401036422,-0.198486959680735,-0.0678350273242204,-0.94512762046804,-0.67588944372238,2.2127918358077,0.97022101859123,0.708932110273663,-1.20085136998554,0.223344953665649,"Male",0
0.433065410373108,1.05326026450976,1.42163328769522,1.51072465260318,-0.550428767224212,0.857040883250062,0.103758954524752,0.704439648365905,-1.00117967274375,0.406197979261766,-0.757345890524632,-0.479306595156048,-0.00655595931375019,2.3164267086519,0.712651694448096,1.25878533852705,-0.790155868074525,-0.680433669108889,0.321471099742848,0.473373299978918,0.435837432489972,0.141661010717571,-0.48022695505164,0.534203178928937,-1.94871533040488,1.8341190241766,0.545152696054252,0.349224261416518,-1.17034480897411,-0.0988904404847418,0.564596575437357,0.999070073567018,"Male",0
0.837221503811718,0.0339761375648314,-0.876428630725284,-1.21939813372908,0.470161115529752,-0.727186203969754,0.23279865835395,0.0859898711855442,1.57382310790091,-3.66539261928646,-0.757345890524632,-0.479306595156048,0.052929403076263,-0.347003611833453,0.0604598197948376,-0.685532410236302,0.86178012591192,0.0505524266283714,-0.0148662845320021,-0.688092937998653,-1.03855817842197,-0.407920292524067,0.968777584607931,-0.198486959680735,1.43686921514031,-1.19807321207804,-1.16880481728163,0.179551309932147,1.23809665335621,0.556041309811714,-1.03306696712072,-0.588772489702725,"Male",0
1.23645398653228,-1.66483074067671,-0.255281295031044,-0.753712327397256,-0.568812563462341,-0.727186203969754,0.398421509783025,0.273318375122022,1.32796716459346,0.096782640980204,-0.757345890524632,-0.479306595156048,-0.695948819869541,-0.347003611833453,-0.714911633207752,-0.00424810960104149,1.89247885518109,1.30206521640652,-1.76874834794656,-0.529479575745732,-1.58439238946976,0.735000171659496,0.566412251436477,-0.56483202898557,0.684517093908044,-1.86238691134764,-1.19832972437158,-0.497645060114971,1.52336272973336,0.131838974928424,-0.924996848213409,-1.46838404598109,"Male",1
1.13471909154204,0.37373751321314,-1.15897739618133,0.112720780170462,1.20961630097537,0.0649273396401542,0.284917850611891,-0.392852578602777,0.762935956985957,-0.691055653861896,-0.757345890524632,-0.479306595156048,0.635618212162878,0.939104864839248,-0.714911633207752,-0.685532410236302,0.639458594171528,0.241581571339659,0.372768593874957,-0.681962553925443,-1.26909866390889,-0.568037842186644,0.414109166702997,0.534203178928937,-0.820187148556485,-0.148345446259921,-0.0994769165343258,0.6184087738447,0.19243980260089,-0.600824294923532,-0.444057337930971,-0.0417503775893122,"Male",0
-0.572623526631785,-0.985307989380096,1.17413927993347,0.239138439424866,-0.583794607968354,0.0649273396401542,-0.992651150069932,0.273318375122022,0.26695103219923,0.096782640980204,-0.127519003561709,-0.479306595156048,-0.695948819869541,-0.347003611833453,2.43018882303405,-0.685532410236302,-0.143169807203946,-0.325493817756527,-0.130660933055083,0.16832916714831,0.194618684905003,-0.225035685581359,0.214310671417387,-0.56483202898557,-0.0678350273242204,1.58646154933686,1.41728846924122,-1.17069155300341,-1.46933159476924,-1.14023229477901,0.782934572272848,2.02380511775093,"Female",1
-0.651177019557106,-0.645546613731787,-0.12350663074056,-0.362887383153811,0.0225343573857511,-0.3311294321648,-0.215509106332876,0.757300059257276,-1.15804693194744,0.300485128533245,2.45196308763037,0.0944347282393058,-0.695948819869541,-0.347003611833453,0.887687325386785,-0.685532410236302,-1.22959731689603,-0.581295008103653,1.2766775201169,0.149380218581484,-0.278912983103667,-0.608214122586435,-0.980117093847818,-0.56483202898557,1.06069315452418,0.0341778909114505,-0.57055733765807,-0.277892954146671,-0.152320648423272,-0.954158460711102,-0.539093276243682,0.26951290874001,"Female",1
-0.053542519395531,-0.305785238083478,-1.16675409796029,-0.00421611244616091,-0.692754931648438,0.460984111445108,-0.177391821227314,0.964092233387793,-0.54984408199003,0.434870633494142,-0.757345890524632,-0.479306595156048,-0.695948819869541,-0.347003611833453,-0.714911633207752,-0.296116497486833,1.27503056569788,2.76379748105106,0.455708374935048,-1.3947985053049,-1.03670307971821,0.277521193222837,-0.685431253781126,-0.56483202898557,-0.0678350273242204,-1.78698243562131,0.944745777583935,0.291706857781827,1.05957518897843,1.2322833705585,-1.22309236281005,-2.38300501743472,"Female",1
0.168327418275208,-0.305785238083478,1.25915231264173,-0.0242243607854084,-0.00893496924238757,0.460984111445108,-0.155860569542545,-0.438248007305593,-0.438461763350211,-0.266158843840563,-0.757345890524632,-0.479306595156048,-0.695948819869541,-0.347003611833453,0.126586816622814,-0.685532410236302,0.175751727848265,0.0981213770632418,1.49025775522968,-1.03458265587561,-1.02242688534576,-0.197846399397777,0.388525795113631,-0.56483202898557,-0.0678350273242204,-0.11840379640129,-1.2215854588661,-1.03612641746582,1.13665527024012,-0.110473409608045,-0.784596676488678,0.413769853952402,"Male",1
-0.449976587202973,0.37373751321314,-0.328800290215591,-1.13529393588139,-0.0460990976340209,1.25309765505502,0.0807039935700576,-0.993100365031896,0.438025246272279,-0.260714106659535,-0.157510760083769,-0.479306595156048,-0.695948819869541,-0.347003611833453,-0.714911633207752,-0.685532410236302,1.6131445618864,1.21915183164727,0.50505950163189,-1.76937287842733,0.0369573795934559,0.626636335921551,1.45455643296922,-0.56483202898557,1.81304527575644,-0.797091536560227,-0.34249380516938,-0.627901911844803,1.91744194772641,0.212921681333808,-0.910112393187984,-1.69760109533802,"Male",1
-0.0550212856423087,-1.66483074067671,-0.787481178036367,0.0632555750076973,0.629296995669926,-0.727186203969754,-0.0370432326502421,0.273318375122022,0.100238409208371,0.096782640980204,-0.757345890524632,-0.479306595156048,-0.695948819869541,-0.347003611833453,-0.714911633207752,-0.685532410236302,-0.551500598897221,-1.06103936509167,1.64792769882196,-0.376724568100353,2.04355581083128,-1.23155716553935,0.958458128348486,-1.29752216759524,-0.0678350273242204,-0.189263791522721,-0.34249380516938,0.70589879371332,0.756652628725884,-0.64003762638965,-0.15251137865196,-1.13579460181614,"Female",0
-0.797553300021242,0.0339761375648314,-0.928256630960356,0.417358113994167,0.0456251341410733,0.0649273396401542,-0.979217209814631,0.273318375122022,-0.0391302904317128,0.096782640980204,-0.757345890524632,-0.479306595156048,-0.695948819869541,-0.347003611833453,-0.714911633207752,2.81126354098352,-0.663949698158707,-0.766821146157613,-0.433725088917093,0.803253310600339,2.04355581083128,0.803607145584494,0.214310671417387,-0.56483202898557,-0.0678350273242204,1.54738690858444,1.63380998772774,-0.0628294420769632,-1.31130817487169,-0.442860058397092,0.921358981017527,-0.291329216241057,"Female",1
1.50630733322995,0.0339761375648314,0.868266863035209,-0.229941465871096,-0.48327487274236,0.460984111445108,-0.089551396731989,0.935498108535835,1.26370532685955,1.05717243434907,0.999034099263025,-0.479306595156048,-0.695948819869541,-0.347003611833453,1.4777509942375,-0.685532410236302,0.766836471692923,-0.507216835333445,-1.92446913324438,0.456918414146314,0.451017373340943,-1.2841857396548,0.373191827799191,-0.56483202898557,0.684517093908044,-0.763607094956854,-1.24491215889134,-0.636904098513814,0.353210281791444,-0.516024607751636,0.0240205270634722,-1.40035438694735,"Male",1
-0.418901235155633,-0.305785238083478,-0.687056390673122,0.00714412741302057,-0.109496728419748,-0.727186203969754,-0.777071653257264,0.679248922884213,-0.058477762899744,0.94069935514214,3.95321246272058,3.12980410025932,-0.695948819869541,-0.347003611833453,-0.714911633207752,-0.685532410236302,-1.54660003614317,-1.35181930767758,0.553235498258015,0.791846140052663,0.903627963655392,1.97090542434624,0.196918243375591,-0.56483202898557,-0.0678350273242204,0.653258234272174,0.449541526148814,0.848550150451571,-0.522803260153808,-0.0772101992506623,0.887966057827078,-0.657248638988865,"Female",1
-1.26548831262046,0.0339761375648314,0.198854339555816,2.27275282548413,-0.381509522750617,0.0649273396401542,-1.19438358318643,0.843563211213843,-1.99992821879355,-0.057917028662298,-0.757345890524632,-0.479306595156048,0.671842831233166,1.41445827929428,-0.714911633207752,-0.042594317891952,-0.75936265339512,0.109209460687318,-0.846333896640229,1.44253885184675,2.66634889133876,2.15130792686383,-0.8216319421715,0.900548248233772,-1.57253926978875,3.50625070014997,2.17516149572583,-0.154635283794372,-2.40608511627853,-1.22253998594126,2.37140316090546,0.997591635426172,"Female",0
0.464013734827881,1.05326026450976,0.605598966595602,1.01442933826083,-0.481552689896346,0.460984111445108,1.76609623345335,0.882417568783225,-1.26452217491469,0.219853713755122,0.25239661362433,0.60378824780675,0.765039055957596,0.123366722821388,-0.210687111164994,1.71807683078253,0.25496676379225,1.93420823447748,-0.109318041246336,-0.370565388232967,-0.607015377754839,0.0258576754625815,-1.68557682383356,1.99958345614828,-1.94871533040488,-0.991812191211523,1.30298935989397,-0.930044093692354,-0.160703447494737,0.0816251504820367,-0.504580427392444,1.45644665417542,"Male",0
0.861830748723398,0.0339761375648314,0.00662404091613029,0.366546861373342,-0.692754931648438,1.25309765505502,-0.234155727227446,1.27974386398606,-0.294477828316097,0.385135375091265,-0.757345890524632,-0.479306595156048,-0.695948819869541,-0.347003611833453,0.951366754205103,-0.685532410236302,-0.84993752955312,-0.55054152826569,-2.69459301732242,2.72723695480243,0.0730267932107901,0.733287618566105,-1.64852203533729,-0.56483202898557,-0.0678350273242204,0.222471937376858,-0.218541755829124,-0.762995926342566,-1.7105333956087,-0.942112670955413,0.663899188555921,1.2781610413166,"Female",1
0.192808813652593,2.7520671427513,-0.0129025474627924,1.37070660952501,-0.354730291140902,2.04521119866492,0.7505501615274,0.664490186752575,-0.598725920327263,0.666087365453113,0.280206767535256,0.448131116793224,-0.0704379232262708,0.861309371398292,-0.0672718996187242,-0.685532410236302,0.326058250069113,0.720173636022618,-0.614642448317836,0.121669608195602,0.850443230095275,0.760560191882693,-0.308603757777441,2.36592852545312,-2.70106745163715,0.327037767968598,0.940480305216936,-0.39747050394895,-0.291564117207818,1.16941749423329,0.341600172339747,-0.50315163737193,"Male",0
0.0858524771534655,0.0339761375648314,-0.31171757543414,-1.18471336642076,-0.332698889990504,0.0649273396401542,0.188803625111143,-0.449120838276476,1.40634156305857,-0.82730922197714,0.269197083133093,-0.479306595156048,-0.283366505190576,-0.347003611833453,-0.714911633207752,-0.685532410236302,0.308143173088619,-0.89719628222177,-0.609188481791531,0.219437509360619,0.399537013663839,0.00408367442474698,1.0810087282166,0.167858109624101,1.06069315452418,-0.24646417111878,-0.57875023581932,-0.539812954952937,0.335601314773032,-0.141999270898405,-0.197378400465554,0.651309311966142,"Male",0
0.140651346835936,0.71349888886145,1.82985230706574,-0.615358273717744,-0.0440845934782129,0.0649273396401542,0.0559866442389115,0.0404137792316506,1.16246409001132,-2.53728409495375,0.272256172454334,-0.479306595156048,0.545486599522104,-0.347003611833453,-0.0722346561979527,0.189783051371715,0.145920778227423,-0.384675643404183,-0.148477197335992,-0.0558395564462041,0.328007507824448,-0.12328594563866,0.706607456462483,0.900548248233772,-0.0678350273242204,-0.494009393303978,0.0680298209564227,-0.854529296278327,0.248071507216525,-0.0499637275920365,0.0420548297272473,-0.0193282698136384,"Female",0
0.439544092897085,0.71349888886145,0.592377727179642,-0.547609334103343,1.31906321861864,0.857040883250062,0.644704072403138,0.273318375122022,0.148516206961425,0.096782640980204,-0.147528632345714,-0.479306595156048,0.774616888729032,-0.347003611833453,-0.714911633207752,2.42508183986544,0.700367493675346,0.772817007084294,-0.518940029057696,-0.483666939262191,-0.639136623929294,-1.06382310766668,-0.242760232537269,0.534203178928937,-0.0678350273242204,-1.52656364985032,-0.3708096288462,0.934049700622498,0.701283484382706,0.091439091647399,-0.848041598085207,0.0736215587836987,"Female",0
0.60452255322508,0.71349888886145,0.693324455449363,0.565662684604475,-0.692754931648438,0.857040883250062,1.0938597229983,0.778202922691688,-0.70555720583159,0.490914680385976,-0.0877624891022609,-0.479306595156048,0.515069369561932,0.432779766880073,0.120995464796709,1.02220514733616,0.542263023570614,0.977961314962955,-1.04312823060814,0.0967981933901352,-0.556355777815734,-0.122402904977417,-0.962480655822492,0.534203178928937,-1.94871533040488,-0.972775967850139,-0.739917413316956,-0.98372424437146,0.553395401869431,-0.195450400448068,-0.427395068596283,1.82664131552141,"Male",0
-1.19550394831886,-1.32506936502841,2.1296014064088,-1.20174944387019,-0.692754931648438,0.460984111445108,-0.281886235333971,0.273318375122022,0.185528579114501,0.096782640980204,0.15462064263434,-0.479306595156048,0.40364838984048,-0.347003611833453,-0.714911633207752,0.865082988947149,0.45379943669501,0.387419558891377,-1.04763812826095,0.235180197367079,-0.937157308098593,-1.14467330649668,-0.587078897585337,-0.198486959680735,1.43686921514031,0.444102934398716,0.72166977562138,-1.20146104179221,-1.25781273190319,-0.407441508235318,0.0252331746775573,-0.958885323004991,"Female",0
1.72262127763385,-0.645546613731787,-0.91982593626266,0.629071341341339,-0.692754931648438,-0.3311294321648,0.612380838477082,-0.572639272376416,0.0522536790516986,-0.337212801377506,-0.757345890524632,-0.479306595156048,-0.695948819869541,-0.347003611833453,0.28551793537809,-0.00424810960104149,-0.0135669108297203,-0.36848594318725,-1.91189088556678,1.36315496898053,-0.0525160523021207,-0.0925054830666335,-0.469180630972609,-0.56483202898557,-0.0678350273242204,0.341743917575653,-0.700035843248185,-0.176912578803378,-0.802831372756754,-0.694996566600692,-0.0581635348845883,1.52843422027989,"Male",1
-0.763057981569724,1.39302164015807,-1.28075612676182,-0.405156467401001,2.21347990857728,0.857040883250062,-0.358757826227616,0.680199898063036,-0.197713751163777,0.862795585621551,-0.487540530647618,0.967719714451587,-0.695948819869541,-0.347003611833453,-0.714911633207752,-0.685532410236302,1.38079491702682,0.919321016167281,-0.0376881462304602,-1.21605505508872,-0.279631586895585,-1.08479221696345,0.479294906415611,-0.931177098290406,-0.0678350273242204,-0.212977094255106,-0.892634281418796,2.64874850727576,1.11862803649359,0.424505467415803,-1.05012108884224,1.32633599212345,"Male",0
2.27158595643195,-0.305785238083478,-0.831377672289454,0.495199796424905,0.941030830804653,-1.12324297577471,0.449951850453336,-2.66804127942902,0.109392156524272,-0.0323481894938697,1.84322964274163,-0.479306595156048,-0.695948819869541,-0.347003611833453,2.53164367646121,0.972625669858259,-1.15963258248394,-1.02307572393889,-0.812925596740523,1.29879090737202,-0.786025387135418,-0.67609717262953,-1.06274238370308,-0.56483202898557,-0.0678350273242204,-0.751714534396137,-0.799256237759267,-0.0190987061338014,-0.682990443188241,-1.023849140804,-0.00959519773013723,1.5249209515035,"Male",1
0.254263956352069,-0.645546613731787,1.43774664961856,0.714782778585127,-0.692754931648438,-0.727186203969754,-0.702236319463685,-1.19905773799811,-1.29241515705982,0.0500735702793206,0.637426454306734,-0.479306595156048,-0.695948819869541,-0.347003611833453,-0.714911633207752,-0.0926500517249899,-1.96168623210983,-1.27686726271804,-1.13707205159709,2.70468221709276,0.883041641504412,0.489468649539201,-1.91256060687012,-1.66386723690008,-0.0678350273242204,0.545057023539892,0.133379874252011,-1.22149373097569,-1.89901029526473,-1.35999719206625,1.08135102528926,1.5249209515035,"Male",0
0.209474415206004,0.0339761375648314,0.136806619502081,-0.128363376875685,-0.484739768259185,0.460984111445108,-0.0191586709948494,0.273318375122022,-0.69258052371734,0.096782640980204,1.09168717211881,2.82628561669993,0.790356888668172,-0.347003611833453,0.054531903487474,1.41040644737557,-0.939656319971848,0.96879642058182,-0.000843163638023649,0.567861947983495,-1.20171609499765,-1.05539814858128,-2.366310784729,-0.198486959680735,0.684517093908044,-1.58177086665452,1.11831430510482,-0.423059554423311,-0.907166276436229,-0.726987933956794,0.164355420507331,0.0234714896242095,"Female",0
-0.300579999501562,-0.645546613731787,-0.990903974393132,-0.200823739747962,1.67025844311453,-0.3311294321648,-0.374794436477071,0.102325127506308,-0.376097414215393,-1.49447890199291,0.943452454016584,-0.479306595156048,-0.0123736205842797,-0.347003611833453,-0.00715344333619867,-0.2035549092243,0.113586004013283,-0.3906687396723,-0.55703636516605,0.229532342200581,-0.406937511463973,-0.826465755234934,-0.122701257038048,0.167858109624101,-0.0678350273242204,0.876175076813067,-0.796878535909937,1.6178128432066,-0.391171805847979,-0.729596321011113,-0.0940181715029307,1.45101218613351,"Female",0
0.523572613493889,1.05326026450976,0.540454134001074,-0.719770095409608,-0.537826971415817,-0.3311294321648,3.04789568958907,0.845711026039047,0.885737360463155,1.0613012793882,0.760880880308766,0.19924246528141,0.219346785953116,0.537044587762649,-0.241073523039511,0.282507146881035,-0.456998884122383,-0.948006377026608,-0.458630207015664,0.673798373178834,0.330092420799305,-1.06708429441192,-0.236942588717857,3.09861866406279,-1.57253926978875,-0.58368954375045,-0.595360857434382,-0.36016507884799,-0.144511827633448,-0.405131602789984,-0.348144251079831,0.996881217098751,"Male",0
0.697580854920378,-0.645546613731787,0.413383665391262,-0.266613510387241,-0.692754931648438,-0.727186203969754,-0.002285778402655,-0.0102963971675024,0.3249612983898,-1.41108251139264,-0.757345890524632,-0.479306595156048,-0.695948819869541,-0.347003611833453,0.0676950122023391,-0.685532410236302,1.11184542808694,0.966915761371375,0.393527651906111,-1.20722004784701,-0.869377792747464,-0.394454960889518,0.489749387979754,-0.931177098290406,0.308341033291912,-1.57372280999073,-1.43722616872185,-0.360466220635699,1.933264617979,0.88913167231184,-1.33930097190818,-0.207810661623741,"Male",0
-1.37194280019559,0.0339761375648314,0.469836539425221,1.98117137178428,-0.428344546184766,0.0649273396401542,-1.26362630081804,0.938396050476377,-1.26553771595739,0.209156211244033,-0.757345890524632,1.09754045557611,-0.164196121081982,1.70739286075097,-0.714911633207752,0.0643275530449654,-1.55179316076321,-0.00777676952030005,0.306870651243898,1.3600664432242,2.5742161024309,2.81689213341302,-0.811538120413233,-0.198486959680735,-1.57253926978875,2.70110059031866,2.85027088844007,-0.440767044556609,-2.25312212245787,-1.31847246397668,2.2826190418228,0.753918149121106,"Female",0
-0.64996503035236,0.0339761375648314,-1.05487995718993,-0.756270408076907,0.656277647247852,0.0649273396401542,-0.74256509675455,-0.0203439414354064,0.612212935680965,-1.57653750707922,0.540848014970586,-0.479306595156048,-0.695948819869541,-0.347003611833453,0.0954202073698243,-0.685532410236302,1.81278245550281,0.56497823133616,-0.785498184808581,-1.2044722228141,-0.324479604915217,0.4949768929839,1.60674117858959,-0.56483202898557,-0.0678350273242204,0.322502839909826,-1.02260289672903,0.97985058255971,1.3029064259026,-0.271032797632132,-0.799453130401223,0.423218417707088,"Male",1
-0.262610217461946,-0.645546613731787,-0.420800843127554,0.0739748592247563,-0.382899011183196,-0.727186203969754,-0.96183517729342,-0.101146303691456,0.146457764149631,-0.939482515955101,-0.757345890524632,1.00040408694784,-0.695948819869541,-0.347003611833453,1.35168414912773,1.42546966298469,0.476069429826458,0.239078924736029,1.1392692147543,-1.4353857774518,-0.347410111048459,-0.782589125829768,0.920257540210341,-0.56483202898557,1.06069315452418,0.267899698731364,0.397754783038614,0.0149570200130558,0.486329907741102,-0.745185221349874,0.307622113441593,-1.27210175106407,"Female",1
0.573265357706891,0.71349888886145,0.0947021208596985,1.95959705819001,-0.692754931648438,-0.727186203969754,0.677536337092156,0.639071079859615,-2.00857829478608,-0.149657238074317,-0.272280658687971,-0.479306595156048,0.18134714888826,1.91258528821728,-0.41213421263094,-0.685532410236302,1.58330698500655,2.56304931000941,-1.08030910764711,-0.684622414377049,0.129060144101019,1.15435434596339,-0.876389211304733,1.99958345614828,-1.94871533040488,-0.175470897875658,0.122658747487442,-0.710167402245693,0.805953512947609,0.889062220121269,-0.375335822077564,-0.202921770621752,"Male",0
2.57758630207196,-1.66483074067671,-0.295512906822587,0.395178902477671,-0.692754931648438,-3.49958360660443,1.55645335485975,0.273318375122022,-0.951115238759519,0.096782640980204,3.80019540207138,-0.479306595156048,0.525211900461702,-0.347003611833453,-0.714911633207752,-0.685532410236302,-1.16954684169748,0.0626081042042253,-0.966598666860343,1.6194609843212,-1.42225598066778,-0.151501646264757,-2.66505386042657,0.167858109624101,-0.0678350273242204,-2.13885055737167,-1.00905089287131,-0.384134301578528,-0.407224808474761,-1.17689638850181,-0.660264322515065,-1.3546034466615,"Male",0
-1.96813439013778,1.05326026450976,0.00426137146001047,-0.58294298279356,-0.481380350245793,2.04521119866492,-0.629497877267301,-0.303262514704152,-1.37569691045651,0.00955474233248378,-0.484250221380817,-0.479306595156048,-0.695948819869541,-0.347003611833453,-0.0330470356485535,0.475328034274344,1.07558301419734,2.21124131378466,0.544548849908782,-1.39807808080441,-1.41963265469648,-0.229441970984554,-0.802085855122654,-1.66386723690008,-0.0678350273242204,-1.14653954328911,0.272797332647946,-0.590139805696415,0.92985505222094,3.33704660776678,-1.43074386536529,-0.150522404506661,"Female",0
0.285861358123719,1.05326026450976,-0.774851057431306,0.270543576352828,-0.173377388773367,0.460984111445108,-0.10270879243104,0.0559592588143177,0.606440540130173,-2.1580583016629,0.203534223077911,1.23849817763203,0.462625594175347,-0.347003611833453,-0.714911633207752,-0.685532410236302,0.362064565394924,0.00221407925643403,0.600752577737496,-0.718318629833589,0.212914844617716,0.133480492069392,0.87242439375693,0.900548248233772,-0.0678350273242204,-0.0100099767083212,0.0406289591411127,-0.1365059945465,0.573699926691726,-0.490455956239906,0.237259055561343,-0.0964525888006536,"Male",0
0.729447507226701,0.37373751321314,-0.761495550398141,0.567156284846488,1.74795631878546,0.0649273396401542,1.33568468749274,0.38877535428135,-0.13190756228753,2.92275509442078,0.00825564348537181,0.88939065495715,1.15028847050778,-0.347003611833453,0.240864383883767,-0.360094610407687,-0.105788891354361,0.246597163504137,1.2905778850282,-0.786077524628332,-0.738077993318503,-0.862741931156321,-0.0132443913858563,2.36592852545312,-0.0678350273242204,0.00567648649500745,0.288894463171977,0.260624354669614,0.0501021332323505,0.130816404428826,-0.586863910169099,-0.341690591871723,"Female",0
1.81940342755774,0.0339761375648314,0.899652496667913,0.370017111643429,-0.0182386422002932,-1.51929974757966,0.921615717045501,0.273318375122022,1.03932537189526,0.096782640980204,1.71180698945252,-0.479306595156048,0.792633007670522,1.09075931002119,1.98226486831659,0.364041872212519,0.106963785943683,-0.916858920897338,-0.98128171806744,0.278673950230642,-0.166292472443976,-0.41675970879871,0.517439650810454,1.63323838684344,-0.820187148556485,-0.415320927065,-1.00422889193621,-0.923334243176011,0.295724845809541,-0.214857823971434,0.116021451883274,-0.550534050797709,"Male",0
0.359043093134009,-0.645546613731787,-0.824042053472072,-1.31294064286294,-0.482683121163528,0.0649273396401542,0.930420625278091,-0.457809969709107,1.58431667018279,-0.87034041424552,2.35932324083826,-0.479306595156048,0.139140469978951,-0.347003611833453,1.01435322245783,0.492082721102321,0.874690167767152,-0.357342181661762,1.04409269772927,-1.83422781218234,-1.04761055010357,-1.4933644973603,1.57474519749074,0.534203178928937,1.06069315452418,-1.09518673405285,-1.4135409991773,0.858650531128116,1.85479170552444,0.534383938675184,-1.65944550911213,-0.189067223623816,"Female",0
0.44692275977356,0.37373751321314,-0.0171813542013493,-0.0994421059645353,0.408955007783532,0.0649273396401542,-0.245842674608162,-0.330251407419415,0.260860068813316,-0.58819104043947,-0.757345890524632,2.58715766945928,-0.695948819869541,-0.347003611833453,-0.714911633207752,-0.685532410236302,-0.0398571972574546,-0.259764215654238,1.41084333876657,-0.854087217098711,-0.452189107291869,-0.670145511906479,0.672409956960787,-0.56483202898557,-0.0678350273242204,-0.110929759943417,-0.779968478724329,-0.261777623468219,0.814764734808513,-0.53390315127195,-0.471011294892213,0.502577044316645,"Female",1
-0.424349418033129,-0.645546613731787,-1.52426605014862,0.24425991742614,0.48469756611948,0.0649273396401542,-0.814527295586646,0.273318375122022,-0.121495153681007,0.096782640980204,0.180070871466679,1.19655178201742,-0.130806998134858,-0.347003611833453,3.96616811561724,2.50224436389896,-1.0777885343943,-0.770926516654367,0.870511541431038,-0.0908240328608114,-0.764348704907494,-0.27797259347182,0.359679011841137,-0.198486959680735,-0.0678350273242204,1.40199289648245,0.766507310899569,1.54927617141667,-1.22256461778883,-0.707411513045293,0.610852613203204,2.57614115895345,"Female",0
-0.91813742768435,-0.645546613731787,-0.982150863762939,-0.0143029471541305,1.10188569367061,-0.727186203969754,-0.919042599214906,0.273318375122022,-0.626793717757068,0.096782640980204,-0.757345890524632,-0.479306595156048,-0.695948819869541,-0.347003611833453,-0.714911633207752,-0.685532410236302,-0.600697079824122,-0.619712036690584,0.219342452334374,0.631744897998494,1.47024197333476,0.471786877466475,0.0902860952622025,-1.29752216759524,-0.0678350273242204,0.939559163546935,0.0643922698388524,0.882836438581069,-0.369995827951097,-0.718361287953061,0.281211450274687,-0.501391035430062,"Male",0
-0.958388784371565,-0.645546613731787,-1.65345671780288,0.372836798446948,1.95134892298829,0.0649273396401542,0.0445096576981921,1.01644917619034,-2.07104841318514,-0.0431624951308087,-0.757345890524632,-0.479306595156048,-0.695948819869541,-0.347003611833453,-0.714911633207752,-0.685532410236302,0.986701352430906,2.68826468645919,-1.44326531619396,0.200013354530632,0.0628896680865753,0.184425657497274,-2.00175681646056,-0.56483202898557,-0.0678350273242204,-1.92251761984483,-0.332545490377004,3.72598957201333,0.863499337220106,0.905542967713453,-0.734939255468961,-2.16163866661064,"Female",1
1.06660229427523,-0.305785238083478,3.35866569080458,2.95766328800192,-0.692754931648438,-0.727186203969754,-0.424235771405136,-1.62137563612124,-1.74301825909286,0.113255464779427,-0.757345890524632,-0.479306595156048,-0.695948819869541,4.53018697502932,3.20625257197682,2.87484164918751,-1.1561700735624,-0.782869412644926,-0.300143091842928,0.936468572170353,0.511244281522398,0.311306529613033,-0.949265352147608,-0.56483202898557,-1.57253926978875,1.43371522639561,0.17536119938655,-1.22739552478147,-1.13040594333914,-1.05716264233123,2.57329103546158,-0.0545060501587737,"Female",1
-0.785272125632071,0.0339761375648314,-1.16600832350794,-0.570007376224254,1.06440269326837,0.857040883250062,-0.563688362297802,-0.716447153139385,-0.278375771609716,-0.200033541110872,-0.210413451370945,-0.479306595156048,-0.695948819869541,-0.347003611833453,-0.714911633207752,-0.685532410236302,0.458061921507722,0.240387220695337,-0.551356996788369,0.0726135102234599,-0.241142616207093,0.196335534135942,-0.0259974625712195,-0.56483202898557,0.684517093908044,-0.0332715576732038,-0.434139786785889,0.780205948407305,0.192610376824279,0.557494646705535,-0.222150536361273,0.209236238556842,"Male",1
0.245519096579305,1.05326026450976,-0.511524121868934,2.13217686169838,-0.182404003823334,0.460984111445108,-0.365895672051403,0.68684286170289,-1.58916513462314,0.103862016035674,1.98475756291937,-0.479306595156048,-0.0346944434180771,0.930355827582976,-0.714911633207752,-0.219292950073667,-0.93944999134935,-0.321290700343183,1.75405117427532,-0.33281841447428,-0.888534958079496,0.626636335921551,-0.650317802350178,0.534203178928937,-2.70106745163715,1.40845485257587,0.409276657226782,0.0463408208372208,-0.663607243933583,0.249532558904554,1.70814309619438,-0.499574688835683,"Female",0
-1.17048275652859,-0.645546613731787,1.45940556666577,0.312994474970325,-0.62665233528252,-1.51929974757966,-1.05653498341891,0.273318375122022,-0.776665038313666,0.096782640980204,0.752351516427681,-0.479306595156048,0.214204675808046,-0.347003611833453,-0.714911633207752,1.23966985504202,-0.0274751616084386,0.935677536438332,0.399119472117082,-0.350824870736657,0.130362443005811,0.68231254570315,-0.683125587503267,0.167858109624101,0.308341033291912,0.540519761106583,1.56849922127377,-1.19121045314339,-0.587499973315703,-1.15368974064898,0.362334165323729,1.95688163203481,"Male",0
-1.72835992014665,-1.32506936502841,0.697111945716487,-0.476498892380638,-0.12290496297673,-0.727186203969754,-0.024727386216559,0.273318375122022,-1.3464987107725,0.096782640980204,1.03416169905877,-0.479306595156048,-0.695948819869541,-0.347003611833453,1.5216042467864,-0.685532410236302,0.694810251250925,0.978873619517787,0.752680944356405,-1.27826425588903,-0.975897066650394,0.461463580236136,-0.017201870738956,-2.39655737550975,-0.0678350273242204,-0.295778367795959,-1.16349948540821,-0.711881104798228,1.40487380137559,-0.670703122014652,-1.7266612323374,1.10278819544798,"Female",0
0.263944734068331,0.0339761375648314,-0.482093649936283,-0.629596369181223,-0.343621500138307,0.857040883250062,-0.113893554477079,0.607318921975798,0.448959390576871,1.45955513135317,-0.757345890524632,-0.479306595156048,-0.695948819869541,-0.347003611833453,-0.714911633207752,-0.685532410236302,-1.02075934004612,-0.529183353941645,0.197364217773027,1.05655804305845,-0.271750071366208,0.00723850210125185,-0.81604734587183,-0.56483202898557,-0.0678350273242204,-0.736976704633443,0.220886914072786,-0.422954467438875,-0.608981864215911,-0.390417505103212,0.220205014331813,0.00341301387343203,"Male",1
0.221905999224203,0.37373751321314,0.271122351624717,-0.919765502289221,1.29032295932911,1.25309765505502,-0.203481084604425,0.273318375122022,0.772545942840905,0.096782640980204,-0.757345890524632,-0.479306595156048,-0.695948819869541,-0.347003611833453,0.0229418462624429,-0.685532410236302,0.13465325238823,-0.660695512935065,-2.50209149522672,1.69626391688429,0.273176130820029,-0.477744552532239,-0.366167990001009,-0.56483202898557,1.06069315452418,0.257885567625106,-0.445110234643598,-0.335957995551473,-1.0967656801699,-1.05847357141051,0.249779507529726,0.358989416902761,"Female",1
-0.48904933674692,0.0339761375648314,-1.25046473782382,1.01142465003952,1.52829230624641,0.0649273396401542,-0.942965989419733,0.530350508430214,-0.694015599662377,0.880934177706958,-0.757345890524632,-0.479306595156048,-0.695948819869541,-0.347003611833453,-0.714911633207752,0.76345703255246,-0.885579027517102,-0.906776958546962,0.845141317180521,0.352646683732338,0.141802299135633,2.10900070777055,0.500642251039925,-0.56483202898557,-0.0678350273242204,2.45059213527866,0.684613961341886,1.89165707043963,-1.03339681233947,-0.182171934996746,0.996107011620315,1.31306603159021,"Female",1
0.849355423254655,-1.66483074067671,0.272393184193337,3.92361398736288,0.546668750212528,-1.51929974757966,-0.643039889240617,-7.90969502279562,-4.47910307219468,0.174788203878828,-0.757345890524632,-0.479306595156048,-0.695948819869541,-0.347003611833453,-0.714911633207752,-0.685532410236302,-1.2478200212472,0.862695143323313,-0.396048115383353,1.67715463758081,-1.26402402087942,0.150176463752088,-3.39194238909487,-1.66386723690008,-0.0678350273242204,1.46723379934873,-0.154700232088659,-0.661040086628083,-1.93259683429796,-1.21629339834281,2.72402018314807,1.10278819544798,"Male",0
1.05088898749082,0.0339761375648314,-0.868551786700665,-0.213282885301248,0.349487709916465,-1.12324297577471,0.372931214789698,0.70505203653813,0.327329099329314,1.08854738214077,-0.471060941905131,-0.479306595156048,-0.695948819869541,-0.347003611833453,-0.000116074971000752,-0.198762519299466,-0.875750132279065,-0.149965903051551,0.503436109306336,0.594636714181003,-0.379998138585828,-0.372846532288477,-0.851173187370326,-0.56483202898557,-0.0678350273242204,-0.974703539980277,0.323319772116817,0.528531689584613,-0.397153332072099,-0.245650099471992,-0.327020908210389,0.165811283642506,"Male",1
0.704490443998193,-0.645546613731787,-0.209642081301637,0.846543885192618,1.14638988659687,0.857040883250062,-0.336644890638867,-4.25747165176405,-0.861322969462773,0.0604913265383008,-0.757345890524632,-0.479306595156048,-0.695948819869541,-0.347003611833453,-0.714911633207752,1.44295208181055,-1.92900206485043,-0.344681962469619,-0.625386215153935,2.29582391348665,0.772294692904212,1.70384995995685,-1.92106898760229,-0.56483202898557,-0.0678350273242204,-0.899025382001301,1.17890630138314,-0.69671445315632,-1.28586156941315,-0.508527964913248,1.19854581206392,0.463193110515375,"Female",1
0.575888713320208,-0.645546613731787,-0.563381307087421,0.952479284435936,-0.692754931648438,0.0649273396401542,-0.345988219341768,-0.596858918726066,-0.416620983257974,-0.205573223644448,-0.757345890524632,0.994352100517972,1.29187108480054,-0.347003611833453,-0.714911633207752,-0.685532410236302,-0.161550578298721,-0.180189728037561,-0.271459840937432,0.467054733946711,0.133682106778455,1.55383309329672,0.278225176920671,0.167858109624101,-0.0678350273242204,0.0685702387999396,-0.593781319796141,-0.399418816768081,0.341097592836846,-1.04089738829779,1.17126779622659,-0.326201875888286,"Female",0
0.631384042276586,-1.66483074067671,-0.559252682892272,0.101971229320418,-0.424771432867689,-0.3311294321648,-0.424662910681107,-2.56724702335406,-0.632267873747334,0.0210042978305281,4.89343739437633,2.88807238701498,-0.695948819869541,-0.347003611833453,3.98804232005102,0.915804053406411,-2.01727986240151,-1.56698471353902,0.967013235542829,0.456261337141952,-0.865877962632369,-1.3646987559867,-1.0514354702785,-1.29752216759524,1.06069315452418,-0.887170147640552,-0.654313040222418,0.00729619518725145,-0.233751452136577,-1.10249950804395,0.493693243039975,-0.987317171385353,"Female",0
0.898311056396967,0.37373751321314,1.76494165240758,0.152383620427949,-0.669369579160495,0.857040883250062,-0.241249670070885,0.0484548750207108,0.997402912525469,-2.46859964222648,-0.757345890524632,0.409249634418035,-0.695948819869541,-0.347003611833453,0.52606511894683,1.00465749466896,-0.700242610281635,-1.76919468366045,0.06151108601466,0.556484215043199,1.63424790465312,-0.567862076032766,1.25483251625076,-0.56483202898557,-0.0678350273242204,0.583770613827079,-0.255196422861819,-0.945505714643462,-0.290726723444026,-0.305180217320077,0.648206580104653,-0.865835637396531,"Female",1
-1.48756094670146,0.71349888886145,-0.720101149071948,-1.11011243751171,-0.0605656711019053,1.25309765505502,-0.181879113051001,-0.390427934549184,-0.258593602194303,-0.352437015172148,-0.207178637126631,-0.479306595156048,-0.695948819869541,-0.347003611833453,1.11663003375743,-0.529624310500392,1.9966891010872,2.18473105015537,0.12471005384093,-2.01621390334142,-1.62638308524517,-0.193967163662034,0.39442279475103,-0.56483202898557,-0.0678350273242204,-1.06754446406099,-0.109247010578674,0.340614655469409,1.47339327979852,3.2243458266138,-1.36330037673714,-0.0218586644215526,"Female",1
0.778809026677661,1.05326026450976,0.249702376591297,1.85789059881414,-0.692754931648438,0.460984111445108,0.633978541153626,0.273318375122022,-1.54325874670426,0.096782640980204,0.231830079184007,-0.479306595156048,0.496743122932508,1.95694531570297,-0.714911633207752,0.155414836928221,0.36578740621343,1.28548630738854,-1.12545583123038,0.434057778000736,-0.0435879386805909,0.702636070132626,-1.46024937276867,1.99958345614828,-1.94871533040488,0.343024975209512,0.682958953194925,-0.84049469980632,-0.644169992254902,0.520028594099666,0.396532249785948,0.527152619008637,"Male",0
-0.46730032787897,-0.645546613731787,-0.882861753897558,-0.218255069462728,-0.424771432867689,0.0649273396401542,-0.294260043691836,0.273318375122022,-0.22045453387467,0.096782640980204,-0.0501718420048718,-0.479306595156048,1.00939141413689,-0.347003611833453,0.167923582579406,-0.685532410236302,-0.619857814500913,-0.292974961979606,1.39830122417255,-0.255404933080943,0.770195603339008,1.9827915931281,0.835739074047568,0.534203178928937,1.06069315452418,-0.404974089009716,-0.145475284639078,-0.205968242845684,1.06140474715079,-0.837899181812694,0.204655171435636,-2.00750080628074,"Male",0
-0.650371255254593,1.39302164015807,0.9671976441495,-0.546234719435481,-0.57414979462825,1.64915442685997,-0.0376723071258775,0.273318375122022,0.3594115082126,0.096782640980204,-0.757345890524632,-0.479306595156048,0.657119016132215,0.69849659748843,0.405836858994203,-0.685532410236302,1.22658513046078,0.740965316575714,-0.64480844509553,-0.642826172899793,-0.488473899092106,-0.518352978267422,0.446338831707708,-0.198486959680735,-0.820187148556485,0.363834315638357,0.362533736827065,-1.00236007432615,-0.0724608741158392,1.39828857522978,-0.395425884302274,0.168176927428381,"Male",0
-0.846462692546647,0.0339761375648314,1.23490190857391,0.617663354320097,-0.692754931648438,-0.727186203969754,-0.993441908951841,-0.289534398279716,-0.156906833951811,-0.473048710564242,0.175730979050062,-0.479306595156048,-0.133423395457699,-0.347003611833453,3.36207043969829,0.900976863928239,-0.529635496263043,-1.01200299526933,-0.780667220206932,0.749132878179311,1.34283889833553,1.16000669282236,0.937787365655956,0.534203178928937,-0.0678350273242204,1.71140391915012,0.750070655500872,-1.1841446035792,-1.08695393674554,-1.06555433987768,1.54766512701558,1.48515482230986,"Male",0
0.603317573679635,0.37373751321314,-0.95415992012751,0.927730536061383,-0.141899961932453,0.0649273396401542,-0.565422198052233,-0.60403563867533,0.310099481621133,-0.386893432775735,-0.341790006342929,-0.479306595156048,-0.695948819869541,-0.347003611833453,-0.714911633207752,-0.332247870834727,-1.47132263816554,-1.52936197337433,0.532747545584434,1.20434960319728,1.35203293467568,2.01102242223331,0.493557758348231,-0.56483202898557,-0.0678350273242204,0.769653852783874,0.598797279695023,1.00076998993425,-0.668112429889679,0.634942466720442,1.54177617503424,-0.240361482910489,"Male",1
-2.53344058362992,0.37373751321314,-0.104413027280676,-0.365655689903583,-0.692754931648438,0.857040883250062,-1.55921787143154,-0.523529371491678,-0.459208739044851,-0.221538413386641,-0.757345890524632,-0.479306595156048,-0.695948819869541,-0.347003611833453,-0.714911633207752,-0.685532410236302,-1.42045417212292,0.0100471847356824,2.1070011600528,0.162852460309945,1.03220443457337,2.04637968535235,-0.331954877490837,-0.56483202898557,1.06069315452418,2.39815062234481,3.44596605427056,-0.904709324773073,-2.06975044543006,-1.07354716465569,0.218389757936133,-0.356288092054525,"Female",1
0.787395017561237,-1.32506936502841,0.00485518401767234,-0.448159935383584,-0.5156944056683,-2.31141329118957,0.230694255768895,0.000726000559745078,0.274672932314061,-1.43111905330765,-0.757345890524632,1.67501060121047,0.0305414143484442,-0.347003611833453,0.0372798062521674,-0.685532410236302,0.810116801465246,0.870509839031464,0.936838181511994,-1.37248856793829,-1.67655684772238,-1.22877959677782,0.19873807889566,-0.198486959680735,1.06069315452418,-1.43373366541117,-1.28520444233345,-0.577954854287465,1.54296414842869,-0.0454536593355549,-1.15232354184973,-1.03561705839296,"Male",0
-0.352300755780676,0.71349888886145,-1.03800821820719,0.820062995994629,-0.692754931648438,0.857040883250062,-0.438612169883875,0.373134630503609,-0.879398769327744,1.70391053177499,-0.757345890524632,-0.479306595156048,0.102116806882218,-0.347003611833453,-0.714911633207752,0.43987318325972,0.459571905669424,0.156415333945806,1.08634591227167,-1.09209207114584,0.521308725064658,0.370333783995907,0.984118385484042,1.26689331753861,-0.0678350273242204,2.67321563830909,0.583522779332114,1.14436328190664,-0.411200316962271,-0.0957582668116986,0.116713875834162,-2.35702146710933,"Male",0
0.511849549869024,-1.32506936502841,-0.244103979756404,0.0803690143988953,-0.692754931648438,0.857040883250062,-0.266784048040393,1.26013817264456,-0.667867982447527,0.306906146004996,0.551385303164539,4.20003822422447,-0.695948819869541,-0.347003611833453,0.101997576205692,2.09600982368855,-1.60698873514709,-0.445855816411369,-0.0663745969631424,1.17745348354982,0.0108976597072527,-1.00632158960469,-1.81518239294016,-0.56483202898557,-0.0678350273242204,-0.820773137016234,-0.194535232439114,-0.632322883259566,-0.683471018376372,-0.413192609402625,0.186075831008708,-1.18978639470006,"Male",1
0.976829936879072,1.05326026450976,2.48592058785442,1.81184955029927,-0.692754931648438,1.25309765505502,0.0969030618811289,1.41167229885588,-0.632124968336731,0.285902249815908,-0.757345890524632,-0.479306595156048,2.94466516284083,1.41115966152064,-0.714911633207752,-0.685532410236302,-2.13242122194144,-1.1007092373075,-1.12898519603593,3.03340225145273,2.83588841770849,0.68231254570315,-1.77565668531971,1.99958345614828,-1.19636320917262,1.08688177911782,1.99519622877305,-1.24917500485078,-2.7356890633365,-1.12456305455986,2.24638959795968,0.444692426240466,"Male",0
0.407337611668862,0.71349888886145,0.179911979478265,1.8457896533223,-0.0730430907179546,0.857040883250062,0.277291169142997,0.70080149416132,-2.14493633094942,-0.184848419919148,0.943452454016584,-0.479306595156048,0.671201578701006,0.973473445791112,-0.714911633207752,-0.685532410236302,0.276328793239823,1.24304930301638,0.388120456138815,-0.473985034993549,-0.271470950705301,0.856623717255671,-0.913946654281245,1.26689331753861,-1.19636320917262,1.04031421471349,0.581154753288124,-0.483182981262962,-0.21369694347411,-0.533040269360423,-0.101815020196791,-0.678940969721418,"Female",0
0.425170329369083,-1.66483074067671,0.596292561939241,1.41243965225904,-0.692754931648438,-3.49958360660443,-0.461748082445106,4.22059756521216,-1.10116120604491,0.124956640356366,-0.757345890524632,-0.479306595156048,-0.695948819869541,-0.347003611833453,-0.714911633207752,-0.685532410236302,-1.4996509585793,0.757764170137043,-0.300143091842928,1.85849779831787,0.0108976597072527,1.52757863966017,-2.62697961868318,-1.29752216759524,-0.0678350273242204,-0.915499538840262,1.06311263576815,-0.824204084471683,-1.13040594333914,-1.25779469951063,1.60151703053758,0.441138107586666,"Male",0
0.316038843509112,0.71349888886145,0.22842738127622,0.644001102910034,-0.692754931648438,0.0649273396401542,-0.354590013462221,0.833061464692812,-0.271495089087079,0.624355352057127,-0.757345890524632,-0.479306595156048,0.199119258752616,-0.347003611833453,0.211821466237341,-0.369983604325123,0.1062645052083,-0.63840545944054,-0.929839933790443,0.625111975964169,1.49558181145615,0.0654139892556423,0.386985771920737,0.534203178928937,-0.0678350273242204,0.507315439569987,-0.97942412516385,-0.803442133016389,0.246614552908948,-0.42226574119277,1.12241191823947,0.527152619008637,"Male",0
2.33366237904673,1.05326026450976,0.143757278335291,2.06526900137769,-0.656698969994301,0.857040883250062,2.79288642080355,0.678032752801038,0.234159145401489,1.10367731286157,1.92633724966358,0.480239479656978,3.18704958246201,2.15328716838248,-0.714911633207752,-0.457379278931686,0.765733540221441,0.0406139393591512,-0.430464099197127,-0.544515061984276,0.346516315818274,-0.118950404123123,0.67209512561468,2.73227359475795,-3.45341957286941,0.268139016042124,-0.20487854145155,-0.153024597613827,0.46788730585084,0.0842099924580949,-0.0820508642348744,0.315984717951522,"Male",0
-0.746513976510957,-0.645546613731787,-0.528406064338908,-1.3332757023432,-0.692754931648438,0.0649273396401542,0.563049859135375,-0.435876119364169,0.0603219684128282,-0.42343013321535,-0.757345890524632,-0.479306595156048,-0.695948819869541,-0.347003611833453,-0.714911633207752,-0.685532410236302,2.85289588124429,2.59903527844799,0.179342065432721,-2.71253194100739,-1.67151785614617,-0.810366638541542,0.908848297886413,-0.56483202898557,-0.0678350273242204,-1.78698243562131,-0.809056504512153,-0.369878535000456,2.48827716577608,3.09081990111734,-2.20406351959151,0.0520248416301292,"Male",1
0.942030128683241,-1.66483074067671,0.258159859424785,0.00159206897168608,-0.692754931648438,-0.3311294321648,0.079603266776784,0.273318375122022,0.54310601324727,0.096782640980204,-0.757345890524632,-0.479306595156048,-0.695948819869541,-0.347003611833453,-0.714911633207752,-0.685532410236302,-1.24695384971128,-1.12517412671217,1.50545843445835,0.397913973395063,0.820382146635704,0.700896566679296,0.242697767867074,-0.56483202898557,-0.0678350273242204,-1.20664771665362,-1.04539781485662,-0.210419362612344,1.09452623079432,-0.870449221944317,0.389545561993685,-0.289604644316805,"Female",1
-1.24958494526878,2.07254439145469,1.17168468509444,-1.07076784220641,-0.692754931648438,0.460984111445108,-0.851545202691451,0.834094201020437,-0.392952178121495,0.575325161259726,0.358214647269473,-0.479306595156048,-0.695948819869541,-0.347003611833453,-0.714911633207752,-0.05327041167626,1.64364274932448,1.69223518552371,-0.341548581710935,-1.33079232516874,-1.33920738531978,-0.603016928267825,-0.0932336650264645,-1.66386723690008,1.06069315452418,-0.990301937328607,-0.849975330456401,-0.700190210150062,1.31701630258244,-0.280529277228422,-1.41427665093996,-1.05347048197333,"Female",0
-0.0783050934449019,0.0339761375648314,0.162697185887108,0.274404926997485,0.451328466992453,0.857040883250062,0.0482327267430078,-0.572639272376416,-0.196728247940828,-0.271906249828154,3.24950508021364,-0.479306595156048,0.270297634786174,0.58625601835648,-0.714911633207752,1.35832049166951,0.117884521308957,-0.0736827973765864,-0.241894613330802,-0.272851162901493,-0.339742865521057,-0.609696517270461,-0.262062054490794,0.900548248233772,-1.94871533040488,0.167733588976446,0.341851362737109,-0.323172482819339,-0.3239090575382,0.0343076667451768,0.299978756597694,1.97496331126517,"Female",0
-0.336489605608482,0.37373751321314,-0.140777469028318,1.28242102909971,-0.692754931648438,-0.727186203969754,-0.564400396236262,0.273318375122022,-2.02183901202588,0.096782640980204,-0.757345890524632,-0.479306595156048,-0.695948819869541,-0.347003611833453,-0.714911633207752,0.804406734196486,0.642904398910659,2.92497789664103,-0.945886209583322,0.0609052457595198,0.129186127364635,1.54226791635156,-2.05048593663379,-0.56483202898557,-0.0678350273242204,-0.7721743743413,1.47611004312828,-0.654128178113237,-0.0852907238791016,1.13037918551277,0.134948169046857,-1.33859304338013,"Male",1
0.0370522101584666,-0.305785238083478,2.06802833864638,-0.492413917389543,-0.692754931648438,0.460984111445108,0.200386633608644,-0.557768923103988,0.475869546796779,-0.458078262413316,0.817221326882674,0.224422996821105,-0.695948819869541,-0.347003611833453,1.74219809823116,-0.685532410236302,-0.679103971301368,-1.09781664245843,1.03185031127419,-0.153120475170697,-0.10637107978067,-0.936375385359359,0.499179619773823,-0.56483202898557,-0.0678350273242204,-0.202831375117306,-0.647658361425553,-1.02669261993885,0.309620712676968,-0.953385155523058,-0.385940613872412,1.13390363201227,"Male",1
0.0915996243831923,-0.645546613731787,-0.43493578487073,0.432264702610977,-0.325518285171115,-1.51929974757966,-0.491054055428573,-0.602906482930419,0.176968734750499,-0.353803497919166,-0.757345890524632,-0.479306595156048,0.179766435431062,-0.347003611833453,-0.714911633207752,-0.685532410236302,-1.05250692357982,-1.90075406561698,1.60313962082397,0.142436032207935,1.04877882793191,0.586459179133206,1.43444433953865,-0.198486959680735,-0.0678350273242204,1.44600405690251,-0.156279277147594,0.00021530522263355,-0.185266081000457,-0.863819213770042,0.7719263485852,0.601612942329149,"Female",0
0.586037975044319,0.71349888886145,0.375569774709679,1.7693081378915,-0.451336753616389,0.857040883250062,0.467683645548914,0.644430093848446,-1.91942564615157,-0.0927936397536391,0.473085146277169,-0.0393681933339524,-0.695948819869541,0.799344603027446,-0.714911633207752,-0.267112381885219,1.38103808776974,2.34887435178509,-0.952830057604155,-0.672246755968146,-0.52900628049926,0.880748267745264,-0.892370161967326,-0.56483202898557,-1.94871533040488,-0.394099515125104,-0.22425340730374,-0.301182283050835,0.812678659205547,0.688386921082767,-0.55963559194517,-0.179232041164718,"Male",1
-0.594077862529575,0.37373751321314,0.887922053570208,0.482035295038677,-0.412130701793125,0.460984111445108,-0.836691162307042,-0.985606763019151,-0.456883567962645,-0.10511129152418,-0.161060080382221,0.58669799387443,0.023018586479326,-0.347003611833453,0.0294908416423784,-0.685532410236302,0.390510124649822,1.92292529320994,-0.467054719350783,-0.0175514474610331,-0.694102572953882,0.919842411102754,-1.20353241220282,-0.198486959680735,-0.0678350273242204,-0.820212625762837,1.66545286084757,-0.732411054260556,-0.439287637282316,0.421121575005681,0.690110295013102,1.13186069930855,"Female",0
1.43639572512281,-0.645546613731787,-0.590023859578627,-0.633769630194391,-0.109496728419748,0.0649273396401542,2.2828490575208,-4.02483007630947,1.94933646128456,-0.0865719581344981,-0.757345890524632,-0.479306595156048,1.75870757756397,-0.347003611833453,-0.714911633207752,-0.685532410236302,0.193900627267938,-1.41766750925416,-0.50793730951385,0.345065987722199,0.288868005160112,0.251243709363795,1.58233932961395,0.900548248233772,-0.0678350273242204,-1.16810327703767,-1.63302135620559,-0.446540159426508,1.18703440831966,-0.397585911668563,-0.300686658511966,-0.232018938324413,"Male",0
0.202708134301768,-0.985307989380096,1.94965352076923,-0.073727910552216,-0.692754931648438,-0.3311294321648,-0.0322543609346589,-1.66084842802215,-0.313028317339184,-0.0511308557446441,-0.757345890524632,-0.479306595156048,-0.695948819869541,-0.347003611833453,-0.714911633207752,0.0932994152626518,-1.54258606920642,-0.381662750462121,-2.10795278557994,3.04246714553002,1.69956750833337,0.277521193222837,-2.15343123699975,-0.56483202898557,-0.0678350273242204,-0.726046735192208,1.04831677849512,-0.638282192628748,-1.96468446993631,-1.21463334629609,0.787661308225278,-0.450043170548189,"Male",1
0.149616664429487,-1.32506936502841,-0.0783869983500222,0.350442624133787,1.02983391432782,-1.51929974757966,-0.302539755970076,-0.103467365750217,-0.158233716202731,-0.753665505137332,0.908311992352507,1.75401706863921,-0.695948819869541,1.59278809885059,0.324790996954809,0.0224965220354679,-0.333572385865661,-0.146774486420551,0.500336905775734,-0.184635145986286,-0.230747015601197,-0.560969428097537,-0.216187857385729,-0.56483202898557,-0.444011087940352,0.298720702722268,0.417475227490623,0.193550319897187,-0.348269824654296,-0.81168367779294,0.141358431823824,1.12184897612478,"Male",1
0.464752299234132,-0.305785238083478,-0.930061700958528,-0.681663806388731,0.208644109704992,0.0649273396401542,-0.0786297757924131,0.755763609466371,0.618224269227252,1.11809011836606,-0.11752175138771,0.0926133272126545,0.0755146193238296,-0.347003611833453,2.87948888821143,-0.685532410236302,-0.695810276282795,-0.904122981660173,0.676489731210402,0.109901967921948,-0.823013376651321,-1.60319586583153,-0.116421531663103,0.167858109624101,0.684517093908044,-0.0734870781822428,-0.288242328501616,1.17042412214423,-0.463314184968787,-0.150949607585525,-0.264895789578979,0.683053920960959,"Male",0
-0.0987682597634841,-2.34435349197333,1.40136400242938,-0.725796221712081,-0.692754931648438,-1.51929974757966,0.785266769502418,-0.647713435899008,-0.175616700813385,-0.246940151408967,-0.757345890524632,-0.479306595156048,-0.695948819869541,-0.347003611833453,-0.714911633207752,-0.685532410236302,1.04067642019156,1.02523527825891,-0.87157719043796,-0.237023170199214,-1.34420777437543,0.0635473960849164,-0.281787633203348,-0.56483202898557,-0.0678350273242204,-1.16810327703767,-1.84673929459375,-0.32980905882101,1.27807670784911,0.0910764882555921,-1.46151153374796,-2.92307432513248,"Male",1
0.573096596621054,1.39302164015807,0.698892194628324,-0.534034872216559,-0.205112827309698,-0.727186203969754,1.80394896335725,-0.806673240846801,0.849608642183389,-0.406986808986315,0.265723164440502,-0.479306595156048,1.77116776232249,-0.347003611833453,-0.714911633207752,2.35863259298298,-0.568482125308536,-0.905716041390441,0.990923519472844,-0.287017832899874,-0.0605350750062065,-0.794520115280357,0.637379276373138,1.63323838684344,-0.0678350273242204,-0.335600855592664,-0.35488627445897,-0.772242481029366,0.23535458878059,-0.490714887590941,-0.22453430205468,0.486592930695837,"Male",0
-0.58957687098953,1.73278301580638,-1.60384869883043,-0.359445207134907,2.19246085235578,2.04521119866492,-0.513628065572882,0.273318375122022,0.391364855997454,0.096782640980204,-0.757345890524632,-0.479306595156048,-0.695948819869541,-0.347003611833453,-0.282966506170274,-0.685532410236302,1.60605013373557,0.828018383944159,-0.384955238197026,-1.14376318756356,0.0253926798671339,-0.555802103920807,1.01019713608361,-0.56483202898557,-0.0678350273242204,0.00363114460935477,-0.436793582209915,3.71358245448268,0.941863143648461,2.19463238314561,-0.846236538581561,-0.144128827929804,"Male",1
-0.0323605248588115,0.71349888886145,0.454037519334863,-0.0226875273215879,-0.692754931648438,0.0649273396401542,-0.260086607835574,-0.481143853054776,-0.332059300785477,-0.276816700937063,0.672048462866381,-0.479306595156048,0.165792255825192,-0.347003611833453,-0.714911633207752,-0.685532410236302,-0.116059406012314,-0.259764215654238,0.559771277029288,-0.184635145986286,-1.06697671175622,-0.743946104872304,-0.229011217818162,0.167858109624101,-0.0678350273242204,0.727096577895528,-0.0366078197021984,-0.877450152829227,-0.568303389958071,0.274351697701309,-0.0528192169593234,-1.7869486340668,"Female",0
0.13740924586915,-2.00459211632502,1.32815288261156,0.149782958495259,-0.510263101190382,-2.31141329118957,-0.696408998588486,-1.06900558920516,-0.380451332176251,-0.105202048104804,-0.757345890524632,-0.479306595156048,-0.695948819869541,-0.347003611833453,0.872520773728169,3.63858119505761,-2.32381546383477,-2.16737411893834,-1.72389400913391,3.11118304605915,2.04898149383598,0.939266157408137,-1.06740703042609,-0.56483202898557,0.684517093908044,0.909701919649195,0.450741508253608,-0.797938999951472,-2.07456184686196,-1.16149986548423,1.57253391956472,0.441138107586666,"Male",1
-1.03314672261619,0.71349888886145,-1.08028558142341,-1.04638076724515,1.36515608729052,0.857040883250062,0.524598144995176,0.273318375122022,-0.562838088280886,0.096782640980204,-0.757345890524632,-0.479306595156048,-0.695948819869541,-0.347003611833453,-0.714911633207752,1.16183148852133,1.67997751710785,2.11429688453626,0.952503182607248,-2.26137550204968,-0.649937501180674,-1.28999092344692,0.467039996412855,-0.56483202898557,1.06069315452418,-1.48028336858352,-0.388556379698615,1.77183892065758,1.84916022307932,-0.27583170916698,-1.75644396904707,-0.809726519301476,"Male",1
0.362386999280764,1.05326026450976,-1.70320116179685,-0.0946237946030826,0.231561034485164,1.25309765505502,0.765339816927335,0.273318375122022,-0.0665869926436509,0.096782640980204,-0.757345890524632,0.408884574340157,-0.29658812414907,0.424450116984173,0.318810784620278,-0.403949827475802,0.859310563262868,1.27626691317822,1.15279437345757,-1.55356822568661,-0.741986277185916,0.714176539222362,0.599530801135211,1.26689331753861,-1.94871533040488,-1.18045325437764,-0.443463069468877,4.30666856360212,1.78048575227567,2.11108996658594,-0.871535162570917,0.263715435511643,"Male",0
-1.71125141059903,-0.305785238083478,1.12950377954551,-0.415153142269101,1.49099155543993,1.25309765505502,-1.40780706378835,0.0317762577946542,-0.459314738462612,-0.953261539626103,1.37822607056819,-0.479306595156048,-0.695948819869541,-0.347003611833453,0.618111076722547,-0.685532410236302,0.835905324143263,0.578788800834833,1.27895535039139,-1.7394145612698,0.838457717974354,-1.16182363457945,0.945644993328482,-1.29752216759524,-0.0678350273242204,0.976017327251173,1.32061934380466,-0.348625380011113,0.158305754202512,0.425972376440881,-0.291932244493083,-1.03561705839296,"Male",0
0.885587858185242,-0.645546613731787,-0.00813133836146519,0.93563049918103,2.67847748301339,-0.727186203969754,-0.363988195330748,-0.488437258053268,0.152382843465135,-0.414351635552551,-0.757345890524632,-0.479306595156048,-0.695948819869541,-0.347003611833453,-0.714911633207752,-0.685532410236302,0.225285942053839,-0.193869877707083,-1.76563915331153,1.15999080881218,1.59093962333403,1.53943314365673,0.344862856843895,-0.56483202898557,-0.0678350273242204,0.194627415869389,0.0715306220319779,0.0583730652372814,-0.192103966370521,-0.777369040958656,0.8234387957614,0.495577671777787,"Male",1
-0.854367630569528,0.0339761375648314,-1.01516750674911,-0.526761769746774,1.17591461946502,0.460984111445108,-0.591823659369123,0.273318375122022,-0.158159888203923,0.096782640980204,0.584049143273266,-0.479306595156048,-0.695948819869541,-0.347003611833453,0.122386325192725,-0.115339393232073,0.251687206185555,-0.248390041579965,1.08457544687927,-0.996780273426954,-0.632226741877106,-0.552383833613261,0.578336216072533,-1.29752216759524,-0.0678350273242204,0.635428570890897,-0.774429438871962,0.574692280866018,0.564873009417585,0.976890747987311,-0.920923888814344,-0.780083966345597,"Male",0
0.766119957462935,1.05326026450976,1.4832667178136,-0.50102931470561,-0.223783808782126,0.0649273396401542,2.08208300213452,-0.176963843599371,1.19537283532192,-1.28188243021022,-0.330796464433344,1.04581319782723,0.846978058517225,-0.347003611833453,-0.182407852256762,-0.685532410236302,0.624841922821556,-0.119541064502689,-0.263201897590321,-0.376724568100353,0.0942887633431084,-0.309342612962457,0.864750670809016,2.73227359475795,-0.0678350273242204,-0.907079414233681,-0.565527653692411,-0.852493388953104,0.890181334702415,0.0869091702987008,-0.566811498956751,-0.533277492821654,"Male",0
-1.06317017809269,0.0339761375648314,-0.566085452110232,-0.994965337098028,0.208644109704992,1.25309765505502,-0.817160058623511,-1.21972266590155,0.837053902901278,-0.265753282371065,3.48569840059399,-0.479306595156048,0.156721297133663,-0.347003611833453,2.81642922994093,-0.685532410236302,0.192143049639928,-0.292974961979606,-0.53855961527588,-0.198789103405218,-0.243664656654839,0.157197977657742,0.470192954853345,-0.198486959680735,1.06069315452418,0.00450986554186873,1.05376788380624,-0.120980984636369,-0.548606444527958,-0.790379123224223,0.133603493330901,1.61846173267489,"Female",0
-1.56421666881657,0.0339761375648314,-0.019445141487446,-0.427119612564879,0.812551718268511,0.857040883250062,-0.69168814020155,0.273318375122022,-0.93170148027527,0.096782640980204,-0.265773686065766,-0.479306595156048,-0.695948819869541,-0.347003611833453,-0.714911633207752,-0.0586677702005616,0.000459918819224862,0.352643296615871,1.46813501902011,-0.89302345388011,0.113865333403967,-0.0743407247921542,0.214310671417387,-0.56483202898557,-0.0678350273242204,0.0987660806901755,-0.477460893464794,-0.138792094018503,0.845918493142567,0.693392103133158,-0.673856236791437,-2.23526383872508,"Male",1
0.865106125133368,0.71349888886145,-1.03232825292396,-0.618840028593328,-0.692754931648438,1.64915442685997,1.53466252561815,-0.443039700116554,-0.088010892013775,-0.372282317421112,-0.757345890524632,0.733856876535182,0.122269979274946,-0.347003611833453,0.13225347285063,-0.685532410236302,-0.835746933141535,-0.377502088780227,-0.87157719043796,1.48596073724816,-1.25155099255781,-0.274305967817065,-1.39926159209651,0.900548248233772,-0.0678350273242204,-0.627811948115438,-0.635670977060834,-0.00403211288654729,-0.821413896451302,-0.0390043506847669,-0.368450152051384,-0.304320991403751,"Female",0
2.95785404771338,2.7520671427513,0.0604237776939281,2.28685047541612,-0.196985458904051,1.25309765505502,0.832545867361987,0.832473035689321,1.18086565424579,1.20125232283476,-0.757345890524632,0.467630464219252,1.8587001509154,3.3541495601945,-0.714911633207752,-0.685532410236302,0.168668648836908,-0.881647441851982,-0.653202123969737,0.424952179119455,0.9338432186731,0.405248411086963,0.830359157444447,3.83130880267246,-1.94871533040488,-0.180591948342159,-0.957367637310598,0.37342411294463,0.589402780181632,1.02259258571058,2.01916288623029,-0.304320991403751,"Male",0
-1.05044218032434,-0.645546613731787,1.89468611480253,0.150671761464564,-0.692754931648438,-0.727186203969754,-1.06437096993239,1.89866862986502,0.035250660955487,0.320346124771706,-0.757345890524632,-0.479306595156048,-0.695948819869541,-0.347003611833453,1.97608340956599,-0.685532410236302,-0.729344562034037,-1.30019000294181,-1.62024753351702,1.82151801652051,2.5494209615635,0.931366821009613,0.270022245733084,-0.56483202898557,-0.0678350273242204,1.53624262601691,0.749788599398173,-1.06842064053611,-1.43712598988222,-1.2384917687349,1.66503413279025,1.61626593968965,"Male",1
1.20689623936901,-0.305785238083478,0.278804591746739,-0.221789082284609,-0.176328397539702,1.25309765505502,0.0539617190288164,0.459784938089466,0.87584058538662,3.04576918870954,-0.757345890524632,-0.479306595156048,0.794916108633002,-0.347003611833453,0.0568921597350006,-0.15994038075849,-1.20101487469286,-1.0267439898785,-0.492320872909747,1.59720047509634,0.133682106778455,0.223837744602828,-0.616577900125314,0.167858109624101,-0.0678350273242204,-0.229750126862642,0.431338607422963,-0.973355952854451,-1.15439784882027,-1.09711586504271,0.597039654548128,0.166513462685192,"Female",0
0.108431969224825,0.37373751321314,2.00794969140065,1.71178382676113,-0.67633872394167,0.0649273396401542,-0.18482142816252,0.273318375122022,0.264426833157409,0.096782640980204,-0.381329838606478,-0.479306595156048,2.47770208203609,4.03200379474813,0.223924323879332,-0.685532410236302,-0.422268051984766,-0.556037944533215,-0.482156870194602,0.838886103188662,1.73550658471375,0.672860054863362,-0.0189295762774365,0.900548248233772,-1.94871533040488,1.99062163950732,2.48748994041026,-1.19152628157455,-2.0428980818048,-0.385444403008598,1.34620556638436,0.513954625192567,"Male",0
0.66128989420943,-0.305785238083478,0.754153538119573,1.01209716829266,-0.692754931648438,-0.727186203969754,-0.125698207550195,0.743087305009101,-0.799123036902975,0.476181642213331,0.177173138044757,1.74826404529095,0.0552443280312726,-0.347003611833453,-0.714911633207752,-0.685532410236302,-1.92535224864566,-1.12288430755694,0.899410854062621,1.29299863123428,-0.138935660194889,-0.081793953146492,-1.2509812298658,0.900548248233772,-0.0678350273242204,1.74386732782377,1.01966266850578,-1.03353508831593,-2.14262950342999,0.460583500194737,0.82012719514583,0.0132267191055024,"Male",0
-0.688269130561677,-0.645546613731787,1.39252047360538,0.554553901795173,-0.692754931648438,0.460984111445108,-1.05791778057476,1.04867678746116,-0.422344301232612,0.434475838598425,-0.757345890524632,-0.479306595156048,-0.695948819869541,-0.347003611833453,1.85251731066309,0.18866657756865,-2.13984412596572,-0.892914668557922,1.77037786280661,0.844415329624781,0.815026159053018,0.670879038337285,-0.79560373441768,-0.56483202898557,-0.0678350273242204,1.32410324714209,2.44758213774421,-1.19223571691201,-1.98437088925015,-1.17906080243796,1.02899073592318,0.825780465001818,"Female",1
0.184159332835664,0.0339761375648314,-1.27242990677498,-0.177268763156689,3.66565801555496,0.460984111445108,-0.212030745177345,0.613391659191321,-0.629732886353681,0.731398289231989,-0.193584760935462,-0.479306595156048,-0.695948819869541,-0.347003611833453,-0.714911633207752,-0.685532410236302,0.168212954243171,0.733074529387332,-0.731715697774841,0.475453959096595,-0.556803315044547,-0.104512995189406,-1.08248335842338,-0.56483202898557,0.684517093908044,-0.868865002557664,-0.457446234752125,2.91976783158275,0.0728803930990833,0.337602688540683,-0.332613615845963,-0.442899926472482,"Female",1
-1.25038934972134,-0.645546613731787,-0.941873478693912,-1.31771126998911,1.84655212387159,0.0649273396401542,-0.508304163105393,-1.01612616030742,-0.0996017640118783,-0.161814424722421,0.464136556918599,-0.479306595156048,-0.695948819869541,-0.347003611833453,-0.714911633207752,1.39135245776092,-0.29031200924895,0.329810397142052,0.36479840470402,-0.0623964228227902,-0.635383393470642,0.514018547954222,-0.417087170827183,-0.56483202898557,1.81304527575644,-0.90286935193039,-0.160011565468719,0.0128064459728401,0.329581478205904,-0.973741349295332,-0.714633867282215,0.107530423099581,"Male",1
-1.12503000750678,2.412305767103,-0.287290094841265,1.64497746876018,1.26027632461733,0.857040883250062,-0.599530507753541,-0.321809871999255,-1.35463830182463,0.00442165424444033,-0.193584760935462,-0.479306595156048,0.663553184862841,2.27917593493879,-0.0111129297131065,-0.685532410236302,-0.64094874603704,-0.234759388001341,-0.46318163186165,1.03963268138966,2.33943386123158,1.05978167425742,-0.64536177533099,0.900548248233772,-1.94871533040488,2.27313687948237,2.06012578739671,1.74019305809002,-1.88446538084043,-0.114203289552951,1.40713929620765,1.05229384663751,"Male",0
-0.351828314567526,0.0339761375648314,-0.674010713283211,-0.168051745692206,-0.486184318004944,0.0649273396401542,0.48325141302684,-0.417455483143749,-0.471367122943941,-0.266513666765037,1.53293369843144,-0.479306595156048,0.88204457848055,-0.347003611833453,0.918906785619137,0.427084483333627,-1.2044720730179,-1.52911380430494,0.40116239279643,0.705961265633474,0.479972617658949,-0.584004884727217,-0.326887479077959,0.534203178928937,-0.0678350273242204,0.742212493080211,-0.490452377899646,0.526820717211297,-0.53449271005545,-0.550821485211278,0.157818464830249,-0.760949941384323,"Female",0
-0.861983460652914,-2.00459211632502,-0.089279247746032,1.57310482706956,0.0699673341121566,-2.31141329118957,-1.0417154296236,0.273318375122022,-0.900682251843135,0.096782640980204,2.25078252482066,-0.479306595156048,-0.695948819869541,-0.347003611833453,-0.714911633207752,-0.685532410236302,-0.237230541632841,1.38053272039095,0.458150732344238,-0.124428013681877,-2.39748719902983,2.03183739175267,-1.49611781167798,-1.66386723690008,-0.0678350273242204,0.956407267353945,1.63728023143784,-0.82658101405225,-1.37944430948755,-1.26569970925688,2.02772073968843,-3.2144786278471,"Male",0
1.12721936148298,0.0339761375648314,1.15343598736673,-1.54810684244462,-0.692754931648438,0.0649273396401542,0.438038450639974,-0.903225486698393,2.57431323375028,-0.690915424911645,-0.107202007208067,0.682982279335249,0.47991077696553,-0.347003611833453,0.908366021626727,0.419906309826739,0.679998407530999,-0.943352077518046,-0.774215544900216,-0.262710201426197,-1.17439927705242,-0.927852421214557,1.39054374850203,-0.198486959680735,1.06069315452418,-0.798772166270007,-1.13001524066918,-0.536605702629951,0.612159688827526,0.265895929079293,-0.647829740877478,-0.916985756970772,"Female",0
0.0916260123804802,-0.985307989380096,1.89096927116098,-0.1915432565098,-0.692754931648438,0.0649273396401542,0.151242713328843,1.63628024793342,-0.480664353179904,0.279394227998207,1.05022903170078,1.13643130211884,-0.695948819869541,-0.347003611833453,-0.714911633207752,1.61953039168886,-2.42670278669388,-1.64155961769698,-0.462278490384366,2.43828992279098,0.554996564595919,0.0155712083858303,-1.98142487414613,-0.56483202898557,-0.0678350273242204,0.267093746711716,0.281519816592122,-1.24093526617587,-1.86928490747789,-0.923002080033919,0.561346922754918,-1.40035438694735,"Female",1
-0.389246916445036,2.7520671427513,-0.252426583014923,-0.354048189475622,-0.368814651162049,3.23338151407979,1.29091387182633,0.273318375122022,-0.35168548605448,0.096782640980204,-0.757345890524632,-0.479306595156048,0.204091859189412,-0.347003611833453,-0.248970824875646,-0.685532410236302,1.19989412210044,1.73403371478187,0.819348255859158,-1.55914167755805,-1.19885244789904,-0.116641064662809,0.0599689766464915,1.63323838684344,-0.0678350273242204,-1.03057457513019,0.0432944733569425,-0.430869570482603,1.20731201139668,3.31357362412462,-1.37824646486576,-0.304320991403751,"Female",0
1.40348633674562,1.05326026450976,0.550983054868451,0.688930064159789,-0.692754931648438,-0.727186203969754,-0.0233789855691821,0.273318375122022,0.686340307901382,0.096782640980204,-0.757345890524632,8.36626339892664,0.89495778141304,-0.347003611833453,0.108682594285987,-0.40510196570314,-1.26811055020559,-0.542907117017946,0.939480350727459,0.323725894207568,-0.988157788106946,-0.318173453146402,-0.109655324562437,0.900548248233772,-0.0678350273242204,0.166024813245521,0.758962116374998,-0.96080610909873,-0.975088132536478,-0.77702637948862,1.06263691364287,-1.03339637393284,"Female",0
-0.829931165086702,-2.34435349197333,1.28417293712067,-1.90539017958395,-0.692754931648438,0.0649273396401542,-0.191226232980452,1.3705764893348,1.40974592828256,0.705896927044553,-0.757345890524632,-0.479306595156048,-0.695948819869541,-0.347003611833453,0.193420628522709,-0.0669656174212589,-0.266622781544338,-0.827364245360649,0.10381786922491,0.266809669162656,0.0131555415746489,-1.09962766302889,0.32714169376795,-0.56483202898557,2.18922133637257,0.0351842050976291,0.177497785274353,-1.17726209722154,-0.505450007350287,-1.00806513074427,-0.293814683347595,-0.00196695125379154,"Female",1
1.47685637545546,1.73278301580638,0.45343108695124,0.00606093785339241,1.19589067880637,0.857040883250062,1.34517461660564,-0.117183334904025,2.93795711393488,-2.48310422100616,-0.757345890524632,-0.479306595156048,4.50771249374752,-0.347003611833453,-0.714911633207752,-0.685532410236302,-0.988474909143009,-1.72129780929486,0.390650319150873,0.895096616432179,0.596153210385029,1.71422996275805,1.39666059228008,2.73227359475795,0.684517093908044,-0.0189455858162799,1.21709093629686,-0.199123438602044,-0.694955427583125,-0.949499319406829,1.54571623559141,0.458812322262412,"Male",0
0.254841816120854,-0.645546613731787,-0.441115555822444,-0.374279602231621,0.546668750212528,-0.3311294321648,-0.625489606974396,1.72065407815507,0.00564968694405286,0.343305135521617,1.16212652688617,-0.479306595156048,-0.695948819869541,-0.347003611833453,-0.714911633207752,-0.685532410236302,-0.197285936223537,-0.59029021479718,0.676489731210402,-0.223053030409099,-0.135036771655496,-0.859918465247168,-0.0833483113550535,-1.29752216759524,1.06069315452418,-0.258729819527005,-1.48177481519243,-0.46956153993303,0.702027249008212,-1.05448495446378,-0.706721190481287,-1.62489672558813,"Female",0
-0.193483790617218,-0.305785238083478,-0.74877373605046,3.33391589887448,-0.692754931648438,0.460984111445108,-1.29742862477044,3.28263023291352,-2.26844078861064,0.047669447005957,-0.757345890524632,-0.479306595156048,-0.695948819869541,-0.347003611833453,-0.714911633207752,1.01093295223668,-2.23294864008198,-0.478429030568784,1.24905538247592,1.37300086105748,-0.732191382592466,1.23990151792185,-1.74552322505462,-0.56483202898557,-0.0678350273242204,1.36168564560269,0.374592544845128,-0.0582718485766624,-1.57439080279061,-0.241012820899065,4.50532113953571,-2.73478231414765,"Male",1
0.0252273631962572,-0.645546613731787,-0.773078408925332,0.175777651268005,-0.692754931648438,-0.727186203969754,0.0504090311643378,-0.685052563372832,-0.726719221675564,-0.105952574434454,-0.757345890524632,-0.479306595156048,-0.148626785306677,-0.347003611833453,-0.714911633207752,0.0862829123302357,0.496251481383795,0.648607042227848,-1.0239128162305,0.324142242315834,1.22232247603896,0.375529105994399,-0.208043290624589,0.900548248233772,-0.0678350273242204,-0.630466942360757,-0.628413749769758,-0.249969491470885,0.734507204516017,-0.108146714921495,-0.130467579550143,-1.23719382259813,"Male",0
1.79675675489504,2.7520671427513,-0.898345691795423,1.04341793701951,-0.604224668658369,1.25309765505502,1.79056198475976,0.273318375122022,0.904145034308406,0.096782640980204,0.240399672980978,-0.479306595156048,4.11614986024764,1.97690526928309,0.945867485599802,-0.685532410236302,1.50403553488021,1.23444535292849,-0.691557447406222,-0.996735970171496,-1.05006836179846,0.638901639561555,0.626907281200967,3.09861866406279,-1.94871533040488,-0.901118632952786,0.261792444842844,1.00455729012777,0.848596337161569,1.84856413038389,-0.438968208017826,-0.807072476769379,"Male",0
2.02736434846515,-1.66483074067671,-0.845772700265281,0.653745534490922,-0.692754931648438,-0.727186203969754,0.374139439063269,-0.52203993645128,-0.317986544290319,-0.261532838265337,-0.757345890524632,-0.479306595156048,-0.695948819869541,-0.347003611833453,-0.714911633207752,-0.685532410236302,-1.52292419611549,-1.197424632934,-0.69281590317994,2.14521206915049,0.0342783429696419,-0.392186269240814,-1.44089582156955,-0.56483202898557,-0.0678350273242204,-0.341829367046153,-0.313593485823001,-0.217611467784528,-1.28439660595871,-1.09467654187711,0.376432824727998,0.727853145659902,"Male",1
-2.13740868007351,-0.645546613731787,-0.478250053128335,-1.784942876445,-0.569582391836168,1.25309765505502,0.123756930968353,-0.116348929540722,-0.671576260446073,-0.433236692821681,-0.0190872684435634,-0.479306595156048,-0.695948819869541,-0.347003611833453,-0.484501343373191,0.255912653553635,1.68883145562009,2.15272887249571,-0.17626576976988,-1.49970888199797,-2.10194424491279,-1.42214111440713,-0.739724529776332,-0.56483202898557,1.06069315452418,-2.35339774088703,-1.07280214492775,-0.334516129122994,1.71259677378514,2.89522246430902,-1.87961496855941,0.157166754088292,"Female",1
-0.208719791717178,0.0339761375648314,0.105861924962424,-0.0538205974188025,-0.578346591784349,0.0649273396401542,-0.572150021177462,-0.321809871999255,1.12388335884792,-0.919679905946986,-0.193584760935462,-0.479306595156048,0.663553184862841,-0.347003611833453,-0.714911633207752,-0.685532410236302,0.191331859965462,-0.373021376199723,-0.194647565948462,0.0918124279373136,0.318803273131957,0.914244840576569,0.928275923801632,0.534203178928937,-0.0678350273242204,0.477707232602353,0.78540577618211,-0.753773661712917,-0.376346505837855,0.568262551873402,0.953668464648585,-1.09293513736189,"Female",0
-0.800198211240707,-0.645546613731787,-1.44221689516588,-0.132132801137025,-0.521799941046926,-0.727186203969754,-0.876659629874918,-0.598642068918378,-0.925478024135363,-0.0754648129317807,-0.757345890524632,-0.479306595156048,-0.695948819869541,-0.347003611833453,-0.714911633207752,-0.685532410236302,2.08736637803423,3.01701807931398,0.776724892767234,-2.36689694147887,0.436397348341031,-0.89139606008066,0.0435227304823798,-0.56483202898557,-0.0678350273242204,-1.11737547715376,1.18499654199267,1.96097598222825,1.45961858083035,1.79332769864538,-0.944952964689561,-2.75254884428467,"Male",1
0.469976744406016,-0.645546613731787,4.70392377656938,0.839745922747857,-0.554078156055603,0.460984111445108,-0.698014808846298,0.981332845490933,0.300811746303524,0.693231312062115,-0.0866483736256827,-0.479306595156048,-0.695948819869541,-0.347003611833453,-0.714911633207752,1.59523965778061,-1.81112696911876,-1.27644039060079,1.48391375205383,0.694629413474271,0.249207510779774,-0.0329553673147103,-0.323060370692593,-0.56483202898557,-0.0678350273242204,0.441247327883908,0.969561458334701,0.846423853872347,-1.15296339102168,-1.20327638506139,1.6376776914303,0.193596345064133,"Female",1
-0.7949740641874,-2.00459211632502,0.656396425344907,-0.521805014421126,-0.431823630204024,-0.727186203969754,-1.21957460500621,1.98565920687943,-0.707881636633522,0.212691462975114,-0.757345890524632,-0.479306595156048,-0.695948819869541,-0.347003611833453,-0.714911633207752,-0.685532410236302,-1.52988695197868,-1.32625015398997,-1.02010615588584,2.37204800750375,1.63173882896758,-0.385337589756685,-1.39975564361627,-2.39655737550975,1.43686921514031,0.63747978120435,-0.85826488616573,-1.11619696407796,-1.17446995002561,-0.488750179911044,0.346940953114368,-1.80633783601967,"Female",0
-1.61527886970308,-0.645546613731787,-0.98488383702879,0.708031772944451,1.6208359411587,-1.91535651938462,-1.31338663053589,0.273318375122022,-0.598961425769465,0.096782640980204,-0.757345890524632,-0.479306595156048,-0.695948819869541,-0.347003611833453,-0.714911633207752,3.45986279000009,-1.98613346205587,-1.22238483999099,0.929026736073368,1.11661577801222,4.26283518178555,1.08618956746564,0.382343968143764,-0.56483202898557,-0.0678350273242204,3.05995364738746,3.64761480136296,0.243610426017685,-2.73672850967038,-0.822031037248528,0.933603419448478,0.661986177453889,"Male",1
1.09523123158868,-0.645546613731787,-1.0843298298196,-0.834643478420723,0.347748900037311,0.0649273396401542,1.42820926899623,-0.682719887431916,0.613257603660677,-0.417446644142009,-0.757345890524632,-0.479306595156048,1.21501566253609,-0.347003611833453,-0.714911633207752,-0.236402655033763,0.0208034177569989,0.0834425140646589,-0.23151380894244,0.285895823779361,-0.780935296835065,-0.623524429587314,-0.372814845060364,0.167858109624101,-0.0678350273242204,-1.45431026481179,-0.693386383616846,1.3679837725302,0.390812929699275,-0.69812000947604,-0.88829610415803,0.261353677975168,"Female",0
-0.80640060179118,0.71349888886145,-0.924238240508936,-0.538664025799012,-0.692754931648438,0.857040883250062,-0.793179974881848,0.620678943849954,1.09530451954646,1.82001858570531,-0.757345890524632,-0.479306595156048,0.414958532568921,-0.347003611833453,-0.1398075497807,-0.685532410236302,-0.00207429990559512,-0.477310418726502,-0.265233663274214,0.336311366787061,1.50693405893454,-0.0670892379571878,0.726284121785984,0.167858109624101,0.684517093908044,0.530404258601689,1.4608252792671,-0.0954419179288479,-0.812188276765651,0.72914170509402,0.668762555527008,1.52116994273472,"Female",0
0.955918689701542,0.71349888886145,0.568959419056009,0.741339429104631,0.592573331022194,-1.12324297577471,0.381040255956993,-1.08183034045669,0.461471505894593,-0.241145634983983,-0.757345890524632,1.81565869842547,1.62581216751183,1.14799509512685,-0.714911633207752,0.951502636990808,-0.597876899388821,-0.0303385981252302,-0.978121359371142,1.17711980186693,0.257884049456767,-0.0282683800922709,-0.781045799636952,1.99958345614828,-0.820187148556485,-0.0587384522789964,1.35243290218975,-0.696218479870141,-1.44923850127437,-1.10887826590845,1.26112708601269,0.753918149121106,"Male",0
-0.68863584289998,0.37373751321314,-0.972248130346504,-0.62027343789511,1.76526178195818,0.0649273396401542,0.476453525101754,0.108878069818,-0.503239482831685,-1.38632964564028,-0.393875008959014,-0.479306595156048,-0.257696370192504,-0.347003611833453,-0.714911633207752,-0.685532410236302,1.24796383060575,1.44339705216486,0.161632245803587,-1.16309605267913,-1.29241731213089,-1.00647391303296,-0.246000559831248,0.167858109624101,-0.0678350273242204,-1.20557245191005,-0.77029287050716,0.481117605364066,1.18567612497559,1.2490940241961,-1.53714941645935,0.444005257967398,"Female",0
-0.811453106677167,-0.645546613731787,1.47928059440264,0.807432363655188,-0.692754931648438,-0.727186203969754,-0.987319403243758,-0.66601208115108,0.617293052598555,-0.427546464293036,-0.31243506529698,-0.479306595156048,0.376947353843096,1.72553322695479,-0.714911633207752,-0.685532410236302,-0.0471552182691279,-0.250477914253474,-0.151522061985581,0.30512927463567,2.83708291041255,-0.128126587409147,0.55927969118677,0.167858109624101,-0.820187148556485,0.83432503171925,2.84972056697026,-1.14409284358153,-1.30536501624583,-0.589623750708743,1.35055972997651,1.31306603159021,"Male",0
-0.17394537712756,-1.32506936502841,0.518338914333807,1.25527132842676,2.30492095006181,-0.727186203969754,-0.785870879739525,0.273318375122022,-0.633770075562734,0.096782640980204,0.514228897034575,1.79393978397519,-0.695948819869541,-0.347003611833453,0.0788045702602083,-0.685532410236302,0.492023494959179,0.249484688961604,0.168868778010523,-0.655466316278492,1.59322412144127,0.775135501127679,1.03592458285551,-0.56483202898557,-0.0678350273242204,0.35747986737537,0.0913468678677881,-0.357067875648102,0.856598118430141,-1.06093350884097,1.21652248423601,-1.230280239363,"Male",1
2.64300819584512,2.07254439145469,-0.396254939530494,-0.115549101021465,-0.692754931648438,0.0649273396401542,5.77475267371299,0.556316976273735,1.18887804176653,2.28529959996316,-0.757345890524632,-0.479306595156048,3.37686095687767,0.527166954247615,-0.480639718403899,-0.685532410236302,0.751244203301151,0.382109217165881,1.13555243164596,-1.31892854919616,-1.54686213237319,-0.736730963101904,0.699322980404136,3.83130880267246,-1.19636320917262,-1.98800703062813,-1.48965491794864,-0.281629644297297,1.96512471633471,2.48349615287423,-1.94381871440073,0.570723288549897,"Male",0
0.204532916020725,0.0339761375648314,-1.57766946517361,0.632818605458535,2.3882982887969,0.0649273396401542,-0.351183729229091,0.273318375122022,-0.767932674060879,0.096782640980204,0.335036786050625,-0.479306595156048,-0.695948819869541,-0.347003611833453,-0.714911633207752,-0.685532410236302,-0.156328865923419,0.0679931498422707,0.4795075703939,-0.0643840443376434,0.407513884316817,0.1230608612709,-0.20918788130763,-0.56483202898557,-0.0678350273242204,-0.0396012108630789,-0.282949501509638,4.33629915388465,0.292558955514769,0.0892189612505793,-0.170292991648806,-0.0815338039248328,"Male",1
-0.280439458263328,0.71349888886145,1.23063482980188,-1.02239462141788,-0.447594203368247,0.857040883250062,-0.629825662163049,0.273318375122022,0.327251342642733,0.096782640980204,-0.757345890524632,-0.479306595156048,-0.695948819869541,-0.347003611833453,-0.0492819070190214,-0.685532410236302,-1.40423960163016,-0.99565753866188,0.282835129956045,1.33073696180246,-0.695610301652097,0.0760604836368396,-0.833007971670829,-0.56483202898557,1.06069315452418,0.00369739737807477,0.410998926327346,-1.07960024902397,-1.27662539409857,-0.35921591956935,0.263103709662891,-0.513826153082462,"Female",1
-1.37247973251832,-0.645546613731787,-0.771654561028423,0.441471052690746,-0.301357979481817,-2.70747006299452,-1.17797963967832,0.273318375122022,-1.089018181503,0.096782640980204,0.0104430764396906,0.206997311686431,-0.695948819869541,-0.347003611833453,-0.235658230351859,-0.0327971660086025,-0.134314440637104,0.586582660939048,-0.329234282316858,0.360898812817661,1.83716282933253,2.41050209732401,0.0754031461235804,-0.56483202898557,-0.0678350273242204,0.68600816133129,0.948691339523409,-0.353625663350445,-0.00810268732152106,-0.278662204892624,0.538833585543781,-0.6738648182537,"Male",1
0.897824672457055,-0.985307989380096,-1.24538053562305,-1.61408056777831,0.208644109704992,-0.727186203969754,1.64884326854928,-3.66665103869017,2.54597791680635,-0.13684201618446,-0.757345890524632,-0.479306595156048,3.80425457542522,-0.347003611833453,-0.714911633207752,0.900976863928239,0.388698814372433,-1.58409397652999,0.886015567361913,-0.931649565318764,-0.886714914150938,-1.85095499935964,2.14358185605357,0.167858109624101,1.06069315452418,-0.112079315962401,-0.463052642208856,0.529098853716871,0.346962280843345,-0.83092417321306,-0.798944666429776,2.02380511775093,"Male",0
2.42804376209854,1.39302164015807,0.853969895166445,2.08944964068949,-0.424771432867689,0.857040883250062,1.55909292873731,-0.538271738728284,-1.43571262365505,0.0512213930705677,0.318993782789825,-0.479306595156048,0.601840143259505,3.41344707429906,-0.714911633207752,0.229516997559527,-0.031029417502349,1.40269450560847,-1.21191304695038,0.865573376786878,-0.158612293945076,-0.322721091616108,-2.41454669979716,0.900548248233772,-1.94871533040488,-1.70518131853215,-0.045885264509174,-0.763543448679267,-0.0652806548764675,-0.812993297447174,-0.127717188898923,0.097080061898781,"Female",0
-0.273943428779473,-1.32506936502841,0.716842089326857,-0.480342319282486,-0.692754931648438,-0.727186203969754,-0.107051199745935,-1.01612616030742,0.309709434150078,-0.232249423162825,-0.757345890524632,-0.479306595156048,0.77684501859055,-0.347003611833453,-0.714911633207752,-0.166311193236999,-1.14185837002003,-1.84205500080753,-0.435209333329029,1.55115472293536,0.823960920156864,-0.274305967817065,0.0880311029684718,0.534203178928937,-0.0678350273242204,1.48423597403509,0.116177770294444,-1.16230912756961,-1.61706841718749,-1.2106025844703,0.537362061599602,1.73939451830146,"Male",0
-0.747281778911489,0.37373751321314,-0.0209506451374858,2.87060399840758,-0.692754931648438,-0.3311294321648,-1.15208461252636,0.273318375122022,-2.53869390387862,0.096782640980204,0.829619493948854,-0.479306595156048,0.579699386670685,-0.347003611833453,0.605865461276972,0.213905918423899,-1.05508662413321,0.931304479658634,-0.221606694612975,1.07528996126581,0.67572830877265,2.92865033248203,-1.50836139423414,0.900548248233772,-0.0678350273242204,2.18734952878141,2.00057193910374,-0.652237063565858,-1.82837518311039,-1.21015842338756,2.71074482943,0.77939742216745,"Male",0
0.967203603673541,-2.00459211632502,1.1640940365089,1.14278777688883,-0.692754931648438,-0.727186203969754,-0.861645205504181,-1.56874524692004,-1.79452940891032,0.119931008035212,0.115141571934822,1.08047501130412,-0.695948819869541,-0.347003611833453,0.374300646010182,0.797956781190281,-2.50147020654528,-1.59598158133541,0.634930887676216,1.85849779831787,0.219375418796895,-0.950012695621029,-1.81518239294016,-1.29752216759524,0.684517093908044,0.726424759442874,-0.219194994560825,-1.16900062201341,-1.62700030440889,-1.05791088164113,1.20204277681836,2.27697021704067,"Female",0
-0.761220779181439,-1.66483074067671,-0.793444107923101,-0.919224572740992,0.0922134001968401,-0.3311294321648,0.0694819574956312,0.273318375122022,-0.0948508304617842,0.096782640980204,-0.757345890524632,-0.479306595156048,-0.695948819869541,-0.347003611833453,-0.714911633207752,0.742325936511788,0.683331072367982,0.858734513453048,0.169341968707309,-0.722485527905671,-0.307030922904454,0.100148177174297,0.0840848664544445,-0.56483202898557,-0.0678350273242204,-1.23993746508755,-0.60018831934126,-0.107589249871779,1.27900782227612,0.146152663415587,-1.02510209630417,-2.52158395250345,"Female",1
-0.0312467672024887,2.412305767103,0.904130541788545,1.06531171928009,-0.125307944772333,1.25309765505502,1.15536280079222,1.15944227493817,-0.591699177938686,0.34985687101291,2.18062209530823,-0.479306595156048,0.012538012042747,2.39019518691606,-0.714911633207752,0.81309442600075,-1.06153758483325,-0.0282733720986564,-0.15383899980932,0.956140809833983,0.815026159053018,0.272694716595664,-1.57771789833506,0.900548248233772,-3.45341957286941,0.143889608089675,1.66702517752434,-1.03495685682228,-1.46180667001222,-0.77003423327572,0.638570719034235,1.13186069930855,"Female",0
0.350603015120481,0.0339761375648314,-0.0340510758509051,0.0398517107228259,0.154446066079311,0.0649273396401542,0.0106552081708781,0.0372480856952762,0.85326612246544,-2.21133644350584,0.0253516000700541,2.31921419002687,1.19151512844826,-0.347003611833453,0.2622069551392,-0.685532410236302,-0.07195431879423,0.0884112300448784,0.700900508237762,-0.458782185314128,-0.310927230537925,0.57371690934273,0.558207942775836,0.534203178928937,0.684517093908044,0.0542045202204583,0.667215716889882,0.32578694033528,0.00356486951137902,-0.462114580568996,0.313110079060815,-0.67618607344748,"Male",0
-0.460319198923509,-0.985307989380096,0.849110519821841,-1.14345357459032,-0.023859611279028,-0.3311294321648,-0.410651373600759,0.273318375122022,0.671824545177032,0.096782640980204,-0.757345890524632,0.816770926758682,-0.695948819869541,-0.347003611833453,0.190153246286274,-0.685532410236302,0.899618622687615,0.407935051744554,-1.65117923731124,0.308716823040487,-1.03749049571477,0.0206068006729119,0.0644104642657967,-0.56483202898557,1.43686921514031,0.123083456697991,-0.161005052288011,-1.07696045028419,-0.402662983987295,-0.730908615119187,-0.141392791969958,0.922308394254127,"Female",1
0.669292257568334,1.39302164015807,-0.814408094200476,0.981104723032037,-0.0765442875593701,-1.91535651938462,-0.552849447404228,1.69526222371589,1.45147749160708,0.573324247216775,0.028403052275106,0.925409003644334,2.14628490347451,-0.347003611833453,-0.714911633207752,2.98848906677633,-0.304079700668364,-0.0424593322907248,-0.575986877873917,0.405113079802512,-0.67549402665222,1.09027915889815,0.518932437412573,1.26689331753861,-0.0678350273242204,-0.439097751889014,1.21366697293228,1.18554003534874,-0.776691363349114,-0.0806177269719731,2.74086959876027,1.37431441074956,"Male",0
0.0500009269746529,0.0339761375648314,-0.535083136818712,-0.879583450590856,-0.364973462065373,0.0649273396401542,0.385263189986864,0.273318375122022,0.746731763119271,0.096782640980204,0.352073947061433,1.50404873195754,-0.695948819869541,-0.347003611833453,-0.714911633207752,-0.685532410236302,0.0208034177569989,-1.14741535597139,0.234021493399202,-0.162430313705211,-0.0235298601424134,-1.27815406679922,0.730434962646664,-0.56483202898557,0.684517093908044,0.595256212819269,-1.61317288712169,0.0921217292938272,0.432909552600967,-0.844547700648089,-0.78177294373926,-0.423102935748377,"Female",1
-0.128619942171477,0.0339761375648314,-0.139680225772617,-0.0951174970382979,-0.447324499596762,0.460984111445108,-0.217355095216346,0.899999813548701,0.699488660401304,0.911800674347674,-0.757345890524632,-0.479306595156048,1.30826547576687,-0.347003611833453,-0.714911633207752,-0.332247870834727,0.607710502200962,-1.07074553313898,0.0378973983474973,-0.459105186244116,2.34498885941192,-0.456352041562188,1.9971959187451,1.26689331753861,-0.0678350273242204,1.73215222018347,0.0820100174165271,-0.381875678856948,0.0887588107345564,-1.06600227857973,-0.0492289684324176,0.202208909192301,"Female",0
2.31811502610382,-2.00459211632502,-0.189111588605179,-1.89923833334651,-0.0317289679892565,-2.70747006299452,4.3899386872467,-4.90013690380463,1.10520101060124,-0.0193448051664106,-0.757345890524632,-0.479306595156048,-0.695948819869541,-0.347003611833453,-0.714911633207752,-0.685532410236302,0.030483303131644,-0.259764215654238,-1.14237284644528,0.931118305867757,-1.06697671175622,-0.743946104872304,-0.450672162435938,-0.56483202898557,2.5653973969887,-3.4630351112992,-0.844608536030601,-0.421925413682065,0.733407786292832,-0.7597790854968,-1.25880594703,-4.77349164737033,"Male",1
1.42031175432994,0.71349888886145,-0.5424903151044,0.959324055780562,-0.0990190361461793,0.857040883250062,-0.181215131374951,0.273318375122022,1.28079399494777,0.096782640980204,-0.757345890524632,-0.479306595156048,0.818138303781016,1.11539387721805,0.0689140256686884,-0.151753589022075,0.351507705218972,-0.181134411270192,-0.528328330874081,0.10439660130684,0.0342783429696419,1.87700953316627,1.09059646182223,0.534203178928937,-1.19636320917262,-0.978060277739618,-0.51234655922266,0.643974517601619,1.01701658812787,-0.106053163225421,1.54719320481755,1.21565791631844,"Male",0
-0.122576759997521,0.37373751321314,-0.276286385255581,-1.43627006760859,-0.212978022540967,1.25309765505502,0.225587308505666,-0.564312917578208,0.731673989804343,-0.521506429363038,1.62310218618562,0.229964174710662,-0.695948819869541,-0.347003611833453,0.275671187655797,2.01278257574434,-1.15270483825588,-1.66337587629525,1.62093081227416,-0.311686417305825,-1.22027020893238,-0.826753856822144,0.58345468548557,-0.56483202898557,1.06069315452418,0.406940700797533,-0.810252600060734,-0.0685099999735028,-0.179936066827111,0.544918069966504,-0.841346085918229,0.86730091417734,"Female",1
-0.810582234534769,0.71349888886145,-0.28749322151168,-0.0267239463911327,-0.452866477094703,1.64915442685997,0.837036035785814,-0.166537627246918,-1.18365692401436,-0.114435743493016,-0.465674973262508,-0.479306595156048,-0.695948819869541,0.332344570490032,-0.714911633207752,-0.685532410236302,1.45765235588879,1.91435414273928,0.27723013236571,-1.43974909800511,-0.886069601904198,-0.646221730684567,-0.313377105567042,-0.56483202898557,-1.94871533040488,-1.11564504775934,-0.706394810024788,1.1975692910945,1.49105172796926,1.94797896112571,-1.69773917529001,0.215350015103992,"Male",1
-0.671355980779563,1.05326026450976,2.0671476597708,-1.56885386901449,-0.692754931648438,0.460984111445108,1.59520879023366,-0.663324144560381,0.27869280158284,-0.348837017098988,-0.757345890524632,-0.479306595156048,-0.695948819869541,-0.347003611833453,0.835831272797452,-0.685532410236302,1.1928898773583,1.00256823519774,-0.421649880142026,-0.787541390741836,-1.92900555622858,-0.728594671820862,-0.0585816163323846,-0.56483202898557,1.06069315452418,-1.78248694536526,-2.0816339778548,-0.903590315219877,1.71533225119781,0.348209141030084,-1.77284388625746,-0.872878045163999,"Female",1
-0.12057518863709,1.39302164015807,0.208628307703571,0.397967124041613,-0.692754931648438,2.83732474227483,0.0382822519505472,0.273318375122022,-0.98323240945563,0.096782640980204,-0.325772863055399,-0.479306595156048,-0.695948819869541,0.15559766652363,-0.445524013829456,-0.502081659048121,0.409674330389804,1.2952264567785,0.853181559555416,-0.849749911636061,-0.58975935283047,0.0430495117653786,-0.544177957060567,-0.56483202898557,-1.57253926978875,-0.768643189973889,0.0704912045820166,-0.718423252676604,0.754313212035619,3.77556001973078,-0.674246372296053,0.877048753707061,"Female",1
-0.351848262546397,-0.645546613731787,-1.1168864457694,-0.486423798751128,0.227660967117511,0.857040883250062,-0.87499520697036,-0.561028088979382,0.18347648480097,-0.378150491360805,-0.757345890524632,-0.479306595156048,0.257035428545802,-0.347003611833453,-0.221562542032589,-0.349565740413236,-1.27150556681562,-0.991811548871891,0.78405379682829,0.843608231212537,0.0942887633431084,-0.524714931650302,-0.561937264047996,-0.198486959680735,1.06069315452418,0.615724885938716,0.835082364854444,0.824979160911004,-1.328751573437,-0.132172311707333,0.346664749172587,0.0695961351722345,"Male",0
-0.469269246684737,0.0339761375648314,0.16383392748404,-0.45899689009565,-0.501020881415802,0.0649273396401542,1.22351302144026,0.605857212799197,-0.864210285123822,0.589319574336575,-0.316329251951037,0.309116930210031,-0.164196121081982,-0.347003611833453,-0.164347001918164,-0.685532410236302,1.28760811041387,2.04724413822042,-0.402107759923243,-0.89961131013514,-1.11406110159485,-0.541680803581949,-0.834334760231691,0.900548248233772,-0.0678350273242204,-1.92743453600635,-0.914093061526677,-0.709699702393341,1.47443250882352,1.61932312951584,-1.55820692835976,0.450569523312759,"Male",0
0.232994973428347,-0.645546613731787,-0.849509103674559,-1.44148799051167,-0.692754931648438,-0.3311294321648,1.19034216524439,0.915898708392505,0.719412079043855,0.8985150506686,1.79924527854261,-0.479306595156048,0.331581765102612,-0.347003611833453,-0.714911633207752,-0.685532410236302,-0.850631844448523,-1.32477831821649,1.35254580219091,-0.124937164906439,-0.87634489641844,-1.30096115114712,-0.0720209082051518,0.167858109624101,1.06069315452418,-0.510158656616519,-1.19411582262847,-0.0792957022361111,0.276226456156085,-0.622259981035388,-1.02116897688694,0.426706142582979,"Female",0
-1.60934744402987,0.71349888886145,-1.27429477398936,-0.33956486562284,1.48379397308301,0.857040883250062,-0.786687008044191,0.273318375122022,-1.08779594243146,0.096782640980204,-0.757345890524632,-0.479306595156048,-0.695948819869541,-0.347003611833453,-0.714911633207752,-0.685532410236302,0.991047125649465,2.29874287692949,0.477409464603099,-1.09551079278524,-1.56277316696941,0.666597486490601,-0.681866911123295,-1.66386723690008,-0.0678350273242204,-0.469368743152908,0.768786442702564,1.03657689020208,0.377799188748483,0.20079472017388,-0.928945024977012,-2.14544112874546,"Male",0
0.070638259514476,-0.985307989380096,0.779824447758896,-0.31960530167123,-0.345400523993136,-1.91535651938462,0.197247127333396,-0.307195535780726,-0.269129352032635,-0.412817743939503,-0.482387358699089,-0.479306595156048,-0.695948819869541,-0.347003611833453,-0.714911633207752,-0.685532410236302,-0.450288739091265,-0.211700004567161,-0.118996427324896,0.690380652702481,0.431550600626191,0.491433534541946,-0.425270362507024,-0.56483202898557,-0.0678350273242204,-0.525221594080967,-0.980855314391025,-0.920461738168243,0.447382061429379,-0.531890283817889,-0.402585235817198,-0.468327254008028,"Male",1
-0.0947855476774654,-0.645546613731787,-0.608281059354432,-0.761361456473558,-0.141899961932453,-0.727186203969754,-0.541937760691042,-0.330937087376866,0.868193993094036,-0.810434121065883,0.845394497770665,-0.479306595156048,-0.695948819869541,-0.347003611833453,-0.714911633207752,-0.685532410236302,1.5638502748344,0.0245849178936358,-0.0510378965038315,-1.42767902070057,0.617679845208722,-0.402820103588929,1.8919711409201,-0.56483202898557,1.43686921514031,-0.122283625355565,-1.51542583054102,0.163209698685836,1.91106174681505,0.330404348165306,-0.605269000212885,-0.419007006633045,"Female",1
-1.9517046106265,-2.00459211632502,-0.770742824745164,-0.694699718152511,0.0818848695146661,-1.91535651938462,-1.36725056859862,-3.49231610887547,-0.553767683033802,0.0349944508255766,-0.757345890524632,-0.479306595156048,-0.695948819869541,-0.347003611833453,-0.714911633207752,0.830777338522722,-0.361680548595197,-0.571543567219079,1.13970533679717,-0.363125316977232,-0.133007342142237,-0.00920568817716634,0.490896451869654,-1.29752216759524,1.43686921514031,1.23386766714917,0.442472251041192,-0.0439498759783332,-0.456707575622401,-0.646409677428612,0.0992438707912337,0.782990652981678,"Male",0
-0.460978409316463,0.0339761375648314,-1.53831317525172,-1.5854064745692,-0.0156063835097642,0.857040883250062,-0.25322366501656,-0.00584626105426852,1.20816209126921,-2.13711840926904,-0.525951397036545,-0.479306595156048,-0.137944265688338,-0.347003611833453,2.46268699077937,-0.292092682085282,-0.123361304493195,-1.42855879356498,1.31234958007183,-0.828388329856503,-1.18108769077085,-1.4925433940262,1.25492100728659,0.167858109624101,1.06069315452418,0.755426336733047,-1.29267322717483,2.80521653203427,0.345864755992531,2.11623465148326,-0.962980965233717,0.826483118757095,"Female",0
0.0959915512029292,1.05326026450976,-1.11082655470595,0.0402194696032863,0.228586566372103,0.460984111445108,-0.109804547311336,0.273318375122022,-0.539674859675448,0.096782640980204,-0.171460414280062,-0.479306595156048,-0.695948819869541,-0.347003611833453,0.0165070775461447,0.808737952639605,-0.260898130166226,0.60847797025507,0.312366607919612,0.00298708026466277,-0.316363938863699,0.569017932775475,-0.69424145623105,-0.56483202898557,0.684517093908044,-0.718336446671648,0.263104073912639,2.75054343934616,0.22469035531251,-0.574183204497858,-0.11976769604593,1.46256043072257,"Male",1
1.86247946313592,0.0339761375648314,1.05547315279651,0.84451573457336,-0.0272925521257717,0.0649273396401542,0.298338382186672,0.273318375122022,-0.857457836666162,0.096782640980204,1.23485777169744,-0.479306595156048,-0.295601236103618,-0.347003611833453,-0.714911633207752,-0.685532410236302,-0.606289431033274,0.127466520948374,0.72017101980152,0.140999146197197,-0.57744237541723,-0.565219792418004,-1.17590879507333,0.167858109624101,-0.0678350273242204,-1.14771187148302,-0.681677254846753,-0.518614400561243,0.345387414047531,0.0545501706557025,-0.34380728466702,-0.112121061358676,"Female",0
-0.502266065601606,0.0339761375648314,-0.0974995502571431,0.182549071453708,-0.692754931648438,-0.727186203969754,-0.929873551234274,0.273318375122022,0.488950499139276,0.096782640980204,-0.757345890524632,-0.479306595156048,-0.695948819869541,-0.347003611833453,0.413375525982127,-0.685532410236302,0.0935689537048296,-0.58870697774462,0.452528564317101,-0.275080838013088,1.20286691010768,-0.451060343550541,1.00851289002547,-0.56483202898557,-0.0678350273242204,1.44458964741218,1.25220767266557,-0.761912709560918,-0.789025156110479,-1.09092262692984,0.702800030632984,-0.0525367290957741,"Female",1
-0.798489829223154,0.71349888886145,-1.20091933648496,-0.266648343514275,1.29032295932911,0.857040883250062,-0.653587943185397,-0.0559779386774784,0.110495305352243,-1.05739059625124,-0.757345890524632,-0.0889387174829452,-0.169381141980247,-0.347003611833453,-0.169715454444294,0.428289918754626,0.225196172572763,-0.0945500478565038,0.0979978333477803,-0.250191124280903,0.953452035309726,-0.385337589756685,0.496490097122572,0.167858109624101,-0.0678350273242204,0.700699134967733,0.474804984717143,1.72671459774343,-0.167776874188562,0.151319247117641,-0.18819020297645,1.49125392187944,"Female",0
0.380094717547699,0.71349888886145,1.69323772216627,0.226073480311056,-0.381509522750617,0.0649273396401542,0.585585943526231,-0.732631262447044,0.0230690197042339,-0.26175020063856,1.62497803179374,4.63146717920282,1.02753333151992,-0.347003611833453,-0.120093580017819,-0.280466212577272,-1.6107950392807,-1.54514310121012,1.86474843835979,0.0156282940900808,-0.0423307043156357,-0.251942151766819,0.386713628342321,1.99958345614828,-0.0678350273242204,0.74433991818028,0.178859037985375,-0.703698287250067,-0.432708475765268,0.458607737778615,0.681951743273408,0.928353172284544,"Male",0
-0.692921394249699,-1.32506936502841,2.71797516828778,0.0391517080328316,-0.692754931648438,-0.727186203969754,-0.522736776277554,0.935498108535835,-0.74434403555172,0.38429486876035,0.120844104369197,0.305681533585327,-0.695948819869541,-0.347003611833453,-0.714911633207752,-0.685532410236302,0.694810251250925,1.53884973293999,-1.24472399635355,0.245996695746555,0.555937552752072,0.52947589140072,-0.897857423255238,-0.56483202898557,-0.0678350273242204,-1.14498920949019,0.244344063361012,-0.698128572189871,0.428186293168642,-0.985229124732059,-0.236507598247122,-0.742530056350819,"Female",1
-0.287470215423473,0.0339761375648314,-1.22900869012876,-0.747672136613202,1.6483786896445,1.25309765505502,0.260134596635436,-1.35079115423567,0.0659017746747324,-0.131139264177152,3.08892517489778,0.895920699089355,0.2315740173286,-0.347003611833453,-0.714911633207752,1.2764103562878,0.162036147370803,0.075406579798656,0.372015684783428,-0.769701401127602,-1.46197383676195,-1.05661273919316,-0.342379792546337,0.167858109624101,0.684517093908044,-0.0275299095280091,0.17310228987922,1.64708071472584,-0.258712253812519,-0.521318570499388,-0.73584949277377,-2.02911335680465,"Female",0
-0.255659760900774,-1.32506936502841,1.11220368611353,0.403969693479251,-0.692754931648438,-0.727186203969754,-1.07139620021546,-0.147846286730552,-0.187774495394318,-0.648488656638778,1.10449802474682,1.18494075400008,-0.695948819869541,-0.347003611833453,0.447250198197996,0.105890229993589,-1.53633915934612,-0.789244243674527,-0.519694719058739,1.66927177090674,0.665219310060199,0.792572014266019,-1.06087965893568,-0.56483202898557,0.684517093908044,0.483738489026891,1.4260041005246,-0.632056489907354,-1.84089140911906,-0.662502150275416,1.68783181272865,0.711924532433611,"Male",1
-0.711931750345315,-0.645546613731787,-0.572909993669878,1.40069508866492,0.23500080682059,-1.51929974757966,-1.07965009186781,-0.28309443519732,-2.31071377272172,0.379265111933356,0.165055042327245,-0.479306595156048,-0.695948819869541,-0.347003611833453,0.436612561297257,0.882824583903482,-0.977945152103397,0.317813981308667,1.28113761951782,-0.00924915188213864,1.18161715811912,0.649314517480189,-0.858487721870012,-0.56483202898557,-0.0678350273242204,1.17064895350399,1.17890630138314,0.244114672802739,-0.595856772979399,-0.731175111768826,0.978319114036255,-1.15197113120159,"Male",1
0.756771379357092,-0.645546613731787,-0.963743638109511,-0.82047063430275,0.289429872845158,-0.727186203969754,0.626038385896206,-0.685052563372832,1.3546577859923,-0.587850066171818,-0.757345890524632,-0.479306595156048,1.49333931838197,-0.347003611833453,-0.714911633207752,1.62991355746331,0.905778944234751,0.203303791949277,0.543669913699122,-1.27487240663369,-0.513114005031582,-0.913488007631625,1.24673146752,0.167858109624101,0.684517093908044,-1.22186691050536,-0.833689607431571,0.457794997522854,1.45792439537167,-0.327124405726368,-1.05785091515691,-1.58122689310849,"Male",0
-0.0126824403756806,-2.00459211632502,2.56784028777624,0.185916502460487,-0.692754931648438,-0.3311294321648,-0.609592631191923,2.12661409242044,-0.489944882259012,0.229968819849331,-0.757345890524632,-0.479306595156048,-0.695948819869541,-0.347003611833453,-0.714911633207752,0.359241989823271,-2.72094541635664,-2.35990516087372,-0.317248103663401,2.96375733354182,2.16940518979393,0.0525602948198092,-1.31028411839267,-0.56483202898557,-0.0678350273242204,1.52197250809507,0.689607458266135,-1.2985158847895,-2.49755444347932,-1.38690985869939,1.16787409300167,0.693447341091114,"Male",1
0.640536088128631,2.7520671427513,0.900416674598353,2.63230329068734,-0.643177984373999,0.460984111445108,3.60688049178457,1.02564633956989,-1.88799086514751,0.0125389045739531,2.73476358174503,0.412548729329822,1.71010052018905,5.46276859095793,-0.714911633207752,-0.261416069618068,0.0174250419207979,0.867400842179076,1.13024235207497,-0.943483457110171,0.340643422227751,0.467187388601472,-0.868755429264513,3.83130880267246,-3.82959563348554,1.28946848777645,0.825792944854256,-0.958937116673331,-0.211460536567507,0.319254744866489,-0.230494113427472,-0.00196695125379154,"Male",0
-0.00769790749116892,-0.645546613731787,-1.17420925747704,-0.467446002617642,0.535297890745914,-1.51929974757966,-0.39774338611578,0.273318375122022,0.6650301440003,0.096782640980204,-0.432797414150832,-0.479306595156048,-0.695948819869541,-0.347003611833453,0.0954202073698243,-0.685532410236302,-0.662727425340648,-1.02692710782395,0.0647515850816111,0.718277934772102,0.140818582038477,0.0760604836368396,0.197534400246637,-0.56483202898557,-0.0678350273242204,0.463448403976493,0.224918982201198,1.4577769112235,-0.729052143305479,-0.47272020426001,0.220730504280443,0.358989416902761,"Male",1
0.538136449876841,-0.645546613731787,0.157085236701267,0.836814631863432,0.219005018226296,0.0649273396401542,0.280428841594505,-0.626294091456658,-2.53119602644424,0.325880902775128,-0.757345890524632,-0.479306595156048,-0.695948819869541,-0.347003611833453,-0.714911633207752,-0.685532410236302,0.652097027500439,2.64623459864401,-0.575591240848568,-0.0567109008151859,-1.48723321375089,-0.0909746850795594,-2.36267354518545,-1.29752216759524,-0.0678350273242204,-2.23726328522204,-0.423354885614992,-0.484681563478242,0.785524393904357,0.551522531234282,-0.949349050867443,-1.587682433562,"Female",0
0.856977618153089,-0.305785238083478,0.416018692233983,-0.452769748956515,-0.0303489555390283,0.460984111445108,-0.382172702333136,0.273318375122022,0.970454654040092,0.096782640980204,-0.384115142694762,0.85517322370433,-0.695948819869541,-0.347003611833453,0.682910791788592,2.17018428325988,-1.50919209427422,-1.40102486252658,0.308232201004713,1.01058792494568,-0.440804151653643,-0.983798032011229,-0.518812378744364,-0.56483202898557,-0.0678350273242204,0.0500080827142656,0.634032774850377,-0.520018364777862,-1.35249397703978,-0.694383095777813,0.674507724081352,-0.281848731662874,"Female",1
-2.21735964838816,0.0339761375648314,-0.916980311659168,-1.34414486125404,0.230540442693335,0.460984111445108,-0.132670022964152,0.0160142501383706,-0.0750275454152577,-1.22033322087293,-0.11752175138771,-0.479306595156048,-0.181639860407286,-0.347003611833453,-0.714911633207752,-0.141586373379897,0.205031952245338,0.246597163504137,0.905063370648414,-0.718216874080914,-0.466284766653487,-0.97003363570411,0.0268957563384428,0.167858109624101,-0.0678350273242204,0.420493565403794,0.206048903360237,0.388041804250257,-0.129492420027458,0.264784287083727,-0.907266450343106,0.34007105666585,"Male",0
-0.366373217390814,0.0339761375648314,1.06731672019184,-0.275636829061874,-0.692754931648438,0.460984111445108,-0.11406172546977,0.882417568783225,-0.755100340293137,0.405431965816806,0.0504481127945415,-0.479306595156048,-0.208952861260504,-0.347003611833453,-0.210687111164994,1.37470408206554,-0.854763876113946,0.398849031863689,0.347600205926846,0.50249835796884,-0.317486145191466,-0.28694443700779,-1.60206528558077,0.167858109624101,-0.0678350273242204,-1.02104639137365,0.229919069892301,-1.16229528991492,-0.252657994514465,-1.0041644715504,-0.294494145080439,1.48280735305404,"Male",0
-0.304600727556835,-0.985307989380096,-0.567879406309685,-0.773081445594757,0.271241265354536,0.460984111445108,-0.952773272295951,0.273318375122022,-0.0586706441956826,0.096782640980204,1.51357922303182,-0.479306595156048,-0.695948819869541,-0.347003611833453,-0.714911633207752,2.21040564514011,-1.52988695197868,-0.421218336874511,2.36020823016929,-0.355080689552289,-1.48838042185855,-0.23877584879639,-0.460662514869414,-2.03021230620491,1.06069315452418,-1.00622341664355,0.168692643995892,-0.428751989993024,-0.0111801735027983,-0.7597790854968,-0.211227566841247,0.637200596857335,"Female",0
0.850990872912725,-0.985307989380096,-0.264321770620826,1.45411790263782,-0.692754931648438,-2.70747006299452,-0.214980259370624,1.84349068763758,-1.04730083232352,0.175220984207187,0.730068159867508,-0.479306595156048,-0.695948819869541,1.38520891209845,2.99886012324013,-0.685532410236302,0.240726127172867,0.233086527784327,-0.695795550581656,0.068412542924126,0.0824416877343244,-0.315031219554329,-0.362334959414833,-0.56483202898557,-0.820187148556485,0.0324635672363485,-0.765895551118907,-0.655776556091536,0.301105181633861,-1.15819157670786,0.589361215063535,-0.269676257636567,"Male",1
-1.09549216912287,-0.305785238083478,0.605675562518699,-1.1754653649576,-0.426981606053509,0.460984111445108,-0.718511287614642,-0.526525039712032,0.560883383105822,-0.503336772961791,3.03108651225986,-0.479306595156048,-0.239161257189245,-0.347003611833453,0.230983240849934,1.24690745754307,-0.71721506096678,-0.952643179168596,0.655436895999004,-0.0936454197217283,0.59518401084007,-0.970758077615009,0.096813704533529,-0.198486959680735,1.06069315452418,-0.0978611230960283,0.471278344847083,-0.863185733756862,-0.436480665107474,-0.700339881778184,-0.184035970800441,1.55426707892982,"Female",0
-1.73440375069475,0.37373751321314,0.104841733464432,0.621960379370976,-0.692754931648438,-0.3311294321648,-1.34638550792342,0.273318375122022,-0.876941323056083,0.096782640980204,-0.757345890524632,-0.479306595156048,0.0360119733410332,-0.347003611833453,0.0429438984167584,0.862747724791745,-0.67715908030087,1.27498239728837,1.97839561126246,-0.670644527238742,0.945279905265654,0.656486833936985,-0.915358961996091,-0.198486959680735,-0.0678350273242204,1.7984689375156,4.01069697323194,-0.530605676477565,-1.85286099272675,-0.994852149045904,0.455736885467677,-0.48182659362662,"Male",0
0.298927123492164,0.0339761375648314,0.276634025837599,0.0192485036056056,-0.480282300472272,0.460984111445108,-0.685059490599185,-1.29743355065028,0.754466343983879,-0.236150687339189,0.284228289465721,-0.479306595156048,-0.695948819869541,-0.347003611833453,-0.714911633207752,0.199961138134602,0.780236698751901,-0.477164449997728,-1.02097962213547,-0.0491302048050466,-0.627464470838558,-0.237639711269568,0.887312247453265,-0.56483202898557,1.06069315452418,0.195761092377007,-0.546462535276866,-0.167673474256233,0.0579559114068257,-1.08778936942558,0.90683847282819,-0.35323120378095,"Female",1
1.95603187548638,2.7520671427513,0.800751452116872,0.344068961701097,-0.385517511919523,-0.727186203969754,0.819842121947251,0.273318375122022,1.12733351047847,0.096782640980204,-0.194372136814772,-0.479306595156048,1.34045606850406,-0.347003611833453,0.33931198340961,0.271691062443977,-0.949469897121533,-1.68892405577776,-0.0376432735700958,0.94214638038114,0.314005686540102,0.401715334813619,0.738123965123077,1.26689331753861,-0.0678350273242204,-0.14075399543034,-1.35175311971494,0.268202639315446,0.192088648403577,1.32934953674503,0.471902522459864,-0.0820838052105782,"Male",0
-0.975920593060513,-0.645546613731787,0.778232312713701,-1.15522840503524,-0.692754931648438,-1.51929974757966,-0.108739232259368,-0.956498667339584,0.129451679991114,-0.215679463098068,-0.757345890524632,-0.479306595156048,-0.695948819869541,-0.347003611833453,-0.714911633207752,-0.190321422924828,-0.0111924268676781,-0.414779693444608,1.30605816584747,-0.720931047033071,-0.471734377954033,-0.647962674714444,0.575630823915725,-0.56483202898557,-0.0678350273242204,0.0175281415536235,-0.544760871358443,-0.926538554505645,0.551412762734631,0.147259661676148,-0.990481899758882,-0.66583125680044,"Male",1
-0.552475233167071,-0.985307989380096,0.555489219804789,-1.17919247348048,-0.562289280926231,-0.3311294321648,0.101923746614187,-0.233249120939544,0.890054240115422,-0.994959834846055,-0.757345890524632,-0.479306595156048,0.114087791283509,-0.347003611833453,-0.714911633207752,-0.685532410236302,1.6131445618864,0.333554992655757,-0.420663738092064,-1.09898079524924,-0.788614546401531,-1.07051372874607,1.18666334847402,0.167858109624101,1.06069315452418,0.206692568101713,-0.960960639181891,0.080330288696758,0.786696587570603,0.0443386111189727,-0.98177940912675,0.395867312101418,"Male",0
1.84811290882506,2.412305767103,4.67348201289512,4.06613681170899,-0.692754931648438,0.857040883250062,2.59898712199794,0.273318375122022,-1.60235859154935,0.096782640980204,-0.225565933194467,-0.479306595156048,3.15119075816609,10.8004009946834,-0.714911633207752,-0.685532410236302,-0.066026090542055,0.628192414329192,-1.51154500198514,1.23094732357726,1.83934111937473,2.26746859226873,-1.24256904637384,3.83130880267246,-3.82959563348554,0.915044437305318,0.643050830338686,0.525610154321617,-0.624115544612628,0.941415461509122,1.23711604087696,-0.622872569418886,"Male",0
-1.51908769939065,0.71349888886145,-1.52130226424361,-0.5579913394755,1.35870495556971,0.857040883250062,-1.3246285622974,-1.03194756565012,-0.707542988665912,-0.0553323763713508,-0.757345890524632,-0.479306595156048,-0.695948819869541,-0.347003611833453,0.828695952677778,-0.15994038075849,-1.22636766240979,-0.306541110401881,1.49542841484107,0.236076042324889,-1.04811819628186,0.06423830275956,-0.872235922138453,-1.29752216759524,1.06069315452418,1.02319540892019,1.13028401234508,1.43190041277873,-1.34793255303472,-0.142473299282007,-0.048519429641099,-0.408255192705299,"Male",0
-0.624615008342307,1.39302164015807,-0.0187811735350129,-0.0643290566774087,-0.692754931648438,2.04521119866492,0.257013112195902,-0.47715198941363,-0.815540572527814,-0.135854096725816,-0.401888035448575,-0.479306595156048,0.161232779234201,-0.347003611833453,-0.271158482415282,0.523236560555722,0.665656781072021,1.33629427066731,0.473313162821056,-0.945878411401288,-1.07781952664977,-0.658040652742775,-0.50227576859034,0.167858109624101,-0.0678350273242204,-0.433681297463729,0.310533228794448,-0.633712695434253,0.271093697902135,2.38665802458029,-0.758947054156649,-0.602078432970349,"Female",0
0.237167552341689,0.71349888886145,-0.675859717425845,-0.182159544789298,-0.692754931648438,0.0649273396401542,0.0493061773410835,0.273318375122022,-0.0311047879929394,0.096782640980204,-0.1815041653014,-0.479306595156048,-0.695948819869541,-0.347003611833453,0.722848575359927,-0.685532410236302,-0.134314440637104,-0.237228352076312,0.927920734592216,-0.438193183176852,0.461209619340881,-0.959022118658416,0.154778874862898,-0.56483202898557,-0.0678350273242204,-0.453234697939008,-0.57035000717399,-0.125129569630648,0.702027249008212,-0.630149523283374,-0.591651594265531,0.261353677975168,"Male",1
2.41942520328385,-0.645546613731787,-0.566085452110232,2.04498185072764,-0.692754931648438,0.0649273396401542,-0.291183162773347,0.273318375122022,-1.10894235266918,0.096782640980204,-0.757345890524632,-0.479306595156048,-0.695948819869541,-0.347003611833453,-0.714911633207752,-0.685532410236302,-2.17120012479825,-1.69474014433425,-1.36309043608264,3.22864612388673,1.29383771564352,0.054884489318197,-1.8082439551133,-0.56483202898557,-0.0678350273242204,-0.322852306915581,-0.613751188508201,-0.429990789555244,-1.51240160570048,-1.18800475632229,2.06810193286836,-2.90267602394246,"Male",1
0.789548062668993,0.37373751321314,0.278810786343409,-0.10020265251272,0.050899277468142,0.460984111445108,-0.00434188967023315,0.273318375122022,0.662835679023964,0.096782640980204,-0.173158633051793,1.60944442566887,0.00843084200266375,-0.347003611833453,1.47298433635175,-0.188886028758717,1.06214397550512,0.167001896546131,-0.754580011358029,-0.664023529870955,-1.16201634143187,-1.39852527726482,0.667269993027621,0.167858109624101,-0.0678350273242204,0.200350017718714,-1.19872363257801,1.23089247276496,0.405150185325212,0.717816790315992,-0.464723827680091,0.515762569550933,"Male",0
0.0211999913833792,0.71349888886145,-1.01792548381293,1.17702495926879,4.76070926853981,-1.51929974757966,0.343789565318745,0.273318375122022,1.89065793165967,0.096782640980204,-0.757345890524632,-0.479306595156048,2.14628490347451,5.14340099618462,-0.714911633207752,-0.685532410236302,0.404809942629196,-0.0906354149232039,-0.763123190864105,0.310753363676305,1.67140472333353,1.49596662900267,1.12817596940295,1.99958345614828,-2.70106745163715,1.26708539207592,2.94590710513107,0.775640573322576,-1.44752935988193,-0.272424356186634,1.0358349438235,1.39477725596069,"Male",0
-0.942496512098646,1.73278301580638,0.544559354418351,-0.484747695050446,-0.541950529292732,1.25309765505502,-0.483713916240042,0.273318375122022,0.238737125477959,0.096782640980204,-0.165438096609408,1.63704906471062,0.0177398243181698,-0.347003611833453,0.0240253315480263,-0.685532410236302,-0.00102015152132882,1.08532790607484,1.45283455943378,-0.972455639326353,-0.00471521211884288,0.135483868575059,-0.16814396870873,-0.198486959680735,-0.0678350273242204,-0.420307188629489,1.76662197277344,-0.238162765419496,0.0226992889069452,-0.369704075417211,-0.509409489663871,-0.0484829574307084,"Male",0
-0.985710847309022,2.412305767103,-0.274533624362132,-0.692620136928427,-0.374953987581524,1.25309765505502,3.99927915977098,-0.323479235946301,0.376510254681744,-0.638962638200272,-0.192003383292846,-0.479306595156048,1.6898532606654,0.311382915495493,-0.714911633207752,0.275718650688066,0.41918115941924,-0.017864529936979,1.27405111117177,-1.20866304704598,-0.144364177707334,-0.318531747102976,0.959501813421322,3.09861866406279,-1.94871533040488,0.533163414160006,0.0923549874761623,-0.426523772777181,0.525280052642617,3.48866479327486,-0.967816822295546,-0.498161464996822,"Female",0
-1.23825448143241,3.77135126969623,-0.548849181752031,-0.255329930969153,-0.479847796114039,3.62943828588474,4.58268323877304,0.454020216761103,-1.21241573880555,0.575606667822195,-0.038399622410008,-0.479306595156048,-0.262516626030216,0.490266769829224,-0.415734419772158,-0.17618936145578,1.12176472860939,1.83076538842666,1.10876841554591,-1.77228505456521,-1.74195160845312,-0.861096867784758,-0.491788818036856,3.83130880267246,-1.94871533040488,-1.1313090345535,-0.684065230800548,0.515688826779206,1.43021408850264,3.8409365868214,-1.73805034848911,0.058587379991712,"Female",0
-1.5703656675746,1.05326026450976,0.861854108951567,0.178264720142639,-0.646850350838773,0.0649273396401542,-1.39194239624229,0.273318375122022,-0.0889390353202646,0.096782640980204,0.0330251048798035,-0.479306595156048,-0.219456695661882,-0.347003611833453,-0.221562542032589,-0.685532410236302,0.867673180311721,-0.55567630668729,-0.815961679237802,-0.200454274866268,2.17170831568344,1.51565440328715,2.17535808732993,0.534203178928937,-0.0678350273242204,2.50356635287874,0.567016244849019,-0.752553109607423,-0.249097009605368,0.410994463237458,1.23999271095114,0.123126709723744,"Male",0
-0.95470090820501,-0.645546613731787,0.910015022732094,-0.79829996751172,-0.692754931648438,0.857040883250062,-0.797469889099389,1.2537715933057,0.825215196627785,0.646175628815354,1.19308575942506,0.682982279335249,-0.695948819869541,-0.347003611833453,-0.714911633207752,0.419906309826739,-1.15963258248394,-1.66086489530562,-0.812925596740523,1.55904109217172,2.16561617623376,0.163086989320552,0.214310671417387,-0.56483202898557,1.43686921514031,1.31882126805421,1.55280778293348,-1.08932933676421,-1.83012341725935,-0.599810433722662,0.900155773913326,-0.541884880093003,"Male",1
-1.49739230387502,-0.305785238083478,-0.0940399971234001,-1.5872730179705,-0.584978959312702,0.460984111445108,-0.293591102911108,-0.26943251351537,-0.0644604987512778,-0.531947910153988,1.34207706601843,-0.479306595156048,-0.334325332747649,-0.347003611833453,0.0339218087545637,1.35426522797526,0.038857172225585,0.299719897478342,1.5050691741732,-1.26513814537791,-1.25299875477371,-0.999282977856734,-0.157763057048164,0.167858109624101,1.06069315452418,-1.10100540907898,-0.105143594747911,-0.216157189847885,0.824934353372973,1.1597623255144,-1.32458383815261,-0.336300745650381,"Female",0
0.00994684055731187,0.71349888886145,-1.01662541084892,1.78107405635145,0.49709180293809,2.04521119866492,-0.0980486607349597,0.273318375122022,-1.16892569056452,0.096782640980204,-0.757345890524632,-0.479306595156048,1.83102847662178,3.72084382304994,1.02933818654507,1.0961972425516,-0.320609662415337,0.611466281535203,-0.085686494575973,0.283770082635014,0.723046122732708,0.944386351191579,-0.959301435700987,0.167858109624101,-1.94871533040488,0.908106824177578,1.2836401445169,0.153234438930532,-0.797851244695557,-0.725647174255977,0.98910329356393,-1.24519902423882,"Male",0
-1.01827191028299,-0.645546613731787,-0.297938636357078,0.211197867450152,-0.331256357772323,0.0649273396401542,-1.12725711921913,-0.545376568007781,-1.41565809948743,0.0461814308035624,0.599856828856743,-0.479306595156048,-0.695948819869541,-0.347003611833453,0.13225347285063,1.62211744309394,-0.140039122054053,0.829089798969542,1.26985766389292,-0.904485404615765,-0.846177572105727,-0.624672419270975,-0.943252039364325,-1.29752216759524,1.06069315452418,0.698357677420939,1.28231052129447,-0.534633111086308,-0.666917873007381,0.36524981749834,-0.430787057135218,-1.46838404598109,"Female",0
1.73500100008724,-0.645546613731787,-0.385757140875374,0.448525713453478,-0.358528320809526,0.857040883250062,1.45925367675143,0.273318375122022,0.898215837209287,0.096782640980204,-0.0587510765623033,-0.479306595156048,-0.695948819869541,2.09370484909656,-0.278849178269554,-0.685532410236302,1.54152403506041,0.82562858994474,-0.418445345750897,-1.11445448041364,-0.946221203080384,-0.498370474899375,0.629588801628504,-0.56483202898557,-1.94871533040488,-1.46842591898467,-1.71758539315214,-0.623650432712367,1.92584403169511,1.08184115382516,-1.5667800175993,0.118583689754274,"Female",1
-1.18250401162237,-1.66483074067671,2.13382941633593,-0.830058186278322,-0.692754931648438,-0.3311294321648,-0.757435642260801,-1.24097591915455,-0.0108157074331182,-0.136426520840125,4.98057877362156,5.9318953815753,-0.695948819869541,-0.347003611833453,0.180490631914454,0.533990732893739,-2.35758920118158,-1.56780668880727,0.418632636186024,1.29397488971736,0.654136866578147,-0.740006571439967,-1.15746293246272,-0.56483202898557,1.43686921514031,0.694512187535373,1.27057056336859,-1.28332788981795,-2.18067650840586,-1.2384917687349,0.688128748458794,1.46256043072257,"Female",1
0.217413634230827,-0.645546613731787,1.45824289796888,0.177115581158459,-0.692754931648438,0.0649273396401542,-0.0704296929039276,-1.94291442014734,-1.18208370057948,0.0547045899638588,-0.757345890524632,-0.479306595156048,-0.695948819869541,-0.347003611833453,-0.714911633207752,0.206879056481252,0.0634554126890361,0.961710890079968,0.844348497672692,-0.520791634685902,-2.36379431492322,-0.767008790174123,-1.08794737821204,-1.66386723690008,-0.0678350273242204,-0.753675269057549,-0.29163304579335,-0.912653935659916,0.107976244578531,-0.782519524492865,-0.806274974122581,-0.424665856068701,"Male",0
0.00694625808300965,0.0339761375648314,-0.129631818336014,1.05562959263425,-0.411467287538148,0.0649273396401542,-0.474348576139566,0.756530613018589,-0.501689087050946,0.602207452759209,-0.757345890524632,-0.479306595156048,-0.309603854295766,-0.347003611833453,-0.714911633207752,-0.685532410236302,-0.738900866466146,-0.860840004672312,0.918872270964224,0.296351880769919,1.47753372325522,0.465139921380167,0.363376775667495,0.900548248233772,-0.0678350273242204,1.65009502630143,0.693804274581314,-0.375448559033648,-0.727525017339317,-0.681658989180905,0.731200429450424,0.113966346349721,"Female",0
-0.629423211361847,0.71349888886145,1.43395863808936,1.20584391961957,-0.349935615389022,0.857040883250062,-0.871875005001296,-0.938979906050959,-1.26186796188242,0.0344618116534735,-0.757345890524632,-0.479306595156048,-0.695948819869541,-0.347003611833453,-0.714911633207752,-0.685532410236302,0.64771618403885,1.37317632660206,-0.32767138563694,-0.219112734570863,0.313814061803316,0.817220284789332,-0.52771670728884,-0.56483202898557,-0.0678350273242204,0.698357677420939,1.04625125995843,-1.17700206708075,-0.363867980867383,-0.481946106967469,0.626165847663606,0.401383501467267,"Female",1
-0.438184492559676,-0.985307989380096,1.83759828333706,1.15090954634983,-0.692754931648438,0.0649273396401542,-0.70737876364455,0.998713357549085,-1.12089561129074,0.244056579558976,-0.276332516233147,-0.479306595156048,-0.695948819869541,-0.347003611833453,0.486081381108911,1.76806665816138,-1.99663254937047,-0.583549176845469,1.613150683275,0.71071244682701,1.48118829958768,1.87430166228034,-0.755389833318607,-0.56483202898557,-0.0678350273242204,0.448198923695614,1.24038042457625,-1.03179334920777,-0.513159300749351,-0.60825755640087,1.34983857456727,-1.72391008235173,"Male",1
0.960324593750498,1.05326026450976,-0.747661757552917,1.28987197447772,-0.692754931648438,1.25309765505502,-0.0699901398676066,1.18880180173931,0.051767579957098,0.4977007704488,-0.757345890524632,-0.479306595156048,0.767972766551632,-0.347003611833453,0.0429438984167584,-0.685532410236302,0.0198898542778655,0.083930330278212,0.0988593592571069,0.0583695446399417,1.23539052183016,0.969917063099066,0.465348367731493,0.900548248233772,-0.0678350273242204,0.216652155249316,0.441864893641668,0.286392196561874,0.185718690110458,-0.271991280301583,0.744843009378547,-1.96726821222852,"Female",0
-0.26258012196179,1.05326026450976,-0.506982405618315,0.698221453118196,-0.292500678423612,0.857040883250062,0.83023781561161,0.609535739764654,-1.18653911348004,0.371206734351324,0.580339533113429,1.11498345392492,0.379321017944242,-0.347003611833453,-0.436584159204074,-0.116916254451672,-0.61767639625022,0.768060624299256,0.71492246704511,0.0652510934010385,-0.61246006465039,0.336122307669553,-1.26081349099471,1.99958345614828,-0.0678350273242204,0.975675350673058,1.5263015304879,0.0824079023324326,-1.24345806668887,0.806190386203192,0.0361895631925628,0.932006261774878,"Male",0
0.10816048092782,-0.645546613731787,-0.803855428850814,0.491715683347482,-0.692754931648438,-0.727186203969754,-0.297743794311843,0.845711026039047,-1.27542576583197,0.223519233938664,-0.757345890524632,0.877791525718903,-0.695948819869541,-0.347003611833453,-0.714911633207752,-0.685532410236302,0.134470671880127,1.146428401826,-0.00664843411563834,0.00528377418298873,-1.30239443851282,2.65630155408976,-0.511618486191483,-0.56483202898557,-0.0678350273242204,-0.308965139213723,-0.380806994906501,-0.0401273501277475,0.611602185407772,1.60677852422451,-0.221800720548151,-0.642910760592299,"Female",1
1.67407228508127,-0.645546613731787,-0.570978752759286,-0.326024254700872,-0.692754931648438,-0.727186203969754,1.60030176097558,-0.540289075531353,0.210129442942139,-0.397525519230466,0.398741703135796,0.898550196783895,-0.231300668156515,-0.347003611833453,-0.714911633207752,1.93539304459768,-0.520270710431197,-0.0124298811660845,0.0204877564561785,0.285855388866713,-0.169676766425842,-0.259232841320483,-0.283684758651229,0.534203178928937,-0.0678350273242204,-1.97107405094434,-1.73819862078079,-0.108229430990444,1.13474799120766,-0.299919891661147,-1.12068160275437,0.636198338406982,"Male",0
0.790527057456873,1.73278301580638,-0.279543520720527,1.62898758282759,-0.692754931648438,0.857040883250062,-0.672480849374092,-0.85537312803903,0.139359690656683,-0.245622442432958,-0.22274481936247,-0.479306595156048,-0.0513573521084878,-0.347003611833453,-0.714911633207752,-0.685532410236302,1.02122085503117,-0.13702246530938,-2.24221981853654,0.660660215518316,1.2269257558296,1.46126259475633,1.12623673269635,-0.198486959680735,-0.0678350273242204,0.0161861321504338,-0.849752307169032,-0.624185391461624,0.59292138447928,-0.379573616733556,1.93792049833987,-0.909029071703668,"Male",0
1.0089885640594,0.0339761375648314,-0.831990380644018,0.231458121288862,0.36960822423239,-0.727186203969754,-0.177015794176418,0.459499384394266,0.339822772354044,2.41146792815976,-0.757345890524632,-0.479306595156048,-0.695948819869541,-0.347003611833453,-0.714911633207752,-0.685532410236302,-0.652455092682898,-1.14394312050341,1.11368494661328,0.0809954025114195,-0.0187936597343068,-0.41675970879871,0.421714709949485,-0.56483202898557,-0.0678350273242204,0.21019246445905,-0.969335139714986,0.632741090204837,0.278157725226523,-0.881214799419756,-0.0314555840885963,-0.320624395529484,"Male",1
-0.222788980463712,1.05326026450976,0.627918222784451,0.248711451958484,-0.17416761706226,0.0649273396401542,-0.321548607013521,1.27532001568336,0.0227391622506364,0.456655095721068,-0.757345890524632,-0.479306595156048,0.194201302276661,-0.347003611833453,0.20672952613049,-0.057902367709677,0.0994066872125402,0.704269948512668,0.17538598321168,-0.140306817806118,0.0590079118048625,0.817220284789332,-0.129142001012352,1.26689331753861,-0.0678350273242204,-0.269416900758435,0.846865491008528,-0.710796865303404,0.000301217250428412,0.665254356849877,0.371495275192258,0.433023531037423,"Male",0
-0.474209086943418,0.0339761375648314,-1.27056811689924,-0.790482706080767,2.17748938424012,-0.727186203969754,0.238659333268419,0.149387489235401,-0.133400948872887,-2.53328711861827,0.26989469983282,-0.479306595156048,-0.695948819869541,-0.347003611833453,-0.201949275410926,0.013113875634322,0.964412984648496,1.14514740196125,-1.05284110661726,-0.221643199788078,-0.563531884451061,-0.631101161499488,-0.582177432331498,-0.56483202898557,-0.0678350273242204,-1.37358521697807,-0.507570928363341,1.99663859970614,0.648070069654059,-0.0889825441720549,-0.959917327857434,0.335840106878352,"Female",1
0.69412165797985,-0.645546613731787,1.88261697233147,-0.755636250865084,-0.596489014610694,-1.12324297577471,0.148858099351039,-0.033176244343795,1.59496798178932,-2.2179545586396,-0.0798850373208215,-0.479306595156048,0.120894821629335,-0.347003611833453,0.130829665949702,-0.685532410236302,0.904715236539034,-0.507216835333445,0.00421432109859803,-0.80158117230558,-0.202485458419796,-0.27695579812218,1.63256817756842,0.534203178928937,1.06069315452418,-0.438524244949865,-1.25200385518778,-1.18086300427044,1.2900533953808,-0.171957377152612,-0.59921258413008,-0.999039073787783,"Female",0
0.10111923229499,-0.645546613731787,0.488394670377914,0.617726024474102,-0.355631690182255,0.460984111445108,-0.601524084676148,-0.270403445337618,0.511770182085358,-0.765981772878305,1.76646846868277,-0.479306595156048,-0.695948819869541,-0.347003611833453,-0.714911633207752,-0.685532410236302,0.208536627014609,-0.850507544745295,-0.78245614627588,0.313285377525846,1.9666353496287,-0.2686650052713,1.01570024042011,-0.56483202898557,-0.0678350273242204,0.619102062087089,0.680908379913937,-1.04473943181546,-0.372988497457097,-1.12048175243685,0.826804165380108,0.739096872643166,"Male",1
-0.672572400634105,-0.985307989380096,-0.482807216072162,-1.55497881463671,-0.692754931648438,-0.727186203969754,-0.370651631107659,0.273318375122022,0.953070780759083,0.096782640980204,-0.757345890524632,-0.479306595156048,-0.695948819869541,-0.347003611833453,-0.0311941427204094,-0.685532410236302,1.20887782731318,0.681883779680728,0.241081793041794,-1.19310461208513,-1.15329200042649,-1.00264927043185,0.78050982343018,-0.56483202898557,1.43686921514031,-0.740461622426297,-0.616699638327101,-0.451290373517541,0.980794811806547,-0.487292454721639,-1.10609000335812,-1.96726821222852,"Male",1
0.383678141732708,0.71349888886145,-0.253021664807954,0.20766213940883,-0.578456494128119,0.0649273396401542,0.163203287716396,-0.470591933779579,-0.736223176925431,-0.16156396964375,0.652056933448322,-0.479306595156048,-0.695948819869541,0.473677496532864,0.604710935844743,-0.385981708121325,0.168212954243171,0.517040172827361,-0.354089667584417,0.041036342930939,-1.09563813853778,-0.395586662551113,-0.842066487722566,-0.56483202898557,-0.444011087940352,-0.420007590837659,-0.67255523664459,-0.163935643206633,0.0728803930990833,0.811736852057939,-0.516169264773041,0.0110655504768097,"Female",1
1.44747765286051,1.05326026450976,0.557213719875733,1.18854646923534,-0.692754931648438,0.857040883250062,0.248208703608803,1.85451171542981,-0.179966372416449,0.296387881964152,-0.757345890524632,0.562050488925742,0.00639506263310461,-0.347003611833453,-0.714911633207752,-0.685532410236302,0.705426832876769,1.37093782031701,-1.19107581414007,0.258391902704536,-0.471734377954033,1.45727389341467,-0.508329633579288,0.534203178928937,-0.0678350273242204,-0.825701100116905,-0.0837801158577891,-0.906074869230374,0.418796233940284,0.723333281985492,-0.0385729228502192,-1.01351907087314,"Female",0
1.98390515378204,1.05326026450976,1.18370176673432,0.234473638037393,-0.503890370602958,0.460984111445108,1.73405326743529,1.18605260225998,0.7683589886309,0.673115037207616,0.453132210545248,-0.479306595156048,0.763576605631463,1.06269486860362,-0.714911633207752,-0.17098886185861,-0.645461445352201,-0.965617240031974,-1.07796739312462,1.40226575562271,-0.368494298275704,-0.444754511767616,-0.75553916734567,1.99958345614828,-0.444011087940352,-0.411429917122015,-0.457350535051583,-0.536689792584735,-0.763999833684979,-1.13727037283148,0.00880443725657546,-0.253224847747123,"Male",0
0.897659796375806,0.37373751321314,0.809761504904362,1.5442101323905,-0.22711509536918,0.460984111445108,0.163025941079085,-1.60189292135267,-1.27328986717568,0.057844613620871,-0.239236369115564,-0.479306595156048,0.553464976253404,0.859756269877416,-0.714911633207752,-0.245061969080094,-0.277821460784592,-0.238135966119296,-0.00688081548988166,0.385707482655735,-0.0212582928515631,-0.24593439141399,-0.455230742273835,1.26689331753861,-1.94871533040488,0.470574186564269,-0.440815890132809,-0.181695824740013,-0.269855149516226,-0.86863495741239,1.45056111871979,0.590570097768903,"Female",0
1.35837903170039,-0.985307989380096,1.19304535174626,0.593421610190059,-0.692754931648438,-1.12324297577471,-0.0848830810098988,-0.467999911797345,-0.13601874123965,-0.342119271040608,1.7005151317697,8.93644822432918,0.150779345098791,-0.347003611833453,1.47679600180395,-0.0885184673451272,-1.58342678419318,-1.00363093212893,1.37614806656334,-0.00191593958510072,-0.850979905309687,-0.491301217802894,-0.0397884602176234,0.167858109624101,-0.0678350273242204,-0.333278727629168,-0.521126716148604,-0.605419252271545,-0.0294199086747589,0.547583702848606,0.820862480574383,0.638368834414115,"Female",0
-0.944111080292406,0.37373751321314,0.189818170268911,-1.41915737936614,-0.430962470793316,0.0649273396401542,-0.88494688581479,0.273318375122022,1.44804274154472,0.096782640980204,-0.757345890524632,-0.479306595156048,-0.695948819869541,-0.347003611833453,0.49474238842371,-0.685532410236302,0.262133508739981,-0.741359954134473,0.930887796257997,-0.766444453351006,-0.10637107978067,-0.725318551359298,1.46648187298414,-0.56483202898557,1.43686921514031,0.76589409353622,0.338257897248238,-0.84971445315232,-0.0850509385584347,-0.63763478774536,-0.335729030126641,-0.822568241729279,"Male",1
0.00329074350516512,0.0339761375648314,-0.543080700640585,0.497061105508687,0.832689599872751,-0.727186203969754,0.0894632140103378,0.655633466489242,-0.0392074617388976,1.00401195841164,-0.757345890524632,-0.479306595156048,-0.695948819869541,0.833951341589281,-0.0819354407565839,-0.254480833859527,-0.871556195568831,-0.554761977039105,1.27595644596293,0.104586285800553,1.00293710956401,0.308756692904339,0.0963703197528338,-0.56483202898557,-1.57253926978875,0.726901370269663,0.913479060327728,0.0948203505284177,-0.51519111790821,-1.15705649838532,-0.00887481829432838,0.417507747305904,"Female",1
-0.171923344625144,2.7520671427513,0.339725015022016,0.723344340833298,-0.271818586865469,2.83732474227483,1.22933029420953,-0.494762304826923,-1.49127752401365,0.0646925644706763,-0.0297480427696509,0.171071655913072,0.619995133267185,1.34768806320457,0.193420628522709,1.4794513646164,-0.0279221665055142,1.67083521649098,0.537035055885402,-0.490452601409763,-1.29077123684704,-0.254384409656781,-1.40293398227403,0.534203178928937,-1.94871533040488,-0.544117328078914,0.671049125356539,-0.817301149431839,-0.29838629361904,1.5868284230691,-0.681580013485361,-0.636910435568705,"Female",0
-1.02860282149279,-0.645546613731787,-1.00215102240561,-1.06869827080764,-0.692754931648438,0.857040883250062,-0.489703140070772,-0.676495679993418,0.313851273655288,-0.350870904663251,-0.757345890524632,-0.479306595156048,-0.695948819869541,-0.347003611833453,1.53158869267925,1.22677787558703,0.801402626592543,0.667492671145912,-0.334234330679564,-0.688869879035708,0.108621609280524,-1.15413243631181,0.121292239300999,-0.56483202898557,1.06069315452418,-0.992464740322284,-0.139050767665265,-0.00624708006068994,0.748117413144997,-0.672193517388028,-0.822363645585527,0.441138107586666,"Male",1
-0.0941482732225578,0.71349888886145,1.03887384486878,0.764186495880843,-0.522970865640087,0.857040883250062,-0.272936717589815,-0.490111446258046,-0.762809588547816,-0.14723120978114,-0.757345890524632,-0.479306595156048,0.0670369991129286,1.12687266441629,-0.714911633207752,-0.14756380235633,-0.631512457987124,0.309823545106571,-1.86545008319915,2.01278340808781,1.57104440630118,2.06962909163477,-1.30669402077146,0.900548248233772,-0.820187148556485,0.104630942341569,0.936291001999347,-0.244539311828066,-1.08620358812304,-0.711743536911069,1.09655202922685,0.127203287417867,"Male",0
-1.11420769726956,1.73278301580638,-0.0767358327744152,-1.13682179611685,-0.692754931648438,2.04521119866492,0.0719924597907906,0.273318375122022,0.637821806984993,0.096782640980204,-0.331247362346772,-0.479306595156048,-0.182183527383477,-0.347003611833453,-0.714911633207752,-0.685532410236302,1.42093505500921,0.974229159965904,-1.08299572585896,-0.500181617408335,-0.061827139975183,-0.0909746850795594,0.412540226540682,1.26689331753861,-0.0678350273242204,-0.386794040287552,0.106543258581776,-0.691579188879341,0.421740152655592,1.14567195942566,-0.729024603992834,-1.22617216816531,"Female",0
-0.244181552155232,1.73278301580638,0.420793094894966,0.130411239149148,-0.469435349331147,0.460984111445108,0.837989558852365,0.58926483836208,0.0115178295830675,1.23021165900031,0.290183235401207,-0.479306595156048,0.314491859323449,-0.347003611833453,1.63900970618319,-0.329309953667144,1.01174059546192,0.952612145783411,-1.21934090192464,-0.243340229251916,0.0375533399234932,0.853276707548102,0.27928820403923,2.73227359475795,-0.0678350273242204,-0.246309698095887,0.176899230288113,-0.0100510333133811,0.380748248548142,0.280392254755584,-0.148035418724367,0.957843985553182,"Male",0
0.238261899920656,0.0339761375648314,-0.672259025148086,0.98946839031759,-0.333129407377899,0.0649273396401542,-0.540187915634534,0.273318375122022,-0.497403008180408,0.096782640980204,-0.417473034153418,-0.479306595156048,-0.695948819869541,-0.347003611833453,-0.714911633207752,-0.685532410236302,0.735074487467658,0.127741162001079,-1.18370653173707,0.243921861529581,1.18793566549499,0.0793100881612847,0.337289509156422,-0.56483202898557,-0.0678350273242204,0.215466607726537,-0.939443021454645,1.07221515483827,0.542020023764374,0.401186345881667,0.942260504799116,-1.17865406627038,"Male",1
1.32472667298235,0.0339761375648314,-1.23396702047846,-0.445139393475881,-0.692754931648438,-0.727186203969754,0.933951496523844,-0.572135025815223,1.40709671417913,-0.693051261461695,0.363903643985144,1.52519716613629,0.655989891373373,-0.347003611833453,-0.714911633207752,-0.685532410236302,0.0153194956764143,-0.664929162131771,-0.270231128659423,0.18004087791594,-0.303123777141263,-0.548410458697208,0.576552131675919,1.26689331753861,-0.0678350273242204,-0.930782240664443,-0.37531632582373,0.652302363815805,0.260541739217682,-0.156123795783071,-0.13961936989124,-0.725650668428861,"Female",0
-0.56976131560286,0.0339761375648314,1.36980315185564,-0.989005597237162,-0.692754931648438,0.0649273396401542,-0.937170818050696,0.729685488691002,1.49092912223632,1.60076770880204,-0.757345890524632,-0.479306595156048,-0.695948819869541,-0.347003611833453,3.81856650191557,-0.428260636047456,0.967828559818228,-0.446096781373641,-1.94284062343062,0.239346010932147,0.137674675369872,0.492712479960404,1.43444433953865,-0.56483202898557,1.06069315452418,0.245681158594208,-0.252074677389772,0.0385145535836045,0.02831423249026,0.562298293022937,0.694542378482302,-1.44604594898494,"Female",1
-0.885221801506403,0.0339761375648314,-1.05224984010558,-0.700302966006434,0.451328466992453,0.857040883250062,-0.393400462260203,-0.27291615208172,0.242457495059596,-0.652613543569263,0.794987386713884,0.445750018688088,-0.0720438562086689,-0.347003611833453,-0.068934646046426,-0.0256748944092096,-0.349662405004572,-0.813276654410359,-0.848703821804737,0.835485443597655,0.963900612362219,-0.0476247206633206,0.227684309924492,0.167858109624101,-0.0678350273242204,0.726100492769963,0.111923249076012,1.42282278927472,-0.719424705108509,0.115521084588106,0.282296491171811,0.314450067507793,"Male",0
-0.422592537017463,-1.32506936502841,-0.735800653579123,-1.00039680155031,-0.692754931648438,0.0649273396401542,-0.219445827863522,0.273318375122022,1.26525617176388,0.096782640980204,3.74644413915437,-0.479306595156048,-0.695948819869541,-0.347003611833453,-0.714911633207752,0.750302798784125,-0.556997412408606,-2.44830292252376,-0.339322169197082,0.468898139306822,1.99551275182319,-0.978953579679673,1.08733282759354,-0.56483202898557,-0.0678350273242204,1.1631893235328,-0.301577887012127,-0.509565526111395,-0.608981864215911,-0.852599199936652,-0.189792464261101,0.00817915747607313,"Male",1
0.0423557861231154,-0.645546613731787,-0.0811104997711102,0.327460169916125,-0.692754931648438,0.857040883250062,-0.736973579560516,0.878777533761347,0.720929863437941,0.948226132575008,0.0456206585914404,0.956189624335189,1.24039367691067,-0.347003611833453,-0.714911633207752,-0.685532410236302,-0.955264545946683,-1.15012535966931,1.97234745599244,-0.32927618494867,-0.334211937510863,0.0146416634616505,0.83690416128006,0.534203178928937,0.308341033291912,0.468034282223018,0.620415870348109,-0.516914623247268,-0.311915556189529,-0.670636564632224,1.52932595061478,-0.22746208623958,"Female",0
-0.0666600288909775,-0.645546613731787,-0.898271709659715,0.121094912131151,0.59568550599234,-1.12324297577471,-0.013127206579831,0.273318375122022,1.22024234778664,0.096782640980204,-0.757345890524632,-0.479306595156048,2.46003797683066,-0.347003611833453,-0.0613842656770116,-0.685532410236302,-0.469208303528587,-0.269324885050936,0.323239561169834,0.391633120355912,1.13667755879133,2.47356805858572,0.890808359536568,0.900548248233772,-0.0678350273242204,0.221217283048064,1.65494692668921,0.667415060710467,-0.355718740070342,0.0952614207552481,0.886315108685958,0.559973945735442,"Female",0
-2.04789639894952,-0.305785238083478,0.229838078333162,-1.66213509829547,-0.692754931648438,0.460984111445108,0.931403415399862,0.273318375122022,0.250786613315774,0.096782640980204,-0.757345890524632,-0.479306595156048,-0.241722682774386,-0.347003611833453,0.695974552769876,-0.365265117507769,-0.348829488686213,-0.319719441497074,2.53712188028058,-1.29300906386689,-0.685846701511969,-1.26744750731211,0.545351970014773,1.63323838684344,1.43686921514031,0.312579569667126,0.197485845776124,-0.836943422713372,0.280850255857939,1.57360248296673,-0.939316542558638,0.51041153960436,"Male",0
-0.109849213873172,1.73278301580638,-0.0447231385808928,-0.360065740804246,-0.0780007854453985,0.857040883250062,3.9363454723759,-0.383343193846673,-0.468598224707333,-0.286321829657843,-0.757345890524632,0.0767266627024398,1.17913592816993,1.10185315972687,-0.714911633207752,-0.685532410236302,1.10295883375558,1.58147611977902,-0.299181081575933,-0.70754523951902,-1.03535183498337,-0.00423182815468033,-0.396625203717406,3.83130880267246,-0.820187148556485,-1.28271052862723,-0.392726653935829,-0.715637936950757,0.984258377549515,0.662524182286114,-1.26811895906023,-0.692030596258964,"Male",0
1.02052692955023,0.0339761375648314,-0.868551786700665,-0.14140281317415,0.095969229535813,-1.12324297577471,0.280331453939479,0.70505203653813,0.29995874565283,1.07448036401253,-0.471060941905131,-0.479306595156048,-0.695948819869541,-0.347003611833453,-0.000116074971000752,-0.198762519299466,-0.875750132279065,-0.220177068933542,0.571618586979607,0.548797192994692,-0.243184609183249,-0.520657378995594,-0.791979639659897,-0.56483202898557,-0.0678350273242204,-0.808932336788232,0.323319772116817,0.49864235546636,-0.4297423370173,-0.28801373770048,-0.284647289143112,0.165811283642506,"Male",1
0.442722685118795,0.71349888886145,1.29979272412977,0.268913611109299,-0.692754931648438,-0.727186203969754,0.0444171300293432,0.273318375122022,0.2166367604279,0.096782640980204,-0.0706521807183918,-0.479306595156048,-0.695948819869541,1.25241578845799,1.85689112487752,-0.685532410236302,-0.428467491570662,-0.257076804324674,0.151198692706345,0.289534483729695,-0.162774613197067,0.719493251383538,-0.0519090320843712,-0.56483202898557,-0.820187148556485,0.216053322471627,0.360372430023715,-0.957318111075259,-0.325618523091021,-0.516523934097307,0.0215169924928555,0.527152619008637,"Male",1
-0.68755156021678,1.05326026450976,-0.146568749273797,-0.958303041734469,-0.653717965290613,0.460984111445108,1.09157024913049,0.672947955652694,0.165155900416094,1.07817552576257,-0.462905271345491,0.0470769710854101,-0.340929121774726,-0.347003611833453,-0.714911633207752,-0.685532410236302,1.64333086135945,1.35116318371465,-0.417624994309907,-1.1776350293327,-1.14631380217894,-1.16685746485542,0.100160951946582,1.26689331753861,-0.0678350273242204,-1.2520585004707,-1.43564719003445,1.98144822715658,1.5487006837995,3.11314616798233,-1.53996783883583,0.194563174843682,"Male",0
-1.4198378975829,-0.645546613731787,-1.3450414802806,-0.952940142485939,0.83490681576159,0.0649273396401542,-0.948741763098835,0.273318375122022,-0.0435857456873409,0.096782640980204,-0.231119770868937,-0.479306595156048,-0.695948819869541,-0.347003611833453,-0.714911633207752,0.209209112530128,0.598900662672809,0.52143982813067,-0.574398906549587,-0.131973555067287,0.152967359765728,0.32259771253195,0.0239021837431105,-1.29752216759524,-0.0678350273242204,-0.438652273261346,-0.22563357474926,1.37786017127749,0.514190107785826,-0.730604181336646,-0.519542035427019,0.997591635426172,"Male",0
-0.899127651762848,-1.32506936502841,-0.308140212423216,-1.34242586744182,-0.111633205354651,0.0649273396401542,-0.289233138426868,-1.06759558504095,-0.572495039871507,-0.0736356967097487,-0.263364018396862,-0.479306595156048,-0.695948819869541,-0.347003611833453,-0.0982252692387862,-0.685532410236302,0.600275836920803,0.946567305281892,-1.01596361374606,0.210843076013261,-1.69984630458718,-1.21333958219169,-1.26668867914157,-1.29752216759524,1.06069315452418,-1.62966231337631,-1.10839700518488,-0.686367556564673,0.375078285109794,-0.40939171622754,-1.11152287108777,-1.34366300441923,"Female",0
0.855631284587184,0.71349888886145,0.522314140786134,-0.000232961908220811,-0.692754931648438,-0.727186203969754,2.7269550981075,-0.47715198941363,0.10049403359414,-0.406696016003465,0.664485529779655,-0.479306595156048,0.589823578786085,-0.347003611833453,-0.714911633207752,-0.0811479248402985,-0.354714675189619,-0.537984753653346,-0.37325587213455,0.619294657676286,-0.228465693321601,0.0760604836368396,-0.355283678332346,1.99958345614828,-0.0678350273242204,-0.330768663383304,-0.97542769962663,-0.291042489067382,0.109240720960885,0.902807391821621,-0.510464150358475,0.0869607076138428,"Female",0
0.407396563280603,-0.985307989380096,-0.0631612733878573,0.691165519699143,1.15422937857575,-2.31141329118957,-0.265600740664528,1.45138231945125,-0.450863575662212,0.313668255408617,0.0238347444681276,0.917242052488512,0.24595421635493,1.47249093849809,-0.714911633207752,0.642707912320062,-1.84662656190307,-1.78632148618492,0.684463230260563,1.28507229297947,1.92355989135526,-1.04429735531461,-0.593291219825669,-0.198486959680735,-0.820187148556485,1.28890866484756,1.01379311152472,-0.477033001341499,-1.67608230521229,-1.09178949483935,0.735367053082532,0.235252308970245,"Male",0
-1.71213228057786,-0.305785238083478,0.0875424407248302,-0.764534569099796,-0.141899961932453,0.460984111445108,-0.934665194907993,-0.474514132244787,-0.515057495159426,-0.225831229338075,-0.757345890524632,-0.479306595156048,-0.695948819869541,-0.347003611833453,-0.714911633207752,0.217857756423289,0.843293127487241,1.01555178998596,-0.230574025997039,-0.560374208926454,-0.0693424619810267,0.435047550767996,0.0495258215521518,-0.56483202898557,1.06069315452418,0.0127859032876396,0.139476694928245,-0.740744977610089,0.429284360119098,0.258815956758015,-0.62212477539514,0.348979702491696,"Female",1
-1.59495118581373,-0.645546613731787,1.05515394248819,-1.3572761417356,-0.692754931648438,0.0649273396401542,-0.942586409003264,-0.970882492397616,0.0988478617226565,-0.2066093210194,-0.168034183424828,-0.479306595156048,-0.695948819869541,-0.347003611833453,0.756480393104187,-0.184529481552765,-0.610191137546856,-0.885540778359073,1.41233644764681,-0.34976464920715,0.404079398341228,-0.786025390335273,0.3970837310145,-0.56483202898557,1.43686921514031,0.328684662895206,-0.318699297858958,-1.11808281616722,0.196023731623462,-1.00995594324083,-0.715962356644106,-0.0397612062725366,"Female",1
0.283437080398067,0.0339761375648314,1.55004259149149,-1.16239735809034,-0.692754931648438,0.0649273396401542,-0.30482116426988,0.273318375122022,1.54933763429772,0.096782640980204,-0.488619752087125,0.00110613963367655,-0.0479195309471108,-0.347003611833453,-0.714911633207752,-0.685532410236302,0.0703429200188023,-0.712684993873746,-1.28467209516775,0.944850656044422,-0.355189285254162,-0.949111753317291,0.130966156241103,0.167858109624101,-0.0678350273242204,0.235868299863514,0.436557399779715,-0.727097590677623,-1.25137632969573,-0.0539771815910632,0.285605824228914,-0.132849779917927,"Male",0
0.294010199767833,0.0339761375648314,0.325319225829389,-0.774366522028499,0.0946436427102933,-1.51929974757966,0.393590551288178,0.273318375122022,0.152606734912323,0.096782640980204,0.669518561355968,0.158409424476317,-0.695948819869541,-0.347003611833453,1.06638420041592,-0.685532410236302,-0.566477226719215,-0.746512277948004,0.50253103216908,0.150926375476692,-0.473951500370255,-0.377555550413662,-0.136031317155485,-0.56483202898557,-0.0678350273242204,-0.625117011478818,-1.77559697201253,-0.155327359209357,0.781789971604812,0.140943160669111,-1.08047013373179,-0.815997059349835,"Female",1
1.44999896661487,0.37373751321314,1.03138280684293,-0.0167885609497906,-0.692754931648438,1.25309765505502,0.551308601247269,0.98847248720894,0.525571439035978,0.757012638091368,-0.757345890524632,-0.479306595156048,-0.695948819869541,0.757536609308967,-0.714911633207752,-0.685532410236302,0.310190234090656,-0.158308641585765,-0.100660642878843,-0.0422629860664491,-0.283423882536949,-1.60611067916715,-0.153385719066216,-0.56483202898557,-0.820187148556485,-0.722926336073298,-0.907347415180809,-1.04071277197987,0.376202925280452,0.289895745787071,-0.706640440315365,-0.232018938324413,"Female",1
0.250376865405452,-0.645546613731787,0.0965292066479475,0.224230367042249,-0.158712411636532,0.460984111445108,0.41439688859126,0.273318375122022,-0.734976927319682,0.096782640980204,-0.757345890524632,-0.479306595156048,-0.0614553907679419,-0.347003611833453,-0.714911633207752,-0.238161648853095,0.879436209263802,1.4893639948589,-0.355075636331651,-0.469007736948885,-1.16730105974323,-0.492484554427398,-0.764932979478893,-0.198486959680735,-0.0678350273242204,-0.971890190578846,-0.16614109380811,-0.105950312738968,0.40936072373233,0.77019765015846,-0.852624721906425,-0.161411464614122,"Female",0
-0.162746483694852,0.0339761375648314,0.543917182086497,-0.0205591520549975,1.26726391408518,0.0649273396401542,-0.739426715718902,0.273318375122022,-0.443963068249696,0.096782640980204,0.823396100284259,0.462679159333624,-0.695948819869541,-0.347003611833453,0.271786549142598,1.55424538858424,-0.817740378031035,-0.57182946380524,0.815426649300174,-7.86423864975003e-05,-0.47228020547698,-0.966794954220085,-0.425753415720736,-0.56483202898557,-0.0678350273242204,0.482241145852048,0.0457765670606978,0.394701170461567,-0.571493858527313,0.610311363610717,-0.0529923079745042,-0.566292128930941,"Female",1
-0.115436367017957,0.71349888886145,-0.203885663839837,1.13874661395028,-0.443431792550681,0.857040883250062,0.234525742767906,0.672714561241521,-0.512381645968978,0.702333950396179,0.302021278085801,-0.479306595156048,1.53936902956727,2.73729069818982,-0.0536552954959409,-0.0100672264921399,1.3199050908162,2.20358434145126,0.482157083751276,-1.61053941079885,-0.395099763381909,0.200139010137269,-0.237458218335791,1.99958345614828,-2.32489139102101,0.854552279737485,2.30627572911548,-0.122865057092907,-0.375334543610101,1.28367817076633,-0.3476863070952,0.767578723224266,"Male",0
-1.3522329430935,-0.645546613731787,0.0377320248936244,-1.7519422121371,0.0941807393743973,0.0649273396401542,-0.501512914108382,-0.823374142124668,0.633295741404363,-0.355549370982126,0.281543819929667,-0.479306595156048,-0.695948819869541,-0.347003611833453,-0.714911633207752,0.197678938267669,0.292447280096206,-0.67582582071409,0.817286380245672,-0.808430692026809,-0.509759424204772,-1.04637636986112,0.858727025873185,-0.56483202898557,1.81304527575644,0.183131410149742,-1.19821297322793,-0.664202979127369,0.721455863443879,-0.435430454831385,-1.07458676177016,-0.179232041164718,"Male",1
0.276966323129991,0.71349888886145,0.983054995385318,0.701965667711526,-0.360538274654777,0.857040883250062,-0.268735302297377,0.273318375122022,-0.867791173419407,0.096782640980204,-0.757345890524632,1.16219477656285,-0.142393049149917,0.722312092006049,-0.141772597901734,1.26598241447635,-0.627256455632038,0.0193245732265517,-0.782945146568076,1.03747363753213,-0.37376517597068,0.519405731433296,-1.09091379745949,0.167858109624101,-0.820187148556485,0.745125491769563,0.226590591311381,-0.232818085085717,-1.11852840167347,1.17999826672503,0.483254179691241,0.312116340453709,"Female",0
-0.458492233114173,-1.66483074067671,1.34044422108936,-1.09486858141682,-0.692754931648438,-0.727186203969754,-0.487672113018915,1.10375689325574,0.288301928335967,0.601959699182153,-0.757345890524632,1.48959805562155,-0.695948819869541,-0.347003611833453,2.03490297334244,0.250768145008344,-0.599890580136794,-0.106035965928666,2.3177234045522,-1.132486228877,-0.747824676651779,-0.287229320534631,0.385098612352393,-0.56483202898557,1.43686921514031,-1.03766036305048,-0.418090125116265,-0.330849924165126,1.20887913294595,-0.667415287409022,-0.990622602788094,-1.81454856949972,"Female",1
-1.12081332074163,0.71349888886145,1.46497730561073,0.298010762873282,-0.692754931648438,0.0649273396401542,-0.72582857006225,-0.504591490859176,-0.997857352113693,-0.0756444355793372,-0.757345890524632,-0.479306595156048,0.192573971157579,0.511185773880501,-0.714911633207752,-0.685532410236302,-0.789298579830904,-0.206892140837042,0.555725961927795,0.589692414820872,0.581448309354777,0.717224684560713,-0.604659655954683,0.167858109624101,-0.820187148556485,1.7493082696938,1.25678418617925,-1.1370416560641,-1.41637893006121,-0.107831372605973,0.428848373558579,0.794411993784046,"Male",0
-0.865744742796436,-0.305785238083478,-0.290170904280991,-0.93064551081766,-0.596675576465418,0.460984111445108,0.0537545919561145,-0.664287273115322,-0.237093741927187,-0.226315339045136,0.278873152293524,-0.479306595156048,-0.695948819869541,-0.347003611833453,-0.39150798732173,-0.685532410236302,0.232101961059271,0.365427372465221,2.12167447722015,-1.56382732070245,-0.764060796960165,-1.38282398870883,0.187529014869737,-0.56483202898557,-0.0678350273242204,-1.29197002012547,-1.08513934053145,-0.49857958451505,1.67643730006457,1.84453307456646,-1.70189944878796,-0.360692083635099,"Male",1
0.560217690190258,0.0339761375648314,0.446852078804192,2.4003305649664,-0.692754931648438,-0.3311294321648,-0.0583078784726471,0.817040195581663,-1.06918286749514,0.314368743957437,-0.757345890524632,-0.479306595156048,1.04294909316028,9.73019697461834,3.7861265868163,0.540535579815729,0.829521187694771,-0.364179039745175,-0.69658769496643,-0.552663359016992,1.19127710070675,0.289790286759882,1.16479597418806,0.167858109624101,-1.57253926978875,2.28926917546385,-0.745740469846591,-0.965942923559249,0.160561723041094,-0.6059002056,1.41937012910582,-0.720057796609944,"Female",0
0.243277476681635,-1.32506936502841,0.280908848584779,1.43103136387933,0.0535647047409605,-0.727186203969754,-0.45900584770633,-3.33275532565524,-1.0954271681599,0.0655899988137394,4.36666946103812,-0.479306595156048,3.42288140633243,-0.347003611833453,1.41735986254939,2.21858626111574,-1.18855333496759,-0.0636894703999532,1.98207136664448,-0.799972447334734,-0.259416722841186,0.353681358305827,-0.668576141890698,-0.198486959680735,0.684517093908044,-0.50127222238943,1.27125774655818,-0.806522938716207,0.071520747521186,-0.33722038269719,1.28255531869874,-0.663366414081826,"Male",0
-0.507782967442929,0.0339761375648314,1.09113311060275,0.181530637908895,-0.54905363520079,0.0649273396401542,-0.294005136907657,0.273318375122022,-0.321473027221557,0.096782640980204,0.166111629879178,0.346144839190545,-0.139222626637221,-0.347003611833453,-0.138490014652576,-0.292994033123439,0.0131600412946964,-0.130864927224549,0.246834127180871,-0.170773022740941,0.855554972307562,-0.0630024893629091,0.393315214321774,1.26689331753861,-0.0678350273242204,0.843178033626899,0.348233758590299,-1.04233365327026,-0.168787653088969,-0.885248135539042,-0.0137741019618569,-0.019569754961152,"Male",0
1.24925812136244,0.37373751321314,2.00214172873831,1.83144064435968,-0.551106510864328,-1.51929974757966,0.0631138256588286,0.273318375122022,-0.400460433025813,0.096782640980204,0.421277523674975,0.925409003644334,1.19887366235981,1.48313125750589,0.26601638433354,-0.0175285053249198,-0.368524213695416,-0.572396241247974,-0.575986877873917,0.656738989472399,1.48365282333468,0.988857291372017,0.194002553684372,1.26689331753861,-1.19636320917262,0.584612134489945,0.0144238044869632,-1.16339439505842,-0.172937166469584,0.293993083286078,1.1480516783121,-0.58710643250847,"Male",0
0.201551669862801,0.0339761375648314,0.0570910954534858,0.106834450873953,-0.54021047849632,1.25309765505502,-0.227231829320678,0.79198816631134,0.0728751989689034,0.813457251494325,3.02591459089086,0.13555612001852,-0.695948819869541,0.454070780633338,-0.285546383208877,1.0688327939593,-1.77184197560955,-1.98084785841452,1.47532729702789,0.407367407491534,0.992806559173832,-0.519143957356958,-0.105698132587115,-0.56483202898557,-1.94871533040488,0.622753771326022,0.287971307642011,-0.439826813861423,-0.667708808280985,-0.764296233923229,0.433160735283429,0.55456383693432,"Female",1
-0.344602623107792,-1.32506936502841,-0.474460996023203,-0.454106288272986,0.242659167869272,-1.51929974757966,-0.177570248962993,0.439633284909678,-0.39378884217428,1.70920229758514,0.345497358876927,0.506492450240127,-0.695948819869541,-0.347003611833453,0.661876528211368,-0.685532410236302,0.199839364259984,0.709904770763115,-0.0980340784858481,-0.157043642125853,-1.27162557233943,0.42666658382635,-0.484027434539843,-0.56483202898557,-0.0678350273242204,-0.713347436452461,-0.352512887727722,0.51385954282053,0.387501635832178,0.774337978361882,-0.620789044803833,0.132554973389199,"Female",1
1.4065639845882,-1.32506936502841,1.85820290654434,-0.0172827597809318,-0.692754931648438,-0.727186203969754,-0.174537821366803,1.90740707209482,1.84687103705378,0.565147206609513,-0.757345890524632,-0.479306595156048,-0.695948819869541,-0.347003611833453,-0.714911633207752,1.15686545653543,-0.786374120741777,-1.68743944411256,0.864509983006187,0.205740131213266,-1.30385724035808,-0.452314729442842,0.774421660505311,-0.56483202898557,-0.0678350273242204,0.471783894324524,0.156269770647162,-1.23692510175131,-0.794003311646735,-1.21162757158429,1.0379514291675,0.737948745592059,"Female",1
0.221003531181657,0.0339761375648314,-0.0799068402197675,-1.40196247512519,-0.692754931648438,0.460984111445108,1.19660434821012,0.775699362951674,0.84857647694648,1.1793032149488,-0.0910827373737803,0.711799358868077,0.107393273835961,-0.347003611833453,1.3644936271174,1.29694860012467,-0.17646891288918,-0.269324885050936,-0.084792720802157,-0.00461084460004544,-0.887451956733578,-1.3349607708548,-0.14730809277723,1.26689331753861,0.684517093908044,-0.991280660299484,-0.486417144097912,0.153259766031833,0.0641292197431685,0.503585199404075,-0.703533296585941,0.310246459770623,"Female",0
0.607924975830486,-0.645546613731787,-1.05222086676342,-0.517254238534633,3.10462826384048,0.857040883250062,0.280433345388718,0.715184103773855,0.956482990415669,1.38174566200004,-0.757345890524632,-0.479306595156048,-0.191253111986022,-0.347003611833453,0.330189245294185,-0.685532410236302,1.31275483410844,0.64011021229652,0.543333125058037,-1.52088336897915,-0.31578244254225,-0.824414041127876,1.15550652037074,0.167858109624101,0.684517093908044,-0.947763567706598,-0.914584922055306,1.40549292902772,1.68409287626891,0.98860600590342,-1.15400443494699,-0.145945065610915,"Female",0
-0.317124028300718,0.37373751321314,-1.39501616599276,-0.77441794852578,-0.692754931648438,1.25309765505502,-0.314779432642207,-1.0359637685448,0.212760015807616,-0.210833636828045,-0.757345890524632,-0.479306595156048,0.0517772827332632,-0.347003611833453,0.833445514480508,0.368886061208437,-0.0907187898464975,0.0832431848549377,1.74551106027434,-1.09070617398894,-1.18993423264909,-1.05050241411495,0.246366254177494,-0.198486959680735,1.06069315452418,-0.7546103886653,-0.119645431780256,2.860056313987,0.64404030746176,-0.136001952792614,-0.844771150970932,-0.708401624501359,"Female",0
-0.132964086379157,1.05326026450976,-0.426135755529131,0.268947349800726,-0.123289996739345,0.460984111445108,-0.169288224598875,0.273318375122022,0.0348862010984785,0.096782640980204,0.395985175730776,-0.479306595156048,-0.000638424030027534,-0.347003611833453,-0.714911633207752,-0.685532410236302,0.915525793721254,-0.0912557078326332,-0.776375333200317,-0.271199048655714,1.43087278277706,0.530935383056612,1.24270329430071,1.26689331753861,-0.0678350273242204,0.137196726351503,-0.632378304960652,1.228191118249,0.941863143648461,0.479231827580428,0.358445401501634,0.442952759726369,"Male",0
0.00413173614915942,1.73278301580638,0.506330650261083,2.62091590779086,-0.366816523961817,0.0649273396401542,-0.458094851448569,0.273318375122022,-0.917207238104333,0.096782640980204,1.58619601445367,-0.479306595156048,0.716905734467166,1.69992775728954,0.747925788300042,-0.187442289277672,-0.981683780955699,0.141492076249272,0.38213472460854,0.565853759017506,1.36357893380052,1.24963531993848,-0.906236952682352,1.26689331753861,-3.07724351225328,0.511454572357727,2.05151031057673,0.277707034253741,-1.10918519593296,0.167769577679516,2.75887857612779,1.19142773167505,"Male",0
0.628146648986188,-0.645546613731787,-1.30490854307792,-0.354227673212384,1.73000991253227,-0.3311294321648,0.397243752067272,-0.27291615208172,0.88463168115872,-0.913475798821732,-0.757345890524632,-0.479306595156048,-0.695948819869541,-0.347003611833453,-0.714911633207752,-0.685532410236302,1.9844864204874,0.709557567338186,-1.61892950027044,-0.655858362494604,-0.643438824213387,-0.314784761951667,0.976608066322417,-0.56483202898557,-0.0678350273242204,-0.0604083223748463,-0.999570419239156,1.92205199168879,0.797323643149824,-0.0599040109431729,-1.04859457882786,1.57743507426639,"Male",1
0.411941232999548,-0.645546613731787,-0.909731882250833,-0.516905958924526,1.56074267173514,0.460984111445108,-0.305996205052361,-2.810135948731,0.693797329106756,-0.0684521155651923,3.62405854052178,-0.479306595156048,-0.695948819869541,-0.347003611833453,-0.714911633207752,-0.685532410236302,-1.26164110618987,-1.44480225935348,1.08891608063116,0.341522836326155,-1.02242688534576,-1.09690546253493,-0.389635090729595,-0.56483202898557,0.684517093908044,0.158066348498712,0.518453541949487,0.089514303452474,-1.27398648686583,-0.590386019505703,0.172239753503063,-0.0964525888006536,"Female",1
1.82395027101364,1.73278301580638,-1.025662508542,1.14351009261413,1.85190253907496,0.857040883250062,1.58823285161277,0.4339210158813,-0.83173915646087,1.16147668495068,0.307618990997867,-0.479306595156048,-0.0539118757588138,2.1334698042064,-0.714911633207752,-0.685532410236302,0.532251733912545,1.15589685789361,0.906271157382565,-1.02125182327833,-1.20774710115361,-0.0639472463034587,-0.597665285551026,0.900548248233772,-1.57253926978875,-1.4670900001881,-1.15841594765616,2.34446912110933,1.61103109088868,-0.0149989780527002,-1.05823647684516,-0.750853115514106,"Female",0
-0.355684885196031,0.71349888886145,1.23020156939047,-0.433031453326756,-0.611034688888375,0.857040883250062,-0.809533598479833,0.273318375122022,1.48239198351962,0.096782640980204,-0.757345890524632,-0.479306595156048,-0.0337935518970323,-0.347003611833453,-0.714911633207752,-0.685532410236302,0.464601105260561,-0.283405380443074,-0.554506994536828,0.112135160113648,0.0330519719810854,1.19708992674242,1.20785904715646,0.534203178928937,-0.0678350273242204,-0.252672836158785,0.506756149752434,-0.753676372055023,0.0630442650083075,1.68576100283125,1.19231502427796,-0.618145661481577,"Male",0
0.664028488003238,1.73278301580638,1.98928174171367,2.44008190628714,-0.692754931648438,0.857040883250062,-0.224685266292228,1.40601588184354,-1.57820246545324,0.101514708058887,-0.757345890524632,-0.479306595156048,0.813436169856654,3.54061207334705,0.326943590392018,-0.685532410236302,0.36398174182945,1.39504315818393,-0.178176920601301,-0.109469719941651,1.1711217102931,1.81157132236038,-0.626899497287337,0.900548248233772,-1.57253926978875,0.429889936341572,0.801504724563909,-0.472457741148175,0.210398831549165,0.850324492553799,0.988565065865447,0.218853415147864,"Male",0
2.11010755790179,-1.32506936502841,-0.657913523508665,0.261762934903613,-0.692754931648438,-0.3311294321648,0.488635271172728,0.845711026039047,-1.22094266180773,0.2446397897063,-0.377789197816292,-0.479306595156048,-0.695948819869541,-0.347003611833453,-0.714911633207752,-0.685532410236302,-0.550388814017516,0.960256421483542,-0.277837497855654,0.886507563768421,-1.39308815291905,0.794608629838919,-1.92423738748442,-0.56483202898557,-0.0678350273242204,-2.45181549460019,-1.32484399002918,-0.241845893198466,0.849238018077869,-0.811987110553122,-0.928487334255787,-1.13579460181614,"Male",1
1.45899807456669,0.0339761375648314,0.400941905639047,-0.119888802838304,0.0926224509169268,-1.51929974757966,0.296201375172054,-0.314953555788185,0.377047728041237,-0.649828342488077,-0.757345890524632,0.682982279335249,-0.695948819869541,-0.347003611833453,-0.714911633207752,1.52534502988978,-0.573083571174829,-0.624457491834682,-2.20648746299164,1.97544138785124,-0.47532627520182,-0.172586675459481,-1.06274238370308,-0.56483202898557,-0.0678350273242204,-0.0929076881619367,-0.652252236465969,-0.52529499309668,-1.23805478548071,-0.897441938151028,0.0992498228059325,1.39477725596069,"Female",1
0.722674225713277,1.05326026450976,0.943497658934947,-0.22614307700086,-0.692754931648438,-0.3311294321648,0.479285960749393,0.273318375122022,1.34402472717017,0.096782640980204,-0.00108096058792462,0.872699225077714,0.215912280865597,-0.347003611833453,5.42186974482504,0.600343774452415,0.574203493756586,-0.910894232727573,-1.83696261540535,0.231618667412863,0.226807083755064,-0.777177141104571,1.0938845886155,1.26689331753861,-0.0678350273242204,-0.0517653683622655,-1.41581804806164,-1.02170471832166,0.477888964875851,0.926020707246599,0.273964290583576,0.113966346349721,"Female",0
1.64691502173277,0.71349888886145,-1.26465835498348,0.182960860812476,0.208644109704992,-0.727186203969754,1.58728495735944,0.763544984213859,0.980828900998114,1.26600361509091,-0.757345890524632,-0.479306595156048,0.87186397591057,-0.347003611833453,0.908366021626727,0.972625669858259,-0.0931798346491921,-0.544733845413841,-0.812925596740523,0.57009038993285,-0.708350609152016,0.247005405515557,0.247917330762662,2.73227359475795,0.308341033291912,-0.610541638774522,-0.983011239375887,2.76833077817754,0.205112504479713,0.940020686278089,0.551662219314094,0.668346250965457,"Male",0
-0.295668012972004,0.0339761375648314,1.07125456534722,0.0188650319818051,-0.438514176394907,0.0649273396401542,-0.0108548812961097,0.78073155982476,-0.318385309177935,0.658259404431366,-0.0844089829181725,-0.479306595156048,-0.290254356854655,-0.347003611833453,-0.294864827699666,-0.113435576814696,-0.470355151224803,0.0922567585429964,-0.448443639512909,0.818783554839944,0.260444493208546,-0.374327108382375,-1.09012143171726,0.167858109624101,-0.0678350273242204,-0.0286453461371845,0.6016992570367,-1.08788915624206,-0.9058192782076,-0.0394853160756734,0.0622849111165235,-0.401003969358678,"Male",0
-0.129697936398657,0.37373751321314,-1.0939645574166,-1.88854492929555,1.31838538231464,0.460984111445108,1.53909090872484,0.512406278867895,1.63849119823212,3.10451263634519,-0.360994653891142,0.229266759991037,0.737744297215503,-0.347003611833453,-0.220107234978966,-0.685532410236302,0.320975045151529,-0.693049616336389,1.42289391663188,-1.17228075880285,-0.84330767178394,-1.54399678082923,1.28992203984287,0.534203178928937,0.684517093908044,-0.688230688839644,-1.28269270022282,0.527765881697875,1.23522896430549,0.367569692494697,-1.38844133948736,-0.395441387065382,"Female",0
0.94428062451972,0.0339761375648314,0.260227949348421,-0.16303670168784,0.868000815880186,0.0649273396401542,0.351008963468914,-2.19774258127587,0.344840790182794,-0.0780669066633682,-0.757345890524632,-0.479306595156048,-0.695948819869541,-0.347003611833453,-0.714911633207752,0.707500123176473,0.47082627304715,-0.199912870650529,-1.92701977165673,0.8976247688515,0.0159824830996816,-1.4279516006531,-0.378587302397636,-0.56483202898557,0.308341033291912,-0.43493632958666,-0.746071863307628,-0.947756291688355,-0.375824755664872,-0.7597790854968,0.0303258364644488,-0.0964525888006536,"Male",1
-0.47036281677989,1.39302164015807,0.132409420362047,0.82171473252554,-0.569253639505709,0.857040883250062,-0.702173202404231,0.723600593843416,0.352324250530024,1.06001053832121,-0.757345890524632,-0.479306595156048,0.744116266624778,-0.347003611833453,0.0305936601236232,-0.685532410236302,-0.578613326163601,-0.888431343317022,-0.349551939155792,0.944850656044422,1.94927753533185,1.38643101207445,0.723638264161341,0.900548248233772,-0.0678350273242204,1.56282380369651,1.60453141301816,-0.403737022482613,-1.29726164865858,-1.16772509764391,1.34506976300444,1.41925451351359,"Male",0
0.30154748978768,1.73278301580638,0.0943107350203655,-0.757414245022984,-0.223783808782126,0.857040883250062,1.54957264297708,0.0753115362705958,0.976688927813865,-2.79334286413132,-0.10084880965123,0.107516777958449,1.28296798262164,-0.347003611833453,-0.305126557475922,-0.12741188382011,0.132442660373174,-0.597190446641887,-0.78392458070381,0.432929217618219,0.570120573747389,-1.00357034071298,0.214310671417387,0.900548248233772,-0.0678350273242204,-0.475500030693476,-0.928303724236606,0.110181057865954,0.250433718964398,-0.314296764100466,-0.552061529313607,-0.0430007138455709,"Male",0
0.279826795668561,0.71349888886145,-0.80433896460951,-0.463065154318616,-0.528864196856905,-1.12324297577471,0.292913775525526,-0.316857348444849,1.27898791111663,-0.986524724980835,-0.198276254385579,-0.479306595156048,-0.0218545526132042,-0.347003611833453,-0.714911633207752,-0.685532410236302,2.24362373493017,0.83566837638613,-0.923525744855691,-1.42109424173022,0.156629685478652,-0.552023619697659,1.70260558527959,0.167858109624101,-0.0678350273242204,-0.536593931544154,-0.950847742560329,0.65359657599455,1.64232626104153,0.624219362436754,-1.13112759185649,-0.676550456530225,"Female",0
-2.10114415067371,0.37373751321314,-1.09168511956338,-0.541705781011101,0.344419697523918,0.0649273396401542,-1.17964472306028,-0.322643384950408,-0.895390575073104,-0.166437381163515,-0.757345890524632,1.03459908170236,-0.695948819869541,-0.347003611833453,1.0470494067036,-0.445556217505535,0.293521308788364,0.842725580952226,-0.0495677117103474,-0.263730790386196,0.188716924813124,1.06385833626529,-0.0775118607124579,-1.29752216759524,-0.0678350273242204,0.076341609670141,0.0245014781713776,1.52285707792109,0.451393153833012,-0.35279858372206,-0.359483165432128,0.328067388346516,"Male",0
-0.363261421243435,-0.645546613731787,-0.637010142850026,-0.0715077613133301,1.5106649472155,0.857040883250062,-1.03829194662598,-0.216118819140361,-0.11149785577417,-0.579109903410086,0.540848014970586,-0.479306595156048,-0.695948819869541,-0.347003611833453,-0.714911633207752,-0.13370309748343,-0.423161953000959,-0.0717839043278868,1.72660340804881,-0.710793128298728,-0.557128698392069,-0.845555616926698,-0.137991023168352,-1.29752216759524,0.684517093908044,0.322502839909826,0.665220821823631,0.685938509048596,-0.322660429463863,-0.479694474771804,-0.146743787575893,-1.06411584229783,"Male",0
-1.29629579951863,-0.645546613731787,0.399105133653086,-1.43001830682858,-0.692754931648438,0.0649273396401542,0.0799922981058333,0.273318375122022,0.415534150089429,0.096782640980204,-0.546304420547541,-0.102019107101305,-0.695948819869541,-0.347003611833453,-0.45144772064301,-0.326698899011655,2.46993604961018,1.78686976142814,-1.07072238177127,-1.58276454191809,-1.25044735811469,-0.979257943176945,0.683396293482856,-0.56483202898557,0.684517093908044,-0.763540536123602,-0.970504354449101,0.38943514783366,1.42702901646527,0.724163091912513,-1.87237186987691,0.450569523312759,"Female",1
0.623414497884931,0.71349888886145,-0.114151722095474,0.379681234125739,0.213219739356532,1.25309765505502,-0.110243681203469,0.0224733977050169,0.497298272156414,-1.7605105437383,-0.202890309154251,-0.479306595156048,-0.0274179165795401,0.944412052500914,-0.0227299647088735,1.19994766249844,-0.330894645910019,-0.695188925041619,-0.0887760712546941,0.309195844290452,-0.0691096233546609,0.00979447665621878,0.171320034290692,1.26689331753861,-0.444011087940352,0.713221262810824,0.538439732743902,-0.35230322141501,-0.758882321625479,-0.616207016591912,0.709298321946237,-0.0964525888006536,"Male",0
-1.62141118915543,0.37373751321314,-1.51352364076941,-0.807644365518817,0.978378122546123,1.25309765505502,-0.728830144738099,0.0511937727076974,-0.115069657127714,-1.38893483601598,-0.266372434183265,-0.479306595156048,-0.695948819869541,-0.347003611833453,-0.101980971820811,-0.685532410236302,-0.410322877747675,-0.163691715626532,0.726046500784049,0.0266398213328391,0.63785452595857,0.937466917570715,0.252379116229941,-0.56483202898557,0.684517093908044,0.377210090923927,0.158060318774973,3.87967590777098,0.110596067144162,0.848396334756179,-0.197492103500178,-0.710237242156254,"Male",1
-0.335648492089247,1.05326026450976,0.256028489976365,0.204947676865178,-0.692754931648438,1.25309765505502,-0.417856906187551,-0.302482296991262,-0.399909634116532,-0.366591753481353,0.333558595689902,0.495820742035568,-0.038273628134988,-0.347003611833453,0.306501234854539,-0.221816573673997,0.282243280843647,0.431152630259945,-0.213679327385813,-0.179176583246914,0.402745572258694,-0.0908258369474287,-0.109932198855704,0.167858109624101,-0.0678350273242204,-0.282793829228086,0.114495967843925,-0.82149176259186,0.283577621698685,0.188358220400752,-0.133304757034155,0.436681397150294,"Female",0
-0.0797176303259547,0.0339761375648314,-1.56981960492253,-1.04959412694976,-0.692754931648438,-0.727186203969754,-0.0734833238880183,-0.36559558387455,1.59757625494903,-1.01453013698094,-0.152106839989692,0.602704068784799,-0.695948819869541,-0.347003611833453,0.418457900573078,-0.428260636047456,1.24084686838553,-0.742965614892689,-1.1140037777207,-0.4632513348184,-0.0792548847639459,-1.14785475556363,1.65344269022708,-0.56483202898557,-0.0678350273242204,0.771370019167186,-1.31266660864246,1.8904451894156,0.441695484407776,1.67496391634857,-0.584423999823787,-0.135921272839216,"Male",1
-0.343429536555259,1.05326026450976,-0.207703720847753,0.0110947810153567,-0.57943619502115,1.25309765505502,0.387783847515338,0.273318375122022,-1.02120548195738,0.096782640980204,-0.757345890524632,-0.479306595156048,-0.236570779518106,-0.347003611833453,-0.714911633207752,0.610066845792205,0.878824309714746,1.67758163685785,1.4291840221386,-1.74785813691455,-1.20450008893634,-0.473994975592781,-0.317424184385934,1.26689331753861,-0.0678350273242204,-0.457804485792601,0.317446180382723,-0.423567547931538,0.898121003420043,1.4051107069286,-1.24457672534479,-0.929217307303743,"Female",0
0.0600056031246804,-2.34435349197333,-0.769728927736719,-0.998484571752616,-0.692754931648438,-1.51929974757966,2.48128169812611,0.273318375122022,-0.240280990943173,0.096782640980204,-0.757345890524632,-0.479306595156048,-0.695948819869541,-0.347003611833453,-0.714911633207752,3.39406286618683,0.432429019640789,0.704269948512668,0.219342452334374,-0.760903412328485,-0.823013376651321,-0.612159331719047,-0.281787633203348,-0.56483202898557,1.81304527575644,-1.92591449162988,-1.15626595518584,0.235639936919485,1.57603332449096,-1.10076274914591,-1.46112403398205,-2.3236140452624,"Female",1
-0.576349322063928,1.05326026450976,-0.34903914626761,-1.00842669873256,0.14855084028143,2.04521119866492,0.929054614519964,0.273318375122022,0.149419340454467,0.096782640980204,1.90917588007913,-0.479306595156048,0.107836130557955,-0.347003611833453,-0.160097881279761,-0.685532410236302,0.82035981521873,0.726976977537348,1.37481118091573,-1.78128581116594,-1.0455122419201,-0.818397640223714,0.455522746762198,0.167858109624101,-0.0678350273242204,-1.13398645462402,-0.573077534556624,-0.371968964334252,1.4462453495278,2.38155017212887,-1.70863296920834,-0.464080113055038,"Male",0
0.0325478176500664,0.71349888886145,0.352842411146025,1.59987972740328,-0.0227961846965648,1.25309765505502,-0.861243791917236,-0.0540861106628316,-0.970509163626462,-0.3314369379049,-0.0336668821650972,2.1081946694206,-0.695948819869541,-0.347003611833453,0.188528354222548,-0.070297215946293,-1.25067356661238,-1.81744957965822,0.362970412483934,0.879960986987001,2.2442671183929,0.390887070625494,0.644500045083122,-0.56483202898557,-0.0678350273242204,1.52867971971435,-0.492975908314257,0.496055408594478,-0.330951430643919,-0.945704914728628,2.16990388866507,1.15792570276976,"Male",1
1.42264022278485,-2.34435349197333,-0.771383965500504,0.530887529395488,0.959809977499517,-2.31141329118957,0.36638262408578,-13.4900249140979,1.13753511053296,0.0526106148264933,-0.757345890524632,-0.479306595156048,-0.695948819869541,-0.347003611833453,-0.714911633207752,-0.685532410236302,-0.414121746497574,-1.08324451369047,2.18162558335883,-0.869633273902483,-2.2076203804165,0.112419266334885,1.59028144083716,-0.56483202898557,-0.0678350273242204,-0.300671572284311,1.08544600523687,0.629736342330515,-0.284321588535409,-0.657622036468323,0.151797618593772,-3.69417494154656,"Female",1
0.484312573636561,1.05326026450976,-0.705097338721246,1.16819156759645,2.10594370481181,1.25309765505502,0.0785054447026413,1.12469231808264,-0.284048873579763,0.440367999226076,-0.757345890524632,-0.479306595156048,-0.695948819869541,2.28285405755334,-0.714911633207752,-0.685532410236302,0.0620084573676567,-0.784128100212557,-1.05798082687805,0.843608231212537,1.74003672039194,-0.830770331890917,0.185128418204401,-0.56483202898557,-1.94871533040488,0.93445136737015,0.0245014781713776,0.549960031195299,-0.721445881281707,-1.06994670475102,0.826534112660536,-0.459013756131637,"Male",1
-0.322641874187708,2.07254439145469,-0.722964664347209,-0.376925726924662,-0.0944124645431437,2.04521119866492,1.380046870618,-0.111687181349819,-0.40896199641177,-0.591006549302109,-0.757345890524632,0.534935631704758,-0.695948819869541,-0.347003611833453,-0.360783503018681,-0.685532410236302,1.10712361520971,1.29850378970953,0.258751700513341,-1.12994220358211,-1.42174506901222,-0.898974092207269,-0.203584944790227,-0.56483202898557,-0.0678350273242204,-1.23467618340989,-1.27652784927695,0.106634822420592,1.4213062637143,4.67760281836463,-1.60820894307341,0.194563174843682,"Male",1
0.19751175913511,0.71349888886145,-1.0785371371552,0.190509654283928,-0.660666292635857,0.857040883250062,1.06945278951605,-0.44789636503343,0.399202899510912,-0.519020488241612,-0.757345890524632,1.96347002241886,0.127817225370839,1.24428314743955,0.137996965095091,-0.685532410236302,-2.19716457783503,-0.608242512901629,0.843077298936411,1.60668010905031,0.883324078677304,0.177310449692588,-1.55146295519878,1.99958345614828,-1.57253926978875,-0.254020258306378,2.46846829946376,0.227943809610579,-2.00887295121794,-0.544377210167242,0.675881739202448,0.304877495433048,"Male",0
-0.828763532498608,1.73278301580638,-0.186597650723981,0.588132758391313,-0.363613372979966,1.25309765505502,-0.235883079708217,-0.299382427962384,-0.88377383367267,-0.181629235688237,-0.21483013324837,-0.479306595156048,-0.695948819869541,0.916602293914965,-0.0376356264800541,-0.224313025014853,-0.311278751248775,-0.354598850181364,0.650033024626728,-0.0706224472617865,-0.523624723961348,0.669985847844371,0.0320295985217463,-0.56483202898557,-1.94871533040488,2.4813917804052,0.74290081214733,0.278757504735428,-1.24970889549385,0.326800435987911,-0.0693795422483158,1.99822131435363,"Male",1
0.0968000784515927,0.37373751321314,1.08935381821077,0.749744061507752,-0.176795751869212,-0.727186203969754,-0.184339961099478,0.273318375122022,0.853508597422391,0.096782640980204,0.817221326882674,3.27391789538874,3.10109779491042,-0.347003611833453,1.9060054136604,3.77652492335148,-2.08889062786286,-1.8057792317685,-0.218161779402447,1.49614729751179,1.27316534169533,1.53637690434511,0.214310671417387,1.26689331753861,-0.0678350273242204,0.993829497925286,1.84451884799987,-0.810902512998097,-1.71429228194068,-0.901291718987067,2.19541509641493,0.400048372830947,"Male",0
0.944722449989158,-0.305785238083478,-0.870519365380236,0.052695815132639,0.801344849225056,-0.727186203969754,0.580536505136978,-0.494762304826923,0.316645297211359,-0.457596093205296,-0.757345890524632,-0.479306595156048,1.05864311764609,-0.347003611833453,-0.714911633207752,-0.0669656174212589,0.359966332932574,-0.0689822658699775,-0.112790724105338,-0.140946938068646,-0.16070136221491,-0.630048077822162,0.251921012200908,-0.198486959680735,-0.0678350273242204,-0.49145355233559,-1.01525128659093,0.361947863925936,0.612694046798445,0.0939619670983305,-0.665963517175726,0.596442086543002,"Male",0
0.276692066683855,-0.645546613731787,0.474168286276264,2.13471203736838,-0.259295283347335,-1.51929974757966,-0.764754951422116,0.824934523283435,-2.02237796938345,-0.0721719140089044,0.339993150281906,-0.479306595156048,-0.695948819869541,-0.347003611833453,-0.714911633207752,1.18027160003343,-1.10185832745151,-0.409594306834775,-2.03113303578036,2.37039820187939,1.34122034747347,2.30384426343495,-1.43064686495663,-0.56483202898557,-0.0678350273242204,1.5965552405657,0.317680697657043,-0.622723887105461,-1.63952782095856,-1.00441833448605,2.02063554629803,1.92402828450145,"Female",1
2.30408658745544,1.05326026450976,-1.281766946302,-0.544152762368558,-0.587272065107079,0.460984111445108,0.651996431617744,0.599697432987192,2.91241627841158,3.16616761991799,-0.216286551388711,0.487967367507829,-0.0435703410885696,-0.347003611833453,-0.714911633207752,-0.685532410236302,0.248586062727379,-1.75610522458689,1.6904976216032,-1.272969979199,-1.69414259013597,-0.593868388975363,2.46573129950155,-0.198486959680735,-0.0678350273242204,-0.00510888506840293,-1.65217542647104,2.58608629651651,1.23105022171023,0.262549996736202,-1.14802366344854,-1.93528845798189,"Female",0
-0.543811040246266,0.0339761375648314,-0.889906818591796,-0.0171552403070176,1.55609628492404,-0.727186203969754,-0.0893861061266072,0.273318375122022,-1.04988079986488,0.096782640980204,0.602145534960245,-0.479306595156048,-0.695948819869541,-0.347003611833453,-0.714911633207752,-0.685532410236302,-0.101182726264479,0.502832179731509,1.56842801394153,-0.871686856448232,-0.679926617883218,-0.00842923399875544,-0.330309895712627,-0.56483202898557,-0.0678350273242204,-0.374936058616808,-0.632048482493956,0.683055536297859,0.890222275590343,-0.200413721930546,-0.99334263510801,-0.522160940995188,"Male",1
-0.6749405957484,0.0339761375648314,0.674586006016448,-1.46442512491891,-0.363704396641102,0.857040883250062,0.583624432904807,-0.520556059004315,-0.0158722843224193,-0.346644284749456,-0.00531378668832466,-0.479306595156048,-0.695948819869541,-0.347003611833453,-0.24549365466421,2.19149560186807,-0.668984732453998,-0.463820293822541,0.816363152359036,-0.0642208813774679,-1.13961952571657,-1.75388518958184,-0.796397068593511,-0.56483202898557,0.684517093908044,-0.730995129317344,-0.360712584647361,-0.844167363806874,-0.180947172398334,0.29850409428258,-0.921914747889371,-0.117101767867186,"Female",1
0.286251920116839,-0.645546613731787,0.40794865817955,-1.47470338016525,0.482402337078997,0.0649273396401542,1.69748094777322,0.273318375122022,0.785360175940133,0.096782640980204,-0.757345890524632,-0.479306595156048,-0.695948819869541,-0.347003611833453,-0.714911633207752,-0.685532410236302,0.609877598244177,0.299507312060036,-1.12171098136264,0.3516607550605,0.224195713804747,-0.647962674714444,-0.086789455664563,-0.56483202898557,1.81304527575644,-1.50028449345333,-1.07159602050205,-0.863992355332265,0.816645820323327,-0.503098769030291,-1.27596638209625,0.062091108100013,"Male",1
-0.213867941558623,-1.32506936502841,-0.87489905472634,-0.769127534631637,0.523283397724585,0.0649273396401542,0.262926203321637,-1.85426510833656,-0.71473802182099,0.00421092874424466,5.28899222431942,1.32224116030546,-0.695948819869541,-0.347003611833453,0.543128549288971,0.171182597812556,-0.370457549086226,0.292364442004991,-0.940668767813543,0.460785312316975,-1.43072604439763,-0.0299253679279651,-1.76512156401934,-2.03021230620491,-0.0678350273242204,-1.93286109443031,-0.960960639181891,0.0303622459941297,0.251367866337419,-0.160540785707807,-1.10743580651402,1.75322387504046,"Male",0
0.285433798143063,2.7520671427513,0.643334924685164,0.360170546611481,-0.226646880350297,1.25309765505502,1.18468665613814,0.273318375122022,-0.800990531447718,0.096782640980204,2.10926226020375,1.49175221825915,0.633432927099358,1.19379374260487,-0.164347001918164,-0.685532410236302,0.383340189656836,0.668216950131254,-0.638433896978957,-0.105193349969747,-0.850612729878725,-0.598605768615762,-0.879928039868607,0.900548248233772,-1.57253926978875,-0.554834464061689,-0.614938310535943,0.0183110820282555,0.194262231413749,1.17541508885751,-0.448620108950997,0.825780465001818,"Female",0
-0.0727277277160048,0.71349888886145,-1.00860604497638,-0.459520058788799,0.10922509779101,-0.3311294321648,-0.248220484568164,-0.36083467508918,0.57372273452064,-0.664627374615832,-0.757345890524632,0.594641396177192,0.0283760187173954,-0.347003611833453,1.53493668124242,0.846595771073128,-0.0989809561538086,-0.431386067939203,-0.162181357159775,0.0618462138351901,0.256969768796666,0.0875479082746723,0.75772684711968,0.167858109624101,-0.0678350273242204,0.0348702630663694,-0.406770890044003,0.876051153998658,0.151784415160606,-0.549339939532357,-0.16447307774867,1.60721112325565,"Male",0
2.1416560189631,0.0339761375648314,-0.481243114449244,0.504673415511661,-0.692754931648438,-0.727186203969754,0.575867596186656,0.911848832342482,1.00438490923678,1.00262834867134,-0.333932857272258,-0.479306595156048,0.32510573200406,-0.347003611833453,1.9280299266593,-0.685532410236302,-0.887194233457247,-1.75331752728945,0.185728681828784,0.730614453498381,-0.182250852390506,0.335155002359054,0.652044469612152,-0.198486959680735,-0.0678350273242204,0.0150480555487103,-1.6828244051965,-0.515669234325675,0.379094857147858,-0.0463099079734466,0.0248264804242681,0.0110655504768097,"Female",0
0.455370422966047,-0.985307989380096,-1.07477851977754,1.5978104469693,-0.692754931648438,-1.12324297577471,-0.692205624181727,2.40001573468079,-0.46224705322554,0.215736681376585,0.417841303808505,-0.479306595156048,2.13799850777964,-0.347003611833453,-0.714911633207752,-0.685532410236302,0.962546201873514,1.12458168984704,-0.293782044363206,-0.643297643687219,1.79784988047563,1.18283030914794,0.730657886430802,0.167858109624101,-0.0678350273242204,0.484131377906588,1.20201252037207,0.263818214954156,0.377619381705304,-0.257938466767046,1.27731495020373,-2.22032539800621,"Male",0
0.81343841620307,-0.645546613731787,1.28228146539063,-0.272740080094647,-0.692754931648438,-0.727186203969754,0.256070847700232,1.46058594401632,0.159522809224641,0.42606283951441,-0.757345890524632,-0.479306595156048,1.20257448752044,-0.347003611833453,1.25077615194338,-0.0162238101981319,-0.453107637043419,-0.518574523932002,-0.186911477135531,0.571716953587849,-1.0469640944234,-0.834755428248216,-0.518209481499165,0.167858109624101,0.684517093908044,0.196055582563558,-0.380639374701401,-0.961466214175645,-0.698601627815216,-1.17042353915732,0.0602041676532951,1.60428888704286,"Male",0
0.0251732022505161,0.0339761375648314,0.0200787365381854,-0.655626131440278,0.810808223396012,0.0649273396401542,0.154737161341388,0.273318375122022,0.598543036360827,0.096782640980204,-0.757345890524632,-0.479306595156048,-0.695948819869541,-0.347003611833453,-0.714911633207752,-0.140721594306992,-0.975419401160815,-0.664382688372942,1.64383953754425,-0.0114798163540523,0.252519736617187,-0.196601484545495,-0.00100703472166146,-0.56483202898557,-0.0678350273242204,-0.576351912595892,0.22287730700422,0.648893458579682,0.166107983129431,0.200850456232079,-0.356135457060729,0.687612438561904,"Male",1
0.50091530597948,0.0339761375648314,-1.09791318077906,0.862486024474812,1.78609243207349,0.0649273396401542,-0.00458440818285154,-0.555139540072362,-0.724309543705088,-0.138389500309348,-0.757345890524632,1.97595440036219,0.132027273302224,-0.347003611833453,0.142355952820663,-0.10174024120813,0.444497662321324,0.879698188081528,-0.053232586177737,-0.425155972653813,-0.32685761949931,-0.0782320678126232,-0.193892873951974,0.900548248233772,-0.0678350273242204,-0.181571641914069,-0.221883622798968,2.05064021053912,0.416988853650071,0.314496633904574,0.330727200622319,0.569792291337477,"Male",0
0.845786629450057,1.73278301580638,-0.908242857505815,1.52860982736583,0.171430387814254,1.25309765505502,0.889747809263662,0.0885521151603592,-0.776888101908148,-0.89454321317571,0.467849269524822,-0.479306595156048,1.76616853925829,1.55544661708465,-0.714911633207752,-0.685532410236302,-0.120246340559284,0.0907936622246357,-0.169719061602669,0.326240976657507,0.59197396695711,0.15220395256983,-0.492893294744086,1.99958345614828,-1.94871533040488,0.823166616624861,0.679049957617245,0.0550242665290676,-0.696150023339856,1.01692526720117,0.351522517257102,0.365060290624994,"Male",0
-0.823084177872436,-0.305785238083478,-0.637723352978614,-0.734997005524332,-0.307691263497459,-0.3311294321648,-0.528485057187992,-0.485178410424711,1.01739854470911,-0.669598547904597,-0.757345890524632,-0.479306595156048,-0.695948819869541,-0.347003611833453,-0.714911633207752,-0.685532410236302,0.360870501928934,-0.68343309480197,0.861059889259278,-0.738304656785652,-0.111736316227831,0.374902456935762,1.53281793022222,-0.56483202898557,0.684517093908044,1.796275885926,0.790404678186874,0.451152676128113,-0.496517847150117,-0.485131731171549,-0.260983299183305,-1.52073608811817,"Female",1
-1.37442431227656,-0.645546613731787,0.561517037108677,-0.601757871682105,-0.556927678841757,0.857040883250062,-0.91628354803327,-1.0440707787223,0.346234440002668,-0.231421918768572,1.11458541438064,-0.479306595156048,-0.695948819869541,-0.347003611833453,-0.714911633207752,-0.685532410236302,0.15461359793594,0.563992531435751,-0.42462662472009,0.177539646792247,0.462061602752643,0.887435423845887,-0.269500368692618,-0.56483202898557,1.06069315452418,0.534430277314505,1.94261870277159,-0.897493380508777,-1.05291877368615,-0.000898149856684489,0.189666741253639,-0.160085773270989,"Female",1
-0.0319758070016579,-0.645546613731787,-0.676263697535056,0.244660701600381,0.216155768382937,-0.727186203969754,-0.701429079180702,-0.309780900920069,0.351134055525929,-0.646590435097085,0.209294895221807,-0.479306595156048,-0.695948819869541,-0.347003611833453,1.69859471210969,-0.685532410236302,-0.547253420687705,-1.10337292177283,-0.241093655886085,0.656965271765269,0.348361658233652,1.26831466736128,0.68899466073075,-0.56483202898557,-0.0678350273242204,0.68280972550951,-0.106363277226953,-0.12552285034273,-0.292626247865365,0.568262551873402,1.13216446936931,0.267992013165815,"Male",1
-1.31316591952354,-0.645546613731787,-0.191314221094548,-0.784572764371748,-0.408917447252797,0.460984111445108,-0.162173944825997,0.273318375122022,-0.68767336300375,0.096782640980204,-0.233853413048976,-0.479306595156048,-0.695948819869541,-0.347003611833453,-0.714911633207752,-0.24048565280834,0.368026353700119,0.821957236086292,0.72843828562813,-0.739948202643314,-0.614535617561679,-0.567112216532119,-0.408067201652261,-0.56483202898557,-0.0678350273242204,-0.498703370814543,-0.386881376988461,-0.528857738797237,0.62753809484775,3.50251671011702,-1.02003272834025,-0.759862384342452,"Female",1
-0.827654444603771,0.37373751321314,-0.860561895377545,-0.318187831205082,1.24300439793919,1.25309765505502,-0.739334686086711,-0.558445814534367,-0.522206935771502,-0.19136964282435,-0.297723076777476,0.342379952374828,-0.695948819869541,0.188263884159169,0.71956976074518,0.877459622692053,0.944027544216995,1.7704335742509,1.14067405485818,-1.80830548365056,-1.08450201404996,-0.664423231037978,-0.17770315424073,-0.56483202898557,-0.820187148556485,-0.645901934561161,0.957500245198995,0.475462329360267,0.653256813068717,2.11904534994177,-0.94628598920185,1.48280735305404,"Female",1
-0.171153718993337,0.71349888886145,0.632988547779364,-0.240667458443442,-0.692754931648438,0.857040883250062,-0.597412182029062,0.273318375122022,0.309548499209778,0.096782640980204,-0.757345890524632,-0.479306595156048,-0.695948819869541,-0.347003611833453,0.210117912745697,0.259373848641107,-0.0580888343068362,-0.552647589727675,-0.58948890045639,0.497564786962934,1.04447213813514,-0.033751060430978,0.367517500785554,-0.56483202898557,-0.0678350273242204,0.283207354829963,-0.145034386415386,-0.964372773354247,-0.166154797019344,-0.340298511653237,-0.0721033430513728,0.433023531037423,"Female",1
-0.419537307588963,0.71349888886145,1.50941954009435,-0.82009650911182,-0.51266773001052,1.25309765505502,0.241404239875013,0.273318375122022,1.03129821052363,0.096782640980204,-0.757345890524632,-0.479306595156048,0.621183881192341,-0.347003611833453,0.648817561910645,-0.221188232432043,-1.5674279286072,-1.94130200385372,1.26000292457248,0.744577912207773,0.538024351389195,-0.229441970984554,0.581342750445735,1.26689331753861,-0.0678350273242204,0.751069026584083,0.766794518565798,-1.22893743487488,-1.10638369579146,-0.814918623444149,0.450648756478738,1.3250004584117,"Female",0
-1.66491156232447,-2.00459211632502,0.145242149594269,-0.600517691791638,-0.527498440733643,0.0649273396401542,-1.51119846596341,-4.97997417662757,0.343010740016001,0.014613636206212,-0.757345890524632,-0.479306595156048,-0.695948819869541,-0.347003611833453,-0.714911633207752,-0.685532410236302,0.0825873774939414,-1.88920916653568,-0.37325587213455,0.363175428190865,2.23466042333012,0.0760604836368396,2.14358185605357,-1.29752216759524,1.43686921514031,1.7789403352654,0.0292292757023365,-0.698235702419686,-0.396549831980521,-0.902798954136668,0.684291745973083,-0.946823326722413,"Male",0
-0.651644159240314,0.71349888886145,-0.976056968955269,1.42942426076546,-0.100791382102902,-1.12324297577471,-1.0884068120298,0.273318375122022,-0.709020659053013,0.096782640980204,0.746718317148003,-0.479306595156048,0.210808580674905,-0.347003611833453,1.16276028096644,-0.685532410236302,0.749636180244088,0.919444466837576,-0.0791678976779562,-0.726499336725965,0.477638911400482,0.672860054863362,0.447550919112209,-0.198486959680735,-0.0678350273242204,0.847542596600959,1.12715440605438,0.903100040321696,-0.095340234034818,0.467215905551757,1.89165335518317,0.187004323839933,"Male",0
2.44882430192007,0.37373751321314,0.297885706166864,0.708945631794693,-0.692754931648438,0.0649273396401542,1.09997158010025,0.747484518081363,0.473970306933435,1.06841765494351,1.44360922148308,0.644904172682649,1.95783726971146,-0.347003611833453,0.0701368426092355,-0.685532410236302,-0.694868814765318,-0.253201509672109,-0.442130404385618,0.891485157931984,-1.76392781822128,0.178273473374565,-0.939640299237082,1.26689331753861,-0.0678350273242204,-0.608119014980706,0.0954958855571084,-0.729050986719191,-0.832681742154895,0.39039983258275,0.516840851105837,0.360857896926159,"Male",0
0.761646373912386,0.37373751321314,0.512381457528823,0.841059596467931,-0.0940899079571035,0.0649273396401542,-0.578254863875609,0.273318375122022,0.303030297443669,0.096782640980204,-0.757345890524632,-0.479306595156048,-0.695948819869541,-0.347003611833453,0.979418578909037,-0.685532410236302,-0.585292121150041,-0.751961640150842,-0.66955503436901,1.10566248740618,0.451017373340943,0.251243709363795,-0.171543565509852,-0.56483202898557,-0.0678350273242204,0.207183742037096,0.361679402083923,-0.234558913539559,-0.860037902312281,-0.952648202957202,1.5356978655433,2.24206694048418,"Female",1
1.55418782723292,0.0339761375648314,1.47256571514988,0.38047323538488,-0.692754931648438,0.460984111445108,0.545418615495359,0.990159171435557,-0.489781054576222,0.441168351001755,-0.282004843760169,-0.479306595156048,0.450329403460241,-0.347003611833453,-0.714911633207752,0.526800148323401,-1.03789599523111,-0.675224908187577,-0.42217318665439,1.33758291604971,-0.276742644697089,-0.501135191694658,-1.4073691639702,0.900548248233772,-0.0678350273242204,-0.231860884166858,-0.687963114138635,-0.829731741580384,-0.663091910162662,-0.753514738150714,0.15007173416098,-0.0964525888006536,"Male",0
0.789401783117967,1.39302164015807,0.818670321143676,0.152554129924974,0.15471425253,2.04521119866492,1.09196415778628,0.115700139528107,-0.848029981393393,-0.96513703345678,2.02978778384888,-0.479306595156048,0.144192868448236,-0.347003611833453,-0.714911633207752,0.499207445319592,-0.0512867686257793,0.729190765673895,0.164026446247389,-0.202067634596466,-0.785354040739708,-0.322000623049558,-1.16335903709291,0.167858109624101,-0.0678350273242204,-1.50203362930468,-0.381177874530577,-0.347159500987406,0.595656479341907,1.19775428798688,-0.96257954510228,-0.27294462874668,"Female",0
1.28389854041914,3.77135126969623,0.117417155194772,3.64081739418088,-0.383864294424522,3.23338151407979,2.72024181142262,0.273318375122022,-2.53262400135078,0.096782640980204,0.0133791719156401,0.209621800813924,1.62729193869561,3.24328008977682,-0.714911633207752,1.60777736274342,-0.267421492971332,1.94864987257028,-0.369573377766435,0.39383682309527,-0.491960262073982,0.685852190015269,-2.61430337137234,2.36592852545312,-4.58194775471781,0.650836833959331,1.72538991829502,-0.268125522873061,-1.36569482034312,2.01562043010108,0.630378457501908,0.616821341700169,"Female",0
-0.246254443204009,0.0339761375648314,-0.0159598705209167,1.32345777088321,-0.0842292250307798,0.460984111445108,-0.893801572317494,0.474270770253882,-1.03575659127674,0.72241969929208,1.24144356892794,-0.479306595156048,0.107393273835961,-0.347003611833453,0.948612575052356,-0.119109264418883,-1.26936263794297,-1.04547740971003,0.470584551881943,0.795497161561021,0.704560021769159,0.55701806699629,-0.388387268906977,-0.198486959680735,-0.0678350273242204,2.14330209096832,1.13305668833155,1.25180139260465,-1.66131046026461,-0.972158213740212,1.38239809578424,0.86730091417734,"Male",0
-1.04155349989273,0.71349888886145,-0.971078582178089,0.632961209393068,-0.692754931648438,0.0649273396401542,-1.24637228288911,-0.338056189090214,-0.919208467152707,-0.151157209136585,-0.757345890524632,-0.479306595156048,-0.695948819869541,-0.347003611833453,0.0080999659282942,-0.685532410236302,2.01689499156234,1.91157919172483,-0.849633404520128,-1.25106262737817,0.343383741014013,0.840221795859582,0.663365171289602,-0.56483202898557,-0.0678350273242204,1.08028775476252,0.78462739111779,0.0500916392363738,0.363444076447815,0.620380464967872,0.477764326780858,-0.969499879733659,"Male",1
-0.598771301654072,-1.66483074067671,1.4099929990282,-2.2199039392373,-0.692754931648438,0.857040883250062,0.279266003181435,0.273318375122022,2.04825479746269,0.096782640980204,-0.757345890524632,-0.479306595156048,-0.695948819869541,-0.347003611833453,-0.714911633207752,1.17689152030469,1.6131445618864,0.346091247201643,0.0454277266750158,-1.58772309881946,0.0244940353000557,-1.28541784674111,2.02614795785833,-0.56483202898557,2.5653973969887,-1.2161529011513,-1.05012176170544,-1.18202778549484,1.76009710397442,-0.912324408708241,-1.44638156225107,-2.56936979218232,"Female",1
0.660529771452804,1.39302164015807,2.48962888702783,-1.66632429169299,-0.692754931648438,0.857040883250062,2.56462691104332,1.80837139349041,2.30705062613324,0.661882633467564,0.260556149011394,-0.479306595156048,1.75870757756397,-0.347003611833453,-0.714911633207752,0.179836284762535,0.611325313920428,-1.29284765879729,-0.50793730951385,-0.225381387040784,0.775316109702614,-1.85095499935964,1.58233932961395,1.63323838684344,1.06069315452418,-0.283990193346747,-0.942548016797681,-1.11353139480718,0.54973831161349,-0.938234680518421,-0.63055504922507,2.52268928399836,"Male",0
1.2058233710983,0.71349888886145,0.942889558247882,2.45689785933832,-0.692754931648438,0.0649273396401542,-0.654208743374643,-0.66601208115108,-0.0843832871076546,-0.261795532898215,-0.31243506529698,-0.479306595156048,3.59563587498108,-0.347003611833453,-0.714911633207752,0.0709488330739316,-0.52152658402785,-0.250477914253474,-0.89325109062549,1.19561003940286,-0.245902758774029,1.82441227946809,-0.222650086957168,0.167858109624101,-0.0678350273242204,0.512297087328517,0.636547743967423,-0.952668659101308,-1.00148873172369,-0.861070396821645,3.19949210539248,0.594116936625741,"Male",0
0.557898418026264,0.0339761375648314,-0.619065854497288,-0.491413145726158,-0.412130701793125,0.857040883250062,0.709239593296383,0.273318375122022,0.649354716993049,0.096782640980204,-0.757345890524632,-0.479306595156048,0.517589174367234,-0.347003611833453,-0.0866768354566007,-0.685532410236302,1.25200185545672,0.843114501268066,0.63882216516069,-1.49904478719377,-0.410742751934725,-0.941576906260184,0.825607833290874,0.167858109624101,-0.0678350273242204,-1.49923177280206,-1.27614749538802,0.636901854520885,2.01896945590953,0.2568596851797,-1.31323044760487,-0.612682065463974,"Female",0
0.0804229619423632,-0.645546613731787,2.2598271382509,-0.469142728229122,-0.692754931648438,-0.3311294321648,-0.962727079331755,0.273318375122022,-0.752622106767513,0.096782640980204,0.724599725858697,0.84536087209503,-0.695948819869541,-0.347003611833453,-0.714911633207752,1.20428010751852,-2.64090408296911,-1.50669343200649,-0.015953941204756,2.42552111921073,-0.283423882536949,0.635745127595378,-1.85398152505288,-2.03021230620491,1.43686921514031,-0.306743103588794,-0.605773030174707,-1.28167694833715,-1.28376596661068,-0.998826580223436,0.463233750988904,1.37431441074956,"Female",0
-1.16152323419498,0.71349888886145,-0.739258141377152,0.21159919396455,3.70089069506828,0.857040883250062,-1.22431611338124,0.0494211392937065,-0.246791376460348,-1.24663137065277,3.69667850346729,-0.479306595156048,-0.695948819869541,-0.347003611833453,-0.714911633207752,-0.685532410236302,0.0149384411672028,-0.547376618223371,0.882332290483307,-0.771516087583404,0.253929743507884,0.25705088811717,0.847452706596333,-0.56483202898557,0.684517093908044,1.8505811744595,1.16066175001757,1.21812928132137,-0.619544782945847,-0.0711649031566947,0.555099003824876,-0.0121816147723706,"Female",1
-1.0214282343108,0.0339761375648314,0.727985854700043,0.613569640079825,0.564125421788035,0.0649273396401542,-0.871305961370244,0.817040195581663,-1.43017893536181,0.167048218934381,-0.757345890524632,0.80981523343895,-0.695948819869541,-0.347003611833453,-0.714911633207752,-0.685532410236302,0.859091881060492,1.00638311070971,-0.396048115383353,-0.437203527477948,0.502069768331688,-0.2686650052713,-0.177065629723478,-0.56483202898557,-0.0678350273242204,1.34980017418942,0.191771631424612,0.978808150838054,-0.229340361169122,0.302654224399362,0.0668486252528097,-0.541884880093003,"Male",1
0.723253684324013,1.05326026450976,-0.777832721059072,-0.359727679887738,0.251567873578965,0.460984111445108,1.13705328551979,-0.0111813106535854,0.96442229411165,-1.9051273835687,-0.128501572808141,-0.479306595156048,0.0622757771536024,-0.347003611833453,0.0701368426092355,-0.150920860751835,0.414009120385787,0.132357466778139,0.344148651715503,-0.593686723499079,-0.561847010740269,-0.227572221172282,0.458103130006358,1.26689331753861,-0.0678350273242204,-0.74466690154139,-0.0822390614043658,0.23030255582694,0.563205496184362,0.301882107168332,-0.762510923075093,0.249994748871174,"Female",0
-1.45850117927779,-0.305785238083478,-1.18821704800811,-0.513144902267753,1.78609243207349,0.0649273396401542,-1.40495606625414,1.4794314609829,1.07265150266853,0.58890709344975,-0.757345890524632,-0.479306595156048,-0.695948819869541,-0.347003611833453,1.28197754535846,-0.685532410236302,-1.53543021743523,-1.15911210473636,1.64792769882196,0.455662927727268,1.27913736083592,0.833102280528314,0.545042874497877,-0.56483202898557,-0.0678350273242204,1.54738690858444,3.09343305045569,0.51977311310534,-1.97461635715771,-0.817966476824875,0.996561813013103,1.41226968815731,"Female",1
-0.62175794365907,0.71349888886145,-0.574058326663755,-0.426483547540554,-0.620904283424614,-0.3311294321648,-0.279458419862655,0.952515017886136,0.109382214163755,0.655999199030194,0.143412115411156,-0.479306595156048,-0.152907516303265,-0.347003611833453,2.09635134443856,0.846025146052155,0.588098778283227,-0.211586987744628,-0.245466512779797,-0.612812126005909,0.435074195240483,0.358115263829622,1.13389400925627,1.26689331753861,0.684517093908044,0.77200632784386,-0.670730393053116,1.95998402437113,0.679139520076226,0.550555330041799,-0.204116021908824,0.480959640652393,"Female",0
-0.185903871933254,0.71349888886145,-0.49297112776063,-0.461723664605156,-0.692754931648438,0.0649273396401542,-0.630295933641766,0.805613467305802,0.0190500126899395,0.772675036517642,-0.757345890524632,-0.479306595156048,-0.695948819869541,-0.347003611833453,-0.714911633207752,-0.685532410236302,1.42497448422554,1.21644667289174,-1.56000925922774,-0.149312222480196,0.341687238928298,-0.301918034919387,-0.0958593719269246,-0.56483202898557,1.06069315452418,-1.1789417911985,-0.868381586878793,-0.450994256275502,1.0484344293194,-1.12318685749347,-0.5818007420658,-0.935439514969778,"Female",1
2.46738059331181,-1.32506936502841,0.254845249547177,-0.168358075586533,-0.692754931648438,-0.3311294321648,0.787038860806442,0.893605104993327,0.0319028833276188,0.681393128035556,-0.757345890524632,2.46199586274028,-0.695948819869541,-0.347003611833453,0.825545733114756,-0.685532410236302,-2.06394098396422,-0.640727623757304,0.349955960584667,1.74174734435763,-1.15062128379219,0.166512230797899,-1.74173407251579,-0.56483202898557,-0.0678350273242204,-1.90606705505723,-0.644752032318353,-0.629955179145101,-0.374873093997317,-0.841907976228904,-0.354791590676332,0.60761780711306,"Male",1
1.84240304020053,0.0339761375648314,0.295786677943037,0.513906939130515,1.43197138011322,-0.727186203969754,0.763757839337668,0.511703079150991,0.735874622824585,2.27322409278868,-0.362160392822424,5.17260793178202,1.68651180116885,1.49389675673728,-0.714911633207752,0.32236759923293,-0.752916779633236,-0.4587573639796,0.831113075536116,-0.0106247283064845,-0.661136528417011,-0.93278879863779,-0.0308202555716831,0.534203178928937,-1.19636320917262,-0.12797023740129,-0.192504428499679,1.13309421514785,-0.271589813018526,-0.29333501347567,-0.207420907588903,0.331511769499839,"Male",0
1.1590857889174,0.37373751321314,1.30964128582821,0.318066635338427,-0.399557931638318,1.25309765505502,0.467132983436877,1.13433961488672,-0.456633981127446,0.392042172251652,-0.757345890524632,1.56210729205246,-0.00753243645334427,-0.347003611833453,-0.00214099156654942,1.74142228678594,-0.845285816443698,-0.194220816390768,-0.0979410698317074,0.718130721682936,-0.660601524669308,-0.671818046591256,-1.17279705283379,0.534203178928937,-0.0678350273242204,-0.324063307621689,-0.330967287463766,-0.536486776615502,-0.495243467353337,-0.415053383881556,-0.0502313038113256,1.43421473945851,"Female",0
0.563047239228208,-0.645546613731787,-1.17536857089109,-0.79430601384712,0.784005199930585,-0.3311294321648,2.06390627195661,-0.603854778231341,-0.0309768547263693,-0.300714417245305,0.115141571934822,1.08047501130412,0.706711978663876,-0.347003611833453,1.10044216548881,0.797956781190281,0.551693215827215,1.07872949988329,0.0461806042752731,-0.772545195486912,-2.1433725175524,-1.25032679686724,-0.582453272367429,0.167858109624101,-0.0678350273242204,-2.22061885286019,-0.547991822850305,1.85517548772408,0.922184082415798,-0.468119621426158,-1.10993040004343,-0.182722083952136,"Male",0
2.02591427108313,1.05326026450976,-0.569305897798834,0.581515388874116,1.45820256914731,0.460984111445108,1.03952791940341,0.0153773587398969,1.01937975269109,-2.15852861772389,-0.187205568521426,-0.479306595156048,1.36637918589494,0.980944320233142,-0.714911633207752,-0.200828020958311,1.3910297569095,0.989749012428883,-1.63640392726138,-0.156107013989148,-0.664074887048325,0.651166943201559,0.287988637450168,0.534203178928937,-1.94871533040488,-1.36193287812974,-0.527808255173129,-0.0526560497101672,0.891863964660715,0.200497175370886,-0.591006188583356,0.676391472159578,"Male",0
0.470413359138407,0.71349888886145,0.320490879481217,0.681556638704806,-0.555802038625128,0.857040883250062,-0.134512155831738,0.273318375122022,-0.00376960841113878,0.096782640980204,-0.0810217166047308,0.729785858173798,-0.288212270631446,-0.347003611833453,-0.714911633207752,-0.685532410236302,1.83502399264397,1.31245257557099,-1.1363753587619,-0.942679308423002,-0.288176977912956,0.506082395110885,0.808629781315379,0.900548248233772,-0.0678350273242204,0.0927962550718674,-0.52818677899864,0.0468523141877635,0.969288335009438,0.470612431478534,-0.445086245638972,0.0676540448333706,"Female",0
0.739408608048319,-0.305785238083478,1.1109332538912,0.375783544231597,-0.692754931648438,0.460984111445108,-0.0114096190044701,0.273318375122022,0.170297424550554,0.096782640980204,-0.757345890524632,-0.479306595156048,0.545486599522104,-0.347003611833453,1.2131192978217,0.627440782175732,-0.234079626173464,-0.952821169621673,2.4569119878291,-1.47774286496871,-0.779081281824003,0.00961167387833971,1.50492656734642,-0.198486959680735,-0.0678350273242204,0.810142090301401,-1.38699062607174,-0.722208956451483,1.2736054559391,1.20477954966622,-0.518268151228897,0.256265288919533,"Female",0
2.54171019676049,1.05326026450976,1.11325312398821,0.527852019411878,-0.692754931648438,0.0649273396401542,0.887324596137684,-0.730061534546006,0.414985924813442,-0.349337899741983,1.46047643495689,-0.479306595156048,-0.695948819869541,-0.347003611833453,0.323360869540566,0.257207626131071,-1.10396286889339,-1.17111825855806,-0.914093545153985,1.55209631420045,-0.201594801758257,-0.204907385960999,-0.946436531003339,-0.56483202898557,-0.0678350273242204,-0.811782598191121,-1.12268526123743,-0.639062635070545,-0.380186429222362,-0.323705712031957,-0.200674311788824,-1.23247757977107,"Female",1
0.252725936030208,0.0339761375648314,0.555196303713517,0.333406032970665,-0.692754931648438,0.857040883250062,0.275742663167331,1.09477917954619,0.353327152564248,0.625045129283233,-0.757345890524632,-0.479306595156048,-0.695948819869541,0.921725020559914,-0.714911633207752,0.240645976843543,0.138845695622961,-0.342192689641974,-0.191472332060973,0.0988265417820375,0.137674675369872,-0.0228943654900068,0.270624533022983,-0.56483202898557,-1.94871533040488,0.657470766043044,0.0489965805142162,-0.485938404251989,-0.298945925277775,0.393700377889174,-0.114667518347147,-1.06592286984871,"Female",1
-0.373238202305641,0.37373751321314,0.552646245527624,0.406669970021376,-0.692754931648438,0.460984111445108,-0.688167429962256,-0.336304399507943,-0.949268958276027,-0.14092829151142,4.44007942309489,2.617910176411,0.000357722668884221,-0.347003611833453,-0.714911633207752,0.787330067784648,-1.34710214145145,-0.723826506714527,2.77524109963193,-1.05151434320592,-0.0804980341056847,-1.03100715057747,-0.352861888879671,0.167858109624101,-0.0678350273242204,0.729319931227371,0.839690951444794,-0.849228208276695,-0.47750530558312,1.24116659221315,-0.0330703013753523,0.687612438561904,"Female",0
-0.158409279959643,-0.645546613731787,0.41092000309644,2.66741789002608,-0.273055907102926,0.0649273396401542,-0.885919738955834,0.273318375122022,-3.54565370257966,0.096782640980204,-0.18477599328563,-0.479306595156048,-0.695948819869541,-0.347003611833453,-0.714911633207752,1.26154715351109,-0.500067914291825,2.55316398340509,1.08298716952914,-0.276314188358908,-0.243184609183249,1.54869447490404,-2.74536671410404,-0.56483202898557,-0.0678350273242204,0.600122890344172,1.61795728350664,-0.364870015779851,-0.576392859270709,-1.32922127125346,1.29781082505056,-0.206500566649351,"Male",1
-0.472737312293741,1.73278301580638,0.349643472380661,0.140206826001121,-0.692754931648438,1.25309765505502,0.485267819166001,0.792874781339013,-0.400840317872402,0.609921879085048,0.276216180388876,0.752520929945834,-0.280545429534642,1.25788388897182,0.145286782174618,-0.0997443705447785,0.327476526996735,0.471912996123721,-0.0678398126005642,-0.329441018041505,0.0942887633431084,-0.694745709561754,-0.302140384162147,0.534203178928937,-1.94871533040488,0.183002871372047,0.0984733256942427,-0.798305296830005,0.00870512182237789,1.29118844318379,-0.387741224203873,0.224798578858678,"Male",0
0.236635870241734,1.05326026450976,0.718952185056276,1.05355455173122,-0.544518212223206,-1.51929974757966,-0.333670879587892,1.02792926580684,1.73493551686748,1.07809882617449,-0.757345890524632,3.49652293413829,4.66705219190241,2.24295276877644,-0.714911633207752,-0.212862060967979,0.803743700512513,0.948572524786189,-1.1599812339295,-0.0344079703467337,0.337848297065767,2.31139844391277,0.803470175249733,0.900548248233772,-1.94871533040488,0.929378797373893,2.71616703454767,0.624116132450976,-1.09156883951479,-0.271868136115138,1.05884381787592,0.9109096699682,"Male",0
1.26514903020971,0.37373751321314,1.75495626868192,0.659678170926836,-0.329611687281531,0.460984111445108,0.673219002877926,-0.526525039712032,-0.779878449102759,-0.131387072277442,0.379183830310716,-0.479306595156048,0.674413868171346,-0.347003611833453,0.230983240849934,-0.363459098939739,-0.251143136396144,0.162289018897302,-0.427280343444216,0.543282664130174,-1.66789692664619,-0.481759787756879,-1.23481858681686,0.534203178928937,-0.0678350273242204,0.121505281128034,-0.171173352534335,-1.16211478343853,-0.867733662878567,-0.356008501224303,-0.0990228469370118,0.101275891724243,"Male",0
-0.713241407528507,0.71349888886145,-0.316981746721299,-0.169367453795919,-0.281974511374518,2.04521119866492,-0.060959279973835,0.162995145489744,-1.10005378693771,-0.913488422817824,1.25444235095403,0.174612735319972,-0.695948819869541,-0.347003611833453,2.48156069981476,-0.374565075191357,0.083142933640727,0.936013518417171,1.3010226062992,-1.18761385274158,-0.97492593613316,-0.434546159770578,-0.44745385471009,-0.56483202898557,-0.0678350273242204,-1.05097032765575,-0.447353737385658,0.460852438961532,1.0565469547621,2.72169319570972,-1.19159931359754,0.51770405525395,"Female",1
0.453887471698986,0.71349888886145,0.722624330895132,-0.3175771134329,-0.692754931648438,0.857040883250062,1.25208108147964,0.918627287302362,0.506436316229566,0.821893201051875,0.526377700737364,-0.479306595156048,0.851891838384697,0.649662192806732,0.353487672521931,0.405824287915099,-0.755807003765624,-0.528822969058089,1.08559286931283,-0.073296691130363,-0.560092381111517,-0.856762297941079,-0.382903211215216,1.63323838684344,-1.19636320917262,-0.492348053834416,0.21557074781431,-0.973597123407521,-0.231475259160663,0.0925461444572104,-0.367571779090994,0.178667355821092,"Female",0
0.698532725219458,-0.645546613731787,-0.360631265186171,0.975699559850312,1.36377028862457,0.0649273396401542,1.4771211291699,-0.942443615425742,-0.157907726525561,-0.166845496039593,-0.1815041653014,1.57960512537139,1.38700246595259,2.33545121094109,-0.714911633207752,-0.685532410236302,-0.417686170776051,-0.731514959885527,0.6536323672666,0.0228214298969044,0.873995582338376,-1.10767759877529,0.154778874862898,1.26689331753861,-1.94871533040488,0.797153806138147,0.0806677128391813,0.0546803140603377,-0.379555269401689,-0.652170968634787,-0.017579606866726,0.89218981382383,"Female",0
0.124366064202798,-0.645546613731787,2.10834830837934,0.150765441989277,-0.023859611279028,-0.727186203969754,-0.795772947168527,0.273318375122022,-0.319769199089329,0.096782640980204,0.200110659727786,-0.479306595156048,0.458497656833148,-0.347003611833453,1.67566353543209,4.19835362139613,-1.86169286529249,-1.88848442736702,-1.16784436183219,2.10538102881299,0.773005192341363,-1.10944310328974,-1.29519509632409,0.167858109624101,0.684517093908044,1.25533258657117,0.89652744936875,-1.1987318115067,-2.52995275903807,-0.957820382297619,1.33652620697586,1.31306603159021,"Male",0
-1.85736821816135,0.0339761375648314,-0.67894072215836,-0.264401870245811,-0.692754931648438,0.0649273396401542,-1.51556969167219,-0.107082748328466,-0.157544508415563,-0.74598475190341,-0.757345890524632,0.422594659142573,-0.695948819869541,-0.347003611833453,1.17451041810145,2.74561655816962,-1.52114538192204,-1.86820624356908,1.17054063898193,0.406057857936442,1.88641472145489,0.884008151726727,0.905371263461037,-0.56483202898557,-0.0678350273242204,2.56199084702002,1.60791128529561,0.959541652238808,-1.43451560650738,-0.732949961509523,0.804191668982186,-0.485076124102095,"Male",1
-1.1821858132634,1.39302164015807,1.14775141104158,0.902167466514971,-0.517261312977859,-1.12324297577471,-1.35478080893332,-1.95335193723652,0.0180915995610268,-0.0646968294168643,-0.0190872684435634,2.16032381577656,-0.695948819869541,-0.347003611833453,0.20672952613049,-0.685532410236302,-1.26295739999393,-0.970510682342728,-2.15430688029115,2.63760174815114,3.41068880793836,4.05714741554167,0.176149263369638,-0.56483202898557,-0.0678350273242204,2.02830556399873,1.80669930897666,-0.580164309636961,-1.84855778857846,-0.766225889561703,2.04220241829555,-2.7393508504686,"Male",1
1.33197038655209,-0.985307989380096,-0.58981290358816,-1.42569477789778,-0.692754931648438,0.0649273396401542,0.669764515937342,-1.89768517942756,1.93235183039745,-0.264486490260956,-0.757345890524632,1.35900744102916,0.543903135976969,-0.347003611833453,3.13623178259852,1.0628655653736,-0.748286522604823,-1.77556932536009,-0.556175252901741,0.803253310600339,-1.15062128379219,-0.523673926887578,0.63953778966373,0.167858109624101,1.81304527575644,-0.238882382954353,-1.27251911947391,-0.561408972900576,-0.199291516333373,-1.1987081012378,-0.0327041473162217,2.27697021704067,"Male",0
1.68630094564721,0.0339761375648314,0.787338673787306,-0.554376298788898,0.467556600306509,0.0649273396401542,0.567180049173671,0.273318375122022,0.0736454655774881,0.096782640980204,-0.757345890524632,-0.479306595156048,-0.695948819869541,-0.347003611833453,0.444572405959715,0.89366576128232,-1.09107490583742,-0.909184800480544,-0.481125152395021,1.35827666389766,-1.34084522987398,-0.891887385702407,-1.3700032691456,-1.29752216759524,1.06069315452418,-1.07439543867411,-1.52377595841908,-0.393943909401148,-0.265370604701524,-0.0753268570060032,-0.797518980863932,0.833485001792147,"Female",0
1.74563162726842,2.07254439145469,0.745922243135236,0.852160768841589,-0.292940840725546,-0.727186203969754,1.85242987838055,-0.342480028194495,0.748038539975245,-0.750133166151877,0.409337778523903,-0.479306595156048,1.76581222705001,1.69104093513705,-0.350790017434475,-0.685532410236302,0.0223396851415902,0.0187542719803536,-0.0353633398034978,0.0780631230409101,-0.676988433960458,0.407919879406131,-0.0118412330045118,2.36592852545312,-1.94871533040488,-0.35564045772691,0.447724881749645,-1.00528165409109,-0.185654934565936,1.04532605267629,-0.0757723193627151,0.119648225786724,"Male",0
-2.11278119766715,-0.645546613731787,-1.17746384935055,-1.03011368192528,-0.692754931648438,-1.12324297577471,-1.46263282854141,0.273318375122022,0.0409221266013277,0.096782640980204,-0.757345890524632,1.38758227060715,-0.695948819869541,-0.347003611833453,1.89242553258856,-0.685532410236302,0.02866101037545,-1.10982166045897,-1.31435113871343,0.797708168141086,1.62470995027682,-0.233460137984356,0.80808636244013,-0.56483202898557,1.43686921514031,2.09807614613138,0.285755160387371,1.16790250108402,-1.17363281000221,-0.786881976055375,0.574865971954959,-0.138026269321272,"Male",1
-0.860670170839581,-0.645546613731787,-0.747911465004997,-0.914258752369039,0.208644109704992,0.0649273396401542,-1.22443806311788,0.656235537499265,0.766342600937964,1.46937948386863,-0.12255973673525,-0.479306595156048,-0.695948819869541,-0.347003611833453,0.870020880173921,-0.685532410236302,-0.48239310128022,-0.846051564169776,0.534306128725338,0.152050723010493,0.67572830877265,0.443255559924357,0.722909090800217,-0.56483202898557,1.06069315452418,0.349508157959345,0.481530592406346,1.03993474591973,-0.238647596996105,-0.279843246249152,0.192117431492137,-1.32725234105583,"Female",1
1.69055884349962,0.0339761375648314,-0.955297712509889,0.123377778076127,1.80392586634488,0.0649273396401542,1.6268887269203,-0.557768923103988,0.927680653339315,-0.578706173331181,-0.757345890524632,-0.479306595156048,3.57572862175791,-0.347003611833453,1.25077615194338,-0.0162238101981319,-0.356252065218584,-0.759925406651345,0.0943412432667114,0.288084916247548,0.646103331933512,0.181444142863212,0.621266311926582,1.26689331753861,0.684517093908044,-1.00060529047903,-0.825671019241654,1.42519242858978,0.824934353372973,-0.0979141785606765,0.262854505231267,-0.468030821433132,"Female",0
-0.469517250707903,1.73278301580638,-1.08382592377421,0.764027511196437,-0.692754931648438,0.0649273396401542,0.706067091219527,0.546892180375795,-0.794909949468418,0.75168709802014,0.69392038366536,-0.479306595156048,0.616441729253325,0.498054163118025,-0.714911633207752,-0.377084162513941,0.86178012591192,1.3679160841101,0.406562985087382,-1.06693246466142,0.654908163033678,1.1930703585691,0.186179084386687,1.99958345614828,-3.07724351225328,0.783948382992779,1.25648423577206,0.604776797132912,0.263500010752663,1.79631046595926,-0.187619479704953,0.868650708999437,"Male",0
-0.506816882772092,0.0339761375648314,-0.121988522935302,0.712087988920202,0.782545229459425,0.857040883250062,-0.731376839582771,0.273318375122022,-1.27127270471746,0.096782640980204,-0.323916634980256,-0.479306595156048,-0.695948819869541,-0.347003611833453,-0.173819081596259,-0.317052836881955,0.671111301299042,0.624546302091827,-0.348404974656819,-0.332110250706117,0.922819728499369,-0.620151561832858,-0.166564801162402,-1.29752216759524,-0.0678350273242204,0.691386176402588,-0.0887368981749987,-0.17018672768367,0.118769162345329,0.436009442757697,-0.159600809876989,0.0173439819674645,"Male",0
