"PartSop_AbsoluteIntervallicTrimRatio","PartSop_Ambitus","PartSop_AscendingIntervallicMean","PartSop_AverageDuration","PartSop_DescendingIntervallicStd","PartSop_DottedRhythm","PartSop_HighestNoteIndex","PartSop_IntervallicKurtosis","PartSop_IntervallicMean","PartSop_IntervallicTrimDiff","PartSop_IntervallicTrimRatio","PartSop_IntervalsAugmentedAsc_Per","PartSop_IntervalsAugmentedDesc_Per","PartSop_IntervalsBeyondOctaveAsc_Per","PartSop_IntervalsBeyondOctaveDesc_Per","PartSop_IntervalsDiminishedAsc_Per","PartSop_IntervalsDiminishedDesc_Per","PartSop_IntervalsMajorAll_Per","PartSop_IntervalsMajorAsc_Per","PartSop_IntervalsMinorAll_Per","PartSop_IntervalsPerfectAll_Per","PartSop_IntervalsPerfectAsc_Per","PartSop_IntervalsPerfectDesc_Per","PartSop_IntervalsWithinOctaveDesc_Per","PartSop_LargestSemitonesAsc","PartSop_LargestSemitonesDesc","PartSop_LeapsAsc_Per","PartSop_LeapsDesc_Per","PartSop_RhythmInt","PartSop_StepwiseMotionAll_Per","PartSop_SyllabicRatio","PartSop_VoicePresence","y","PartSop_LargestIntervalAll_P8"
0.123535792891847,-0.320834939616641,2.0184177580491,1.01734142634964,0.713443698925983,0.0427818170966226,-0.391043678430093,-0.662694448824512,0.0335490891197672,0.636284645580012,-1.91905439243513,-0.336714813632878,-0.481403865926618,1.84223243683596,-0.343790807897869,2.2325095643098,-0.68036958365596,-0.0473217222541306,-0.760512196865967,0.0198673648965643,-0.00795255146468352,-0.103709768305158,-0.336485188400544,0.735799004530536,0.920078372218926,-0.106919256445487,1.29049021602853,0.519342792708393,-0.788951858811684,-0.850183802482939,-1.10129152228169,1.32229611987272,"Male",0
-0.205661788846229,-1.01178970415248,-1.15014295509984,-1.14915561883884,0.0585928735702895,0.162078242121944,-0.391043678430093,-0.589197591764523,-1.31643196694751,-0.817797214477812,-0.0189418952679281,0.010675661039264,-0.481403865926618,-0.690900182020652,-0.343790807897869,-0.692999912865587,0.6063504883246,0.61309263208208,0.963416032754793,1.00620496126992,-1.29893964505546,-0.914760738606211,-0.463960945477636,-0.0876652579083613,-1.31562608364015,-0.106919256445487,-0.819983044910772,-0.472447245822714,1.04385050089233,1.19925249153783,0.288169459496623,1.01290385931454,"Female",0
-1.22306562137661,-1.3572670864204,-1.24145940069021,-1.00739003515503,-0.831795976359692,-0.685554251479024,0.0106750429456468,-1.13903038117576,-1.19336890375994,-1.01466678587764,0.00180566286193494,-0.755486892689727,-0.481403865926618,-0.690900182020652,-0.343790807897869,-0.692999912865587,-0.68036958365596,-0.527710414260831,0.6279232746461,-1.52369431157035,1.78453337463636,-0.744514055140149,1.2350620937191,-1.98444832395351,-1.31562608364015,1.05725234292288,-0.811488602396554,-0.167575642056841,-0.0701307509930506,-0.742667942249043,-0.889899379699177,0.39709903894192,"Male",0
2.39499244512637,1.06107458945504,0.990621774693289,0.156258484144366,2.05318587229283,-0.649799571748947,0.814112485697127,2.92631940790707,0.685092660330345,0.248204880990355,1.12443091592399,1.9378142282751,0.500994537021889,3.21909626508797,2.30185394694342,-0.692999912865587,-0.454208399233283,0.768061002750294,0.0271786140941605,-0.417602260066925,-0.549702994267792,0.373084013418683,-0.114418232618843,0.69693451278353,2.78316541876815,-3.5994340545506,0.283853359090604,-0.218779998410593,-0.145030115020048,0.479746837634837,0.0920851310758183,0.295568495081202,"Male",0
-0.504270955059523,-0.66631232188456,0.26472054969964,-0.772414983745979,-0.830621666937143,0.684553352931721,0.0106750429456468,-0.846607109521657,0.444498834029104,0.46301706202751,2.96681442022007,-0.215388323438855,0.503617763732028,-0.690900182020652,-0.343790807897869,-0.0641520813232352,-0.226839411422503,-0.230937953335346,-0.977615854776256,0.347317504567579,0.00531927846942698,0.122402968544176,-0.592094788350053,0.698174469175073,-0.570391265020455,0.669195143133427,0.530655996939354,-0.739491433865433,0.669458611104268,0.0760916901754363,-0.151557617338624,-0.0493210179961356,"Male",1
-0.666574150922439,-1.01178970415248,-0.527814637871263,-0.486450409649842,-1.53702067122342,-0.685554251479024,-0.792762399805834,-0.36679644606855,0.283387854490788,0.972441338143882,0.0910310743836,-0.755486892689727,-0.481403865926618,-0.690900182020652,-0.343790807897869,-0.0530447147334772,-0.68036958365596,1.21281287761257,0.662838108399316,0.233729014748756,-1.20614994770363,-1.14329840608511,-0.990860741396287,0.806907331540658,-0.570391265020455,1.44530954271234,-0.723958912141352,-0.639022020633921,-0.4392336687929,1.00345788525818,-0.493062123059156,-1.98785343634635,"Male",1
1.60118427965709,1.06107458945504,1.61691563336653,0.78670969547292,1.63904208009257,-0.685554251479024,-1.99791856393305,0.371575410573626,-1.0910099094523,0.401658279712315,-0.236059726061018,-0.755486892689727,-0.481403865926618,2.65352730292078,-0.343790807897869,0.379909029788701,0.867211732985807,0.0502447833806373,-0.60777234136845,0.990337760324521,-0.771369976285108,-0.0224199216235047,0.283606451795875,1.41211931119068,2.03793060014846,-0.106919256445487,1.22532004638847,0.221511823098574,-0.112527167419755,-0.0194825335169802,-0.704489289971132,0.144407098774602,"Male",0
-0.869761167624941,0.0246424426512784,-1.04520803284621,-0.669409157293879,-0.581019094039193,-0.313109670957387,0.0106750429456468,0.0311863622110381,-0.21577294664345,-0.161286733208673,-0.556539405966477,-0.337147876796342,-0.481403865926618,-0.184797573992645,-0.343790807897869,-0.692999912865587,-0.68036958365596,1.42125060316233,1.36482774023334,1.48044490497395,-2.27539048295856,-0.912472003461374,-0.444758289206461,0.94291876443847,0.174843553599235,-0.106919256445487,0.108546486713185,0.179227630065663,-0.147161833763721,1.2031524049899,2.83651036219094,-0.22200912008293,"Male",0
0.47129901333125,-1.3572670864204,-1.44141837600447,0.358134610518135,-1.78063695203496,-0.685554251479024,-0.391043678430093,1.43278660202678,1.34191525514169,1.0131860800727,0.645352782304667,4.92218087389154,-0.481403865926618,-0.690900182020652,-0.343790807897869,-0.692999912865587,-0.68036958365596,-1.78676619386426,-1.33499112912355,2.98964313535701,-0.600900658661291,-1.41952722116348,-1.28901982794924,-0.546108519804167,-0.570391265020455,2.60948114208071,-1.82080720345435,0.005006645922906,-0.850990591472132,0.222705952797133,0.00145548560446972,2.45107687220658,"Male",1
-0.118236092691479,0.370119824919198,0.0635994794010342,-1.2967186714202,-0.584754318248868,-0.685554251479024,-0.391043678430093,0.245456343937706,0.283387854490788,0.584974358648968,0.0910310743836,-0.755486892689727,-0.481403865926618,0.275023282380192,-0.343790807897869,-0.692999912865587,-0.68036958365596,0.199666015153617,-0.110085654837345,-0.440767482998565,0.308763953272159,0.203491161212973,-0.542146076484919,0.0379010031623653,1.29269578152877,-0.106919256445487,-0.273656268470024,0.0865910002406046,0.698790024547797,-0.203686677461242,-0.57944460284224,0.319656616612158,"Female",0
-1.30752634967529,-1.3572670864204,-0.0981735445229672,0.504260408127654,-0.434263268416835,-0.685554251479024,-1.59619984255731,-0.922781062983388,0.283387854490788,-0.504743785720269,0.0910310743836,-0.755486892689727,3.15298628488297,-0.690900182020652,-0.343790807897869,1.62723174144591,3.50305528091141,-1.28265780887667,-0.380981265303024,0.250867029428508,0.558682670402009,0.230001443320758,-1.06960684946263,-1.06888129476084,-0.570391265020455,1.05725234292288,1.49029609623445,1.7311386744673,-0.959970084774013,-2.03343718761444,-1.04400427359096,0.194926343479266,"Male",1
-1.15952584454538,-0.66631232188456,0.841844967364908,0.0427370231049454,0.052622211856012,1.47004038224775,-2.39963728530879,-1.39748149303277,-1.12916208818382,-0.299812151958298,-0.115800614726576,-0.755486892689727,-0.481403865926618,-0.690900182020652,-0.343790807897869,-0.692999912865587,2.15988208024764,-0.79504672136256,-0.284517714104646,-0.46207438124922,1.02980245838329,-0.033919202412239,0.583955149879176,-0.721711319511258,-0.570391265020455,0.669195143133427,1.94514265526092,1.89317966223886,-0.832242899717715,-2.32386333786553,-1.25838806758383,2.27828344182214,"Male",1
0.384028934716191,-0.66631232188456,-0.472772887547461,-0.836477688288972,-1.29699096269381,-0.47723779118726,0.0106750429456468,0.987567435245685,-0.442303610903903,1.60836272829018,-0.90155021532858,2.37235198645136,-0.481403865926618,0.149995388362657,-0.343790807897869,0.925580931894661,0.486964089893413,0.877412890591724,-0.367295865661415,1.01256799252468,-1.85504009928778,-1.03644908967473,-1.47754653559783,1.61255734580998,0.54746096290908,1.05725234292288,-1.07840675480208,-1.4521572082566,0.85286653348974,1.89586406671125,0.553007126794223,-0.209520829303133,"Female",0
-0.283166771152572,-1.3572670864204,1.8839566242827,0.50190412764219,0.258011029096316,-0.685554251479024,-3.60479344943601,-0.698568345125878,-0.739257261392284,0.956589419298223,-0.470322814676852,0.615814220425234,-0.481403865926618,0.968087011074583,-0.343790807897869,-0.692999912865587,-0.68036958365596,1.08429246547244,-1.2388344103571,-0.444920522488098,-0.669856951144703,1.98866659874212,-0.432819410245922,2.56106724726233,-0.19777385571061,-0.106919256445487,0.750337031404041,-0.801157397589263,-0.684620588382145,0.98824485523365,-0.502797220494004,-0.281018119790982,"Male",0
0.735834481391297,-0.66631232188456,-0.391633755604616,-0.206246754385999,0.844573890671011,1.13822275894629,0.814112485697127,-0.331396797212689,-4.21370992218758,-0.855391231137818,0.0537844391188797,-0.755486892689727,-0.481403865926618,-0.690900182020652,-0.343790807897869,-0.692999912865587,1.42953165238672,-1.93645025357048,-0.354746408282545,-0.606656905092955,2.32504555338151,0.803567588302798,1.69341448619849,-1.93349819400328,-0.570391265020455,-0.106919256445487,-0.882398731210894,1.19330050228938,-0.681315202258775,-1.31094183443167,-0.514804637968926,0.442787783679243,"Female",1
1.07822766045707,-0.66631232188456,0.434170435945268,1.02970310211784,0.129497861683063,-0.324359017471101,0.0106750429456468,-0.0682145826263644,-1.61056924353481,0.0218906745809732,-0.101339872865676,1.96559267032988,2.82703201126776,-0.690900182020652,-0.343790807897869,0.363069651764984,-0.68036958365596,-1.1712492308571,-0.981135972048658,-1.17915183134416,1.73690623781003,-0.289504981840719,0.250398715631509,-0.95215912983599,-0.570391265020455,-0.106919256445487,-0.370844158430312,-0.452304757203203,-0.750586426242067,-0.856164848448759,-1.11199172677852,0.733534341098574,"Male",1
0.0259400029791495,0.0246424426512784,-0.0125858950126693,-0.967396982117633,-0.302765137485744,-0.685554251479024,0.412393764321387,-0.20864761770731,1.2472227081186,0.0712214599541306,0.480528236565105,-0.755486892689727,-0.481403865926618,-0.690900182020652,-0.343790807897869,-0.692999912865587,2.03284206972159,-1.00510933894475,-1.12819693100965,-0.258365457878335,1.10588471570525,0.761054059345662,-0.0187053671374367,-0.476450301942345,-0.570391265020455,-0.106919256445487,0.437764361866946,-0.101861038646602,0.0432134644726971,-0.713358733637897,-0.877504388233691,0.0261399646985167,"Female",1
0.00760885134510351,0.0246424426512784,0.401280335757649,-0.267728745971767,0.0472152091625603,-0.685554251479024,0.0106750429456468,-0.596746196069904,0.283387854490788,-0.389345010379295,0.0910310743836,3.67602609413722,5.29153197612618,-0.690900182020652,-0.343790807897869,1.1497505794084,0.382835734036902,-1.35415037080622,-1.25105065020039,-0.880209755370068,1.30323778302736,0.834330774624926,0.348173337872663,-0.478563786243987,-0.570391265020455,0.669195143133427,0.470414497026065,-0.121391649498879,0.899748067997124,-0.940582091923832,-0.95687472193313,0.651366835740937,"Male",1
0.0930690620598283,-0.66631232188456,1.15632263571691,-0.41419240388309,0.833760996133153,-0.584187891419527,0.412393764321387,-0.951231246196928,0.283387854490788,0.143629231192464,0.0910310743836,3.64960016758886,-0.481403865926618,0.197305302485865,-0.343790807897869,0.161822275564958,1.78564928387849,-1.49772111305226,-1.61954267305936,0.226726208750427,0.859304930736091,0.936942299528288,0.415444407367441,-0.208552933458979,-0.19777385571061,0.669195143133427,0.288503162166915,0.947446600972175,-0.506504157110068,-0.864267532564474,-1.02253455153174,1.06588773345894,"Female",0
-1.07289455742127,0.0246424426512784,-0.523634791663023,-0.915339809727585,-0.943588985751707,-0.170312141831623,0.814112485697127,-0.379661856452289,0.038451202919334,0.385817065528877,-1.72984171712856,0.339327257158491,-0.481403865926618,-0.0286522497295856,-0.343790807897869,0.581714636052511,-0.68036958365596,0.95629378707577,0.712653717571543,-0.396337266213367,-0.644012633706094,-0.228936142288935,-0.296005741859149,0.361271956886923,0.174843553599235,0.669195143133427,-0.463894635373622,0.044198047523424,1.22154659210026,0.497601532478844,0.418606636433504,-0.658393040079593,"Female",0
-1.19393598670916,0.370119824919198,0.99530554740651,-0.373309062096609,2.15553442545662,-0.685554251479024,0.412393764321387,-1.5741222597536,-0.727024664312342,-1.6164206222906,0.0942521196077342,0.696189524902066,-0.481403865926618,-0.690900182020652,-0.343790807897869,-0.692999912865587,-0.68036958365596,-0.326212641579389,0.587348562579203,-0.808311477822375,0.967082437642036,0.133600417474274,2.24165608806388,-0.930391842275652,-0.570391265020455,-0.106919256445487,1.17352849039961,0.87647588522559,-0.440994878472071,-1.0401261087786,-0.752442695498187,0.382021753178604,"Male",1
-0.391608401178499,-0.320834939616641,-0.752748687309991,0.886008939958612,-0.62664243396909,1.63448255123104,0.0106750429456468,0.20566412449516,-0.00922156275994464,-0.0091030564440965,-1.13035165029634,-0.363116545096217,0.234193806832196,0.733157689840932,-0.343790807897869,-0.692999912865587,-0.0214091588201402,0.725486928498805,0.926603704404628,0.581415977549261,-1.05270044820326,-1.1916799317901,-0.230580983620302,0.201820723778855,0.174843553599235,-0.106919256445487,-0.471776814087892,-0.0539461610282918,0.82500029433187,0.658281872382354,0.100412515217958,-0.192954383946192,"Female",0
-0.858133989809504,-0.66631232188456,0.371796781379892,-0.758385477935033,-0.901617384757795,0.208312741772907,0.0106750429456468,-1.25555377695115,0.663457535354414,0.784330103392331,1.49975971259301,-0.118425745652083,-0.481403865926618,-0.690900182020652,-0.343790807897869,0.790486782646949,-0.68036958365596,-0.48459344872976,-0.851729624142004,0.518126823707127,0.155301406984669,0.70593406698803,0.443171263492691,0.74847876920151,-0.570391265020455,1.05725234292288,0.365158899257936,0.481664842015284,1.03168175314749,-0.241670045245382,-0.280659997207937,-1.34779019263809,"Female",1
-0.459781631465346,1.75202935399087,-0.503520348073171,-1.1029552901923,0.762742247942621,-0.685554251479024,0.0106750429456468,0.754024431248194,0.554927286700966,-0.788486304379116,0.763175024519538,0.70098053618126,-0.481403865926618,0.630615268824797,0.550394255507096,-0.692999912865587,-0.374614319026913,0.864456015174584,1.34286844865654,0.394228955287033,-1.0784492751105,0.684883841683817,1.18682907306723,0.204034953868673,2.03793060014846,-3.21137685476114,0.799259546438099,1.27246475170461,0.6024504254912,0.271054464850548,1.84506256068484,0.848275393222986,"Male",0
1.14104596362554,-1.01178970415248,1.16920292267382,1.0548201485045,0.62023471685543,-0.685554251479024,0.0106750429456468,-0.162279850412283,-0.909698114039466,-0.687893284888517,-0.0808628212480898,-0.755486892689727,-0.481403865926618,-0.690900182020652,-0.343790807897869,0.637528408674609,2.67818789236112,-2.03687388119823,-1.73710104396505,-1.89156261134265,3.11302698157201,0.998350297631061,-0.374511854918459,-1.67799030711945,-0.570391265020455,-0.106919256445487,0.750337031404041,-0.157470669879289,-0.773131138380965,-2.37343916947849,-0.706681909698872,1.3959183298331,"Female",1
-1.00619900407902,-1.01178970415248,-0.800044422870783,-0.165735760256354,-1.00142301675344,-0.199996872428593,0.0106750429456468,-0.815634203195182,0.428951332988013,0.240895993895834,2.93159075200339,-0.755486892689727,-0.481403865926618,-0.690900182020652,-0.343790807897869,-0.124837034909947,-0.68036958365596,1.10823907911472,0.621000394541402,0.203284277935158,-1.07687117756928,0.0436726410513415,-1.20973769269126,0.602252327469678,-1.31562608364015,0.28113794334397,-0.535321877857111,-0.494439190219817,-0.305281072607728,0.997967533971195,1.01080800838605,-0.609255680667014,"Female",0
-0.804027291325867,-0.66631232188456,0.259121792487601,0.318157750338806,0.0752516385399364,-0.197414120412367,-1.19448112118157,-0.922363747257419,0.283387854490788,-0.769839352191121,0.0910310743836,-0.755486892689727,-0.481403865926618,0.0330661226584862,-0.343790807897869,0.00375604249718899,-0.68036958365596,0.391476394917681,0.225990870496243,-1.27952172759649,0.660075977141905,0.905569184607834,1.22118307638052,0.10750822441197,0.174843553599235,-0.106919256445487,0.835126408051826,-0.167575642056841,1.4361993769648,-0.203960259386981,-0.148150229410174,0.666505085496482,"Male",0
-0.411993236182706,-1.3572670864204,0.967364579810577,-0.745962612796729,-0.987040649554289,-0.685554251479024,0.0106750429456468,-0.209397287371671,0.283387854490788,1.28693901829889,0.0910310743836,3.76444415053839,-0.481403865926618,-0.690900182020652,-0.343790807897869,-0.692999912865587,0.7429297138421,-0.559468400779609,-2.43996319472487,-0.329203849560424,0.47598730317186,2.04030320289688,-0.967359624169783,1.11813995319863,-0.570391265020455,-0.106919256445487,1.17820405534716,-0.317456653964084,-0.496715144627062,-0.619804786508572,-0.867090685726578,-0.0122598484696661,"Female",1
-0.611533302241413,-1.70274446868832,-0.915613671219636,-0.327284183408466,0.004494376612298,-0.62838833911989,-0.792762399805834,0.0978046467243548,0.283387854490788,-1.1997288940684,0.0910310743836,-0.0531712184381401,-0.481403865926618,-0.690900182020652,-0.343790807897869,-0.692999912865587,-0.68036958365596,1.15771329544917,1.70578298686764,-2.53542793498056,0.77851857898845,-0.761065816032681,0.855413140270269,-1.38195283706579,-0.570391265020455,-0.106919256445487,-0.43348591051386,-0.428410236389865,-0.441807803039987,-0.131765028983926,1.34001478162505,-0.381158392600619,"Female",1
-1.00357169429837,0.715597207187117,0.0122359054960171,-0.230628131081289,-0.465430238724321,-0.330771991270783,0.0106750429456468,-0.833660193593068,0.283387854490788,-0.171388155817466,0.0910310743836,0.205401060680616,-0.481403865926618,-0.690900182020652,-0.343790807897869,-0.692999912865587,-0.276932411443526,-0.568494387253,-0.25571449669835,0.249505166029212,0.46428500771104,-0.814877292487169,1.47720314443597,-0.244360357728484,-0.570391265020455,-0.106919256445487,1.06253472473065,0.463313054382183,0.416581485373688,-0.828467865735261,-1.00391918558443,-0.275454771301557,"Male",1
-0.0432721320464552,-1.01178970415248,-0.726415617470704,-1.16715537283382,-0.105849361046441,1.44951090954559,0.0106750429456468,-0.504541392445904,-0.357511133156721,-0.0529543494147429,-0.451252403223831,-0.755486892689727,-0.481403865926618,-0.690900182020652,-0.343790807897869,0.0217300201013858,0.866037543822961,0.775201035442192,0.914272241596715,-0.0581647812548095,-0.7244601834538,-0.394203732257025,0.203697362175602,0.184462537468513,-0.570391265020455,-0.106919256445487,-1.10166597702489,-0.451197216991689,2.12270139711221,1.16646516060743,-0.039881888051712,0.88329624709004,"Male",1
-1.10732117140481,0.0246424426512784,-0.320697609812193,-1.2565221035351,-0.119778441762411,-0.0201946098854818,1.21583120707287,-0.921641126829101,0.534265450487049,-0.377997767023255,1.18565713517696,-0.334973557586919,0.285520459036296,-0.182167103056952,-0.343790807897869,-0.692999912865587,-0.32725721463012,0.704545006388084,0.625608200984625,0.196512541290538,-0.737185801628124,0.718687170324924,0.206139267781253,0.60606866796705,-0.19777385571061,-0.106919256445487,0.345592215756361,0.339994379347966,1.57812118314378,0.463826109616837,0.820283258551952,-0.504574512603847,"Female",0
0.565220031654028,0.715597207187117,-0.230209587844639,-0.992540167096588,-0.106528694591257,1.08014780209257,0.0106750429456468,0.498913722250437,0.513151989437861,0.203285455757974,1.8538948241966,0.168809744863001,0.642406035999261,-0.31816505485912,-0.343790807897869,0.383177602348191,-0.68036958365596,0.677225711545894,0.370950098222421,-0.561509277693159,-0.275638184541676,0.06120787255072,-0.456666445440782,0.176230753080561,1.29269578152877,-0.106919256445487,-0.333108513081,-0.530604271227557,0.607561300792665,0.499750239892215,0.990162135157712,-0.0505534493886603,"Female",0
-1.246513240656,-0.66631232188456,-1.13896786560451,0.471578797794268,-1.2195370131909,0.0643850055713241,-0.391043678430093,-0.0275456254997443,-1.36642633636746,-0.0027375578997918,-0.126457871446133,0.824723374376354,-0.481403865926618,-0.690900182020652,-0.343790807897869,2.06680687907916,-0.0169045465409773,-0.584810990468143,-0.0486389164068671,1.18255182747327,-0.440634944550968,-1.03579549013286,-1.42905865634879,-0.59303785647112,-0.570391265020455,1.05725234292288,-0.813081310367968,0.691781191058216,-0.91513147783258,-0.345282422900959,-0.934561056264659,0.211338221523067,"Male",1
1.67508376828467,-1.3572670864204,-1.14782515876006,-0.467234036029158,1.24219736432291,-0.603616443764264,-0.792762399805834,0.495586618337563,0.283387854490788,-1.04651493273519,0.0910310743836,-0.755486892689727,-0.481403865926618,-0.690900182020652,-0.343790807897869,-0.692999912865587,-0.68036958365596,1.16459139797161,1.96478041302269,-1.11916958289724,-0.165151104278784,-0.826672902384962,0.735072220343014,-0.976678914372243,-0.570391265020455,-0.106919256445487,-1.63912622527437,-1.28877509232417,-0.295731038452852,1.41976434941532,-0.524157970878913,-0.562364600541866,"Male",1
-0.321013886768545,0.0246424426512784,-0.406855530115043,1.1071510570531,-0.0733578792313904,-0.486917141867484,0.412393764321387,0.298637642508608,-0.454216813444437,0.241021735629985,-0.469580834532961,-0.755486892689727,-0.481403865926618,1.70225982757882,-0.343790807897869,-0.692999912865587,-0.68036958365596,0.543645047022292,1.03443096448992,0.990467404750555,-1.03395586386489,-0.151772545957576,0.186466703060945,0.310085206263429,0.174843553599235,-0.106919256445487,-0.0518486772131024,1.35643452001191,-1.04498094216492,0.11046497291706,-0.972740316635336,0.156631961377061,"Male",0
-0.508684899245605,-0.320834939616641,0.0663967875174672,-1.30921787958293,-0.923004263207865,2.12374201302704,0.0106750429456468,-0.701443158387482,0.891478063375348,1.11906945810329,1.09503071599575,-0.302481485781651,-0.481403865926618,-0.690900182020652,-0.343790807897869,-0.165556434897802,-0.68036958365596,1.1076564216605,-0.380305563498467,0.117065246734029,-1.12271195557202,0.797810322508719,-0.445355861111402,1.90116948119845,-0.570391265020455,-0.106919256445487,0.277245901978941,-1.47045508109929,2.511082092515,1.55096107786757,2.9289526739465,-0.483753083861472,"Male",1
1.46483097470052,0.715597207187117,1.43416096236436,-0.547671335667197,0.95641819719406,-0.0967795852651781,0.814112485697127,-0.169600670214188,0.283387854490788,1.30259192675262,0.0910310743836,-0.755486892689727,-0.481403865926618,0.833714216618264,1.20362290774526,0.040655890600494,-0.15125104938359,0.352332487004807,-0.192629703030757,-0.512520620098126,0.107069974630942,0.0573955566999921,1.86515218616456,1.12145049192404,0.54746096290908,-1.27109085581386,-0.961371849750228,-0.53253512785258,0.641114293736717,1.04044261292106,-0.10272061938189,1.19530828523515,"Male",0
0.111689858879003,-1.01178970415248,-0.210515136004641,1.94849008544976,-0.184899073139287,-0.685554251479024,0.0106750429456468,0.176474572506919,1.63621435308051,-0.471913159448883,0.278449669751914,1.05856614932334,1.17281407267057,-0.690900182020652,-0.343790807897869,-0.692999912865587,1.60456830201356,-2.4359564767306,-1.64027793130581,-0.448458986627165,2.46923748148372,0.583868138720602,0.0189987763274436,-1.99472150694473,-0.570391265020455,-0.106919256445487,0.282808906789318,0.277564242186067,-1.21812401561451,-1.90665401262737,-0.939174457502893,-1.42089764937866,"Female",1
1.20636785228255,-0.66631232188456,-0.151431780484649,-0.860899320744451,-0.203736576534607,2.00965891599126,0.412393764321387,0.718563252721483,-0.451138115700009,-0.161693612993206,-0.348913214892,3.11396711779555,2.08479161447111,0.160232377915167,-0.343790807897869,-0.692999912865587,0.20578893548196,-1.07912937826764,-0.88427076238391,-0.340625061220482,0.986107510600216,-1.85777932441387,-0.934771408282368,-1.32962440154809,0.54746096290908,-0.106919256445487,-0.273989825983856,-0.383760538130124,1.09136223605731,-1.03739706599053,-0.0763688933402021,0.606536244817811,"Female",0
-0.238511234932288,0.715597207187117,-0.105080191810716,0.0205409733140913,-1.11287667755122,-0.685554251479024,-0.391043678430093,2.39619050593798,-0.393458993040799,1.07897471901278,-0.797687070820896,0.865241586352405,0.109766967898983,1.26984189315201,-0.343790807897869,-0.315590437044083,-0.408178799198532,0.767777790908236,-0.453505509470216,-0.235005673930533,-0.604206526421195,-0.162837886631107,-0.426371940185675,1.21483350335316,1.29269578152877,-0.106919256445487,-0.0597304398882765,-1.43448652881725,-0.0097582145744065,1.0507928450181,1.24734981785276,-0.054947216935966,"Female",0
-0.313317806169404,-0.66631232188456,0.124290545275312,-0.156364963834878,-0.244968853708482,1.51652433085516,-0.391043678430093,-1.00684852187154,1.03356979562704,-0.625956674391806,0.382935265193679,-0.755486892689727,2.13948849860036,-0.690900182020652,-0.343790807897869,0.143602264443875,-0.68036958365596,-2.1385104407405,-1.13528699271566,-0.517801570723625,2.49043996686895,0.504364812914619,1.55906196029252,-1.36292163591468,-0.570391265020455,1.05725234292288,0.700310935657846,-0.000789755804816124,-0.511409165389535,-1.566411207853,0.080955821388183,-0.296109501900224,"Female",1
-0.620921326236788,-0.66631232188456,1.71166336357909,-0.911704633362104,0.278346243217216,0.424570885301599,0.0106750429456468,-1.02609527835515,0.836929706207315,0.5334262431926,0.956581466027415,0.729040917838407,0.872323107677695,-0.690900182020652,-0.343790807897869,0.171233162043105,-0.05707765888005,0.629235234666001,-0.655999586641384,-0.328368707823086,-0.492605687884268,0.981693601435002,-0.411957073936095,1.49294963115631,-0.570391265020455,-0.106919256445487,1.30610577879921,0.221317456912031,0.784872319507976,-0.114750798905085,0.159708012352607,-0.942320264497105,"Male",1
1.15869062991016,0.715597207187117,2.12423036438213,1.08867234422624,0.330055771510976,-0.0326123462520276,-0.792762399805834,0.405781927533071,-0.470812918472981,0.341986591847073,-0.487281778071636,-0.755486892689727,-0.481403865926618,-0.690900182020652,0.898008698905776,0.484517651697506,0.593483287604807,-0.57962662069186,-1.49938633751459,-2.71647738428266,2.46832206742913,1.37590838742965,-0.542146076484919,-0.40149663792674,-0.570391265020455,-0.8830336560244,0.926984002563268,-0.815935919398929,0.342766210026946,-1.58612350640737,-0.861684222277718,1.03193212371315,"Male",1
0.846787715870582,-0.66631232188456,0.339394882904372,1.32411850071345,-0.265422115251908,-0.685554251479024,-0.792762399805834,0.28559644351857,1.46182656224668,0.173015729738473,0.428979138357199,-0.755486892689727,-0.481403865926618,1.2208233412727,-0.343790807897869,1.14687128176425,-0.0169045465409773,-0.455201746061069,-0.527117617299916,-0.181380965818218,0.580051726319242,-1.03579549013286,-0.824345533714332,-0.510476986408887,0.174843553599235,0.669195143133427,0.211826269238127,-0.39813479240478,-0.942461184306179,-0.711312241044443,-1.19250318450062,1.58396802155011,"Male",0
-0.0556889247130447,0.715597207187117,0.29252947113491,-1.02579725534512,-0.450652170150146,0.109724470458355,-0.391043678430093,-0.239350547497471,-0.346049452304607,0.590283543606052,-0.690422052182276,-0.755486892689727,0.618121023215483,0.0384608045115353,-0.343790807897869,1.41284371973607,0.83838197671455,-0.0997904052130604,-0.440691956274228,-0.157395262448859,0.0640041062108675,0.282547904130517,0.0903844505985922,0.783796921466864,0.174843553599235,-0.106919256445487,0.0507669393745397,-0.424800645452745,0.870030169079051,0.156985766451669,-0.556591011766705,1.58689047406025,"Male",0
-0.294757206046938,-0.320834939616641,-0.959136917560441,-0.868768606067593,-0.51008827145887,-0.557024357024498,1.21583120707287,0.191883514797888,-0.400030321657608,-0.169355657155183,-0.37929784309274,-0.755486892689727,1.90623756000979,0.892922542779015,-0.343790807897869,-0.692999912865587,-0.68036958365596,0.705828637494848,1.2796427328684,1.49329897520052,-1.65208101750129,-0.843135920319519,-0.0787283825048584,0.437770676538896,0.174843553599235,1.05725234292288,-0.486555558648805,0.272334020507597,0.222037892273468,1.04805923920672,-0.287169325163021,-1.06473952064917,"Female",0
0.31443612662347,1.06107458945504,-0.843313662424805,0.459886587088391,0.221946633688812,-0.453990881850354,3.22442481395157,0.410871728541545,0.283387854490788,-0.728251661932063,0.0910310743836,0.155625333366391,1.18026550482642,-0.690900182020652,0.402034721713929,1.07504447837029,0.0847072159000554,-0.722983007778986,0.0597013059575038,0.457305481330688,0.243654242451356,-0.788481667086339,-0.824950852155409,-1.16377396122566,-0.570391265020455,-2.04720525539277,-0.395184392690743,-0.0923800833302014,-0.847660005746709,-0.320825475592572,1.28188228282534,-0.0657803749542394,"Female",1
0.0217287186947467,0.0246424426512784,0.0766956199953179,-0.548276933396178,0.497991163124796,0.827143737101166,-0.792762399805834,0.112164598889394,0.662859941516582,-0.0271864930287282,1.02214200292063,-0.755486892689727,-0.481403865926618,-0.690900182020652,0.905818758696968,-0.100538245160898,-0.25308140880959,-0.87516830403921,-0.562988473366868,1.23745226695167,0.107261957076531,1.03675879148966,0.30977681326425,0.112935470174237,-0.570391265020455,-1.65914805560331,0.742257124204076,0.92244580013702,0.0994393160005452,-0.524038494466,-1.17881700127911,0.39709903894192,"Female",1
-0.331373186312945,1.06107458945504,-1.33997497105276,-0.204258449089082,0.0160574484197925,-0.573182400898781,1.21583120707287,0.422704377973087,0.283387854490788,-1.016457958556,0.0910310743836,-0.755486892689727,-0.481403865926618,-0.228328138577286,-0.343790807897869,-0.692999912865587,0.603918125239573,0.881562029902998,1.6498247972736,1.38606744527505,-1.76762408990255,-1.19507238567415,-0.466547410113984,-0.306806030962359,1.29269578152877,-0.106919256445487,-0.441522712930432,0.314225228922876,-0.411888413430247,0.919042690903733,1.44452278006853,-0.949725697227868,"Female",0
-0.304583507107404,0.370119824919198,-0.799665404722507,-1.42216382837316,-0.762936997523596,-0.685554251479024,1.21583120707287,-0.308635735009015,-1.01615809276986,0.226647252707532,-0.224682794822121,-0.755486892689727,-0.481403865926618,0.0620247748456342,-0.343790807897869,0.756252474288977,0.364843028660558,-0.0914982663710677,0.0694349045519705,1.69287252797864,-1.10251099343065,-1.18034556481326,-1.03832094633884,0.265087125283412,-0.19777385571061,1.05725234292288,-0.738096619073713,-0.13180404054831,2.82701422802344,0.659610208602192,-0.133384446048581,-0.728893670145194,"Female",0
0.437900701186354,-0.66631232188456,0.176340167995304,-0.924375447506714,-0.507561874856404,1.5491132316508,0.412393764321387,-0.299492748406492,-2.77713702130422,0.711247504543949,-0.0785532684473424,3.64161993740719,-0.481403865926618,-0.690900182020652,-0.343790807897869,-0.692999912865587,-0.68036958365596,-1.26666831974014,-1.44524196510049,1.05604211911,0.34706889927278,-1.01098712491311,-1.08434296325282,-0.380054742397535,-0.570391265020455,0.669195143133427,0.173866729252714,0.519342792708393,0.0942055344796891,-1.2988166230646,-0.598617080260257,-0.116899339352965,"Female",1
-0.631739690667127,-1.3572670864204,-1.26346757052135,0.505870461068547,-0.742999226500754,-0.539887037763894,0.0106750429456468,0.422643224754302,-0.163545936895149,-0.164756103259799,-0.630470329987309,2.24105998411706,-0.481403865926618,0.0341386653320707,-0.343790807897869,0.702576459949925,0.326131450426617,1.28674649876999,0.957229641470518,0.523014547872764,-1.87299857267216,-1.61315046678032,-1.06772390158944,0.310850780210215,-0.19777385571061,0.669195143133427,-0.841087015423873,-0.990322476753008,0.0646643330628239,1.50587949070989,0.539984109445371,0.529743781727697,"Female",0
-0.518580911824191,0.0246424426512784,1.44543623730527,1.26154677939828,3.40453449671585,-0.569421925584088,0.0106750429456468,-1.19469578808421,-0.605775162055968,-1.28792660932746,0.0117976599527251,1.79946360227185,1.07181971431409,3.43037326608962,-0.343790807897869,-0.692999912865587,-0.68036958365596,-0.808830337117001,0.831157499087846,0.000285310790007765,0.717038621620243,1.07479576648876,4.03415309157822,-0.635100447113353,1.29269578152877,-0.106919256445487,1.88212594341723,2.33831917940907,-0.956246580030237,-1.24860548462454,-1.32445251798962,0.762608996840506,"Female",0
-0.668985934294735,0.0246424426512784,-1.20844071247824,0.700764831706862,-1.44721840743189,-0.3592532473052,0.814112485697127,0.626566549382185,-0.50458310233703,-0.00367847703903992,-0.364068478310991,-0.00075960095669162,-0.481403865926618,-0.690900182020652,-0.343790807897869,-0.253627687282354,2.17153982961441,-0.67186197551767,-0.472842421377721,0.791693474768842,-0.063590241505629,-1.1294748393955,-1.73592800216329,-0.792662646770848,-0.570391265020455,0.669195143133427,-0.71449981846556,-0.377800538981964,-0.826759882246291,-0.182754257382023,0.311495574335884,-0.137550046825298,"Female",1
-1.98598184887878,1.06107458945504,-1.82697514471826,0.0131682503426265,-0.573050915181261,-0.475945906162195,2.01926864982435,-0.636244975842175,-0.288905414966814,-1.37357502780443,0.00150701674604348,-0.481412483225692,-0.481403865926618,-0.690900182020652,-0.343790807897869,-0.054779010663369,0.470355683968941,1.07903451293648,2.17881558872614,0.528061222417768,-1.4136065881244,-1.41258234147852,-0.224002514947154,-0.798433191747896,-1.68824349294999,-0.106919256445487,-1.12971942439262,0.268663400730101,-0.576192045135597,0.951445164546386,3.42258427940051,-0.170973157185144,"Female",0
0.811520948640974,1.06107458945504,-0.278479118581319,0.264933421059571,1.8475283218417,-0.685554251479024,0.412393764321387,0.678983150499662,0.283387854490788,-1.54237795805308,0.0910310743836,0.237234158522339,-0.481403865926618,0.510084411753822,2.09409779441604,-0.692999912865587,0.153235567271331,0.36666399025274,1.26115983413595,-1.09167361698102,0.44072486480475,-0.0213312107726548,0.700421910474385,-1.46605574382857,2.03793060014846,-2.04720525539277,0.35868078405285,0.687212013622431,-0.823137237987148,-0.655734093811,0.538309043694181,0.506752026311497,"Male",0
-0.296665624302843,-1.3572670864204,-0.341811481604623,0.328764637570294,-0.233823121206422,0.406949851384447,0.0106750429456468,-0.756546085463981,0.283387854490788,-0.265482825157666,0.0910310743836,0.516632064445225,-0.481403865926618,-0.690900182020652,-0.343790807897869,0.0475771717652859,1.45607129057592,-1.45946960209575,-1.08684741834462,0.578646993210874,0.867320459158498,0.699905919675682,-0.371761498535086,-0.764390605656887,-0.570391265020455,-0.106919256445487,0.0821908590992685,0.366748594312699,-0.622884075694192,-0.803970732744288,-0.94002346283353,1.08243021000177,"Female",1
-1.10779165571511,0.370119824919198,0.643893867473081,-0.0647035868640403,0.137858582884667,-0.33334397354095,1.21583120707287,-0.560558286264121,-0.556279010041435,-0.436700083222341,-0.220337403443991,0.0487553108269894,-0.481403865926618,-0.690900182020652,0.643723710435029,-0.224802074073114,-0.68036958365596,-0.409851394141299,-0.816678087581913,0.968516515709569,-0.177346484222122,-0.611159794134924,0.424753739480898,0.463675625558017,-0.570391265020455,-2.04720525539277,2.7916411288828,0.75516099725363,0.167864178874594,-1.39989219217421,-0.248744095611632,2.02828443615954,"Female",1
-0.897726382474893,0.0246424426512784,1.56198552959511,2.57124823857254,2.43358830324037,-0.685554251479024,0.0106750429456468,-1.21121258101492,1.01740320530711,-2.14544161433292,-0.0751152198840867,-0.263353281535327,1.31368421342703,-0.0955215664937685,-0.343790807897869,2.17200632694729,0.972643063559958,-1.59046520072157,-0.65610895564286,-0.976731880965484,1.97014750252265,3.26933110978963,1.80882945040927,-0.873061829382929,1.29269578152877,-0.106919256445487,2.83380529757348,2.35427874653107,-1.26019163386911,-2.51496647266267,-1.34786656436799,-0.101385623789172,"Male",0
0.259910190868524,0.715597207187117,-0.607530276271252,-0.684477206087727,-0.175593228640911,-0.685554251479024,0.0106750429456468,0.0703627390937421,0.283387854490788,-0.0190238045443156,0.0910310743836,-0.177581423591286,-0.481403865926618,-0.690900182020652,-0.343790807897869,0.652734446635088,-0.68036958365596,-0.135252068439037,-0.248232888779398,0.899892993358767,-0.442093068366497,0.489044771345371,-0.947591827279833,0.17218346490569,-0.570391265020455,-0.106919256445487,-0.436956497026811,-0.591724631372256,-0.117515002565799,0.718818548416171,-0.639329950633973,0.240933411438119,"Male",1
-1.51369091584619,1.75202935399087,-0.23141392482766,-0.0226673369454373,-0.452769004681235,0.060748361482739,0.412393764321387,-0.753647746395164,-0.640123296077087,-0.408486479674186,-0.198923448137215,-0.755486892689727,-0.481403865926618,-0.690900182020652,-0.343790807897869,-0.692999912865587,-0.68036958365596,0.391225972515735,0.0704925152440547,0.0839828293391738,-0.247954297498938,0.225718319510824,0.668925646668712,0.583033312986812,-0.570391265020455,-0.106919256445487,1.15306792397842,-0.0626334437537575,0.315417504366842,-0.0222050834171695,0.311546040082015,-0.787916631523588,"Male",1
0.438730305195195,-0.66631232188456,1.79799342354549,-0.636462100495183,0.85241307822056,-0.685554251479024,-0.391043678430093,-0.587212595924151,-0.727024664312342,-0.0659272531737451,-0.250055485533876,2.14786594249388,-0.481403865926618,-0.690900182020652,-0.343790807897869,-0.692999912865587,0.944961033582655,-0.564346372930184,-1.93279188690916,-0.808311477822375,0.928013091388631,1.99735358383958,-0.103897842154624,0.889897579957697,-0.570391265020455,-0.106919256445487,1.10378464659867,-0.402915125665584,-0.112904498340291,-0.423654836115891,-0.862007091211975,-1.60823956159407,"Female",1
-1.86445411008466,-1.3572670864204,-1.63476025077517,-0.747929687868015,-1.06062085621424,-0.685554251479024,-0.792762399805834,-0.893393798794002,1.10317130336445,-0.787007097852921,0.314072274506201,1.99270487612084,-0.481403865926618,-0.690900182020652,-0.343790807897869,-0.0530447147334772,3.93503937018739,-0.00438698290603285,0.729409058088785,2.19462949437942,-2.0493258932051,-1.4079209684291,-1.13108407418109,-0.456632940716126,-0.570391265020455,1.44530954271234,-0.16941954539796,0.877382825923291,-0.0920474554153758,0.398712968325472,0.46961113158457,2.32713979635911,"Male",1
0.116959157190677,0.370119824919198,2.44823586239498,1.12621977550951,0.748577324119047,-0.17390640240043,-0.792762399805834,-0.172853492256457,0.283387854490788,0.872141719414844,0.0910310743836,0.824723374376354,3.36120655393977,3.13254686456605,-0.343790807897869,1.76016167997418,3.74273066377725,-2.096918841884,-1.80306081968138,-0.211690583446917,1.51568117461693,1.30997326564561,1.52731660986411,0.23257084415121,1.29269578152877,-0.106919256445487,1.00897660893176,1.87252350647646,-0.793948081113515,-1.74839672578432,-0.916945754519143,0.379638372163326,"Male",0
0.0787135877928445,0.370119824919198,0.925410021734553,2.32057565754273,1.23499324447656,-0.685554251479024,-0.391043678430093,-0.884596617290815,-0.694279814165949,0.0699193641926271,-0.292656342053361,1.58556535481556,4.64207669389523,-0.124463582526329,-0.343790807897869,2.0327351902897,0.892288282098064,-1.87610309215343,-1.12964635175783,1.55973818018598,0.192568823488883,0.478739892727108,1.27348641023977,0.281495804188088,0.54746096290908,-0.106919256445487,0.241350355893444,1.02481107489413,-1.0041558394646,-0.321558268021289,-0.931677177020224,-0.298385186503999,"Male",0
0.0949632804287715,-0.66631232188456,1.30396328080527,-0.249268288996918,0.395655329355438,-0.685554251479024,0.0106750429456468,-0.810937396178515,1.43046127344709,-0.385404751585989,0.328988997844091,-0.755486892689727,-0.481403865926618,0.239520392053656,-0.343790807897869,-0.692999912865587,0.611242960081178,-0.999264886081636,-0.88297478039756,-0.908466051823795,1.69291067260074,0.0193303801828643,1.11088974467857,-0.691608629092951,0.174843553599235,0.669195143133427,1.74420815526515,0.332274683204926,-0.828261535070944,-1.80000739405867,-1.06605425840855,-0.491090158751642,"Male",0
0.479117560999559,-0.320834939616641,0.668638097033073,1.41194507340281,0.473722899759106,-0.507857801013279,-1.19448112118157,-0.393110618437019,0.731649829506395,-0.0582703208816421,0.863695670983069,-0.755486892689727,-0.481403865926618,-0.690900182020652,-0.343790807897869,0.00686193828631692,-0.68036958365596,0.275077978740745,-0.485881711428004,-0.144766227137486,-0.021668090423337,0.778852256646812,0.0846709730690108,0.81356383169168,-0.570391265020455,-0.106919256445487,0.773097268338903,-0.673852765933126,-0.833735683762871,0.276505971738771,0.145236574229417,-0.547003729466386,"Male",1
1.90256586454227,0.0246424426512784,0.622023055413424,1.58428513144494,-0.42802771930622,-0.292252774448174,0.0106750429456468,1.23867894836252,0.283387854490788,1.31393765905465,0.0910310743836,-0.755486892689727,-0.481403865926618,-0.690900182020652,-0.343790807897869,-0.692999912865587,8.25894881115644,-1.00092488040664,-2.10861563919905,0.416835171590328,0.0294181275603126,-0.565307019912714,-1.83220073810509,0.23257084415121,-0.570391265020455,1.05725234292288,-0.081860698017423,0.208967531717151,-0.848276711899617,-0.619804786508572,-1.00576133117297,2.11042696659154,"Female",1
1.74584063753682,-0.66631232188456,-0.0135706176046691,1.17473556243849,1.73970578884055,-0.355972008157083,0.0106750429456468,-0.0103113676073977,-1.11051456418812,-1.65355650706463,0.0993436841675685,0.579608250442011,-0.481403865926618,0.924285369012675,-0.343790807897869,0.0842394036777089,0.440733053317212,-1.91298493067924,-0.729878888569446,0.135819685998965,1.71442874419232,0.0859301632190583,-1.15098375507134,-2.38321909841459,0.174843553599235,-0.106919256445487,0.41440242817017,0.372540123294715,-0.826825626563369,-1.8374881419166,-1.20356154380235,1.47164659205651,"Male",0
-0.175358167944178,-1.01178970415248,-0.825182741202007,-1.28276271723049,-1.80399182821461,2.10162156999944,0.0106750429456468,2.49054933187295,-0.575052049695612,1.10956760881229,-0.617685245418232,0.0667363357023793,-0.481403865926618,1.29853567961796,-0.343790807897869,-0.692999912865587,1.39093589806886,0.809278687178669,0.0377206539982201,-0.307794249098894,-0.650166151375951,-1.24764144896059,-1.4126707668465,0.361446348638598,0.174843553599235,1.05725234292288,-1.24822725654219,-1.33815040686846,1.77946603846591,1.04667243430729,-0.349257486330652,-0.367793566919127,"Female",0
-1.37881694314709,0.0246424426512784,1.0892128012855,0.490739679703553,1.96978609542539,-0.423353266791791,0.0106750429456468,-1.29634715599137,0.943519822073954,-1.26259990816091,0.206362730163433,-0.755486892689727,1.1329970106912,-0.1554502674002,1.8300376504017,-0.692999912865587,0.0629435432649751,-1.55787295449586,-0.0207887338165954,0.297537521921039,1.37795175513408,2.62540169679419,2.79731708477693,-0.808021303679124,-0.19777385571061,-1.65914805560331,2.71491322210543,2.8988411830999,-0.428853662007185,-2.29857611873777,-1.3440868255912,0.733534341098574,"Female",0
0.500230122878651,-0.66631232188456,-0.132557930804653,-1.29126415898181,-0.972367351138853,2.4749040460903,0.412393764321387,0.842621613151692,-1.67194748282269,1.27421552093123,-0.239006087965854,-0.755486892689727,-0.481403865926618,2.70771941494528,-0.343790807897869,-0.692999912865587,-0.68036958365596,1.46493520811779,0.798445598507494,-0.757263700763512,-0.714708217284636,-0.648356206145428,0.0789913531840521,1.01537020474127,0.174843553599235,1.05725234292288,-1.58070756340628,-0.589879270976975,1.89075133399515,1.33235424359001,-0.501023397457936,-1.15631828212707,"Male",0
0.68874693377447,3.13393888306255,0.597993939532087,1.23500120065851,-1.15431091524152,-0.568500240457938,1.61754992844861,5.20378280059733,0.283387854490788,2.1858808994113,0.0910310743836,0.547779306952389,2.37084304366491,2.46245820691683,-0.343790807897869,0.217451812312039,0.414005735296578,-1.26759783471571,-1.75636392928494,2.62241489997892,-0.79577077075581,-0.367163158797847,0.0297338250580438,1.53992647730162,3.90101764669769,1.44530954271234,-0.10163343723934,0.535410083465157,-1.08690464571752,0.21036593505397,0.74584723465677,-0.00419126122083355,"Male",0
0.37797626792736,0.715597207187117,0.237868257828306,-0.308262217894407,0.72291917981198,-0.685554251479024,0.0106750429456468,-0.286231921202272,1.3804071606199,-0.0180071312766242,0.414990943768027,-0.755486892689727,-0.481403865926618,-0.690900182020652,-0.343790807897869,0.163376497725745,-0.68036958365596,0.381838319636975,0.343539626070562,0.410152553502623,-0.526929363088177,0.413163392429071,0.607175349322142,0.578425834375546,-0.570391265020455,-0.106919256445487,0.72158838256948,0.616147627357297,-0.085963815041919,0.0403799036702221,-0.481199046134639,-2.18405836037562,"Female",1
1.12736546509431,0.715597207187117,-0.272779382371643,0.713606799066441,0.991673743866289,-0.533111818521331,0.814112485697127,0.0216637134825273,-0.251913074355486,-0.749620030249831,-0.266215131831808,0.269947399753657,0.453680038527543,-0.690900182020652,-0.343790807897869,-0.692999912865587,-0.68036958365596,-0.179227689528898,0.265859251252365,0.566678836569196,-0.149241189654245,-0.84463377773616,0.326065615936262,-0.450518331724908,-0.570391265020455,-0.106919256445487,0.266239754312269,0.00810871262700223,-0.307323515303389,-0.137332022415766,-0.0777758075271738,0.101925701231057,"Male",1
-0.470372314419314,-0.66631232188456,-0.540214848289039,-1.25846019125545,-1.16128200889237,-0.685554251479024,0.0106750429456468,-0.181554885247985,-0.69882710564807,0.418838536696044,-0.370586506058348,-0.755486892689727,-0.481403865926618,-0.690900182020652,-0.343790807897869,-0.145317324696715,-0.68036958365596,1.00124446085748,0.305212774021015,-0.888088468946925,-0.204452796291467,-0.976524651677617,-1.23217531409571,0.0851132901795944,-0.570391265020455,1.05725234292288,-0.481509142495403,-1.33639192390529,0.57116293975871,0.524251203223622,0.0965199411063625,-0.194211492121287,"Female",1
0.265993467945571,0.715597207187117,0.1113941783344,-1.00001172180737,0.873462021880264,-0.685554251479024,0.814112485697127,-0.14915890883828,-0.473516147049911,-0.744864220696685,-0.163031941186419,0.694455144474848,0.17969039985685,1.06322606157468,-0.343790807897869,-0.692999912865587,-0.68036958365596,-0.0463983945262148,-0.236943437403487,-0.746834585020304,0.619379259336642,1.93305743965942,0.202294068751094,0.04318390207297,0.174843553599235,-0.106919256445487,0.0171305641516623,-0.391949486644387,0.0325267805395645,0.19884254869406,-0.815145100184975,0.740165402934452,"Male",0
-0.0782789629281455,-0.320834939616641,-0.673439884770413,-0.176070598513539,-0.184938468637713,0.316251397561819,-0.391043678430093,0.0691935532972831,-0.394545424577764,-0.209368917223582,-0.369859909511498,0.254585088256369,-0.481403865926618,-0.690900182020652,-0.343790807897869,-0.692999912865587,-0.256282069295336,0.303360223702175,0.119216907501928,-0.107025911335827,-0.149783842645694,-0.696479410366954,0.486998653571625,0.0610586246960839,-0.570391265020455,-0.106919256445487,-0.0627050854878229,-1.16681357433317,-0.10799138285967,0.688946023932052,-0.0694226224589205,-0.281018119790982,"Female",1
1.1751012317814,1.75202935399087,0.804829926843997,-1.31484271466702,0.81754917527073,-0.0354691654776201,0.814112485697127,0.47136914950872,0.864162781265023,0.538812529388386,0.918075932939336,-0.322830391760421,-0.481403865926618,1.92621865200661,-0.343790807897869,-0.692999912865587,-0.68036958365596,1.25480856303589,0.374981050009458,-1.7707395141792,0.168229216601823,1.55882342704775,2.03106455872538,1.26109385429548,1.29269578152877,-0.106919256445487,-0.195091879717783,-0.836141135491649,2.79964256474165,1.24048793629125,0.341956820304706,0.265338594441382,"Male",0
-0.734678351958466,0.715597207187117,-0.680465504048713,0.766869359549381,1.25375378817106,-0.685554251479024,0.0106750429456468,-0.618212914465705,0.283387854490788,-2.13580415694972,0.0910310743836,1.52357692910698,-0.481403865926618,-0.690900182020652,1.05541990399356,-0.0296097356469438,1.71184238115299,-1.62935197145022,0.880553242454167,-1.18620882461305,2.17217917419073,0.438100934795932,2.38318914211857,-2.95265077943286,-0.570391265020455,-2.04720525539277,0.488663590427502,1.99635433652249,-1.08719459467926,-2.12104257585199,-1.20781656237357,0.749283112958787,"Male",1
1.2640911067129,1.06107458945504,0.0500196187439111,0.878532000438758,1.53971494501862,-0.426803279748202,0.0106750429456468,0.422461646843159,0.142250867737335,-0.677950073359924,-1.37786246454422,0.190791068407151,0.381498123096012,1.0262970880253,0.818126859286824,-0.692999912865587,-0.68036958365596,0.483442045013313,0.584743766248982,-0.413542001900503,-0.104285857395785,0.0611211276711812,0.340522902518357,-0.249468762106882,0.174843553599235,-2.04720525539277,0.361400175917481,-0.130967277939925,-0.936236710152666,0.0583136134204092,1.1766768176902,-0.054947216935966,"Male",0
-0.62263077117864,0.715597207187117,-0.330186284337958,1.47970386941716,1.2008924081435,-0.345599517343317,0.814112485697127,-0.888549815829695,-0.91989543000981,-1.25890297301733,0.027069731703561,-0.755486892689727,-0.481403865926618,-0.690900182020652,-0.343790807897869,-0.692999912865587,-0.68036958365596,0.649615516804923,1.34808267030258,-0.317903773427832,-0.220358547632398,0.340020372865875,0.814065234449106,-0.52012084872385,-0.570391265020455,-0.106919256445487,0.713735742378557,1.05793292814277,-1.1550615528802,-0.369527987777984,-0.487588129512074,0.380973599622865,"Female",1
0.0633335253653546,-0.320834939616641,-0.0968932984661955,-0.803237584316773,1.5435050144652,-0.685554251479024,-0.792762399805834,-0.8455482260514,-0.530393326356434,-0.494763563820219,-0.214232523788044,1.58285893603232,-0.481403865926618,0.252069417137517,-0.343790807897869,-0.692999912865587,0.628663553156641,-0.443214763919376,0.991844825072699,1.78243697637886,-0.932786850880969,-0.688749245526989,0.951732250362334,-0.317198648979962,-0.19777385571061,-0.106919256445487,-0.0789043115749919,1.89842388630185,-0.24797583791044,-0.360269192911651,-0.826717739785517,0.922519603421138,"Male",0
-1.34775857269118,-0.66631232188456,-0.957546067866605,-0.0853445060999697,-1.60432781354639,-0.685554251479024,0.814112485697127,-0.871978782498182,-0.962489528576204,0.259754030486516,-0.244245120925221,1.03448579920812,-0.481403865926618,-0.690900182020652,-0.343790807897869,-0.692999912865587,0.822701650870003,0.125937048920497,-0.290560005884947,0.62464028174145,-0.655159797941831,-1.11714838886232,-0.614450025071303,0.263744270015415,-1.31562608364015,1.8333667425018,-0.299115857468156,-0.587021411957734,-0.619733061962299,0.399464087613697,0.339784552613164,-1.15631828212707,"Female",0
0.125336392693385,0.0246424426512784,1.00438636187519,0.798788092628266,0.526419448754548,-0.685554251479024,0.0106750429456468,-0.38958455219836,1.54038914276373,0.503978436381669,0.466934428479504,0.930070725514086,-0.481403865926618,0.32868569706912,-0.343790807897869,1.26952936140623,-0.68036958365596,-0.247826955009752,-0.335726136942696,0.406625616178557,-0.117417498775403,-0.490562752303275,0.317890364595194,0.408700700283973,1.29269578152877,-0.106919256445487,0.0523962012994008,0.831048233389599,-0.988120885191935,-0.375784907746249,-0.944665093285835,0.229573641571736,"Female",0
0.468345327661962,0.0246424426512784,-1.12357722254709,0.507758157454187,-0.264357183506177,-0.649669080217085,0.814112485697127,0.90414841578952,-0.393458993040799,-0.693864027573849,-0.209989026931529,0.216950194735552,-0.481403865926618,-0.690900182020652,0.452234516976261,-0.692999912865587,0.136202769716325,-0.667893839447037,-0.0609076010451507,-0.608047121668375,1.12310937812839,-1.25525410553833,-0.509067751827994,-1.69808334807332,-0.570391265020455,-0.8830336560244,-0.947399682624038,-0.912817340151196,-0.592641790435123,-0.375784907746249,0.0494605985088553,0.392203816291494,"Male",1
0.32533483538125,1.75202935399087,-0.445847145279184,-0.951593911927797,0.370116055726777,-0.685554251479024,1.21583120707287,0.526717352314998,0.283387854490788,-0.270682952462765,0.0910310743836,0.924819767201931,-0.0983398988371549,-0.182695382474346,0.687818335864233,-0.203896043888192,0.730613174403733,0.128376326367871,-0.116311604944391,0.188471907239779,-0.384725056816386,0.664131400579043,-0.65333458833796,0.0899111475950778,0.54746096290908,-2.04720525539277,-0.113727044094699,-0.41181061601175,0.0976537516954133,0.493108305416788,2.00061821105389,-0.178041630104383,"Male",0
-0.176146015839717,0.370119824919198,0.447913783561368,1.89921462761196,-0.38148902815279,-0.685554251479024,2.01926864982435,-0.210698185897019,0.441542669266936,0.149207147753282,2.57536275929666,-0.225298388929688,-0.481403865926618,0.591933951565429,-0.343790807897869,-0.0756905736451029,-0.68036958365596,-0.131773172861767,-0.315658878189646,-1.07887138663763,0.99708851484321,0.0627631411641931,-0.209065121911953,-0.501495921906706,0.174843553599235,-0.106919256445487,0.740623058890724,0.318833749359924,-1.14104407142225,-1.1801230402328,0.71999451181583,0.0592148336752051,"Male",0
1.14451039895406,0.0246424426512784,-0.813233274211453,0.227442493795466,-0.2776870870483,-0.432511021771676,0.0106750429456468,0.802777173041029,2.28901871888197,-0.0250907878854386,0.267434837639013,0.365105429661833,-0.481403865926618,-0.0130591543709497,-0.343790807897869,-0.692999912865587,-0.68036958365596,0.400721906754616,0.741579924236998,-2.38810584153876,1.3865638395207,-0.565307019912714,-0.688661979882224,-1.72876439588677,0.54746096290908,-0.106919256445487,-1.53546923197399,-1.43345433809966,-0.575281050676244,0.0777811272939688,0.478037420349751,-1.3162288887077,"Female",0
-2.15837174841022,-0.66631232188456,-2.17042359219896,-0.481775824382707,-1.76507646227327,-0.563410935630934,1.21583120707287,0.147862978726477,-0.103381772670119,-0.664239109602823,-0.452940316924695,-0.0145824451276213,-0.481403865926618,-0.690900182020652,-0.343790807897869,-0.477337355253303,0.252855963055209,1.69450762637566,2.12081506148843,-0.17105571146119,-1.51646860588028,-2.10243403040517,-1.40690799251603,-0.735175618116723,-0.570391265020455,1.05725234292288,-2.33563428780478,-1.10445091966117,-0.324049827851303,1.75067403575399,2.97021144070024,0.136738775869424,"Female",1
-0.265399266036098,0.715597207187117,-0.17573723493798,-1.0432257637944,-0.107814839751574,1.84798287049884,0.0106750429456468,0.40023166503149,0.283387854490788,0.115312491367565,0.0910310743836,0.390501289658479,0.56361199896623,0.00230268194974216,-0.343790807897869,-0.692999912865587,-0.199216468921015,0.114638331332069,-0.240301489512469,0.399481819615644,-0.382082805499633,0.872106009954015,-0.224200593309413,0.621752962518225,1.29269578152877,-0.106919256445487,0.228924192347702,-0.182776039298424,0.241441689700247,0.425402172949309,-0.370310419277934,-0.10252949221784,"Female",0
-1.96924966798853,-2.04822185095624,-0.298887676312321,-0.781805122829367,-0.683880279069793,0.082612695846854,-1.99791856393305,-1.40421585030932,-3.45424429471019,-0.5455579497341,0.0276163918969465,-0.755486892689727,-0.481403865926618,-0.690900182020652,-0.343790807897869,-0.692999912865587,0.822701650870003,-0.363442988958717,-0.579623244654552,1.10530253652579,-0.366115784952038,-0.111738771460982,-0.00557466855440779,0.513131676929064,-1.31562608364015,1.44530954271234,1.24882715361833,0.441807834968989,-0.0374409334093952,-0.464323093845853,-0.655978321252245,0.762608996840506,"Male",0
-0.0942773562028051,-0.66631232188456,0.231279324189892,-0.58415917380198,-0.49135276184959,0.0452424119228922,-0.792762399805834,-0.86013294604935,-0.586321144962927,0.679842646588528,-0.497637801763777,-0.0265971118448328,-0.481403865926618,-0.690900182020652,-0.343790807897869,-0.692999912865587,-0.0683081440111477,-0.219803334597412,-0.749545553931279,1.21925104016964,-0.560634593693817,0.381261311202997,-0.902431612613077,0.8609260065708,-0.570391265020455,1.05725234292288,-0.00998055629824917,0.165970372009176,-0.357147460046679,0.234924302345403,-0.816951835587248,-0.422610793110054,"Male",1
1.10461124903926,-0.320834939616641,1.20539659097698,3.45400396425157,2.93817495869247,-0.685554251479024,-0.792762399805834,-0.422575380615795,-1.59721667030198,-1.74361704561225,0.107937523468322,-0.755486892689727,-0.481403865926618,-0.690900182020652,4.81693441518217,2.97718470395442,2.8489197566336,-1.16081467145646,-0.789100241061619,-0.291204125797533,0.949222165069051,0.539632357289574,0.312305712380389,-0.947727932011209,-0.570391265020455,-1.65914805560331,1.44851850310049,0.169234891627363,-1.20476867833746,-1.15221179471728,-1.07653814689544,-0.0749496959226208,"Female",1
-0.230335869413005,1.06107458945504,0.210883611301967,-1.04077168437781,-0.221672916828855,0.580019808273709,1.21583120707287,-0.489626324272256,-0.168809611097762,0.439639131824392,-0.921966281914805,-0.755486892689727,-0.481403865926618,-0.166916004329978,-0.343790807897869,-0.440854824094063,-0.68036958365596,-0.335306256588145,-0.696378177016258,1.74954287587653,-0.718755670178879,-0.625669475247351,-0.285240116033794,0.798298433442742,0.174843553599235,-0.106919256445487,1.0582345987201,0.211588014189883,0.321533522021894,-0.205963792975895,0.473204297126707,-0.600009552191632,"Male",0
1.1636427468325,1.06107458945504,2.70479194000414,1.06219969290059,0.416639263054021,0.663156565772782,0.412393764321387,-0.190203379014875,0.0984969601993647,1.49440590955749,-3.66652905803415,0.0709356371752657,0.272203080564031,0.808797127365747,-0.343790807897869,0.269220773192093,-0.68036958365596,0.237459711280919,-1.39610140707299,-0.817697177383761,0.369189745539365,0.651891326098336,0.276162345237374,1.66823606574412,0.54746096290908,-0.106919256445487,0.645356010378963,-0.665418410753171,-1.02369962093898,0.0561726508800083,1.31332992058517,0.560017623378923,"Male",0
-0.774865067669438,-0.66631232188456,-1.42538800822773,-0.656617647229729,-1.31786223880791,-0.206979445357415,0.0106750429456468,-0.650194272895187,0.283387854490788,0.221020178272757,0.0910310743836,-0.286733905008484,-0.481403865926618,-0.690900182020652,-0.343790807897869,-0.692999912865587,-0.68036958365596,2.32020826163617,1.99556846504466,-0.695450343838238,-1.63784245624085,-0.871163383975851,-0.636321561632163,0.440742864145901,-1.31562608364015,1.44530954271234,-1.91491963787034,-1.23388438922591,0.612079998989505,2.23717882300998,1.17044420166078,-0.0847523617413951,"Male",0
-1.15130475245307,0.715597207187117,0.404256426956599,-0.990369947633638,-0.817786493166121,1.01875214898799,0.0106750429456468,-0.959454558309117,-1.0402551839831,0.6540610305283,-0.291387630470318,-0.0159369322346698,-0.481403865926618,-0.690900182020652,-0.343790807897869,-0.692999912865587,-0.0593566055885544,0.996800904261681,-0.39730730795343,-1.29097894207912,0.00113392076625596,2.39088830178326,-0.0398030364024783,1.41106311736129,-0.570391265020455,-0.106919256445487,0.164984058104393,-0.12997295308535,0.105998437357467,0.547208015762427,-0.830329420715797,-0.728893670145194,"Male",1
-0.502118877195929,0.370119824919198,0.0921958830175391,-1.12507494283361,-1.2074583498943,2.42189845619396,1.21583120707287,-0.405628676659993,-0.29046055972077,1.35530108877554,-1.06524456221425,-0.755486892689727,-0.481403865926618,-0.0259528695707966,-0.343790807897869,-0.692999912865587,0.242712207112703,-0.365038793430061,-0.468868036321633,1.43557124419981,-0.540484727570881,-0.415586359639143,-0.570190743041881,0.692040034062768,0.174843553599235,0.669195143133427,-0.0505896810958016,0.940566361196508,1.14617202808441,-0.333346667961497,-0.0906417512912881,-0.969156028765815,"Female",0
-0.427872172378164,-1.01178970415248,-0.371180401015145,1.89374391190947,1.14641388722442,-0.685554251479024,0.0106750429456468,-0.717315845685403,1.00338859240369,-1.11688647094982,0.242181804485253,-0.272749627333032,-0.481403865926618,-0.690900182020652,-0.343790807897869,0.431121867146896,1.75180773617367,-2.00432608016757,-0.591523819520366,1.56449641238863,0.720731094440375,1.52029504662555,1.86246655054457,-0.751066061220312,-0.570391265020455,-0.106919256445487,0.463772523890699,1.25603164948188,-1.01183050095146,-0.521963880465445,-0.616915305916132,-1.74447729364802,"Male",1
-0.97923571894192,-0.66631232188456,-1.42191891873714,-0.878353062698033,-0.35733111633684,-0.685554251479024,0.0106750429456468,-0.651064898497986,0.283387854490788,-0.822303077050664,0.0910310743836,-0.755486892689727,-0.481403865926618,-0.690900182020652,-0.343790807897869,-0.195106650893896,-0.321284912405581,1.67115710509937,1.72952146505149,0.967244607108721,-2.19662601943603,-0.348591535451633,-1.39581861155282,0.478333434103904,-1.68824349294999,0.669195143133427,-0.493835961399758,-0.687511710494764,0.972604388013362,1.74507285460451,0.0240168092098768,-3.02864909295194,"Female",0
1.69560503091368,0.715597207187117,1.01467562487033,-1.28844714755414,0.186497361833071,0.208312741772907,-0.792762399805834,1.67133678158921,0.769968998338377,1.00040505672963,1.29103024322822,-0.755486892689727,-0.481403865926618,0.887813437215147,-0.343790807897869,0.826377589796467,0.96331154055148,-0.0939682390684522,-0.553048075928959,-0.788551047993137,0.578405457495257,-0.693440050100328,0.248532587088732,0.266660493725293,2.78316541876815,0.28113794334397,-0.594140479742437,-1.0128239680245,2.73653794550293,0.211437123081792,0.9683285837843,0.64795610910345,"Male",0
-1.67167214312634,0.715597207187117,-1.63972300848179,-0.751904501061154,-1.84768735595751,-0.226702528276367,-0.792762399805834,0.158283538399709,-0.583865601073298,0.0363291463116193,-0.332814985675801,0.0751780526263132,1.03354726469831,0.314030458560646,-0.343790807897869,0.274160304434683,3.85353522849734,-0.987477903790324,-0.530654626177155,2.15644278569481,-1.01542615499482,-0.528472062569255,-1.40836347761387,-0.00612670214781211,-0.19777385571061,2.22142394229125,-0.91363122121228,-0.319990576615767,0.278887307255224,0.71503906774775,0.351444765579053,1.31230170696143,"Female",0
-0.291906121647963,-0.66631232188456,0.521156650376651,1.57167236826151,-1.18788882566202,-0.188074704639409,-0.792762399805834,-0.11829780622079,-1.083448497806,0.782580154733778,-0.300400129106971,0.55368407290547,0.712416847041566,0.101011180379169,-0.343790807897869,-0.692999912865587,-0.130702756790482,-1.03907251698225,-1.0988144987553,-0.917345564744218,1.65111209211104,-0.291624819511983,0.505762402695218,-0.55402851333492,-0.19777385571061,1.44530954271234,-0.0619983735692575,0.159462462349615,-1.13258394544471,-1.24525379615181,-0.564315020545448,-0.516675855804543,"Male",0
1.19879696593539,0.370119824919198,-0.346540375408012,1.35218328907091,0.320482011619811,-0.394807191846004,1.21583120707287,0.50530363652938,1.13800629410978,-0.447704799668063,0.394062922053519,-0.755486892689727,1.60862786385908,0.00230268194974216,-0.343790807897869,-0.0258511510734661,1.72539599001875,-0.848802624260454,-0.20560161771966,-0.0950887116628563,0.728239238733118,-0.645163299349758,-0.662746087344595,-1.17447219917569,0.54746096290908,-0.106919256445487,-0.30788607282842,-0.347447009415592,-0.523269741936525,-0.50367067990214,-0.419098320888345,1.4138812854598,"Female",0
1.4476958737467,1.06107458945504,1.1660013383441,0.573977060118948,0.688267968983131,-0.685554251479024,-0.792762399805834,-0.00529959162612688,0.283387854490788,0.703735250807768,0.0910310743836,-0.755486892689727,8.57483018416769,0.91106781131189,-0.343790807897869,0.0778790164719318,-0.402387505912219,-1.27316123285923,-0.551237329227095,0.911104646353391,0.329056354309015,-0.976339326242869,-0.312005392169701,-0.0960511460146662,0.920078372218926,-0.106919256445487,0.181818973308578,0.764769290878228,-0.941810069511317,-0.993622473123195,-0.789713539590764,-1.05391247495721,"Male",0
1.82316804302653,0.715597207187117,0.2137068734953,0.276042168684365,-0.00369248533649754,-0.685554251479024,0.814112485697127,3.09873704318926,0.283387854490788,1.34551729661736,0.0910310743836,-0.755486892689727,-0.481403865926618,1.07716781640093,1.09181555834911,-0.692999912865587,-0.189482157351237,0.659587593116531,0.106797517062435,-0.179804164901119,-0.374260811329639,-0.383846948259736,-0.862795501049474,0.446370091479999,2.78316541876815,-0.8830336560244,-1.27254533770583,-0.263207813719815,-0.251894672920237,0.649662790867675,1.03876520578928,0.0347996414843361,"Male",0
-0.450414283218907,-1.01178970415248,0.41970732287527,0.879786238455923,-1.12891031946766,-0.0222481890262029,-0.391043678430093,-0.408434568954219,0.283387854490788,0.689111972992637,0.0910310743836,-0.755486892689727,0.845540739494849,-0.690900182020652,-0.343790807897869,0.154135025668995,-0.68036958365596,0.902431778087841,0.391286104989762,-1.60157189830542,0.31386545423978,-1.02621720044371,0.0239930196217745,0.0805162920941465,-0.570391265020455,1.44530954271234,0.138911181640248,-0.174009383335352,-1.0563824499977,-0.409140142972754,-0.742494698585293,0.901937050098877,"Female",1
-0.525351949922936,-0.66631232188456,0.683103869252376,2.00671909687893,-0.0834277244129192,-0.685554251479024,0.412393764321387,-0.842649568318515,0.923898065075728,0.0274997974801888,0.661827393743264,0.532837401478786,-0.481403865926618,-0.171365976115048,-0.343790807897869,0.307015003960802,1.48328709789099,-2.16791498850188,-1.6815617695183,0.360910218379344,1.69554740324162,1.83412679379167,0.797210037171693,-0.283478415855615,0.174843553599235,-0.106919256445487,0.638085307418248,1.14822689750848,-1.20191070442576,-1.55236483273401,-0.964774800584996,1.50758176282692,"Female",0
1.7853122922138,-0.66631232188456,-0.497725892004601,-0.386899689765274,0.449858523867913,-0.354120422520443,0.814112485697127,1.5380613687266,0.283387854490788,0.917180095982877,0.0910310743836,-0.0543884033155331,-0.481403865926618,-0.690900182020652,2.23880781976998,-0.284848244039565,-0.68036958365596,1.54666582093345,0.805325323072614,-0.405945290536921,-1.12654700110196,-0.933939307800828,-0.490722753751361,0.653817293827492,-0.570391265020455,-2.04720525539277,-1.45135419934276,-1.76241870758008,-0.609246275133584,1.96841299169839,1.11353506115781,0.0981528557037461,"Female",1
-0.0781527340043589,-0.66631232188456,-0.0864512162216082,-0.615157279789875,-0.749988849887432,-0.139302200047289,-0.792762399805834,-0.545098416723333,-0.31637419160366,0.88693588661154,-0.840066968264181,0.852997514343727,-0.481403865926618,-0.690900182020652,-0.343790807897869,-0.692999912865587,-0.68036958365596,1.5690730532669,0.0112898274425591,-0.0495973997069529,-1.44356613158397,0.647244120630123,-0.395956979641285,1.93434241632861,-0.570391265020455,1.44530954271234,-0.106264110560099,-1.55612538252211,0.166897237403558,1.95331934262733,0.34415745716386,-0.439477631938031,"Female",1
0.632799454889955,0.370119824919198,1.37207474399514,-0.969948242218247,0.92508684448203,-0.139302200047289,0.0106750429456468,-0.569544771319608,-0.587441903982839,0.324707690729142,-0.405377131891188,-0.338441708804265,-0.481403865926618,-0.690900182020652,-0.343790807897869,-0.692999912865587,-0.33016948159116,-1.47711051021086,-1.52906188251019,0.516615156439405,1.22034846778782,1.38971240975398,1.99806464897336,0.515831231333798,-0.570391265020455,-0.106919256445487,0.784976189471453,0.601329400678038,0.993050400426378,-0.680180838985847,0.655966522429204,-0.260818885275533,"Female",1
0.433212347042444,0.715597207187117,-0.560638724271258,0.19334476685663,1.83552779152017,-0.0710206936183215,0.814112485697127,0.307685944521224,0.707692086819209,-2.1485120370288,-0.198013551468324,0.951406897896411,-0.481403865926618,0.685755857256683,1.05345195643812,-0.692999912865587,-0.68036958365596,0.276880849633454,1.2190941029213,0.376341576286252,-0.478318524171704,-0.251732515656103,0.853145111680924,-0.911901638736793,1.29269578152877,-1.27109085581386,1.05542499119238,0.583326119567347,-0.470691916087137,-0.216193847796207,-0.539902181663738,-0.699430834753835,"Female",0
0.136101271170635,0.715597207187117,-0.754738488516565,-0.105516317479785,-0.195083350930348,-0.163715699552618,0.0106750429456468,0.129363512185329,0.431816050892022,-0.077830863123437,2.39495485755204,0.737257861439116,-0.481403865926618,-0.690900182020652,-0.343790807897869,-0.113655477656194,-0.68036958365596,0.241149028317892,0.459031104983468,0.241276026871288,-0.371270936475226,-0.612588580867555,-0.0550036642864047,-0.222377123719397,-0.570391265020455,-0.106919256445487,-0.812240877748366,-0.333673791742814,0.270086233967392,0.597593280231873,0.947628178609134,0.71039328856928,"Male",1
0.855911903312138,0.715597207187117,-0.272821220007541,-0.13802534231383,0.338632311027245,-0.0759369620812071,0.814112485697127,0.215545189274928,-0.119389594355012,0.312721115827062,-0.975556804230306,-0.215388323438855,0.503617763732028,-0.0374940111754159,0.982563805510519,-0.0641520813232352,-0.226839411422503,1.25307924297315,1.01755728091022,-0.181016764805323,-1.08486675183253,-0.657685973586028,-0.592094788350053,0.444208855525693,0.174843553599235,-0.8830336560244,-0.792707832298365,-0.49114386665001,-0.629144921592373,1.04565532061158,-0.0997173406268059,-0.511161696956936,"Male",0
-1.95685956749735,-0.66631232188456,-0.423040708075497,0.411140203342116,-1.40092670141893,0.00364226200961391,-0.792762399805834,-1.02937508093055,0.904129231415701,-0.206047355892765,0.595586795348776,-0.755486892689727,1.03666444809466,-0.690900182020652,-0.343790807897869,-0.692999912865587,-0.68036958365596,-0.0541064711881512,-0.272716596084354,-0.553702811997924,0.570600923811184,0.378553572827331,-0.0271859852209015,-0.0718511294115925,-0.570391265020455,1.8333667425018,0.833706634184301,-0.55399726329095,0.414104882390984,-0.354696770075431,0.0943560436793364,-1.65074459004123,"Female",1
-0.718117177971676,0.0246424426512784,-1.5796665477634,-0.711548166073386,-1.26375919102989,-0.685554251479024,0.0106750429456468,1.21182455968965,0.283387854490788,0.011281249477688,0.0910310743836,-0.755486892689727,-0.481403865926618,-0.284420761785523,-0.343790807897869,0.871807481902632,-0.398231627673511,2.19726651157206,1.9329941351987,-1.01182421028296,-1.39265415666662,-1.34857869946491,-1.14645739638009,0.0921350784639557,0.920078372218926,1.05725234292288,-2.1183345955806,-1.80760255507246,-0.192179931562216,2.2014217187834,3.30343651752917,-0.99001125128321,"Male",0
-0.134042835022692,-0.66631232188456,-0.865233586635954,-1.13478846293829,-1.92997913916228,2.59195805711139,0.0106750429456468,2.26075805681196,0.622354494025061,1.49744539257948,2.14262128306734,0.949009575156826,-0.481403865926618,1.02750298498459,-0.343790807897869,-0.692999912865587,-0.68036958365596,0.803027323239057,0.00834843448601232,0.986390706640334,-1.42404934935007,-1.41832747368981,-1.10745092820612,0.974691024485889,0.54746096290908,0.669195143133427,-1.4502897681006,-1.34823945589172,1.93141227262819,1.65040262489821,1.23004359244208,-0.802076848715266,"Male",0
0.288374386300117,0.715597207187117,-0.747202976031916,-0.807345518488717,0.847954780722049,0.702102169496755,1.61754992844861,1.62930993841939,0.0893812247895021,-0.856643025670534,-0.770902813542822,-0.32190293945403,1.89088295276902,-0.166354392135244,1.7857689036625,1.83115349455796,-0.68036958365596,-1.05754438673531,-0.24710757369048,1.55991143987946,-0.172335473992641,-0.1011166211623,-0.062350827200675,-0.503663281162595,-0.19777385571061,-2.82331965497168,0.220736386340811,-0.109106518476447,0.705990494318593,0.051838352464252,0.857781745710191,0.418836415292717,"Female",0
-2.50986797951975,-0.320834939616641,0.422868160824899,-0.182165332196508,-0.900908723169904,0.887651656644374,0.0106750429456468,-1.77165865788915,0.283387854490788,-0.143988941756718,0.0910310743836,-0.755486892689727,-0.481403865926618,-0.690900182020652,-0.343790807897869,3.26504232095993,0.746916546608202,-0.96056888391722,-1.13345869372573,0.962488721328759,0.0546982927831045,0.759093208076917,0.552774266570855,0.676595691544733,-1.31562608364015,1.05725234292288,2.05206648920313,1.44815845969395,-0.271112390223034,-1.25958799805349,-1.0170853834964,-0.433244234979866,"Male",0
-0.791228701181936,-2.04822185095624,-0.262095843204634,0.682106568469264,-0.512420277373253,-0.426803279748202,-0.792762399805834,-1.25049111269679,1.98299523018379,-0.700813391798918,0.209991042717594,-0.755486892689727,-0.481403865926618,-0.690900182020652,-0.343790807897869,-0.692999912865587,-0.68036958365596,-1.53588727689188,-1.32772704921674,-0.989495137242565,2.40219307185162,1.67250928195549,-0.378618020786589,-1.40469260722378,-2.43347831156968,1.44530954271234,0.652905431040434,-0.88552679909422,-1.09508458322371,-1.19720393625604,-0.49455465191196,-1.82691114843294,"Female",0
1.00012054333153,1.75202935399087,1.36840183915418,0.178682765816955,-0.996416940785555,0.325267301637645,1.21583120707287,0.558333912103944,-0.502384113620296,2.0536768759057,-0.952815468234976,-0.379176354672144,-0.481403865926618,0.447242194637697,-0.343790807897869,-0.692999912865587,-0.0483805622552762,1.02439327474228,-0.640528196823218,-1.26702917678853,-0.0145576017109628,0.223754059010083,-0.968164127531583,1.34341775073739,1.29269578152877,-0.106919256445487,-0.42727113931625,-0.774029072282834,-0.917896169145603,0.431637146911968,-0.12554800414929,0.955001445382828,"Female",0
0.183597232007052,0.370119824919198,1.47171929199512,1.54869762450355,-0.225896792618953,0.900338801064723,-0.792762399805834,-0.518734375164024,0.472233118456676,1.10523356283439,3.30751584718397,-0.755486892689727,-0.481403865926618,0.0749859243378703,-0.343790807897869,-0.692999912865587,-0.148766924809529,-0.0560296130514929,-0.484286660036876,-0.188069003510935,0.332067992903592,-0.384837963310443,0.267418742466083,0.546793122697925,0.174843553599235,-0.106919256445487,0.789773631551213,1.07939215700808,-0.242475827552578,-1.10555327756597,-0.0921799289652146,0.769342075012322,"Male",0
-0.126903014435953,-0.320834939616641,-0.882911572562122,-0.0540406030549517,-1.04093664847369,-0.193927405190462,-0.792762399805834,0.910918842827961,-0.462817857275483,0.733938216931981,-0.611333342426179,-0.398124853494575,0.170346311294533,-0.258566947070923,-0.343790807897869,-0.276915967790294,0.219879795326904,-0.0814874583007462,-0.411471175105272,1.58353842959995,-1.00778328022002,-0.375144925641343,-1.1940111528513,0.643333052800059,0.54746096290908,-0.106919256445487,-0.770427127628178,-0.673181317089053,0.298484818773643,1.01504217509342,0.653488912446663,-0.498268879507492,"Female",0
-1.22912578373047,-1.01178970415248,-0.380603583713708,-1.24525740159309,-1.02012560061562,0.345276232674412,0.0106750429456468,-0.985224732425629,-0.477607520031212,0.239547534131055,-0.451914651781838,-0.755486892689727,-0.481403865926618,-0.690900182020652,-0.343790807897869,-0.692999912865587,-0.68036958365596,0.676952518597472,0.309832153559492,-0.835904870827166,0.116145036721024,0.819914928061498,-0.716477787514674,0.175447647567612,-1.31562608364015,1.05725234292288,-0.430202923271879,-0.0853976385912993,0.691036318114904,0.192715458451378,0.339632273712491,-0.479487342646257,"Female",0
-0.941466401093176,1.75202935399087,-0.794462519232531,0.567387843131392,-0.475670464307623,-0.536009963634595,1.21583120707287,-0.48448973679133,0.283387854490788,0.252816769167478,0.0910310743836,-0.16145777614213,1.68535443250024,0.0277506578664176,-0.343790807897869,-0.00135963999446566,-0.68036958365596,-0.00147422966391408,1.0627525800287,1.40900606314849,-0.982827900773139,0.0179710910734919,0.137926792122486,-0.155380380810825,-0.19777385571061,-0.106919256445487,-0.404054725326934,1.79303379451563,-0.229008746005264,0.0251816771803872,-0.372666282922835,-0.068926157378776,"Male",0
0.0418931384154744,-0.66631232188456,-0.304610850351294,-0.604911105425246,0.926115664944631,-0.685554251479024,-0.792762399805834,-0.633944080471175,-0.591047824307784,-1.21230522824423,-0.0089408373199021,2.59468973976507,-0.481403865926618,-0.690900182020652,-0.343790807897869,0.769754825722106,1.78118185839383,-0.287756262603485,-0.506908579001328,0.646391634886083,-0.582749185992008,-0.204518363483819,-0.656995663337233,-0.0956214343570448,-0.570391265020455,-0.106919256445487,0.747267979218672,-0.73229295365629,-0.045131580899378,0.313836488755968,-0.122345010584266,0.478722751450172,"Male",1
0.263796877291992,0.715597207187117,-0.663376260235085,-1.35026257607105,0.749109319476139,-0.685554251479024,1.61754992844861,0.0148166271769804,-0.0536851166662007,-1.15734579237249,-0.204900565178222,-0.755486892689727,0.342932671072627,-0.144083174240673,-0.343790807897869,-0.692999912865587,0.0787233750096639,0.348810013657445,1.25528237016089,-0.290190799830522,-0.0531731608323603,-0.407825083369281,0.819978677963196,-0.747458969861264,0.54746096290908,-0.106919256445487,0.0381454689696812,0.163161790885148,0.910311851408838,0.0280066458258186,0.0432689622981899,1.17603641873189,"Female",0
-0.701959468275038,1.75202935399087,0.104596093435315,0.307328029341949,-0.17563728474825,-0.429498602370398,0.814112485697127,0.974625194054125,-0.592862006214001,0.541295801724438,-0.457766847518869,0.0837949089055164,-0.481403865926618,1.84748789870079,0.686748201897639,-0.692999912865587,0.376769728593623,0.517136485839297,0.159826907633672,1.00144871799058,-1.18497387569387,0.407653333794071,-0.654557478534814,0.890317194854477,2.03793060014846,-1.65914805560331,0.879504650973217,1.39464886365797,-0.684054397189644,-0.303895233920004,1.50914891768579,-0.667179956115725,"Female",0
0.475763737106532,0.0246424426512784,-0.64871668944458,1.66169679966072,0.532792408554621,-0.636636157320958,0.0106750429456468,0.800268061732639,0.983342168146255,-0.632729432497123,0.401710796337378,-0.755486892689727,-0.481403865926618,0.444601493067724,-0.343790807897869,1.49264753875963,-0.68036958365596,-0.6717183492469,0.0124198505284385,0.230646991691181,0.543936942721165,0.938992592034688,0.682058927233528,-0.478487043716561,1.29269578152877,-0.106919256445487,-0.897103122771872,-0.314894882608206,-1.10190381876227,0.53518489487226,0.119584269487821,-1.23824292786296,"Male",0
0.112250854770632,0.370119824919198,0.458533527931265,-0.0253811504276991,0.169888740130059,-0.31351231374714,-0.792762399805834,-0.320894377549635,0.650544417394039,0.591074788422221,1.43120400613662,0.0650685401072558,0.266852929828294,0.301800065368989,-0.343790807897869,-0.692999912865587,0.697699783495633,-0.316391033998322,0.378595006784044,-0.841860118323534,0.86627876941824,0.822584219847657,0.470533749168237,-0.689163494231205,0.54746096290908,-0.106919256445487,0.0457436571721383,1.86589115769271,-0.392147359390939,-1.24940577187505,-0.953582673381825,2.70902091131413,"Male",0
0.22363877360492,0.0246424426512784,0.165469853668032,0.0673592135560952,0.111002658435507,-0.534284452621005,1.21583120707287,-0.217502201684982,0.798200668800526,0.0857263395184621,0.826571195534007,3.04133231555094,0.148102277942273,-0.690900182020652,0.503853906643856,-0.29111678502836,1.05867870475463,-1.77872003707118,-1.97659780471517,1.43082173296433,0.413711151117696,1.02651629026789,-0.511325657947922,-0.0920370818272637,-0.570391265020455,-2.04720525539277,0.638190931668117,0.284147653443359,-0.42792623675683,-0.679768715760747,-0.77667945765623,0.534165273153891,"Female",1
-0.100705610464797,0.715597207187117,-0.805243074336761,1.11981512215027,-0.335798803275856,-0.16805230801738,0.0106750429456468,-0.347642244659071,0.283387854490788,-0.611965381523332,0.0910310743836,-0.00356527862111029,-0.481403865926618,-0.690900182020652,-0.343790807897869,-0.255261041280807,-0.0489679126469072,-0.478329046178317,-0.119432419364279,-0.364252748016657,0.770719031937189,-0.593886877947126,-0.393478067153226,-0.985278718699871,-1.68824349294999,-0.106919256445487,-0.241571507613641,-0.86239578288236,-0.964889753207139,-0.271464141732617,0.0777887040036692,0.00783093377992725,"Female",0
0.025451515529692,0.0246424426512784,0.759126119000628,-0.124174903743632,1.05192457856924,-0.406617033726649,0.0106750429456468,-0.474740794481589,0.763006788013056,-0.493093618941355,0.609760525426468,-0.755486892689727,-0.481403865926618,-0.301869003989593,-0.343790807897869,-0.692999912865587,-0.68036958365596,-0.74203174322267,-0.866388683433939,0.89111690311973,0.301350715632502,1.51660008424853,0.464875924875183,0.38377930569603,0.920078372218926,-0.106919256445487,1.66472917090548,0.698279100339592,-0.364424779713565,-0.74084485355761,-0.69206922179657,0.0935351705338165,"Female",0
0.234883359832626,-0.66631232188456,-0.98072195145732,-1.33803418560388,-0.458683726830487,-0.685554251479024,-0.792762399805834,1.14402804653978,-0.334990524513175,0.0810538102464183,-0.519625914230761,-0.755486892689727,-0.481403865926618,0.0256462630204807,-0.343790807897869,-0.348192426902752,-0.68036958365596,2.04361894259536,2.05400526054833,-0.832527407203154,-1.25546570193308,-0.918001158642899,-0.0944989977089589,0.248043452303429,1.29269578152877,-0.106919256445487,-1.91051773284516,-0.43337487727761,0.631797316411458,1.66962330003457,0.736030864410438,1.18237433911466,"Female",0
-0.863301962749396,-0.320834939616641,-1.72865586171648,-0.288850526539665,-0.917868163820216,-0.590277730880466,0.412393764321387,0.0749933597638381,-0.647245490040335,-0.226538473764956,-0.240572032360765,0.28444582805297,-0.481403865926618,-0.690900182020652,-0.343790807897869,-0.390296168761987,-0.68036958365596,0.232493576448439,0.34915031718905,2.05771281771891,-1.581363813859,-0.749765880851186,-1.36791371335748,0.205404285364665,-0.570391265020455,-0.106919256445487,-1.27503622628297,-1.11704038646703,-0.485878825745378,1.71375292299231,1.8944364997694,-0.381158392600619,"Male",1
0.409117408308337,0.715597207187117,-0.883328059701098,-0.250744079685233,0.210993666107479,-0.572210886340451,0.0106750429456468,0.188925049312314,-0.454990524634578,-0.729364851702715,-0.174116168855312,0.658967052656117,-0.481403865926618,-0.690900182020652,0.52460045560116,0.542158371641144,-0.383434182429682,0.168372800456878,0.499436686434261,-0.34352682236336,0.0429421320326458,-1.08500742207227,-0.388782934893713,-0.838988420432737,-0.570391265020455,-0.494976456234944,-0.403755361714098,-0.69601975525102,-0.155792557942153,0.0764197626874268,0.836981931264684,-0.00937324182461021,"Male",1
0.63402661291174,0.715597207187117,-0.922141329156541,0.719986106154973,0.566023477674024,-0.685554251479024,0.814112485697127,1.15770096138953,0.784517936194285,-0.698471744444646,0.495538118111314,-0.0835037890868804,-0.481403865926618,0.528538078684733,0.481325143466673,0.0894037845185224,1.01245815223873,0.543779805515042,0.956325318492088,-1.01182421028296,0.0993795150373394,-0.539765552101233,-0.117842383792572,-0.961133164190444,0.54746096290908,-2.04720525539277,-0.956091670313006,-0.764759354948398,-0.964416071901819,0.567056019165983,-0.194252244742775,1.80633690805541,"Male",0
0.433272383699098,-1.01178970415248,0.877542542810021,-0.0559916428106448,0.690484874430772,1.14599674449797,-2.39963728530879,-0.257442694946912,1.45269137846562,-0.441891654067212,0.313625915573822,0.0284933948469206,0.948404662395745,0.257551798527973,1.58147974528605,-0.692999912865587,0.636274210928808,-1.85377591826763,-1.78377330615701,0.663763953642501,1.30204908071387,1.96755520472618,-1.03216683942592,-0.586637789024437,-0.19777385571061,-0.8830336560244,1.30382512881844,1.02481107489413,-0.464625695639806,-1.70938191958685,-1.11199172677852,0.214830110468556,"Male",0
-0.216058814152536,0.715597207187117,-0.376327531221113,-0.132865541504499,-1.45142873345811,-0.401923378620239,0.814112485697127,0.183601418955349,0.153212963795859,1.20689986162018,-4.75037373524872,-0.755486892689727,-0.481403865926618,-0.162959273754112,-0.343790807897869,1.84749105706556,0.0525195188313493,1.00111960209867,-0.0417223958114352,0.0870896602327559,-1.09714457508642,-1.44717188787063,-1.3868744255717,0.973570238884521,-0.19777385571061,0.669195143133427,-0.470831218460673,-1.59631733121897,-0.620172236001093,1.14282424066782,2.24411618966163,-0.205992391590745,"Male",0
0.930665124540048,-0.66631232188456,-1.23930922862548,-0.559554698427994,-0.0661074348144746,0.638056488528642,0.412393764321387,0.650473562518615,0.283387854490788,-0.308226773737202,0.0910310743836,2.0576829847019,-0.481403865926618,0.670438404802967,-0.343790807897869,-0.692999912865587,-0.207916038450313,-0.192738519556621,0.247764996496837,1.55082000494798,-0.974756446518864,-1.09637298647613,0.0338032230701201,-0.223064110517694,0.174843553599235,1.05725234292288,-1.40068865395298,-0.942461168475952,-0.126029446613857,1.37579589099137,0.542867710698747,-0.172782078211787,"Female",0
1.76186534667719,-1.3572670864204,0.171557229691305,-1.39049094469823,1.3322180574066,0.543512864242381,-1.59619984255731,0.959531889078826,-8.65528797322795,-1.07911109388208,0.0779078211932696,-0.755486892689727,-0.481403865926618,-0.690900182020652,-0.343790807897869,-0.692999912865587,-0.68036958365596,0.0824366011090117,-0.0710860653376537,-1.22425632793163,0.97383516415497,-0.723495946070263,1.35311941404348,-0.158828836143822,-0.570391265020455,-0.106919256445487,0.35382306696133,-0.841053324779147,0.54299100510624,-0.258293855008834,-0.836804416257468,-0.400377232836811,"Female",1
-1.30525256173732,-0.66631232188456,-0.74900758045862,-1.37761834579546,-1.45174290864434,3.98490078826231,1.61754992844861,0.0827448285267782,-1.14347847273796,0.82785175172077,-0.291051132517648,-0.755486892689727,-0.481403865926618,-0.690900182020652,-0.343790807897869,-0.692999912865587,3.91009121368013,0.553648588783176,0.409148813636752,-0.311630403736144,-0.571669044189712,-0.00256060354819277,0.608443216311453,0.446782831339706,-0.570391265020455,2.60948114208071,-1.04083855028043,0.291654377309412,1.618110650797,0.844314486065366,-0.811162287895538,0.407955770364651,"Female",1
0.175922248668761,0.715597207187117,-0.410246605136689,0.88688894189387,-0.582445000270444,-0.685554251479024,0.0106750429456468,0.238825483092593,-0.393458993040799,0.72129672628039,-0.679116412843216,-0.107195501072875,-0.481403865926618,-0.690900182020652,-0.343790807897869,-0.692999912865587,-0.68036958365596,0.688018255888499,0.0176119806398621,-0.831871990311083,0.0500798010597099,0.929578332276125,-0.0128928819740809,0.537410979765608,-0.570391265020455,-0.106919256445487,-1.04083855028043,-1.17365193448422,-0.926030541124598,1.21972968416125,1.31888042021043,-1.25531056239127,"Female",1
0.348216114307009,-0.66631232188456,-1.20729555566164,0.280521301911669,-0.697912261012675,-0.388073038756646,0.0106750429456468,1.07669317639839,-0.221818404910774,-0.111900605088143,-0.570724061068749,-0.513540823091099,-0.0401471669946004,-0.690900182020652,-0.343790807897869,-0.411297146223705,-0.68036958365596,0.586633328598657,0.645956480009166,0.0827042672050458,-0.498018046860658,-1.55542588954428,-0.782873979849453,-0.399474094124258,-0.570391265020455,-0.106919256445487,-1.09314643313115,-1.43199050399109,-0.814851594024327,0.991426948859876,0.755126390611013,0.222712790464316,"Female",1
1.15908014217706,-0.66631232188456,0.369744216865076,-1.10215912463399,-0.124581860557016,0.119696617441896,-0.391043678430093,-0.358493327122029,-0.575052049695612,0.754336761914092,-0.524836466931221,-0.755486892689727,-0.481403865926618,-0.690900182020652,-0.343790807897869,0.26433144043774,0.700500737493922,-0.134866702973669,-0.958137455177558,0.354581784933179,-0.119077151898767,-0.0600670228314686,-1.83220073810509,0.361446348638598,-0.570391265020455,0.669195143133427,-0.240910683270799,-0.818298880880692,0.343392735134653,0.189627006459133,-0.643013119096668,0.174137964623783,"Male",1
-0.569631289258007,0.0246424426512784,-0.62417771882868,0.107031690929321,-1.42958171405882,-0.2097863357159,0.412393764321387,0.881795222159976,0.0266386551839772,1.02108958943583,-2.20123730273764,0.39212680481074,1.08834336942304,0.350379013645497,-0.343790807897869,-0.692999912865587,0.76513722061157,0.500781333253513,0.0421702327838983,1.13715188957837,-1.39580945675894,-0.986964651168413,-1.24664401226331,0.78719251878204,0.920078372218926,1.05725234292288,-0.425732472559393,-0.0800493830466093,1.20562942660426,0.651175347981144,0.694419093379155,-0.302309204820777,"Female",0
1.20324410297008,-2.04822185095624,1.52752023887511,-1.21446480469878,0.018184074848642,-0.412428225763157,-1.59619984255731,-0.519689313404556,6.14939386643121,0.628730776425554,0.176353586359139,-0.755486892689727,-0.481403865926618,-0.690900182020652,-0.343790807897869,-0.692999912865587,1.67861721497508,-2.7593660910757,-1.69673221948293,-0.757263700763512,3.21682562606728,1.60583599159965,-1.11550370387167,-2.40937699784025,-0.570391265020455,1.44530954271234,0.173866729252714,1.99362528241679,0.0417926328006756,-3.22268349330668,-1.23560527802862,-0.116899339352965,"Female",1
1.05939095359269,0.0246424426512784,-0.0665268103299946,-1.26592892990546,1.23297898823284,-0.685554251479024,-0.792762399805834,-0.309624722738621,-0.381734087020562,-1.03075239141131,-0.101647900398778,-0.436956319170915,-0.481403865926618,-0.690900182020652,-0.343790807897869,0.0487434348906691,0.122057421862617,-0.510719406657485,-0.0029762246366021,0.224863373768967,0.38676421108752,-0.444236440207884,0.199381406178642,-0.716034050296118,-0.570391265020455,-0.106919256445487,0.227428536854177,-0.287283757341287,0.840493782250184,-0.260115642380171,-0.122200362840238,-0.425298366329897,"Female",1
-0.456942475242616,2.78846150079463,-1.95158425220318,-0.290823878641498,0.150492556325999,-0.425434226987722,4.02786225670305,4.0087830208954,0.283387854490788,-1.04651493273519,0.0910310743836,-0.755486892689727,-0.481403865926618,-0.690900182020652,1.3286664403225,-0.098294072177162,-0.537400686769237,1.1716779278432,1.92230668181722,0.820061046944172,-1.5876187034834,-2.02136418113561,-1.18065797971107,-0.799301040262962,-0.570391265020455,-3.5994340545506,-1.9365303220574,-1.20639740303685,-0.442376746151836,1.7957455285124,3.55819292095954,0.517322388441402,"Female",1
-0.0337061639890892,-0.320834939616641,0.395558173595274,-0.448697628652658,-0.718714857975473,-0.456890602042484,-0.792762399805834,-0.00123877758407015,0.922541051917708,0.866618774926835,0.957612994721417,-0.755486892689727,0.300144016080106,1.3828338093484,-0.343790807897869,-0.194051792288007,-0.320524139796988,0.599246344030374,-0.387628911276858,0.245522292647027,-0.669856951144703,1.92677182992268,1.44759924906484,2.15805825441617,0.920078372218926,1.44530954271234,0.0709256038685507,-0.535144005015243,0.00979638468267369,1.51433517012462,-0.141754113581139,-1.52588946178008,"Female",0
-1.08440673925613,0.0246424426512784,-0.826050207071674,0.346299722820039,1.14077808822208,-0.685554251479024,0.814112485697127,0.00105596698050939,0.701807146010211,-2.14093383897808,-0.198015101560188,-0.474950257205061,0.541871030903239,-0.690900182020652,1.03407272253609,0.613538300241848,-0.68036958365596,-0.233733522608206,0.50947562929501,0.169596839427294,0.148631111967373,1.26161052561944,0.887470670580987,-0.602885616284368,-1.31562608364015,-2.04720525539277,0.854506025967545,-0.173777376021564,-0.739351632244325,0.168098511353685,1.80559933986722,-0.818134128497217,"Male",0
1.46720230021698,-2.39369923322416,1.22061503103516,-0.782462783563911,0.531536891084338,0.953201902816181,-2.39963728530879,0.400426565279235,-13.3776072784379,1.1582719550043,0.0456962781010141,-0.755486892689727,-0.481403865926618,-0.690900182020652,-0.343790807897869,-0.692999912865587,-0.68036958365596,-0.416074426994784,-1.08684741834462,2.11585929860606,-0.878759883462238,-2.20927797326325,0.115051581321581,1.62831687388255,-0.570391265020455,-0.106919256445487,-0.284512621514511,1.09792912829207,0.62707003488299,-0.288306083284284,-0.667458379013745,-3.71488798741717,"Female",1
-0.427481099490919,1.06107458945504,-1.27749809087278,0.0623247013370805,0.060845444188833,0.77111788567227,0.412393764321387,1.05720186986427,0.283387854490788,-0.701082846131796,0.0910310743836,0.23359337227094,-0.481403865926618,-0.690900182020652,0.870683037386857,-0.692999912865587,-0.265095623994753,0.543645047022292,0.974533386285212,0.648983986576843,-0.914168675107503,-0.508915955282469,-0.822867017522077,-0.516734656266907,-0.570391265020455,-1.65914805560331,-0.622077072495167,-0.121658549655917,1.41360374750436,0.625949508982211,0.572806839438594,0.150379817360376,"Male",1
-1.27937891010388,0.715597207187117,-0.874263264810655,-1.20888175274804,-0.687198975902788,-0.685554251479024,0.0106750429456468,-0.688623635692401,-0.106595924696387,-0.297944000859546,-0.659203354673999,0.365105429661833,-0.481403865926618,-0.690900182020652,-0.343790807897869,0.176819156063745,-0.366709289101142,0.155625200802921,0.49275332742909,0.0621874572866512,-0.181693427633526,-0.385471188070449,-1.26043135899366,-0.733459945718244,-0.570391265020455,-0.106919256445487,-0.081860698017423,0.584684952917077,0.523163756115824,-0.484613717942188,3.87828733718791,0.201290132924821,"Female",1
0.733947957224604,-0.66631232188456,-0.755818506843274,0.899536889002457,0.969524318604475,-0.685554251479024,-0.792762399805834,-0.565402046943432,0.901585209379119,-1.28421858951964,0.206339575781307,0.0734758703613308,-0.481403865926618,-0.690900182020652,-0.343790807897869,0.272178418743505,0.0157248815138571,-0.353214143904685,1.22050622792912,-0.725463446202253,0.851955962411716,-1.23222893933186,1.34006482325599,-1.75971769243251,-0.570391265020455,0.28113794334397,-1.33953656983777,-0.277529335218302,-0.655615244281712,0.0762519168462513,0.56282114442707,-2.773192193109,"Male",1
-0.0934936573249588,1.75202935399087,-1.16659838568737,-0.0370784210574403,-0.352023136626638,-0.0759369620812071,0.814112485697127,4.11661428323816,-0.368390591280366,-0.459757659792534,-0.302158114423054,-0.755486892689727,0.087871751831365,1.19722181629376,1.18929500297082,-0.692999912865587,-0.68036958365596,1.10650964333774,1.55456008880762,-0.290271073595398,-0.714708217284636,-1.02405490576961,-0.000641650619661983,-0.387145316315922,3.90101764669769,-0.8830336560244,-1.2657839724162,-0.410469232546853,-0.699980958211559,1.00699440524025,0.684206760432085,-0.712521430156102,"Male",0
-1.27040308759516,0.0246424426512784,1.43901299537886,0.212775206021249,2.25894796948561,-0.37690959461625,0.0106750429456468,-1.22426827232905,0.849392186921382,-2.00242988139079,-0.0677408593244266,-0.755486892689727,-0.481403865926618,0.686401568344521,1.52007336741715,-0.692999912865587,-0.0430448200483303,-0.76256775906396,0.0951740064506683,-0.820953704035829,1.46142328404535,2.71855262804755,2.13719822072621,-0.818260192438263,0.920078372218926,-1.65914805560331,3.51943399070612,2.20992714113199,-0.14661886450662,-2.45476102305527,-1.24586392841587,0.977225863567143,"Female",0
0.943964693188408,0.715597207187117,-0.631714838442082,-1.48575378342989,-0.277988685799521,-0.685554251479024,0.0106750429456468,1.08252472524802,0.283387854490788,0.203858363925025,0.0910310743836,-0.755486892689727,-0.481403865926618,0.666662153521902,-0.343790807897869,-0.692999912865587,-0.68036958365596,0.778692641747738,0.985167075619749,-0.346969847703722,-0.327028695816802,-0.966944534786516,-0.758646234676379,-0.427000045666353,0.920078372218926,0.28113794334397,-1.40979896112338,-0.367271475720959,1.09005066638094,0.606725089545045,0.499255639414316,-0.400377232836811,"Female",0
0.192763893176398,0.715597207187117,2.0108770895518,1.33855323723636,0.698345176304423,-0.685554251479024,-1.99791856393305,0.421666825112582,0.283387854490788,1.29770842045564,0.0910310743836,-0.154396508783469,0.0667248120929521,2.94506729170219,2.60848142224449,2.80630934289396,-0.175623522730452,0.842046203903336,-0.631487116989515,0.54699562542838,-1.38056148878843,0.923549289250951,0.00799610462204744,2.47803022842924,0.920078372218926,-3.5994340545506,1.29291171188355,1.22634746278889,-0.269785688649283,0.102465047807249,0.914557358619713,0.728235688883922,"Male",0
2.14169694669792,0.0246424426512784,1.59315660444978,1.39490494521804,-0.716522541554352,-0.395651442856777,0.0106750429456468,0.6243868436233,-0.428842217785284,1.64571743029128,-0.932078281297621,0.949967695712111,-0.481403865926618,-0.278251596891575,-0.343790807897869,0.498417521768227,-0.107529619064286,-1.50081831476839,-1.95206430495105,-0.951899491539379,2.06589956549076,-0.172048815964219,-0.178842318490706,-0.391160518207651,0.54746096290908,-0.106919256445487,-0.89949847559614,-0.419424607146399,-0.487977597458087,-1.04447344566998,-0.988378175528421,0.19357644874839,"Male",0
1.97405447114828,-0.66631232188456,0.000364136055707244,-0.232225681575253,0.333773923531782,-0.466512587291051,0.412393764321387,0.387297843051273,-0.382783175256384,0.608181292833952,-0.653359698467387,1.15871103334615,-0.481403865926618,0.0810260355867551,-0.343790807897869,-0.692999912865587,1.99860596053071,-0.972003275810408,-0.73179178714565,0.567562992811449,0.342589133332876,-0.286405471554814,0.0398028718169262,-0.234145493866209,0.174843553599235,-0.106919256445487,-0.868404046876675,-0.0631947859199637,-0.0893030832708264,-0.0840387435477614,0.146540061159622,0.437457430126556,"Male",0
0.301057812437013,-0.66631232188456,-1.49406480029537,-0.575026169500917,-1.08568343039657,-0.30317781547681,0.0106750429456468,1.13295405988924,-0.0016644061569299,0.0722887021650368,-1.2267988647427,-0.118425745652083,-0.481403865926618,-0.690900182020652,-0.343790807897869,0.0487434348906691,-0.145418246643581,0.116303583607915,0.61429897500369,0.628100617433936,-0.513368915979122,-1.13433874452543,-1.0195678803916,-0.549612138989567,-0.570391265020455,-0.106919256445487,-2.25171798641348,-0.799916156912335,-0.158359135486056,1.19708653126822,-0.596015519551549,-1.0942634198719,"Male",1
1.84820470411431,2.78846150079463,0.457499379108779,-0.912695874314417,1.03981425681136,-0.597763743213209,1.21583120707287,1.88293998998957,0.283387854490788,0.923153209352637,0.0910310743836,0.245834464659067,-0.481403865926618,4.15465647107933,2.11521811646576,0.861478720221005,-0.68036958365596,1.50904132429299,1.21056542713147,-0.670836276238111,-1.00740237812824,-1.03893406219037,0.637210825392268,0.651097234961738,3.155782828078,-2.04720525539277,-0.88449034598409,0.257433484777169,0.996786119594164,0.86847487010124,1.89856379835662,-0.827571825807816,"Male",0
-1.11983112253086,0.0246424426512784,0.559588429533712,-0.93850584165853,-0.163448423113629,0.232149194926291,0.0106750429456468,-0.943140924035427,0.80713839127118,-0.15433257685146,0.711177726685274,-0.0531712184381401,-0.481403865926618,-0.690900182020652,-0.343790807897869,-0.692999912865587,-0.68036958365596,0.869692752322346,0.174651144009888,-0.959327818288177,-0.0437012392125527,-0.000275949293717487,0.855413140270269,0.63620176445546,-0.570391265020455,-0.106919256445487,1.59102288870806,0.217465901958578,0.501846877288214,-0.497794847127411,-0.578525819341526,0.480213670325774,"Male",1
0.189803006842187,-0.320834939616641,-0.899820950404544,1.30039338971478,-0.0189686106923942,-0.00744825659824904,0.412393764321387,-0.143207591271939,-0.422887116846515,-0.429397984234396,-0.281464364688907,-0.755486892689727,-0.481403865926618,-0.690900182020652,-0.343790807897869,0.0946372540662314,-0.68036958365596,0.175938922355982,0.0841829303293294,1.44530276022775,-1.04570756131266,-1.01098712491311,-0.192666385544338,0.409289763347963,-0.570391265020455,-0.106919256445487,-0.102387314253152,-1.25627655753381,-1.01610455511136,1.162601284451,-0.107246400585726,0.393360868917958,"Male",1
-0.362719169613433,0.715597207187117,-0.937439566278696,-1.2475504767325,-0.855833633252699,-0.685554251479024,1.61754992844861,0.0474946431622736,-0.102886549075798,-0.283188264124583,-0.674978997464508,-0.496502367485567,0.46325836277293,-0.377583138510359,-0.343790807897869,-0.692999912865587,0.406999491257186,-0.388820570948612,0.0838157508569942,0.679590694991901,-0.0652287394197669,-1.38233965798483,-1.03933743774955,-0.782261873643204,0.174843553599235,1.05725234292288,-0.429597609362986,-0.230553813726786,0.550189433083652,-0.222374202916158,-0.430159782623111,0.674782446076014,"Female",0
0.489179109450866,1.75202935399087,2.49008657255498,-1.54002587840816,-0.724825404478825,0.364522507583923,0.412393764321387,-0.0248703301442121,0.550657231399316,2.69136743710457,3.69528793906312,-0.755486892689727,-0.481403865926618,-0.148927621707155,-0.343790807897869,0.350205016979877,-0.68036958365596,2.19726651157206,-0.739280266067997,-1.05049162945047,-1.30222787353305,0.107284965789717,-0.917876282471752,3.12320702121385,1.29269578152877,-0.106919256445487,0.738845929035573,-1.48573736984898,3.29266469470724,1.22858499282065,2.57364389338886,-1.07479522779184,"Male",0
-0.407015232064622,-0.66631232188456,-0.582521448537922,-0.294496056151985,-0.313713670864737,-0.685554251479024,-0.792762399805834,-0.00836222904001774,0.283387854490788,-0.960427838211087,0.0910310743836,-0.755486892689727,-0.481403865926618,-0.690900182020652,0.653638514835955,0.725695948053786,0.342805413340628,-2.44566660795925,-1.6762351399266,1.9421181487708,1.04427970011864,-1.27029598118594,-1.21048764816766,-1.54994818177074,-0.570391265020455,-0.8830336560244,1.34466699868225,-0.0957451169393106,-0.52309252019765,-1.79580420223061,-0.600154366133584,0.328565921835936,"Male",1
1.5938409988054,-0.320834939616641,0.788891915700482,-0.124070244981654,0.263117433478287,-0.301470777816085,0.0106750429456468,0.349382279447029,0.283387854490788,1.11171965178328,0.0910310743836,-0.211758628753022,-0.481403865926618,0.624694500675847,-0.343790807897869,1.20622196546197,-0.68036958365596,-0.74508048624033,-0.961349900691028,0.525517535651134,0.385243248814444,-0.117530301515135,-0.167614077950031,0.289386926774682,1.29269578152877,-0.106919256445487,-0.844918343904122,-0.162767631101393,1.73199194734227,0.104383240786063,0.169940372480775,0.674782446076014,"Male",0
0.175537508730604,-0.66631232188456,-1.44579787001201,-1.58126075944816,-0.385865927964931,-0.503470234335112,-0.792762399805834,1.00085166075252,-0.209654530286341,-0.338153403891499,-0.48408632329772,-0.342275627757231,0.272203080564031,-0.690900182020652,-0.343790807897869,-0.692999912865587,-0.68036958365596,2.10150277691074,2.00710889942188,-1.38834771071593,-0.965313766936498,-1.13856817642115,-1.4105281214366,-0.447481102919115,-0.570391265020455,-0.106919256445487,-2.09424486521776,-1.61543029964159,3.80569413462481,1.77901780103851,3.69848742501709,-0.780786276995779,"Male",1
-1.74179416504522,-1.3572670864204,-1.71902634077039,0.723871186943251,-0.467490111241649,-0.120465922411712,-0.792762399805834,-0.00670322245860743,0.283387854490788,-1.34416056341912,0.0910310743836,1.04244123339433,-0.481403865926618,-0.690900182020652,-0.343790807897869,1.40036464635767,-0.68036958365596,0.696880426446248,0.957229641470518,0.729928204218019,-1.29234126657711,-0.96394311382974,0.461229771441881,-0.00226896402580861,-2.43347831156968,-0.106919256445487,-0.279623241772993,-1.19700284102451,-0.696275292126158,1.43646939186194,-0.680851779735496,1.08243021000177,"Female",0
1.31098845606408,0.0246424426512784,0.0169088911953258,-0.0118225114328097,0.517170046431854,0.593474942117234,0.412393764321387,0.165839848771004,0.101103679756347,-0.319691411085534,-1.48727199247277,1.68882626966022,1.74754235949436,-0.690900182020652,-0.343790807897869,0.0184910627012188,-0.68036958365596,-1.0629163905317,-0.696536661845734,-0.162426008570059,1.0109911893226,-0.480143072355994,-0.507069061516395,-1.04450364140357,-0.570391265020455,-0.106919256445487,0.0270745504571676,-0.181084555013232,1.53586127227222,-0.92059061894068,0.264754200269441,-0.287550210554684,"Male",1
0.339047905875743,0.0246424426512784,0.308240786172606,0.359504342604227,-0.87248352916432,-0.00744825659824904,-0.792762399805834,0.246909686589915,-0.947960346266384,0.840693061507423,-0.354059526424221,-0.165787434426007,0.594078933802745,-0.690900182020652,-0.343790807897869,-0.0064007498550444,0.309992221017123,-0.920736991278312,-0.826759672553056,-0.488630355016436,1.2071937551411,-0.288868412510864,-0.478207507250104,-0.476056565362535,-0.570391265020455,-0.106919256445487,-0.435256617918426,0.132259210237684,-0.384031185032335,-0.978364608363414,-0.740060365223079,-0.202722921783855,"Male",1
0.161617538294939,0.715597207187117,0.436755089487758,1.88579834862727,-0.605197219937302,-0.0423041722229621,0.0106750429456468,0.0773168364025783,0.0522152037739283,1.18338557800037,-2.61237398230906,0.27780513379536,-0.481403865926618,0.559166796173708,-0.343790807897869,-0.0914583728589174,0.187303721587634,0.145999755454244,-0.394390192224604,-0.144103619999013,-0.0551073801705545,0.354370668023931,-0.118718173501033,0.731942850044871,0.920078372218926,-0.106919256445487,-0.477699321071581,0.0597087992010569,-0.83698069067736,0.255300985604586,-0.0452920302151777,-0.0397693117972892,"Female",0
-0.147364537737509,0.0246424426512784,-0.252016854441417,0.566729124240177,-0.0153338163258138,1.25808676873157,0.0106750429456468,-0.750676474617854,0.283387854490788,-0.43494003610026,0.0910310743836,0.830920277384444,0.483016004157493,-0.690900182020652,-0.343790807897869,0.230543275027016,1.53985328564385,-0.821157259681041,-0.579906639986681,0.790785161966625,0.00132905509054375,-0.454760876221439,-0.95530083739596,-0.416692154926429,-0.570391265020455,-0.106919256445487,0.49778813712822,0.0370005103612198,0.395235917757263,-0.581527158467423,0.630747343715104,-0.586773655949478,"Female",1
-1.04416242646547,0.0246424426512784,-0.798127635997082,-1.60778340359975,-0.641540028873319,-0.486917141867484,0.814112485697127,-0.585335039090618,0.283387854490788,-0.638271749439207,0.0910310743836,-0.755486892689727,0.781920107728065,-0.690900182020652,-0.343790807897869,0.920037846809871,0.192132382960993,0.482245939513378,0.754943120983377,-0.252380207112844,-0.353247387113451,-0.876863360437396,-0.241722388162417,-0.382677283435842,-0.570391265020455,0.669195143133427,0.207146325952254,-0.262517392635983,1.78122405779253,0.0621137787998375,-0.22256682548929,0.703694562837116,"Female",1
-0.72575659655907,0.370119824919198,0.916954064292875,-0.965708538844049,0.544094789374294,-0.506780852828638,0.412393764321387,-0.902547009393686,0.541602099157413,-0.279634419943183,1.2400284101173,-0.755486892689727,-0.481403865926618,4.19613056511441,-0.343790807897869,1.99462933578055,3.19631057614855,-0.665238980934728,-0.811884113751529,2.31572509254169,-1.33282575421676,-0.34961946553128,-0.212731262747389,1.09186343755214,-0.19777385571061,0.669195143133427,2.05224122713279,0.764986437213303,0.789391203113146,-0.360816498635294,-0.35160573718088,-1.10561491906492,"Female",0
0.546798120546716,2.44298411852671,1.74438300970417,-0.0933634450718382,1.63147552061137,-0.685554251479024,-1.59619984255731,0.189208686126236,-0.569849383609635,0.285889759522474,-0.405404415063895,-0.755486892689727,-0.481403865926618,4.25254650447529,1.66315788996659,0.734294104786633,-0.68036958365596,-1.58214758025914,-0.923433308948704,0.071566570392202,1.6043468854198,2.57718790226434,3.17164764636104,0.12582547679802,2.03793060014846,-1.27109085581386,1.26342055574305,2.22261773146761,-0.727645948405166,-1.41249966539709,0.160625402382006,0.880094340450766,"Male",0
-0.57629911354736,0.715597207187117,-0.0219767860729603,1.25268034115524,-0.720400977413874,-0.685554251479024,0.0106750429456468,-0.4970573448039,0.283387854490788,0.303870863721285,0.0910310743836,-0.755486892689727,-0.481403865926618,0.272488050190159,-0.343790807897869,3.01571682591579,-0.68036958365596,0.0509886887886015,-0.215164574512954,-0.306676629243945,0.103865228295148,0.130848813390075,-0.816409665963226,0.149359888497935,0.174843553599235,0.669195143133427,0.0208329932485374,-0.104200757494485,-1.10434845037043,-0.158664858138827,-0.966775807348793,-0.0818627457763106,"Male",0
-2.97961001846165,-1.01178970415248,-0.44759526715911,-1.21541945279364,0.233445240188276,-0.59930392756875,-0.792762399805834,-2.02460417861947,0.283387854490788,-2.29541576349458,0.0910310743836,-0.755486892689727,-0.481403865926618,-0.690900182020652,-0.343790807897869,-0.692999912865587,-0.312735277375808,-0.105088462467936,1.3213429570592,-0.341588944712775,0.503831617780232,2.87930820720888,2.63552103373966,-0.590893418287686,-0.570391265020455,1.05725234292288,2.57172650183763,2.58497940908647,0.450018448427266,-1.38038622680672,0.880418359690066,0.135932295375871,"Male",1
1.30747353977002,1.06107458945504,-0.0495208074713305,0.891763389966565,1.04337489525963,-0.416169678170223,0.412393764321387,0.993280011161237,-0.0992932988100651,0.215734395118195,-0.974702364270276,0.955015552844801,-0.481403865926618,3.44779936946431,1.75650434103004,-0.692999912865587,-0.68036958365596,0.829382054743073,0.849039728778104,1.26252308075153,-1.64420363520183,-0.657411100808673,0.349709894656297,0.835806292216913,1.29269578152877,-1.27109085581386,-0.0623972997473906,0.492270495706196,0.396548078689874,0.903126888134932,0.0112792389288887,1.24459307864692,"Male",0
0.302574829698053,-1.70274446868832,-0.561029487204591,0.123194486021793,-0.32698096494127,-0.685554251479024,-2.80135600668453,-0.136551057211953,-0.306489845033944,0.475936595853645,-0.699334621656081,-0.755486892689727,-0.481403865926618,-0.690900182020652,-0.343790807897869,0.293746649617449,-0.68036958365596,1.06245733928656,0.605192872634696,-0.264182100010587,-0.732870653389506,-0.543832210384064,0.0416216754214133,0.675355398674917,-0.570391265020455,-0.106919256445487,-0.81689847081343,-1.35663166985432,0.00664346972214006,1.44141340728267,-0.129690247965244,-1.05391247495721,"Female",1
0.798245842281634,1.06107458945504,2.71043308267447,1.77605318653247,1.78044131568376,-0.355603347929654,0.0106750429456468,0.0198158383361622,1.48530143690317,0.758000374433751,0.531584626462932,0.0503573869296249,2.45796346719827,5.15851681355422,3.61413590701413,2.12178310999438,-0.68036958365596,-0.463463689927656,-1.15314313671536,0.799998565928564,-0.299324738125711,1.52770263653836,0.634836064993246,1.53775623222667,1.66531319083862,-2.04720525539277,1.58699000265383,1.41079283087926,-0.579758665399923,-0.596472208459585,-1.05560402863718,1.37444088288814,"Male",0
0.0917760716096515,0.0246424426512784,0.967364579810577,0.631986094421331,2.74186425357691,0.971614893313881,-1.99791856393305,-1.18946167320627,0.283387854490788,-1.79098809059631,0.0910310743836,5.64225005231747,-0.481403865926618,1.69061428008688,-0.343790807897869,-0.692999912865587,5.10517468159976,-3.16469719118412,-1.01374559047095,-0.976731880965484,2.92378176435759,0.426087228254234,3.31546263186349,-2.87862807439834,-0.19777385571061,-0.106919256445487,2.12448834602128,2.12798637689074,-0.521981411211395,-3.28443061591321,-1.30320643886851,-2.37422330598359,"Male",0
-0.502392044702222,-1.01178970415248,-0.899820950404544,-0.814237036903937,-0.737421301932498,-0.151177244643631,-0.792762399805834,-0.69672571486335,0.283387854490788,0.211116333208284,0.0910310743836,1.9024226235318,0.488085228178966,-0.690900182020652,-0.343790807897869,-0.0740682100728976,-0.68036958365596,0.474033520016448,0.0787458205194552,0.773431732490346,-1.11360411289411,-0.440709855209912,0.202051027918832,0.774152793363651,-0.570391265020455,1.05725234292288,-0.394379104536774,-1.26164137807657,-0.0695135700855984,1.4965305614958,-0.0682195930400859,-0.217488269298846,"Female",1
-1.35488982009129,-1.3572670864204,-1.19211162453784,-1.28159744392269,-1.70876676051632,0.340449601644931,0.0106750429456468,-0.71758631074648,-0.488737251285645,-0.00105972311218556,-0.374169204050087,-0.755486892689727,-0.481403865926618,-0.690900182020652,-0.343790807897869,-0.692999912865587,-0.68036958365596,0.541865348024788,0.72235034678716,-0.184539372042781,-0.207854940545377,-1.16966390818337,-0.983170247824909,-0.559530519809666,-1.31562608364015,1.44530954271234,-1.1141205872541,-0.427524665816261,0.632634158140943,0.333077226354905,-0.0524334178709532,-0.0965185757691593,"Male",0
-0.242676033790606,0.715597207187117,0.77420745599522,-0.9989145898912,-0.57405836555542,0.270386838526513,1.21583120707287,-0.00265165141737826,-0.815296124333514,1.24032988384002,-0.489418110206179,-0.141626758594257,-0.481403865926618,0.794384254893144,-0.343790807897869,4.31010961790325,2.41244467130188,-0.282127186003066,-1.16750944459532,0.718938859799076,-0.7244601834538,0.34465137352892,0.0470898160001645,1.65978394240456,0.920078372218926,-0.106919256445487,0.225477879217705,0.325030251251053,0.731896851974194,0.384416626546693,-0.892804377698954,0.684938130787057,"Male",0
-1.02608684550614,0.0246424426512784,-1.04713545016772,0.167009607290091,-1.05360799516415,-0.576303841192677,0.814112485697127,-0.491701419751171,-0.930268561772746,-0.0921196319303699,-0.188093394199387,-0.174260127791859,-0.481403865926618,-0.690900182020652,-0.343790807897869,-0.692999912865587,-0.192303349456433,0.522081751996862,0.19225036059446,0.145753872726023,-0.513960136423829,-0.189744690052463,-0.497661432980777,0.17183641100198,-0.570391265020455,1.05725234292288,-0.496315493937989,-0.846002567218599,-0.535394406153695,0.827485528909344,0.0854757276052773,1.49858311387425,"Female",1
-0.125384062769182,-1.70274446868832,-0.062806747204662,-0.254059148620405,1.46981410335452,-0.600424061645507,-3.60479344943601,-0.70420093836566,0.283387854490788,-1.85095638541131,0.0910310743836,-0.755486892689727,-0.481403865926618,-0.690900182020652,-0.343790807897869,-0.692999912865587,-0.68036958365596,1.35858916142481,1.20849230286256,-1.51163640618893,-0.0807774644364713,2.55953269064564,1.9901834444732,0.50353985358623,-0.570391265020455,-0.106919256445487,0.630678971128429,-0.531916027791858,0.0919780010062603,1.16550304443629,-0.871306217318932,-0.911749119121396,"Male",1
0.637491659442623,-0.66631232188456,-0.433756223622792,-1.07053588020176,-0.507907264398427,3.08009818817804,0.814112485697127,0.310956823594267,0.721967743233995,0.975878821293702,1.40981904634301,-0.755486892689727,-0.481403865926618,-0.182695382474346,-0.343790807897869,0.285207825089203,-0.68036958365596,1.31706671744084,0.621430009890501,0.526882092851178,-1.53789961331357,-0.296533685562784,-0.814089063306207,1.1872934287961,0.174843553599235,0.669195143133427,-0.931098820976818,-0.942998468111404,1.39226122712589,1.72156975114861,1.01807389373061,-0.166395479485065,"Female",0
-0.923285774522315,-0.66631232188456,-0.096831714814412,-0.967396982117633,-1.31776002841659,0.0285406090518476,-0.792762399805834,-0.408808062555867,0.283387854490788,0.914462624959628,0.0910310743836,-0.755486892689727,-0.481403865926618,-0.690900182020652,-0.343790807897869,0.530394959407735,0.643113918952614,0.562819955463577,-0.470942975013254,-0.4725894738924,-0.238485961034466,1.17197718159209,-1.29607412548373,0.918791062850289,-0.570391265020455,-0.106919256445487,-0.444528685782344,-0.615882076546847,0.626812103415998,0.673183661998282,-0.597086750431605,-0.417175922821039,"Female",1
2.49463238689164,0.0246424426512784,2.74365263999494,-1.17423128313166,2.09758517697634,4.58187624446985,-0.792762399805834,1.10008937215826,0.283387854490788,0.827962125450863,0.0910310743836,-0.755486892689727,-0.481403865926618,3.38744333433848,-0.343790807897869,3.23205863567804,-0.68036958365596,-1.69945049236897,-0.948178874085799,-0.563282147939835,1.99200162102303,0.118069141087896,0.747908585135256,-0.824208292645372,2.03793060014846,-0.106919256445487,-0.797897494373805,1.02481107489413,0.429273727356238,-1.40066839854801,-0.952429336644464,-3.23515616767527,"Female",0
0.428621561804408,0.0246424426512784,-0.466473171442903,0.214094316082456,0.944660067152059,1.9364555953933,-0.792762399805834,-0.305378588790202,0.0191423281969139,-0.687033470122082,-0.685811278240544,0.425633774080821,-0.481403865926618,0.0235541566115885,-0.343790807897869,-0.692999912865587,-0.68036958365596,-0.524831237946913,-0.000441791791363012,1.93440733513293,-0.739763191524975,1.06581710159969,0.879738988512497,0.463982333960682,0.174843553599235,-0.106919256445487,-0.343934645380396,0.170557379501884,-0.610570480601809,1.06446672705094,0.105315757672152,-0.0476047431680252,"Male",0
-1.03292742399586,-0.320834939616641,-0.763562824302238,0.97248010035768,0.588072304628766,0.140709355728643,-0.792762399805834,-0.873159456027601,0.879299576338701,-1.78829385167593,0.0208550340183588,-0.755486892689727,-0.481403865926618,-0.690900182020652,-0.343790807897869,-0.111509757525796,-0.68036958365596,0.5739916613788,1.19918627836656,0.787404219869479,-0.961689189495205,0.118069141087896,0.206404159269994,-0.211015460183159,-0.570391265020455,-0.106919256445487,1.07364841779579,0.36458213347128,-1.01846751481953,0.175519262790851,1.05837697113185,-1.49161471528,"Male",1
0.493440166512491,0.0246424426512784,0.168707819637858,1.0524807125188,-0.540946279321498,2.48823931316865,0.0106750429456468,0.39906009651903,0.038451202919334,1.10699492315339,-2.39048044360532,-0.755486892689727,-0.481403865926618,-0.0286522497295856,-0.343790807897869,-0.692999912865587,0.69863217143012,1.04609071960138,-0.149255411831469,-0.207343060485291,-0.820802747199177,-1.01958109175514,-0.296005741859149,1.16207888057581,-0.19777385571061,-0.106919256445487,0.00949524352427703,-1.46605089302611,0.0730164579306572,1.03649252319618,0.418606636433504,-0.977108119579809,"Male",0
0.722109079359389,0.0246424426512784,0.856020874353104,0.594948299871857,0.451179339816938,-0.288588474972732,-0.792762399805834,0.0785352885042072,0.283387854490788,0.265588691367873,0.0910310743836,0.188582718439583,-0.481403865926618,-0.690900182020652,0.815415266131184,-0.692999912865587,-0.283993738845149,0.0408523048784878,-0.510814725740902,-0.375864731676117,0.305228564938493,-0.230396882666208,0.154814610014658,0.343551150232532,-0.570391265020455,-2.04720525539277,0.485693055387246,-0.272970383957699,-0.666004270455354,-0.271286313223761,0.797655855401296,-0.343681654140042,"Female",1
1.89939434382405,-0.66631232188456,1.08565460137192,2.06356404517446,0.277668744533416,-0.685554251479024,-0.792762399805834,0.326357218624761,0.283387854490788,0.759099195587978,0.0910310743836,-0.755486892689727,-0.481403865926618,-0.690900182020652,-0.343790807897869,-0.692999912865587,-0.68036958365596,0.72690211172331,-0.285852135546678,-2.31480287897318,1.10452508895695,0.678459852918206,-0.655603652588327,0.0604569782234267,-0.570391265020455,-0.106919256445487,-0.506684762863579,-1.18421154812172,-0.465174007216845,0.0478717547303576,-0.649000246926626,-1.61464474508258,"Male",1
-1.49798904007738,-0.66631232188456,-0.694238514530888,0.360951053996881,-0.412095178632372,-0.495247085173774,1.21583120707287,-0.409415448773668,-0.271608772131693,-0.690315961416219,-0.277512797599778,-0.223904989445422,-0.481403865926618,-0.369348787826776,0.308929037991012,-0.0740682100728976,-0.68036958365596,0.147029907320547,0.722585754441244,0.651078059224426,-0.491266904899655,-0.952568477772788,-0.815074855093133,-0.670065737869525,0.174843553599235,-2.04720525539277,0.793190840236765,1.15211911793259,-0.745034919420963,-0.93533114748377,2.82630586640294,-0.802076848715266,"Female",0
-0.27511454916537,-0.66631232188456,0.0500928429943917,0.476484945111272,-0.127292138486313,-0.685554251479024,-0.792762399805834,-0.639695323495325,0.83896853439043,1.22242723470449,1.23166343765031,-0.755486892689727,-0.481403865926618,0.210391202810093,-0.343790807897869,-0.692999912865587,-0.68036958365596,1.54216502594333,1.33921366905639,0.298381766260372,-1.5313410969864,0.72782190352767,-0.311694322935827,1.18620210940043,0.174843553599235,-0.106919256445487,-0.658307053410881,1.60288806059826,-0.398728188765251,0.68522970322584,0.759616898327122,-0.222962496778893,"Female",0
-1.72570197305736,-1.3572670864204,0.94813248523156,1.45121121815111,0.58470721861326,-0.685554251479024,0.412393764321387,-1.36233892258278,1.68005595257184,-0.662238712585793,0.241990670696915,2.05377580431662,-0.481403865926618,0.441973016967994,-0.343790807897869,5.84876433470714,0.892288282098064,-1.7608948749027,-1.35648069884787,0.428179122047855,0.797420184004564,1.83125521137416,1.75128443306206,0.330420764224968,-0.19777385571061,-0.106919256445487,1.65850651534879,1.67068721324257,-1.18575468292226,-1.21629782348314,-1.04625800132094,-0.0818627457763106,"Male",0
-0.431000982834017,1.75202935399087,0.101392211317803,0.656686806684976,1.17671505448306,-0.430464850102884,2.01926864982435,-0.870365151695278,0.577136938410462,-1.01608233765864,0.538510305941339,-0.361588325631397,-0.481403865926618,0.262169383632895,-0.343790807897869,-0.692999912865587,-0.68036958365596,0.495854987971748,1.13427970245141,-0.157564158197613,-0.213291151014883,0.190765193268341,1.33326931767177,-0.312797162180036,0.174843553599235,-0.106919256445487,1.04911688198351,0.975757190968932,-0.961438515315956,-0.408811940996456,0.822712959608038,0.285827557293827,"Male",0
0.207672294259838,-1.01178970415248,1.27509784531169,-0.521317231889434,0.986225507093597,0.521950283264812,-2.80135600668453,-0.44153417947368,-0.963869237749037,-0.537555757445836,-0.100442081649359,-0.755486892689727,-0.481403865926618,0.573702458710856,-0.343790807897869,-0.692999912865587,-0.68036958365596,0.611144078724773,0.0203510358149206,-0.388849123695288,-0.132714611672165,-0.108398540173936,0.567900957932438,0.806016887374163,0.920078372218926,-0.106919256445487,1.41682096877501,-0.206859700561039,-0.179927734170413,-0.241479393078614,-1.15020952590762,0.684938130787057,"Male",0
0.756007730204161,1.06107458945504,-0.811455814582856,-0.921867953229124,-0.216466766795467,0.160688680657025,1.21583120707287,1.75269016504765,0.0992493137875301,0.380006737623669,-2.32397008508152,0.89063244960493,-0.481403865926618,0.304829669379333,0.666829340060325,0.744457948249057,-0.68036958365596,1.25569302039486,0.988243411815282,-0.608274817363841,-0.845846514548018,-2.13731550827755,-0.992287224944456,-0.229702837255231,0.54746096290908,-2.04720525539277,-1.33370238674977,-1.19469003938973,0.222552701501043,0.982832382656796,0.252831027508938,-0.0784023414724427,"Male",0
-0.828541082674772,-1.3572670864204,2.65748941319496,1.37933381695508,0.270290770212731,-0.685554251479024,-1.59619984255731,-1.26910327932472,1.08572910232458,-0.0566817971400029,0.523157161420185,-0.755486892689727,-0.481403865926618,-0.0401006847292995,-0.343790807897869,-0.0666607827788368,0.223072169011248,-0.587568633966165,-1.31304433451148,-2.5319885457461,2.42054524453733,3.08784745777673,1.18707612951659,0.23257084415121,-0.19777385571061,-0.106919256445487,2.06053663150633,1.10726334787478,-1.16689057199825,-2.08392405908251,-1.24975056049674,2.25510799159306,"Male",0
-0.361612203459887,0.370119824919198,-0.832012204828857,-0.751506031236716,0.212092532418891,0.630066886476282,2.01926864982435,-0.257075160616324,0.11050515581715,-0.78083362971486,-0.974608579842617,-0.369112653559923,-0.481403865926618,-0.690900182020652,-0.343790807897869,1.10645386297104,-0.68036958365596,0.675753418125196,1.18809371048594,-1.07686081501456,0.130393916444472,-0.151658842229681,-0.0579135244154601,-0.847423116089806,-0.570391265020455,-0.106919256445487,-0.647538560059099,-0.00785048727902309,-0.205692230409031,0.146515520435571,1.17553371780707,0.0507488772235028,"Male",1
-0.147753595279529,-1.01178970415248,0.00477825056924124,2.1497176013997,1.25605295977795,-0.685554251479024,0.814112485697127,-0.635812575396715,-0.67650403837219,-1.28382246602743,0.0166765647822124,1.08330323625988,2.87214704595676,-0.690900182020652,-0.343790807897869,-0.692999912865587,-0.294353562061801,-0.568315268452698,0.109694035525015,-0.880706507105853,1.03936072821084,0.855804769440833,1.21701937117895,-0.824208292645372,-0.570391265020455,-0.106919256445487,0.350551133548446,0.108841278690885,-0.897271855614978,-0.433462333635526,-0.0186799795732651,-1.8311242973312,"Female",1
0.48212923522953,-1.01178970415248,0.679895996479741,-1.09367476589462,1.58960634786479,-0.685554251479024,-1.19448112118157,-0.701521217866901,2.39427048436022,-0.453359446567817,0.213116422463279,0.423912023837714,-0.481403865926618,2.16275125799741,-0.343790807897869,-0.692999912865587,-0.68036958365596,0.965587638692853,1.10166294002581,-0.285034556134442,-0.649682287491587,1.84045599585475,1.17667310823934,0.756338929443976,0.174843553599235,-0.106919256445487,0.499676891693092,1.2168791976683,0.266135518886811,0.387577570131222,-0.258232233985507,-2.24092935284787,"Male",0
0.294830127409724,-0.66631232188456,1.33221692479514,0.446846835202614,0.603614631488407,-0.685554251479024,0.412393764321387,-0.926702171238939,-0.870580541300766,-0.507589906956655,-0.121747590280688,-0.202845050655702,-0.481403865926618,0.646261626621683,-0.343790807897869,1.2373567503526,1.17588232346354,-2.55161356816455,-1.79155641375827,-0.804964082605401,2.9156393953187,0.596992598182588,0.987590871993649,-1.61534895789746,-0.19777385571061,0.669195143133427,0.492477950113868,0.580109471441104,-0.996880634037362,-2.1879325319976,-1.08466557999896,1.0524469712679,"Female",0
0.777627768585506,0.0246424426512784,-0.598495837252586,1.17191792711053,-0.672939229514408,-0.685554251479024,-0.792762399805834,1.09350136772722,0.283387854490788,0.53560234228683,0.0910310743836,-0.109266719576449,-0.481403865926618,0.0908909073772592,-0.343790807897869,0.0594074766315883,-0.137727252980453,0.637988047020953,0.515446197425513,-1.93168875699633,0.766742818674895,-0.250091578237114,-0.595726621536238,-0.71279068397353,0.54746096290908,-0.106919256445487,-1.65789330889312,-1.14186606653036,-0.27441725225596,0.521553368469194,0.050951551429635,-1.19360685406515,"Male",0
-0.591414692015192,-1.70274446868832,-0.230209587844639,1.45512071874783,-2.19642816336508,-0.685554251479024,0.814112485697127,0.309741667314577,0.283387854490788,2.0757371441633,0.0910310743836,-0.755486892689727,-0.481403865926618,-0.690900182020652,-0.343790807897869,-0.692999912865587,1.16579399788138,1.6185461644521,0.329983359951978,0.0439644522038527,-1.60554907978327,0.0475031244628346,-1.27130740696589,2.07044760379744,-0.570391265020455,2.60948114208071,-1.19927836934998,-1.08130676754644,-1.16001882366732,1.79917488122228,-0.928241853298644,-2.58999958250514,"Female",1
-0.741356906961174,0.0246424426512784,-0.062806747204662,1.04278668001477,0.193544822977582,-0.537473876090903,0.0106750429456468,-0.41532803487279,-2.10615914895878,-0.59792648435,-0.00324225017558952,-0.0879393211238581,-0.481403865926618,0.116692593496012,-0.343790807897869,3.97043598639419,-0.119818265169374,-0.65367926884946,-0.00221227018160139,0.366292818066701,0.151397010582495,0.246625052563262,-0.299462526279144,-0.360341542830372,0.54746096290908,-0.106919256445487,0.510616707737153,1.37013099044676,-0.853153716613831,-1.02569923831125,-0.121739691220672,0.553380165800428,"Male",0
-1.7085820431319,-0.66631232188456,0.104596093435315,2.35019087680286,-0.523887341873012,-0.416169678170223,0.0106750429456468,-1.14786399025432,0.283387854490788,-0.257261434551587,0.0910310743836,-0.755486892689727,1.00306535060122,-0.690900182020652,-0.343790807897869,-0.692999912865587,-0.68036958365596,-0.334198346856075,-0.243303691699775,1.16498810538662,-0.357973700079086,-0.580775796192913,-0.170963346883945,0.296360329269715,-1.31562608364015,-0.106919256445487,1.76740363519962,0.892257018331673,-0.590393119642765,-1.0558000628485,-0.317388367648986,-0.716564114030333,"Male",0
0.67560040126777,0.0246424426512784,-0.86043204672455,-0.599827242751001,0.155259328680969,-0.280088811241035,0.814112485697127,-0.0655524549396177,-0.0109343983731216,-0.346539254941228,-0.866000448284969,-0.755486892689727,-0.481403865926618,0.104874162634792,-0.343790807897869,-0.692999912865587,0.976674801723898,0.229303661799376,0.585442614044895,1.87804666320694,-1.50654716303291,0.197240769496504,0.181543123936152,0.730889461502444,0.54746096290908,0.669195143133427,-0.750494361513975,-0.355158430455223,0.251714409113012,1.67517241472927,1.34078639206476,-0.442687366192609,"Male",0
0.0285073257857986,0.715597207187117,0.0815060464504903,-1.03402325253277,1.7713492127266,0.494350179613524,2.01926864982435,-0.0830277197740013,0.283387854490788,-1.16527229855259,0.0910310743836,-0.755486892689727,-0.481403865926618,1.85364689924327,3.96054023821526,0.939606762438525,1.08580424131563,-0.322223110551559,0.593036679348836,-0.0832030189412002,0.288616494038708,0.753774781325469,0.940187096225953,-0.957908252760019,0.174843553599235,-2.04720525539277,0.923320939848558,1.3001759449699,0.157057835410735,-0.812652385669091,-0.737107639108831,-1.26573080241908,"Female",0
0.0361793450094494,-0.66631232188456,-0.0538065944820833,-1.03062771632341,-0.663698550858935,0.127052106022731,0.0106750429456468,-0.357362110673556,0.14258024226885,0.768080124434566,-3.68553283797628,1.13265232956891,-0.481403865926618,-0.690900182020652,-0.343790807897869,-0.143400116103359,-0.68036958365596,0.234434373537826,-0.853845430325135,0.710613043765721,-0.723795103243375,-0.059951544960394,-0.748374184585231,1.10808214768163,-0.570391265020455,1.05725234292288,0.145518881422303,-1.33109185215048,1.29580379280682,0.972446277714193,1.56624233954043,-0.992814178769344,"Male",1
-1.51735817091254,-0.66631232188456,1.00248405686792,0.459200683254818,0.422802624269456,-0.685554251479024,-0.792762399805834,-1.53462675496724,0.283387854490788,-0.159019112899104,0.0910310743836,-0.755486892689727,-0.481403865926618,-0.690900182020652,-0.343790807897869,-0.692999912865587,-0.68036958365596,-0.263510762736322,-0.721725761192551,1.06029454628188,-0.288389663811925,1.78200395327216,2.50411745221482,1.74225532528919,-0.570391265020455,1.05725234292288,1.43961004574104,0.471202956309751,-0.66977913406186,0.413691170602443,-0.994054307983783,-0.914592946598207,"Female",1
-0.564785649230406,-1.01178970415248,1.06118375423518,1.21318986526086,0.242208771820231,-0.577504395151868,0.0106750429456468,-1.01427292444453,0.283387854490788,0.281239650146599,0.0910310743836,-0.123402785863295,-0.481403865926618,-0.690900182020652,-0.343790807897869,2.25079399854215,-0.68036958365596,-0.144139559484094,-0.335726136942696,-0.126823654086559,0.171777057971158,0.219507789986428,-0.219632411079875,0.23257084415121,-0.570391265020455,-0.106919256445487,1.60114543270417,1.43655711309126,-1.14883698466729,-1.49827635005293,-1.16159111433527,2.0035153039062,"Female",1
0.885031351344073,-1.01178970415248,0.163884599495306,-0.262335350131569,1.44710618237022,-0.685554251479024,-2.80135600668453,-0.204748810204757,1.84188391670374,-1.0427465914948,0.171534203186536,0.737257861439116,-0.481403865926618,-0.690900182020652,1.48912359328832,2.78306669839077,-0.68036958365596,0.241149028317892,0.217967297005863,-0.674946805653833,0.0706499837539435,0.106091145646003,-0.308888960546217,-0.352362257396715,-0.570391265020455,-0.8830336560244,0.0483621247253035,-0.791268694188944,-0.640934857702131,0.30945172597378,-1.17997917996607,-0.290135829815315,"Male",1
-0.877796058299717,0.715597207187117,-1.25224798333081,-1.50266749534589,-0.204042605661887,-0.685554251479024,-1.19448112118157,0.0763986928730017,-0.020827583343332,-0.907572316246468,-0.421084960998144,-0.755486892689727,-0.481403865926618,-0.690900182020652,-0.343790807897869,-0.692999912865587,-0.68036958365596,1.43731105294507,1.66632524749988,-0.0351306931930126,-1.1941418692228,-0.345650396733947,0.33595835705486,0.143765874672506,-0.570391265020455,-0.106919256445487,-0.42225754238372,-0.62298720748055,1.77963768415323,1.35860175996108,3.07934288729742,-0.0741834923896457,"Male",1
0.54402569966444,0.715597207187117,1.33221692479514,0.888940869483295,1.66181343011051,0.127052106022731,0.814112485697127,-0.676056885583969,-0.0882921978938193,-1.07310702986857,-0.228199592253029,-0.755486892689727,-0.481403865926618,-0.690900182020652,-0.343790807897869,-0.692999912865587,0.0171542335983868,-0.340230095991552,-0.782175257447423,-1.4762302363831,1.49961286973671,3.07082948356334,0.710822824842272,0.167471513342384,-0.570391265020455,-0.106919256445487,1.12168604387817,0.109709359369645,0.981462557590085,-0.655881647434419,-1.21909524892329,-0.100400625975599,"Female",1
-1.42061528619135,0.715597207187117,-1.38259318745616,-0.138491366300265,-0.367524023255001,-0.50514072990524,0.0106750429456468,0.6678153099005,0.515271258937753,-0.653300498453947,1.00893190037278,-0.755486892689727,0.085683913177407,0.0614460469771786,-0.343790807897869,0.0310693043907208,-0.68036958365596,0.311495213936497,1.23424302398908,0.648021568539459,-0.640496535176785,0.240325714087815,-0.602632882294938,-0.604079817570913,0.54746096290908,-0.106919256445487,-0.74113032988832,0.527372265804863,-0.255554413765928,0.438052335873827,3.96796966307801,-0.527196290448006,"Male",0
0.132737418207021,-1.70274446868832,-0.230209587844639,-0.587445713181266,0.948093826237915,-0.205918303880427,-0.792762399805834,-0.700546121420248,0.819232098159534,-0.87770935262454,0.394279869233132,1.75937704921294,0.829042316336854,-0.690900182020652,-0.343790807897869,-0.692999912865587,-0.0770052870256516,0.10098996706058,0.953361773385147,-0.972607342885712,0.459944280590731,-0.446960349046711,0.184225731212405,-1.40046263544564,-0.570391265020455,-0.106919256445487,0.0271527700906273,0.949095577325753,0.543510340260071,-0.859056958936285,-0.456334361605673,1.27242300989955,"Male",1
-0.474848803525451,0.0246424426512784,-0.762950703340412,0.10933465796887,0.39695810809805,-0.685554251479024,0.814112485697127,-0.0846307162949314,0.986605358419707,-1.26337278106216,0.199049857607413,-0.284002244241113,-0.481403865926618,-0.690900182020652,-0.343790807897869,0.404918562251502,0.111458152947459,0.709770856348427,1.17042220265165,-2.17482120216732,0.832844171027773,0.844454990543092,-0.148213301025147,-1.220808388273,-0.570391265020455,-0.106919256445487,-0.539666441941585,-0.411472925069537,-0.569588449725697,-0.00548900780622114,-0.841890515474491,0.0797474876583509,"Female",1
2.33177346330758,-0.320834939616641,0.123196409061979,-0.844002320625303,0.496145299418301,0.9345796737901,-1.19448112118157,0.487418768230363,-2.63609900859477,0.122513770219553,-0.0414989543040583,1.85440877420651,-0.481403865926618,-0.690900182020652,-0.343790807897869,2.34575509245852,0.96331154055148,-1.1642897412688,-1.02720503371717,-0.788551047993137,1.31593389064018,-0.771973197634675,-0.66699007599655,-1.06283583966396,-0.570391265020455,-0.106919256445487,-0.735203028333384,-0.825311540762053,-0.0129282233556804,-0.695372232834969,-1.04242927467542,1.50459421137463,"Male",1
-1.0741441547806,0.0246424426512784,-0.687444212279201,0.79257488832903,-0.733170895610285,0.908911195943338,0.0106750429456468,-0.288683617380389,0.455285466562299,0.163523088211002,2.39543285692498,-0.1792278779192,-0.481403865926618,0.00625255581850735,-0.343790807897869,0.64890044561085,-0.68036958365596,1.16952952285951,1.13869711914255,0.212644063354878,-1.24395315773586,-1.04717482574648,-0.215038199321971,0.383109182726223,0.174843553599235,-0.106919256445487,-0.116831970122742,0.263008450175456,0.48004240190729,0.531468487652131,0.564648008609456,-0.596631159094858,"Female",0
2.22811215397524,-1.01178970415248,1.15268344352908,0.764148126843924,0.328566583002861,-0.439740828334743,0.814112485697127,0.31342853374549,0.999968161344721,1.02846381254248,0.914654972116213,-0.755486892689727,-0.481403865926618,-0.109663576363769,-0.343790807897869,-0.692999912865587,-0.68036958365596,-0.84433733972031,-1.30313960535164,0.249505166029212,0.852194431319671,-0.930531809046061,-0.238784053918659,0.00665606431346009,0.174843553599235,-0.106919256445487,0.0238318728733221,-0.862190469449299,-1.09632076909555,-0.438963451178774,-0.945040288477721,1.76529171918392,"Female",0
-0.247640591297831,-0.66631232188456,0.538428807206521,-1.12432679084769,0.863150620418635,-0.685554251479024,0.0106750429456468,-0.636376733926177,0.283387854490788,-1.19740411575338,0.0910310743836,0.180934006312389,-0.481403865926618,-0.690900182020652,-0.343790807897869,0.397294128396529,0.105959349221052,-0.839229136896843,-0.562560484032735,-0.433961112724048,1.0998458642624,0.704159112501619,0.0789913531840521,-0.648078436512609,-0.570391265020455,-0.106919256445487,1.38857200878586,0.594226982661836,0.149715562167008,-1.43320438238298,-0.183848405173152,-0.445136900228997,"Male",1
1.44684501364685,-0.66631232188456,-1.16003261979311,-1.17367602326317,-0.0566409892922206,-0.685554251479024,0.0106750429456468,0.701763589567422,-0.0148134395970257,-0.889927166377249,-0.444690085447281,-0.755486892689727,-0.481403865926618,-0.690900182020652,-0.343790807897869,0.0829589435186518,0.998513936951296,-0.772925890505427,0.557223899913392,-1.52583970494958,1.81219037225029,-1.20280578624978,-0.64203498768121,-2.46595907682853,-0.570391265020455,-0.106919256445487,-1.65919758055349,-0.628716962986397,0.259191078869623,-0.803121202844024,-1.00140972460599,-0.241629612485858,"Male",1
0.122645876350788,0.715597207187117,-0.922519640660812,-0.867216014551653,-1.53721581613302,0.2976994410981,0.0106750429456468,0.459437504100807,0.0846961031062631,0.719027251187372,-2.52992666866073,0.132622499997228,-0.481403865926618,-0.153686985573806,-0.343790807897869,-0.175977930620563,-0.307489123718687,-0.0841579377036087,-0.117233118752239,0.144505647434375,0.0341356117401961,-0.77628346917882,-0.925905476374129,-0.219837348330314,-0.19777385571061,1.8333667425018,-1.58085571626389,-0.910690415436547,0.43002248309451,0.672348775675233,0.43278648172349,-0.622562608810637,"Female",0
-1.63537881839959,0.370119824919198,-1.34380239731926,-1.56874982302301,-1.77663772580505,1.64878904744508,0.0106750429456468,-0.791727117332003,0.748226543528548,0.0399746058085138,0.883563883451766,0.8028098267591,0.0869945937146289,-0.690900182020652,-0.343790807897869,-0.692999912865587,-0.68036958365596,-0.413662881905953,-0.302697098730048,1.77884334963542,-0.795673489926854,-1.25236856853043,-1.2756286190702,-0.141942563342187,-1.31562608364015,1.44530954271234,-0.507416355107943,-0.665015863342626,3.57457303446021,0.490128467892626,0.826868705329076,-1.17621146763471,"Male",0
-0.463060960496815,1.75202935399087,-0.504564243337933,0.367449653135741,0.14409810538923,-0.685554251479024,1.21583120707287,0.524181271022426,0.799080690705328,-0.391497884909547,0.61767802381565,0.281779333897233,0.779760579567992,-0.272608539317151,1.3543965518336,0.112140302220284,-0.0996959101467817,0.328214131243906,0.454704318686434,-0.0658935509560436,-0.332023414189138,0.118069141087896,-0.685485483331606,-0.291302574089831,0.54746096290908,-2.04720525539277,0.198783760627754,0.0907748132825382,-0.781522432367633,0.0108927462925092,1.32788058519417,0.204375606595394,"Male",0
-1.15292644588517,0.715597207187117,-0.751676843643503,0.478603549669399,-0.176661202201806,-0.470528593062556,0.0106750429456468,-0.660534636249753,-0.170754546433632,-0.698941647872015,-0.355095983224725,1.41942616305714,-0.481403865926618,-0.690900182020652,0.724423821610642,1.8392959249045,-0.132475875586814,-0.539935531651931,-0.210601384193031,-0.26292361453543,0.508164654338598,0.5369125946044,0.331761920096488,-0.653760044774957,-0.570391265020455,-0.8830336560244,-0.0769111349089688,0.0497464531293862,0.456900284977604,-0.128616385386992,1.34022748170385,0.840675592179082,"Male",1
0.356578029011856,-1.01178970415248,-1.11846955858737,-0.273326878828504,-1.61032161296936,-0.0939700795965224,-0.792762399805834,0.123533723154446,0.362673086865425,0.821421968059032,6.94902383160276,0.307676913798883,0.488085228178966,-0.690900182020652,-0.343790807897869,-0.692999912865587,-0.233991004151531,-0.615978522303221,-0.693862100186693,0.987550660705707,-0.0620688304207223,-1.08053313341351,-0.611649678490738,-0.0590502054247201,-0.570391265020455,1.8333667425018,-1.39040550983071,-1.62828854202733,0.254266701997403,0.988610077974755,-0.383166228607944,-0.683855126320657,"Female",1
-0.20037875226897,0.715597207187117,2.78789379992537,1.029545693974,1.5989815987363,-0.685554251479024,0.0106750429456468,-0.964765137688808,-0.227069521457616,1.04472255017045,-1.07231919857868,0.613493913973262,-0.481403865926618,3.44955008839472,-0.343790807897869,0.103966289884384,-0.68036958365596,0.00446149637078428,0.00107105353362806,-0.378162696514192,0.291202579613585,0.744208212461554,2.35883978695537,0.894175379878343,1.29269578152877,-0.106919256445487,2.36896865571871,2.89358974930333,-0.898616078220721,-1.87830324753659,-1.23883399018813,1.46147757374845,"Female",0
1.05761213654449,-1.3572670864204,-0.873967229842386,1.14270901410978,-0.188780505582838,0.210781987610619,0.412393764321387,-0.270558498812916,0.848786024316367,-0.075181697240756,0.696907920056861,-0.755486892689727,1.00008448872067,-0.690900182020652,-0.343790807897869,0.88332882148927,0.00174708100843781,-0.591230725465548,0.111110197385269,0.524261015682072,0.169795805397179,-0.976979406057662,-0.519695326014957,-0.800158432771824,-1.31562608364015,-0.106919256445487,-1.32866028318186,-0.702713054182427,-0.718773589629867,0.438594687641263,-0.791307544929261,1.13623190941207,"Female",0
-1.04343394929925,-1.01178970415248,1.18417359633802,-0.601748651373947,1.14382031393531,0.881951635238129,-1.19448112118157,-1.17554190302903,-2.49524657221783,-1.5775958005931,0.089067248538026,0.575216490102752,-0.481403865926618,-0.690900182020652,-0.343790807897869,-0.692999912865587,-0.68036958365596,-1.32835876101398,-1.14158500160467,-0.961454808998965,2.07079146930073,2.31768615930862,2.24165608806388,-0.1845788151106,-0.570391265020455,-0.106919256445487,1.8360950065086,0.667879524754203,-0.0248629052041564,-1.54451169550264,-0.89103250391897,-1.05237638784966,"Male",1
-0.859471451624066,-2.04822185095624,-0.182380204804645,-0.0827825870114695,1.56510573831167,0.070794742811071,-2.39963728530879,-1.06534686577565,0.283387854490788,-0.895042039144395,0.0910310743836,2.26342227424248,-0.481403865926618,-0.690900182020652,-0.343790807897869,-0.692999912865587,-0.68036958365596,-0.238541516604469,1.35537470442259,0.444263827920463,-0.124526759169522,-2.40124297483974,2.01870869956706,-1.50243967894766,-1.68824349294999,-0.106919256445487,0.971583629244633,1.66104727087916,-0.809413049274838,-1.40649573893636,-1.29005410417449,-3.23515616767527,"Female",0
-0.42883727498915,0.715597207187117,-1.44162267529741,0.48819941126861,-0.097643756856523,-0.4964670029065,1.61754992844861,0.030356926415516,-0.477607520031212,-1.21073450772475,-0.0243066012465174,-0.0265971118448328,-0.481403865926618,-0.249998180252095,-0.343790807897869,-0.692999912865587,0.849784015456071,1.30468161583389,1.72233576354719,1.00954125333323,-2.00246945849065,-1.37335315623101,-0.53052396241627,-0.0149630077110523,0.174843553599235,-0.106919256445487,-0.640314106758693,-0.211081643891536,-0.742259018998602,1.37456308748404,1.29338715498366,-0.293404442842908,"Female",0
-0.916251169286639,-0.66631232188456,-0.237567954466176,1.34367216362444,-1.29220314491275,-0.3213862171912,0.0106750429456468,-0.242577590085041,-1.16302458680959,0.936468780711656,-0.302737133396208,-0.755486892689727,-0.481403865926618,-0.690900182020652,-0.343790807897869,-0.692999912865587,-0.68036958365596,0.879951018241931,-0.461572589780321,0.106352801533684,-0.744743644433531,0.0402531912479308,-1.3020412881242,1.24592070135341,-1.31562608364015,-0.106919256445487,0.107307535853639,-1.33750302016113,-0.67605613249673,0.904483771239637,-0.750223627248417,-1.22028252475932,"Male",0
-0.277334532972206,0.0246424426512784,2.57158532391918,-0.832078269928793,1.36665178420379,0.572095820421948,0.412393764321387,-1.18610347691083,-1.11977637427901,0.346676117405346,-0.220561970808568,-0.755486892689727,-0.481403865926618,-0.690900182020652,-0.343790807897869,1.65421117928674,1.01245815223873,-1.16482312407721,-1.52604125730388,0.72820965225502,0.506297789138421,1.07786074262613,0.73933679336369,0.829422848322038,-0.570391265020455,-0.106919256445487,2.19164958562007,2.32514642319698,-0.28195715938107,-1.96231946833717,-1.09479645651707,1.93982324954047,"Female",1
0.980488122489089,-0.320834939616641,-0.195448342247267,-0.884152559734208,0.0573132719145882,0.796060901719381,-0.792762399805834,0.623352140792402,-0.478981157891359,0.331301989748781,-0.477940946284876,-0.755486892689727,-0.481403865926618,1.07589123300856,-0.343790807897869,-0.692999912865587,-0.0672033399684835,0.360821799953138,-0.0814587550962832,-0.109491367327042,-0.141245803727125,-0.139738833008002,-0.621319106259444,0.270721715515708,-0.19777385571061,-0.106919256445487,-0.475145477862469,-1.04572326031676,0.362928693935161,0.627603691207851,0.102069937284939,0.576046622496437,"Female",0
0.00732803464584915,0.0246424426512784,-0.78165423936456,-1.17611159495906,-0.553796966702039,3.28930110149233,0.814112485697127,-0.414342860308577,0.0221927816029043,0.451929529927836,-1.67329202791767,-0.755486892689727,0.583215471179196,-0.690900182020652,-0.343790807897869,0.666327722993667,0.790167641464685,0.505365467899577,0.349195755244754,0.750082131784116,-1.11041454567395,-0.317546182320501,-0.78973232467465,0.583305622597407,-1.31562608364015,-0.106919256445487,-1.27746944889079,-0.501805252111278,1.67272600951465,1.33235424359001,0.35491147514859,-0.275869295306651,"Male",0
1.05768783557327,0.0246424426512784,-0.35822352480462,-0.88213428335901,-0.135174701519712,0.096579367616415,-1.19448112118157,0.310850758694346,0.711911020947473,0.314491844539701,1.09446539603731,-0.468175935041358,-0.481403865926618,-0.690900182020652,-0.343790807897869,-0.0239558420911236,-0.197849556663261,-0.879377455029673,-0.231330784020578,0.554316116623856,0.556854301981282,-0.223133587025333,-0.512826652357189,-0.788181731163672,-0.570391265020455,-0.106919256445487,-0.792376106739564,0.320218923968557,0.49776147879127,-0.43678987743683,-0.289025561802229,0.145383945272276,"Male",1
0.664343617374578,-0.66631232188456,0.799007876830773,0.822264022445877,0.125371337024877,-0.685554251479024,-0.391043678430093,0.0401448668442709,0.0216261979306975,0.429417563932091,-1.65017645699246,0.999540562273016,-0.481403865926618,-0.690900182020652,-0.343790807897869,-0.692999912865587,0.793357526985548,-0.882546760158143,-1.75061152752275,-0.376453927866703,1.04556012664562,1.30804791168061,-0.265106138306184,0.301341720732334,-0.570391265020455,-0.106919256445487,0.753552545949662,-0.53033537535917,-0.324584984536538,-0.607100931648928,-0.242221204965333,0.850835538402233,"Male",1
-0.0202187305412593,-0.320834939616641,-1.12940198899651,0.0802121654387836,-0.581136870626004,0.352324646241273,0.0106750429456468,-0.356079196985905,0.409482027609073,0.0262271968062707,2.9881937368286,0.089933856252617,-0.481403865926618,-0.690900182020652,-0.343790807897869,0.291340788963528,1.44937398376015,0.552418712025267,0.493036971312599,-0.152211521893419,-0.582219224130927,-1.09283485579485,-0.538102017984543,-0.286432493669473,-1.31562608364015,-0.106919256445487,-0.907563676350465,-1.29548376694698,1.86409843476595,1.05085168752564,0.683574344585076,0.566384029402918,"Female",0
0.778437649163811,0.370119824919198,1.17397543364292,-0.991035187947808,0.681036986643141,-0.00564478320760919,0.412393764321387,-0.118857293198875,0.357784971429258,1.23516615119779,8.64743259593721,-0.256678226390216,0.428314013992404,-0.690900182020652,0.881165548998412,-0.112226761416484,0.995063703657829,-0.416846359306819,-0.558504876100792,0.174373966620244,0.202171118515566,0.83451868595938,0.840168967840518,0.792885306324491,-0.570391265020455,-2.04720525539277,0.203822469808402,0.934022073942563,0.326578691657655,-0.367059166088903,1.52715759241106,-0.589362495159375,"Female",1
-1.67342213294445,-2.04822185095624,0.439401774715267,-0.384054139935688,-0.694484983358809,-0.357803020619983,-1.59619984255731,-1.60580032941177,-3.12268015244236,-0.0192029660313578,-0.0132304713019012,-0.755486892689727,-0.481403865926618,-0.690900182020652,-0.343790807897869,1.20622196546197,-0.68036958365596,0.414434474476712,-0.632074235560327,0.33779345227338,-0.580567794589626,0.406024015380495,-0.167614077950031,1.42570857924413,-2.06086090225984,1.05725234292288,1.42775605006113,0.149753081002693,-0.549599607810857,-0.147508246968592,-0.343985311141339,1.21949644421374,"Male",0
0.839339990055817,0.370119824919198,-1.23225212330662,0.863086581856541,-0.488589501915727,0.133823825668579,0.412393764321387,1.42972812575059,0.283387854490788,-0.352264170444057,0.0910310743836,0.212297385704808,0.401109531937418,0.479916138465226,-0.343790807897869,-0.129594379581823,0.538628379272992,-1.47719234310823,-0.76063353830992,1.19647394848932,0.53731962885458,-0.798276165708377,-0.474248462715437,-0.98095543733769,-0.19777385571061,-0.106919256445487,-1.12801835503162,-0.903546390796913,-0.0154897562903019,0.248859279516157,-0.652342333965656,1.0490575616719,"Female",0
0.932727159143287,-1.01178970415248,1.58022113315066,-1.26867260548147,-1.59563199057112,0.208312741772907,-0.792762399805834,1.73541650726242,-3.62728282013616,2.57714679017293,-0.148743442689561,-0.755486892689727,-0.481403865926618,3.84059261393395,-0.343790807897869,-0.692999912865587,0.892288282098064,0.389658513777629,-1.58331504593791,0.859249239433805,-0.941527477478016,-0.873775425919939,-1.83220073810509,2.18956924562636,0.174843553599235,1.05725234292288,-0.0960677773102063,-0.482233247918901,0.527803175642435,0.35627472854072,-0.844898160684558,2.0035153039062,"Male",0
0.496108597542243,0.0246424426512784,-0.403012520118162,-0.357685433911054,0.29651887684175,0.0120243817682594,-1.99791856393305,-0.0335532047923853,0.976905806641379,-0.621353506843603,0.408274614792067,-0.755486892689727,-0.481403865926618,-0.128370041833193,-0.343790807897869,-0.151612526859577,0.100536391063269,-0.612520553065518,-0.131575224561663,0.85478989339188,0.0867198353986394,-0.777389276774973,-0.0528149979393383,-0.617711219937996,0.174843553599235,-0.106919256445487,0.47544872968853,-0.124403019546546,-0.162962971444348,-0.364004637737033,-0.234131754301865,1.28093992851565,"Male",0
0.528512403103624,0.0246424426512784,-0.301412606035397,-1.11740552707452,0.860383740072865,1.77257997996378,0.0106750429456468,0.014264807392973,-0.538909410750797,-0.717362976797692,-0.150331662286014,-0.755486892689727,2.03233105950557,0.142832734441169,-0.343790807897869,0.109397064690169,-0.101674355371693,0.445659782356066,0.858921876735076,-0.0517260256722816,-0.428897917245391,-0.307731252244257,-0.074034248673852,-0.181499345735015,0.920078372218926,-0.106919256445487,-0.165505784960977,-0.236132799973527,2.02862194384727,0.427776294379084,0.327869941047059,0.549394854732998,"Male",0
-0.275668008476345,-0.66631232188456,0.28096694339529,1.64770800635542,1.33703043494724,-0.685554251479024,-0.792762399805834,-0.701185891858662,0.704582003440885,-1.15800810971279,0.327506223610598,-0.755486892689727,-0.481403865926618,0.163203172190674,-0.343790807897869,1.77300545794716,-0.68036958365596,0.301191470862583,0.364372541641476,0.497014926133043,-0.620101230921254,0.780872459545298,-0.0310773012881001,0.251013761023751,0.174843553599235,-0.106919256445487,1.623881408486,0.679892927713288,-0.924843225769042,-0.343845133039139,-0.564692728618712,-1.79596070844959,"Male",0
0.525917053871833,0.0246424426512784,-0.285138644929631,-1.03535682387939,-0.598972487824122,1.09366671604148,0.814112485697127,-0.154117312473168,0.445799864819456,0.823572697386848,3.4418923760341,0.333433237509241,0.511572177968856,-0.690900182020652,-0.343790807897869,-0.692999912865587,-0.68036958365596,0.446306430380052,-0.10080146657152,0.849676349882166,-0.971240902321652,-0.506672793447318,-0.85988497699164,0.787273217436093,-0.570391265020455,0.669195143133427,-0.6828029429887,-0.722444696411884,1.27349582225749,0.980282493881788,-0.104320545605849,0.800235021918301,"Male",1
0.28547297090922,0.370119824919198,0.0330741367532197,-1.40766473433873,-0.407189019674233,0.363986206889815,0.412393764321387,0.412232120215354,0.102560496337642,0.151230825967609,-2.0843205166871,-0.755486892689727,0.255640290531239,-0.201987872367231,-0.343790807897869,-0.222463423529709,0.677049393378475,0.118652570834184,-0.26536443387431,-0.267949593990498,0.071492808140902,-0.695872145578417,0.229824695054024,0.264242546552706,1.29269578152877,0.669195143133427,0.353463513839035,-0.899267491094935,1.23256664622725,0.170029786108737,0.696363073169115,0.484378883148645,"Male",0
0.727614468823283,0.0246424426512784,-0.66581697961748,0.843105986758583,0.263803444708958,0.00516115239746774,-1.59619984255731,0.711185393851257,0.283387854490788,-0.809955413732284,0.0910310743836,-0.00356527862111029,-0.481403865926618,0.218767516795514,-0.343790807897869,3.68438880298234,1.84523710038025,-0.509165446334648,0.153780697576884,-0.969994399956765,0.770719031937189,-0.412881110395849,-0.105733532962856,-1.14242059777743,0.920078372218926,-0.106919256445487,-0.675072276517664,-0.603084916928337,-0.906350261105524,-0.119065109643136,-0.394771974137988,-0.0975312845186654,"Male",0
-0.0133509285982555,0.715597207187117,-0.470203040797525,-0.0689167721088571,0.224590407198436,1.53079628506777,0.0106750429456468,0.11566701066213,-0.354606757079771,-0.833219316901736,-0.179310699204841,-0.755486892689727,-0.481403865926618,-0.690900182020652,-0.343790807897869,0.729982038268048,0.345896576473551,-0.436406447778474,-0.363480792704469,0.0485509068877174,0.394262083056613,0.181813065471261,-0.89681367227778,-0.629454433598268,-0.570391265020455,-0.106919256445487,0.599564047759798,-0.356700423446344,1.63707361754118,-0.478258512422874,-0.459556077355359,1.59989374590314,"Male",1
1.05795969748654,0.0246424426512784,1.33611908891262,0.558779933998046,0.871073465009638,-0.0189415785453809,-1.19448112118157,-0.431432735224568,-0.0952903578759542,0.0299489540746247,-0.875885926583441,0.0908181875799647,-0.481403865926618,0.33295174677243,-0.343790807897869,3.24848147479329,0.740944638113362,-1.57450501156818,-1.19418499444453,-0.534063169271832,1.64237728857432,0.946555512008097,0.866658386623304,-0.298029559261301,-0.19777385571061,-0.106919256445487,-0.1107504073743,0.408661453373442,-0.112305987376551,-0.938357933679471,-0.800148449761227,1.72674155914417,"Female",0
0.554820652729744,1.75202935399087,1.07314109999518,1.77045082446688,3.34237929680213,-0.685554251479024,0.814112485697127,-0.709641757729694,0.725086696636476,-1.45970304009129,0.163272604928877,1.02138204597314,-0.481403865926618,2.89183204318503,9.83787425520664,-0.692999912865587,-0.68036958365596,1.53353160882345,1.69532137349526,-0.59395565848882,-1.04026968347728,1.57712226960787,1.56765049310474,0.0933173707812355,1.29269578152877,-1.65914805560331,1.54685717698272,1.57517697902121,-0.869193515429793,0.0747408127797962,0.979929909761592,1.2437945493695,"Male",0
0.302048660792026,0.0246424426512784,-0.601071265570125,0.740633115133482,0.859056821942252,0.171934433908003,-0.792762399805834,0.0435033314177236,0.283387854490788,-1.32503927416474,0.0910310743836,0.205401060680616,0.394820837890896,-0.40028187919221,0.836066205692286,0.425781621161098,-0.478650997549743,0.810720375083551,1.40270859200269,-0.496932163126034,-0.466697608949673,-1.56663165011997,0.251498002754094,-0.796596486220759,0.920078372218926,-0.494976456234944,0.300819300035277,-0.0889800805476002,-0.983401438594529,-0.0355481646738408,1.18073733316045,-0.10328249730789,"Female",0
0.787202003960772,0.370119824919198,-0.386274387485094,1.01598228819912,-0.983465921376702,0.138730281220361,-0.792762399805834,2.02537783201931,0.283387854490788,1.24373252578926,0.0910310743836,-0.234851334943389,-0.00664118856863808,0.568819823032356,-0.343790807897869,-0.692999912865587,-0.68036958365596,0.540304007634442,-0.276609077372899,0.182685522378247,-0.527005792182522,-0.433381120105647,-0.636783291043931,0.790202048895867,0.920078372218926,-0.106919256445487,-0.895449115278396,-1.38413236002709,-0.282924124083451,1.21175754674994,0.455778648964322,0.353780936620213,"Male",0
0.62272216248865,1.06107458945504,-0.769037481154562,1.07051523431027,0.80007820461237,-0.685554251479024,0.412393764321387,1.18595800514366,-0.521092970003897,-0.837529512452536,-0.122161692127214,1.55613498370408,0.923893659053095,-0.224803780151036,1.54847510723149,-0.692999912865587,2.87833050113602,-1.30445089036646,-0.784858144180973,0.567353188518176,0.491106173571981,0.118069141087896,-0.161272795435157,-1.07582237283504,0.174843553599235,-2.04720525539277,0.257160805563559,0.1611824099025,-0.0144557474121358,-0.653270369881691,-0.477951433006951,0.117420537919809,"Male",0
0.709470038084073,0.370119824919198,0.0656652002632278,0.130847483077373,0.39148983253791,0.061220704908665,0.0106750429456468,-0.110467541871388,-0.377570569389823,0.0408186555292303,-0.466627747626807,-0.12241360885731,1.8277704708945,-0.690900182020652,-0.343790807897869,-0.692999912865587,-0.68036958365596,0.177632123344359,-0.484286660036876,0.97764173646234,-0.81800149540087,-0.308639917189481,-1.02465478403926,0.778325327942873,-0.570391265020455,-0.106919256445487,0.379169030018881,-1.17662590370197,-0.424947573923195,0.745790027973536,-0.666099988340667,-0.219377263288439,"Female",1
1.2316997280314,-0.320834939616641,1.37537787818298,0.854668906815272,1.2236645946885,-0.224654083083497,-1.59619984255731,0.0293223306010949,-0.474875041128076,0.544333422775134,-0.54405956914682,0.69705827201014,0.843158433201449,1.9450130421971,-0.343790807897869,-0.692999912865587,-0.68036958365596,0.769687055660355,0.120589636691752,-1.11074893616034,0.0417631992669542,0.106413712848209,0.947091172028134,0.896615185046728,0.920078372218926,-0.106919256445487,-0.0267668178155986,-0.345791430541882,-0.931812845019003,0.421113044621193,-0.844785224715808,-0.451627473466659,"Male",0
0.591787917267703,-0.66631232188456,-1.23869309744903,-1.19685667462858,-0.782660029173171,0.778866141720947,-0.391043678430093,2.16748039727747,-0.587262388468828,-0.0188949237039231,-0.316929567830836,0.120127454429135,1.11552513973214,0.72151315697817,-0.343790807897869,1.0061596319585,0.790167641464685,0.553244207536245,1.0562119020189,0.0446946669707406,-0.780495621756309,-2.14432011919443,-1.23650450185913,-0.575644080094374,0.174843553599235,-0.106919256445487,-2.20295918567795,-0.568909266485142,1.83581934718605,0.943612618548736,-0.473431532127829,-0.203175219978483,"Male",0
-0.592243924138731,0.370119824919198,0.020894673115326,-0.105887154415712,-1.16722454049541,-0.325199495037147,2.01926864982435,-0.547470926388198,0.283387854490788,1.15609945155941,0.0910310743836,-0.0627919810991315,0.781920107728065,-0.690900182020652,-0.343790807897869,0.11351896697213,-0.0987016059113304,0.993581040735804,0.209608492020339,0.584663479729056,-1.41588008555367,-0.793489128466003,-0.41844220482271,1.46306709932531,-0.570391265020455,1.05725234292288,0.00746874575502243,-0.14307454513319,-0.0809316146349387,0.824258057673942,-0.152950836842357,1.07100802381744,"Female",1
0.203309895990666,0.0246424426512784,-0.751914826144324,-0.264160358669928,-0.0940140936821185,-0.272737815664202,0.814112485697127,-0.354602682593457,0.622354494025061,-0.494201706540622,0.824270896259739,1.23309231979793,-0.481403865926618,-0.690900182020652,-0.343790807897869,0.299290169631398,0.512376550483325,-0.315398516138834,0.455645377343333,-0.975220501688995,0.846691783597133,-1.21317065569279,0.269573710601928,-1.51883278143863,-0.570391265020455,-0.106919256445487,-0.795167819588337,-0.0746297673506889,1.62442618609117,-0.554001673134462,0.0727896265634079,0.145383945272276,"Male",1
-0.0953668969196481,-0.66631232188456,0.834714506828946,1.12612585597221,-0.473964066433494,-0.685554251479024,0.0106750429456468,-0.949669677585064,-1.13867420900992,0.296992280436676,-0.208581994872572,-0.755486892689727,0.76065202736351,-0.690900182020652,-0.343790807897869,0.0999412080523052,-0.10849399610905,-1.7608948749027,-1.91325591443251,0.212644063354878,1.61534418288372,1.1345048957075,-0.44224285353117,-0.301155992614742,-0.570391265020455,0.669195143133427,0.615577739992042,0.359362932353312,-1.03594765797403,-1.38883713169892,-0.624534515245115,-0.689640389452981,"Male",1
-0.70212886156859,0.0246424426512784,0.96021061226186,0.238122793221497,-0.736275481970555,-0.602927890758257,-0.792762399805834,-1.0370179639222,0.283387854490788,0.885382865732579,0.0910310743836,-0.755486892689727,-0.481403865926618,-0.690900182020652,-0.343790807897869,-0.692999912865587,-0.288113118294677,1.17793459916986,-0.399375959509532,-0.504146893961253,-0.647483109375128,0.920207556396354,-0.878811611734526,1.67252394047912,-0.570391265020455,0.669195143133427,0.768595411148852,-0.326606433982748,0.21873844391259,0.36754585458055,1.00807503865016,-0.45707281153358,"Female",1
0.365042648151511,-2.39369923322416,0.24556690660582,-0.0198132527514885,-2.05515540979679,-0.685554251479024,-1.59619984255731,-0.150098792410037,-0.99646800265985,1.11954744561314,-0.38607702889197,-0.755486892689727,-0.481403865926618,-0.690900182020652,-0.343790807897869,-0.692999912865587,0.349006473928488,-1.29726907942096,-1.76478252360994,-0.422204654977161,1.67033067020333,-1.0623078642768,-1.20671969004683,-0.600043021203674,-1.31562608364015,2.60948114208071,-0.356186483634476,-1.37080223825282,-0.77700659284763,-0.939248991433795,-0.924573842516251,0.105833291241486,"Female",0
0.128805140904562,0.370119824919198,2.00429462754864,2.06848468641885,1.70263396219141,-0.669275216833707,0.0106750429456468,-0.173354680101349,0.283387854490788,0.278696754912625,0.0910310743836,-0.37812324682321,-0.481403865926618,2.50481675243987,4.28978944136945,0.18574453830088,-0.68036958365596,-0.424250284710127,-0.564253277667737,-0.46773899505653,0.850457523452767,1.77742375590562,0.670890396381809,-0.004021499907727,0.920078372218926,-2.04720525539277,2.00498961332507,2.52864208358603,-1.16938795525367,-2.08392405908251,-0.388782415959074,0.493553055609603,"Male",0
-0.821158538512935,-0.66631232188456,-0.735020226458453,-1.10667533157744,0.753629566613968,-0.577504395151868,-0.792762399805834,-0.995939803353676,-0.731882416806589,-1.26714980765125,0.0170475952692453,2.16182436958611,-0.481403865926618,-0.690900182020652,-0.343790807897869,-0.692999912865587,-0.68036958365596,2.09710337457053,2.78542723503657,-1.83908389920326,-0.813578151215084,0.734504007471261,2.63337309058012,0.0293440870749426,-0.570391265020455,-0.106919256445487,-0.620363645826652,0.894393777727619,0.420850225300682,1.18218816435166,0.0522934090583367,-1.24670253802047,"Male",1
0.158315764232575,-2.04822185095624,1.6604577887951,1.37117186566149,0.153594773929419,-0.504587314194891,-2.39963728530879,-0.705896761537296,-1.04895420500356,-0.370957882440134,-0.116270594324234,-0.755486892689727,-0.481403865926618,-0.690900182020652,-0.343790807897869,0.792826667024745,3.60599128704273,-2.33269591109981,-2.16149218300021,-1.67209783789726,3.15028243616828,2.09436281805102,0.935108946127456,-1.06756752604017,-0.570391265020455,0.669195143133427,0.924914788522422,0.450246182104665,-0.78116112425887,-2.11625476857152,-1.18336645521385,0.420731148288812,"Male",1
1.16570613606915,0.715597207187117,1.06649813012851,0.746617473733812,1.21858747129789,-0.685554251479024,0.814112485697127,0.423702684665651,0.693837254743175,0.365178799380317,1.16635914910172,-0.755486892689727,-0.481403865926618,0.640803823321087,1.0078277029088,-0.692999912865587,-0.68036958365596,0.884975475018871,0.501709238334605,-0.959162867988156,-0.00215628288121422,0.118069141087896,1.04628857489774,0.563263635257625,2.78316541876815,-0.8830336560244,0.114370960459253,0.0283164614422492,-0.711899367887033,0.232770789901829,0.609985571168535,-0.102789579948792,"Male",0
-0.0761330634472849,0.370119824919198,0.496525018914691,-1.35493914612287,-0.12970030888937,3.56307281521225,0.0106750429456468,-0.847813303438137,-0.000769422607017405,0.49176834595149,-1.56217788123102,0.514635017416758,0.676808379935781,-0.690900182020652,-0.343790807897869,0.785829053618669,1.45271738025531,-0.321726605823959,-0.0136356079898897,-0.274593745935367,0.243962198509152,-1.14059817585711,1.40812494257352,0.149621147385386,-0.570391265020455,0.28113794334397,0.120473090591917,0.434701322117376,2.62749578229866,-0.481897162718248,0.184379202645173,-1.05237638784966,"Male",1
0.618453865925742,-0.320834939616641,0.64151008231719,1.73909754636574,1.56594170726717,-0.685554251479024,-0.391043678430093,0.297585694671848,-0.64282362107875,-0.61654668668465,-0.147675343052549,-0.311919098425574,0.327566748782081,3.60209299309424,1.83480481807344,-0.692999912865587,1.18198841526328,-0.928161795827232,-0.0671065153887053,-0.450977038410336,1.17545228432686,1.24991090774516,1.11002919190583,-0.833478285073414,1.29269578152877,-1.27109085581386,0.493526013340386,1.43273284648262,-1.1989464239995,-1.18490345311606,-1.12579628580137,0.114742596465263,"Male",0
0.715591352891877,0.0246424426512784,1.43646045193359,0.302677428433389,0.710636149600565,-0.16805230801738,0.412393764321387,-0.00782324099741148,0.481535840819523,0.458953231806594,2.42468309096294,-0.755486892689727,0.730059517676552,1.71994327592563,1.28747291204119,0.0804106385715629,0.99300036217098,-0.438175901147168,-0.743022292185647,-0.819376020633164,0.934107652791051,0.709711310033007,-0.476478269407375,-0.0971303643731761,0.174843553599235,-2.04720525539277,0.293542126251054,0.433023086062554,-0.612666710386922,-0.917917741843824,-0.584612417005907,-0.47286473071396,"Male",0
0.707456506020655,-0.320834939616641,-1.07064017554738,-0.371006313097497,-0.414438764751015,-0.0362357752488478,0.0106750429456468,-0.220888985814417,0.283387854490788,-0.0909348442017192,0.0910310743836,-0.0482599200168154,-0.481403865926618,-0.690900182020652,-0.343790807897869,-0.692999912865587,-0.68036958365596,-1.91987684369625,-0.828258058421415,1.40637669611597,1.04221579582166,0.276966045656222,-1.11049183649941,-1.54104449033257,-0.570391265020455,1.05725234292288,-1.32115515324962,0.238919829630991,0.653097422316675,-0.496941630768101,-0.407900028200292,-0.81135828365182,"Female",1
0.866856196677174,-2.04822185095624,-0.591447296594061,-0.647420209158178,-0.413812006177941,-0.685554251479024,-1.59619984255731,0.0550534264101841,0.283387854490788,0.363115962873324,0.0910310743836,1.89429800929008,-0.481403865926618,-0.690900182020652,-0.343790807897869,1.36379932654591,0.0613205888393858,-1.31549018055343,-0.937481009681553,0.178760822686987,0.937737775827251,0.0613698089524753,0.421169849877741,-0.644232806466042,-0.570391265020455,-0.106919256445487,-0.993099041477822,-0.515138145796915,-0.157193557876043,0.0195486076285183,-1.09721184565079,0.163183609298739,"Female",1
1.23206658629993,0.0246424426512784,1.53425483591235,-0.644494500534563,0.773363570228099,1.36645345476889,2.01926864982435,-0.324872198432397,-0.858619625075797,0.286652086617439,-0.280024545663671,-0.755486892689727,0.68228887952188,-0.690900182020652,-0.343790807897869,1.16428331199732,1.99860596053071,-1.33834360069602,-1.5046028119319,-1.12136156805086,1.86234972844562,0.711981230537957,-0.204371512085948,-0.600851188022751,-0.570391265020455,-0.106919256445487,0.189194240666383,0.156851343233448,1.09853848714401,-1.34031774083518,-1.06160702882527,0.506752026311497,"Male",1
0.346775556823034,0.0246424426512784,1.68424974403805,-0.713680239540422,-0.674280520311405,0.817508718065623,0.814112485697127,-0.401882467363242,-0.0882921978938193,2.1882735332423,-2.19702699634062,-0.755486892689727,-0.481403865926618,1.31896109914197,-0.343790807897869,0.274160304434683,0.0171542335983868,1.15865956417403,-0.480350499923101,-0.137877017722815,-0.981892301331732,-0.528472062569255,2.19425323656157,2.85824385344046,0.54746096290908,1.05725234292288,-0.195283951180356,-0.845179387264605,1.16592957169001,1.6049349705853,0.114738406822992,-0.347881326636099,"Male",0
0.489250549022464,-1.01178970415248,-0.542694890372594,1.34914718923951,1.52970290985834,-0.685554251479024,-1.19448112118157,-0.202333555874895,-0.980194592359503,-1.86639745361195,0.137995369754556,-0.755486892689727,-0.481403865926618,0.59025484929635,-0.343790807897869,0.540002772540785,1.09813355248471,-2.07294226263941,0.193356070536945,1.71574719518233,0.776440392049505,-0.833648444389396,-0.211189644969797,-2.36788043487703,0.920078372218926,-0.106919256445487,0.351938707404171,1.53204364427772,-1.19371963381304,-1.69298121666748,-1.2014489020253,2.31602631790949,"Male",0
-0.53827421251668,-1.01178970415248,-0.8825629255963,2.3834759827515,-0.309984932000508,-0.685554251479024,-0.792762399805834,-0.299839984767153,1.42611629837528,-0.427683064003414,0.321592405937923,-0.755486892689727,-0.481403865926618,0.235996071697315,-0.343790807897869,-0.692999912865587,0.6063504883246,-2.02622289038923,-0.892501352527337,2.06428615848999,0.61871410021584,0.376276611011423,-0.0730352904412239,-1.04837356408707,-0.19777385571061,1.05725234292288,-0.046988776116948,0.408292942834254,-1.25273707432664,-0.531070285140455,-1.27638761768285,1.7069867300431,"Male",0
1.02155489013088,0.370119824919198,-0.182380204804645,-0.00364387265988861,-1.10798865266184,-0.469454538824712,1.21583120707287,2.28980170042723,-0.139133586945492,1.36143952802261,-1.48262694762606,0.660948080590778,2.61851714505804,0.679971588184094,-0.343790807897869,0.626347498409577,-0.204607540234584,0.201194651384276,-0.618792528059256,-0.537200594619004,-0.013919298535901,-0.400205636477693,-1.3985689190731,0.43978243960152,1.29269578152877,-0.106919256445487,-1.05104615767147,-1.71066433458163,0.251999205879123,0.889427404828148,-0.131343208451133,0.264659513057781,"Female",0
-0.667972270007674,-0.320834939616641,-0.477543514555955,-0.476904211141502,-0.138045172417645,0.46157505652762,-0.391043678430093,-0.292044325073208,0.283387854490788,-0.291613438660753,0.0910310743836,-0.755486892689727,-0.481403865926618,1.04764767575233,-0.343790807897869,-0.692999912865587,-0.68036958365596,0.336726852092273,0.779307709543414,0.805269766475172,-0.700338968711107,-0.879380877210954,2.01734070331923,0.401505342040539,0.174843553599235,0.669195143133427,0.0789341674419538,0.0405096065052078,-0.267880261286161,0.722087832759904,-1.04400427359096,-1.56622997786897,"Female",0
-2.51444747056095,-2.39369923322416,-0.327127021899362,-0.997096266365802,-1.35733914304518,2.63452315202815,-1.59619984255731,-1.78874981654666,-1.00584423604556,-0.196395468657436,-0.153582957676189,-0.755486892689727,-0.481403865926618,-0.690900182020652,-0.343790807897869,-0.692999912865587,-0.68036958365596,0.271496239674316,-0.361899330837702,-0.981088569406219,0.617127951543159,1.44977653175576,-0.509067751827994,0.142247841006202,-2.06086090225984,1.44530954271234,0.796792513628689,-0.266941201802753,0.805523485837726,-0.369527987777984,-1.18717016059168,1.08243021000177,"Female",0
-0.37294137072767,0.0246424426512784,-0.944761310307893,-1.52870749269154,-1.22397106212114,-0.685554251479024,0.814112485697127,0.0263512909354932,-0.240135458629393,0.0585301466021522,-0.620615019054371,-0.316730028949042,1.11898919397434,-0.160096253644195,-0.343790807897869,-0.182146305679869,-0.311937805995583,-0.342742531824998,-0.20951570304119,0.279969548065917,0.159931778818976,-1.01557927350043,-1.38445942387684,-0.661450551403384,-0.19777385571061,1.44530954271234,-0.637693414123012,-0.782521286211056,1.60877460268543,-0.0481313178246047,0.232977455844824,-0.0580643048563172,"Male",0
0.889757172983309,0.715597207187117,-0.399432024578528,0.544569447302406,0.00482370453419542,-0.685554251479024,-0.792762399805834,2.85768755316685,-0.461501797819103,0.113549740832229,-0.42570099191459,0.671440191503965,-0.481403865926618,0.603812045394929,-0.343790807897869,-0.692999912865587,-0.0812618252734871,-0.356451845560443,-0.54635803066916,-0.362116093159725,0.628205815288868,-0.208252015157107,0.0789913531840521,-0.345209636284313,2.03793060014846,-0.106919256445487,-0.314586187384954,-1.00508535991526,-0.281168275782347,0.113545960248039,0.930226809809446,0.0665275329012876,"Male",0
1.88826799337948,0.0246424426512784,0.675735196795235,0.807987280356902,0.293006740033159,-0.302015577069508,0.0106750429456468,1.27526417262432,0.283387854490788,0.592427971127554,0.0910310743836,-0.755486892689727,-0.481403865926618,0.110083814645607,1.2821332599301,0.848757945809474,-0.402387505912219,-0.18707394748408,-0.671522645850945,-1.41286420253257,1.23781830022292,-0.179439956827264,-0.396460689166112,-0.407377241961287,0.174843553599235,-1.27109085581386,-0.19988874137287,-1.06186567977007,-0.98722875069527,-0.39934820209482,-0.519529634715552,0.191499687623967,"Male",0
0.662387160204238,0.0246424426512784,0.75274555334907,-0.927778017416354,1.62652657339999,-0.419810010241964,0.412393764321387,-0.544820033823166,-1.61910058181421,-0.449230179332539,-0.0449142181397858,0.155625333366391,-0.481403865926618,0.411354822400739,-0.343790807897869,-0.692999912865587,0.849784015456071,-0.399154505236389,-0.0874344867495479,-1.15046955108178,1.17545228432686,1.03924173649075,1.65443348248997,-0.433866449324114,0.174843553599235,-0.106919256445487,-0.0887722501058048,0.815337732727068,0.547506305757641,-0.567043731641043,-1.03297928118217,-0.845464018867523,"Female",0
1.1271362358004,0.370119824919198,0.285088045071832,-0.672962271262365,1.88714566972094,1.02008990911395,0.0106750429456468,-0.512094338039119,-0.431252471836976,-0.346021096690655,-0.303281876404778,-0.755486892689727,-0.481403865926618,-0.690900182020652,1.33715607102414,-0.692999912865587,-0.68036958365596,1.01501885377822,1.32753383448654,0.72467658857474,-1.31150001017923,-0.244432426549485,0.263319524425136,0.321976862492715,-0.570391265020455,-0.8830336560244,0.0998745294841984,1.00513972042667,0.848844353552012,0.420686067097272,-0.314033723577232,-0.483753083861472,"Male",1
-1.16393659834121,1.06107458945504,2.22124895983231,0.094392630784716,1.04575044990391,-0.135225692200783,0.412393764321387,-0.66280088978932,1.15278355819542,-0.0963968411700463,0.479578544608453,3.32482549719848,-0.481403865926618,0.719477979256284,1.08767836421005,5.41516036440694,-0.19089681852215,-0.26993896443021,-0.926998952340217,0.302088007019974,-0.550204335011819,0.520315771878605,0.101022385936664,1.11575801899562,2.03793060014846,-0.8830336560244,2.12019564977269,2.24211077080157,-0.346686442923341,-1.44680011049846,-0.686062425188509,1.56216202974366,"Male",0
0.470464005966482,0.715597207187117,-0.771665665704084,0.518759894108529,1.6320147422658,1.47760387219065,0.0106750429456468,-0.129915842974925,-0.628820423823918,-1.761390366191,0.130257030856449,-0.755486892689727,-0.481403865926618,-0.690900182020652,1.80186708722718,-0.692999912865587,0.786991535146926,1.27814693940026,2.10482526700768,-0.407426559062065,-0.917359550545964,0.132090898171064,1.51135346047851,-0.383693447285242,-0.570391265020455,-0.8830336560244,-0.0884886226982907,0.162712903189299,1.01773003571516,1.01191345247232,-0.905800270390037,1.56216202974366,"Male",1
-0.274651013193489,0.370119824919198,0.150549814395308,0.0479464171459289,-0.476704732578838,-0.340552955837928,0.814112485697127,-0.625096690919215,0.283387854490788,0.292244981447503,0.0910310743836,-0.755486892689727,0.122839541619929,-0.690900182020652,-0.343790807897869,-0.307244772959587,-0.123950093069779,-0.535026604205311,-0.067370515016768,-0.0351947756336047,0.640448623919874,-0.177025110253275,-0.226235884982519,-0.676207283315139,-0.570391265020455,0.669195143133427,0.424567573185845,1.26284896372034,-0.66306606880862,-1.33447725698692,1.00740054136056,0.832135347527737,"Female",1
-0.225343045465261,0.715597207187117,0.0967578333384595,0.898466133345783,0.617480378513265,-0.44702909694549,0.0106750429456468,-0.457262670129675,0.053973170699533,-0.439957642773392,-1.04540392904305,-0.755486892689727,-0.481403865926618,1.16994096612799,-0.343790807897869,-0.692999912865587,-0.68036958365596,0.766969075724259,1.13524716709555,-0.436419687538039,-0.252732867309019,-0.289228247645356,0.783879691035943,-0.102276791082181,0.174843553599235,-0.106919256445487,0.524884224479023,0.803788822227364,-0.402536388349123,-0.300630496416408,-0.00388453521514529,-0.802473535650777,"Male",0
-0.528466033367195,0.0246424426512784,-0.748618384665211,-0.254161733691998,-0.420581162248916,-0.685554251479024,0.814112485697127,0.285589172959718,-0.672160636142036,-0.495018895535769,-0.16888297879614,1.07498291893433,-0.481403865926618,0.969963693419706,-0.343790807897869,-0.692999912865587,-0.68036958365596,-1.08389455151076,-0.515859294925962,0.405747871595644,0.830604902313399,0.17682093773501,0.50273982591332,-0.819426486596519,0.174843553599235,1.05725234292288,-0.133931893615415,-0.0097597530486233,-0.625067946597484,-0.460805408491493,-0.632206851435973,0.283770532442638,"Female",0
0.614880996578253,-0.66631232188456,0.111065768435893,0.714292518371957,-0.294824333058512,3.58595769168389,-0.792762399805834,1.33452483700189,-0.460354047969631,0.839383942466113,-0.645471433322168,-0.755486892689727,-0.481403865926618,0.817269993520482,-0.343790807897869,-0.692999912865587,-0.68036958365596,2.37263631372962,1.20720179099101,-2.41761428001703,-0.443387181336829,-0.727200833092752,-0.7190565000353,0.607084251644606,0.920078372218926,-0.106919256445487,-0.507416355107943,-1.34572353457581,0.129594983461728,0.887177762149965,0.384925005684284,-1.4626733389447,"Male",0
-2.51674662384736,-2.39369923322416,-1.22174949009681,-0.507526432330592,-2.00122440685763,-0.0579455115361794,-1.19448112118157,-1.91167829057429,0.477394484192074,-0.0780010966677597,1.8534917494264,-0.755486892689727,-0.481403865926618,-0.690900182020652,-0.343790807897869,-0.692999912865587,-0.68036958365596,-0.59522974001855,-0.877284023484026,1.36031627298693,-0.172335473992641,0.316380068838077,-1.50035387981052,0.0626706613864867,-2.43347831156968,1.8333667425018,0.376968576634463,-1.05611461843429,-0.393122934323051,0.265257667651879,-0.840041914028304,-0.786747102474053,"Male",0
0.00780841023495427,-0.66631232188456,1.11886036319517,-1.25166155992153,-1.32207534734689,2.14502456048542,0.814112485697127,0.263832308972791,0.283387854490788,1.7594152315248,0.0910310743836,-0.755486892689727,-0.481403865926618,1.34827157615892,-0.343790807897869,-0.692999912865587,-0.68036958365596,0.789047000246834,-0.641952505514248,0.309634839766718,-0.797875279355541,-0.896317347897387,-0.97216429702498,1.64160969321332,0.174843553599235,0.669195143133427,0.538278313112659,-0.52529165714213,1.61537088548196,0.209862801283326,-0.666556688653168,0.213269030704691,"Female",0
0.0258224618285462,-1.3572670864204,-0.468153248125359,-0.468190126788853,1.28141218965121,2.32913867387536,-1.99791856393305,-0.60950344275189,0.283387854490788,-1.01747437797268,0.0910310743836,0.303502186810047,-0.481403865926618,-0.690900182020652,-0.343790807897869,-0.0764985701624012,-0.68036958365596,0.185380069228339,0.898799013843137,0.55795153958551,-0.506097833127723,0.440973321874836,1.13965293264295,-0.0994016595545242,-0.570391265020455,-0.106919256445487,-0.487543475309838,0.071213844452976,-0.337953673703873,0.913304399432724,-0.475429665080382,0.857555919497756,"Female",1
-0.378033866555594,2.78846150079463,-1.22045890797777,-0.250133664693114,-0.346055519697101,-0.364320800779112,3.22442481395157,1.36282640352076,0.283387854490788,-0.34197897396567,0.0910310743836,-0.755486892689727,-0.481403865926618,0.21539837717027,-0.343790807897869,-0.25688229636075,-0.68036958365596,1.20379658234947,1.70578298686764,0.794588721825912,-1.57662140601948,-1.18936233360425,-0.112127855944863,0.0760109720331976,1.66531319083862,-0.106919256445487,-1.01384509962414,0.034467662759852,-0.419090986295818,1.23474629208508,3.39855087063324,-0.324783127907786,"Female",0
-0.268853108232685,1.75202935399087,0.373082438487289,0.738140958384057,1.29385675267958,-0.685554251479024,1.61754992844861,0.236672217715686,0.6455490900076,-1.0306519417623,0.444955071943161,0.701417651255935,-0.481403865926618,1.65916570975892,3.23402289717862,-0.127565308033384,0.339120509389863,0.314051680527849,0.307606570140393,-0.616376738628669,0.0645008058286769,0.612963101620453,1.69880121686969,0.169138723094992,0.920078372218926,-1.65914805560331,1.08963493519127,0.108333769338478,-0.927939110941607,0.0199784250363423,1.48226635537813,-0.474732090144049,"Male",0
0.691064682467246,1.40655197172296,1.24798908044798,2.56257508852183,-1.64744218948248,-0.685554251479024,0.814112485697127,2.68871044032787,1.80702577967012,2.33644981713213,0.671006576289645,0.266063178948941,-0.481403865926618,1.78082316122732,-0.343790807897869,-0.692999912865587,0.177443797664413,0.61309263208208,-1.29461678600513,-0.492743401458498,-0.226703142323121,0.806622394217304,-1.83220073810509,1.62026061974268,1.66531319083862,1.05725234292288,-0.267844281486612,-0.971533352728327,-1.09245531759672,0.56332189839966,-0.954770741282301,2.50243639643777,"Male",0
-0.282732579076535,0.0246424426512784,-0.40321922219026,1.10765416751502,0.0237632208647348,-0.433437920048992,0.0106750429456468,0.00773749712125892,0.787027769658579,-0.308432149936791,0.667287970544245,-0.0801382643609867,-0.481403865926618,-0.282384971700872,-0.343790807897869,-0.299838789472235,-0.113267581981719,-0.472511828786555,0.0783696202241756,-0.435040587141543,0.830111440760315,0.28606102707678,-0.367697950289207,-1.09060837554401,0.174843553599235,-0.106919256445487,-0.0126990231964517,0.604290717705663,-1.06716231276003,-0.922894585839404,-0.0345634432130509,-0.421473262119329,"Male",0
-0.668985934294735,0.0246424426512784,-1.20844071247824,0.700764831706862,-1.44721840743189,-0.3592532473052,0.814112485697127,0.626566549382185,-0.50458310233703,-0.00367847703903992,-0.364068478310991,-0.00075960095669162,-0.481403865926618,-0.690900182020652,-0.343790807897869,-0.253627687282354,2.17153982961441,-0.67186197551767,-0.472842421377721,0.791693474768842,-0.063590241505629,-1.1294748393955,-1.73592800216329,-0.792662646770848,-0.570391265020455,0.669195143133427,-0.71449981846556,-0.377800538981964,-0.826759882246291,-0.182754257382023,0.311495574335884,-0.137550046825298,"Female",1
0.587727848679485,-1.3572670864204,-0.0898072053724001,-0.595095240292377,-1.65670476388434,-0.685554251479024,-0.792762399805834,0.0771797095830003,0.283387854490788,1.45086379092454,0.0910310743836,-0.755486892689727,-0.481403865926618,-0.690900182020652,-0.343790807897869,0.180853567329643,-0.0501393443185482,0.402768168678146,-0.261868200181469,-0.939008940422062,0.337188896005504,-0.869593251156033,-0.874831786995504,0.134539384337054,-0.570391265020455,1.8333667425018,-1.16929532381177,-1.16805225196607,-0.294875723548793,0.43414378076172,-0.881607702943918,-1.24477946874614,"Female",1
-0.146330516833737,-0.66631232188456,-0.186087908916273,0.559002208118023,-1.29298107875345,-0.523032979978673,-0.391043678430093,0.0286008930004939,-1.34000394381687,0.643187451164099,-0.219273617468021,-0.755486892689727,-0.481403865926618,-0.690900182020652,-0.343790807897869,-0.692999912865587,0.842922340123723,0.0562607430789497,-0.376922509396269,-1.59669059975387,1.11442468068739,0.0380099383697745,-0.212401162976627,-0.241321145443671,-0.570391265020455,1.05725234292288,-0.763035997562093,-1.02577325672335,-0.479360732367005,-0.0420357462103361,-0.281299957198198,0.306567637332781,"Male",1
-1.5660643752674,0.0246424426512784,0.0849016415953175,-0.761957069649764,1.2973986273973,-0.685554251479024,-0.792762399805834,-1.59227691561225,0.283387854490788,-1.63833525468828,0.0910310743836,-0.755486892689727,-0.481403865926618,-0.690900182020652,-0.343790807897869,-0.251154672879441,-0.0430448200483303,1.60298332835069,2.57715883239645,-0.68993426873278,-0.989756713541649,-0.296059376741744,1.6531251769663,-0.223450171727241,-0.570391265020455,-0.106919256445487,1.60507670213605,1.73006419406635,0.224034757353841,-0.476963881867212,0.746420174554415,-1.4614687974369,"Male",1
1.24079846579818,-0.66631232188456,1.01165829378242,0.299865633436597,-0.814238357899339,-0.685554251479024,0.412393764321387,0.138752557349295,0.869174862617983,1.71184376487332,1.36030876229655,-0.755486892689727,-0.481403865926618,0.259393452859134,-0.343790807897869,0.221576836309615,-0.68036958365596,0.152829194691336,-1.20980916956441,-0.0434869190142514,0.0127283097433241,0.464733261595488,-1.63180389746507,1.11493012341826,-0.19777385571061,1.05725234292288,-0.495990162761682,-1.13479807119523,-0.0714759704412126,0.528747031199915,0.294223581956852,-1.06970003689589,"Female",0
-0.530388334960988,0.370119824919198,0.380772208408179,-0.90079185702575,-0.0937336404405169,0.202545857945474,-1.59619984255731,-0.525616718877218,0.00100378973056242,-0.168065075897572,-1.04827154898159,-0.12438887651357,0.669580846420263,0.0725962640996261,-0.343790807897869,-0.692999912865587,0.379518400752375,1.3467913680666,0.576742449596559,-2.86200894239952,0.674397569141487,2.0373326884223,0.582878191605062,0.479867054010004,0.174843553599235,-0.106919256445487,0.181446793399569,-0.528919042630514,-0.0135603660460328,0.284705715736793,-0.893460627247097,0.257291480045712,"Female",0
-1.16452446047848,0.715597207187117,0.65643661333393,-0.749509188093945,0.214898050488459,3.67137827850344,0.814112485697127,-1.25542683218092,0.0611555825309312,-0.236307936563499,-1.28774653315968,3.71450016111045,-0.481403865926618,-0.690900182020652,-0.343790807897869,-0.692999912865587,-0.68036958365596,0.0145422557678806,-0.555667727629446,0.855676835146076,-0.779454046621604,0.279474284086658,0.258495582752644,0.874812308502724,-0.570391265020455,0.669195143133427,1.8650586101497,1.17468288600261,1.2074493732146,-0.630590195514641,-0.066999390747602,-0.0326221277766861,"Male",1
1.35222629839972,-0.320834939616641,0.378528014482549,-1.2718095705957,0.354887710222197,0.0112397038905907,0.0106750429456468,0.715368709003644,0.283387854490788,0.179405686059623,0.0910310743836,-0.165787434426007,-0.481403865926618,2.16275125799741,-0.343790807897869,-0.692999912865587,-0.68036958365596,0.723751147670909,0.173163163598949,-0.827956686486427,0.0168885996073244,-0.714733294183986,-0.327763814932879,0.140141182040722,0.54746096290908,-0.106919256445487,0.244695025435405,-0.952360777192939,1.8943935893829,0.114389134432295,0.368561489330603,0.309809489785877,"Female",0
0.177926646796635,-1.70274446868832,-0.751676843643503,-0.765733538628953,0.186820295558175,1.12042191856059,0.0106750429456468,-0.234341636071751,0.283387854490788,0.0180029027778783,0.0910310743836,-0.755486892689727,-0.481403865926618,-0.690900182020652,-0.343790807897869,0.0972803318076118,0.459543500246283,0.282440128148313,1.04126491636562,-0.282073990826316,-0.0484583545689585,-0.677100938868353,0.418901355997225,-0.689451221510238,-1.31562608364015,-0.106919256445487,-1.16312431667639,0.50464237286854,0.4990684586737,0.205604736284788,-1.15497230063272,-0.740550705017427,"Female",0
-0.64281152677633,-0.320834939616641,-0.416314108229136,1.12827092650526,-0.83497989928645,-0.405956045058989,0.0106750429456468,-1.02002871984345,-0.0358505679277331,0.452352048906436,-1.35280297515111,-0.755486892689727,-0.481403865926618,-0.690900182020652,-0.343790807897869,-0.194579779717192,-0.32090492862647,1.60976839551871,0.957229641470518,0.828458516763379,-2.03890066012789,-0.191077217459998,-0.630879995009062,1.47386697308688,-0.570391265020455,1.05725234292288,0.220141216092072,0.200550098335167,0.658785718773017,1.10925035443589,1.55945244166436,-1.06593402623367,"Female",1
-0.587129025218586,-0.66631232188456,-0.421527120004612,-0.45829790061181,-0.714136839964415,0.213763150268345,-0.792762399805834,0.760627929564111,-0.00809070510873419,-0.382344554364901,-0.847774999272775,1.19878280957556,1.30067632879402,1.67335692891217,-0.343790807897869,1.5823963471597,1.78118185839383,-1.22659589634858,0.625854247460725,-2.03641741865878,2.20106980867954,-1.24620718032999,1.15923036130401,-2.67740069195532,0.920078372218926,1.8333667425018,-0.459892547025451,1.64260564201003,-0.698379807983438,-2.28904221804214,-1.16055419334106,-0.173594918049734,"Female",0
-1.19913061299015,-1.3572670864204,-0.0745956796440973,2.19327094526199,-1.18672244227946,-0.685554251479024,0.412393764321387,-0.274395239789348,0.283387854490788,0.199214118697936,0.0910310743836,0.159748013122291,-0.481403865926618,0.416342401606254,-0.343790807897869,-0.692999912865587,0.856707787397755,0.454995300634757,0.370950098222421,-1.01619835272272,0.239437961718888,-0.924775249398332,-1.13171856889957,-0.580336184153854,-0.19777385571061,1.44530954271234,0.459679736201691,0.726714395656388,-1.17918740929114,-1.28230219491307,-0.411304709233324,-0.979395908888923,"Female",0
1.50833703565007,0.370119824919198,0.670391740869653,-0.916388222168308,0.625870259475157,-0.685554251479024,1.21583120707287,-0.103774701415268,0.283387854490788,0.643320965267052,0.0910310743836,2.21175390219229,1.32246215024537,0.505679822779087,-0.343790807897869,-0.692999912865587,-0.68036958365596,-1.15997181833816,-1.18177942908415,0.364414471432083,0.762851967495874,-0.270820349065877,0.691133563352461,-0.103324725001738,-0.19777385571061,-0.106919256445487,-0.835912720725942,-0.519606683797254,-0.123604684290173,0.11046497291706,-1.1425478855145,1.02151188368534,"Female",0
-1.10899919187699,-0.66631232188456,1.19271455759516,-1.14971758819667,-1.54159586393943,4.13038220195995,0.814112485697127,-0.672169515155051,-0.984937769712546,1.64192236139103,-0.48282607712174,0.45932940871843,-0.481403865926618,0.778773157207869,-0.343790807897869,-0.692999912865587,1.35983521516008,-1.49518943691903,-2.14733558464827,1.54080604665213,0.29269624465533,0.381261311202997,0.0273375128789401,1.0894187929052,0.174843553599235,1.8333667425018,0.830464177649013,1.40884553553375,1.28766869873191,-1.20017639005139,-0.820045604267259,-0.281018119790982,"Female",0
-0.981546255457622,-0.320834939616641,-1.16201817068403,-1.31901529384149,-1.49688077535625,3.5393639588133,0.0106750429456468,0.0675417294587258,-0.648957471910334,0.184347984445992,-0.338845870015239,-0.755486892689727,1.14725220606971,-0.690900182020652,-0.343790807897869,-0.692999912865587,-0.68036958365596,0.941030290818659,1.36102482357517,-0.917844456412252,-0.158425219326921,-0.333366435467142,-0.465255401289018,-0.49061134659259,-0.570391265020455,1.8333667425018,-1.72461304538188,0.0239169267250221,1.90531697296622,0.634231146733564,-0.265109687944009,0.522246470178936,"Male",1
0.459954381724212,-0.66631232188456,1.49045841594736,0.234298879464439,-0.774427639525767,-0.685554251479024,-0.792762399805834,-0.661260851340622,-0.0440805950999913,1.56611737435952,-2.07964811445134,-0.206594316883874,0.519656107769916,-0.690900182020652,-0.343790807897869,1.22426070786128,-0.68036958365596,-1.20647812612486,-1.90217581063978,0.918031528168252,0.51807651801335,-0.221069028363899,0.128262248346186,0.906500551470605,-0.570391265020455,1.05725234292288,0.417796690407269,0.115151059146936,0.406128735191435,-0.627751159765418,0.126818117360078,0.699468328147725,"Female",1
0.362386320766545,1.75202935399087,0.605268809477813,0.515759506425587,0.811792545881933,-0.648728270483626,-0.792762399805834,2.0478927203457,0.283387854490788,-0.491114322902284,0.0910310743836,-0.755486892689727,0.693406963077097,0.867702435696207,-0.343790807897869,-0.692999912865587,-0.139455413269236,-0.758999210658542,-0.0431531733393049,-0.503975685930049,1.19278878829069,0.438537738881976,1.29022455753609,-0.777090751514316,3.155782828078,-0.106919256445487,1.25704341163896,1.2222763910771,1.24675359480056,-1.55236483273401,0.505093024271237,0.625542762628537,"Male",0
-0.976366274737283,1.40655197172296,-0.341811481604623,-1.35548496307321,-0.535118626587411,-0.685554251479024,0.814112485697127,-1.20462043451592,0.692723416479259,-0.233493985254572,0.841125350271183,-0.206594316883874,-0.481403865926618,-0.690900182020652,-0.343790807897869,-0.692999912865587,0.241459721643548,-0.418622746282683,-0.173679618974033,-0.313764492475999,0.69534638758104,0.307457988963577,-0.0117708221146194,-0.613426022483774,-1.31562608364015,0.669195143133427,0.140903220988587,0.272895570548183,0.920736439878638,-0.627751159765418,0.050193796533427,0.166578554130881,"Male",0
-0.453043975532117,1.06107458945504,-0.837819898315664,0.42725716186269,-0.297980029083727,-0.499223376792397,2.01926864982435,-0.106108521444726,0.649060956533824,-0.672535513255807,0.661294791827356,-0.265142858303166,0.860016498826734,-0.0976865796411448,-0.343790807897869,0.163376497725745,0.966632108479157,-0.221433799785039,-0.0424911900681216,0.438368052095158,-0.21020719612724,-0.47211936159445,-0.643786746794389,-0.420710804050313,-0.19777385571061,-0.106919256445487,0.191535169682287,-0.680301930345757,0.394245656819865,0.153960065421412,1.39172013625878,1.25392854169694,"Female",0
-1.32214943454972,-0.66631232188456,-0.493271194564601,-0.607768324631965,-1.41004306996588,1.28095313367522,0.412393764321387,-0.204056344660118,0.283387854490788,0.682169465369726,0.0910310743836,0.255847678232565,-0.481403865926618,-0.690900182020652,-0.343790807897869,-0.692999912865587,1.0181009113584,0.457247334564726,-0.458216684371317,0.949773964084855,-1.16532248086882,0.280370979325545,-1.57418980578106,0.972316239908819,-0.570391265020455,1.05725234292288,0.562572418703323,-0.40903395223941,-0.0392869171435939,0.49292586064762,-0.1853885341417,-1.5342888067722,"Female",1
0.100280608601208,-0.66631232188456,-0.606865979284586,2.32685214369063,-0.460194989467077,-0.685554251479024,-0.391043678430093,-0.983123170546721,0.283387854490788,-0.745885244843983,0.0910310743836,0.731769829254802,0.874811576379139,-0.690900182020652,-0.343790807897869,-0.692999912865587,1.19294346231574,-2.6509348277809,-1.50659166383392,-0.0155695282023897,2.4563139889483,-0.263817537118326,0.634080232639357,-1.86544655978318,-2.06086090225984,1.44530954271234,-0.290579407039373,-0.627871984997472,-1.25831081761088,-1.30880209124925,-1.01680929231594,1.35397652306322,"Female",0
1.10951090529032,-2.04822185095624,-0.213040065727718,0.408595420417815,-0.155705560341489,-0.357803020619983,-0.792762399805834,-0.0891411886538734,-3.15037176225482,0.233273661442479,-0.0288874781385031,-0.755486892689727,-0.481403865926618,-0.690900182020652,-0.343790807897869,-0.692999912865587,-0.68036958365596,0.3372059921025,-0.211243873295725,1.15889554054355,-0.948903713581865,-1.9403931975359,-1.83220073810509,0.318487847142802,-1.31562608364015,0.669195143133427,-0.418672431495163,-0.960076569786449,-0.763618956333495,0.475308815741853,-0.80098529198439,-1.51016302860336,"Male",0
-0.682933251878614,0.370119824919198,-1.36808064450238,-0.988502523037432,-0.610071597463055,1.75192338978359,0.0106750429456468,0.515005945469747,0.120170374318289,-0.494655498165733,-1.43112218035207,-0.390713377478802,-0.481403865926618,-0.249600613072863,-0.343790807897869,-0.692999912865587,-0.68036958365596,1.25204067260306,1.41768904829567,0.156671027373294,-1.17577784658666,-1.28396116578013,-0.994653978532033,-0.23435591602041,0.174843553599235,-0.106919256445487,-1.18870619025967,-0.79575593004476,0.480475406517459,1.21265468178054,1.28478114825106,0.423598510889568,"Female",0
-0.479673218966224,0.0246424426512784,1.12126212561468,-1.27388780998388,1.00808645415762,1.51693401989373,0.0106750429456468,-0.962552670867793,0.538508623358021,-0.686844652114037,0.895824362526616,-0.755486892689727,-0.481403865926618,-0.690900182020652,-0.343790807897869,-0.692999912865587,0.755969101345607,-0.889242006401035,-0.91192374376866,0.819605370287318,0.358327507647119,0.166107740143437,2.09523840086541,0.523017541368031,-0.570391265020455,-0.106919256445487,2.46460057564504,0.688900863406359,1.87180407003819,-1.0531593280738,-0.180656751606552,1.29272361043657,"Female",1
-1.07282705904555,-0.66631232188456,-1.03509597314392,-0.15739735917592,-1.80243594521512,0.0531596626333222,0.0106750429456468,-0.231695936829263,-0.644859250695384,0.5663786407566,-0.433088068337292,1.31904556048419,-0.481403865926618,-0.272608539317151,-0.343790807897869,-0.692999912865587,-0.0996959101467817,0.271496239674316,-0.29908366548969,0.411599502148395,-0.583269363941806,-0.547784554246035,-1.30294754359426,0.214506243522208,0.174843553599235,1.44530954271234,-0.797897494373805,-0.86313456027824,-0.211414378781603,0.671623494941261,0.174764672507388,0.177275833130272,"Female",0
0.35453253145971,1.06107458945504,-0.411766021425022,-0.66344048758397,-0.225443878097591,0.799936938745407,1.61754992844861,0.302181814213234,0.0977384334535571,0.375308440312907,-2.29863760352106,1.31904556048419,-0.481403865926618,-0.690900182020652,-0.343790807897869,-0.209915783814074,-0.68036958365596,0.81031620958543,0.119687436830377,-0.26484898974956,-0.616768823908827,0.0681301139378525,-0.561993071279076,0.546894895095836,-0.570391265020455,-0.106919256445487,-0.46899268022329,-0.799540602040853,2.10861230472476,0.851822790027283,1.31683540521162,0.922519603421138,"Male",1
0.524253383646137,-1.3572670864204,0.948968663256733,1.34914718923951,-0.180243400192399,-0.685554251479024,-0.792762399805834,-0.284218126425702,-0.124288239003138,1.00303302414563,-1.34267237059562,-0.0721527231476539,-0.481403865926618,-0.690900182020652,-0.343790807897869,0.898240039246688,-0.393465783822469,-0.34310726441171,-1.03921914582329,0.120896031613949,0.25591474300235,0.0796869496127768,0.695609071826325,0.875206805716699,-0.570391265020455,-0.106919256445487,0.436505708611232,-0.0225556359411805,-0.921249019631245,-0.144955292700808,0.151510038785354,1.1135479496607,"Male",1
-0.140496359567712,0.0246424426512784,-0.530549978404596,1.35728493223023,0.905364564474508,-0.635388246755701,-0.792762399805834,-0.645834747771827,0.283387854490788,-1.70490373511989,0.0910310743836,-0.755486892689727,1.49127314106363,-0.690900182020652,-0.343790807897869,-0.692999912865587,-0.68036958365596,-0.288858330779264,0.532188169703945,-1.44709114797071,1.40833623062167,0.777691585262287,0.92727447391667,-1.40628450168306,-1.68824349294999,-0.106919256445487,0.14788372862099,-0.239310137060574,-1.15253962293347,-0.525850608589388,-1.2226221979417,-0.349605072809854,"Male",0
0.504751241424443,0.715597207187117,1.44745801074295,1.49962454830477,0.324727747194371,-0.47113755839367,-0.792762399805834,0.51223399235097,-0.326067315580944,1.01985889272445,-0.874194853835621,3.33071339386499,0.76065202736351,2.60473094230996,-0.343790807897869,0.892882328970221,0.463381591437877,-1.14645104956546,-1.08840374319601,0.134267678375613,0.625587411130792,-0.668848862488564,0.600225559899274,-0.0165016796729003,1.66531319083862,-0.106919256445487,0.419261735219009,1.2205311168179,-0.51650464891066,-1.23108690704449,-1.1173032465588,0.733534341098574,"Male",0
0.416141998635927,-1.70274446868832,0.304304745426865,0.814446764778316,0.9913437319073,-0.50952417863913,-1.19448112118157,-0.866414245266771,-0.933766130695697,-0.922685259414009,-0.0341812091088202,3.32482549719848,1.64476674103116,-0.690900182020652,-0.343790807897869,0.664369037639416,-0.68036958365596,-2.27794846855824,-1.42119712640382,0.302088007019974,1.708837057577,0.23967858760602,0.249731857016801,-1.56425823570465,-0.570391265020455,-0.106919256445487,0.69195428363573,0.633935025749541,-0.395487962926399,-1.91936886706411,-1.0355352482804,0.832135347527737,"Male",1
-0.0799404382989412,0.0246424426512784,0.987265616809735,1.67632144720716,3.8942450695517,-0.685554251479024,0.0106750429456468,-0.721550528377737,0.283387854490788,-2.4494937243984,0.0910310743836,-0.755486892689727,-0.481403865926618,1.16994096612799,7.21088299775165,-0.692999912865587,1.90285550381833,-1.06234467043185,1.25944544078744,-1.70504429155601,2.18967072534365,0.759871086970601,3.85777419527666,-2.7006944404933,0.174843553599235,-2.04720525539277,1.18997000490782,2.18886160560577,-1.01570400401858,-2.06722307878699,-1.32906010141348,0.792592235574374,"Male",0
0.0545009000848532,1.75202935399087,-0.317550200352452,-0.431300314044608,-0.889121096495479,-0.685554251479024,1.21583120707287,0.896792420560515,0.283387854490788,1.14737771478264,0.0910310743836,0.297986618687654,1.43990134400658,0.583582166841574,-0.343790807897869,-0.692999912865587,-0.68036958365596,1.18651534976186,0.642496984883091,0.172231239849945,-1.26285476275197,-0.422936986370922,-0.667568057475772,0.966445244704392,0.54746096290908,-0.106919256445487,-0.787774950377696,-0.105472167215644,-0.478288790796968,1.02732939513711,1.86536314231196,0.709305461313629,"Female",0
0.105810057769784,0.0246424426512784,0.725543839530111,-0.310952380866545,-1.1698277323471,-0.328506821213588,0.0106750429456468,0.215573970728269,-0.433679094337241,1.42906939833726,-0.857386283873516,0.274735081085094,-0.481403865926618,-0.27544922959019,-0.343790807897869,-0.692999912865587,-0.68036958365596,0.308810642022729,-0.902426886930797,-0.590946749700767,0.223504557335292,0.426690633152692,0.00760557048734402,1.11172496474599,0.174843553599235,1.05725234292288,-0.23034759127105,-0.60029662804711,-0.526550619484044,0.344674462657282,-0.139524952076325,0.630917909068222,"Male",0
-1.02185091587781,0.0246424426512784,-0.270140540657843,0.755540609751337,0.613532895196965,0.560823668689161,0.0106750429456468,-0.887957464300404,0.823066404017632,-1.42846058919382,0.163146300684198,-0.755486892689727,0.838419390986352,-0.690900182020652,-0.343790807897869,-0.692999912865587,-0.68036958365596,0.861758018218315,0.984498457435546,-0.384222253025669,-0.441091423384095,0.53035645825687,-0.262903475311325,-0.164430262695449,-0.570391265020455,-0.106919256445487,1.36466904264121,0.185980884480948,0.971387669964219,-0.232166768009568,0.315744790160107,-0.562364600541866,"Male",1
-1.01850223150396,-1.01178970415248,-0.341811481604623,-0.512361519886765,0.551746834452143,-0.0443018432765522,0.0106750429456468,-1.2996220529541,-2.26090390972433,-0.943344850023914,0.0329531738491829,0.462988493963623,-0.481403865926618,-0.690900182020652,-0.343790807897869,-0.692999912865587,2.38915540733384,-1.07982461067347,-0.298831393741306,2.40954357726159,-0.824929624848487,0.685147853002564,-0.58877455823023,-0.276720306112204,-0.570391265020455,0.669195143133427,1.11050694479635,2.19205710805397,-0.174410586625254,-0.972604611225184,-0.395033129527954,1.56216202974366,"Male",1
0.155081134854087,1.06107458945504,0.702972204659062,-0.569509956814341,0.248485149290055,-0.685554251479024,0.412393764321387,-0.393260237649221,0.808049261769929,0.422250701480852,0.956681364701899,-0.0519497998742233,-0.481403865926618,-0.690900182020652,-0.343790807897869,-0.692999912865587,-0.68036958365596,0.940520760666926,-0.586032907775097,-0.583523701277957,-0.377174860231646,1.86810635338947,-0.486056743371,1.57422087869296,-0.570391265020455,-0.106919256445487,0.486521305549941,-1.07119740190273,-0.294198856847728,0.979268088580876,-0.341892558635318,0.560982579847537,"Male",1
-0.208512157907889,1.06107458945504,-0.103047814666195,0.652894581150724,0.251702346289726,-0.171300228164629,0.0106750429456468,-0.315682173229359,1.27793832433312,0.0352189561033978,0.460376695221069,-0.755486892689727,-0.481403865926618,0.205439052343981,-0.343790807897869,0.169650317583551,-0.0582192191818477,0.0993169259809141,0.685028424962473,0.170010755041982,-0.140597928663298,0.082398407409294,0.814065234449106,-0.115817882265246,1.29269578152877,-0.106919256445487,-0.253282380033667,0.854470115329707,-0.695205819399857,0.00231182747888912,0.687002118802253,0.412615971116861,"Male",0
0.0578270318699325,-0.66631232188456,0.184311731835304,-1.30501741690417,-0.213466102071366,1.28095313367522,0.0106750429456468,-0.728844058147283,0.654116345041333,0.0726196459248729,1.10450769822928,-0.134083162476341,-0.481403865926618,0.0608682080916298,-0.343790807897869,0.0305131836401498,0.363237479332886,0.2296765961207,-0.537995474094414,-0.895821952780426,0.397786249378133,0.7612930161311,-0.722476298001719,0.0864723459765668,-0.19777385571061,1.05725234292288,0.330602894353765,-0.743163239294694,0.582807569296211,-0.0350566899352637,-0.625529777246885,1.55100547579618,"Female",0
0.923386028906576,0.0246424426512784,-0.113027599396655,0.833150038288721,1.5206796469571,-0.685554251479024,-0.792762399805834,-0.100874703127204,0.843091582107684,-1.35021033832781,0.19193531457527,0.370302982177378,-0.481403865926618,0.217079821621443,-0.343790807897869,0.180853567329643,-0.365254463987263,-0.766841042446166,0.374446331915259,-0.593513039288979,1.1855518432223,0.124091472747923,0.465484744557925,-1.74766464409471,0.920078372218926,-0.106919256445487,0.236968302215476,0.600617841173633,-1.12563697679545,-1.08701909983458,-1.2620045283462,1.35820419021268,"Male",0
-0.793855409623205,0.0246424426512784,0.99577003919519,-0.9433775149031,0.418949557075772,0.0466559451209611,0.0106750429456468,-1.00028873303916,0.283387854490788,-0.0271087501304906,0.0910310743836,-0.755486892689727,-0.481403865926618,-0.690900182020652,-0.343790807897869,-0.692999912865587,2.78589673269987,-0.66680867570527,-0.773192377759199,-0.420765088722439,0.814393053814953,2.08887717683074,0.800563877446283,0.23257084415121,-0.570391265020455,-0.106919256445487,1.56210133443345,1.65750606756199,-0.0560633698021628,-1.33692443021826,-0.447568888809245,-0.311790391123109,"Female",1
0.441322319679156,-1.01178970415248,0.694491817595232,0.974003449385058,0.021858406879578,-0.685554251479024,-0.792762399805834,-1.01036381912009,-0.180735698102295,0.880297952146656,-1.10896809446102,-0.755486892689727,-0.481403865926618,-0.690900182020652,-0.343790807897869,-0.692999912865587,1.93266194713534,-1.69945049236897,-0.382837885953706,0.332017326630988,1.38482390912075,-1.25525410553833,0.946378533076819,-1.39324321245892,-0.570391265020455,1.05725234292288,0.248617823377832,2.3364364635402,-0.980510935044309,-2.33169808982579,-1.20787146845327,0.506752026311497,"Female",1
0.165002555169875,1.06107458945504,-1.1890509892066,-0.288516547387468,0.395780804943841,-0.685554251479024,0.814112485697127,2.830884511062,0.283387854490788,-1.06600267343108,0.0910310743836,0.0568300317458461,0.259340311397007,0.291833195415285,0.653638514835955,-0.220101292559137,0.00174708100843781,0.752402458856239,1.0293793615088,0.399614234751195,-1.02168850116082,-1.66138474802364,-0.692393406553133,-0.446484022866675,1.66531319083862,-2.04720525539277,-0.294453378519101,-1.21630130877275,-0.520070131786071,0.908994453930077,1.4561474720944,0.0634956837731188,"Male",0
-0.859636774191802,-1.70274446868832,-0.955621897284536,-0.753722491621248,-0.0146138505674811,0.147039601106444,-1.19448112118157,-1.19769371329445,0.283387854490788,-1.15332274231844,0.0910310743836,0.287126067023969,-0.481403865926618,-0.690900182020652,-0.343790807897869,-0.692999912865587,-0.68036958365596,-1.03243054589463,0.32723816615035,0.0726573757501622,1.07724188300602,0.636765737517484,1.62567773634073,-1.238204243143,-0.570391265020455,0.669195143133427,-0.47731548245578,0.385593453435879,-0.231924154526907,-0.227360445406279,-0.923871103880919,-0.582845761975838,"Male",1
0.216364941975908,-0.66631232188456,1.47621936835641,-0.512361519886765,1.20263934634043,0.431779490085889,-0.792762399805834,-0.551068856434489,0.283387854490788,-0.21721813175181,0.0910310743836,-0.755486892689727,-0.481403865926618,2.05854488518775,-0.343790807897869,-0.692999912865587,-0.68036958365596,1.89815262429658,-0.0948739369426,-0.484817699606662,-1.33230223286736,2.34288085625562,-0.672601042266737,2.48861619236864,0.174843553599235,-0.106919256445487,0.883582173474328,-1.02167286908633,-0.0296795058525242,1.55169795483704,-0.432117194902983,1.15350159070427,"Male",0
-0.625004881836128,0.715597207187117,-0.188029344533778,1.34772483301478,0.374289348125529,-0.685554251479024,0.814112485697127,-0.653558775935081,-0.867436213246842,-0.959484300990716,-0.0342233678733513,-0.20435088673754,0.523747633547947,-0.690900182020652,1.0096691450216,-0.0513009675996139,0.708025916355771,-1.29713209665089,-0.928153171508913,1.07948261003289,0.448641793897941,0.321499238061512,-0.566752023709286,-0.66007638311566,-0.570391265020455,-0.8830336560244,1.35216394863637,0.507406212020993,-0.827122953833014,-1.17832440002452,-0.711621169118481,0.410805662363117,"Male",1
0.0245730695627581,0.0246424426512784,-0.217332446256947,-0.115505117727223,-0.480086686697716,-0.685554251479024,-0.792762399805834,-0.585880032144296,-0.810789432710533,0.238602059142592,-0.286391350338568,-0.231479342989065,-0.481403865926618,-0.690900182020652,-0.343790807897869,-0.0828871851126968,4.15983130887199,-1.43297925827194,-0.732392417475794,-0.00847480514879659,1.06263026889389,-0.100575822341054,0.440434417080703,-0.972047861005516,-0.570391265020455,0.669195143133427,-0.304462810874329,0.944494871161683,-0.64605308811042,-1.07497139974399,-0.14691559042977,0.80702860977957,"Male",1
-0.25845186392721,0.0246424426512784,-0.75707434210689,-1.20270799293741,-0.355565982818313,1.91587928493579,1.21583120707287,-0.528255048557649,0.708888995796153,-0.289864360343632,0.782902617532726,0.385652256446836,-0.481403865926618,-0.690900182020652,-0.343790807897869,-0.692999912865587,-0.68036958365596,0.390091831002832,0.471951309078178,-0.422105164502573,0.0160827512650741,0.237105750232576,-0.667694414498735,-0.497784271547417,-0.570391265020455,1.05725234292288,-0.69647217343112,-0.292448298944864,3.74409278225251,0.313597062861555,-0.147135145167625,1.81970226981562,"Female",1
0.491683791375568,-0.320834939616641,0.101053176173092,-0.945229095310388,-0.670952540944244,0.208312741772907,0.0106750429456468,-0.0628134417025886,0.762245488118575,0.635114691481105,1.13922311945872,-0.113369704802573,0.104136769481565,0.085927154428692,-0.343790807897869,2.67133598588609,-0.68036958365596,-0.698784833962616,-0.909292986013223,0.656030469809,0.112642036563597,-0.80936993455579,-1.58647604065363,-0.102914596101674,0.174843553599235,0.669195143133427,-0.0575057049440758,-0.303848409708379,1.16039393307673,-0.471068860405823,-0.148688980965259,0.662664867727612,"Male",0
0.511604086066052,1.06107458945504,1.48721955501734,-0.714468179734761,1.16355250008135,2.08975859047253,1.21583120707287,0.100758001832791,1.12843073736335,-0.273841391843788,0.443660862466061,-0.755486892689727,-0.481403865926618,-0.690900182020652,2.43895318493941,-0.692999912865587,-0.68036958365596,0.0617830271480966,-0.790347916614748,-1.02622971938458,0.855236858171504,1.78200395327216,-0.82039316036378,0.202969187658308,-0.570391265020455,-2.04720525539277,0.949644890971364,0.0152903880637923,0.548380234915977,-0.734637670632019,-1.08962743296682,-0.479487342646257,"Female",1
-2.14487675382819,-1.01178970415248,-0.714390111541801,-1.34735925361007,-0.283497995911388,0.325267301637645,0.0106750429456468,-1.16124759405037,-0.229798576687473,-1.14889022127319,-0.107040764167592,-0.755486892689727,-0.481403865926618,-0.690900182020652,-0.343790807897869,-0.692999912865587,-0.267618552060743,0.338517077525381,0.709834125130278,0.882033625954205,-0.795642914826299,-0.465665295343976,0.675803464315654,0.142686834946155,-1.31562608364015,-0.106919256445487,1.58487310499231,0.539815384129444,2.06973107159614,-0.299584289469315,0.840019171441448,-0.105958087323764,"Male",0
-0.655614550093165,-0.66631232188456,-1.62590556040926,0.426136867747516,-0.567970178019181,-0.491722878390344,-0.792762399805834,-0.747060595054915,0.652415755635137,-1.18338461403175,0.345505284221131,-0.755486892689727,-0.481403865926618,-0.690900182020652,-0.343790807897869,1.10748565986085,0.358450290970551,0.324831871654894,1.35928831906497,-0.855144300812158,0.251527958401536,-1.1922576263353,-0.175249796574598,-1.57720382436893,-2.06086090225984,0.669195143133427,-1.38630518941372,-0.752829672853876,-0.100915786412607,0.454778165839272,0.0427158114862804,-0.238389865131756,"Male",0
0.113220461324827,-0.320834939616641,0.200635970137134,-0.0809795533992862,-0.961066335315315,0.124512711155538,-0.391043678430093,0.0170729480968931,0.283387854490788,0.806458783256005,0.0910310743836,0.91811641616511,4.31504601986406,-0.690900182020652,0.243348438817796,-0.692999912865587,-0.479604749729916,-0.0875159463246911,-0.589104928904974,-0.942990719424482,0.57703551275284,0.152601447095909,-1.10025483080287,-0.0422416973325364,-0.570391265020455,-0.8830336560244,-0.343029134378414,-0.514298020744712,0.521783584341038,-0.232142000389704,-0.350532251077918,1.13341620050574,"Male",1
1.38032567395157,0.370119824919198,-0.255963871020019,-0.580352795432867,0.326667019497038,-0.50839142398765,0.412393764321387,0.356178060047802,-0.256704770649503,0.464911006334697,-0.767609101188973,-0.755486892689727,-0.481403865926618,-0.690900182020652,-0.343790807897869,-0.692999912865587,-0.68036958365596,1.34275360346314,0.86255095746772,-1.44438505795225,-0.112370625210997,0.421087918360227,-0.182514470048604,0.259598443557772,-0.570391265020455,-0.106919256445487,-1.25519830549217,-1.30430748027544,0.00358964787754365,1.32736150949769,1.86759263103843,-1.98785343634635,"Male",1
-0.849073962548059,-0.66631232188456,0.120928077887996,0.542699562428661,-0.734646596189219,-0.685554251479024,1.61754992844861,-0.990966658123957,0.0845869917655789,0.480021799515001,-2.25873598269196,0.577408752677367,-0.481403865926618,-0.690900182020652,-0.343790807897869,1.63487665628713,-0.68036958365596,0.566298460270788,0.35542728141484,-1.41079298498826,0.359351354734868,0.882786204283392,-0.472011309049228,-0.0285772127177974,-0.570391265020455,0.669195143133427,-0.36244466269932,0.82689845259955,-0.77060734322403,-0.397895440418288,-0.311831700801926,-1.15631828212707,"Female",1
-0.150119157591942,-0.66631232188456,-0.142370834961304,0.0567427775627405,0.144970451728666,2.22539418049272,-0.391043678430093,-0.9883987591745,-0.0329217750615083,-0.115554463696965,-0.963325066357006,2.95583263363061,2.41943964893976,-0.690900182020652,-0.343790807897869,3.62816546167787,0.210047451738183,-2.26259671393952,-1.31099491234095,1.30077125350605,0.697437382110671,-0.192495320022144,0.0614574807869049,-0.861604146765305,-1.31562608364015,-0.106919256445487,-0.367417405794823,1.0502059427191,1.31813096575197,-0.888450524595533,-0.637573784206029,0.0513053858262458,"Male",0
-0.447508780929804,0.370119824919198,-0.337949824381094,-1.60954019992774,-0.714170115729023,-0.685554251479024,0.412393764321387,0.00440061080639579,0.627379085032985,0.134688445230935,1.22376744041029,-0.755486892689727,0.780479601486744,-0.132860020147128,-0.343790807897869,-0.692999912865587,-0.68036958365596,0.0389981550760488,-0.35318488087494,-0.486308852178557,0.443009701809586,0.647354497256275,0.286019002753569,0.244620777295983,-0.19777385571061,-0.106919256445487,0.168326454317558,-1.23317779645858,3.00189315028182,0.482040960240343,0.0266979361367945,0.675877820389995,"Male",0
-0.799794774470512,-0.320834939616641,-1.06447948218157,-1.28538498382928,-1.4610552725779,0.25729175510178,-0.391043678430093,-0.57351551033524,0.0590902268435709,0.421075546923443,-1.93266230306219,-0.755486892689727,-0.481403865926618,-0.690900182020652,-0.343790807897869,-0.255261041280807,-0.0489679126469072,0.477599358667904,0.0171741391063019,0.111687121364859,-0.443480725231833,-0.141372459068936,-1.0648819802641,0.271856313920599,-0.570391265020455,1.05725234292288,-0.837635064856673,-1.3810175147904,1.91950278507519,1.07835585677421,0.352353418799559,-0.180537233808522,"Female",1
-2.21557940633993,-1.3572670864204,-0.899820950404544,1.05625079975758,-1.26241387972309,-0.685554251479024,-1.19448112118157,-1.58614701167004,-1.28669553903973,-0.120136819991949,-0.120725086600997,1.50027794951612,0.889936655661392,-0.690900182020652,-0.343790807897869,0.182477830303997,1.2138354293712,-1.06422064914858,-0.119432419364279,0.933765077569295,0.102909165494226,-0.231875342844572,0.0860961564973927,-0.513853081467194,-1.68824349294999,1.8333667425018,-0.0248211231616297,1.21209114474981,-0.702990733049588,-0.859288979792041,-1.12804026723052,0.71039328856928,"Male",0
-0.335256793683634,1.75202935399087,-2.03742036469831,-0.942554685373856,0.217771008818204,-0.636636157320958,1.21583120707287,2.63840532561547,-0.756889073735099,-1.75982931866613,0.125091217841086,0.240901847135184,1.33579120947817,-0.0881893175340822,0.879656982056452,-0.692999912865587,0.99300036217098,1.41423602548529,2.57568712090506,-0.0931396652341723,-1.45252259239643,-1.80876549020632,-0.307012960820159,-1.12093938031732,0.54746096290908,-1.65914805560331,-2.38718676651176,-0.731462956477004,0.53834620505073,1.86126432563643,3.14946183901734,-1.1147415244161,"Female",0
-1.52107861372425,-0.66631232188456,-1.45474749396248,-0.308500735250948,-1.40149286488372,0.623322417211303,0.412393764321387,0.286529095252731,0.283387854490788,-0.0667312928248339,0.0910310743836,0.0768872397565916,0.277630291084002,-0.690900182020652,0.67826639934789,0.760725475483902,0.717548519236511,-0.0199707031138605,0.231359730782398,1.12268097783633,-0.907924624116033,-0.823682265970045,-1.30131404608033,-0.24580654287605,-0.570391265020455,-0.8830336560244,-0.965856742901846,-0.362626555632153,-0.0200590945063694,0.705735295657133,1.62853344810122,-1.45329512291967,"Female",1
-1.49425068790533,0.0246424426512784,-1.32749244109061,0.00261873377571451,-0.759202018415998,-0.378287472548673,1.21583120707287,-0.830211298207708,0.802035950511715,-0.926309995969203,0.383308880775716,-0.755486892689727,-0.481403865926618,-0.690900182020652,-0.343790807897869,-0.692999912865587,-0.68036958365596,0.64406290564362,1.30508563735186,-0.143081420333244,-0.337542666189436,-0.895736037588512,0.237801011199482,-0.76667590410917,-1.31562608364015,0.28113794334397,-0.424784583296573,-0.252136018115683,-0.738719415737677,0.403820149044554,0.888007279567,1.46358699828985,"Male",0
-0.368559708314323,-0.66631232188456,-0.23993423418887,-0.933633811226978,0.988610350494434,-0.593946764592956,-0.792762399805834,-0.65919503073738,0.784517936194285,-1.05337503869472,0.336634063797681,2.2684370735231,-0.481403865926618,-0.690900182020652,-0.343790807897869,-0.301798064173532,-0.398231627673511,0.405989246676959,0.590074512227109,-0.315810665267767,-0.280410874123668,0.34992890999882,1.59651597051996,0.0921350784639557,-0.570391265020455,-0.106919256445487,0.593565563377125,0.00771708958794661,0.369057548815565,0.275205001377157,0.292733652158167,1.29077088600396,"Male",1
0.598550054257396,0.715597207187117,-0.340083898109886,0.467363115199234,1.27853999994206,0.264924318012195,0.814112485697127,-0.259856392130719,-0.232304981723752,-0.851757313434222,-0.235359193029492,-0.26155059431499,0.419427880855236,-0.690900182020652,-0.343790807897869,-0.692999912865587,-0.68036958365596,-0.275426286175313,0.31112565503384,0.866354790819288,-0.220358547632398,0.617459412588346,0.688052569089385,-0.115817882265246,-0.570391265020455,-0.106919256445487,0.191664608806313,0.272471836817924,-0.531211414805137,0.274040923243526,0.0669396423248049,-0.967333019804504,"Male",1
-0.339018673464179,0.715597207187117,0.273818530169204,-0.158938613590306,1.64902877649294,-0.685554251479024,0.814112485697127,-0.899256139466939,0.950822166848101,-0.914473889107724,0.32213255846143,1.03448579920812,-0.481403865926618,-0.690900182020652,-0.343790807897869,-0.692999912865587,-0.68036958365596,0.627551587746692,1.15475618796308,-0.800179973512115,-0.00481076871479406,0.750040900597313,0.793574236874018,-0.562351515386044,-0.570391265020455,-0.106919256445487,0.732846149922835,1.47063708189571,-0.530188036313493,-0.645718401952358,-0.143909512912266,-1.32812306605667,"Male",1
1.19083604910874,-1.70274446868832,-0.325399438404625,-1.06811629391577,0.542959865701992,-0.685554251479024,-1.19448112118157,-0.0487700017324387,0.687649575342389,-0.316109418947564,0.804686036985459,0.599735312901283,-0.481403865926618,-0.690900182020652,-0.343790807897869,1.67386956364314,2.73364146159903,-1.09087321611787,-0.525514673578333,0.329617864052572,0.436864944601687,-0.844323668562462,-0.276355920070713,-0.882623219804983,-0.570391265020455,-0.106919256445487,-0.485370306875828,-0.396765551219527,0.128993675206781,-0.158742101007901,-0.929168323248963,-0.571318676143653,"Female",1
-2.39613859621279,-1.3572670864204,1.07314109999518,-0.55045179710321,1.4881997039655,-0.346501254038637,-2.80135600668453,-1.81568619944223,0.283387854490788,-0.73259284891659,0.0910310743836,1.25711921859842,-0.481403865926618,-0.690900182020652,-0.343790807897869,1.65031862357838,-0.68036958365596,-0.238541516604469,0.867850137542504,-1.64031405316981,1.25670097454539,1.71686336850351,5.86961813723923,0.0748426147785854,-0.570391265020455,-0.106919256445487,2.4219779928663,1.66104727087916,-0.230340615817014,-0.94030850786804,-1.27647750061937,0.97086467052691,"Male",1
-0.933168010149124,1.06107458945504,2.46318254459498,0.00612990265520419,3.06710956708024,-0.685554251479024,0.0106750429456468,-1.56249207957421,-1.08788627817061,-2.31163934237656,0.207160026207272,1.21464538832772,3.1116863968056,0.103582321166184,-0.343790807897869,0.836243677476071,2.6283391728655,-1.45167801474922,-1.32996759334384,-0.669090267661841,1.35219456499703,3.66973923758702,1.85366972366683,0.301192866021119,0.174843553599235,-0.106919256445487,1.84605841276588,1.37710715035692,-0.800887906168838,-1.11418272270237,-1.14863923871976,-1.70051668148524,"Male",0
-0.563877695527756,-1.70274446868832,-0.631686530331855,-0.81697203592561,0.452822037443461,1.64042222558514,-0.792762399805834,-1.21578254869473,-0.776999875510993,-1.07500550406483,-0.0204618224776005,0.666424630575338,3.40847944135465,-0.690900182020652,-0.343790807897869,-0.692999912865587,-0.68036958365596,0.670963639437297,0.907477573778364,0.9217506184924,-1.39808926893932,-0.0473703425286813,-1.1066866929057,0.139708002604937,-1.31562608364015,1.05725234292288,-0.125006274498851,-0.235158193237278,0.593818839194154,0.934374546768507,0.25872305522861,-1.68649170260245,"Male",0
0.214882782142318,-0.66631232188456,-0.359811787049781,-0.981185935518568,1.97523952303142,2.69438031675484,-1.59619984255731,1.28700706511154,0.283387854490788,-0.737959038383574,0.0910310743836,-0.755486892689727,-0.481403865926618,-0.690900182020652,6.10711572095219,-0.692999912865587,-0.68036958365596,1.29536467190459,1.37436916806726,0.615722614676806,-1.51103038185966,-1.23093315075747,0.178274059225045,0.0953268004113941,-1.31562608364015,-2.04720525539277,-0.898860011114223,-1.03863736710219,0.737082531636336,1.73799767841569,-0.177164245449657,1.75405475764042,"Male",0
-1.02260893114608,-1.3572670864204,-0.842881208690267,-0.875774514891583,0.295287419521664,-0.685554251479024,-0.792762399805834,-0.959740576403936,-0.883331573298466,-1.2696486355387,0.0271317774349746,-0.755486892689727,-0.481403865926618,-0.690900182020652,-0.343790807897869,-0.692999912865587,-0.68036958365596,1.29774538271526,1.74525968263193,-1.37350344039675,-0.117793442300584,0.234639522142558,1.01874879033728,-0.526441795536945,-1.31562608364015,-0.106919256445487,-0.25564231986398,0.104169949513479,-0.254142477151112,0.447950705092311,0.266738605628976,-1.95950564699796,"Female",0
0.307031341375402,0.0246424426512784,1.55081857236625,1.59877890469968,-1.14769690506544,-0.685554251479024,0.0106750429456468,-0.298269578219707,0.283387854490788,1.57312461031001,0.0910310743836,-0.485797673777123,0.0104502678162701,-0.038365219403204,-0.343790807897869,-0.692999912865587,-0.68036958365596,0.0701477246022675,-0.719529852219042,-1.24609721387918,0.95770579454122,-0.33637600597751,-0.937762839381774,0.148028513207483,0.174843553599235,-0.106919256445487,0.251607867142836,0.435772036720352,-0.711284537515068,-1.2757302206217,-0.049401306734844,-0.153299224508478,"Male",0
0.525789852418587,0.0246424426512784,-0.666235591372019,1.20876519135011,0.136918366372496,-0.544282169212196,1.21583120707287,0.596090707976209,0.629649328448326,-0.430594055127882,0.850040829507822,-0.755486892689727,-0.481403865926618,0.0112536514988397,-0.343790807897869,0.65852670356263,0.781728403443913,-0.654543367301216,0.257395236904641,0.401894358792612,0.324147858694322,-0.473389494670527,0.388840286205106,-0.904565960149274,1.29269578152877,-0.106919256445487,-0.669630193694264,0.318702585049778,-1.04487140632025,-0.124062823341499,-0.436494069571709,0.529743781727697,"Female",0
0.0924993450686376,1.06107458945504,0.846991299751732,1.95697108559406,1.03593676171249,-0.635388246755701,-0.792762399805834,0.113568363036419,1.147801347859,-0.411340153795774,0.400068291197402,1.56275854208916,0.575589258162679,0.0102477004479498,1.07947510247876,-0.0182047469268711,1.75296923441618,-1.73272553047463,-1.22193998295206,0.857396502539595,0.785505132131941,-0.0586491928098243,0.0899437433920109,-0.645555086138213,0.174843553599235,-2.82331965497168,1.66353394885211,1.34682382008791,-0.765954622612738,-2.01260592832676,-0.577804594590597,-0.574825167288408,"Male",0
-0.0655312944516969,-1.70274446868832,0.220393547111087,0.440637278370336,-1.46055864221164,-0.685554251479024,-0.792762399805834,-0.649283044216055,-1.11652077282015,1.95898320305577,-0.479705041569904,-0.755486892689727,-0.481403865926618,-0.690900182020652,-0.343790807897869,1.49264753875963,-0.68036958365596,1.79175944700077,-0.101260471911114,-0.363449643406857,-1.46428184358495,-0.642603047404084,-0.874387532261809,2.1205521326277,-1.31562608364015,1.44530954271234,-0.28834131214737,-1.77148793707384,-0.960239093388045,1.73093891794889,-0.988378175528421,-1.15631828212707,"Male",0
0.174530092239703,-1.01178970415248,-0.102664566404656,1.18367974842829,-0.960539558971328,1.25507803650214,0.412393764321387,-0.0628090433505491,-0.221939296573714,0.995174634334452,-1.06212958274703,0.599735312901283,0.754410540462579,0.948634899932774,-0.343790807897869,0.0959565793039892,-0.111367742780129,-0.340572464575418,-1.10000970339431,0.953478134440281,-0.411142741749443,-0.273412679786825,-0.622099212967242,0.852123101904651,-0.19777385571061,1.05725234292288,-0.143543695549917,-1.13676434289513,-0.176867441391458,0.704524203759311,0.138491787206842,-0.612323321422865,"Female",0
1.07635015128874,0.715597207187117,0.77420745599522,-1.04501104160706,2.35317453782945,-0.685554251479024,-1.19448112118157,0.155965320313779,0.580609833983897,-0.681104334770235,0.786159575103184,-0.755486892689727,-0.481403865926618,1.71994327592563,3.32655256196509,-0.112941999287713,-0.68036958365596,0.515271414031301,0.946502499933256,-0.666484156338638,0.116217512586351,0.589783843354945,1.72657074222642,-0.183893840300645,2.03793060014846,-2.04720525539277,0.556827999647402,0.700282177792944,-0.0472211052671675,-0.100511251408457,0.0712233920005792,-1.10161202198106,"Male",0
0.206969105559116,0.0246424426512784,-0.261354302382308,1.70136626449328,1.74854417565777,-0.287914890510334,-1.99791856393305,-0.639254245983842,-0.0680843503855315,-1.13887758804161,-0.204566608796304,0.030015686667379,-0.481403865926618,-0.690900182020652,-0.343790807897869,0.221576836309615,-0.0207693914173867,0.281683433791183,1.16864806205929,1.2673010495807,-1.16056588279098,-1.04798290061946,-0.0286291723448501,-0.403548636250617,-0.570391265020455,-0.106919256445487,-0.0997367900207723,0.761444105858845,-1.13641374846262,0.255823826991957,-0.449801792552924,-0.727691913972799,"Female",1
-0.768282961548428,-1.70274446868832,-0.920487967767504,-0.47391222161262,0.438462411239028,0.186686927420037,-1.19448112118157,-0.228190074658368,-0.31105610449543,-1.12993664481079,-0.0871194415912991,0.240901847135184,-0.481403865926618,-0.690900182020652,-0.343790807897869,-0.692999912865587,-0.68036958365596,1.04647777534502,1.06718284222746,-0.322477461675958,-0.688264592533027,0.829638776711074,-0.942507868022216,-0.183893840300645,-0.570391265020455,-0.106919256445487,-0.161224382342637,-0.27330451351062,-0.251920391830004,0.707278692080612,-0.0612765411526898,0.317288320286849,"Female",1
1.06751621740378,-1.01178970415248,-0.923510031627182,-0.696548042689204,0.725868213820606,-0.525935145541179,-0.792762399805834,0.391440250051466,0.283387854490788,-0.440043002457879,0.0910310743836,-0.755486892689727,-0.481403865926618,-0.690900182020652,-0.343790807897869,-0.692999912865587,-0.68036958365596,0.93111591787315,1.33921366905639,-0.516126411341813,-0.35839729841732,-0.437881907018957,0.163463931804565,-0.526441795536945,-0.570391265020455,-0.106919256445487,-1.35625925822551,-0.880701952056521,0.116487399134221,1.20292933551718,-0.129263994340244,-1.33249098429217,"Male",1
-0.249897141467394,-0.66631232188456,1.58235910046407,-0.858536823689196,-1.01514017895199,-0.685554251479024,-0.792762399805834,0.0721523264666248,3.18416005819759,1.17864776691587,0.306108378082428,-0.755486892689727,-0.481403865926618,-0.690900182020652,-0.343790807897869,-0.692999912865587,-0.68036958365596,0.661431744215253,-1.04240237210782,-1.95099633352461,0.913737753334502,1.55381617165168,0.648673611164469,1.24870462953254,-0.570391265020455,1.8333667425018,1.48201087644226,-1.06186567977007,0.604877184622507,-0.169306548793515,-0.636079554465644,0.783930411051256,"Male",1
1.20009661455212,0.370119824919198,1.40971823990624,-0.284480921576569,-0.724412056565885,0.133823825668579,-0.391043678430093,0.183563483166731,1.1237229775702,2.54216281898935,1.19752966180617,-0.755486892689727,-0.481403865926618,1.3539517203321,-0.343790807897869,-0.0370012696549646,0.265853533343677,0.0704558022862799,-1.07783460674005,0.882663911548084,-0.628992860832727,-0.27977380500995,1.33005024302514,2.26370623242319,0.174843553599235,-0.106919256445487,-0.705864113863215,-0.259744810289123,0.0617418652922693,1.12571902591941,-0.393390164606275,-0.142251020884041,"Male",0
0.171708353406884,-1.3572670864204,0.276971295678459,0.285603168934747,-0.571825379405555,1.90596710880177,-1.99791856393305,-0.2935554209373,0.283387854490788,0.784805996984117,0.0910310743836,0.496939820526716,-0.481403865926618,-0.690900182020652,-0.343790807897869,-0.692999912865587,-0.154527325137591,1.23332983432582,0.128827796803619,-1.70915460239054,0.0294181275603126,0.640650911264835,-1.273043918827,0.494311806825287,-0.570391265020455,-0.106919256445487,-0.578272762718277,-0.654866808117298,-0.0733938604241324,0.395559662582951,1.28973895647745,-0.821021848974131,"Female",1
0.224816523566364,-1.01178970415248,-0.0752994965061522,2.00868642514904,-0.0680613737662047,-0.685554251479024,-0.391043678430093,-0.0145385003562997,-1.63639593123517,-0.30303548002705,-0.0607760493858996,-0.755486892689727,-0.481403865926618,-0.690900182020652,-0.343790807897869,-0.692999912865587,0.0916624595323759,-1.54863246251347,-0.391403658501161,-2.04459582404792,3.08073406995126,1.74108752346435,0.278797799091555,-2.16919992129557,-0.570391265020455,-0.106919256445487,-0.70955529222594,1.06004068244041,-0.623678758217866,-2.0040630078512,-1.23776851517549,-0.470516093080237,"Male",1
0.906366319481514,0.370119824919198,0.480821034255055,-0.0159591974530905,0.184599358191864,0.0565240070697483,-2.80135600668453,0.535026054379775,0.283387854490788,0.478183556678708,0.0910310743836,-0.0663321595229311,0.775463596789459,1.81029856736484,-0.343790807897869,-0.692999912865587,1.63441132948114,-0.797882405890333,-0.643517546580203,1.25690591501216,-0.234150204915812,-1.30310879509864,0.101782400269269,0.178561688948658,1.29269578152877,-0.106919256445487,0.281472648393641,0.159975223545108,1.63787504919087,-0.370380719630559,0.0777887040036692,0.599718689516136,"Male",0
-0.763002964293785,0.0246424426512784,0.388567404259149,-0.222042738753822,-0.352322824458923,1.84559386802644,0.0106750429456468,-0.875177641763252,-1.01184066437364,0.309279846530964,-0.240049813642277,-0.755486892689727,-0.481403865926618,-0.690900182020652,-0.343790807897869,2.25606017727452,-0.68036958365596,-0.414394542097483,-0.242598260990704,-0.675715105211519,0.873567616019396,1.66269486456603,0.660212561626187,0.0246178834220064,-0.570391265020455,0.669195143133427,0.113022815429944,1.3506376777819,0.236005785804346,-0.776955334548708,-0.765564011849099,0.606536244817811,"Female",1
1.91513708395109,0.0246424426512784,-0.980941269657396,1.09146612255953,0.842562569901121,-0.0256524443802835,0.0106750429456468,0.329595246643971,0.283387854490788,-0.851497470144989,0.0910310743836,1.24385657536091,-0.481403865926618,-0.287769027191085,-0.343790807897869,-0.692999912865587,-0.68036958365596,-0.608939235308339,0.113271339216579,0.698396880969361,0.144115944732583,-0.561085173778035,-0.557023148365219,-1.17762866294143,0.174843553599235,-0.106919256445487,-1.13089083624253,-0.705328300648814,-0.505640778192374,0.354666689800935,0.0617171713733737,-0.132568971656092,"Female",0
1.89408797993442,0.0246424426512784,0.383779105620834,0.792279357982877,-0.433700123102447,-0.47709057107398,0.0106750429456468,1.31152179549349,0.115632353553529,1.39681751418261,-3.91981927105782,-0.755486892689727,-0.481403865926618,0.216238320227903,-0.343790807897869,-0.692999912865587,-0.68036958365596,0.119451289382338,-0.219365792999847,-1.44132283745869,1.08968559465226,-0.149676245439452,0.0807626155485433,-0.188573760874306,0.920078372218926,-0.106919256445487,-1.36168285488372,-0.73862831674119,0.817634982750994,0.145499448645924,0.649036665936686,0.654946410231765,"Male",0
0.729767106705557,-0.66631232188456,0.4711505893194,-0.361126407183901,0.972657815267864,1.35378674053279,0.0106750429456468,1.55666066794915,-0.923333382251242,-0.146765944805883,-0.179536724443671,-0.177581423591286,1.62654242154295,1.40653362639261,2.49460806479617,-0.692999912865587,-0.68036958365596,-0.419651781880844,-0.73819507849388,0.633861149486294,0.0245065526027408,0.906392355385032,-1.09502664575071,0.17218346490569,1.29269578152877,-2.04720525539277,0.812454647635855,0.0726051109289993,0.0598459656012245,-0.385545702896742,-0.661877165161316,0.871816240358985,"Male",0
-0.134878825751646,0.370119824919198,-0.917380688933213,-0.486825751661966,-1.13207754069506,-0.385781784229902,1.21583120707287,0.847650237459392,0.652641598903889,0.487509989507113,1.36066175942498,0.234803996830257,-0.481403865926618,-0.091877878516265,-0.343790807897869,-0.116491925319414,-0.68036958365596,0.4306465045743,0.410161835465366,0.231638585051198,-0.510284004405331,-0.803694052819908,-1.13743445767318,-0.168410223666343,-0.19777385571061,-0.106919256445487,-1.11666470604077,-0.402915125665584,-0.11269952989749,0.534286782080921,0.266132324320541,0.448737945784569,"Female",0
-0.283985846237387,0.715597207187117,0.137187796922744,0.340707825555357,0.15153012112507,-0.587228882221311,0.814112485697127,-0.466788471646216,0.719342058516084,-0.310618686391511,0.755631544860407,-0.170900435509217,1.65091174278536,-0.690900182020652,-0.343790807897869,0.668292069288267,0.0559615558011246,-0.275397013935651,-0.884455467909061,-0.381634682289915,0.428128710279312,1.79737717834446,-0.713656233810149,0.4158273418616,-1.31562608364015,-0.106919256445487,0.454723441283499,-0.868016683155928,-0.369879848613706,0.243433166107275,0.535396561996819,0.359287663986895,"Male",0
-0.262813228752082,0.0246424426512784,0.765442909364855,-0.94671355201623,-1.19773448387756,-0.685554251479024,0.814112485697127,-0.231363145088949,0.283387854490788,1.30097831149189,0.0910310743836,-0.755486892689727,-0.481403865926618,0.80345469420254,-0.343790807897869,0.0260947830508019,-0.68036958365596,-0.116436820221514,-0.592862782308122,-0.5455128453911,0.643552461949717,0.142848047689063,-0.414125384873759,0.280972942019756,0.174843553599235,1.05725234292288,-0.278634168771848,0.663909293771185,0.414483851640638,-0.718157836879951,1.28699412141087,-0.491090158751642,"Female",0
0.811651127492724,1.06107458945504,-1.01173371294937,0.170835794120135,0.169322221425487,-0.685554251479024,-0.792762399805834,3.30644106337315,0.283387854490788,-0.365626319006983,0.0910310743836,0.148499315955885,0.342932671072627,1.49636784909933,-0.343790807897869,-0.692999912865587,-0.68036958365596,1.29416101643887,1.88484272565995,-0.524269098209932,-0.819543488010887,-1.33267354706983,0.589354380913778,-0.369616150001034,2.41054800945831,-0.106919256445487,-1.65565585936258,-0.330446341662712,-0.686957288088997,1.23201981299277,1.27999504006818,0.459460927493338,"Male",0
-0.6738716224622,0.370119824919198,0.614776179195243,-0.0856074824884276,0.511089409635699,-0.435043756554916,-0.792762399805834,-0.933429945592017,0.737042454769747,-0.308075263095079,0.73095856719388,0.258382351342645,-0.481403865926618,-0.077615442718524,-0.343790807897869,-0.692999912865587,0.59667590131724,0.0177583037050912,0.347335186437454,-0.954162269419126,0.643364997256679,1.99735358383958,-0.280255280516914,-0.482542857440464,0.54746096290908,0.28113794334397,0.941049011063124,2.16116458146207,-0.162840983862732,-1.48580014572524,-1.01928156334095,2.22869208018151,"Male",0
-0.206700247763643,0.715597207187117,-0.208374434717685,0.458688441527315,0.0983120728773739,-0.502717821041129,1.21583120707287,-0.511333944134148,0.283387854490788,-0.499262009110101,0.0910310743836,-0.755486892689727,0.240495547590354,-0.690900182020652,-0.343790807897869,0.228735949806104,2.31106573045934,-0.832615749344289,-0.28179194286943,0.379673189073896,0.365827371229555,0.016431982113245,0.187454309441163,-0.615334138405735,-0.570391265020455,-0.106919256445487,0.677814907845723,0.744215179173282,-0.927629466022726,-0.837560294758317,-0.355554747619702,1.23213375658789,"Female",1
0.286340220050084,-0.66631232188456,-0.15321594685343,-1.27420119528845,-1.3135412110042,0.670657738282526,-0.391043678430093,0.424632703424389,-0.0544400393339646,1.92154046349745,-2.249146258316,-0.755486892689727,-0.481403865926618,-0.690900182020652,-0.343790807897869,0.889330521037767,-0.68036958365596,1.60925726003771,0.00376334221277408,0.0127974467840113,-1.50675531661613,-0.238158857731569,-1.48548951885667,1.83016528387729,-0.570391265020455,0.669195143133427,-0.865366007100395,-1.75686823987419,2.28651069781221,1.94445337956717,1.2569460952253,-0.0457990207918702,"Male",1
1.39012307384581,-0.66631232188456,-1.10241037538286,-0.541608153533335,-0.751618580611879,-0.685554251479024,0.412393764321387,0.739673613299003,0.895315459329545,-0.0860442173119791,0.646855609335767,2.93701255489672,5.50465050011272,-0.194550058325831,-0.343790807897869,2.17316860128392,-0.68036958365596,-2.30180485501702,-1.21154597403375,1.18845390311699,0.86627876941824,-1.64651068234776,-0.262154496782367,-1.28936259829417,0.54746096290908,0.669195143133427,-1.61000065894607,-1.01107435916972,-0.442277951991925,0.0573132543572651,-0.811834353663256,0.122966570517982,"Female",0
1.82327159378666,0.0246424426512784,-0.760318583204564,-0.379640349019006,0.785223483637551,-0.295717985699548,-1.19448112118157,2.16466961180787,0.283387854490788,-0.184486902890368,0.0910310743836,0.371348283825357,-0.481403865926618,-0.690900182020652,3.80707105328419,1.2749960167663,-0.68036958365596,0.116667454888244,0.355202438385873,-0.738351850209671,0.371791841524693,-1.36480002164045,-0.394813928500443,-1.09208266993921,-0.570391265020455,-2.04720525539277,-1.27430558172274,-1.42556023549745,0.317246912661925,0.571066599540425,-0.800746413562103,-0.147773169336354,"Male",1
0.857969380643825,-0.66631232188456,-0.348376298884621,1.89791262585396,1.17134268936371,-0.462087503166041,1.21583120707287,-0.358396181548757,-0.994918540363057,-1.27556194604986,0.0337476644719813,-0.755486892689727,-0.481403865926618,-0.690900182020652,-0.343790807897869,-0.692999912865587,1.47870307949787,-0.841832712427932,0.339009929401398,-0.346285834611652,1.06012045710989,-0.0332291826929568,-0.301627410759126,-1.73769534309666,-0.570391265020455,-0.106919256445487,-0.114368421822949,0.597876000392619,-1.19888711692746,-1.11611640433025,-0.372902316320275,0.638047050661909,"Female",1
1.30279137695176,1.06107458945504,-0.333724387853899,-1.22567914287969,3.07252017289716,-0.685554251479024,0.0106750429456468,0.754374426401783,-0.096084232535006,-2.5237982895328,0.636124911815298,-0.755486892689727,-0.481403865926618,-0.690900182020652,2.78023310858927,-0.692999912865587,-0.68036958365596,1.2881376923368,2.09739322759856,-1.30016804671657,-0.159785624736053,0.546790977942055,1.30503910986011,-0.941628196733882,-0.570391265020455,-3.98749125434005,0.448894339713051,-0.0719597260749224,0.504066717829914,0.423802242160483,2.31166216588043,-0.473271548304086,"Male",1
1.14649564343433,0.715597207187117,0.120928077887996,0.254142066224056,2.03660021000038,0.198666695083137,0.0106750429456468,0.378736030780738,-0.767457924965261,-1.39988118577341,0.0478929095304743,1.5930404127902,0.589396134965019,0.0194063810607552,1.09806638432695,-0.351195104574431,0.0591676420396909,-0.656857928941161,0.0865018023069013,-1.26262928468006,1.39667513316569,0.264117239356896,1.53804366090262,-1.28587813324881,0.174843553599235,-2.82331965497168,0.0116709589812348,-0.150702245118855,-0.287514057179207,-0.526305152265824,0.271389339417425,-0.0802139649021146,"Male",0
0.0595452149131642,0.0246424426512784,-0.243601815095837,1.34688051196813,1.10970561432007,-0.685554251479024,-0.792762399805834,-0.583123939406725,0.283387854490788,-1.42652587630507,0.0910310743836,0.462988493963623,-0.481403865926618,-0.690900182020652,-0.343790807897869,1.43504387851348,2.90074290583213,-1.42961341485642,-0.298831393741306,-1.23637476496657,1.88050492444604,1.41843929082325,1.74264952903515,-1.67727096933659,-0.570391265020455,-0.106919256445487,0.583646823553054,0.581257582293394,-1.14968795075697,-1.18428450605515,-1.21197327558374,0.324742185688392,"Female",1
-0.665254964393191,0.715597207187117,-1.74608392933039,-0.306467374786434,-0.527705718770753,-0.315150463179423,1.21583120707287,1.11299450232559,0.283387854490788,-0.903697633063869,0.0910310743836,0.56796074646703,-0.481403865926618,-0.424051096980799,-0.343790807897869,0.0774586899019625,-0.309928908625573,0.306906264672778,1.01006695503479,0.906493020019723,-0.973517980187951,-1.64123322759498,-0.819289771511285,-0.793092658301307,0.54746096290908,-0.106919256445487,-1.31504137783045,-0.796601895410201,0.585262369302841,0.995995326735512,3.73769243399388,0.112866953260257,"Female",0
-1.01872252578386,1.75202935399087,-1.38761730723626,0.250481530366137,-0.408899161019557,-0.469637055473913,1.21583120707287,2.7406948056585,0.697783883591756,-0.829534136006474,0.509238409741298,-0.755486892689727,-0.481403865926618,-0.0186457562471769,-0.343790807897869,-0.0460122400287336,-0.447063196978177,0.707008621369388,1.95255881502054,-0.480147196729688,-0.230328625003535,-0.853958351654044,0.932202108223848,-1.0738868799105,2.78316541876815,-0.106919256445487,-1.28110992425403,0.471202956309751,-0.708942501974988,0.474262362227997,1.93503719710162,0.683964436227081,"Male",0
0.352357938728935,0.715597207187117,-0.0690531218554074,0.89676831436112,1.01354167234163,-0.685554251479024,0.814112485697127,-0.28713900530665,0.714359724755796,-0.546654383885574,0.640428284216075,-0.755486892689727,-0.481403865926618,-0.690900182020652,1.07540862844913,-0.0201327331152614,-0.68036958365596,0.220247573363221,0.766688789914888,-0.696298069876073,0.421116230426594,0.836834424711757,1.26393044978333,-0.431690327549499,-0.570391265020455,-0.8830336560244,-0.145427229938856,0.57085241765494,-0.949279801100004,-0.0174242857924382,0.33137826870056,0.389205172050132,"Male",1
0.497449046976462,0.715597207187117,0.163413307714225,0.337545898772267,0.680955729141564,-0.549745730404836,0.814112485697127,-0.120984751370956,0.283387854490788,0.00851384075493101,0.0910310743836,-0.076738858513708,0.756484054567231,-0.280328687085188,-0.343790807897869,-0.692999912865587,-0.68036958365596,1.84123050383607,1.28789017964472,-1.10226444907408,-0.952690841514379,-0.268623158068907,0.505482205770386,0.835431425545234,0.920078372218926,-0.106919256445487,0.10864765384154,-0.548699248733282,0.0521245789471009,0.991709043707037,0.487713054105095,0.0472194410850515,"Male",0
0.674415068977599,0.0246424426512784,1.06408250472245,-1.32140892521821,0.559982606935224,-0.685554251479024,0.0106750429456468,-0.391543280633779,0.72379706498058,0.990057351163417,1.41156475714842,-0.755486892689727,-0.481403865926618,0.0235541566115885,-0.343790807897869,-0.00539841531051493,-0.68036958365596,0.25017528043465,-0.250787436171026,0.779013560650288,-0.644399765341481,-0.213642645091232,0.653744011294366,1.26620883196685,1.29269578152877,-0.106919256445487,-0.173698577007866,0.000838102271636274,0.93761032558212,0.65408585065065,0.894597212910564,0.154253428327235,"Male",0
-0.32344892637805,1.06107458945504,-0.437180372635882,0.271422536501036,0.208301728516013,-0.685554251479024,1.21583120707287,-0.415935238523712,-0.288130999175938,-0.390560307781941,-0.384541037757709,0.339327257158491,0.516946879153694,-0.0286522497295856,-0.343790807897869,0.263035998822986,-0.2207023319606,0.282816793133739,0.414300557393578,-0.207343060485291,-0.179938585786756,0.4299346489329,-0.086524606007429,-0.0963319995067247,0.174843553599235,-0.106919256445487,-0.266648852499497,0.107125086712988,-0.804393110727903,0.291554977204569,0.198719931861725,0.416274107976756,"Female",0
-1.65787412159728,-0.66631232188456,-0.0815738818055564,-0.89146329352618,-0.806718554193456,-0.151177244643631,-0.391043678430093,-0.459384716875063,0.0921483557995025,-0.0560419423488015,-1.72269545179185,-0.755486892689727,-0.481403865926618,0.0846960492996178,-0.343790807897869,-0.692999912865587,-0.68036958365596,0.764070004811175,0.135018042953348,-0.537458930131294,-0.1789929968279,1.19322236427864,0.784708876591931,0.986216821264462,0.174843553599235,1.05725234292288,0.859183812475856,-0.197338068034618,1.23988320052856,0.373290377772958,-0.169279102683059,-1.03403370062423,"Male",0
-1.3531023959735,0.715597207187117,-1.06344778712031,1.38429071649146,-0.569822765611274,-0.685554251479024,1.21583120707287,-0.563148375741996,1.16549402169987,-0.807161854796357,0.293187297041128,0.427360558681361,-0.481403865926618,-0.690900182020652,-0.343790807897869,-0.00439314996320133,-0.183740783944166,0.648371703393308,1.25808361761099,-0.127674450370874,-0.543598950822964,-0.992417120538097,-0.926899221178656,-0.941628196733882,-0.570391265020455,0.669195143133427,-0.081860698017423,0.412928417511396,-1.08117102675826,-0.208823938066765,-0.282420050269837,-0.822490300506187,"Female",1
-1.11264261544001,0.370119824919198,-1.38387735707436,-0.355537900610455,1.80625826681163,-0.525023036364391,-0.792762399805834,-0.138025384160201,-0.211749815919189,-3.23678475418833,0.831884796005689,-0.281238559314693,-0.481403865926618,-0.690900182020652,0.820851168002349,-0.140822860315501,0.514334164302553,0.519678572949225,2.69063762279725,-0.560553216364356,-0.151958907801334,0.354006162676034,1.434526189327,-2.05938859673235,-0.570391265020455,-2.04720525539277,0.544116873072901,1.1838192683914,0.151944655365622,-0.297114958555583,1.26756913478586,0.607544166216864,"Male",1
0.102090385470957,-0.320834939616641,1.40196810839513,0.552748805502017,-2.00312847905097,-0.685554251479024,0.0106750429456468,0.0409553523857943,0.283387854490788,2.92623295877547,0.0910310743836,-0.755486892689727,-0.481403865926618,0.0785985946508825,-0.343790807897869,-0.692999912865587,-0.68036958365596,1.46203688818696,-1.24092357863219,0.285844649326076,-1.44366822960424,0.853020861409309,-1.34538765824843,3.2234551935755,0.174843553599235,1.05725234292288,-0.0094850110541759,-1.31496663383985,-0.400041736536128,1.62701975756716,0.633019571702023,-0.995524191532178,"Female",0
-0.0376565834088648,-1.70274446868832,-0.149394423397754,-0.798974765577636,0.0677854055717621,0.62545067195714,-0.792762399805834,-0.019523523172673,0.283387854490788,0.113292223092347,0.0910310743836,-0.755486892689727,-0.481403865926618,-0.690900182020652,-0.343790807897869,-0.692999912865587,-0.68036958365596,-0.553951646561697,-1.06483653830353,1.59822658352401,-0.3798797855706,2.08887717683074,-1.21788899447644,0.987413084720198,-1.31562608364015,-0.106919256445487,-0.173191922042471,-0.359209221566817,0.702195193956242,0.774594520704702,-0.649454135420572,-1.15631828212707,"Female",0
-1.46304516638811,-0.66631232188456,-0.922442955896433,0.409370685641044,-0.191008121259736,-0.451446229436851,-1.59619984255731,-0.530853316094818,0.704141423787168,-0.682233293773121,0.581470546110116,0.372919881003195,2.60554676425892,-0.690900182020652,-0.343790807897869,-0.692999912865587,-0.68036958365596,1.14421609844909,1.31712748421756,-0.274338914445151,-0.965569686368806,0.946555512008097,-0.0329613216194968,0.306265344625171,-0.570391265020455,-0.106919256445487,-0.131080202847659,0.165444497510012,-0.733481537868062,0.874944596370259,0.866928785644916,-0.439477631938031,"Male",1
0.170747868717867,-1.3572670864204,0.0455127379153232,-0.0716096820308568,0.352589340381044,1.02264072291344,-1.59619984255731,-0.295894723952682,-0.0905959998714106,-0.147094349017542,-0.781803993651932,0.916140497264463,1.80510811944843,-0.690900182020652,1.70877036037258,0.280155099170009,0.02147772833343,-0.33523285867601,-0.158570386529402,0.485180129305501,-0.185463276833416,-0.210558547905682,-0.552807685258643,-0.204114749566386,-0.570391265020455,-0.494976456234944,0.314411141760683,0.416299671822045,0.196824635399556,-0.35360128240422,-0.82519829217334,1.10149240151469,"Male",1
0.17510946672214,-0.66631232188456,0.323834331430817,-1.34308462353244,0.962148634196654,0.186686927420037,-0.792762399805834,-0.673221261770923,-0.4361222525956,-1.03429108514268,-0.0859796672164006,-0.755486892689727,0.775463596789459,-0.690900182020652,-0.343790807897869,0.911794042245948,-0.68036958365596,-1.84358833691571,-1.18606511611072,0.662073214701049,1.37947369724357,1.35123131917972,0.980865644984895,-0.505554276950323,-0.570391265020455,-0.106919256445487,0.927108163239199,0.476861642360018,0.928225832446988,-1.02886025618851,1.26756913478586,-1.15631828212707,"Female",1
-0.28362190726999,-0.66631232188456,-1.13160949898297,0.932537512142937,-0.0581345530396332,-0.685554251479024,-0.391043678430093,0.451081639085156,0.283387854490788,-0.982746714569187,0.0910310743836,-0.755486892689727,-0.481403865926618,0.0352143906248934,-0.343790807897869,-0.692999912865587,-0.68036958365596,0.658591642078052,1.18177545212107,-0.0176011032014173,-0.439877758593349,-0.816250046392912,-0.147856372784987,-0.614106802540414,0.920078372218926,-0.106919256445487,-0.532608744897128,-0.573588626537919,-0.982048658777903,0.614052404621987,-0.141805807204305,0.362832480388928,"Female",0
0.0440690969414531,-0.66631232188456,-0.595452149240951,-0.784200886933777,0.179373759466424,-0.685554251479024,-0.792762399805834,0.0715107655598004,-0.667856363661709,-0.719790502727705,-0.117040877266225,-0.755486892689727,-0.481403865926618,-0.139772679809968,-0.343790807897869,-0.692999912865587,0.0847072159000554,0.497601347958495,0.62985250269733,-0.993187210954473,0.329477746308311,1.25856854492,0.376000934938444,-0.195853130225783,0.920078372218926,-0.106919256445487,-0.614050208822842,-0.650975662442367,-0.240654670691785,0.75198264004719,-0.104864155306176,-1.25772500825137,"Male",0
-0.619735711346004,0.0246424426512784,-1.16303296398941,0.189088198152612,-1.77175036321594,-0.578678850111945,0.0106750429456468,2.18185124513371,0.283387854490788,0.503544141892301,0.0910310743836,-0.755486892689727,0.311909253013543,1.41405131029375,-0.343790807897869,-0.692999912865587,-0.68036958365596,0.530385970548416,0.237213520384721,0.362823330057079,-0.615688196167956,-1.13846121946162,-0.167614077950031,0.391655875496933,0.920078372218926,2.22142394229125,-1.11136982457591,-1.60036290678018,-0.792256150439274,1.40792168991641,0.136174875634202,-1.03403370062423,"Female",0
1.20035886415344,1.06107458945504,-0.501539099067797,1.06720670462712,0.36086677333557,-0.577504395151868,0.412393764321387,1.06926578012713,0.440717872318952,0.0366978753407607,2.42793218865861,-0.228063387645513,-0.000451323153252425,0.266207813995827,0.303823015728536,0.228135078969939,-0.68036958365596,0.35320845634237,0.945873137000823,-1.20364889076846,0.565080767978576,-0.65217687088737,0.118859767083176,-1.02123491137016,0.920078372218926,-2.04720525539277,-1.49219579234947,-0.0917883507252107,-0.160132873202438,0.120844858548387,0.0685176876599117,0.197343596834555,"Male",0
-0.0145787357554711,0.715597207187117,-0.0849499800935474,0.47453357352304,-0.0174445300662847,-0.685554251479024,0.0106750429456468,-0.251702704486235,-0.46546397682075,-0.322207421819917,-0.292402775768295,0.679030229185848,-0.481403865926618,0.176832481034476,-0.343790807897869,-0.692999912865587,-0.68036958365596,-0.116930810303602,-0.270571590438111,0.542825429863267,-0.185463276833416,-1.05602926318443,-0.734281877151756,-0.217122405549463,0.174843553599235,-0.106919256445487,0.742452179246955,-0.0470684738543474,-0.859589377283662,-0.578269487995837,0.286766531424429,-1.80752051133494,"Female",0
-1.30177760745407,-0.66631232188456,-0.918790110817006,0.418185770303835,-1.41309710145305,-0.685554251479024,0.0106750429456468,0.102305756414605,0.283387854490788,0.430923290807243,0.0910310743836,-0.543689076789785,-0.0951309860238416,-0.690900182020652,-0.343790807897869,-0.446399375784327,-0.324668956427829,2.47844582158636,1.75815678114341,-1.03858773286906,-1.60053045194562,-1.24152740959395,-0.967661488432939,0.708398099462761,-0.570391265020455,0.669195143133427,-0.747019786330531,-1.00006134208517,0.390041615572628,1.45909126962783,0.747317319089795,0.430163262107089,"Female",1
0.89940640447885,0.715597207187117,-0.41877830488737,-1.05013070252325,-0.608650082772256,-0.685554251479024,1.61754992844861,1.61655894696278,-0.427643177259561,-0.076351399674919,-0.390381398261985,-0.755486892689727,0.76065202736351,0.133007599061989,-0.343790807897869,0.0999412080523052,-0.68036958365596,-0.839229136896843,-0.38727939764498,-0.845437133865184,1.50537120824451,-1.2426432400964,-0.268498117959427,-1.40419145526437,0.920078372218926,-0.106919256445487,-0.611397289839422,-0.658381285650296,0.001933170859468,-0.836711345408415,-0.0340709946168783,-0.324783127907786,"Female",0
0.35271798506626,0.0246424426512784,-0.648203183798446,-0.926030121914827,-0.948755558299524,1.46376914686795,0.0106750429456468,0.994868150235129,-0.196558091940698,0.942829069757214,-1.0986410792386,-0.755486892689727,-0.481403865926618,0.977513074671723,-0.343790807897869,-0.425382284555802,-0.48736157285888,1.48658038832854,0.777824294226579,0.944483558098753,-1.96702546598869,-1.3020719434915,-0.190312986952145,1.45747393452907,0.920078372218926,-0.106919256445487,-0.775811943836837,-0.895202536378058,0.460766619463441,1.84257762645669,1.52774458413487,0.148998529728782,"Female",0
0.039967598583602,0.715597207187117,2.71727614199495,-1.03535682387939,1.17231259115665,4.72234105769516,-1.59619984255731,0.376908099942434,0.283387854490788,1.91697299272359,0.0910310743836,-0.755486892689727,-0.481403865926618,2.17109526805594,5.4657975280256,-0.692999912865587,-0.68036958365596,0.40582808812861,-0.102922464929239,-0.740247775077226,0.31592666675195,1.71261351675599,1.48723815729184,1.15957008695523,2.03793060014846,-2.82331965497168,1.28201891408997,2.99643297090517,0.770987127409948,-1.476014887429,-0.273063978730265,1.37444088288814,"Male",0
0.661809800850058,-0.66631232188456,-0.702876432004573,1.77563369161211,-0.157315462521225,0.125376628996954,0.0106750429456468,0.188153295129934,-0.284035924541512,0.352063783546894,-0.681627900083507,-0.755486892689727,-0.481403865926618,-0.690900182020652,-0.343790807897869,-0.692999912865587,0.384502200052096,0.916462232366137,0.595432413259198,-0.468419695775279,-0.479830592570279,0.840541273681804,-0.538102017984543,0.265698716778061,-0.570391265020455,1.05725234292288,-1.48635741456062,-0.955335832017395,-0.865321084549728,1.52818210867827,0.134444914993297,-0.349605072809854,"Male",1
2.49111098237214,1.40655197172296,-0.996290383993683,0.884770823091883,2.07716585761307,-0.419810010241964,0.814112485697127,1.64199001386022,-0.522167043200818,-1.43403526431017,0.0442704869209341,0.324710245812037,-0.481403865926618,0.615912159669844,3.63527303232739,-0.692999912865587,0.226690760810972,-0.0315923598013708,1.37734260046024,-1.17552833068373,0.877468102710995,-0.13762667883256,-0.316515688404492,-2.43406809916727,0.920078372218926,-2.04720525539277,-1.68792454031211,-0.056535624023021,-0.74723402220501,-0.0646514174685207,-0.826539179423111,0.0766476361980743,"Female",0
1.33424892147353,0.370119824919198,2.02972876079504,-0.626494182374025,0.499235828359006,0.529703121369106,-2.39963728530879,-0.324504560549214,0.518616165746541,1.02026823329018,2.5922341612525,0.0330780748909979,-0.481403865926618,2.17109526805594,-0.343790807897869,0.225142437670927,1.30614561519123,-0.434989778122345,-1.01025985328939,-1.01250258605783,1.01628087366484,0.0990864699489892,0.380758525492866,0.335570760018324,0.54746096290908,-0.106919256445487,-0.252345649530848,0.0503312872105154,0.585061192338762,-0.51705957439812,0.30687686148347,-0.899473446846981,"Male",0
0.64241968815529,0.0246424426512784,2.25691833023501,1.00779244358613,-1.22705738145494,-0.685554251479024,0.0106750429456468,0.174098945858355,-0.729447715916187,2.42228679864519,-0.800458533437481,-0.270434340688645,-0.481403865926618,1.65634788494864,-0.343790807897869,0.436513338513864,-0.273062510511045,-1.22601931471704,-1.9880266867892,-0.0106440550033127,1.25377835978933,1.0755332227776,-0.965976984499225,0.511337522922492,0.54746096290908,0.669195143133427,0.138911181640248,1.6660406223192,-1.0711391776728,-1.72930524246388,-1.0899676222248,1.09016781999761,"Male",0
1.72326214235083,-0.66631232188456,-1.15663212638633,-0.576893821803142,-0.318264131063892,-0.685554251479024,-0.792762399805834,1.68488675053316,-0.524169378510567,0.223997195762175,-0.416289093950768,0.40474397261309,0.929267645764273,-0.223021384732804,-0.343790807897869,-0.692999912865587,1.91767323854573,-0.522608465905667,-0.0254011362870149,0.0197752154231129,0.290727062922475,-0.148813422744559,-0.253548762126296,-0.272581706898783,0.54746096290908,-0.106919256445487,-1.95360943910745,-1.78345343486564,-0.100845034876288,1.1606538317649,-0.30121597906426,0.615805817028779,"Female",0
0.55158673392814,1.06107458945504,-0.0680055931872706,0.563176845386196,-0.708742619177754,-0.531920862013848,-0.391043678430093,3.1917737985824,0.851524029981385,0.904609193879177,1.08093938945215,0.768181010771341,0.213305362523783,0.230759369698923,0.591651381784694,-0.249490472352196,0.279218266634621,-0.459107109357704,-0.952792454026614,-0.444920522488098,0.683369821534447,0.356478620985003,-1.05476666707222,-0.225167765007385,3.155782828078,-1.65914805560331,-0.567309373513275,-0.61724690395784,-0.349349452445414,-0.145551462812306,-0.408939654043589,0.976515392656156,"Male",0
-0.444809393159726,0.0246424426512784,-1.40993261072379,0.767504063963694,-1.06565730729459,-0.530846502646959,0.0106750429456468,0.665195637772715,0.283387854490788,-0.00730832293065211,0.0910310743836,0.508681320963138,-0.481403865926618,-0.690900182020652,-0.343790807897869,0.410922803912313,-0.68036958365596,0.789047000246834,0.927457633414953,-0.781511394866472,-0.210980443605171,-0.541282076752536,-0.945288158241223,-0.659086552520906,-0.570391265020455,-0.106919256445487,-1.67855882203534,-0.997588583309429,-0.984588512185421,0.935821940601237,1.07977162423282,-0.597824521830535,"Female",1
0.678636853320742,-1.3572670864204,-0.795194175004559,-0.950640785579787,-0.903934345653576,0.798602265618521,0.0106750429456468,-0.597326094882839,0.840336117602492,-0.159726929269948,0.67203976580622,-0.755486892689727,-0.481403865926618,-0.690900182020652,-0.343790807897869,-0.692999912865587,0.364843028660558,-1.46974303151213,-0.985868273294606,-0.0261024631973405,1.56069607394762,-0.431260157562597,-1.51464882139859,-1.68588974264874,-2.06086090225984,1.44530954271234,-0.738096619073713,-0.918779273735952,0.755300341506488,-0.781984152085993,-0.953700328135741,0.938888405669548,"Female",0
-0.596656592663335,0.0246424426512784,-0.784701518445822,-1.19507340962771,0.306900524258716,1.4754428750641,0.0106750429456468,-0.525262968254629,0.0671295683363024,-0.714325979834418,-0.829873967119262,-0.755486892689727,-0.481403865926618,-0.690900182020652,-0.343790807897869,-0.692999912865587,-0.68036958365596,1.0140127233945,1.46065554727035,-0.454819344210466,-0.48301112353871,1.17681231525462,0.757156288802781,0.0179323097958691,-0.570391265020455,-0.106919256445487,-0.470493060607164,0.427549269539657,0.724528273765075,0.800583324996849,0.718310892285424,-0.391305940245328,"Female",1
0.83115996570278,-0.66631232188456,0.740043610966654,-1.47981228269433,-1.30022389205183,3.02996661448061,0.412393764321387,0.725605339383498,0.519768116340353,2.21642012187851,3.71544938068453,-0.755486892689727,0.241202598925831,1.22644055044986,-0.343790807897869,-0.231680592762515,-0.014955090016644,1.65916806279712,-0.134774455313962,-0.570121850096203,-1.16516252997035,-1.50653887731439,-0.821384157011912,1.8161869845026,0.920078372218926,1.05725234292288,-0.173531842366953,-1.8256471811275,3.66472283493359,1.30176213342196,2.67559331322632,1.06755480473845,"Female",0
1.30192486931944,-1.70274446868832,0.176340167995304,0.834359595604592,-0.460395321861699,-0.685554251479024,-1.59619984255731,-0.334390990310676,0.844653545998706,0.358135691444714,0.874594846727573,-0.755486892689727,-0.481403865926618,-0.690900182020652,-0.343790807897869,-0.692999912865587,-0.68036958365596,-1.19789285819834,-1.34698530757433,-1.05049162945047,2.11226857759068,0.0425799140006203,-0.872160059690085,-1.19285217757441,-1.68824349294999,1.05725234292288,-0.345914134547518,-1.55268532837547,-0.824985728716006,-0.756001928143357,-0.988378175528421,-0.300326211607218,"Male",0
-0.428748282959547,0.715597207187117,-0.995822579445391,-0.639885564787829,-0.9092761328142,-0.247470923103078,0.814112485697127,1.04964733305034,0.283387854490788,-0.04417578502328,0.0910310743836,-0.755486892689727,-0.481403865926618,0.628240577987693,-0.343790807897869,-0.692999912865587,-0.68036958365596,1.68562156856574,1.48842554646196,-0.268388358741575,-1.27492937296442,-1.22496763354707,-0.302216772841276,0.43196313411283,0.54746096290908,0.669195143133427,-1.10959545289552,-0.844922004853111,0.102224214101853,1.4481156955096,1.15703738573861,0.370328290072395,"Male",0
-0.518892201107907,-0.66631232188456,-0.162748741616588,1.7691239341724,-0.351944174436264,-0.341944090094546,-0.792762399805834,-0.177912860984206,-0.833946623974054,-0.134515734473994,-0.203642152081256,-0.220389236117095,-0.481403865926618,-0.690900182020652,-0.343790807897869,-0.0699747464300986,-0.231038764869101,0.740769271113194,0.360979357690991,-1.32689207016638,0.268175243553345,1.25160578909685,1.5806422820541,0.735799004530536,-0.570391265020455,1.05725234292288,-0.288878139140868,-0.69752529403505,0.955332167803042,0.960514428333138,-0.897534659676839,0.764814660379549,"Female",1
1.76298597892697,1.06107458945504,-0.191898489986734,-0.190257765723341,0.562943217216573,1.28095313367522,0.412393764321387,1.58060656786476,-0.727266447638215,0.3131981627872,-0.334143568874513,-0.755486892689727,-0.481403865926618,0.948634899932774,1.32026213254253,0.884913071473565,-0.68036958365596,0.604250704033599,0.377263230418202,-1.03507647742054,0.218024251349783,0.134380883624344,-0.276355920070713,-0.139160510500855,0.920078372218926,-2.04720525539277,-1.31552064866733,-1.13676434289513,1.98728614514653,0.939960468695823,-0.065443290071233,0.5395757823991,"Male",0
0.631665427832668,1.75202935399087,1.64008421792613,1.35912512536883,2.00756547390548,-0.685554251479024,-0.792762399805834,-0.707350385168501,0.999968161344721,-0.909670066280943,0.307786850032327,0.205401060680616,0.394820837890896,1.05280963495,-0.343790807897869,2.10395392220113,-0.68036958365596,-0.765525067586794,-0.604856199582779,-0.358703028097286,0.890985373680535,0.919940455896219,0.98692108776322,-0.244360357728484,0.54746096290908,-0.106919256445487,1.962743863007,0.62900099486112,-1.12099841012519,-1.27361576808553,-0.450135071189437,1.31848872447794,"Male",0
0.134094543861725,0.715597207187117,1.55633548193609,1.8967250088313,-0.564290639376288,-0.0804750560469481,-0.391043678430093,-0.270729029958974,-0.705727913330547,1.67102736194739,-0.651418093484223,1.13928513714126,-0.481403865926618,-0.690900182020652,-0.343790807897869,1.51312198795519,0.910703479589332,0.627809457790071,-1.44732068327971,-0.405189453835292,-0.596606385474344,1.31917876364284,-0.623718619491347,2.43522525105744,-0.570391265020455,-0.106919256445487,0.162487757079101,-0.835675225266487,-0.156612189138165,0.930035754951428,-0.0547065295705004,-0.293404442842908,"Female",1
1.05602840621868,0.0246424426512784,0.766348167702264,-1.09575023059737,0.542463610005297,-0.438194831962766,0.0106750429456468,0.00233760611407123,0.283387854490788,1.21128215307992,0.0910310743836,-0.39104200226728,-0.481403865926618,0.190903821516461,-0.343790807897869,0.155661394927633,-0.68036958365596,1.69327581888501,0.883661745116992,-0.542311169256194,-1.17856382146389,0.995376374804898,1.51496811366617,1.85106141401985,2.03793060014846,-0.106919256445487,0.200130627188565,0.668706393210125,1.40529449152674,1.01578791438484,1.93443171389822,-0.960033159886464,"Male",0
-1.57462974440993,0.0246424426512784,-1.17882568480451,-0.0111490974295083,-0.418520586911176,0.807174126690866,0.814112485697127,-0.700982537860106,0.283387854490788,-0.92629102024087,0.0910310743836,-0.262152955654463,-0.481403865926618,-0.690900182020652,-0.343790807897869,-0.692999912865587,-0.0589779391385219,1.12099052369668e-05,0.336478086750953,1.42384595415638,-0.902433426127613,0.13786204819005,-0.070174858819003,0.23257084415121,-0.570391265020455,-0.106919256445487,0.114612813177927,-0.49693611936098,-0.130991450596876,0.86574062176157,0.715811662937119,-2.25586889927653,"Male",1
-0.943110686523732,0.370119824919198,0.735276562823133,0.203506205912943,-1.40232629933508,-0.42594931614513,0.0106750429456468,-0.902157117920527,0.283387854490788,1.47107944836366,0.0910310743836,-0.755486892689727,-0.481403865926618,-0.690900182020652,-0.343790807897869,0.439228514598924,-0.68036958365596,0.262634069116567,-0.747953940789016,0.902770741669887,-0.77432097156623,-0.0848081567091575,-0.715807280933793,1.50273807587787,-0.570391265020455,1.44530954271234,0.78121936901929,0.33546250415685,-0.832231423168414,-0.0848381292219415,-0.646993928221505,-0.843068737729393,"Male",1
-1.35718486823422,0.715597207187117,1.91448767484723,0.946269942046966,0.270632308628108,-0.685554251479024,0.0106750429456468,-1.38988230119234,-0.0381186917104624,1.40827601136954,-2.00974485949093,-0.755486892689727,-0.481403865926618,0.178373746865826,-0.343790807897869,-0.692999912865587,-0.0770052870256516,-1.31343134312958,-0.700151833111329,0.763923787187711,0.89505049907892,3.09888798190007,2.75058669216195,0.927079335474009,-0.19777385571061,-0.106919256445487,1.58059469063036,4.50084073598788,-0.649230097230525,-2.14893823637265,-0.99079670153114,-1.12703887528836,"Female",0
0.841647533466178,1.75202935399087,-0.254782481883534,1.15435640448706,1.59788467865944,-0.212836130047715,0.814112485697127,3.53398364485437,0.283387854490788,-0.636208272366126,0.0910310743836,-0.755486892689727,-0.481403865926618,0.148553028893747,3.06423528281537,2.13465804663411,-0.0977038906836295,0.892912247222794,0.80408727609378,0.0396244965138622,-0.962795835780884,-0.873002118133405,-0.593040171197211,-0.0393277330691812,0.920078372218926,-4.76360565391897,0.415557659657251,-0.297960982032181,-1.04467264220786,0.354600492665849,1.43051427052462,-0.974760388192726,"Male",0
0.66173638405204,-0.66631232188456,1.07936888424518,-0.906525540161172,1.03543983869635,1.98501133329835,0.0106750429456468,0.040184917665077,0.479284159156699,-0.0813607261374489,1.83264247235456,1.87135614866686,-0.481403865926618,0.89806482435302,1.26893582431463,0.0716218823052419,-0.68036958365596,-0.751451447562952,-0.415265453454789,-1.61380562232261,1.80288738070595,0.428972013036634,1.18351145789012,-0.934003527637225,0.174843553599235,-2.04720525539277,-0.046988776116948,0.622186988650946,-0.131218473204586,-1.19024086673218,-0.984684543518956,0.433381277409794,"Male",0
0.00358781898098483,1.75202935399087,0.624294464377331,1.19867962974829,0.916154594896243,-0.56077586409614,0.0106750429456468,1.21796294957591,-0.833946623974054,-0.0833604151472785,-0.213914814591974,1.38490373360082,0.494497193087057,1.25116815910274,3.59842984862162,1.1760755864409,-0.231038764869101,0.170214290442903,-0.222308963397678,-0.649496171417025,0.0953605691202932,1.12279480636856,0.761559957215889,0.400313564277651,2.03793060014846,-1.65914805560331,0.713735742378557,0.717251009013921,-0.888683652635607,-0.278951622523105,0.154755632140522,0.546037151707683,"Male",0
1.8823161989568,-0.66631232188456,-0.0510178147652266,1.41119747954372,-1.21204802515809,-0.685554251479024,-0.792762399805834,3.37059348296855,0.283387854490788,2.62298158194117,0.0910310743836,-0.13024140834829,-0.481403865926618,3.09118035865242,-0.343790807897869,-0.692999912865587,-0.68036958365596,3.09292644086023,1.25930147060928,-1.4303527055381,-1.89554728181534,-1.09605898421381,-1.1941520646608,1.9149240294688,1.29269578152877,-0.106919256445487,-2.16167170620206,-2.02388402018492,-0.410756963140556,2.73839150483567,0.841811641053964,-1.10434733498836,"Male",0
0.774026651831,0.715597207187117,-0.0949996011738881,-0.371392899195649,0.609112129473732,-0.248089684866321,0.0106750429456468,0.974229746923849,-0.718040557743257,-0.0791580732680909,-0.250151035267614,-0.755486892689727,-0.481403865926618,0.662906794364113,1.03026120516286,-0.692999912865587,-0.68036958365596,0.413879328469346,0.464782627372976,-0.302493670284765,0.000886156852431225,0.171945269963466,0.451713462273634,-0.0159111105589145,2.03793060014846,-0.8830336560244,-0.20919385682413,0.0117771317584006,-0.413225198221499,0.246921421875446,-0.590398397314085,-0.605301011258869,"Male",0
0.541629845544674,0.370119824919198,-0.8410831115835,-0.175517086806771,0.610212042151296,-0.685554251479024,0.0106750429456468,-0.344744187955253,-0.317397967500264,-0.602079657015022,-0.282377654365504,-0.755486892689727,-0.481403865926618,-0.690900182020652,-0.343790807897869,-0.692999912865587,-0.197163183936382,0.450403671474555,0.714068384049393,1.59231371359441,-1.41086804243008,-0.288262630317873,-1.24497813253119,0.00708454184752807,-0.570391265020455,-0.106919256445487,-0.662431073441516,-0.336765649191774,-0.0567335429517,1.12131002411989,-0.842299799927522,-1.84111193854295,"Female",1
-1.13229589465976,-0.66631232188456,-0.341811481604623,-1.19213634202542,-0.105870203435779,2.44298022490273,0.0106750429456468,-0.662247560768358,0.283387854490788,-0.977089856506075,0.0910310743836,-0.755486892689727,-0.481403865926618,-0.690900182020652,-0.343790807897869,-0.692999912865587,1.78118185839383,0.536590732880011,0.329983359951978,0.550003285656926,-0.954676420097921,-1.01098712491311,-0.710414075826681,0.0794144475140247,-0.570391265020455,0.669195143133427,1.86389146599449,0.350853365313147,0.335424002434239,-0.619804786508572,-0.841948104304591,-0.714012349031705,"Male",1
-1.17064662128016,-1.01178970415248,-0.649085418168456,-1.0180407545521,-1.40923090846011,2.91720737017761,-0.391043678430093,0.186314560564342,0.444284019389721,-0.0908556167493707,2.19825853051737,-0.755486892689727,-0.481403865926618,-0.038365219403204,-0.343790807897869,-0.0649905450986196,-0.22744411831881,-0.68193151761051,-0.719529852219042,-0.0666893727112189,0.827057900669833,-0.206534535387392,-1.00656575466818,-0.584671688304814,0.174843553599235,1.05725234292288,0.173866729252714,-0.742306039627208,2.544289144992,-0.572952969786206,-0.476282272761039,1.45298168456102,"Male",0
-0.278208358328105,-0.320834939616641,-0.779387252102404,-0.42143634201525,-0.360435164154444,0.293782095709346,0.412393764321387,0.00699779048848587,-0.724613178587278,-0.347436968483635,-0.188208965713533,0.69272490338038,-0.481403865926618,-0.690900182020652,-0.343790807897869,-0.692999912865587,0.13035618962057,-0.262179864175596,-0.240715569128134,-1.10217123502041,1.03253991036254,0.823055646081968,-0.723800551510195,-0.902394815892854,-0.570391265020455,-0.106919256445487,-0.78862050894539,-0.519742363352026,0.0707032552606731,-0.186509345460437,-0.246696868027837,0.077991712417179,"Male",1
0.586544328474357,0.0246424426512784,-0.92762873124175,-0.626219961792975,-0.482280604233837,-0.407274904523234,0.814112485697127,0.757326878291545,0.283387854490788,0.666475715688606,0.0910310743836,-0.755486892689727,-0.481403865926618,0.531075403405294,-0.343790807897869,-0.104976160274798,-0.68036958365596,1.25609334613519,0.822658253533957,0.619496758415776,-1.51579646583279,-0.392543383704697,-0.930289863564152,0.852653483719741,0.174843553599235,-0.106919256445487,-1.48213597393106,-1.31195427958001,0.634137956586786,2.06349994774678,0.26885689141007,-0.633167026161295,"Female",0
-1.31895823360725,-0.66631232188456,-1.41704567397656,-0.187446648627608,-0.773007547428253,-0.4040884997871,0.412393764321387,-0.149779560977021,0.283387854490788,-0.680455439890773,0.0910310743836,-0.230118284418427,-0.481403865926618,-0.690900182020652,-0.343790807897869,-0.692999912865587,-0.23920841611978,0.368911059935073,0.801686089180207,0.70641528872424,-0.747503729364546,-0.598588326454953,-0.558900033129341,-0.398751757051943,-0.570391265020455,-0.106919256445487,-0.482389629560001,-0.404504431269176,-0.515744607578752,0.642760404386356,3.59200503430627,-0.78035823899601,"Female",1
-0.478104736479474,0.715597207187117,1.58264068640291,0.604543705589002,0.240357043442188,-0.353373949932699,0.814112485697127,-0.750428318410825,0.00871685978471253,0.787971476468209,-1.86123942072899,-0.755486892689727,0.638142720741587,-0.690900182020652,1.1637047997545,2.1659198190023,-0.68036958365596,-0.332476148929031,-0.795762714918168,0.754261752574253,-0.25361231100381,-0.172547200521243,0.0470898160001645,1.01833985330193,-0.943008674330301,-2.04720525539277,0.93328793588042,1.17182385297041,0.686146548395081,-0.788656174544413,-0.0220897710399019,1.25513366510885,"Male",0
-0.995871181956207,0.715597207187117,-1.56802556640445,-0.226630869543448,0.351360937646128,-0.685554251479024,1.61754992844861,0.0535619946665093,0.83090202724125,-1.95451885082429,-0.0534684567094669,-0.388396304333194,-0.481403865926618,-0.690900182020652,-0.343790807897869,-0.692999912865587,-0.68036958365596,1.81425377125189,2.91549755841769,-1.46313123871537,-0.592996974821521,-1.36061548314619,-0.0528149979393383,-1.58946215032566,-0.570391265020455,-0.106919256445487,-0.822588418386093,-0.149722301921003,-0.590872539443383,0.51747842340367,1.44648348527942,0.466189335861775,"Female",1
-0.497767788882085,0.0246424426512784,-0.422863136290645,-0.116334667062841,0.711233726366178,0.77741837069455,0.814112485697127,-0.742296877378484,0.283387854490788,-1.26837737473278,0.0910310743836,-0.320504281540355,-0.481403865926618,-0.690900182020652,-0.343790807897869,-0.186540745311569,-0.315107111609862,0.673095504175129,0.606002265331104,-0.33801324788653,-0.334724983541318,0.955756048120905,-0.611503853991381,-0.1537785176884,-1.31562608364015,-0.106919256445487,0.706769690596288,-0.100263488680575,-0.16195850595448,0.123275102367663,0.452283907764986,-0.00309434561857486,"Male",0
-0.318079306967441,-1.01178970415248,-1.18973648447378,0.324159289676072,-1.3868446766426,-0.480709732192123,0.0106750429456468,1.47357678703682,-0.618833630923809,0.656183648598915,-0.470540699431943,-0.755486892689727,-0.481403865926618,0.223868457162698,-0.343790807897869,0.187387051293724,-0.68036958365596,0.858817957983725,0.448442320894733,0.589729698750439,-1.1241134489234,-1.6718015983553,-1.83220073810509,0.291829487336066,0.174843553599235,0.669195143133427,-1.52445018493569,-1.59008185157825,-0.888354382759868,1.42722552355742,-0.0209549780068254,-0.836497068965805,"Female",0
1.60370202528349,1.75202935399087,0.926391856577017,1.22436846338187,1.66042553854821,-0.558955063593558,0.814112485697127,2.69489976792161,0.283387854490788,0.631728102396758,0.0910310743836,-0.755486892689727,1.11898919397434,4.0863351733675,3.96614240443578,-0.182146305679869,-0.68036958365596,1.09673541039673,0.800167768170865,-0.325959814333427,-0.761121702920736,-0.381862768451053,0.182635175922076,0.53057797600274,3.90101764669769,-3.5994340545506,0.437360282296782,0.881905725411395,1.06442774011007,-0.09894673726318,3.89108497543498,-0.435811969522291,"Male",0
0.879731320205221,1.75202935399087,0.321893374043195,-0.92284805574538,1.52097996372148,0.171409975996451,1.21583120707287,0.945228669899704,0.0999955692716374,-0.770330972921838,-0.926390120909329,0.474099211775066,-0.481403865926618,1.78833599813688,1.66925803798442,-0.692999912865587,-0.68036958365596,-0.12113293372916,0.0769193242530091,-0.164706069797566,0.331601905978241,0.621254171490324,0.154509581715233,-0.484796958942723,2.03793060014846,-2.04720525539277,0.83844712534988,0.68322308683143,0.0601852336192285,-0.708808997607292,1.04706928661001,0.344647700218206,"Male",0
-1.36385334113315,0.370119824919198,-0.119617665973885,-0.201597256049154,-0.66220084201531,0.0686460240772921,0.412393764321387,-1.0762758698455,0.777945738401455,0.00738048674282318,0.821151050608336,-0.42390178746932,1.937550890186,-0.690900182020652,-0.343790807897869,0.851285417708955,-0.123494011520117,0.884235428926126,0.537772029146646,-0.448801231519305,-0.653975191331218,0.144675999815379,0.367236717771924,0.786946784765811,-0.570391265020455,1.05725234292288,0.572130755329157,-0.10600157388642,0.359787812199092,0.436281246167711,0.173770990856686,1.61546556527054,"Female",1
2.06276056369666,1.06107458945504,-1.37461848087465,-0.0429375845418772,2.73160192556722,-0.52330116689534,1.21583120707287,2.18100499623263,0.051919586573523,-2.33974793716418,0.80625441363415,-0.496833549742854,-0.00967675555939496,-0.690900182020652,6.6433163915088,-0.692999912865587,-0.68036958365596,0.621449982415079,2.3975987385425,-0.670443312671075,0.0129310632845785,-0.637402331015722,-0.248501920770868,-2.5512718947247,-0.570391265020455,-2.04720525539277,-1.59071792234531,-0.0257700606291677,0.125920246278335,0.458625777433357,1.53053947258677,0.180077501439636,"Male",1
-0.267223732356607,0.715597207187117,0.0804659542439669,1.27114110999994,-1.00885592874105,-0.442442074742922,0.814112485697127,-0.636586186733009,0.283387854490788,0.341986591847073,0.0910310743836,-0.755486892689727,-0.481403865926618,-0.690900182020652,-0.343790807897869,-0.0699747464300986,-0.68036958365596,-1.40978411756713,-1.00002672484924,0.274225508695729,1.34826695875992,-0.680558951827502,0.0789913531840521,-0.829799716649588,-0.570391265020455,1.05725234292288,0.0196184397881868,0.40969094313371,-1.0589862960747,-1.30151111447951,-0.361927718940124,-0.534303796687448,"Female",1
-0.526582833540745,-1.70274446868832,-1.82863671137474,-1.30761830174479,-0.612593964564637,0.367931847710751,-1.99791856393305,-0.478304467241533,-0.764633070719412,-0.990709905608878,-0.0398246776359042,-0.755486892689727,-0.481403865926618,-0.690900182020652,-0.343790807897869,-0.692999912865587,-0.68036958365596,0.815805037801841,1.58673716947424,-0.730789791569216,-0.0942853111973666,-1.31566421902629,0.216521305162675,-1.10479233144744,-1.68824349294999,0.669195143133427,-1.7190238800446,-1.46573860002765,1.02734237330069,1.25484917043473,-0.707742005122794,1.44222907480819,"Female",0
0.278580737843353,0.0246424426512784,0.696345669651045,0.143729049653331,-1.4428130955733,-0.685554251479024,0.0106750429456468,1.47683677103643,-0.0249736199748019,2.0562993560897,-2.5708247035044,-0.755486892689727,-0.481403865926618,0.976565650903015,-0.343790807897869,0.911794042245948,-0.101674355371693,0.897856941718394,-0.643517546580203,0.027585001035865,-0.874035545427288,-0.22478312367306,-1.1289341423326,1.76283024155682,1.29269578152877,1.05725234292288,-0.165505784960977,-0.909516439955207,-0.0483709686778586,0.866762652084387,0.0462016129209563,0.0315890810433347,"Male",0
0.945804444387562,0.370119824919198,-0.782638961956561,-0.688170675748691,-0.376823879232476,-0.685554251479024,0.412393764321387,-0.0969773811682101,0.82892186748447,0.0480830688650894,0.769667499550315,-0.0239609824385282,-0.481403865926618,-0.690900182020652,-0.343790807897869,-0.692999912865587,-0.68036958365596,0.463547328216917,0.81054616494358,-0.516979137139246,0.0434067904141539,-0.662623245371664,0.314002315584888,-0.47449657106531,-0.570391265020455,0.669195143133427,-1.73275927912843,-0.664044071673406,-0.099777180300855,0.936980262810552,-0.235208288696955,-0.133225291333711,"Male",1
-0.144002144953285,0.715597207187117,1.11759789833363,-0.687884993012484,-0.814006699631211,0.618761871327365,1.61754992844861,0.0611987591117142,0.646420717529905,1.16925525495856,1.80377633250922,-0.268683248443143,-0.481403865926618,-0.101969710344248,-0.343790807897869,0.440591003681299,-0.68036958365596,0.27098434534607,-1.09852828248194,-0.431626798008963,0.114232929775888,0.504781102231744,-0.900753328993059,1.13547479977765,0.174843553599235,-0.106919256445487,0.787797195442753,-0.416168901637773,0.0962445568026606,-0.246286993746027,-0.014161540061465,-0.740550705017427,"Male",0
-0.186372008206631,1.06107458945504,-0.697083946169279,0.44508485899718,0.227481133882939,0.15380865681852,0.412393764321387,0.337165883512012,-0.681989134902836,-0.171203571638531,-0.241498815778161,0.86264842078594,-0.481403865926618,-0.690900182020652,0.980795332692653,-0.692999912865587,-0.68036958365596,1.13190665478501,0.750356716924405,-0.190837566518372,-0.914914017615326,0.118069141087896,-0.0433249406584547,0.401655506038664,-0.570391265020455,-2.04720525539277,-0.56467408070344,-0.587295766423581,-0.245820345243522,1.12932970445976,0.705042809781989,-0.217488269298846,"Female",1
2.59807896235882,0.370119824919198,0.416830605190776,-1.30919588763173,0.265013475756762,-0.685554251479024,0.0106750429456468,1.41535221222328,-0.401137968620568,0.760363289132772,-0.683282268195967,-0.427663693039077,-0.481403865926618,0.895489516401053,1.2663220048135,-0.692999912865587,-0.405090735193351,-0.707278072298489,-1.01567771707726,-0.491600147868849,1.18427507564719,-0.0502828467112801,-0.159520463719132,-0.401154083911571,0.54746096290908,-0.8830336560244,-0.668748926566066,-1.07925867888281,1.01814671689004,-0.0597850971610044,0.374973123611841,0.184867450484677,"Male",0
0.0372776394446843,-1.3572670864204,-1.91285959977093,-0.860066750240082,-1.78268777564042,0.114768521548867,-1.19448112118157,0.883708951007228,-0.613136095540433,0.129074629232774,-0.342188555367515,-0.755486892689727,-0.481403865926618,-0.690900182020652,-0.343790807897869,-0.692999912865587,-0.68036958365596,-1.10536639556817,-0.485881711428004,1.61922649690547,0.148193584372299,-0.378724004186321,-0.912102316741523,-0.662472406924648,-0.570391265020455,1.44530954271234,-2.38910726322436,-1.4684819524896,0.128411047348696,1.32075151532791,0.126095578636931,-1.34530354444963,"Female",1
1.49663464635538,0.0246424426512784,0.153027103934931,-0.875781311608833,0.577574493844867,0.753353591316766,-0.792762399805834,0.0412617530209548,0.877246730840208,-0.22944920619623,0.609584932085129,0.0408395411073434,0.97092133213311,-0.690900182020652,-0.343790807897869,-0.692999912865587,4.0004546152025,-1.90845815579077,-0.890309324119522,-0.856545597877994,2.09701715251414,0.0350012711237478,1.11359337110633,-1.47325374674091,-0.570391265020455,-0.106919256445487,-0.266105261759291,0.216194492237419,0.178185859182988,-1.31151467906319,-1.06024483617909,1.25075716429717,"Male",1
0.43238900478314,-0.66631232188456,0.0910837565226705,-0.721028083874004,1.0870949259581,-0.685554251479024,0.0106750429456468,-0.200586662787881,0.763006788013056,-1.2629558503929,0.249603313352861,-0.755486892689727,3.03742538978571,-0.690900182020652,-0.343790807897869,-0.692999912865587,0.399738839246645,-0.873907603986622,-0.476911585091742,-0.663202693432476,1.26199699409858,2.05846631683845,1.12118354286955,-0.389063942199722,-0.570391265020455,-0.106919256445487,0.691420012106266,-0.262833881368106,-0.397932096844131,-0.275306134138234,-0.557847416551198,-1.32955477258942,"Female",1
-1.44820264747032,-1.3572670864204,-0.639416531631248,-0.216121424240862,-0.425060277896725,0.0663456310799529,-0.792762399805834,-1.02780410901957,-0.666786347668286,-0.77147286757554,-0.105070845070277,-0.755486892689727,-0.481403865926618,-0.690900182020652,-0.343790807897869,0.234179271829751,-0.68036958365596,-1.25530920759765,-0.697410824231931,0.701416479918476,0.875407908637983,1.28101932058599,1.01201426389214,-0.266694889768436,-0.570391265020455,0.669195143133427,0.250383597254801,-0.104200757494485,-0.700235314940296,-0.112550865301853,-1.02660464102164,-0.562364600541866,"Female",1
-1.08308386566782,-1.3572670864204,-0.40093831273574,-0.566503439858085,-0.529851253370934,-0.685554251479024,-0.792762399805834,-0.533131787114984,0.283387854490788,-0.192439674714197,0.0910310743836,-0.755486892689727,-0.481403865926618,-0.690900182020652,-0.343790807897869,-0.692999912865587,0.142134288021688,1.19676692841552,0.63559721131089,-1.34672338307275,-0.116264180503232,1.46992948863632,0.666694490214853,0.718740422822762,-0.570391265020455,1.05725234292288,-0.0261331714936632,-0.936275311277653,0.0838920280202702,1.09601537796064,-0.657981552807942,-2.36387852446757,"Female",1
0.47352608699254,0.370119824919198,-0.243875125856065,-0.00882698017674478,-0.0935621895452197,0.406949851384447,0.0106750429456468,-0.236875342980083,-0.315693610558441,0.275103572322414,-0.611973632668654,-0.755486892689727,2.65809060477273,-0.690900182020652,-0.343790807897869,-0.692999912865587,-0.68036958365596,-0.0404521639584347,-0.270571590438111,1.36827884613424,-0.863025492389811,-0.434447755040256,-0.661087286421531,0.697253868841906,-0.570391265020455,-0.106919256445487,-0.0949191198354705,-0.805629385276348,-0.25230198217601,0.833930661437182,-0.540785665161777,0.48217463259073,"Female",1
0.0526798235772494,0.715597207187117,-0.831619793106776,-0.48677556567998,0.32924590617004,0.137531418777844,0.814112485697127,-0.311437530398731,-0.29597076397246,-0.852496861730353,-0.19920571651344,0.0768872397565916,-0.481403865926618,-0.690900182020652,-0.343790807897869,-0.0468997402658116,-0.214396882691803,0.423794281851921,0.735436057649148,-1.256187447738,0.503395217087219,0.879485172326236,-0.345718000435757,-0.854650490001653,-0.570391265020455,-0.106919256445487,-1.08582763470759,-0.55399726329095,0.948874795998135,0.512929465523939,-0.0289357864651651,0.277363018251005,"Female",1
-0.346852946459128,0.0246424426512784,1.38500160427622,0.84775589874118,0.457393615289981,0.0245734153822319,-1.19448112118157,-1.07032383740277,1.6931089254511,0.930522925957118,0.494101683408796,-0.755486892689727,-0.481403865926618,-0.690900182020652,-0.343790807897869,-0.692999912865587,-0.68036958365596,-0.242012708531678,-0.421583997289861,0.720259341771978,-0.0709937436517102,0.51244743960928,1.78477494868044,1.12145049192404,-0.570391265020455,-0.106919256445487,0.355504901893185,0.952376367789632,-0.929593144983703,-0.0177370482538692,-0.75080838171964,-0.562364600541866,"Male",1
-0.155926513977335,0.715597207187117,0.305479502203287,0.65809555087969,-0.233615636256046,-0.685554251479024,0.814112485697127,-0.602845057794392,0.283387854490788,0.324152627311154,0.0910310743836,-0.755486892689727,-0.481403865926618,-0.690900182020652,-0.343790807897869,0.172821825783724,0.256286939329891,-0.0587499396394341,-0.56089258442178,-0.571840157623233,0.50500123581408,1.07875281595043,-0.029918490253384,0.387979540738942,-0.570391265020455,-0.106919256445487,0.29890991979289,-0.157712148993827,-0.945328157685893,-0.167650305272503,-0.342558651752239,0.412615971116861,"Female",1
-0.857499586030493,-0.66631232188456,-1.7178121035317,-0.182608548555824,-1.63214979840858,-0.666932022452943,0.0106750429456468,2.06098431397108,0.283387854490788,0.63094501723311,0.0910310743836,0.0667363357023793,-0.481403865926618,-0.0277548948077824,-0.343790807897869,-0.692999912865587,-0.68036958365596,1.10151416508296,0.651833154656613,0.591144654230347,-1.3693491715013,-1.87441684052873,-1.27282744309364,0.261209845148407,0.174843553599235,-0.106919256445487,-1.76176119585702,-2.377853458844,-0.596245104967994,2.1259148249309,1.81577782422071,-0.619843989082369,"Female",0
0.309064810082216,2.78846150079463,-0.879772706016523,0.668708518124495,0.362236539332382,-0.223340977190632,1.21583120707287,1.25224814513846,0.283387854490788,-0.79461192390387,0.0910310743836,2.1213948189054,1.53659722984565,0.647724604530476,1.28658053582681,-0.177674939315005,-0.68036958365596,0.384280449660892,0.649290847302775,-0.6193118305935,-0.105059075189373,-0.83727428311181,-0.590134980746505,-0.877394113534478,0.920078372218926,-1.65914805560331,-0.53847684824156,-0.637224677179761,0.0239720632756618,0.200358307099586,1.20934310434815,0.805401976066309,"Female",0
-0.252795537651584,0.0246424426512784,-1.25804925136252,0.0209355697548177,-0.323028932429036,0.905701724430813,-1.59619984255731,-0.0480901148320028,0.788715005555289,-0.432948974716414,0.610075914465084,-0.0778757898942223,-0.481403865926618,-0.281016411532295,-0.343790807897869,-0.692999912865587,0.457634098095702,0.465306120414626,0.787616823143898,1.26540826963414,-1.31386060141355,-1.00744109392693,0.328694842498212,0.1794663649152,0.54746096290908,-0.106919256445487,-0.973694037341415,-0.786238599469844,-0.64166400902095,1.58741019727123,0.171194889689272,1.23049558646532,"Female",0
1.05779635238277,0.715597207187117,-1.29940059514821,0.969212837672966,0.79553651212343,-0.685554251479024,0.0106750429456468,0.23652981038382,1.10150394719725,-1.25520939056492,0.186118268706547,-0.755486892689727,-0.481403865926618,-0.137904450988907,-0.343790807897869,-0.692999912865587,-0.68036958365596,2.34025730167025,3.41165416998374,-0.734248940259009,-1.59251156888048,-1.97259860570211,0.383486364338594,-0.758532753070445,0.174843553599235,-0.106919256445487,-2.11554389929112,-0.301971772018262,-0.0548942828698449,1.78234344374833,2.82700162747939,-0.362155494389551,"Male",0
-1.87317694941207,0.0246424426512784,1.07914199842492,-0.687637597653294,-0.257153096918943,-0.685554251479024,0.0106750429456468,-1.55861009106968,-0.0941844974309982,-0.146400036418507,-0.773921054754247,-0.755486892689727,0.441976860749657,-0.690900182020652,-0.343790807897869,1.07548704267346,2.72082289697352,-1.52711399517489,-1.86494166960914,1.13520964624596,0.412385736892814,1.92999955044935,0.880304683073742,0.933563262802261,-0.570391265020455,-0.106919256445487,2.5759122131856,1.63107778798716,0.952383570886866,-1.46272702103174,-0.744584782785173,-0.505551639694586,"Female",1
-1.45776579170321,0.0246424426512784,0.591110599045246,1.83446910269029,-1.28086107651148,-0.55903263662535,0.0106750429456468,-1.14628298924449,0.283387854490788,0.226403221692657,0.0910310743836,0.120127454429135,-0.481403865926618,-0.690900182020652,-0.343790807897869,1.85573940437054,-0.68036958365596,-0.751451447562952,-1.01181032729547,-1.19813086627187,1.5289368456672,0.244538105948399,-0.603577250847785,-0.590893418287686,-0.570391265020455,1.05725234292288,1.12039032369413,0.370546934748956,-0.977654758963683,-1.7860296616324,-0.246378276400904,-1.27683062331827,"Male",1
-0.326220728633571,-1.3572670864204,0.233773088574824,1.0913781828057,-1.69010254277706,-0.685554251479024,0.0106750429456468,0.384982970681605,0.283387854490788,0.646204697763504,0.0910310743836,-0.755486892689727,-0.481403865926618,-0.169150478435261,-0.343790807897869,-0.692999912865587,-0.68036958365596,-1.33510757589502,-1.30859882174357,0.0968341810720855,1.44241226647344,-0.84397587021414,-0.511888930903209,-0.781396344672803,0.174843553599235,2.60948114208071,0.349986044835345,0.124165031227008,-1.06172742815386,-1.5313673186868,-0.720965623185364,0.166578554130881,"Female",0
-0.741876672300298,-0.66631232188456,-1.55229658911941,-0.533224182484713,-1.31715727928845,-0.685554251479024,0.0106750429456468,0.605149245731302,-0.420532866942059,0.073080129919641,-0.442875612615252,-0.755486892689727,-0.481403865926618,-0.690900182020652,-0.343790807897869,-0.692999912865587,-0.68036958365596,2.86279491076,2.56321681886799,0.173847752790141,-2.74398453181474,-1.6672510795262,-0.800157008808954,0.937090268682265,-0.570391265020455,-0.106919256445487,-1.76966171800032,-0.835312203549384,-0.358930616462014,2.54269284225113,3.17047882998097,0.0315890810433347,"Male",1
-2.56169289122086,0.370119824919198,-0.183457443161401,-0.0983063116885833,-0.357566699624062,-0.685554251479024,0.814112485697127,-1.60404609038565,-0.507534304422526,-0.450298628256193,-0.235669360456349,-0.755486892689727,-0.481403865926618,-0.690900182020652,-0.343790807897869,-0.692999912865587,-0.68036958365596,-1.42605750940993,-0.00312071789494468,2.04348119112892,0.166234003016993,1.06634954427414,2.0331315813561,-0.32154555716535,-0.570391265020455,1.05725234292288,2.41220005333627,3.50671713461511,-0.886477293721562,-2.11134202298839,-1.0933138550237,-0.376754075046491,"Female",1
-1.7479492364466,0.370119824919198,-0.27341032091302,0.116340220312641,0.621854007076315,-0.685554251479024,-0.391043678430093,-1.3824961614748,0.283387854490788,-0.871125266472165,0.0910310743836,-0.755486892689727,-0.481403865926618,0.0461498510562825,-0.343790807897869,0.0163480175940879,0.854392911838931,-0.680065977321534,1.25074782071715,1.91874687734626,-0.677360467614241,0.978464428130836,0.654651621644638,-0.91333424394147,-0.19777385571061,-0.106919256445487,1.81298710645407,4.0829956817729,-0.517468739272265,-1.88988415548837,-1.01273997030034,-0.502301868696172,"Male",0
-1.45038100936775,-0.66631232188456,0.396961617933302,0.962526149651748,-0.163570207711072,-0.685554251479024,0.0106750429456468,-1.21140049853975,-1.70884060239464,-0.898140985136098,0.011768195194147,0.198602325161477,1.2586461355223,-0.690900182020652,-0.343790807897869,-0.692999912865587,-0.68036958365596,0.131708039933224,-0.162390456619177,0.139443477383679,-0.185463276833416,-0.601571085060156,-0.858574578391759,-0.0665175907912189,-0.570391265020455,1.05725234292288,2.60327728831901,0.988252048195163,-1.00522059436471,-1.72480046392286,-0.225087732189004,-0.300326211607218,"Female",1
1.77270471246393,-0.66631232188456,0.797620440700112,-0.934729590369494,0.628905961388326,-0.685554251479024,-0.391043678430093,0.65650081081337,-0.556279010041435,0.0649520804977013,-0.354388723621403,-0.755486892689727,-0.481403865926618,-0.690900182020652,-0.343790807897869,0.243395764719359,-0.00503340273575291,-0.0140665046596597,-0.378342132568957,-1.85443570430897,1.38107769714631,-0.0303579873202857,-0.0881904599704688,-0.460743500069211,-0.570391265020455,-0.106919256445487,0.357400727750765,-0.724062285802845,-0.168592754538883,-0.817737411826718,-0.705725238218746,1.50810774019528,"Female",1
0.817285562866542,-0.66631232188456,-0.124807799293542,0.502625354364697,-0.327555419863164,0.0115285902734145,-0.391043678430093,0.486872872323599,0.283387854490788,0.356602397368991,0.0910310743836,-0.146249199363062,0.629712400058819,0.783199884133241,-0.343790807897869,0.0163480175940879,1.87756790883554,-0.330277173138589,-0.225041907338522,-1.02603332214572,0.847520823806315,0.24517299031015,-0.277918013261512,-0.595027275026836,0.54746096290908,-0.106919256445487,-0.733503479555179,-0.259159561581688,1.26213319213533,-0.196444996848638,-0.300141550480085,0.109061300380535,"Male",0
-1.00318216711652,-0.66631232188456,-0.725788294293677,-1.03217904620882,-0.410637038335178,-0.314515122204638,0.0106750429456468,-0.00598269070590534,-0.503115744875523,-0.0435149012270294,-0.353552921089404,-0.00216505215170716,-0.481403865926618,-0.690900182020652,-0.343790807897869,0.184108142674892,-0.68036958365596,2.46812631401057,1.66586521070375,-1.82470408920666,-1.07500026373706,-0.0451394113298446,-0.198611967338394,0.724553682510884,-0.570391265020455,-0.106919256445487,-0.450451068049238,-1.11848739537947,1.20161151165435,1.48503707275973,0.828595027590628,-0.81135828365182,"Female",1
0.728797716579699,-0.66631232188456,-0.955390358085864,0.432832210407543,-0.259346384591831,-0.685554251479024,-0.792762399805834,0.0166575885283263,0.00188212274692417,0.339679585735474,-1.4565266325361,-0.755486892689727,-0.481403865926618,-0.690900182020652,-0.343790807897869,0.0395149017926353,-0.68036958365596,1.1154284754318,0.945376400316202,0.381586006716091,-1.22043638633167,-0.856246715206522,-0.387660526026517,0.511968127596652,-0.943008674330301,0.28113794334397,-1.55656878560322,-1.47632669258273,-0.349646492841232,1.97598988026326,0.916224578044809,-0.22826565465019,"Female",0
0.860884232609115,2.44298411852671,0.711206386937165,1.15165379214225,0.665036341942672,-0.685554251479024,1.21583120707287,0.132239952454376,-0.454990524634578,0.425092311094064,-0.524928032690292,0.305353566319661,-0.481403865926618,-0.690900182020652,0.52460045560116,-0.281280484696685,1.39817822492804,-0.179668806901977,-0.871086921158696,-0.34352682236336,0.299898217006963,0.95795277952047,-0.298569322192999,0.380372122024858,-0.570391265020455,-2.04720525539277,0.46267777473612,0.360868471137341,-1.1175807523391,-0.415032860274455,-0.432117194902983,0.641595564833543,"Male",1
-1.79302301803427,-0.320834939616641,-1.50385181869312,0.990047636840686,-0.616794674686033,0.46157505652762,1.21583120707287,-1.47692492271617,0.283387854490788,-0.947532645834274,0.0910310743836,-0.755486892689727,-0.481403865926618,-0.690900182020652,-0.343790807897869,5.84876433470714,-0.68036958365596,-2.19978332157215,-0.481548217214865,2.33720392761421,0.268175243553345,0.543145384091252,-1.42265957568599,-1.44485635711321,-2.80609572087953,1.44530954271234,-0.288878139140868,0.748007015601941,-1.04151652877743,-0.619804786508572,-0.986577978180119,0.407955770364651,"Female",0
-0.208677086903938,-1.3572670864204,0.697063289801683,0.00997226715165385,-0.734293005218976,0.224063702006421,-0.792762399805834,-0.566189184714015,-0.322569724934905,1.00459557173158,-0.874114402660529,0.405298841510886,1.10636055433382,-0.690900182020652,-0.343790807897869,0.65852670356263,0.538045405593923,-0.392721536418635,-0.867338627576237,0.101320360156211,0.136704682408257,0.0854690588019979,-0.425541422708638,0.490321853125987,-0.570391265020455,0.669195143133427,0.459679736201691,0.652297147180969,-0.0540283491010769,-0.661816817285443,0.745522619238572,0.0975839345528022,"Male",1
1.32828527451986,1.75202935399087,-0.131007904502429,-0.149156155697728,-0.685876429976891,-0.125978979280661,1.21583120707287,1.29907881225421,0.641252989942161,1.30101930586931,1.91112298642416,1.16400932732884,-0.481403865926618,-0.110353062254235,-0.343790807897869,0.424454478178847,-0.277410984601553,-0.654458662729596,-1.24750334348433,1.62090871730613,-0.568069431038619,-0.702103849294509,-0.424311902173235,0.871903418013911,0.174843553599235,-0.106919256445487,-0.465906869932004,-0.947294714084388,-0.269648664066388,0.693213208824639,0.140182252815032,-0.729889997912052,"Female",0
-0.894448238684987,0.715597207187117,0.433201669506379,0.224415801022675,-0.156111437210438,-0.479637247797951,0.814112485697127,-0.54975730298014,0.949348801920159,0.347483551160271,0.74782241475053,0.137523765961284,-0.481403865926618,0.929633665539253,-0.343790807897869,-0.692999912865587,-0.68036958365596,0.135335738389701,0.225350873905841,-0.660915247374268,0.45443741748698,1.17141881971632,1.24342626973108,0.255899301917139,-0.19777385571061,-0.106919256445487,0.656531078736085,1.46109826768579,-0.553708934931708,-0.736158635984646,-0.735632610918846,-0.59824099741614,"Female",0
2.16732294391872,-1.3572670864204,-1.62692419762868,-0.66606860083914,0.264645526384999,-0.685554251479024,-0.391043678430093,0.527686653100621,0.851524029981385,-1.21767454816467,0.242780366867854,-0.37456991682447,-0.481403865926618,-0.690900182020652,-0.343790807897869,-0.692999912865587,-0.68036958365596,-0.552835828476943,0.938775321707261,-0.269569966263305,0.89865589900613,-1.38574450134,0.791639251630852,-1.93671212968735,-0.570391265020455,-0.106919256445487,-2.4339751138128,-1.3616465210374,-0.232641711531695,0.869130066956449,-0.825508969489442,-1.15631828212707,"Female",1
0.00546153739118447,-2.04822185095624,1.33221692479514,2.64280172649091,0.189428477194301,-0.685554251479024,-0.391043678430093,-0.61552441539609,2.12290193489022,-0.481262427384183,0.227723203145747,-0.755486892689727,-0.481403865926618,-0.690900182020652,-0.343790807897869,-0.692999912865587,0.355283157206443,-2.7312665258926,-2.35233880802365,-0.307794249098894,3.00107072002968,2.216117293916,0.0556841325585747,-1.31393520969745,-0.570391265020455,-0.106919256445487,1.53670679897283,0.693996467447369,-1.27492041665396,-2.54815699916693,-1.41415818538987,0.673059057155353,"Male",1
-0.500732607829099,-0.66631232188456,0.426357397522542,1.18660837569928,0.447773460707749,-0.6305213955512,0.412393764321387,-1.1533908304472,0.283387854490788,-0.524961451479358,0.0910310743836,0.589969299224612,-0.481403865926618,-0.690900182020652,-0.343790807897869,0.351361563465302,-0.68036958365596,-0.533369627388618,0.241418903602354,-1.09490343239674,1.30822453419616,0.110871720323476,0.570561824557758,-1.24363947997705,-0.570391265020455,0.669195143133427,0.48629646855614,1.17088505740309,-1.17189362170397,-1.59372004542693,-1.332513091333,1.38148381191879,"Female",1
0.680620614748459,-0.66631232188456,0.0827609403083609,-1.1938630133974,-0.596295981489617,-0.685554251479024,0.814112485697127,0.54640795005871,-0.598350001166225,0.78880527566197,-0.517334733539672,-0.333217760780633,-0.481403865926618,-0.690900182020652,-0.343790807897869,-0.692999912865587,0.0288039006924071,-0.442213763322991,-0.943064446218218,-0.0141402155204025,0.539032481195542,-0.383406267245538,-0.754910832785533,0.122259869537787,-0.570391265020455,-0.106919256445487,-0.302886073570318,-0.908772186883878,0.387917663591956,-0.118519691097036,-0.816636397357179,-0.156370944774767,"Male",1
-0.199426921153103,-1.3572670864204,-2.01583988800439,-0.888645098522986,-0.757690484150495,0.520322918662731,0.0106750429456468,0.292732592953489,-1.82837430980777,-0.707720560737117,-0.0039774656626174,5.31252053284403,1.36304913560926,-0.690900182020652,-0.343790807897869,0.484517651697506,0.168865663851218,-0.372251829640542,0.276726600200406,-0.912448943022455,0.467776192523518,-1.42379832216973,-0.0261242118368489,-1.7753095157623,-2.06086090225984,-0.106919256445487,-1.9154263515443,-0.990322476753008,0.035859096761542,0.25866677703579,-0.158509151587219,1.73291403338061,"Male",0
0.259368722794261,1.06107458945504,2.03616733158889,0.746274173693324,1.04986675661706,-0.538556191126962,-1.59619984255731,-0.328300971342679,1.03238724281342,1.76009717594481,1.09817910942682,-0.755486892689727,3.58911310298011,4.70938916377903,2.39673224159981,-0.692999912865587,-0.211825998824426,0.806209051920046,0.927193645166183,-1.12515974922221,-0.0334161589658535,0.364320206000185,2.29597417907947,0.830197666339622,0.920078372218926,-2.04720525539277,0.944576285922022,2.76199517114167,0.62152636928978,-1.1125566520369,-0.272494478723509,0.890537482105012,"Male",0
0.628915169705954,0.715597207187117,1.81110564801896,1.43834448155181,1.82207459455548,-0.685554251479024,0.814112485697127,-0.571839547404295,-0.799567101559749,-0.071715657272052,-0.226008292944539,-0.755486892689727,-0.481403865926618,1.81884967420035,-0.343790807897869,-0.692999912865587,-0.68036958365596,-0.338221094698788,-0.00594389386564241,-0.742342042853998,1.04982930945053,0.742306980463455,2.26951151935392,0.0157956366031927,0.920078372218926,-0.106919256445487,1.29513314112947,1.32290775413187,-1.15796393137816,-1.22046910346198,-1.01486679365344,0.828026972259856,"Male",0
0.255660812773769,-0.66631232188456,-0.798705140622008,-0.862600936270524,-1.42447160825586,-0.685554251479024,-0.391043678430093,1.25813530261673,0.921189776658874,0.737051977351084,0.913868028701506,1.81026677561206,-0.481403865926618,0.343774705850577,-0.343790807897869,-0.692999912865587,-0.68036958365596,-0.854168045969524,-1.32626809025025,1.311736159692,-0.125042078557801,-0.863290811046703,-1.28672307991475,-0.0578758530656106,0.174843553599235,1.05725234292288,-0.493835961399758,-1.2282452216702,-0.0723053682060747,0.284048971613182,-0.631252042996705,0.406298115063529,"Female",0
-0.134483889026044,-0.66631232188456,-0.220844393962682,1.33888564252254,0.194721520167165,-0.685554251479024,0.0106750429456468,-1.04803927013412,-0.741739409731809,-0.767964941684245,-0.0915004843718601,0.717330443604862,2.20469273825183,-0.690900182020652,-0.343790807897869,-0.692999912865587,-0.68036958365596,0.0481351254227099,-0.127611129175624,0.080811940076651,-0.145824959518068,-0.0552629191658996,-0.704968509504944,-0.0752289044303187,-1.31562608364015,1.05725234292288,0.268212770381503,-0.593014592036918,-0.681614603914872,0.119362224887979,0.426422039535195,1.570026485805,"Male",0
-0.579903325842613,-0.66631232188456,-1.32476662279833,1.28509527666743,-0.292010302944378,2.59195805711139,0.0106750429456468,-0.473069306802828,0.462692644497031,-1.04504661132983,0.78787660285923,-0.755486892689727,-0.481403865926618,-0.690900182020652,-0.343790807897869,-0.692999912865587,-0.68036958365596,0.743443034309843,1.55259396643314,-0.974880450216524,0.148193584372299,-0.378724004186321,0.161345841515974,-1.07073774952065,-0.570391265020455,-0.106919256445487,-1.13288902465813,-0.432009100459413,-0.141652523075871,0.537567357636056,1.31511280834359,-0.209520829303133,"Male",1
0.822308672040662,1.40655197172296,-1.39800008228719,0.848561701167353,0.156342949829466,0.154833519954414,2.01926864982435,1.15572775425577,0.126941713167278,-0.841999784803022,-0.998842230081662,2.04163551608411,-0.481403865926618,0.155082915581936,-0.343790807897869,-0.692999912865587,0.494026609958113,-0.051923198208465,0.709731214706074,0.158993158511684,-0.203106953080093,-0.771294432314584,-0.315801135854935,-1.16489854158671,0.174843553599235,-0.106919256445487,-1.48493564037769,-0.398684303488348,-0.33652100367733,0.610207255792091,1.23221565912833,-0.293404442842908,"Female",0
1.51642629530519,1.06107458945504,0.204067346569212,0.976672364317175,2.03271210359025,-0.685554251479024,0.814112485697127,0.667687262219222,0.283387854490788,-1.3783357443606,0.0910310743836,-0.755486892689727,-0.481403865926618,-0.0650674173619703,2.19697544643179,-0.0906891381530186,-0.68036958365596,0.282012984274815,0.298655854215759,-1.17648214612415,0.702090350010245,0.607880315308925,0.147422783562693,-0.767450333891593,0.174843553599235,-2.04720525539277,0.75791939562671,-0.650172056270373,-0.57405896192773,-0.275306134138234,0.635127709785359,-0.395552077203043,"Male",0
2.17065075620635,1.06107458945504,1.25250128639515,-0.2240663249349,0.969338535452762,0.709131837282853,-0.792762399805834,1.02891461345503,-1.68945340448801,1.22772654652157,-0.230790226094986,-0.755486892689727,-0.481403865926618,1.30937729194296,3.71658905086063,0.590397977666383,-0.68036958365596,0.194610269494829,-0.794648487663006,0.889200977835281,-0.708321843927692,-0.474531576183068,-0.285541198287992,1.35557864619662,1.29269578152877,-2.04720525539277,-0.315987170940491,-0.44292925039906,0.0155861819611691,0.704684582686379,-0.680385984632813,-0.892660794203881,"Female",0
0.512962539309131,0.715597207187117,0.698800771022258,1.60866236350327,-0.157023950671497,-0.251765857694999,0.0106750429456468,-0.0874504564476161,-0.867436213246842,0.490205426369745,-0.316868523486159,-0.755486892689727,-0.481403865926618,-0.0241410240327982,-0.343790807897869,-0.692999912865587,-0.68036958365596,-0.754680327143353,-0.594391461894145,-0.379343236815475,1.20511801863009,-0.209187971434876,0.55809127797588,-0.429715808337113,0.920078372218926,0.669195143133427,0.160627434652899,0.507406212020993,-1.13542618919385,-1.08257818056464,-0.364129741715429,-0.0476047431680252,"Male",0
1.8573802900254,-0.320834939616641,-0.337001055149451,-1.00392875476427,-0.487369290343461,0.748357383529281,-0.391043678430093,2.06761484430796,-0.785858810976829,0.713162218822532,-0.394775177360061,-0.755486892689727,0.452496388015579,-0.0714049643458571,-0.343790807897869,-0.692999912865587,0.179615477110802,-0.208451994683552,-0.234942775134338,-1.00526543285454,0.982512356668697,-0.909157683200999,-0.91773161088067,-0.864339145941445,1.29269578152877,-0.106919256445487,-1.43753976815329,-0.907911951758677,0.109560876768462,-0.0712233881770709,-0.38504895808083,-0.731446305518675,"Male",0
-0.808011051769636,-0.66631232188456,1.45005743373426,1.52619361575085,0.805786921467022,-0.685554251479024,-0.792762399805834,-1.00872279047599,-0.648957471910334,0.634176577533798,-0.447100300660785,-0.308981563364232,-0.481403865926618,0.38945571635261,1.84923260367585,-0.692999912865587,-0.68036958365596,-0.0477766598896076,-0.2613665330953,-0.147056829298301,0.310234444119004,2.89117339706886,-0.123519067084997,0.582497710640144,0.174843553599235,-0.8830336560244,0.849596818529434,2.89827960864657,-1.12260053560109,-1.33085608886236,-0.597836612047645,1.29272361043657,"Male",0
-0.398122364012331,0.370119824919198,-0.348262458122539,0.62594035741804,-0.346702750101417,-0.198565394306392,1.21583120707287,0.431538959746249,0.283387854490788,0.396396066347242,0.0910310743836,-0.755486892689727,0.272973639814018,0.309920312791397,-0.343790807897869,3.15981829429382,-0.333034104102926,-0.569703164432963,0.00870024897622652,1.02189225918372,-0.294002554717365,-0.539103946254716,-0.671415357506167,-0.221260686988426,0.920078372218926,-0.106919256445487,-0.213646611457248,1.00103649311443,-0.820470678636228,-0.464111121531385,0.554664261280741,0.0401351771812522,"Male",0
-0.635085383466416,0.715597207187117,0.275070545830152,1.62530274745347,0.0704723144523144,-0.527981544335254,0.0106750429456468,-0.910055908051693,0.283387854490788,-0.450557686078785,0.0910310743836,0.560070272737643,1.91788459135582,-0.690900182020652,-0.343790807897869,0.0728651697770746,-0.68036958365596,0.256279244375156,-0.0519065758276012,0.212644063354878,-0.470923614052402,0.118069141087896,-0.154080853070722,0.490321853125987,-0.570391265020455,0.669195143133427,1.2404372185989,0.325374476292403,-0.616140474333476,-0.30555479629758,1.12759496645854,0.45584171074705,"Male",1
-0.0964382928750768,-1.01178970415248,-1.63100577159065,-0.6676170579701,-1.63800968356588,-0.107169726433657,0.412393764321387,0.923708267786995,-1.4691118669188,0.50894828055751,-0.17922637890849,1.76235851209604,-0.481403865926618,0.32445505026791,-0.343790807897869,0.284193086771812,-0.68036958365596,-0.825206559970059,-0.551736438424705,2.98150938166796,-1.35438245177191,-1.91575472396476,-1.18984986924858,0.188721087437659,-0.19777385571061,1.44530954271234,-2.26562437155245,-0.920857292080844,-0.278176570280212,1.64016355124041,-0.57090814963497,-0.0476047431680252,"Female",0
0.732558054302767,0.370119824919198,1.55937122182874,0.904319134071676,-0.416710914655266,0.543512864242381,0.0106750429456468,0.0231830966758532,-0.788572635000861,2.27077517757212,-0.719574259720134,-0.755486892689727,-0.481403865926618,1.17230243966626,-0.343790807897869,1.69789869538433,1.04396594427738,2.25014451283175,0.146152920200354,-1.2840663949801,-1.44966402654068,-1.52142658527207,-0.653470590431839,2.27102806233751,0.174843553599235,-0.106919256445487,-0.46739900207443,-1.55213636034382,-0.166834599687328,1.52063354090916,-0.933929349382545,0.194926343479266,"Male",0
-0.716890980053197,-0.320834939616641,-0.30372774931264,-0.965959919976592,-0.675112842736051,0.726047584399024,0.0106750429456468,-0.797481826537611,0.0726681973181431,0.627999358180164,-2.28339503557732,-0.284551120432562,2.0952475913994,0.448567156659428,-0.343790807897869,-0.144679743103976,-0.68036958365596,0.817051046535485,1.10806523990804,1.63984244967111,-1.94879158832514,-1.42748270615767,-0.150173705492062,0.933809619441143,0.174843553599235,-0.106919256445487,0.0324574999706256,1.26391306790322,0.192122954138687,0.396045139514788,-0.698437473312826,-1.29130775521461,"Female",0
0.320232313255187,0.0246424426512784,0.0946513702289794,0.380155201905884,0.910700335696563,1.75120489969037,-1.19448112118157,-0.479267013562713,0.283387854490788,-1.30221328629852,0.0910310743836,-0.0616038251615731,-0.481403865926618,0.148553028893747,-0.343790807897869,0.114902361277181,-0.0977038906836295,-1.09902399615178,-0.456535853531818,0.119479681209716,1.02605503576038,0.0456875322683627,0.646120395710677,-0.981909467433199,0.174843553599235,-0.106919256445487,1.11562794082902,0.340160211258905,1.37944971512459,-1.17230262521572,0.139972350211798,0.423133966110675,"Female",0
1.81060832019899,1.75202935399087,-0.0415627318950205,-0.352158952192261,0.969537985281813,-0.685554251479024,-0.792762399805834,2.96568727294785,-0.476238823314443,-0.165609106961081,-0.333219382367914,-0.755486892689727,-0.481403865926618,2.38986290587653,1.44297107239511,1.0012699642036,-0.68036958365596,0.425022187178333,0.69971554096111,-1.60157189830542,0.783821907014553,0.637668551273163,1.23051896214424,-0.413661002091304,3.155782828078,-0.8830336560244,-1.22435517524587,-0.550383248128329,-0.484847835528243,0.66524953905992,0.565841492957179,-0.967333019804504,"Male",0
-0.859176481626834,-0.320834939616641,0.493251639536518,-0.536712224828842,-0.453151767099834,-0.0710206936183215,-0.792762399805834,-1.19129698359284,0.283387854490788,0.115951459938332,0.0910310743836,-0.755486892689727,0.3764812510668,-0.690900182020652,-0.343790807897869,-0.692999912865587,-0.68036958365596,-0.0790335204331001,-0.663317135879707,0.0321961072398282,0.213316631785643,1.74108752346435,0.447895873130564,1.01901113199983,-0.570391265020455,1.05725234292288,0.671048425061631,0.0154418540333085,-0.458484418967562,0.115659778319266,-1.09624531391492,-0.93398267939464,"Female",1
-1.62059118254534,0.715597207187117,-1.33925340708448,-1.29833186374008,-0.331692380290426,1.47280751271466,0.814112485697127,-0.799872537812323,0.283387854490788,-1.08354164005738,0.0910310743836,-0.755486892689727,-0.481403865926618,-0.690900182020652,-0.343790807897869,-0.692999912865587,-0.68036958365596,0.994191954835232,2.26555161758983,0.462942841191882,-1.10737381826457,-1.55730467297812,0.6646792521275,-0.676486477824347,-1.68824349294999,-0.106919256445487,-0.453077931151492,0.774794505210863,1.02836962964893,0.387761164510052,0.211453357115122,-2.16603954082191,"Male",0
0.59721090637928,0.370119824919198,0.145499954949156,-0.97681257343245,1.73172631289266,-0.685554251479024,-0.391043678430093,-0.40590260552059,-0.49157073791235,-0.847714325644955,-0.127334489600846,-0.384354940057694,0.195459620875538,2.4520434452653,-0.343790807897869,-0.260883375411241,0.254568303507905,-0.771020235185093,-0.02669035214572,2.19161183161112,-0.762291707343553,0.0882889872828249,0.534872035509904,0.058056858258197,0.920078372218926,-0.106919256445487,0.931664518319268,0.94659488199322,0.00585654816068061,-0.136242457952042,-1.12211751767879,0.245688663940327,"Male",0
-0.0642722822083507,1.06107458945504,-0.319712096701656,-1.08095696853976,-0.251831350008399,0.680075877100314,0.0106750429456468,0.265254142224271,0.146416090955942,0.100992865742626,-2.6985286443425,-0.755486892689727,-0.481403865926618,-0.690900182020652,-0.343790807897869,-0.692999912865587,-0.68036958365596,0.874727390647151,0.189134040745204,0.221451398329846,-0.820351240098881,-0.58566868191756,-0.66075496137849,0.652403645375733,-0.570391265020455,-0.106919256445487,0.344835463261919,-0.950206310702582,0.14443456525541,0.663169195815015,0.402274276035174,-0.724351968246921,"Female",1
1.01318656973268,1.06107458945504,1.89022639359506,2.55877123930778,1.80186932774819,-0.685554251479024,1.21583120707287,0.119909181243846,1.41327665293838,-0.624495610371257,0.285129006630902,-0.755486892689727,-0.481403865926618,2.97502657425724,1.51658298506638,-0.692999912865587,-0.68036958365596,-2.1406073512347,-1.10415934646681,-1.09509674219801,3.07155935830298,2.88996570424769,0.680265269544683,-1.78599604635912,2.03793060014846,-1.27109085581386,1.10195615631175,2.02628194109733,-1.22625153340623,-2.79130752785419,-1.14554776590542,0.424285730025287,"Male",0
1.90365669687954,0.370119824919198,1.48440132537694,1.33184340457952,0.151256946620744,-0.469238439112057,0.0106750429456468,0.569259061912634,0.283387854490788,0.957876377008313,0.0910310743836,-0.755486892689727,-0.481403865926618,-0.690900182020652,0.641764356231966,-0.225731038038982,-0.68036958365596,-0.883117981563788,-1.40508805893859,-0.895821952780426,1.66149355616982,0.253320672952602,-0.29642137903346,-0.354528676291336,-0.570391265020455,-0.8830336560244,0.28955294635111,-0.174673182038691,-1.06697609576801,-1.20080449784744,-0.179623598659817,-0.246057906206552,"Male",1
1.25207644136775,-1.70274446868832,0.381534126098979,2.35468009878465,-0.321850846458815,-0.139302200047289,-4.00651217081175,0.674870390489874,-0.384539029314763,1.25025599765464,-0.867093851907637,-0.755486892689727,-0.481403865926618,-0.690900182020652,-0.343790807897869,2.78306669839077,-0.68036958365596,-0.187374525146085,-0.866819838893357,-0.589050915104603,0.552745533094854,0.465431008902783,0.83359487262294,0.895495025905525,-0.570391265020455,-0.106919256445487,-0.704665502439158,-1.47766104785814,-1.14541418700156,0.957770223054489,-0.689645426674019,-1.03920065477224,"Male",1
-0.158724335869276,-0.66631232188456,0.735724044353847,0.341924219654175,0.865677688991739,1.69809106385946,-0.792762399805834,-0.548687476236829,0.283387854490788,0.100207719407375,0.0910310743836,0.0503573869296249,-0.481403865926618,-0.690900182020652,-0.343790807897869,0.245261094754403,-0.68036958365596,0.329682921264632,-0.372326898126548,-0.31288364947421,-0.0390699694576087,1.52770263653836,-0.187509536039536,0.695701143145728,-0.570391265020455,-0.106919256445487,0.425518819036476,0.299165373642095,-0.343663002773309,0.056839976912052,-0.959606055840898,-0.00937324182461021,"Female",1
-0.573076828875353,-0.66631232188456,-1.51656825802551,-0.751492941700848,-1.08471481854421,-0.685554251479024,0.0106750429456468,1.24138992124515,0.283387854490788,0.524746621578413,0.0910310743836,-0.755486892689727,-0.481403865926618,0.147115609012032,-0.343790807897869,-0.692999912865587,-0.68036958365596,1.33447110821742,0.964687209046083,0.584663479729056,-1.52773615907369,0.207001655190719,-1.1253214714639,0.739245772752311,-0.19777385571061,-0.106919256445487,-1.78962947602005,-1.41713158516299,-0.187717278278233,2.34854661542215,1.26215180783864,-0.384984768032259,"Female",0
2.90205887858873,-1.01178970415248,1.87356939452641,0.324168319769983,0.166462860572025,-0.685554251479024,-0.792762399805834,0.159832960568307,1.35698326084491,1.23198477428939,0.683300543678089,-0.755486892689727,-0.481403865926618,-0.690900182020652,-0.343790807897869,-0.692999912865587,-0.68036958365596,-1.54004495903415,-1.82871590542321,-0.173938390670958,1.83411604346494,-0.702103849294509,-1.09765004109717,-0.782839714336611,-0.570391265020455,0.669195143133427,-0.431324513219318,-0.699057621765414,-0.86267934050683,-1.18252678450852,-0.79120585610485,-0.209520829303133,"Male",1
0.725274850743053,-0.66631232188456,0.547987401076333,1.93992257677465,-0.744311152756425,-0.590092727927847,-1.19448112118157,0.173992285280699,-0.020827583343332,1.61909293184033,-2.28463851856922,-0.0755981055150825,-0.481403865926618,0.131622880102196,-0.343790807897869,0.0986085338995116,-0.68036958365596,0.907546880847585,-0.515859294925962,0.00399163678823325,-0.809883357836368,-0.181984677502709,-0.271126189589926,1.67121134970622,0.54746096290908,1.05725234292288,-0.42225754238372,-1.28731694978181,-1.15886990614721,1.31923048540447,-0.170198317868965,-1.01955263176205,"Female",0
-0.55446118668236,0.715597207187117,0.268385923126227,-0.099853722609292,-0.586669934493885,-0.128039271151789,0.0106750429456468,-0.660061136808504,0.283387854490788,0.178586122577392,0.0910310743836,0.183106676611689,-0.481403865926618,-0.690900182020652,-0.343790807897869,-0.692999912865587,-0.286292902678166,-0.171324421884093,-0.328621116790226,-0.147414503371208,0.354482340239456,-1.09448751581516,0.92151222869435,0.011897706537075,-0.570391265020455,-0.106919256445487,0.929182309101635,-0.0451554280775354,0.41597360378205,-0.63339290040717,-0.90003084331144,-0.236321941288714,"Male",1
0.214734999119924,2.78846150079463,0.12691647218731,-0.00443792339130108,1.36438704667679,-0.350354129009551,2.01926864982435,0.800329518040455,0.67165080067548,-0.590849182892523,0.675321992279947,0.28578422280297,0.468121488789379,-0.06104017949416,0.934767242865178,-0.0868132644418755,-0.68036958365596,0.326790709254708,0.700792974181087,-0.596236543014127,0.124552237098848,0.882579730469855,0.757870397194094,-0.297858838410781,2.41054800945831,-2.82331965497168,0.342706073126048,0.949999166977323,-0.386146797385359,-0.295701163750892,1.20320231520001,-0.523628490873266,"Male",0
0.808369617546096,0.0246424426512784,0.191645570568102,-1.54229821529821,-1.10263079079179,-0.685554251479024,0.814112485697127,0.391441446297728,0.283387854490788,1.73217114858034,0.0910310743836,-0.755486892689727,-0.481403865926618,-0.690900182020652,-0.343790807897869,-0.407194678748333,-0.68036958365596,0.450804622609732,-0.633033290895659,-0.286434689055556,-0.0665483248873726,0.772003732045399,-0.767592522204952,1.07902015275042,-0.570391265020455,0.669195143133427,-1.25311714282021,-1.12915449328732,1.6465836054929,1.15703899088698,0.704680494928805,0.0438355487048852,"Female",1
-0.0888310886634601,1.40655197172296,0.0341106868500612,0.963908321250446,-0.448662720098201,-0.3213862171912,-0.792762399805834,0.901586892929607,-1.28669553903973,0.811502912630986,-0.253862680085919,3.00412117765336,2.2612771772494,2.03810291442784,-0.343790807897869,1.93343331664317,1.2138354293712,-1.1875662497739,-1.03014280916815,1.62604125121514,-0.564900700948736,-0.593886877947126,-0.105733532962856,0.350427253459378,0.920078372218926,-0.106919256445487,0.191929261290382,1.29852810006782,-0.824224682795162,-0.685118657404064,-0.906114227689448,0.112866953260257,"Male",0
-0.68182901222774,1.06107458945504,-1.26889807937457,-0.141548240797442,-0.94529618906086,-0.646843476180712,0.412393764321387,1.15531771119066,0.680045675187581,0.178690544008646,1.09825782803005,-0.459991035590466,0.0575159299932511,-0.333412072478603,-0.343790807897869,-0.692999912865587,-0.68036958365596,1.64884197030328,1.32626211615199,-0.40514963300103,-1.19049295713513,-1.13624309306425,-1.15372056544876,0.116780580806076,1.29269578152877,-0.106919256445487,-1.23515590325177,-1.47471542691014,1.96037231868643,1.58332574782475,3.19333814373474,0.174137964623783,"Male",0
-0.0725048559630939,0.0246424426512784,-0.338640973259168,0.952463655639094,0.955004328808793,0.0691360827358729,-0.792762399805834,0.389184207792783,0.9363755367105,-1.13949108723957,0.24992643811495,-0.755486892689727,0.317060636902742,-0.161245179896102,0.731360280243783,0.326495814028859,0.422533335184515,-0.21281562665044,0.260818736897986,0.817261890337771,-0.3798797855706,0.0337564978475624,-0.826963339440027,-0.545145403707748,0.54746096290908,-2.04720525539277,1.12039032369413,0.471202956309751,-0.979483101066545,-0.569099357155362,-0.395337097276929,1.38272035671043,"Male",0
-0.774935560617763,1.06107458945504,1.25781566228849,-1.038950470036,-0.0531021161935548,1.22796341371598,0.412393764321387,-0.839530341895217,-0.329605516858572,0.667236396898031,-0.739552272170297,-0.755486892689727,-0.481403865926618,0.0194063810607552,-0.343790807897869,-0.692999912865587,-0.68036958365596,-0.897641430887537,-1.05129138135517,0.494184778628722,0.733006586649211,2.17216497480672,0.264840221277482,0.585341818698692,0.174843553599235,-0.106919256445487,1.19640528096422,2.14407973844717,1.36963997528648,-1.47830142819198,-1.03974025213669,-0.352733889394149,"Female",0
-0.176188922943164,0.715597207187117,0.342680133456614,0.454893005443556,-0.74208958278273,-0.685554251479024,0.0106750429456468,0.56156286224122,0.69551942441634,0.667112281274984,1.32635075003602,-0.202845050655702,-0.481403865926618,-0.0223192776994966,-0.343790807897869,-0.692999912865587,-0.216306606876093,0.372031026985169,-0.620198719768728,-0.296160009625261,-0.0516027298340436,-0.334247457279313,-0.422304933055722,0.636803300849357,1.29269578152877,-0.106919256445487,0.611957157936801,-0.849288539657906,-0.838463332004895,0.0682512650835519,0.463590521694945,-0.376754075046491,"Male",0
-0.959852127529036,1.06107458945504,1.4566139401327,0.764865029819974,1.19117862588422,-0.653836390428149,0.412393764321387,-1.19885744055167,-0.705727913330547,-0.119856237105648,-0.245165959959182,2.08667115205675,1.24642095986811,0.455238511101353,-0.343790807897869,0.4100610375448,-0.68036958365596,-0.615467978021104,-0.701476600576165,1.0121933208951,-0.290639420904351,0.749031790911063,2.27663846518164,1.24727680688329,0.920078372218926,-0.106919256445487,0.503856922287481,0.96128227440084,-0.476962524532118,0.189403991775852,-0.270302038792385,0.122966570517982,"Male",0
-0.668881232595908,-0.66631232188456,0.407095963363693,0.645910565791808,0.319154292206391,1.58349273139126,-0.792762399805834,-0.930414566563288,0.475847381881857,-0.309518728732852,1.59774875458755,-0.755486892689727,-0.481403865926618,-0.690900182020652,-0.343790807897869,0.0582074648460978,0.944961033582655,-0.140997517195438,-0.115946446580339,-0.0472355289447875,0.15964928173833,0.910164236793153,1.45980477799104,0.485388819461398,-0.570391265020455,-0.106919256445487,0.894553115195827,0.487096012345667,1.37948075709495,-0.143440621269204,1.11594244062657,-0.8619695549698,"Female",1
0.405468028739432,0.715597207187117,0.45650863434271,1.74566367850056,0.229252227383223,-0.37690959461625,0.0106750429456468,0.62860840303438,-0.715081253924598,0.0355512567392615,-0.276939669789245,1.63537497710292,4.7510869185723,1.0445651440896,-0.343790807897869,-0.136254019455148,-0.278839915803871,-1.61708887322802,-1.54470494430556,1.80852066814542,0.0172262748287536,-0.0200600829441417,-0.246317938950272,0.407451552368138,2.03793060014846,-0.106919256445487,0.759682041367993,0.172804254094058,-0.688203920225545,-0.439818492953384,0.475421744435462,0.907982275550171,"Male",0
0.340233162333534,0.715597207187117,0.764695930958858,0.243110242717234,0.6437118339145,-0.685554251479024,0.0106750429456468,-0.350076948202314,0.83896853439043,-0.26119462420547,0.632491438861689,-0.755486892689727,-0.481403865926618,0.210391202810093,-0.343790807897869,0.174416340956207,-0.367575754003227,0.106199621978408,-0.645900175090679,-0.901946074416532,0.634093608064212,1.53484761852149,0.0684322808564866,0.407727607156169,0.54746096290908,-0.106919256445487,0.522842831660028,-1.00916350443522,-0.786589307561759,0.253813342983059,-0.426482875578047,0.506752026311497,"Female",0
-1.04190617010614,-0.66631232188456,-0.707127033121118,-0.648668714981258,0.278109316718689,0.111678472232157,1.21583120707287,-0.558822366167406,-1.01615809276986,-0.845850476624972,-0.0395087287650259,-0.755486892689727,-0.481403865926618,0.0620247748456342,-0.343790807897869,-0.692999912865587,2.45526825329361,0.0616400408668276,1.04935928398093,0.546889200527985,-0.549769903974783,0.317825249688075,1.1845424706067,-0.320205935096234,0.174843553599235,-0.106919256445487,0.428020449278113,1.29906001979285,0.27552584299087,-0.0611869717419003,-0.263798742836709,-2.40786353975303,"Female",0
-0.0396017330737156,0.0246424426512784,-0.106860126320445,-1.34915400627496,-0.627335280052215,1.40120718240768,0.814112485697127,-0.676788804617357,0.283387854490788,0.290195238354661,0.0910310743836,-0.755486892689727,-0.481403865926618,-0.690900182020652,-0.343790807897869,0.64699162575528,-0.68036958365596,0.26161296553879,-0.0177385849409436,-1.05665201486549,0.586948257879176,-0.0112182407230313,0.516689684190528,-0.0229802984596283,-0.570391265020455,1.05725234292288,-0.496553823320347,-0.733662508034629,1.18548232002602,0.288240736737853,-0.349550375386369,0.160279045386796,"Female",1
0.0967115462519665,1.06107458945504,0.430971415834116,-1.04589879866618,0.0950527109497852,2.60996636649925,0.412393764321387,0.0352636397361573,0.283387854490788,0.286943163301785,0.0910310743836,-0.0305158741074398,-0.481403865926618,-0.106191434155541,-0.343790807897869,-0.41163370866891,0.943019180993363,0.439210435175794,0.289897626805633,-0.566063245471356,-0.0732731051248629,-0.452023337309568,-0.537522224651156,0.04318390207297,0.920078372218926,-0.106919256445487,0.539584447821833,0.733125076930318,0.761116510898693,-0.794729430782638,0.49260725579486,-0.463372320277666,"Female",0
-0.38902091264805,1.75202935399087,-1.19676612227146,0.217279482413795,-0.711905504871196,-0.442617708449565,0.0106750429456468,0.184349937677851,0.13166263612423,-0.326890867019328,-1.79451104989899,0.261781745287426,0.137021281277361,-0.690900182020652,-0.343790807897869,-0.298191006054828,0.458587998918623,-0.279637170233887,0.134009197915592,1.29230668762078,-0.681689822604348,-0.679155311613363,-0.448068326643383,-0.201479262328527,-0.570391265020455,-0.106919256445487,-0.604033382703132,-0.39470882011812,-0.212423282262253,0.612362648247701,0.765983378751808,-0.612323321422865,"Male",1
0.0540726622724007,-0.320834939616641,0.373138150295276,0.798450862789656,-1.19623044170821,-0.320155919778066,0.412393764321387,0.34068078419559,1.18124591754289,0.932871129530412,0.724476418772902,1.05046769824293,0.616484825463757,0.765651073821889,-0.343790807897869,0.00790339937433161,2.35261344315538,-1.39332580081703,-1.42939173898395,-0.133751566687406,1.12684815714257,0.0601041988601649,-0.142843443126296,-0.144850276133285,-0.19777385571061,1.05725234292288,0.000337403605122374,-0.0824051622746276,-0.546280295396511,-1.00326459599222,-0.566645559720908,-0.243657747008343,"Female",0
-0.523368923226189,0.715597207187117,-0.912040135852717,0.677318737427273,0.779750824900385,-0.175375448726744,0.814112485697127,-0.417489202919655,0.283387854490788,-1.63087497846254,0.0910310743836,0.453881801985652,-0.481403865926618,-0.690900182020652,-0.343790807897869,-0.692999912865587,1.35068631471695,-0.0801292540250545,1.14276589666883,-0.448458986627165,0.296654791918432,-0.580629355361158,0.790331907340997,-1.5840151159625,-0.570391265020455,-0.106919256445487,0.32638577780396,0.659876575199494,-0.90318478909842,-0.646067015613037,0.142883074076859,-0.849011812089507,"Male",1
0.884083311842024,0.715597207187117,-1.23121024718164,0.428907874560328,1.10748346657364,-0.448775795725345,1.61754992844861,0.574502556803515,0.283387854490788,-1.34387543622979,0.0910310743836,0.139499453259194,0.824403568789026,-0.690900182020652,-0.343790807897869,0.557461217643884,0.822701650870003,0.855113305360527,1.9135471897333,-0.192485551391918,-0.871942807684176,-0.241005722269728,0.0400909831843602,-0.740040042812017,-0.570391265020455,-0.106919256445487,-1.40847501541348,-0.237219468002649,-0.301446877937693,1.23561007926654,1.20664351482145,0.0592148336752051,"Male",1
0.614429943346201,0.0246424426512784,1.71584843459509,-1.40384733324289,-1.07098722310655,5.35196842224016,0.0106750429456468,0.497427171695475,0.283387854490788,1.97486438475581,0.0910310743836,-0.755486892689727,-0.481403865926618,0.295795830001716,-0.343790807897869,-0.692999912865587,-0.68036958365596,0.615119756139276,-1.12598773325638,-0.976275131370892,0.275491993882163,0.20969114654463,-0.583760742988799,1.42570857924413,0.174843553599235,-0.106919256445487,0.252234811803241,-0.881565268940787,2.33140886404178,0.0886400228013972,0.0109734482848667,1.16708876642681,"Female",0
-1.50480965535823,-1.01178970415248,-0.114869831614224,1.1221945791651,-0.687915011263115,2.04570600567965,-1.19448112118157,-0.624026591264765,0.283387854490788,0.0493992602753052,0.0910310743836,-0.755486892689727,0.128332663506703,-0.690900182020652,-0.343790807897869,-0.303737908051358,-0.68036958365596,0.343448275673755,-0.118077643577793,0.110042250291113,-0.273191717966062,0.815564644257942,-0.296929074689353,0.669256437868807,-0.570391265020455,-0.106919256445487,0.760137707143094,0.14727357783228,-0.563649177288704,-0.0293170137680083,-0.213006437282618,-0.924163797446558,"Female",1
2.09826597301359,0.715597207187117,-0.574535809824495,-0.175626354322165,-0.292621485039556,-0.685554251479024,0.0106750429456468,1.49219108422664,0.283387854490788,0.559587577042799,0.0910310743836,-0.755486892689727,-0.481403865926618,0.77437293762934,-0.343790807897869,0.0121004251961446,-0.171845483352261,0.252604426988336,0.23271802028593,-0.8908438119894,0.474621516304205,-1.1599363516217,-0.90521535250976,-0.779912161162882,0.174843553599235,-0.106919256445487,-1.58636487342406,-1.5277533042075,-0.499431320464234,0.607600591697124,-0.0283338434845172,-0.502969232383346,"Male",0
3.01099833472569,-0.320834939616641,-1.21294856599011,0.953842822633292,-0.482674167644582,-0.685554251479024,0.412393764321387,2.37134013554558,-0.636769951303784,0.049559420237033,-0.311672143606571,1.88852505743391,-0.481403865926618,1.44156701607562,-0.343790807897869,1.35931828245134,-0.68036958365596,-2.62834498126115,-1.6366878334885,1.58192561269849,1.31777025150702,-1.7489323968092,-0.707970096170304,-1.77047457853512,-0.19777385571061,1.05725234292288,-2.33493633174386,-0.874824626130699,-1.122173543893,-0.122195621973639,-0.899765698872619,1.11694329055874,"Female",0
-0.0357826563557522,2.09750673625879,-0.138302145924651,0.304665402903006,0.631466999779258,-0.566885702374889,0.412393764321387,-0.216529191599783,0.737725669529202,-0.286404998574208,0.740698166754554,-0.146249199363062,-0.481403865926618,-0.322375165482185,1.15235317620287,0.725695948053786,0.854392911838931,0.3693004352273,0.549747699890704,0.5515274990107,-0.849524484387529,-0.121472728600193,-0.511060421988048,0.0415866628024289,1.29269578152877,-1.27109085581386,0.364121773035015,0.721327106272575,-0.759989212280436,-0.0553250669619931,0.912180174941827,-0.24417512826408,"Male",0
0.346862119555053,1.40655197172296,1.4404874187414,-1.16957022846093,0.667450571990494,0.524604139385128,0.814112485697127,-0.0111382161742884,0.0884409664872312,0.422467803790935,-2.23894719107928,0.551569095578163,-0.481403865926618,1.68099588565187,-0.343790807897869,-0.692999912865587,-0.131590748433234,0.693902508068199,-0.0339521711452082,-1.0784770959885,0.111343832628035,0.333073191741968,0.335257820998269,0.659379865474548,2.03793060014846,-0.106919256445487,0.872469442522182,0.455104497287913,1.18105373685197,-0.477886924869741,-0.693838806731175,-0.67773689840374,"Female",0
-0.434112832235663,1.75202935399087,0.500013148050431,-1.13262871432371,-1.17347762578391,0.994689400393275,0.412393764321387,1.09419982212042,0.677741199831321,1.16339193244146,1.66440996456667,-0.755486892689727,-0.481403865926618,0.588580136837111,-0.343790807897869,-0.0773044542705102,-0.236325009796001,0.91374295303586,-0.38776460480453,-0.608924866251288,-0.361581761218864,0.563603598995157,-0.95530083739596,1.29625703412947,1.29269578152877,-0.106919256445487,0.26913773156904,-0.631671256399522,0.87513288995505,0.383069068169524,1.64776212958468,-0.431585808266226,"Male",0
-0.781348191782379,0.0246424426512784,-0.464837191261298,-1.18725524605266,-0.560222649905046,1.05692064675892,0.814112485697127,-0.56773991804539,-0.699017494281556,-0.268126270443904,-0.213598400878618,-0.206594316883874,-0.481403865926618,-0.690900182020652,-0.343790807897869,-0.692999912865587,-0.68036958365596,0.459273248398605,0.225204117564215,-0.534856085924966,0.0749018440941271,-0.221069028363899,0.198278783576591,-0.0111909648792105,-0.570391265020455,0.669195143133427,-0.0173216186792337,-0.452729181897557,0.775490324500407,0.1986716589466,0.576669610501528,0.188812114404124,"Male",1
0.476889581794045,-0.66631232188456,1.91630160241749,2.51427802894135,-0.530718520993489,-0.685554251479024,-0.792762399805834,-0.210355166539398,-0.1867632767074,2.33853658636467,-1.78951505554204,-0.755486892689727,-0.481403865926618,-0.690900182020652,-0.343790807897869,0.530394959407735,-0.68036958365596,1.7693641943076,-0.5982058814326,-1.68182512785819,-0.450576697838666,0.919039251871084,0.312305712380389,2.62061720522401,-0.570391265020455,-0.106919256445487,-0.368806798227031,-1.40099904472106,-0.883881278760581,1.49461161752028,0.0231559291208138,-1.48332648884252,"Male",1
0.169021260200138,-1.01178970415248,-1.00444772580453,-0.240194472166199,-1.05207014964648,-0.139302200047289,0.0106750429456468,0.331529151339863,-1.05000577726836,0.835992279375021,-0.31920545078048,-0.0104890503897016,-0.481403865926618,-0.690900182020652,-0.343790807897869,0.174416340956207,-0.0547819243504927,0.228409443592444,0.52712164190532,1.71305386420101,-1.41103916892803,-0.886229526459963,-0.881884228624303,0.368803882043956,-0.570391265020455,1.05725234292288,-1.57101378278385,0.403913571730434,-0.134320049548829,1.00879197340793,0.894041229921432,1.69299798058236,"Female",1
0.634569292993771,0.370119824919198,2.07434119294529,0.327565598144126,-0.0508359458741355,-0.426803279748202,0.0106750429456468,-0.0754120923672929,-0.329605516858572,1.67961219203649,-1.11011471061772,-0.168355066319757,0.589396134965019,0.0194063810607552,-0.343790807897869,-0.692999912865587,-0.187344766525532,0.643372981569276,-0.980179307376296,-1.46533859967723,0.448577209570721,1.88949123622156,0.863994781101075,1.93507424305427,1.29269578152877,-0.106919256445487,-0.0729529211604081,-0.420676596126622,-0.938141439662304,0.59569045864715,-1.13814074723527,-0.986183212210078,"Female",0
0.170087438787925,-2.04822185095624,0.087426571318394,-0.519786340948807,-1.71654471065244,1.66570457859671,0.0106750429456468,0.818507923337055,-3.56785013511143,1.75516794017638,-0.104554673504285,-0.755486892689727,-0.481403865926618,-0.690900182020652,-0.343790807897869,-0.692999912865587,-0.68036958365596,1.55971643649428,-0.270571590438111,-1.76844413569545,-0.0985963261210576,-0.36538314302424,-0.734281877151756,1.20690621850267,-0.570391265020455,1.8333667425018,-0.756545825283314,-2.02592302539,-0.0915184432089883,1.16621304953907,-0.950968811334312,-0.908098833106387,"Female",1
1.36748658426491,0.0246424426512784,0.694869616829354,-1.25696500353728,-0.436390837409837,-0.685554251479024,-0.792762399805834,0.991242930177921,-0.555778513201859,1.42983014269759,-0.719594160231666,0.369781058266909,1.57083869489213,0.670438404802967,-0.343790807897869,-0.692999912865587,-0.68036958365596,0.0149246926227226,-0.672191827028268,-0.262192561081386,0.183630651436758,-0.283735131600569,-0.540351841906867,0.600018388239034,1.29269578152877,-0.106919256445487,-0.914130767297144,-0.392702897725955,0.649328719089623,0.268033882256708,-0.153986704590263,-0.746143990808139,"Female",0
-0.0361505994534201,-0.320834939616641,-1.32043110276629,-1.1880202365326,0.000873606681262711,-0.685554251479024,0.412393764321387,-0.165620758148884,0.969024920821483,-0.541605287432548,0.438018785856742,-0.755486892689727,-0.481403865926618,-0.690900182020652,-0.343790807897869,-0.692999912865587,-0.294353562061801,1.27920559727722,2.72653754877282,0.441894989419226,-1.41028728187767,-1.02542108285915,0.278797799091555,-0.680102046718567,-0.570391265020455,-0.106919256445487,-1.76966171800032,0.954351859801574,0.293644333147993,1.08389763975928,1.26756913478586,-2.40362101345599,"Female",1
1.94413387730395,-0.66631232188456,0.744044782006036,0.228058798125261,1.1674234556044,-0.41763771399207,-0.391043678430093,0.179824804125436,-0.822246786503217,-0.0927189636538378,-0.21524254831725,-0.755486892689727,-0.481403865926618,-0.690900182020652,-0.343790807897869,3.62250948605674,-0.235743799620792,-2.02951298702657,-2.43602217269522,2.08136687589712,0.391678924496336,0.440973321874836,-0.346273902731071,0.785858350327431,-1.31562608364015,-0.106919256445487,0.42825526946908,-1.51135177202384,-0.583737162951541,0.361385092493857,-0.807099539803407,0.590604310770584,"Male",0
-0.0650511694320024,1.06107458945504,1.39549634909204,1.24644326046013,0.748073936197527,-0.489556837676275,0.412393764321387,-0.417403716362161,-1.09235296915647,0.455884403808282,-0.244584377411417,2.53876252399525,0.720194180676555,0.106170212056052,1.27418900552707,1.60833734686683,0.426125852835473,-0.948307926736841,-0.92423935341571,0.035722777391914,0.519375727155134,-0.590349305942867,0.857164028790384,0.0604569782234267,0.54746096290908,-2.04720525539277,0.822764663596155,1.2394018439871,-0.467252049660866,-1.2874813277475,-0.988747538729367,1.14892768996599,"Male",0
0.624044170420433,0.370119824919198,-0.968148640461677,-1.43207625224854,0.194650572806787,0.963380512470189,0.412393764321387,0.180533981141009,0.734330020687359,-0.964613158478277,0.408133903816457,-0.755486892689727,-0.481403865926618,0.0406412558912993,-0.343790807897869,-0.692999912865587,0.335158365530495,-0.476900154691253,0.447004939675169,-0.135304910319881,0.662820413755278,-0.362286075220829,-0.289534476077983,-1.48923671804352,0.174843553599235,-0.106919256445487,-0.763035997562093,-0.209015090740114,1.97211748066222,-0.190855044468972,-0.843204121153306,-0.384984768032259,"Female",0
0.460564799061402,0.715597207187117,0.724422224578127,-1.2712742948024,-2.39013465733948,0.452470855670424,0.0106750429456468,1.1761482212869,0.162836282388693,3.04208947276347,-8.55258010408265,-0.755486892689727,0.255640290531239,0.775836746939659,-0.343790807897869,1.189146044478,-0.341014839397364,1.89200742737692,-0.338785341423933,-0.802803825552288,-1.29893964505546,-0.890439783825345,-1.62599819478919,2.33346043678378,0.920078372218926,1.8333667425018,-1.07360282854956,-2.15359637516024,0.763197987854872,1.86671146061999,0.713597293998382,-0.0184280710901551,"Female",0
-0.596117705494504,1.75202935399087,-0.358823965409498,0.152483585971329,0.0929344988330204,-0.212248902567676,0.0106750429456468,2.01262499806964,0.553046231416378,-0.417632134429156,1.07644149232764,0.600492420278701,-0.481403865926618,0.949550841319332,0.76619757807183,0.359529753782974,-0.68036958365596,0.497100367034923,0.43411668907517,0.0999396974684939,-0.545839799732842,-0.516630784981106,0.0127936382902359,0.0790721985829898,2.41054800945831,-0.8830336560244,0.526742005988603,0.0332649138988675,-0.0905391545158276,0.0672679447551749,0.758453787660456,1.00986573306602,"Male",0
-1.3587443125846,-0.66631232188456,-0.688919733850243,0.0475013267216692,-1.73234964163561,0.0948058219948832,0.0106750429456468,-0.503017777580881,-0.805149343601246,0.650297794767796,-0.373207979153268,0.287126067023969,-0.481403865926618,-0.690900182020652,-0.343790807897869,-0.692999912865587,0.195130671506074,0.293057809278734,-0.68299315284858,0.792588912002988,-0.816815856753133,-0.492654270837266,-1.03422878246375,0.886248660726416,-0.570391265020455,1.8333667425018,0.198912198933809,-1.23242615088032,-0.649246517312505,0.738656394230133,-0.439961901040008,-0.199684918865946,"Male",1
-0.819856200820663,-0.320834939616641,1.00289986124109,-0.645358199463529,-0.723843174473882,-0.303708157274316,-0.391043678430093,-0.531094693531837,-0.469468532068411,1.03724556382122,-0.695524085028752,-0.755486892689727,-0.481403865926618,-0.690900182020652,-0.343790807897869,-0.692999912865587,-0.68036958365596,0.361729248989573,-0.69053387236428,0.835044767601973,-0.745840272605296,-0.0902326833882237,0.375379431512317,1.57002750569412,-0.570391265020455,0.669195143133427,1.8107957690514,0.796854790771152,0.450918583770837,-0.504971902385126,-0.490849811530975,-1.54128826093229,"Female",1
1.46442779821324,1.06107458945504,-0.287371533429021,0.0911779944390693,0.446217398669995,-0.384084958943585,0.0106750429456468,1.37686147513485,0.389147822653978,0.319420724670471,4.16724989559122,-0.0464004275382719,-0.481403865926618,-0.261977112815495,0.526883692928501,-0.28019796209852,-0.382653458324793,0.462627083745374,0.38085966856654,0.00183150813896093,-0.375108828300975,-0.311511535053811,0.067266248329517,0.130690296344351,2.41054800945831,-2.04720525539277,-0.852404865374766,-0.608842330253638,-0.625544748600629,0.884093362007339,1.8753832324073,-0.193488103557373,"Male",0
0.0530096642686824,-0.66631232188456,0.240998408030851,1.09853630801086,0.043945022329894,-0.666045249642177,0.412393764321387,-0.887521867142404,0.283387854490788,-0.30982629001914,0.0910310743836,-0.755486892689727,-0.481403865926618,-0.690900182020652,-0.343790807897869,-0.133609145852244,0.933379105193775,-1.51424165285521,-1.01218818628128,-0.0269531040282879,1.51164045145434,0.919940455896219,0.37406851692228,-0.796596486220759,-0.570391265020455,-0.106919256445487,0.231572443244789,0.297625113903249,-1.17080168625233,-0.995398329116613,-0.741644737370279,0.867813343275132,"Female",1
2.25411683050527,0.0246424426512784,1.27329667032558,-0.777109425184724,-0.95464152348349,-0.685554251479024,0.814112485697127,1.05343654882341,-0.632182127862797,2.16054835496763,-0.831022629106608,-0.755486892689727,-0.481403865926618,0.0517420364362461,-0.343790807897869,-0.692999912865587,0.350568501329987,-0.53387200063289,-1.16750944459532,-0.517362387332106,0.985461037548797,-0.911402306307182,-0.892555461052467,0.184462537468513,1.29269578152877,-0.106919256445487,-1.27861849119057,-0.662895617421526,-0.253677900840355,-0.326536586235796,-0.663503064995076,0.572980489921882,"Male",0
0.180393762982595,1.06107458945504,-0.136660941604651,0.048645221023447,-0.295329984520629,-0.525415213600014,0.412393764321387,-0.394489399524026,0.573814144922079,0.411569082588124,1.64659481260713,-0.755486892689727,-0.481403865926618,-0.690900182020652,-0.343790807897869,-0.126204454592144,-0.271592087864303,0.131237193735073,-0.626843863984245,0.296679393097987,-0.219854644804976,0.62196654500261,-0.962849822933858,0.626796514917684,-0.570391265020455,-0.106919256445487,-0.12432806861102,-1.03173316345723,0.201644700890008,0.683983735398424,2.20296698065488,0.311096695906959,"Male",1
-0.0484503017814708,1.06107458945504,-0.209606161304334,-0.476125433042446,0.186309026165555,0.119696617441896,0.0106750429456468,-0.40209730261558,-0.075328327656068,-0.0652934179933713,-0.870119730561766,-0.274471638981165,-0.481403865926618,-0.108972450792258,-0.343790807897869,-0.132943996307657,-0.276452700180505,0.85907606167201,0.621913993072974,0.535562225011416,-1.14182605524688,0.0563133881318359,0.376691904859291,0.873423828415488,0.174843553599235,-0.106919256445487,0.202753894045416,0.135483407584385,-0.0879970741587772,0.765972788959745,0.116353015685685,-0.540366316038711,"Male",0
-1.50657543112408,-0.320834939616641,-1.57071019724414,-0.0876660044302196,-1.56904689318915,-0.578678850111945,0.412393764321387,-0.286579536091291,-0.255326983340474,-0.0526265737823467,-0.554249976413572,1.35146013006503,-0.481403865926618,-0.326762368060023,-0.343790807897869,0.00790339937433161,1.34161910088494,0.0385477564420659,0.284017704214014,1.4596683315071,-1.27905613848007,-1.24410700126377,-0.987522090615695,-0.144850276133285,0.174843553599235,1.05725234292288,-1.08422088169233,-0.11700566968615,-0.207302874735357,0.844314486065366,1.19331662618512,-0.356765249223912,"Female",0
-2.04125252235101,0.0246424426512784,-1.57619606410142,-1.60230032208177,-0.907236123264638,1.58349273139126,1.21583120707287,-0.365903097408305,-0.613326440328125,-0.91310330663798,-0.0813232486387734,0.103395970089275,-0.481403865926618,-0.171365976115048,-0.343790807897869,0.307015003960802,-0.319760136731483,0.015904467155299,0.919086795845188,1.84357176862402,-1.28633127853632,-0.957051316027719,-0.298377785860305,-0.373226113248105,0.174843553599235,-0.106919256445487,-0.166560228068678,0.457098290868112,1.80367248154904,0.437096599213591,0.55341521474853,-0.8619695549698,"Female",0
-0.0579405277390615,0.715597207187117,0.0644811270146751,-1.18982862386387,-0.759235983859464,0.00166607128993282,0.814112485697127,-0.0986513074736429,0.0985913404414741,0.901713881374109,-2.9488156993921,-0.755486892689727,-0.481403865926618,0.0585657015369189,-0.343790807897869,1.47089147683686,-0.68036958365596,-0.604460784030624,-0.734336264486065,1.22265521128827,-0.216724736890697,0.451123449263157,-0.409782121923587,0.669523932872616,0.54746096290908,0.669195143133427,-0.30978315233782,0.282993151829305,1.63076638751016,0.178398063470481,-0.389427398715449,0.706320463324123,"Male",0
0.441412711045081,0.0246424426512784,0.0991960018017667,-1.39347564220654,-1.16759190943435,4.23071421140659,0.0106750429456468,-0.31837900979255,-1.73743718311548,1.40433315340014,-0.242757611716514,-0.755486892689727,-0.481403865926618,-0.690900182020652,-0.343790807897869,0.433811153701964,-0.68036958365596,-0.723102193830714,-1.4053206300395,1.36353940068196,-0.126859257453308,-0.0993687283213886,-0.350798255861834,1.09215196020585,-1.31562608364015,0.669195143133427,-0.918786823628777,-0.847920694671208,2.41700422523519,0.80928770920953,-0.636079554465644,0.662664867727612,"Male",0
-0.643964378210292,1.40655197172296,0.11539627670241,1.00091605944864,-0.536647261617462,-0.56794017341956,1.61754992844861,-0.0201783643963449,0.283387854490788,0.374384960753991,0.0910310743836,-0.755486892689727,-0.481403865926618,0.671575380237404,0.762489376336955,0.356013507680575,-0.68036958365596,1.23058441727369,0.721402752335486,-0.625494494502439,-0.64920510502389,-0.471133523338299,-0.51054117386171,0.467933680854236,-0.19777385571061,-0.8830336560244,0.379473858973246,0.360234736548962,-0.982798091708026,-0.0719828760577451,1.43753776775474,0.147749764157784,"Male",0
1.49506460052233,0.370119824919198,-0.161279006404648,1.0667550517326,-0.0115945140606608,-0.685554251479024,1.21583120707287,0.592927068579496,0.993223876103744,0.541775601970335,0.768640752385036,-0.755486892689727,-0.481403865926618,-0.690900182020652,0.824961669093753,-0.692999912865587,-0.68036958365596,0.310865129116738,-0.170003631598093,-0.0977264211630065,-0.0413663350635041,-0.263817537118326,-1.58936691944718,-0.140410027659348,-0.570391265020455,-0.8830336560244,-0.706437332150132,-0.935612968563495,-1.02062844590241,0.386131278412816,0.302681698717956,-0.252475723193066,"Female",1
-0.354739161356317,0.0246424426512784,-1.35557737518354,1.10361485771318,-0.268294826631239,-0.685554251479024,0.412393764321387,-0.0996966760133882,0.887957612377575,-0.748381834105199,0.407805184213507,0.0552021421177156,-0.481403865926618,-0.200518196085699,-0.343790807897869,-0.221048985185004,1.36187950854566,-0.858315067343189,0.382279576942503,0.337041051137597,0.509994575062118,-0.298256215513679,-0.28103280830128,-1.60990981519353,0.174843553599235,-0.106919256445487,-1.00432436352092,0.224908362470609,-1.14055507424173,-0.255975548434087,-1.02227462753586,1.46247749577132,"Male",0
0.789077683281865,-0.66631232188456,-0.212471538505303,-0.979778899457248,-0.808607532311737,0.28842346286624,-0.792762399805834,0.670717768281344,-0.667856363661709,1.37700281079876,-0.611623682704668,-0.755486892689727,-0.481403865926618,1.51360982682213,-0.343790807897869,-0.692999912865587,1.61486081501209,0.908614447339485,0.188445124576175,0.527208743609491,-1.28890832642283,-0.496045922514005,-0.902431612613077,1.27982944818386,0.174843553599235,0.669195143133427,-1.20498791237951,-0.860449004609432,0.457470440260954,1.4906374081926,-0.329070009758085,-1.60178354331597,"Male",0
-1.20643496240289,0.715597207187117,-0.244543776033994,0.502469634958701,-1.27266753340294,-0.408226286905989,0.814112485697127,-1.15631587734109,0.403459619340736,0.567546757315659,4.14505805017423,0.45207677408315,0.252706781450816,-0.690900182020652,-0.343790807897869,0.244327501711985,-0.342365505046152,1.03253182954092,-0.0340703111856459,-0.574863136168115,-0.644518376568077,-0.172620718442213,-1.0106733914017,0.852968546350199,-1.31562608364015,0.669195143133427,0.275394334706233,-1.13839199145498,-0.809413049274837,0.633073396987534,1.42897819631026,0.705067941752915,"Male",0
0.550899665178028,1.75202935399087,0.601245111422551,-0.576845154908786,1.85316753376604,0.278881188608585,1.21583120707287,-0.0455927525406927,0.115554580952263,-0.868892713566931,-0.888943607571526,-0.755486892689727,-0.481403865926618,-0.0102308886088547,2.41960169681118,-0.692999912865587,-0.68036958365596,1.14553551448804,0.929214495404322,-1.71907765878356,0.274484541472491,1.61241986310905,1.32565211926835,0.18847713886067,1.29269578152877,-2.04720525539277,0.423903421006409,-0.00463823602007744,0.734709429044894,0.349486971134258,0.332741653456995,0.703694562837116,"Male",0
-0.94289885680812,0.0246424426512784,-0.291083348077356,-0.562892333519834,0.142679240778615,-0.155168442205057,-0.792762399805834,-1.00274874931259,-0.0768274400590692,-0.966520665796568,-0.304751784015452,2.26342227424248,-0.481403865926618,-0.690900182020652,-0.343790807897869,-0.692999912865587,-0.173363465741239,0.330965372252879,-0.216892023765677,0.027348251702409,-0.441396651021767,1.37772519905171,-0.599909718050005,0.327207781774785,-0.570391265020455,-0.106919256445487,1.10211912197058,-0.21295752456766,0.370623783583531,-0.00793404573140352,0.463902419360729,-0.73329894495156,"Male",1
0.354281331962998,-0.66631232188456,0.601032103609038,-0.00242798149890145,0.506156464053755,-0.685554251479024,0.412393764321387,-0.884356824047396,0.283387854490788,-0.254143396040244,0.0910310743836,-0.755486892689727,2.33455491504417,-0.690900182020652,-0.343790807897869,0.0260947830508019,2.9499490316419,-1.76277103925487,-0.81727294553613,-1.32736215753539,2.33898314577687,0.365858207099572,-0.0202155645317234,-2.04232775567044,-0.570391265020455,0.669195143133427,0.299973536898904,1.3383814748862,-0.598809498831708,-2.3633361340012,-0.755370423248713,-0.202722921783855,"Female",1
0.672892389077396,0.715597207187117,0.112205313464406,-1.03785566982212,-0.968863098626047,1.75672104943835,0.814112485697127,0.138617679935251,-0.308971798888887,1.26313215147772,-0.994198964516356,-0.188118269451424,-0.481403865926618,-0.690900182020652,-0.343790807897869,-0.362700455765146,-0.203940272291492,-0.0218378769636466,-0.408739436602113,0.354117285610576,-0.145380209814671,-1.01098712491311,-0.818974075402012,0.277035604465233,-0.570391265020455,0.28113794334397,-0.555297169260873,0.0193096533418577,0.534938861743456,-0.0859043505068554,0.779096230652407,-1.06593402623367,"Male",1
-0.966170589856923,-1.70274446868832,-1.71292046208443,-1.42891159112725,-0.631265934904671,1.20013776168258,-0.792762399805834,-0.29300686683134,0.283387854490788,-0.955870916293615,0.0910310743836,0.205401060680616,1.27104554170841,-0.690900182020652,-0.343790807897869,0.425781621161098,-0.68036958365596,0.0620037898151367,1.37361345009565,0.41538012806371,-0.389115724227947,-0.236604709692707,0.496639031090467,-0.796596486220759,-0.570391265020455,1.05725234292288,-1.77658640367937,-0.420355961505471,1.86785835166779,1.28598467042852,0.666520635591543,-0.506681442893254,"Male",1
-0.481250903972562,0.0246424426512784,1.84730258830276,-0.186759648116245,0.719244080423705,-0.234896309047842,-1.59619984255731,-1.1379522426381,-0.232304981723752,0.171908882457624,-0.68075147220858,2.70206719593347,0.779760579567992,0.145683103386349,-0.343790807897869,-0.692999912865587,1.06165143687158,0.24313729388952,-1.13662587012983,0.729928204218019,-1.05784504680796,0.450995988754865,1.16690069745634,2.38225831900238,0.174843553599235,-0.106919256445487,1.24529907837939,0.0907748132825382,0.460262004615161,0.571512775449025,0.086948690211573,0.850835538402233,"Male",0
-0.590955358176459,-1.70274446868832,-0.596554934752413,-0.452374282712874,-0.960152913467737,0.305628906360818,0.0106750429456468,-0.949785768375418,0.283387854490788,0.0575131087619262,0.0910310743836,-0.755486892689727,1.31806247703521,-0.690900182020652,-0.343790807897869,1.0301965230804,1.39093589806886,-0.728329519640854,-0.111658062378148,0.345119270161292,0.272600985215655,-0.990333656632609,-0.951187798462048,-0.901533595337807,-1.31562608364015,1.44530954271234,-0.347567732205419,0.382085551854705,-0.569409430327172,-0.676941148365116,-1.12351502392895,-0.633639042332091,"Female",0
-0.350859004836504,-0.66631232188456,0.48819255238923,-0.854660923542953,0.529089641162282,0.277071741253824,0.412393764321387,-0.792175949797542,-1.00722309389641,0.15401639748388,-0.2142414755998,-0.755486892689727,0.833714138733544,-0.690900182020652,-0.343790807897869,0.146584803400433,1.13617640031661,-0.407146981646326,-0.253847428768485,0.420110964770576,0.0110325528528279,0.25693702407198,1.47916951632102,0.590481781747201,-0.570391265020455,-0.106919256445487,0.0439517260940898,0.299495625411924,0.89848238405345,0.246661520968339,-0.999664630207777,0.823527323156936,"Female",1
-0.78975048721181,0.0246424426512784,0.746537564980347,-1.1559930429588,-1.0530792759089,-0.685554251479024,-0.792762399805834,-1.00014228647316,0.687243690080485,1.1631553795075,1.62725785997579,-0.213942276399359,-0.481403865926618,-0.690900182020652,-0.343790807897869,0.568063074618303,0.229119302563232,1.74069463575408,0.34067748841615,-1.06498544118662,-0.988895355108762,0.000742511036589036,-0.450616093799688,1.6331215073756,-0.570391265020455,0.669195143133427,0.4665667966101,-0.0490552756129185,0.227970976801587,0.438594687641263,0.576816610400312,0.0288135965499468,"Male",1
0.794930171769738,-1.01178970415248,0.216197987195299,-0.519767160320902,-1.08511362246778,0.0861855653692994,0.0106750429456468,0.0670124406049811,-1.00492663313415,0.944880652009144,-0.352524173952299,-0.755486892689727,-0.481403865926618,-0.690900182020652,-0.343790807897869,0.145090880417738,-0.68036958365596,-0.182145971367164,-0.651760467496968,-0.00826019608845593,0.323063890148182,-2.00167372842157,-0.363099344089237,0.0821396503011632,-1.31562608364015,0.669195143133427,-0.535071583357378,-0.947294714084388,-0.182559631067807,-0.0779243439901044,-1.06896169311551,-0.890227032776898,"Male",0
-1.78513949353596,-1.3572670864204,-0.151271662990015,-0.394314626137293,-0.376359161587063,1.53158642786155,-2.80135600668453,-1.62568494438477,-1.18375042726244,-0.587969411184666,-0.064035878907994,0.474099211775066,-0.481403865926618,-0.690900182020652,-0.343790807897869,0.73863238447556,-0.68036958365596,0.584823801764685,0.771901153635255,-1.10808140267867,0.199233219178457,1.01590909729615,1.93209249944922,0.457417469001546,-1.31562608364015,1.8333667425018,0.0114137435400738,0.541876333150312,-0.525114561095122,0.288038166698368,-1.20217916468038,0.094110521210198,"Male",0
0.184406587638741,-0.66631232188456,0.374439478347516,-1.13676287048724,-1.25939188262556,2.16905324309972,0.412393764321387,0.421267298019699,0.563694761980225,1.66181916543603,2.703532106442,-0.285645047894249,-0.481403865926618,0.445920310344263,-0.343790807897869,-0.692999912865587,-0.68036958365596,1.12720519610752,0.0732870150402111,-0.787678926816007,-0.398847249837642,-0.187307139916732,-0.154080853070722,1.17765787705872,0.174843553599235,0.669195143133427,-0.689547476408478,-0.717029103090867,1.55513467526422,0.842613999105349,0.504255455816505,-0.0326221277766861,"Male",0
1.18097101267089,1.06107458945504,1.24755341918412,1.64742885083491,0.297013597540742,-0.568500240457938,0.412393764321387,2.2668831768138,0.283387854490788,0.768941841008026,0.0910310743836,-0.336714813632878,0.282344788953662,2.34885896060728,-0.343790807897869,2.2325095643098,-0.68036958365596,-1.66166792174265,-1.26771943259524,1.17652755564645,0.735901916747147,-0.406135553841143,-0.336485188400544,-0.226898345760347,2.78316541876815,-0.106919256445487,0.566193900282054,1.3377200114853,-1.20254580973947,-1.57769648450726,0.0594467651940775,-0.394763809203468,"Male",0
1.04877069173141,1.06107458945504,0.52721965832968,0.475113652193719,1.72532385630394,0.270386838526513,0.412393764321387,0.744205265122524,0.71497627964888,-0.97802516943776,0.415381084894323,0.401977566162666,-0.481403865926618,0.709389437330111,-0.343790807897869,0.654659674617192,-0.68036958365596,-0.837910587915431,-0.524105734204166,-0.819704114762552,1.40908585705824,1.6087383849873,0.751599728659203,-0.810601694317521,2.03793060014846,-0.106919256445487,0.48666637205095,0.376162935951918,0.845808104464527,-0.812507180037617,-0.318804772923727,1.50459421137463,"Male",0
0.550452895262706,0.0246424426512784,-0.264040127068048,-0.92168103881282,-0.511779727129037,0.691000918128949,-1.59619984255731,0.701650507476324,0.14290808304236,0.716048763215218,-3.61124135387981,-0.284551120432562,-0.481403865926618,-0.121166512680624,-0.343790807897869,-0.144679743103976,-0.68036958365596,0.334222662248368,0.281004500576258,-0.93453438640564,0.446673287663617,0.273002211349679,-0.150173705492062,-0.198014368746117,0.174843553599235,-0.106919256445487,-1.01962716588812,-0.251903340607214,0.301236496111791,0.273325014223376,1.19849097379316,0.122966570517982,"Female",0
0.111662985192497,-0.66631232188456,1.30910410656083,-0.437345497280183,0.433732448942135,-0.3213862171912,-1.59619984255731,-0.49213052641848,-0.586321144962927,0.190590873432352,-0.371416148292508,-0.755486892689727,-0.481403865926618,0.190903821516461,-0.343790807897869,-0.692999912865587,-0.68036958365596,-1.05677546424597,-1.89720473704628,1.55478669910789,0.14557023804341,1.0831070981766,0.58519898817415,1.47024010346252,-0.19777385571061,-0.106919256445487,1.46079772810946,-0.169186975458124,0.00612274138023592,-0.187164136594832,-0.878578581042448,0.581217861017701,"Female",0
-0.16903221804855,0.0246424426512784,0.229174951585994,1.05020877407227,-0.0308517314340597,-0.685554251479024,-1.59619984255731,-0.411383980230534,0.687243690080485,0.163619724415893,1.07193270203969,-0.213942276399359,-0.481403865926618,-0.0357445970633768,-0.343790807897869,1.51386031523123,-0.225625140546373,0.630253987554258,0.2750868338359,0.430775929983914,-0.967033257740726,-1.17252378947651,-0.726933022660767,0.529657348471534,0.54746096290908,-0.106919256445487,0.817806877438961,0.231083772345443,-1.03706359200704,-0.172925008534197,0.450665627493546,-0.091128621763524,"Male",0
-0.0367083190518826,-0.66631232188456,0.104596093435315,0.197049261800165,0.145459018704908,-0.685554251479024,0.0106750429456468,0.574140462290729,1.07468046874785,-0.38913912896575,0.434920681290017,-0.755486892689727,1.937550890186,0.913693988350155,-0.343790807897869,-0.692999912865587,1.54713270488745,-0.638779429942563,-0.345766345748322,-1.13568673004249,1.30038879485961,1.34198464255211,-0.14032577204585,-0.702938555635929,0.54746096290908,-0.106919256445487,0.0942139240374243,0.42764035025721,0.310169293264277,-0.869425121504784,-0.0995698695290792,-0.84834229908289,"Female",0
-0.460642760761781,1.40655197172296,1.84159254080975,0.144618231129688,0.819950773441029,-0.563084930339525,0.814112485697127,-0.71189706583574,0.730321645876725,0.367245209298432,1.07961467133481,-0.755486892689727,-0.481403865926618,0.759177512684817,-0.343790807897869,0.00478827354215718,-0.68036958365596,-0.581162730255203,-0.89373863078419,-0.33912568689914,0.95770579454122,1.9935570496118,1.37860197526067,0.749218422140652,0.920078372218926,-0.106919256445487,1.57752616337991,1.62762880401934,-0.392327969250623,-1.32258203734406,-1.18974031681771,1.3989199521926,"Female",0
-0.32353196809668,-0.320834939616641,2.35934939833836,0.217139776705579,-0.655441401898962,-0.685554251479024,-0.391043678430093,-0.939798896144261,0.283387854490788,2.01860218278015,0.0910310743836,-0.755486892689727,-0.481403865926618,-0.690900182020652,-0.343790807897869,0.490434825388777,-0.68036958365596,0.701511912566879,-1.30518649975716,0.524574198548731,-0.94456693155096,0.419836378012165,-0.0170484503983163,2.78158584747965,-0.570391265020455,-0.106919256445487,0.515693340578624,0.0706021066808531,-0.813358270603629,0.557376538173991,-0.22324007968821,-0.392039647734346,"Female",1
-0.602776552920544,0.370119824919198,-0.219172037912332,-0.36928378811891,-0.847835964847831,-0.338523536451804,0.412393764321387,-0.0915311830907232,-0.116188713966833,0.641634203440738,-1.16879650496443,3.07170164438611,1.61258251235439,0.235119159442151,-0.343790807897869,-0.692999912865587,0.283757471224456,0.0882496931178793,-0.524039419413376,0.623730797815654,-0.822788918057955,-0.225881774382608,-0.855811211807897,0.722468457235719,-0.19777385571061,-0.106919256445487,0.279593205806215,-0.0127458625852028,1.5285274998426,0.106021607842179,0.682377323016779,0.821605142957632,"Male",0
0.203543652724198,0.715597207187117,-0.233715406496784,1.84554951167319,0.279678215856151,-0.685554251479024,0.814112485697127,-0.554289777903249,-0.0640366858380105,-0.285491062656124,-0.759148915185085,-0.755486892689727,2.35076964890773,-0.690900182020652,-0.343790807897869,-0.692999912865587,-0.68036958365596,0.137866274411988,0.551801342026673,-0.353290601313052,0.182845924939328,0.423358587293067,0.544867352404248,-0.193386197551827,-0.570391265020455,-0.106919256445487,-0.26445302612585,0.0057896051773942,-0.950789830242789,0.223258134359338,-0.396542364746705,-0.265387759749265,"Female",1
-0.00560273628037063,-0.66631232188456,-1.08327611822918,-0.917037326218564,0.289228793455676,-0.165772563773056,0.412393764321387,0.0859353505205305,0.455040946488228,-0.91686499869692,0.986491516884226,-0.755486892689727,-0.481403865926618,0.00526087340336914,-0.343790807897869,-0.692999912865587,1.25245601522239,0.28521180378076,0.714068384049393,1.7909861432289,-1.52702015291318,-0.496045922514005,-1.09817248113771,-0.0831099790739422,0.174843553599235,-0.106919256445487,-0.289207260668884,-0.270616172717966,1.28618586922672,1.00468032388641,0.410336029377573,0.402810132034086,"Female",0
-0.535495818181684,-0.66631232188456,0.16020395745413,-1.35442619249677,0.833960476204004,0.846147480676294,-0.792762399805834,-0.589465636910262,0.283387854490788,-0.719755740888601,0.0910310743836,1.34872027697952,0.477999515886574,-0.0544876697149377,-0.343790807897869,-0.692999912865587,-0.238634734497484,-1.17521564997137,-0.562707970604315,1.05011968802928,0.36138055723489,1.05093536346812,0.717712247151949,-0.275892459639083,1.29269578152877,-0.106919256445487,0.736201032911755,1.08024387740518,2.17636731449697,-0.68834613086834,0.982835356479008,0.45685991705834,"Female",0
-1.30072551183028,-0.66631232188456,-0.922442955896433,2.7186189229887,-1.06845486056939,-0.685554251479024,-0.792762399805834,-0.0807898739301067,0.7347798383095,0.369879377346446,1.07116026077217,0.253325646883626,-0.481403865926618,-0.690900182020652,-0.343790807897869,-0.692999912865587,-0.68036958365596,0.273971459381217,-0.0989925353038435,0.98663529656656,-0.847255133257991,0.757562668308547,-0.802730683944356,0.680581949526319,-0.570391265020455,-0.106919256445487,-0.468321598081519,-0.473106153694526,-0.595585689403039,1.05973353115729,-0.409113921268096,-1.8425366132789,"Male",1
0.388384475917391,1.75202935399087,-0.269932295793107,0.533363821449511,0.911252290221073,-0.685554251479024,1.61754992844861,1.18468142852248,0.649949591046685,-0.303971259116357,0.885513585329426,-0.263951256761528,-0.481403865926618,-0.690900182020652,3.27749572470082,-0.406847406288912,-0.68036958365596,0.721517906684558,0.084730480901596,-0.0513405528814763,-0.537680791447194,0.717580183909821,-0.327398216652645,0.527904017253535,-0.570391265020455,-1.65914805560331,0.345076707898941,-1.29657606633879,-0.271441549560385,1.02399376495962,-0.618646874161142,-0.390430640082992,"Female",1
1.98989546791734,-1.70274446868832,-1.47251487890973,1.78914015685118,-0.0308055670884463,0.00967563216136661,-1.99791856393305,0.98424767911223,-0.896367544558682,-0.916994717585219,-0.0392327481858062,0.374495868117293,-0.481403865926618,-0.690900182020652,-0.343790807897869,-0.0351688712102452,1.21736281300813,-1.06921649051469,-0.113327098315313,-0.134138600910916,1.02339467972795,-1.35987497247279,-1.68806055244921,-1.95183295816575,-0.570391265020455,0.669195143133427,-1.83480792293618,-1.35663166985432,-1.05724039928113,-0.129038549891609,-0.608777506335208,-0.955602900074137,"Male",1
1.10342294475978,0.370119824919198,-0.425172652248513,0.828784853718075,1.34884577003085,-0.44102780960775,-1.59619984255731,0.713370906392822,0.00308094700135115,-1.59289774560619,0.0838126556156536,-0.520565970291988,-0.481403865926618,-0.122489935838206,-0.343790807897869,-0.692999912865587,1.09503511496531,-0.818890404002404,0.38627099220974,-0.138820771029488,0.909907784588273,-0.0742048136187191,0.744911942483405,-1.57168621867222,2.41054800945831,-0.106919256445487,0.52939022570144,0.30917131184603,-1.0385545824031,-0.857872960910838,-0.521695258224421,0.0959936971188388,"Male",0
0.322806489354122,0.0246424426512784,1.36678388303938,0.292559005735436,0.0241435103926869,-0.474857031641069,0.412393764321387,-0.694082380271418,-1.27568351080899,0.772365881591423,-0.250666283182033,0.289820157359143,-0.481403865926618,-0.690900182020652,-0.343790807897869,-0.692999912865587,0.197392946067213,0.782616774167723,-0.486069832107025,-0.990342310745452,-0.0483167474141638,-0.611660054089116,-0.232132940746742,0.915244705130914,-0.570391265020455,1.05725234292288,0.211532009238238,-0.567348708011332,-0.159479481709598,0.0611809216653524,-1.10789609706842,-0.37369696050892,"Male",1
-1.92855928921639,1.75202935399087,1.09206095088125,1.07775214936976,-0.516734645188607,-0.403473274100341,2.01926864982435,-1.33104526908897,0.599946416070541,0.171322154430114,1.34789514723274,1.15469382888437,0.292763186134588,-0.177362698323817,-0.343790807897869,-0.445881851047526,-0.32392247032662,-0.635811480135144,-0.878771848260559,-0.292155780299604,0.787027276314697,1.21484126936747,1.14588977140633,0.354549548293522,0.54746096290908,-0.106919256445487,2.47326685965964,1.90721478122117,-1.05988521014967,-1.95333629605126,2.18133636275852,0.220746304478113,"Male",0
-0.164107713387188,-0.66631232188456,1.15039361473674,-1.0006703261938,0.0902518483227573,-0.685554251479024,0.814112485697127,-0.878194901881175,1.29235209925837,-0.181331210308381,0.406943468681243,-0.0790089188286767,-0.481403865926618,-0.690900182020652,-0.343790807897869,0.0946372540662314,1.59183174746691,-0.79504672136256,-1.10385247951348,-1.24059566348472,1.52137062094285,0.780304066338493,0.411372586451731,-0.368273481117751,-0.570391265020455,-0.106919256445487,1.16513123830318,0.182363937917901,-0.062324888102229,-1.3445193428328,-0.747664343105305,0.453104597007026,"Female",1
0.0238240352391118,-0.66631232188456,2.66235577484147,-1.03503330828864,0.0830849159056627,-0.685554251479024,-0.792762399805834,-0.854798199767487,1.26927121784212,1.40147988015656,0.774568655602643,-0.755486892689727,-0.481403865926618,-0.690900182020652,-0.343790807897869,-0.692999912865587,-0.68036958365596,0.0462928466774091,-0.996214382881337,-0.776281500059951,0.695129145093823,1.16825750615501,1.20322199511885,1.54491094866984,-0.570391265020455,0.669195143133427,0.554950738518016,0.112985938402212,0.421376694179155,-0.198750878055936,-0.195950252251481,-0.296109501900224,"Male",1
1.245251039523,-1.01178970415248,0.020894673115326,-0.67748708582028,-1.55290045530659,1.62798384870244,0.0106750429456468,1.48497940692042,-3.0954316083869,2.11990642916128,-0.156122006761166,-0.755486892689727,-0.481403865926618,1.26670470583174,-0.343790807897869,-0.692999912865587,-0.68036958365596,0.224987568587251,-1.24215618791449,3.25427481163015,-2.30849155224345,-0.790821153042915,-1.41938324638664,2.68429844151928,0.174843553599235,1.44530954271234,-0.720156356483682,-0.618297821064306,0.968460442265288,1.76963786633209,0.52395636554699,2.34488236721728,"Male",0
-1.58089191971439,1.06107458945504,1.98267766653233,0.892858185790379,0.181840190330186,-0.640033247193046,0.0106750429456468,-1.42991904962058,0.283387854490788,-0.0772864175365904,0.0910310743836,0.0377166923473482,-0.481403865926618,-0.211095062449009,-0.343790807897869,-0.231228318919297,-0.68036958365596,0.870370447717938,-0.5638948037215,-0.791495739497102,-0.201474048141184,2.21844587122213,1.50676426844124,2.22180216047419,0.54746096290908,-0.106919256445487,2.51753338623432,0.568898506648171,-0.736393365739118,-0.252339557313544,0.426671687466117,0.102696211937338,"Male",0
-1.41743832207462,-1.3572670864204,-0.29298565308463,-0.111168637602406,1.60308401913792,0.475231357813413,-2.80135600668453,-1.35602092199974,-1.9395196868761,-2.09300660810455,0.140600747451192,0.309075813544256,-0.481403865926618,-0.690900182020652,-0.343790807897869,-0.692999912865587,-0.68036958365596,-0.913609178911349,0.85694498275703,-0.440767482998565,1.31870655392268,1.22855540271389,3.59960836345353,-1.21354797462306,-0.570391265020455,-0.106919256445487,0.83875804015507,0.820850189099886,-0.542591367548474,-0.558157659242301,-1.38577903826353,0.082138330539948,"Male",1
0.886625144034095,-1.3572670864204,-1.42713989842047,0.0400170721111675,-0.558135711991137,-0.685554251479024,-1.19448112118157,0.230537025769893,0.283387854490788,-0.0326884227227436,0.0910310743836,2.19193626482515,-0.481403865926618,-0.690900182020652,-0.343790807897869,0.164936381898045,-0.0616189479494597,0.152946548278859,0.573470549344423,0.0430427056948304,-0.34163391499935,-1.62024562910765,-0.328311879385765,-0.710638221477798,-0.570391265020455,1.44530954271234,-1.8174534011295,-1.62222227899293,-0.649811983885679,1.31101917222281,-0.651570366584327,-1.79596070844959,"Male",1
-0.802865552060211,0.715597207187117,1.06997219210825,-0.939255584431589,-0.529139390550632,-0.685554251479024,0.814112485697127,-0.806631455100992,0.628165350702796,1.11572857123454,1.85962892473101,-0.755486892689727,-0.481403865926618,0.427731182466412,-0.343790807897869,-0.154706169065336,-0.68036958365596,-0.00253220216619396,-0.486214523783574,-0.257345527486491,0.341794294861825,1.54632531757918,-0.0629829164545729,0.751902305662674,0.174843553599235,0.669195143133427,0.545913603441154,1.48098416460766,-0.0882316809799534,-0.827291403421908,0.752414798281591,1.50084292496462,"Female",0
0.89112828674341,-0.320834939616641,0.916445163728533,0.435535132775981,-0.443957875239333,-0.0286833086300064,0.412393764321387,-0.378789417761898,0.283387854490788,0.98995396998546,0.0910310743836,-0.380918533088889,0.884857616692549,-0.690900182020652,-0.343790807897869,0.615352936648948,2.15041457470129,-1.5151173447678,-1.40184756826588,0.298858086832068,1.02423944419794,-0.422936986370922,-0.97216429702498,-0.511088548409349,-0.570391265020455,-0.106919256445487,0.0658929266275447,0.637285391885066,-0.507025621158845,-1.37897774265802,-0.705097120580282,-0.302309204820777,"Female",1
1.09217462866336,0.370119824919198,1.05737644016235,0.73341059583672,-0.520567514992249,-0.487071363225878,0.412393764321387,0.626225791221937,-0.533067650747392,1.20380255979257,-0.68002672269095,-0.208079817765618,0.0177715066135379,0.964719648707013,-0.343790807897869,-0.692999912865587,0.23896491973476,-0.794746397173511,-1.30951770141245,-0.207343060485291,0.969197151918269,-0.492484458777669,-0.365832787143055,0.0180689895916869,0.920078372218926,-0.106919256445487,-0.0299539130505481,0.044198047523424,-0.93631024356327,-0.88132541435669,0.0935340167965113,-0.546525835699595,"Male",0
-1.67717799660905,-2.04822185095624,2.21995926152229,0.157781615398696,-0.590479787029808,-0.521678636049504,0.0106750429456468,-1.55405982094596,-4.93083971167848,0.357862715641916,0.00669907930578693,-0.755486892689727,-0.481403865926618,-0.690900182020652,-0.343790807897869,-0.692999912865587,-0.68036958365596,0.0824366011090117,-1.88576084205796,-0.362116093159725,0.368983803639291,2.28209365092317,0.0789913531840521,2.18956924562636,-1.31562608364015,1.44530954271234,1.79347376863025,0.0201148596854417,-0.682815732911682,-0.40289822760873,-0.918488975398558,-0.967333019804504,"Male",0
-0.586634866919271,0.370119824919198,-0.574649964988762,0.919597811158362,0.483090038723192,-0.407274904523234,0.412393764321387,-0.851924850907831,-0.966175556336756,-0.447956235138553,-0.116177448696737,-0.157064069658786,0.609988442674491,0.0330661226584862,-0.343790807897869,0.00375604249718899,-0.68036958365596,0.391476394917681,1.89302198934729,-0.453091443377271,-0.0163554260383512,-0.679034561499358,0.915844694931961,-1.20564928285006,-0.19777385571061,-0.106919256445487,-0.803647578537275,1.68979597473217,-0.71652563453401,-0.446536233541242,0.437040587324265,1.1115048657437,"Female",0
0.888362840493202,-2.04822185095624,-0.561871553807408,-0.481873141951824,-0.0722847244962112,-0.056729215528538,-1.99791856393305,0.0795188389983165,0.0764030797494463,0.202923773918672,-1.86544960140661,-0.0616038251615731,-0.481403865926618,0.148553028893747,-0.343790807897869,0.114902361277181,-0.68036958365596,0.864456015174584,0.93014958905634,0.119479681209716,-0.850747899356023,-0.956519359079017,-1.301131923716,-0.184340307586723,-0.19777385571061,0.669195143133427,-0.984582902686274,-0.13843068370941,-0.171553778757575,0.575599628148707,0.0962190376990901,0.105833291241486,"Male",0
0.990535954678244,-0.320834939616641,-0.569148672597183,-1.15170111819978,0.07497309348066,0.224865834240534,0.814112485697127,0.825575503423966,0.283387854490788,-0.165118312782971,0.0910310743836,2.76219857138779,1.12246830932196,0.373015517899121,-0.343790807897869,0.330928404145793,3.01195757941873,-1.84371121657859,-0.841665354582651,0.651211052347543,0.773094640157737,-0.799289075037925,-0.261699410915318,-1.51341207751271,0.54746096290908,-0.106919256445487,-0.375391310188362,0.687832220103639,0.155353919771871,-1.07813777618389,-0.528325855074049,-0.116899339352965,"Female",0
0.106002026843882,0.0246424426512784,1.20528773232134,-0.614828084858216,-0.10707395715316,2.11163297740417,0.0106750429456468,-0.49891439595687,0.283387854490788,1.08073749056527,0.0910310743836,-0.755486892689727,-0.481403865926618,-0.347701569143309,-0.343790807897869,-0.692999912865587,-0.203940272291492,1.16482291895413,-0.168225037724038,-0.494722047923612,-0.64928162376462,0.969413986822529,-0.167614077950031,1.67026476097125,0.174843553599235,-0.106919256445487,0.548670602320446,0.378029079409156,-0.0954523575872576,0.275505175401998,0.681201701850224,-0.649284651505555,"Male",0
1.64001978850084,0.370119824919198,1.11521324248406,1.65462554150639,1.08266059414782,-0.569330410748868,-1.59619984255731,1.17118826444457,1.05298047996402,-0.0417148758650591,0.545909126292499,0.276487159271789,-0.481403865926618,0.557572322987244,4.72477860762718,2.91164569293978,0.186196995432992,-1.89412886764164,-1.7731152139112,-0.539529304736935,2.02255278668173,0.34992890999882,-0.515818430329408,-1.33103093988455,0.920078372218926,-1.65914805560331,0.520925380547899,0.0559968673714684,-0.56306108906033,-1.75524422238224,-0.89746820943915,0.366210873485702,"Male",0
-0.832534139603912,0.0246424426512784,-0.240124106880263,-0.233025584029653,-0.612073104252076,0.740927789565507,1.21583120707287,-0.185656112422921,0.185040565432761,0.252189134316643,-4.13903622580055,0.23359337227094,0.721173478188017,0.505679822779087,-0.343790807897869,0.0747377005414594,-0.403520277215161,0.0163350648869138,-0.103623021399468,0.53515618051894,-0.408400544798547,0.0466404592229166,0.102355559679029,0.413437689079721,0.174843553599235,-0.106919256445487,0.399582135718532,0.333139317934184,1.64162923977681,0.00545886371860332,1.86028026513889,0.210190537743781,"Female",0
-0.550496470776512,-0.66631232188456,1.57839757279511,1.06773601349366,0.0890564453736695,0.559900425785332,0.0106750429456468,-0.789671312026359,0.283387854490788,1.16346824697649,0.0910310743836,-0.755486892689727,-0.481403865926618,2.60473094230996,-0.343790807897869,0.892882328970221,-0.68036958365596,1.3671827813596,0.478815382153348,-0.100861476562179,-1.18896667041625,-0.504907611743471,1.46894923775798,2.04724208915544,0.54746096290908,1.05725234292288,0.910051747151594,0.90737904973987,-1.080367592147,0.267540227172603,-1.17167536888973,0.5872231702682,"Male",0
-1.36519167744036,0.0246424426512784,-0.506856535756712,-0.96725651739708,-1.17476148036406,1.94263958088121,0.0106750429456468,-1.06353506578387,0.283387854490788,0.252387896272826,0.0910310743836,0.543177082812405,-0.481403865926618,-0.690900182020652,-0.343790807897869,-0.692999912865587,-0.68036958365596,0.0341095586667574,-0.212842361432445,0.449282875788258,-0.257550296926979,-0.392543383704697,-0.672601042266737,0.0459806273813482,-0.570391265020455,0.669195143133427,0.322049074749535,-0.051303582578875,0.100633531855417,-0.177983882425265,-0.663274535740665,0.0630000930502442,"Female",1
0.0904995258004159,-1.01178970415248,-1.42331436958798,-1.0494624172211,0.934455637690931,1.29562856192264,-1.19448112118157,0.00756525510419796,0.726383903221339,-1.93003953970355,-0.075162244793536,-0.755486892689727,-0.481403865926618,-0.690900182020652,-0.343790807897869,-0.00135963999446566,0.317263599906062,0.290860277544991,1.38651614151404,-0.0266283366038446,-0.215439390515361,0.375464126839228,-0.165169750989452,-1.27267990870148,-0.570391265020455,-0.106919256445487,-0.874953688317758,-0.52870598034045,2.18960801353134,0.850764350702255,-0.27902766405341,0.981078417098551,"Female",1
-1.43768709912518,-0.320834939616641,-0.581967455518513,1.28092127762541,-0.985894580569396,-0.685554251479024,0.412393764321387,-0.761946860416393,0.749663448286006,0.211057017454313,0.963447769376476,-0.442864150519009,0.0887516214105828,-0.690900182020652,-0.343790807897869,-0.692999912865587,0.36968945499279,0.426221245269877,-0.141672333056551,1.30397768356846,-1.28976106602839,0.0327791488146375,-0.954883812119199,0.934912465206126,-0.570391265020455,-0.106919256445487,0.631962692476962,-0.155135749723888,-0.625342563663136,0.565973418790877,0.179769883785,0.591110665145337,"Male",1
-0.826615331491564,-1.3572670864204,-0.403452062460428,0.332966257720164,2.22430899887293,-0.651881179815424,-2.80135600668453,-1.10946677912354,0.283387854490788,-2.60086525053144,0.0910310743836,-0.755486892689727,-0.481403865926618,-0.690900182020652,-0.343790807897869,-0.692999912865587,-0.68036958365596,0.374297418144199,2.25018541988373,-0.886584735979298,0.449630651708047,1.87633905532906,2.75466028098886,-1.35259786104366,-0.570391265020455,-0.106919256445487,0.821709545003726,1.73527482707742,-0.73601104587371,-0.424588883498713,-0.833414978158037,-0.881754787809381,"Male",1
-0.340407686422629,0.715597207187117,0.504660509202038,-1.05595702086167,0.818312743227957,-0.685554251479024,0.814112485697127,-0.437540633119967,0.382461847655155,-0.873600914512758,1.74046447994458,-0.755486892689727,-0.481403865926618,0.112714303961425,-0.343790807897869,-0.692999912865587,0.435210380228661,0.460788710306817,0.141966884638541,1.05354931697476,-1.10391368017804,0.549808021128927,0.370848273528698,1.01344212749844,1.29269578152877,-0.106919256445487,2.68705006621785,0.585742567051349,1.13468802770098,-0.417857300636304,-0.0921799289652146,-2.37763553988664,"Female",0
-0.330885018283972,-0.66631232188456,0.153196918137243,-0.5394453599544,2.3105207926486,-0.685554251479024,-2.39963728530879,-0.913283745210613,-1.09684885420107,-2.50677673059492,0.238128071697998,0.566519082372092,-0.481403865926618,-0.690900182020652,-0.343790807897869,0.076619410378253,-0.125313866331016,0.100508478324813,0.845146787614264,-1.08056628880298,0.641759907401264,0.690899158397236,2.5522987654406,-0.665346069466803,-0.570391265020455,-0.106919256445487,1.50766076168127,0.112985938402212,-0.373121000115813,-0.351861390220531,-1.16380372641959,-0.163440486044342,"Male",1
1.30681237404789,0.370119824919198,-0.148410472531924,1.80897249844123,0.659258811645719,-0.325445415025619,0.412393764321387,0.719830892648219,-0.51050769599739,-0.773343468966372,-0.143144904603556,0.385116006846692,-0.481403865926618,0.688990481409135,-0.343790807897869,0.19235163943749,-0.36110821241266,-0.252504581875572,0.147789181854489,-0.41451434051115,0.551272966802225,-1.66359013580656,-0.474248462715437,-1.23738509800945,0.54746096290908,-0.106919256445487,0.137334239642694,-0.18438560517175,-1.14037702616809,-0.884006760506876,-0.358643722438047,0.0808437765894252,"Female",0
-1.50215454912539,0.0246424426512784,-1.19583816860938,-1.10892623986734,-0.10679925596839,1.82601768064732,0.814112485697127,-0.56339581858149,-0.754333110766486,-1.11740426362829,-0.0137297051142435,-0.755486892689727,-0.481403865926618,-0.690900182020652,-0.343790807897869,0.464265506852438,-0.68036958365596,0.619886237030525,0.935828071622221,0.746450793483918,-1.01806272334179,-0.137147508720685,-0.310760350936342,-0.00111496005442377,-1.31562608364015,-0.106919256445487,0.042547239573454,-0.336765649191774,0.322942273872339,0.804743694914718,-0.519529634715552,-0.908098833106387,"Female",0
1.14944882713556,2.44298411852671,1.11741830082195,-0.537207250163373,1.53898779524118,0.0349333680817993,2.01926864982435,-0.315167632870346,0.283387854490788,-0.377085171148979,0.0910310743836,-0.755486892689727,0.0418452125232552,0.697472078867563,1.06534338421974,-0.692999912865587,-0.68036958365596,-0.558153769987256,-0.583313413660121,-0.414700533011061,1.01330064299713,1.77561982947236,1.02238830037359,0.037703769280918,0.54746096290908,-0.8830336560244,0.442652578340901,0.216778799683738,1.07478732037806,-0.329057696919421,0.885268866102045,-1.03510324506886,"Male",0
1.33903265006908,0.0246424426512784,0.49416552927407,-1.23291450341937,0.422566604453128,1.75803480699667,0.412393764321387,0.0895855304616539,-0.229798576687473,0.550180536576787,-0.849908884373261,0.71912001509489,0.415049597760301,0.498410199420654,-0.343790807897869,-0.692999912865587,0.145132479534491,-0.588748087807361,-0.778507884938015,0.316352305447732,0.315578539729846,0.00763289635754077,0.42500304407358,0.24541141689479,-0.19777385571061,-0.106919256445487,-0.0445735883304027,-0.0817324914136506,1.19629830606251,-0.0718719360191756,-0.221805812474558,-0.305884601675529,"Female",0
-0.931005730496498,-1.3572670864204,-0.101438171967733,0.485724000751155,-1.35866281582833,-0.617272745050057,-0.391043678430093,-0.00485336531835841,0.283387854490788,0.422503248302139,0.0910310743836,-0.755486892689727,1.26689281799361,-0.690900182020652,-0.343790807897869,-0.692999912865587,2.5394796959921,-0.307778908820797,-0.727579783929992,0.727476620612032,-0.398307890664171,-1.05111945664301,-0.853960236402596,0.583161079107423,-0.570391265020455,1.8333667425018,0.97983231756855,-0.536311344810634,-0.86533274365433,-0.370002446164203,-0.683759067090681,-0.491090158751642,"Male",1
-1.05469417197268,-2.04822185095624,0.96021061226186,1.50709338274114,0.160980661212453,-0.685554251479024,-0.391043678430093,-1.00206908019885,-2.0020690332782,-0.0625762308671183,-0.0600940766825325,-0.755486892689727,-0.481403865926618,-0.690900182020652,-0.343790807897869,-0.692999912865587,-0.68036958365596,0.110365865897069,-0.242930267678592,-0.669090267661841,0.556854301981282,2.40504958898199,0.904278847149821,0.873043048270351,-0.570391265020455,-0.106919256445487,0.836433245361706,1.20095911262552,-0.96631772754581,-0.531070285140455,-0.883187797781945,1.47404802203597,"Female",1
0.687471611046501,-0.66631232188456,-1.63338395995051,-1.26611696375914,1.97302340651077,-0.685554251479024,-0.792762399805834,-0.297742284638902,-0.913077960975808,-2.77270507623201,0.310591446080512,-0.755486892689727,-0.481403865926618,-0.690900182020652,-0.343790807897869,-0.692999912865587,-0.68036958365596,1.07807928692459,3.40318504873262,0.762166875886543,-1.39987801271299,-1.05896402006897,0.799072226106023,-1.59359140357093,-1.31562608364015,-0.106919256445487,-1.62926518710811,0.64057881128741,0.743823133174382,1.28811267916851,-0.148836139954843,-0.627159547623888,"Male",0
-1.55598269459343,1.40655197172296,-1.57124697790364,-1.31263375413843,-1.13078069058283,0.483171067863293,1.61754992844861,0.359663547821607,0.0348355915161194,-0.302986865708718,-1.08155033422637,1.53589936480671,-0.481403865926618,-0.438891313862526,-0.343790807897869,0.0346113525698952,-0.68036958365596,1.52457612525274,1.2947479367081,-0.426636028340045,-1.24083857812455,-1.62362514772391,-1.19448061701582,-0.235415797272613,0.174843553599235,-0.106919256445487,-0.932002958808362,-1.38974132696462,1.01529117871475,1.2318311215458,2.94518161603718,0.776868541376359,"Male",0
-0.126041599595615,0.370119824919198,1.67880665696901,0.267914600294912,0.180682104232073,-0.685554251479024,0.0106750429456468,-0.39928242540428,-0.516522056228357,0.844077952179863,-0.59507243507239,0.776838214768276,-0.481403865926618,0.235996071697315,-0.343790807897869,0.199058848167039,-0.0370095476656886,0.141786288783632,-1.26368482958376,-0.977697283517691,0.494994503746725,2.03618177480552,0.22015895083609,1.27333817584481,0.54746096290908,-0.106919256445487,0.946860998046535,0.276181914535709,-0.135194504833278,-0.397968533088279,-0.212036229417437,0.680794267892276,"Female",0
0.261024680666486,0.0246424426512784,0.396730462395274,-0.680783736426762,0.986312390245167,-0.328933741217892,0.0106750429456468,-0.54327689840965,0.283387854490788,-0.488775794018776,0.0910310743836,-0.414395975009368,-0.481403865926618,-0.690900182020652,-0.343790807897869,-0.692999912865587,-0.68036958365596,0.737290728618511,0.113543577487742,-1.14817087719571,0.248285527651058,1.22380173211672,0.0822142740799857,0.357317116622982,-0.570391265020455,-0.106919256445487,0.231222121878226,-0.968364866383525,1.06352251996796,0.555441037682312,0.416629398115831,-1.19918091894249,"Male",1
2.08158002181637,1.06107458945504,0.294921314743836,-0.575177863157692,0.581744634206328,1.44742994934966,0.412393764321387,1.10114373942556,0.0273649612640514,1.03924144617892,-2.22364826840637,-0.183303259918988,-0.481403865926618,1.38576695502218,1.06135714888135,-0.692999912865587,-0.199897024953177,1.39562559698534,0.968009887668858,-1.58724134898363,-0.156589537912053,-0.648675045211587,0.649375414375012,0.307307699653089,0.54746096290908,-2.04720525539277,-1.3449443981975,-0.548312984845639,-0.046028533659235,0.912653858052551,0.211148708333103,0.656001925786752,"Male",0
0.458999094972581,-0.66631232188456,-1.41076937966712,-0.0968064812370765,-0.226171074694221,-0.152866020737468,0.0106750429456468,0.880535007739127,-0.351728585899749,-0.662577191133901,-0.24082068157031,1.67779929298796,-0.481403865926618,-0.690900182020652,-0.343790807897869,-0.692999912865587,0.34126680432259,-0.539399029645814,-0.11929547043348,0.95940011633024,-0.24071849510609,-0.931401391877328,-0.357852553396326,-0.768588338077132,-0.570391265020455,-0.106919256445487,-0.870962473593844,-1.03228014468782,-0.168970120450083,0.6571714211499,0.423114024588866,0.392203816291494,"Male",1
1.67103075004038,1.75202935399087,-0.00179988108222173,-0.987071464409211,0.378331836383463,-0.0915051455470123,0.814112485697127,2.45912245588661,-0.451670766874912,0.570010177931996,-0.571945851243183,0.065901591308062,-0.481403865926618,1.29651594777873,-0.343790807897869,-0.692999912865587,-0.507936030862631,0.869049457708255,0.656012051629127,-0.882317798269132,-0.123289469470764,-0.458637898335207,0.525259557241415,0.200384677548269,3.90101764669769,-0.106919256445487,-1.07413504017627,-0.513488844461652,0.276749843608627,0.81309976045719,3.54015673084534,-0.232390332994533,"Male",0
0.264237139796719,-0.320834939616641,0.724971326395227,0.52180998518339,-2.13579560401731,-0.685554251479024,0.412393764321387,0.918263552894919,-1.44756473919655,2.61821859935897,-0.456005674826608,-0.755486892689727,-0.481403865926618,-0.690900182020652,-0.343790807897869,-0.692999912865587,-0.68036958365596,1.8905131035358,-0.285525092914575,-1.3455684101468,-0.720905464830904,0.264406864089051,-1.40923199659028,1.96499565857184,-0.570391265020455,2.60948114208071,-0.981098946368969,-1.13516814187771,-0.968367772871656,1.25234772596302,-0.586274792246854,0.427558202100136,"Male",1
1.47702475389316,0.0246424426512784,-0.301953662404628,-0.556718755525918,0.686536591233113,-0.580952794821883,-0.792762399805834,0.410880162950299,0.878418050122952,0.30881715843438,0.811535000905656,-0.755486892689727,2.42897562367634,0.274388224218199,-0.343790807897869,-0.692999912865587,-0.68036958365596,1.63490709471256,1.33734494973028,-0.292396665890201,-1.33700721319981,-0.246869903470125,0.305167932034837,0.962102792630113,-0.19777385571061,-0.106919256445487,-1.00490052425874,-1.15358773492014,0.15135790067223,1.97922350800138,-0.389370592599431,-1.8829023974643,"Male",0
2.64340595552774,-1.70274446868832,-1.425245924676,-0.294330174005809,0.396954391450835,-0.685554251479024,-3.60479344943601,1.6392423236345,0.283387854490788,-0.945848572202973,0.0910310743836,3.81838805117992,-0.481403865926618,0.538751129444418,-0.343790807897869,-0.692999912865587,-0.68036958365596,-1.17423996628925,0.0489803562376443,-0.93759831017246,1.64048875748716,-1.4152346573381,-0.146702185234517,-2.6881755138293,0.174843553599235,-0.106919256445487,-2.12125480393555,-1.03939608083255,-0.372992227038412,-0.413798054689123,-1.19913057523017,-1.37514332271109,"Male",0
-0.819307700426392,1.06107458945504,-1.77291335201821,-1.75633387371458,-0.666856949675958,5.15831203459256,1.21583120707287,-0.264065184741861,-0.546381168809233,-1.19554502417425,-0.0188544274451281,-0.755486892689727,-0.481403865926618,-0.690900182020652,-0.343790807897869,2.08307293089809,-0.68036958365596,1.86299581991534,2.81076484071784,0.502282531225202,-2.18272049527493,-1.88439754679504,0.702287791600552,0.045714022320773,-0.570391265020455,0.28113794334397,-1.47755970186111,-0.292319439065953,5.34118200775185,2.03804630948027,0.361069758951809,-0.538285397234358,"Female",1
0.800506420842121,-0.66631232188456,0.569745971244104,-0.618381221201241,-0.238570679040257,0.655246238398871,0.0106750429456468,-0.303086211083586,-0.225470498352235,0.92047313064291,-1.02118846507049,-0.268096738028395,-0.481403865926618,-0.396080168789878,-0.343790807897869,-0.125521568497847,-0.0664645854580003,0.279354742723113,0.0553581409920549,-0.535236622230387,0.158864756713161,-0.605445077561848,-0.0914040862802817,0.20710628663804,0.174843553599235,-0.106919256445487,-0.329577386601987,0.287111581937114,-0.259283751275929,-0.309340940757953,0.0469175744247694,0.399071214973747,"Male",0
1.60117112869657,0.0246424426512784,-0.217809377426863,1.51930571729023,0.38237075383637,-0.685554251479024,0.412393764321387,0.58679583034527,0.99489801766415,-0.481097386265453,0.444482282443006,-0.278442283764125,-0.481403865926618,0.463347982986637,-0.343790807897869,-0.692999912865587,0.521378408099479,-1.04211153205536,-0.682397497589737,-0.409560917400317,1.35519584900841,-0.257062466159489,-0.493464768499257,-1.41241554803215,0.920078372218926,-0.106919256445487,-0.215755718899428,-0.711742693306871,-0.812520865560292,-0.675054570379287,-0.765640550162679,-0.116899339352965,"Female",0
-1.18589140352796,-1.70274446868832,-0.255963871020019,2.19760789637792,-0.818115525573064,-0.685554251479024,-0.391043678430093,-0.769423042711883,-1.21964571440498,0.00141555281319674,-0.148317009980175,5.00300176736603,6.08248581925443,-0.690900182020652,-0.343790807897869,0.145090880417738,0.528506213507278,-2.36659216891841,-1.56717025255071,0.405935290367796,1.31105952885529,0.684104021774349,-0.730374692593205,-1.15891769896173,-0.570391265020455,1.44530954271234,0.709893258299371,1.28683911678638,-1.25993927414181,-2.2246045585825,-1.26219656521614,1.44222907480819,"Female",1
-0.463100810876632,0.715597207187117,1.41260811945276,0.259540741954262,0.368214944078991,0.0786325562234037,0.814112485697127,-0.879417848286464,0.283387854490788,0.162942974203571,0.0910310743836,-0.755486892689727,-0.481403865926618,-0.0469512057534225,-0.343790807897869,1.16623834697086,-0.68036958365596,1.22562550772329,0.405664018546321,-2.46225945452953,0.588109778984005,0.716023281963434,-0.202658007637507,0.288190798719452,0.174843553599235,-0.106919256445487,0.455166899249866,0.270155797455424,1.10139260719971,-0.588981222875436,0.540015090285284,0.714635814866317,"Male",0
0.0901754108816597,-0.320834939616641,-0.252044740971592,-0.665913138446445,-0.709679355217423,1.65168813251578,-0.391043678430093,-0.0037566377752642,-0.761392437060752,0.687190132225606,-0.400573925396084,-0.755486892689727,-0.481403865926618,-0.690900182020652,-0.343790807897869,-0.0133360949359718,-0.190190508615757,0.457486728262909,0.172441718551219,-0.257614246520706,-0.167789048766399,-0.458067254387727,-0.342960147490176,0.247820182344522,-0.570391265020455,-0.106919256445487,-0.772656865188699,-0.266941201802753,0.373347197315253,0.402754705447829,-0.237532415090329,-0.192954383946192,"Male",1
-0.69843287375329,0.715597207187117,-0.580958396804589,0.0296802961978929,-0.651079740931767,-0.556178765613613,0.0106750429456468,-0.67410339206263,0.423541308235503,0.108949285691771,2.83000132130947,0.184196796901249,2.08926233830454,-0.690900182020652,-0.343790807897869,-0.692999912865587,-0.285835206184575,0.895985916886538,0.130193192707399,-0.571392874887168,-0.512652035439895,-0.187307139916732,-0.873275089514027,0.392130992564168,-1.68824349294999,-0.106919256445487,0.190796419559798,-1.50018205133219,0.0241636222852839,0.801802312064961,0.468257185148401,0.103583466690026,"Male",0
-0.211503291107927,0.0246424426512784,-0.551574165131601,-1.46924948376116,-1.03187433856724,-0.685554251479024,0.412393764321387,0.0578125257076322,-0.24323612663104,0.691967806762054,-0.886309925132873,0.253325646883626,-0.481403865926618,-0.080674219473151,-0.343790807897869,-0.105709356973773,-0.468590220187846,0.0877995771406334,-0.282270162379085,0.638339241621305,-0.480724258930535,-0.760222601993629,0.226739370216382,0.548813977357169,0.54746096290908,-0.106919256445487,-0.75912385951589,-0.73403367093255,1.38336132770003,0.884477358879115,0.623567379717824,0.45584171074705,"Male",0
-1.12792409456644,1.06107458945504,-0.704155292513662,-0.485017324159486,-0.635472342444447,-0.685554251479024,1.21583120707287,-0.213685979291818,0.780390011303811,0.0108691218978936,0.819135268129809,-0.755486892689727,0.734051159797178,-0.690900182020652,-0.343790807897869,0.0829589435186518,-0.68036958365596,1.76886726504943,1.44512902130702,-0.873908291835413,-1.03967881027998,-0.160009790983193,-0.131963951785259,0.563358382851952,-0.570391265020455,-0.106919256445487,-0.506528320238671,-0.590411294155186,-0.407839394524343,1.20371114440724,-0.934663627227477,-0.103742137545697,"Female",1
0.615201813370874,0.715597207187117,-0.969961805421294,0.394043986582318,1.75968092934044,-0.446153352416768,0.814112485697127,0.505876853636802,0.651739880358318,-1.92133104373882,-0.103535551045175,0.479353853247136,-0.0309879925356913,-0.690900182020652,0.869200163338882,-0.692999912865587,-0.265602674006552,1.38559768121985,2.31524450185132,-0.924244158322357,-0.678982106704727,-0.512113820567429,0.877071567128972,-0.890015052079592,-0.570391265020455,-2.04720525539277,-0.377867536908863,-0.23855104187535,-0.291169971134144,0.831800646128836,0.710686980536046,-0.199684918865946,"Male",1
0.977746247159944,-1.70274446868832,-0.474670878937937,0.273608823966553,0.00663359107792226,-0.685554251479024,-0.391043678430093,0.101900790450433,0.283387854490788,0.559440050951141,0.0910310743836,-0.755486892689727,-0.481403865926618,-0.690900182020652,-0.343790807897869,-0.692999912865587,-0.68036958365596,-1.25192778252526,-1.12841019727778,1.46004587442812,0.404143192443108,0.8521864475579,0.698696690686527,0.261365915998528,-0.570391265020455,-0.106919256445487,-1.18978061452837,-1.07648622534576,-0.201643193672332,1.11958486701251,-0.885366882820007,-0.310065691549922,"Female",1
-2.14008792277116,-0.66631232188456,-0.197431409257789,1.62445077610646,-0.0704001248074874,-0.685554251479024,-1.59619984255731,-1.30746829334742,-0.92679103622471,-0.623353911759092,-0.0904009852250052,0.403635824699706,-0.481403865926618,-0.690900182020652,-0.343790807897869,-0.692999912865587,-0.68036958365596,-0.0689736251918544,1.23489048123231,-0.143081420333244,0.270774891234643,-0.0586491928098243,2.01208822488912,-0.827236313094647,-0.570391265020455,0.28113794334397,1.58000120756616,2.81253700510787,-1.15747097428015,-1.77767561524899,-0.766864578918037,-0.245046880242923,"Male",1
0.456056090176073,1.06107458945504,-0.408940440257245,-0.834729300283781,0.92472512241003,0.543512864242381,1.21583120707287,-0.477834788358229,0.634689524575801,-0.992170223532121,0.48047387638635,-0.166645803360887,0.592513456656126,0.0214742313171854,-0.343790807897869,-0.692999912865587,-0.185909468659063,0.30245578747431,0.738517746983704,-0.160071583991927,-0.131977512421004,0.982733956153081,-0.930852502911961,-0.582702725720973,-0.19777385571061,0.28113794334397,-0.526312733185608,0.0263824592812554,0.121052903953857,0.343487660657977,-0.46728311896551,-1.27510901844411,"Female",0
1.24639478542451,0.715597207187117,2.26093198475585,0.975981638268492,2.44156494464816,-0.685554251479024,0.0106750429456468,-0.661967993428258,-0.648957471910334,-0.0726969258898972,-0.276986195360641,-0.308981563364232,-0.481403865926618,3.63052341147247,-0.343790807897869,-0.692999912865587,0.0695070145843578,-0.52386889541581,-0.2613665330953,-0.866458614604655,1.21150302766886,-0.225881774382608,1.81298682673778,-0.210669853401442,0.174843553599235,-0.106919256445487,0.527820585540519,0.63985178713678,-0.933783447279395,-1.02057915692616,-0.875764135194646,0.573721300476807,"Male",0
0.351250721603574,2.78846150079463,-1.65257197878565,-0.510052106535579,1.44814165206718,-0.685554251479024,2.01926864982435,6.89890725311022,-0.113187199837576,-1.45247958391455,0.00648272326137611,3.04295281030478,-0.481403865926618,-0.461134350113102,1.52182347462402,0.633780441571699,-0.20192719069417,0.333406614274925,0.995567840978695,0.365643597976371,-0.83333575524493,-0.933463895381356,-0.766240078738192,-1.20623643129954,0.174843553599235,-5.92777725328734,-0.989512975088892,-0.689034903483989,-0.414247844538346,0.749456054321138,2.54799950315145,-1.1049889516197,"Female",0
-1.10858134913663,-1.01178970415248,-1.60566128593877,-1.1829781709011,-1.08293715981245,1.13132757176131,0.0106750429456468,-0.594073300362219,-0.418194259894108,-0.466826075808984,-0.271985960717377,0.420483538615245,-0.481403865926618,-0.690900182020652,-0.343790807897869,-0.692999912865587,1.04772539673654,-0.841015310807707,0.0559587530906817,1.82539767113313,-0.517779867349299,-1.14637541262399,0.0428787119242258,-0.658318544427305,-0.570391265020455,0.669195143133427,-1.08321199026415,-0.0791865104223919,1.59367028686189,0.605969488204492,-0.495175920140905,-0.908098833106387,"Female",1
0.144616536655251,1.75202935399087,-0.296567470620846,0.941449061879898,0.93538803697499,0.367931847710751,1.21583120707287,4.06586512635736,-2.13005461899327,-0.293021438728548,-0.0306555883205227,-0.081263845408206,-0.481403865926618,0.940437224522992,2.96767454357848,0.0920117968431341,0.451944079686933,-0.0404521639584347,0.521707695057647,0.367829305613821,-0.239899899279828,-0.36883637362504,-0.456142432376911,-0.612852465286056,2.41054800945831,-3.5994340545506,0.173866729252714,1.17982134809776,-0.849133101275266,-0.697891147712516,0.574187161879682,0.229573641571736,"Female",0
0.116033587522609,-0.66631232188456,0.248546362198193,-0.759030575170165,1.49406647115746,-0.592794469160428,-2.80135600668453,-0.647563584553951,-0.587441903982839,-0.0950552380391706,-0.297222221824045,-0.755486892689727,0.279195309964431,0.822711844669323,-0.343790807897869,0.278148593990552,-0.33016948159116,2.1829476576227,2.66339809133538,-0.827257044565872,-1.50709467746536,-0.417359603613612,0.50851699844285,0.341517146913744,0.920078372218926,-0.106919256445487,-0.537424609690407,1.41633186803731,1.46622639150297,0.623941894523309,1.01416135472316,-0.388052107033166,"Male",0
-0.361730501034665,0.370119824919198,-0.829581996289869,0.57568310544751,0.408350104668283,-0.685554251479024,0.412393764321387,-0.697317620126852,-0.321701590866961,-0.943988616722337,-0.152937283806508,4.46056533556277,2.68957550634135,0.0102477004479498,-0.343790807897869,-0.692999912865587,0.779633707187318,-1.35243938069571,-0.730573890115185,2.69160602780647,-1.06284436927199,-0.0586491928098243,-1.01898576516401,-0.342753041210828,0.174843553599235,-0.106919256445487,0.744673794706686,0.847148870649287,-0.831751800690846,-0.485558893321277,1.27666444624907,0.667223722739779,"Female",0
0.0783126657439362,1.75202935399087,-0.945476270579083,-0.596917398145734,0.300420205347728,-0.179029621969597,1.61754992844861,0.603978225942144,0.174477995579055,-0.56519302654572,-2.04481896042743,-0.755486892689727,-0.481403865926618,1.07589123300856,-0.343790807897869,-0.692999912865587,-0.68036958365596,1.37897961883325,1.64313740003592,-0.78177400527192,-0.612898850194226,0.0360393311482928,-0.155595401703427,-0.26339048358726,0.54746096290908,-0.106919256445487,-1.26448464867824,-0.500109482794971,0.456650120903318,1.1984516386374,2.35326024770338,-0.443989216449711,"Male",0
-0.0141869369018599,-0.66631232188456,1.21887125144516,-0.684891595366761,0.247685209568456,0.215761633383339,-0.792762399805834,-0.711122463493519,-0.295375328598913,0.366046198779345,-0.671910314101749,0.214618211312458,-0.481403865926618,-0.690900182020652,-0.343790807897869,1.56602658989334,-0.68036958365596,-0.549689060928577,-1.10679972687106,-0.233932173361505,0.66633279382086,0.3749497483705,1.26145552477302,0.71407692566524,-0.570391265020455,-0.106919256445487,0.698199943439685,-0.118250292254911,-0.117902927002568,-0.296785666420317,0.587694602910321,0.247572237983409,"Male",1
1.58455876721313,0.0246424426512784,-0.454073741599874,0.915868691544378,-0.977559331450349,2.92934903005452,0.0106750429456468,0.752224595509121,0.283387854490788,0.574623966959638,0.0910310743836,1.87562743816501,-0.481403865926618,-0.690900182020652,-0.343790807897869,-0.692999912865587,-0.68036958365596,-1.25435337986858,-1.28677063120556,-0.620057236571155,1.65343238385633,-1.38619179867565,-0.23798684732244,-1.26238500790249,-0.570391265020455,-0.106919256445487,-0.703091228654145,-1.45157255799307,-0.42125223019443,-0.686463875341206,-0.901020351423327,0.0582836285303103,"Male",1
1.58810690697311,0.0246424426512784,-1.10302671071897,-0.579008127991286,1.13658081954164,0.0975681585381539,0.412393764321387,0.514402012701907,0.283387854490788,-1.42815892720137,0.0910310743836,1.05856614932334,-0.481403865926618,0.406411974847275,-0.343790807897869,-0.692999912865587,-0.68036958365596,-1.61761649410657,-0.15720852297722,2.57869708434324,-0.167154995741574,-1.49039302261254,-1.02230095054086,-1.66299711422831,0.54746096290908,-0.106919256445487,-0.436209464952276,0.121163742316938,0.131053179287608,-0.330920266359455,-1.02746678497778,1.46147757374845,"Male",0
-3.03215104652368,-1.3572670864204,-1.45783041920447,-0.573626363478263,-1.70854155247786,1.42141794690053,0.814112485697127,-2.13532970728944,0.283387854490788,-0.572790883171828,0.0910310743836,-0.755486892689727,-0.481403865926618,-0.690900182020652,-0.343790807897869,-0.692999912865587,-0.68036958365596,1.42104636345085,1.55996090659548,1.04399357545636,-1.93521185546806,-0.229720512278485,0.0107344927808694,0.735799004530536,-2.06086090225984,2.60948114208071,0.173866729252714,0.194398897017562,0.564049760245129,1.19291431286868,-0.450008629952339,-0.281018119790982,"Female",0
1.32300931886381,1.75202935399087,-0.101330413460723,-0.921601815731236,-1.17488162808155,-0.631529323315446,1.21583120707287,1.65130561760278,0.0562759529709624,1.84897898900816,-3.31828458748898,-0.755486892689727,-0.481403865926618,0.537208279618223,-0.343790807897869,-0.692999912865587,-0.68036958365596,1.15019657362102,-0.20124780695519,-0.274135241096007,-0.743831392892904,-0.928645348926527,-1.18474544996448,1.12095481109439,0.174843553599235,-0.106919256445487,-1.21001331317652,-2.03357856892898,0.0493521859274563,1.57729264134391,1.82746580809512,-1.5064383470615,"Male",0
0.771395338239134,-0.320834939616641,-0.0506761065785767,1.14835523859218,0.377719978331139,-0.685554251479024,0.412393764321387,0.00716003748201227,0.283387854490788,0.183870150291772,0.0910310743836,-0.755486892689727,-0.481403865926618,0.559166796173708,-0.343790807897869,1.11162470715447,0.621140374209439,-0.235379170617145,-0.957565122930906,2.38285913709105,-1.49423647932855,-0.764952354304658,0.0130881776223571,1.54173529203459,-0.19777385571061,-0.106919256445487,0.825432779577008,-1.42506393263444,-0.706462483901749,1.30243609753486,1.23940865121705,0.235844645751368,"Female",0
-0.958211663954764,-0.66631232188456,-0.845381002228942,0.182231282026026,-0.288878101795774,-0.299964568115446,0.0106750429456468,0.663495416702461,-0.977365676433721,-0.0878656839393226,-0.178423403099991,-0.151705059303299,-0.481403865926618,-0.690900182020652,1.13895487186764,0.00999564806758622,-0.68036958365596,-0.238541516604469,-0.399713736345708,1.90346834468365,-1.00201261352958,0.360310690696324,-1.21605522807755,0.516481657021933,-1.31562608364015,-2.04720525539277,0.0143233492543302,-0.351772694600759,-0.774307077460195,0.726310843201198,-0.180859215731589,-0.781445876536408,"Female",0
-0.089559817294081,0.715597207187117,0.142289448281402,1.59608524022115,1.19374343574663,-0.360511708478322,0.0106750429456468,-0.719529877251998,0.283387854490788,-1.48586168379704,0.0910310743836,-0.755486892689727,-0.481403865926618,-0.690900182020652,-0.343790807897869,-0.692999912865587,0.134244562633888,0.00728879513251552,0.244414945003408,-0.903796528436075,0.744658869283322,1.19229713517879,-0.223499481408476,-0.806468594905384,-0.570391265020455,-0.106919256445487,1.04775541956433,0.160545163147295,-1.08689862954423,-0.774292191768172,-0.827294266555638,0.657432893183447,"Male",1
-0.735433423890061,0.0246424426512784,0.0089373273553277,2.01413897966953,0.392218114908299,-0.205918303880427,0.814112485697127,-0.314515092816645,0.283387854490788,-0.476498517380365,0.0910310743836,-0.755486892689727,-0.481403865926618,0.17072168763267,1.40522258196638,0.965475530181009,-0.0823165924537357,0.45023748247285,0.570013826437948,-0.743603028029452,0.1020540952427,1.50106367818333,-0.923711539781027,-0.362797683621514,-0.19777385571061,-0.8830336560244,0.550254280657354,1.32500702652087,-1.17435047647018,-0.784775972150705,-0.315089611547358,-0.803972877796863,"Female",0
0.820264970585237,-1.3572670864204,-0.99547971648453,0.0137773633955723,-0.439386314480228,-0.509973234947395,-2.39963728530879,0.259180432129528,0.0128225547728455,0.289018744692588,-1.47709060989958,-0.755486892689727,1.72422005220297,0.0406412558912993,-0.343790807897869,0.0110464635547936,-0.68036958365596,0.812605272473889,0.849813914776762,0.908542010704396,-1.38770706853106,-1.67234575606281,-1.21513423329425,0.216774444498048,-0.19777385571061,1.05725234292288,-1.41668906278172,-1.32119642314281,-0.564173046320862,1.57746838189835,-0.0406742826110077,-1.0561333237874,"Male",0
-2.56106860164618,1.75202935399087,0.0353259524808415,-1.0593113372941,-0.660033147832983,0.234602947456786,1.61754992844861,-1.51054025831626,0.283387854490788,-0.314235147796263,0.0910310743836,-0.239499866708979,-0.481403865926618,-0.0666639295167161,-0.343790807897869,-0.092225645231371,-0.68036958365596,-0.328237588274549,0.195482869763055,0.351202315371792,0.189482847159723,0.225718319510824,0.405649185113576,-0.414436790622209,0.174843553599235,-0.106919256445487,2.23142873335989,2.42860308987595,0.36551937846517,-2.08392405908251,0.206148387562156,0.166578554130881,"Female",0
0.991890436685066,0.715597207187117,1.18003252421334,0.592416613021404,0.740242434414521,0.589033868528358,-1.19448112118157,0.415684570431938,-1.06168358773759,0.477200894594786,-0.255792716212996,-0.755486892689727,1.86821779208085,1.64700374455465,1.23811939185196,-0.692999912865587,0.942372927504247,-0.600496185651165,-0.0431531733393049,-0.948774151003451,1.19278878829069,0.283472288336454,-0.0244808301023044,-0.777090751514316,2.03793060014846,-0.8830336560244,-0.0427686072245342,1.37037537821432,-0.68082598386646,-1.47776002903597,-1.12948849781943,0.733534341098574,"Male",0
-0.0504886851961967,-0.320834939616641,0.0842362884926144,0.451371704334279,0.085812793700539,-0.685554251479024,0.0106750429456468,0.612486109501272,1.00338859240369,0.382859982901644,0.709551256610427,1.65819943409377,-0.481403865926618,0.477121827437799,0.841697981413469,0.431121867146896,0.535719076258853,-0.301774096357232,-0.649991861252404,0.620051620597925,-0.331623659296931,0.590642512567439,-0.231178246356908,0.459563976160022,0.920078372218926,-0.8830336560244,0.463772523890699,0.423637580965986,-0.91919587210506,-0.158554800876687,0.169310275602299,-1.15631828212707,"Male",0
1.52241633842335,1.75202935399087,3.16002746826575,0.473911515474878,0.0110653767226082,1.18730992485835,0.814112485697127,1.41930965611616,-0.104209973156544,2.97202929178252,-2.55676789488434,-0.755486892689727,-0.481403865926618,4.54894159488616,-0.343790807897869,-0.692999912865587,-0.68036958365596,-0.992511161847138,-1.71931850886127,0.378795286330192,0.907349004612205,0.625479598961476,1.70370925520074,1.43191333344926,2.78316541876815,0.669195143133427,-0.00300684464076412,1.23226593731868,-0.190501114173237,-0.70758923968217,-0.966304327090904,0.438406671170185,"Male",0
1.0310837621567,-0.320834939616641,-0.264994593691906,-0.989593833933773,0.239172954780903,-0.604959686513686,-0.391043678430093,0.443309736276318,-0.0115098084471457,0.458260587225906,-1.47647214284269,-0.755486892689727,-0.481403865926618,-0.212502115585568,-0.343790807897869,-0.692999912865587,-0.348312790886785,1.72395661542638,1.0562119020189,-0.401725664063222,-1.25104818835774,-0.0342375692817387,-0.117172057945336,0.986675213517295,0.920078372218926,-0.106919256445487,-0.723804034507855,-0.713940523357688,0.229641331646156,1.53844727902564,3.03524291766225,0.0988291204680756,"Female",0
1.00338305725132,-2.04822185095624,0.0432936447502529,1.20288579066531,1.13835951322968,-0.685554251479024,-0.792762399805834,-0.87790100606223,-1.54497765572441,-1.79550972728954,0.114788791565545,0.120127454429135,1.11552513973214,-0.690900182020652,-0.343790807897869,0.326495814028859,0.790167641464685,-2.51099512921049,-1.59509864838414,0.615722614676806,1.88242140700753,0.244538105948399,-0.938656383736142,-1.82608981194603,-1.31562608364015,0.669195143133427,0.741780885917563,-0.233389194615822,-1.14716908326313,-1.65926608824938,-1.07730425066242,2.2566991419073,"Female",0
-0.413782453800422,-0.66631232188456,0.884988747595206,-1.55474403489667,0.247287751151788,0.48205950845631,0.0106750429456468,-0.828853157226687,0.283387854490788,-0.110083671970408,0.0910310743836,0.18528945235425,1.23436636806022,-0.121828993691477,-0.343790807897869,3.68846079248544,2.47957552334748,-1.08214878877435,-0.777261831162143,0.84421190975755,-0.0905156795431633,-0.75005697041579,-0.272134635680701,0.380028398122827,-0.19777385571061,-0.106919256445487,1.41682096877501,0.772468769678927,1.53408621779283,-1.24631163802858,-0.718436595550882,2.55589222778044,"Female",0
0.0794874542680008,-2.39369923322416,-1.52758160280446,-0.780765101202647,-0.98514428768038,-0.685554251479024,-1.59619984255731,2.60195142636728,0.283387854490788,-0.22974933003974,0.0910310743836,-0.755486892689727,-0.481403865926618,-0.690900182020652,-0.343790807897869,-0.692999912865587,3.36360778542584,0.433547358444574,0.685028424962473,0.212644063354878,-0.768712803044966,-0.80936993455579,-0.603577250847785,-0.270657316228117,-0.570391265020455,1.8333667425018,-1.9084851785184,-1.18962139944339,0.238341014096975,1.61123410503267,-1.12117922045251,-2.34422564529747,"Female",1
-0.665374348742844,1.06107458945504,0.41803119931442,-1.49450127110808,0.96533845943246,-0.685554251479024,-0.391043678430093,-1.19087628502469,-1.34731651948493,-0.919174278237096,-0.00291017605111425,-0.755486892689727,-0.481403865926618,-0.690900182020652,-0.343790807897869,1.12556003240559,0.63119064415435,-0.847532431833832,0.00715280856212929,0.901690505817363,0.14557023804341,-0.496045922514005,-0.437547049867068,-0.869090804246773,-0.570391265020455,-0.106919256445487,1.2807024279779,1.90759158831247,2.96602413426874,-1.77301070004171,-0.700488720643326,-0.896463546433542,"Male",1
-0.826829211538407,-2.39369923322416,0.325077883546503,1.32605870912632,-1.88452427851543,-0.685554251479024,0.0106750429456468,-0.180021824273934,1.37248644360814,1.43249897895249,0.71617948789418,-0.755486892689727,-0.481403865926618,-0.690900182020652,-0.343790807897869,0.157193274544566,-0.0672033399684835,-0.268040382296343,-0.833205797076986,0.100596957030732,0.271450611931588,0.0360393311482928,-1.08704281081547,0.347023458244702,-0.570391265020455,2.22142394229125,0.0510806360147079,0.171415166462616,-1.15531804154799,-0.514092203651248,-1.02626841623769,-0.0224067081916832,"Female",1
-0.826876522550256,-1.01178970415248,-0.796120075671816,-0.895204623771423,0.26548048091297,-0.0932327499265405,0.0106750429456468,-1.00527247917641,0.50160145968826,-1.74931563012211,-0.0605312781447363,1.43909083806389,-0.481403865926618,-0.690900182020652,-0.343790807897869,1.86219190897114,-0.68036958365596,0.193547600265836,0.411842755591831,1.54560952579606,-1.43317428860242,-1.01481529941357,0.59394184432706,0.404560215420093,-0.570391265020455,1.05725234292288,1.21943583062302,-0.57995169923021,1.23434401618401,0.746353522077598,-0.0465785884125875,0.677950440415466,"Male",1
-0.707519058035891,3.13393888306255,0.0210897813212004,0.378799953869636,0.186301459692709,-0.413636748000838,0.0106750429456468,0.7884096700184,0.283387854490788,-0.00466864205540581,0.0910310743836,0.890446405375486,-0.481403865926618,1.52158273824651,0.554436683460973,0.797528649872498,2.5445743942194,-0.0464521579129039,0.234641240324387,0.808970717604883,-0.872073478576125,-0.178359171064041,0.127375963090108,0.251680774292198,2.03793060014846,-2.04720525539277,1.19307694571453,1.66951926362531,-0.807496401513047,-0.778660403786033,0.209862690933589,0.116439606984078,"Male",0
1.10300675031659,1.40655197172296,-0.184308808959485,1.35190881551175,0.0390111964228235,-0.287570614007332,1.61754992844861,0.573807830582335,-0.116188713966833,0.390097398326331,-1.02755024783643,-0.755486892689727,-0.481403865926618,-0.0426866429966946,-0.343790807897869,-0.0691495475341601,-0.68036958365596,0.706646421021143,0.301062470550463,-0.671192415735788,-0.071903435306135,-0.806298944239089,-0.191866333925803,0.106597172215192,0.174843553599235,-0.106919256445487,-0.514734409343561,-1.18742163208477,0.831283677021332,0.644573711131437,0.287749956494644,-0.00419126122083355,"Male",0
1.017530574211,-0.66631232188456,0.605397868795244,-1.44302684964315,-0.334215391222998,-0.685554251479024,0.0106750429456468,0.277946898385298,0.283387854490788,1.65543397996543,0.0910310743836,-0.755486892689727,-0.481403865926618,0.635390392405087,1.00233331871855,-0.692999912865587,-0.220079476606,0.966636252204058,-0.144853332684007,0.780394949668081,-1.34722046318975,-1.28062962746417,-0.573610824329315,1.4640478870307,0.174843553599235,-1.27109085581386,-0.260661988629063,-0.582002732704432,2.34838992062545,0.951445164546386,0.211842588974215,-0.000449914228896001,"Female",0
1.13222666540627,-1.01178970415248,-1.26073533160082,-0.617442854424927,0.634798916175907,0.265981580047225,0.0106750429456468,-0.200754141783348,-0.51050769599739,-0.919364286575023,-0.101875630625529,-0.375285926177588,-0.481403865926618,-0.690900182020652,-0.343790807897869,-0.692999912865587,1.23519864380384,-0.22132040277011,0.654329039642016,2.16704467075133,-1.3212649857717,-1.48054294982425,-1.15322460041027,-0.681185552327038,-1.31562608364015,-0.106919256445487,-1.06823791748795,-0.0969737969742165,-0.236474788747849,0.811289239315577,-0.115405456451646,-1.90738229238964,"Female",0
-0.172488759899922,-1.01178970415248,-0.16991283007858,1.0222878603464,-0.446385026518267,-0.685554251479024,-0.792762399805834,-0.803313781764685,0.760730115860256,-0.019084938348369,0.835043131085793,-0.115401721219926,-0.481403865926618,-0.690900182020652,-0.343790807897869,0.0522643685034555,-0.68036958365596,-0.533951666713469,-0.25820047401319,-0.548549371776012,1.00318449177493,0.647090955596678,0.290674021523041,-0.570046221770245,-0.570391265020455,1.05725234292288,-0.395045870022304,0.0559968673714684,-0.390044100598151,-0.341807456273014,0.21845240025378,-0.412313144141394,"Female",1
-0.65642315233157,-0.66631232188456,0.491432387346611,-0.76830105449027,-0.402598968675122,1.14763059908849,-0.792762399805834,-1.05164515056634,0.283387854490788,0.271984575926305,0.0910310743836,-0.307001495384947,2.79035312127671,-0.690900182020652,-0.343790807897869,0.351361563465302,2.7090393864392,-1.30585221933144,-0.68201316126973,-0.217470244458155,1.05475023899114,1.73029139231772,-0.459193559440609,-0.353226903518736,-0.570391265020455,0.669195143133427,-0.0954692529054103,1.53177372007229,0.371025868509462,-1.20415394185959,0.225825900460439,-0.605301011258869,"Male",1
-0.457523904648746,-0.66631232188456,-0.357311744626843,-0.896812968904453,-0.211389228102867,-0.419810010241964,0.0106750429456468,-0.287275876534882,0.283387854490788,-0.209776022724917,0.0910310743836,-0.0457784218670787,-0.481403865926618,1.0262970880253,-0.343790807897869,0.133328202617271,-0.68036958365596,-0.622556840593711,-0.303491782356218,1.3561142694734,-0.257090411631327,0.801445302088511,1.97006563298594,0.862930329257943,0.54746096290908,1.05725234292288,-0.388733610741587,-0.15816206271249,-0.197252695802932,1.08576573452493,-0.852039699884931,-2.0280890083247,"Female",0
0.158985101711475,0.715597207187117,0.725211502637178,0.79069457650163,1.71407386533607,-0.685554251479024,0.0106750429456468,-0.799713119907595,0.817335304376636,-1.32712846244095,0.206502150552642,0.318496722448983,-0.481403865926618,1.04149352404341,-0.343790807897869,0.140640840807386,0.221473157059621,-0.803885023050011,0.114128528392503,-0.78988006805245,1.31033949038877,0.577684966185652,0.725075759265872,-1.43209009699739,0.920078372218926,-0.106919256445487,0.939238551401037,0.853339533739678,-1.10706654352814,-1.4179441421772,-1.24558574957896,1.23004000069158,"Male",0
0.560551488027845,-0.66631232188456,-1.35497153094642,-0.951638178230849,-0.616848885135066,0.0252315503839568,1.21583120707287,1.17248826541179,-0.666786347668286,-0.257846582281283,-0.226359289729112,-0.118425745652083,-0.481403865926618,0.0798104037479825,-0.343790807897869,-0.692999912865587,-0.68036958365596,-0.249459827380236,0.0741831753184344,0.481468892464856,0.0524290496056245,-1.13433874452543,-1.1820944519343,-0.882455961602666,-0.19777385571061,-0.106919256445487,-1.51715605359343,-1.31254855648338,0.0406508930642298,0.717501005763686,0.236035362285045,0.0531873967373429,"Female",0
-0.306539057966907,2.09750673625879,-0.890309425368182,1.407547462467,0.0833209885896408,-0.685554251479024,0.0106750429456468,0.958720756835852,-0.661472174278134,-0.770681849276581,-0.106361623266014,0.149510486211639,-0.481403865926618,0.403957137807291,-0.343790807897869,-0.692999912865587,-0.300398555688557,0.0411987604823512,1.31529298667573,-0.464338537103596,0.371690073708713,-0.186927601909023,0.130298523420002,-1.44598214718117,2.03793060014846,-0.106919256445487,-0.70659078879816,1.10283638019797,-1.03058724757504,-0.554296094223385,-0.251299500255234,1.28937334792964,"Male",0
-0.0822087506423972,-2.39369923322416,-1.28216077161931,1.44626938275915,-0.714718739924927,-0.685554251479024,-1.59619984255731,0.836468110414813,-0.630794900616808,-0.164606085606577,-0.261739765614094,-0.755486892689727,-0.481403865926618,-0.690900182020652,-0.343790807897869,-0.692999912865587,-0.68036958365596,1.04400128881209,1.00318569101084,-0.845437133865184,-0.238485961034466,-1.33632395480788,0.0665810149289299,-0.270657316228117,-0.570391265020455,-0.106919256445487,-1.15126630296527,-1.89421355036896,-0.319406865357513,1.30700152891341,0.0991155666955825,-2.94373029586945,"Male",1
0.21115623351045,0.715597207187117,0.56591820727267,-0.327355488278643,1.43849498531867,-0.521678636049504,0.814112485697127,-0.610033433076063,-0.480359763700366,-0.612106815097788,-0.19975716011844,1.43909083806389,-0.481403865926618,1.07908615419307,-0.343790807897869,-0.692999912865587,2.08386811166578,1.54354624002124,1.07634843784475,-0.769541014233366,-1.2264529375401,0.217856889733105,0.967194549316619,1.16895742105958,0.54746096290908,-0.106919256445487,0.375951513551178,0.176879652758564,0.653563195397922,0.873438015899567,0.0285454551996,-0.263394626589583,"Male",0
0.794042405461013,0.370119824919198,1.38801787167513,0.534380833160215,0.839135111265136,-0.0918916446400062,0.0106750429456468,-0.58290306022851,0.283387854490788,0.317586146645208,0.0910310743836,-0.755486892689727,-0.481403865926618,-0.690900182020652,-0.343790807897869,0.892882328970221,-0.68036958365596,-0.587865753804336,-0.758462874701405,-0.649496171417025,1.12046579700726,0.478739892727108,0.252736088755795,-0.158828836143822,-0.570391265020455,-0.106919256445487,0.222945730445973,0.359362932353312,-0.225453976682046,-0.876148901572022,-0.969528391261031,2.22179328188877,"Female",1
-0.710663796735248,-0.320834939616641,-1.42878903421116,1.96099191223916,-0.769996631249964,-0.685554251479024,-0.391043678430093,-0.911778819036972,-0.678909782464575,-0.659294264747361,-0.128756552732912,-0.11029737376005,-0.481403865926618,-0.690900182020652,-0.343790807897869,0.0582074648460978,-0.1385927112431,1.26134556742591,1.13435579192552,1.25216243255353,-2.08032657012357,-0.177025110253275,0.472203123162202,1.12586102358054,-0.570391265020455,1.05725234292288,-0.360836073221207,-1.07042347917402,-0.524695948924004,2.2664016264123,-0.138454111763026,-0.859341441334467,"Female",1
0.52729219269535,-0.66631232188456,0.232610030395296,1.12249850980901,1.75657517992273,0.116573760886524,-1.59619984255731,-0.857080618270384,1.12138871333941,-0.710960397627808,0.329585126021385,-0.19363435328847,-0.481403865926618,-0.011176262627479,-0.343790807897869,-0.692999912865587,-0.68036958365596,-0.685618180562533,1.22943085797856,-1.20988732401876,1.6744546567523,-0.558188518235627,2.03796324675543,-2.17453718966323,-0.19777385571061,-0.106919256445487,-0.797897494373805,1.67068721324257,-0.895413997975718,-1.36813241471303,-1.16147626549098,0.570174199090933,"Male",0
2.71003198419987,2.09750673625879,-0.591799723626987,-0.397667980374028,-0.10953552672782,-0.685554251479024,0.0106750429456468,6.03032222714249,0.564281997121613,1.2099951721393,2.33715784591143,-0.755486892689727,-0.481403865926618,3.41022737632932,0.581199513743555,-0.473722898980473,-0.68036958365596,0.753519103083479,0.365686215651359,1.10127464053597,-1.33349819155522,-1.5412178084925,-0.727125981409976,0.724553682510884,3.90101764669769,-1.27109085581386,-1.97052918321921,-1.52982750583602,-0.271883628980076,2.00852105848449,2.54865502955959,0.550325920855738,"Male",0
2.2433365431473,2.44298411852671,0.101034330868507,0.689433353562188,1.16502732296662,-0.685554251479024,0.814112485697127,3.17983400896813,0.52786136274484,0.279051709523668,1.8173651793899,0.227982706262244,-0.481403865926618,4.26656762554718,2.87643481752486,-0.692999912865587,-0.68036958365596,2.12942085229327,1.4658973929029,-0.435009095181227,-1.67430931213842,-1.27346525806469,0.0495645705791142,0.832040370697083,3.155782828078,-2.04720525539277,-0.38525207040274,-0.702410364773503,-0.798761222250921,1.4399286471935,3.13722409744358,0.491062683779058,"Male",0
-1.54930272929753,-0.66631232188456,0.77420745599522,0.419032528390851,0.0444015138578436,-0.685554251479024,-0.792762399805834,-1.71547562767376,1.34724788688301,-0.416691351645567,0.34100311432529,0.263490004964963,-0.481403865926618,-0.690900182020652,-0.343790807897869,-0.692999912865587,1.03093570099326,0.176847365203649,-0.929666448781726,1.13124688277179,-1.01846700822371,2.51375874328589,0.637425314366773,2.17576673800891,-0.570391265020455,0.669195143133427,1.92402143931055,0.487936702967214,-0.826443278509889,0.486582573119088,-1.18538727283326,-1.12505756204364,"Female",1
0.0499614134639818,1.75202935399087,0.0157479838399873,-0.65484737169643,0.656326583562664,0.543512864242381,2.01926864982435,-0.328246751224657,-0.451521546691932,-0.181741900680479,-0.342562727733485,0.22997919347085,-0.481403865926618,0.501307423248771,-0.343790807897869,1.02809762364562,-0.68036958365596,0.517262255823914,0.481126173863267,0.137036149952225,-0.608159340287583,-0.0440350091616421,0.681913096964669,0.477136052423256,0.174843553599235,-0.106919256445487,0.179784903574436,0.3215062421493,-0.0352170562503314,0.371730311604838,1.11441058639631,-0.0764024974267011,"Male",0
0.106425343099484,0.0246424426512784,-0.500779295390647,0.733209859397062,0.883567101545297,-0.370553068502371,0.814112485697127,-0.38508485670871,0.283387854490788,-1.23826947615755,0.0910310743836,-0.755486892689727,-0.481403865926618,-0.690900182020652,-0.343790807897869,1.12455751865405,-0.68036958365596,0.0546613013969637,0.653516707505644,-0.155215110687818,0.125131564578026,0.0930170381625733,0.215956607796836,-0.664584542103884,-0.570391265020455,-0.106919256445487,0.136367558550478,-0.056159132396867,0.0762850481027803,-0.0193060330383347,0.835499338827573,0.884995453862506,"Male",1
3.03673941898726,1.06107458945504,0.321767346157446,0.69112550601348,0.767585556581803,0.566529102364504,0.814112485697127,0.572075508468667,0.283387854490788,0.90450772231886,0.0910310743836,0.430829319535818,-0.481403865926618,0.0266969176319618,-0.343790807897869,-0.692999912865587,-0.68036958365596,1.25366383415653,0.625160122211436,-1.40292077541124,-0.149544684310125,-0.986154509091976,-0.318940137964128,0.139599072585527,0.174843553599235,-0.106919256445487,-1.60722605598651,-1.41853267428326,-0.695578699793694,1.18350927355317,-1.02670711235597,0.375457001961084,"Female",0
-1.07498092629586,0.0246424426512784,-1.89576190104744,0.238446992794168,-0.73252157347654,-0.554453759135408,0.412393764321387,-0.430494022977822,0.283387854490788,-1.12341655563513,0.0910310743836,1.74163550464925,-0.481403865926618,-0.690900182020652,-0.343790807897869,-0.692999912865587,-0.260994152788224,-0.368155537471627,0.65478384535047,-0.304640077508263,0.530277499776806,-0.00215444279183988,-0.175834258987836,-1.62005430924527,-1.68824349294999,-0.106919256445487,-1.66168791537515,-0.611408475588589,-0.025644871882432,0.435807133470662,-0.57575265938373,1.65292210374888,"Female",0
0.981042918194789,-0.66631232188456,-0.870958391673514,0.344798304315568,-1.19772132127818,-0.394459408281849,0.0106750429456468,0.959770705504277,-0.867436213246842,0.806501366884754,-0.378536557438044,-0.20435088673754,-0.481403865926618,-0.0241410240327982,-0.343790807897869,-0.692999912865587,-0.217571083652061,0.0137930129923184,-0.260629752279374,0.191501659777365,-0.0408428221052125,-1.27056239042765,-1.12917367455187,-0.256945377253202,0.174843553599235,1.05725234292288,-1.50752368492396,-1.26655331782977,-0.917618389698001,0.704684582686379,-0.0166383143123779,-0.268271030048223,"Female",0
0.515897131903917,0.370119824919198,-0.529656253279844,-0.954302436441924,0.460174035074627,-0.685554251479024,0.0106750429456468,0.255353934179462,-0.257396310502434,-0.502155772362603,-0.365267680138195,-0.496502367485567,-0.481403865926618,0.249050948510249,-0.343790807897869,0.211623056068911,-0.68036958365596,0.843214039138599,0.993476666460068,-0.0655369086841989,-0.671629015071211,-0.26015025147614,1.07496469653192,0.381412976094391,0.54746096290908,-0.106919256445487,-0.429597609362986,-0.468725808405852,0.1266187763075,1.09739528222091,0.662055879834207,-0.658084408731217,"Female",0
-0.758725181137708,1.40655197172296,-0.846012894484552,-1.30495970322009,-0.39673969469304,2.19639622676427,0.814112485697127,-0.354415473634569,0.687243690080485,-0.186866803992851,0.877208296010142,-0.484714584544543,1.00008448872067,-0.690900182020652,-0.343790807897869,-0.692999912865587,-0.68036958365596,1.38535362833014,0.898198052348293,-0.0366494985068777,-1.22937842615716,-0.25998333352188,-1.07232918373712,0.501363395679124,-0.943008674330301,-0.106919256445487,-0.196886689399973,-0.920598980372261,2.61858432189012,1.14419433707449,0.440505271267164,1.30599455318246,"Male",0
-0.9774575551355,0.0246424426512784,0.627729970435241,0.933554547202019,0.5999075715213,-0.685554251479024,-2.80135600668453,-1.28848009227871,0.283387854490788,-0.466152497741255,0.0910310743836,1.97784978547863,-0.481403865926618,-0.690900182020652,-0.343790807897869,0.367826721875938,-0.68036958365596,-0.0255062330718534,-0.197786331279836,-0.416485297154349,0.219133241349371,0.819914928061498,0.724664356997953,0.137365516511878,-0.570391265020455,-0.106919256445487,1.09310315700753,0.815337732727068,-0.0634635329618952,-0.778087951111159,-0.612843336287619,-0.154468698730343,"Male",1
1.52135828808052,2.09750673625879,0.681847268055922,1.18655387271037,2.2018737364408,-0.260000261525372,-0.391043678430093,3.7980993082848,1.00338859240369,-0.401622777574506,0.465081081652644,-0.272749627333032,0.399003294711019,1.64514383689627,3.2126755600362,0.431121867146896,0.535719076258853,-0.697716418173588,0.110092681264097,-0.379948747180464,0.876635502401457,-0.222803454733413,0.0151329062197374,-1.3059381616863,3.90101764669769,-4.76360565391897,0.255040351751348,0.978566959976582,-0.90617002369487,-1.24878203964296,-1.22530414875777,1.60512308822801,"Male",0
0.380446608502453,-0.66631232188456,1.24967114538687,1.65306697848462,1.81168013885605,-0.685554251479024,0.412393764321387,-0.840862765529127,-0.548014572398405,-0.679935095304948,-0.157789245328233,1.63349240870151,-0.481403865926618,1.23587628240097,-0.343790807897869,-0.692999912865587,0.657008758875013,-0.863419838681773,-0.50451232434434,0.197369925337265,0.586079403509421,-0.635931524740534,-0.206935022678106,-0.765960623688081,0.174843553599235,-0.106919256445487,1.05381071127673,0.765443491777827,-1.19047460278348,-1.61125563250352,-1.0197230403097,1.67286937276102,"Female",0
0.823454657826827,1.75202935399087,2.04416004016056,-0.277949312070863,1.62052477192166,-0.685554251479024,0.814112485697127,-0.68098852075081,-0.836910375906321,0.152703267345844,-0.260387369693218,-0.218969878937849,-0.481403865926618,-0.0418269433428038,-0.343790807897869,-0.692999912865587,-0.68036958365596,1.02447514499475,-0.14890368396801,-2.17482120216732,0.670072500341613,1.26322269470099,1.45281908989323,1.1576029798087,-0.19777385571061,-0.106919256445487,0.0320974128085264,-0.876840154725951,-0.609773948027588,0.607414550715205,-0.382771462750726,-0.929535967339991,"Male",0
1.35871314732091,0.715597207187117,0.333146079458756,-0.489042404308077,-0.51815844383911,-0.305290392471297,0.814112485697127,0.295716099094569,0.283387854490788,1.4647772062409,0.0910310743836,-0.566628896252336,0.896338805622113,-0.00546429691829099,-0.343790807897869,-0.473108677653071,-0.68036958365596,1.08413493821341,0.0788660520664065,-0.330721630829094,-0.73059191897885,-1.03668343348807,-0.724030533912227,0.992346694135681,0.174843553599235,-0.106919256445487,-0.846894009850774,-1.22218658288952,0.317492955117947,1.09175201018851,0.881400400680553,0.164812336725997,"Female",0
1.90620834647839,-0.320834939616641,0.390729583163557,1.049763302687,0.276464886335144,0.210781987610619,0.412393764321387,1.84967555722751,0.283387854490788,0.770741125640135,0.0910310743836,0.0503573869296249,-0.481403865926618,1.25890548317096,0.97551809707278,-0.692999912865587,-0.229248602244453,0.968606580280642,0.343421320579866,-2.44590789566286,0.850133823491737,-0.153511624090635,-0.598682336555924,-0.455107478598227,0.920078372218926,-0.8830336560244,-0.929530895183772,-0.812462083595064,-1.05008249091993,0.0101748208140779,1.04495535001245,0.790229919795343,"Male",0
-0.590265112433224,0.0246424426512784,-1.41105118229908,-1.61375417278648,-1.2996440842633,1.85187463259097,0.814112485697127,1.6069822395081,-0.719824575104724,0.160786638876256,-0.303209626623559,-0.275042916004556,-0.481403865926618,0.471573029293113,-0.343790807897869,-0.692999912865587,-0.276932411443526,1.16537559968438,1.37361345009565,1.02358832219021,-1.74679870685815,-1.8557679415172,-0.238784053918659,0.358079055172182,0.174843553599235,1.05725234292288,-1.56884583330791,-0.475585274998449,3.70224205651241,1.61984559719123,0.877590342390245,-1.06593402623367,"Male",0
-0.943298450874475,-0.66631232188456,0.31765425424983,1.30326126027506,-0.549266491338537,-0.685554251479024,0.0106750429456468,-0.431964817371882,2.75617727404413,0.93835937781519,0.321530054147901,-0.755486892689727,-0.481403865926618,1.31484253094286,-0.343790807897869,-0.692999912865587,-0.68036958365596,-0.285222409133761,-0.185123004858328,0.276244572477395,0.283048637664385,2.06036982819415,-0.14032577204585,0.23257084415121,0.174843553599235,0.669195143133427,0.333172339683292,1.91421428180018,-1.15953489772853,-0.811820428813351,-1.05588557608976,1.96193854619524,"Male",0
0.822457643967318,0.370119824919198,0.489938481323562,0.294791853828859,-0.094316424982325,0.0518860179538189,0.412393764321387,0.0145172594089377,0.283387854490788,0.680056528267101,0.0910310743836,-0.169205982010154,1.65709236773814,0.0183769512591807,-0.343790807897869,1.35485672115717,-0.188059295246016,1.06554672164859,0.152460827446732,-0.731961759090858,-0.670659259507951,-1.15211915816324,-1.38348607319373,0.692040034062768,0.174843553599235,-0.106919256445487,0.21611734767126,-1.23294725220216,1.2200387367405,0.415688264239372,0.740819497476883,0.495361133787945,"Male",0
-1.76922710190931,-0.66631232188456,2.68291274179682,-0.360683032476475,0.828926698972822,0.0518860179538189,-2.80135600668453,-1.61814855386194,-1.83987531866234,-0.195101124729817,-0.0576338122754895,0.430829319535818,-0.481403865926618,-0.690900182020652,-0.343790807897869,0.688252362281716,0.315800794651565,0.0373893998379533,-0.811679143813438,-2.49513362415453,1.62243921350561,3.01189663811102,2.70758106231781,1.06931678824235,-0.570391265020455,0.669195143133427,1.72697963798132,0.831616452866151,0.215092024976135,-0.911769920042377,-1.270051729412,2.61157538542905,"Male",1
-0.751524554692138,0.0246424426512784,-0.621781630310465,-0.209353002372347,-1.42599006528848,-0.248552610333636,0.412393764321387,-0.148503868963924,0.626206387656132,0.90527641488783,1.73199379322533,-0.755486892689727,-0.481403865926618,-0.690900182020652,-0.343790807897869,-0.692999912865587,-0.101345551264704,0.0726613584331922,-0.697630027072712,0.785771378515745,-0.482390308359295,0.136512531796721,-0.659423772995845,0.857031243167373,-0.570391265020455,-0.106919256445487,-0.278887056755096,-1.37080223825282,-0.444919395846383,1.05727728934885,0.96727715792768,-0.345064473132646,"Female",1
1.08405722875082,-1.3572670864204,1.72576044489614,1.14835523859218,-1.20502430196354,-0.685554251479024,0.0106750429456468,-0.13289633313125,1.08786867898547,2.11832134847389,1.12863192477712,-0.755486892689727,-0.481403865926618,-0.038365219403204,-0.343790807897869,-0.0649905450986196,0.225481347018358,-1.2791709158383,-1.69945423164801,0.0884958695477246,1.26255088024112,-0.011772329502217,-1.00656575466818,-0.02105614867997,-0.19777385571061,1.05725234292288,-0.253709529142953,1.05581312953486,-1.1233346098543,-1.5412238487151,-0.732924991380288,1.40225142316303,"Male",0
-1.37936375807809,-0.66631232188456,-0.234903125432675,-0.782740351402445,0.442862403569019,-0.297427793882791,-2.80135600668453,-1.20719242701034,0.283387854490788,-1.08477293198733,0.0910310743836,0.0150537327748742,0.221244896563238,-0.690900182020652,-0.343790807897869,-0.244421793032029,-0.0333332046028737,-0.135252068439037,0.568370760744741,-0.319419624390069,0.366679607980183,1.8802033848109,2.39426405806005,0.0916669592449982,-0.570391265020455,-0.106919256445487,0.701395879221396,0.958378100664006,-0.342899100328595,-0.006269091334731,-0.279450758104584,-0.6943543075608,"Male",1
-1.05139888349997,-0.66631232188456,1.9916826606496,1.95230269929333,0.154476201499704,-0.685554251479024,-0.792762399805834,-1.088930371884,1.89665153997479,0.0478231247522677,0.320479571010045,-0.755486892689727,-0.481403865926618,-0.690900182020652,-0.343790807897869,1.82575423593247,-0.68036958365596,-0.732440771530745,-1.30189489339839,-1.57157128882013,1.84499362992443,2.60033254942836,0.92727447391667,0.28908309745584,-0.570391265020455,-0.106919256445487,1.55096576273415,0.755408193657883,-1.04795894794214,-1.46539238778122,-1.26219656521614,1.5959459607114,"Male",1
0.33058075390242,2.78846150079463,-1.03268034773786,0.514338437745879,1.67361673504699,-0.423353266791791,1.21583120707287,1.14867398540076,0.61023542673944,-2.11744943365274,-0.262874479600644,1.43592062826864,-0.481403865926618,0.369557503706527,2.88515698877466,-0.18269977654357,0.791760856226457,-0.565292371862961,0.742535724224736,-0.333782846007597,0.632855397537067,0.0371819844364148,-0.099082882840724,-2.25194781982342,0.54746096290908,-2.04720525539277,0.0527910134162573,0.399227902972671,0.00723234616092056,-0.740360652939363,0.696474528010406,0.082138330539948,"Female",0
1.50422934323828,0.0246424426512784,0.79462243656107,0.420069869549461,-0.113839217152218,0.0932605545226581,-1.59619984255731,0.327370708306067,-0.300509518126323,0.392151808219076,-0.675233455119588,-0.755486892689727,0.708565812483624,-0.690900182020652,-0.343790807897869,-0.692999912865587,1.51120524862063,-0.575612915058609,-0.632074235560327,-2.14016444831296,2.00078172141761,-0.457840607497297,-0.167614077950031,-1.06283583966396,-0.570391265020455,-0.106919256445487,-0.0769111349089688,-0.675301598952091,-0.512230384590488,-1.26212808028294,-0.913004058912508,1.37444088288814,"Male",1
-1.667053321808,-1.01178970415248,-1.34418547018114,-1.45248529150439,-1.7483999608216,1.14173137189439,-1.19448112118157,-0.368042429854101,-0.0736302628885104,0.199500410390687,-1.04110640942502,-0.413530993814915,-0.481403865926618,-0.277205150775444,-0.343790807897869,0.103292607549011,-0.68036958365596,1.06461181134799,0.826536242504696,0.638977146483842,-1.38302295491275,-1.11119921952859,-1.39600305032143,0.312968242555008,0.174843553599235,1.05725234292288,-1.01311493020656,-0.727735336009081,2.32489473254055,1.20694081477556,1.94744366666139,0.334710270266128,"Male",0
0.193998776682977,0.0246424426512784,1.92006647214051,1.26482243574918,0.664734108349163,-0.525775526435241,0.814112485697127,-0.397206657549609,0.283387854490788,0.299135041789824,0.0910310743836,0.218511088936872,2.47919485242951,0.0946555514674618,-0.343790807897869,0.819061165225052,-0.68036958365596,-0.578361734325898,-0.881330100208223,-1.60573839008056,1.57739203272733,2.18657089968646,0.983969951788061,0.351310073004759,1.29269578152877,-0.106919256445487,0.789993323686863,0.508524851944653,-1.17931332309791,-0.930019463843661,-1.27039181404795,2.93960982900256,"Female",0
0.310840697163169,0.370119824919198,0.759776176629705,-0.80003306634009,-0.310786439194006,0.286894455465384,0.412393764321387,-0.481070546600819,0.673659923294805,0.521037639775395,1.31156081662515,3.95448006115276,1.42747375532652,-0.690900182020652,-0.343790807897869,1.13497043315732,-0.68036958365596,-0.45251901913932,-1.17953230131191,-0.861406449045306,0.65432549764712,0.0214858997045657,-0.163307256060886,0.136872862811285,-0.570391265020455,-0.106919256445487,0.519578451758915,-0.233519409391451,0.0806703345955481,-0.748601824716887,-0.641970164128103,-0.091128621763524,"Female",1
-1.18918905798566,0.715597207187117,-0.267054232196021,-1.33925391899447,-0.403031151608332,1.97188816089158,0.0106750429456468,1.34471618924595,0.0742507250727619,0.0337357295249038,-1.66379869718373,-0.755486892689727,-0.481403865926618,0.157282178400648,-0.343790807897869,-0.692999912865587,-0.68036958365596,0.540341011672289,-0.128744709312012,1.00605214769436,-1.04163719139352,0.753774781325469,-0.937882081869275,1.02011855441556,2.03793060014846,-0.106919256445487,0.872795936887038,0.13155430123372,2.10820669561853,0.324133462013966,0.386415958605064,-1.90606309330839,"Female",0
1.5875350801997,-0.66631232188456,-1.01678363382112,-0.280759799388251,-0.326827880936845,-0.0198095637965967,-2.39963728530879,1.51947676100847,0.000119958541958966,0.453263421055419,-1.53686887608031,0.510659674975108,0.673183302483941,0.840872030696392,-0.343790807897869,0.781200480953615,-0.148766924809529,0.748805256756437,0.819212123241087,-0.515925149128422,-0.485759198779582,-1.14681842452004,-0.0555996391602559,-0.0816514343955057,0.174843553599235,-0.106919256445487,-1.99321311216793,-1.46772500830972,-0.16908740129848,1.55231582444619,-0.074382166350672,0.107615152286241,"Male",0
-0.310202912738639,2.09750673625879,-1.48557674638236,-0.732795884529115,-0.36874321645801,-0.0922115059583457,2.01926864982435,1.4556102697543,-0.0987546905717778,-0.399679718951732,-0.614863256075907,-0.755486892689727,0.556993320018982,-0.690900182020652,-0.343790807897869,-0.361538247963955,-0.68036958365596,1.11068953330602,1.27406342901753,0.250867029428508,-1.14222235185039,-1.41471809969268,-0.888036875976329,-0.191330709665858,-0.570391265020455,-0.106919256445487,-1.21778717298512,-1.31234241095224,0.111092881033595,1.45324797662919,4.79514670588864,0.174137964623783,"Male",1
0.828072994948808,0.0246424426512784,-0.113615916089,-0.738362870496231,1.88476304705582,0.811672962217959,0.0106750429456468,-0.19326839493875,0.110257117512022,-0.664447243580071,-1.12391732651464,-0.755486892689727,-0.481403865926618,0.0112536514988397,2.50682498964276,2.01005331999085,0.29436240774395,0.440347925480485,1.41727703465054,1.20342502182302,-1.36284072788026,0.0854690588019979,2.01760370403259,0.399350908781949,0.920078372218926,-2.04720525539277,0.25054826770244,1.48628355250894,0.501084769691158,0.63215373064217,-0.795232001700144,0.800235021918301,"Female",0
-0.145056065310176,0.0246424426512784,-0.868627874508896,0.958260336308649,-0.426407546705436,0.313062780044617,0.0106750429456468,-0.305119841411611,-1.07247870364632,-0.186677945448161,-0.143169431621206,2.88077223871626,-0.481403865926618,-0.690900182020652,-0.343790807897869,2.48232835112477,-0.68036958365596,-0.413260777084398,-0.425185525514162,1.50294832483373,-0.965313766936498,-1.15846217089359,-0.440681103099066,0.30381438146334,-0.570391265020455,0.669195143133427,-0.557686113252644,-0.655918291864287,-0.824862885977696,0.893666821095948,-0.683922577079107,-1.52864745565809,"Male",1
0.139164517030302,-1.01178970415248,0.482663182970542,0.329026287539951,0.0377498585867312,-0.483515821497424,0.0106750429456468,-0.545571563349426,-0.281556544733008,0.232846649125874,-0.637670143675066,-0.755486892689727,-0.481403865926618,-0.232659337485931,-0.343790807897869,-0.692999912865587,0.591892959425946,-0.80470982086666,-0.874776298847675,0.604966305020745,0.44147535246514,0.610445504280753,0.390365345585093,0.192991101200026,0.920078372218926,0.669195143133427,0.446834207799491,0.284593478135243,0.0289798579845582,-0.40046107526154,-0.0921799289652146,0.691537616138003,"Female",0
-0.793233684166905,-0.320834939616641,-1.41775239105861,-0.90624597138305,0.411623453754351,-0.26173800467854,-0.391043678430093,-0.197095474511775,-0.736787104107542,-1.14787449342031,-0.00882991859845097,0.221647958442915,-0.481403865926618,-0.690900182020652,-0.343790807897869,-0.692999912865587,-0.270111009981006,1.6185461644521,2.57860210501844,-1.41792551110502,-0.520761313641021,0.28272317987971,-0.211842225925168,-1.14583672558346,-0.570391265020455,-0.106919256445487,-1.51615800748906,0.46317965024331,0.132414625286055,0.794803206316488,-0.145924951247866,-2.16423968118074,"Female",1
-1.09747719907173,-1.3572670864204,-1.02736597184453,-1.05139962461536,-1.10615503834462,-0.685554251479024,-2.80135600668453,-1.27502615986561,1.21163495967696,-0.439584670094916,0.371989195806297,-0.755486892689727,1.78869213596367,-0.690900182020652,-0.343790807897869,2.20550486144356,-0.68036958365596,-0.448820983259491,0.0694349045519705,-1.10046183268233,1.10845336439282,-0.131625994662326,-0.561993071279076,-1.1656292445335,-2.06086090225984,1.05725234292288,-0.648395306123572,-0.990322476753008,0.927214466989831,-0.169306548793515,-1.11684797343477,0.187892681460494,"Male",0
-0.260608138987407,-1.3572670864204,1.55282531943697,0.74410970809695,-0.471301644902826,-0.685554251479024,-0.792762399805834,-0.0923990007437896,-0.99646800265985,0.32431475426148,-0.246662323389368,-0.755486892689727,-0.481403865926618,0.792133823928115,-0.343790807897869,-0.692999912865587,-0.165681554863736,-1.14645104956546,-1.83901921902122,-0.422204654977161,1.57135499302804,0.855804769440833,-0.268498117959427,0.104476403327381,0.54746096290908,-0.106919256445487,1.4989997614707,0.108841278690885,-1.14056872343488,-1.64912500237873,-1.23364151759906,1.71908365302372,"Male",0
-0.194184016077108,0.0246424426512784,1.17278564799516,0.117386698616127,-0.0483192540253268,-0.57210190233551,0.0106750429456468,-0.576548164556194,-0.307314848809501,1.14451908776993,-0.952188503850566,-0.189705314551402,-0.481403865926618,0.67805428500897,-0.343790807897869,-0.692999912865587,-0.68036958365596,0.191575574280801,-0.382837885953706,-0.188884185846583,0.0943333490275086,0.345064719042647,0.910293087996534,0.956797105732086,0.54746096290908,-0.106919256445487,0.493257767787305,0.791753671126441,-0.73759729457042,-0.382269352076996,0.587694602910321,-1.11345564531164,"Female",0
-1.78671139022939,0.0246424426512784,1.84239701055507,0.801491089728558,1.38615416969981,-0.685554251479024,-2.80135600668453,-1.82663613329929,0.856924563968937,-0.698850344701281,0.444322670030425,0.0135888266427954,-0.481403865926618,-0.690900182020652,-0.343790807897869,-0.692999912865587,-0.35746644772168,-0.210767581704004,-0.137785138246258,0.950216507551373,-0.356224544963793,1.77811455880374,2.5824349860704,1.23711374985138,-0.570391265020455,-0.106919256445487,3.12980353115848,2.85192836360607,-0.714660018898899,-1.39918386696618,-0.0574259592846762,-0.312731893788665,"Male",1
0.240523980038935,0.715597207187117,0.850299656286119,-0.687637597653294,-0.301577862014169,-0.685554251479024,0.814112485697127,0.23301358220277,0.283387854490788,0.76508857848538,0.0910310743836,0.22997919347085,-0.481403865926618,0.501307423248771,-0.343790807897869,-0.692999912865587,-0.68036958365596,0.315191813873786,-0.712447978912572,-0.174846492833712,-0.0710866949575819,0.904867333762478,0.179090329950721,1.14647241190465,1.29269578152877,0.669195143133427,0.712420592529288,-0.188271757424137,-0.265405207595763,0.086396470421122,0.558134840654863,-0.307813022719637,"Male",0
-1.49250941157105,-0.66631232188456,-1.19590760731879,-0.239793578002521,-0.484897610929893,-0.685554251479024,0.814112485697127,-0.784904058510216,0.283387854490788,-0.656424123288121,0.0910310743836,-0.755486892689727,-0.481403865926618,-0.690900182020652,-0.343790807897869,-0.692999912865587,-0.68036958365596,0.230010445622322,0.845496391026169,1.50020720873475,-1.08283554641945,0.982733956153081,0.0456080852139328,0.186423283592407,-0.570391265020455,0.669195143133427,-0.186831781700361,0.466367950907268,-0.550490173348044,0.889069223654962,0.907384821660573,0.0847789629763377,"Female",1
0.0671095973706098,-0.66631232188456,-1.05094851487119,0.291923922376956,-0.115197973576816,-0.685554251479024,0.814112485697127,0.84056382263402,-0.772493227658489,-0.887531508170518,-0.0607760493858995,-0.755486892689727,0.440822634841321,0.532602872887093,-0.343790807897869,2.25079399854215,-0.255751959902371,-0.911426286373967,0.092990779057475,0.949773964084855,0.141156457845052,-1.18034556481326,-0.155129677998866,-0.98272516316486,0.54746096290908,-0.106919256445487,-0.457780016104522,-0.234647394885331,-0.894035046954742,-0.0927218483819539,-0.284144502671248,-0.199684918865946,"Female",0
0.433951897659485,1.06107458945504,-0.228142886108342,1.02108500624226,0.528922530895502,-0.685554251479024,0.412393764321387,0.285748036647876,0.96438178041744,-0.178064242739449,0.560164976496442,-0.755486892689727,0.351306292780315,0.96621456503271,-0.343790807897869,3.55988519616588,0.46983616917542,-0.68457792577923,0.141240441645046,0.0725219484483843,0.37672080373618,0.16936091840905,0.613952570610361,-0.506936001011184,0.920078372218926,-0.106919256445487,-0.604860808867859,0.456206799598663,-1.00112066409522,-0.0513431276311057,-0.186469097619486,-1.00782986173077,"Male",0
-1.2126737949151,0.370119824919198,-0.313048106924214,-1.22388745636162,-0.946440113826947,-0.685554251479024,-0.391043678430093,-0.96245605025438,-0.117326028677817,0.732560631498354,-1.21613412541362,0.779745852543338,-0.481403865926618,-0.45873641448599,-0.343790807897869,2.21169237163538,-0.0357887506334407,-0.333216574854414,-0.422887342418471,1.75124537417646,-1.0918795234506,-0.0328376914290765,-0.755115252122406,0.693783750153514,1.29269578152877,1.05725234292288,0.29372379668293,1.16452621677596,0.600899681083207,-0.119726097583887,1.26907328198027,-0.944911039528945,"Female",0
1.29062898210642,0.370119824919198,1.03902550898501,2.06252707265166,1.82129785244177,-0.545089438253721,-1.59619984255731,0.0847359455591475,0.283387854490788,-0.391115186338695,0.0910310743836,0.427360558681361,0.956766115777753,1.21709678469706,1.59273863740994,0.225142437670927,-0.0181978507069012,-0.370311480718426,-0.580468458803002,-0.558744567756825,0.666103770208396,1.52278680536693,0.98429287011049,0.211970860977786,1.29269578152877,-1.27109085581386,0.600079108036276,0.005006645922906,-1.14163921015444,-0.174575534029948,0.30687686148347,-0.607589500154952,"Male",0
-0.857789106454093,0.0246424426512784,0.600487527029208,0.768794474041321,0.498610361496122,-0.685554251479024,0.0106750429456468,-0.651969246736623,1.34191525514169,-0.378953439770472,0.350261704534386,1.37363851977824,2.10730210114127,1.0262970880253,-0.343790807897869,-0.692999912865587,-0.68036958365596,0.0177583037050912,-0.0456169456643845,0.784379166414139,-0.658202366499619,0.118069141087896,0.340522902518357,0.566290571560658,0.54746096290908,-0.106919256445487,1.65708580741951,0.902434543417584,-1.00359907021902,-0.51705957439812,-0.673521919989224,0.0315890810433347,"Female",0
-0.824076632202242,-0.66631232188456,-0.258703688379103,-0.978534213710696,-0.734978886046355,1.33879158617976,-1.59619984255731,-0.380628135236218,0.0152275796592283,0.46193441630049,-1.63583675833139,-0.755486892689727,-0.481403865926618,-0.690900182020652,-0.343790807897869,0.702576459949925,-0.17711906661468,0.205325366176459,-0.494510179905724,1.0402986887359,-0.881042341426448,0.334471592071426,-0.150351697770648,1.25021001291829,-0.570391265020455,0.669195143133427,0.195461489777749,-0.852535567238675,1.28852599259191,1.05471384819821,-0.467900065001695,-2.11763059914358,"Female",1
-0.957651181555082,-0.66631232188456,-1.86308869263458,-1.6872634991142,0.374797685014276,1.9364555953933,0.0106750429456468,0.0653697550926903,1.02099252242601,-2.07407684756155,-0.0525979322246595,-0.755486892689727,-0.481403865926618,-0.690900182020652,-0.343790807897869,-0.692999912865587,-0.68036958365596,0.989830416521459,2.65166557601694,-1.39991652246543,0.203845086628081,0.0863230602590166,0.186466703060945,-2.01534565710314,-0.570391265020455,-0.106919256445487,-1.90509096187982,-0.349057483450968,3.68115393302161,0.883691777014786,0.933027698466149,-2.18223827759242,"Female",1
-3.14664164564122,-2.04822185095624,-0.381107923069407,-0.517642395657336,-0.342001210829706,0.814324262621673,-0.792762399805834,-2.07007451811557,-1.92788142749722,-1.83606451814012,0.114789959078306,-0.755486892689727,1.44996053358738,-0.690900182020652,-0.343790807897869,-0.692999912865587,-0.68036958365596,0.532814274131069,0.57814313052214,-0.84359056982117,0.177922553633465,1.71559508813907,-0.211189644969797,-0.0440729089369003,-2.06086090225984,1.44530954271234,2.18353619696201,0.558157111061224,-0.52653200871032,-0.895764439978006,-0.94864524834089,-0.386378324516621,"Female",0
0.275754937297258,0.0246424426512784,0.444890392441168,0.578298869810787,0.335694120997861,-0.685554251479024,0.814112485697127,0.306074012091533,1.09874004147865,0.36825553960944,0.633199373560384,-0.755486892689727,-0.481403865926618,-0.690900182020652,0.998695145403368,-0.692999912865587,0.237722575811258,0.138899006680541,-0.35227891362224,-0.185804531634299,0.101432436059832,0.161934502773746,-0.0191509433956606,0.289694040734809,-0.570391265020455,-2.04720525539277,0.672880790033902,0.0402863667089382,-0.47340981167225,-0.303238457303397,0.408964700200773,-1.08644137841116,"Female",1
0.639967582505465,1.06107458945504,-0.43109299661261,0.863086581856541,-0.833509056527983,-0.616795251998107,0.814112485697127,1.7160896699708,0.283387854490788,1.060139991602,0.0910310743836,-0.755486892689727,0.0905195454023269,0.826622986857147,-0.343790807897869,0.402365263472157,-0.41704082473901,0.525407731003298,0.438148251850526,0.429181610692938,-0.748819020755579,-0.787801583959428,-0.392139720482575,0.478333434103904,1.66531319083862,-0.106919256445487,-1.06908751026958,-0.146778199319323,-0.981702137355195,0.787565677050872,0.32756869506229,0.169643180006382,"Male",0
-2.17841022636451,-2.04822185095624,-1.15197585680786,0.624821578237437,-1.18115171719739,-0.577107153033018,0.0106750429456468,-1.16560352232844,-0.389147866623399,-0.516073939833911,-0.271234062783654,-0.433405819147614,-0.481403865926618,-0.690900182020652,-0.343790807897869,0.0570112747541992,-0.68036958365596,0.693945185242408,0.776051124750196,0.978685864314626,-1.25165827060867,-1.11211676657324,-0.681833523921501,0.198915457629026,-0.570391265020455,1.05725234292288,0.235762539674785,-0.110614493157907,-0.900772472209961,0.461964867112936,2.08637454926205,-0.947389851418706,"Female",1
-0.209917738784919,0.715597207187117,0.418827123910354,-1.01152163300063,1.22962327921578,-0.685554251479024,0.0106750429456468,-0.869646576393665,0.942078485900188,-0.502819177220007,0.465425786255707,0.569405558300164,-0.481403865926618,-0.156619372017274,-0.343790807897869,1.36379932654591,-0.68036958365596,0.749202062228239,0.988134583082786,0.28041054469066,-0.987749743019608,-0.257563934309276,-0.142172797117969,0.23257084415121,-0.19777385571061,-0.106919256445487,0.407259883398822,0.804818329081126,0.161445770186318,0.0706968791594856,0.458604501921295,0.983661894172555,"Male",0
1.44328645718685,0.715597207187117,0.846363852822796,-1.30709835067048,-0.281217419978598,-0.685554251479024,0.814112485697127,0.228810461051389,0.283387854490788,1.63792134812385,0.0910310743836,0.804412188424328,-0.481403865926618,-0.690900182020652,-0.343790807897869,-0.0875924246583644,0.192880028176597,0.275141348387014,-1.06783544998008,-0.0666095859542725,-0.279922711669733,-0.249091829732485,-0.505666381683325,1.12906728410718,-0.570391265020455,-0.106919256445487,-0.113415753310395,-1.11704038646703,1.38643717168194,0.569556884785423,1.33782972470612,-2.23077381847783,"Male",1
-0.878597296422944,-0.66631232188456,0.49520272159526,-0.721373024069365,-1.21973173034647,-0.210552467625341,0.0106750429456468,-0.765346410249717,-0.431252471836976,1.01840915410392,-0.73167179412581,0.613493913973262,0.142776506843536,-0.690900182020652,-0.343790807897869,0.103966289884384,-0.68036958365596,0.537811212780262,-0.952324070276278,-0.693259635111031,-0.0403910596538943,0.744208212461554,-0.522500574023702,1.32332426791757,-0.570391265020455,0.669195143133427,0.395843328558265,-1.11936656205958,0.605041424032391,0.440504940499288,0.390946346097465,0.497120344988493,"Female",1
0.0335599431352291,-0.66631232188456,-0.950806587147684,-0.875628101667724,0.683147694307687,-0.685554251479024,-0.792762399805834,0.121373047326887,-0.605775162055968,-0.961391867588426,-0.0706016216119505,0.0961632722974511,-0.481403865926618,-0.690900182020652,-0.343790807897869,0.298593825713843,0.0347758879290194,0.762852289798245,1.19218227045641,0.294320506649058,-0.967631588826587,0.254744373288021,0.231886720487186,0.0768349713601348,-0.570391265020455,-0.106919256445487,-0.45010819328642,-0.256063287893728,0.829270469162252,1.14330305330678,0.50375947551828,-1.87091880528426,"Female",1
-2.32303928927264,-1.01178970415248,0.236865004558258,-0.594034551569228,-0.891720041661425,-0.575076308492831,-0.792762399805834,-1.17960946433086,0.283387854490788,-0.111254838456982,0.0910310743836,0.937123267849657,-0.481403865926618,-0.690900182020652,-0.343790807897869,0.292370434049126,-0.68036958365596,-0.429171437560905,-0.630420968622432,-1.11844274263187,1.19822911380235,2.780090923061,0.326886561677625,0.0114873427293309,-0.570391265020455,1.05725234292288,0.926069161766966,1.33288588565448,0.215815244555152,-1.23240699260645,-0.816636397357179,-0.372494161346596,"Female",1
1.34621861405412,-1.70274446868832,-1.04796505716559,2.50365865126329,0.713242247240492,-0.0932327499265405,-1.99791856393305,0.399572841394946,0.706057289426698,-0.543592249209311,0.65284555963121,-0.755486892689727,-0.481403865926618,-0.690900182020652,-0.343790807897869,-0.692999912865587,1.10436298553601,0.383740053113261,0.892397127556169,0.362121967457188,-0.607323266895359,-0.569795041985838,-0.566998267864647,-0.67429741684761,-0.570391265020455,-0.106919256445487,-1.21315225893575,-0.692246679944636,-0.483323072650583,1.03149610935415,-0.484684813346967,-0.310065691549922,"Female",1
-1.03369208541241,-0.66631232188456,-0.478466861718889,0.382274008976909,-1.5755953060245,-0.685554251479024,0.814112485697127,-0.280720235240948,0.989899117220314,0.93743030352641,0.897482445980871,0.191899122225765,-0.481403865926618,-0.690900182020652,-0.343790807897869,0.4100610375448,-0.282601317844646,0.899776396873766,0.0443674821273786,0.521560821949962,-1.24678618518558,-0.733350338191555,-0.986263255075472,0.999787547680346,-0.570391265020455,0.669195143133427,-0.110607575087601,-0.726768710135134,-0.863709208048593,0.875174142864348,0.100870864036481,0.00783093377992725,"Female",1
-0.294278519974539,0.0246424426512784,-0.0451853955583486,-0.35657568465492,2.02040036862857,-0.685554251479024,-1.59619984255731,-1.05103871568466,-0.609534836544538,-2.31195538125287,0.269451379598305,-0.32786128130611,-0.481403865926618,-0.690900182020652,-0.343790807897869,-0.692999912865587,-0.68036958365596,-0.292984679065325,0.641867555537309,0.130622265120765,0.358327507647119,0.269047595262453,1.65885627431314,-0.772821569291627,-1.31562608364015,-0.106919256445487,0.80048002355734,-0.146778199319323,-0.659349047387215,-0.0626346616389976,-1.11031715896602,-0.324783127907786,"Male",0
-0.339946864739516,-0.66631232188456,0.181539013977913,-1.13686766746461,-0.477332659488622,0.22717069521704,0.814112485697127,-0.891797820564686,-0.544754170724329,0.19714682496908,-0.396404044114385,-0.755486892689727,-0.481403865926618,0.268710057122658,-0.343790807897869,-0.231228318919297,-0.347336153261004,-1.27656856551923,-0.996214382881337,0.760356683092323,0.855236858171504,0.118069141087896,-0.51685088704139,-0.554833218559969,-0.19777385571061,1.05725234292288,0.631167540371075,0.842446047595748,0.819653749527983,-1.35473524489863,-0.129463371035809,0.049161675173075,"Female",0
-0.694426399845107,1.06107458945504,-0.963715164389268,0.65788206401669,-0.949847909911632,-0.193927405190462,2.01926864982435,0.352297505378857,-0.880117470191608,0.172003499294623,-0.251059289664479,0.358931367279733,-0.481403865926618,-0.0167938156803008,-0.343790807897869,-0.692999912865587,-0.212471375663028,1.04726574833277,0.718772377422149,-0.492743401458498,-0.624105482496646,0.0912423909659725,-1.12142681985707,0.14523372540769,0.174843553599235,1.05725234292288,-1.15126630296527,-0.544507806712829,-0.97881759514391,0.977416238117542,-0.877387134793298,0.854360984222836,"Female",0
0.136216349054696,-1.3572670864204,-1.92628281276489,-0.570148813147173,0.39454627079923,-0.484890232585733,-0.792762399805834,0.181504089999468,-0.807680171496577,-1.70741896440908,0.112727597200318,-0.0239609824385282,-0.481403865926618,-0.690900182020652,-0.343790807897869,-0.692999912865587,-0.68036958365596,1.12354666320845,2.36105942353371,-0.348604552409832,-0.724415370674468,-0.662623245371664,0.40731549183228,-1.08601433557689,-1.31562608364015,-0.106919256445487,-2.4180902867493,-1.00041356144619,0.153303755250413,1.91129471544565,-0.148500896102833,-1.09936381950931,"Male",0
-0.687297681745048,-1.3572670864204,-0.982150216293056,2.7968050634734,0.0438815555219389,-0.685554251479024,-0.792762399805834,-0.525110964337294,0.94064343005834,-0.737545859758904,0.386111681051004,0.125850424018146,0.322279359143456,-0.690900182020652,-0.343790807897869,-0.692999912865587,-0.68036958365596,0.696880426446248,1.51230663199673,-1.2073516174459,0.250385497655824,0.584819525562172,0.528683609957971,-0.895581175522702,-0.570391265020455,-0.106919256445487,-1.12817030240373,0.239628318470536,-0.682710061738942,0.439209589296542,-1.00288719314862,-0.763024628104434,"Male",1
-0.112609873772864,0.0246424426512784,1.46098834067205,-0.134482223876861,-0.0892734667687166,-0.442174624603499,0.412393764321387,-0.207220918788819,0.905409110543377,0.716980990288967,0.927503378841026,-0.755486892689727,-0.481403865926618,1.32724918689932,-0.343790807897869,-0.692999912865587,-0.33016948159116,0.609464706965279,-1.07445778896067,0.0366607989375198,-0.463258411998091,2.39364130606932,-0.449049348326762,2.04107947000928,1.29269578152877,-0.106919256445487,1.74672222522553,0.0739748629749804,-0.370764365563835,0.0926326327232823,-1.08558883233675,0.181784264892466,"Female",0
1.46745966727904,-1.01178970415248,0.0226028653667545,-0.972373446502933,0.0143524595323133,1.19419545491842,0.412393764321387,0.362545147806613,-2.57034479996672,0.946172390381515,-0.10931302093125,3.34451812456279,2.01110019020293,2.61586483124352,-0.343790807897869,5.67195989558356,-0.68036958365596,-1.29591035843127,-1.57718438790845,3.1485810790646,-1.61994184129966,-1.81200677308951,-1.83220073810509,0.946610801446198,-0.19777385571061,1.05725234292288,-0.942348933020992,-0.336765649191774,0.197875170888913,0.725602112613425,-0.258532208041144,-1.3162288887077,"Female",0
-1.09727804829114,-0.320834939616641,-0.479026924752145,0.630078804479623,-1.16065647196525,-0.422001715324331,0.412393764321387,-0.72890435531579,-0.51050769599739,0.577349093913648,-0.524885688900299,3.04652277243167,-0.481403865926618,-0.230936627544056,-0.343790807897869,0.19235163943749,1.23519864380384,-0.72026726845749,-0.957388689681937,0.635611358985454,-0.0933712463789608,0.62449968897228,-0.959231418211743,0.113385227219265,-0.19777385571061,1.05725234292288,-0.081860698017423,0.471202956309751,-0.845519232055367,-0.443670137176369,-0.711196126785396,1.53394251093531,"Female",0
-1.11267049853354,-0.66631232188456,-0.400549320425666,0.147816661714153,0.305926096802419,-0.685554251479024,-1.19448112118157,-0.697308539267681,0.283387854490788,-0.598611215128007,0.0910310743836,-0.755486892689727,-0.481403865926618,0.218767516795514,-0.343790807897869,-0.692999912865587,1.2138354293712,-0.385819845709328,0.609135892478817,1.45297220780367,-0.625610688807187,0.31114195980926,1.42890398271914,-0.0424274442345186,0.174843553599235,-0.106919256445487,1.16730599132444,1.81714983197586,-0.67233315257588,-0.510948335016086,-0.843964267096817,-0.999424856802675,"Female",0
-1.54776047747675,0.370119824919198,-0.391633755604616,1.34126778729612,-0.558287081339025,-0.685554251479024,0.0106750429456468,-1.10930989040597,0.283387854490788,-0.734636128752095,0.0910310743836,2.36591610398399,-0.481403865926618,-0.690900182020652,-0.343790807897869,-0.692999912865587,-0.156150295071286,-1.30006200589977,-1.05403490272782,1.07478429812678,0.419388083682263,-0.573216466220593,-0.239540662030809,-0.811161636635538,-0.570391265020455,0.669195143133427,1.88345193748455,0.665990998033885,-1.15595136410994,-1.70433758100778,-1.14922867110386,-0.491090158751642,"Female",1
0.37573697255239,1.06107458945504,-0.124238982301901,-0.803253280832898,-0.790889406916887,-0.685554251479024,0.0106750429456468,0.53496380491289,1.44369673597351,1.30018081318033,0.652225866406161,-0.107195501072875,-0.481403865926618,0.0933966480484144,-0.343790807897869,1.57145694206344,-0.135988014741103,2.41614151464948,1.35244486928509,-1.91369218875082,-1.10146413530668,-0.552986536240831,-0.426371940185675,1.0116067462769,0.920078372218926,1.05725234292288,-1.13427741793683,-1.24817610429366,1.73210871194885,1.6702279218763,2.27661368888168,-0.0893041461819719,"Male",0
-0.332337915452713,0.0246424426512784,-0.315691889448031,-0.514538723055334,0.919254088660497,-0.685554251479024,0.0106750429456468,-0.654404227563786,0.797323645266777,-1.10645698504624,0.307339726649076,-0.755486892689727,-0.481403865926618,0.976565650903015,-0.343790807897869,0.911794042245948,-0.101674355371693,0.615233717116939,1.56840715996729,-0.686214239337465,-0.095044696108968,-0.22478312367306,1.15668229392802,-0.577566483887056,0.174843553599235,-0.106919256445487,-0.413827136824651,0.199586025896974,-0.337525480381461,0.347960592978119,-0.961386608957989,1.42818287287881,"Male",0
1.74005214720294,0.0246424426512784,0.579075310463959,-0.971115351574065,0.127408707024237,1.79026439889503,0.0106750429456468,1.71256271258102,-0.541519240938334,0.946863151584108,-0.602239088986519,-0.755486892689727,-0.481403865926618,3.61047774538939,-0.343790807897869,1.14687128176425,-0.0169045465409773,-0.357994812755764,-0.76635696774644,0.0914055928400795,0.292983600136995,0.675981710029806,0.183509670676429,0.645375194462375,1.29269578152877,0.669195143133427,-0.983899240302317,-0.852266452181029,1.41169242992194,0.844314486065366,-0.0943873138089667,-0.488505075370649,"Female",0
-0.583838556403091,-0.66631232188456,0.234493379614969,0.418666183972869,1.75632192877885,-0.685554251479024,0.0106750429456468,-0.830875733570438,0.949348801920159,-1.64461450394287,0.0766449447481433,1.03053442461232,1.96158024206789,0.38945571635261,-0.343790807897869,-0.692999912865587,0.0695070145843578,-0.450623936104088,1.09062626413009,-2.61357723606295,2.14882235456071,1.70884212513899,3.52166849775788,-1.75034806595275,0.174843553599235,-0.106919256445487,1.04266255832278,1.56375407775442,-1.02476047023358,-1.51185096582514,-1.26025352228391,-0.0278062871151853,"Male",0
0.156376172294828,1.06107458945504,-0.126724195449016,-0.615807357536778,0.946431690208551,0.324036593577844,2.01926864982435,-0.540719186040675,0.696648552005179,-0.776422855350693,0.539223535036408,-0.755486892689727,0.0239257235352549,-0.690900182020652,-0.343790807897869,-0.047784808995413,-0.68036958365596,0.6413279710048,0.763332884505884,-0.914043311949774,0.13891933637465,1.20749243884743,0.076373281826123,-0.201721951792592,-0.570391265020455,-0.106919256445487,-0.371918656619715,-0.27048024913617,-0.397282411845165,0.5194003461243,-0.319286953442787,0.297414504969579,"Male",1
-0.217919652389686,-1.01178970415248,-0.29298565308463,0.554096315097775,-0.822586042832529,-0.685554251479024,0.0106750429456468,-0.34790731722351,-1.29845646333584,0.0386762283254868,-0.141677406312009,-0.755486892689727,-0.481403865926618,-0.690900182020652,-0.343790807897869,0.189035716020619,0.591892959425946,0.282648634084066,-0.370133594085568,-1.00791402182782,0.44147535246514,-0.57490499970205,-1.05913427421285,-0.202806328311801,-0.570391265020455,1.05725234292288,0.0100862421246482,-1.28292613853064,-0.485556668202786,-0.0275767661415858,-0.454779679298834,0.211338221523067,"Male",1
-1.05422580406298,1.06107458945504,-0.428399157797714,-1.3473295039803,0.535387932397311,-0.685554251479024,0.412393764321387,-0.865398737270057,0.988248389970946,-1.30764737551307,0.184704307345245,-0.755486892689727,-0.481403865926618,-0.690900182020652,-0.343790807897869,-0.692999912865587,-0.68036958365596,0.339411939275753,0.723187474005657,-0.313100332148548,0.0816323005905633,1.08126229324589,2.50817008603755,0.183188641497165,-0.570391265020455,-0.106919256445487,1.03664804929495,0.0288338522072796,0.293006032645009,0.365396966999124,-0.565136125052544,0.675877820389995,"Male",1
-0.444269175297838,-0.66631232188456,1.37481306745162,0.0597905075936068,1.41812210040709,-0.0183463886588334,0.0106750429456468,-0.968821291933646,-0.0268232603529158,-1.0705223689364,-0.293325255111609,-0.755486892689727,-0.481403865926618,-0.0618497681863597,-0.343790807897869,1.12322255175613,1.06612964000917,-1.26017844140166,-0.815926869150015,-0.724850330754414,1.65124795609498,2.12910991308134,0.688214539096272,-0.66392559580476,1.29269578152877,-0.106919256445487,1.53533588574745,1.21409097147954,0.213438864337213,-1.71883519162834,-0.577804594590597,-0.0382878226725711,"Male",0
-0.267458549027259,-0.66631232188456,-0.449120994835377,0.609693107273999,-1.41746782996365,-0.685554251479024,0.0106750429456468,0.552576917016864,-1.39929116088654,0.695735090312229,-0.215347319518414,-0.755486892689727,-0.481403865926618,-0.690900182020652,-0.343790807897869,-0.692999912865587,-0.68036958365596,0.527969574062705,-0.0795208086557435,-0.591104203324905,0.0910574148764409,-0.800132493563324,-0.187509536039536,0.274673598605257,-0.570391265020455,1.44530954271234,-0.387511009495674,-1.18300456934078,-1.02418243796686,0.47682638179382,-0.855731326302355,-0.956430023901278,"Male",1
-0.252629698493002,-1.3572670864204,0.0815060464504903,-0.927858491426553,-1.21837964661735,0.980977430855084,0.0106750429456468,-0.601136065283272,0.283387854490788,0.905528252964171,0.0910310743836,-0.755486892689727,0.481756970384525,-0.0519951925127038,-0.343790807897869,2.99635015887256,-0.236904702451177,-0.395642406594634,-0.903404261448707,0.47601327345491,-0.0895240597281216,-0.458250702262488,-1.0238113940089,0.480900145226125,-0.19777385571061,1.44530954271234,0.110435644159599,-0.604213336710557,0.863298240049277,0.00712879234815318,0.329010634684507,-0.551565442694862,"Male",0
1.2383316979531,-1.3572670864204,-1.11682463271562,-0.94908188370723,-0.911738366480971,-0.527601851065028,-1.59619984255731,1.94651828089159,0.283387854490788,0.333110326393122,0.0910310743836,-0.755486892689727,-0.481403865926618,0.205439052343981,-0.343790807897869,-0.692999912865587,0.563931145292282,-0.629913108485257,-0.167469890474813,-1.66322150241256,1.86338762293536,-0.36348576357325,-0.792596248887373,-1.78034179736609,-0.19777385571061,-0.106919256445487,-2.01527245584,-1.35996235900781,0.590523828049464,-0.0834973606573133,-0.796687596053632,-0.562364600541866,"Male",0
-0.180384574236804,-0.66631232188456,-0.102041787979656,-0.564403698851585,2.23135333350547,-0.685554251479024,-2.39963728530879,-0.747109800274983,-1.07465855341825,-2.65129485825,0.264408803041365,-0.105110962836181,-0.481403865926618,-0.690900182020652,-0.343790807897869,0.0642461093614623,-0.134237591689944,-0.00844576533958351,0.776929157224032,-0.735432979384643,0.562821485090725,0.942625103838636,2.48180841972443,-0.61693006967241,-0.570391265020455,-0.106919256445487,1.40810103257257,-0.0841852526880809,-0.485370815139294,-0.111364653267462,-1.14335125315654,-0.494869863998093,"Male",1
-0.824510586450907,0.370119824919198,-1.14211453554135,-0.87393852017796,-0.310492735197594,1.23402996396438,1.21583120707287,-0.750580675472773,-0.542191098810481,-0.513763438895509,-0.20470643693597,-0.294216848939554,0.359851779015599,-0.690900182020652,0.222594371944138,0.649665497126536,0.868976363905591,0.947001801184438,1.74186439099428,1.10624209460649,-1.82880373209993,-1.07374823434019,-0.655411993183613,-0.165076949626295,-0.570391265020455,-0.8830336560244,-0.629473136345036,0.967367131004532,0.474897152382056,0.669020844537129,2.17550284507534,1.46247749577132,"Female",1
-0.566529508183376,0.370119824919198,0.139838796727942,-1.04687346943641,-0.0419496236823693,0.649728540909662,0.412393764321387,0.336275565222463,0.734498597198083,0.0874663947300647,0.931303472417773,-0.755486892689727,-0.481403865926618,0.223868457162698,-0.343790807897869,-0.692999912865587,-0.68036958365596,0.734780699784806,0.448442320894733,-0.410997564414705,-0.238882392318212,0.694468192772993,-0.481863148371828,0.291829487336066,1.29269578152877,-0.106919256445487,0.764190790334244,0.66988101008209,1.56564921865347,-0.389924377356776,0.0350224028050467,-0.369730974081801,"Male",0
0.288092640116496,-0.66631232188456,-1.47119591546315,-1.04330730290216,-1.01391379950268,-0.540958120217683,0.412393764321387,1.03960999654097,0.283387854490788,-0.0114501598647757,0.0910310743836,0.882301886131791,1.01208034584332,-0.195554815661243,-0.343790807897869,-0.216272153933163,0.00727029286806777,-0.765844145611626,-0.521693567249309,1.73622387095786,-0.56563806922232,-1.84663732178886,-1.41436926875443,-0.40919786240542,0.174843553599235,0.669195143133427,-1.08509906653873,-1.72081623387455,1.02794523178114,0.850242094456353,0.114210553925573,-1.09135459820369,"Male",0
-0.120222803054958,1.06107458945504,0.901823971281302,1.05350157224505,0.733170864681396,-0.685554251479024,0.412393764321387,-0.782267247613174,0.758474955570322,-0.0741707900530783,0.812558730477309,1.79275769546091,3.00417660941674,0.850520989516641,-0.343790807897869,0.0487434348906691,-0.145418246643581,-0.249459827380236,0.18992227525099,-0.471637319834161,0.309609943053238,-0.290880372581762,0.68696112080674,-0.28333708089909,0.174843553599235,-0.106919256445487,1.05381071127673,1.25061344137186,-1.13374846620095,-1.16394990198487,-1.27411565361038,1.37171572944412,"Female",0
1.4924968802562,1.06107458945504,-0.127192455143114,0.580368267808141,1.18373849418189,-0.685554251479024,0.814112485697127,0.277412267785933,1.85282298898187,-0.168987974279191,0.295890659168203,-0.755486892689727,0.584753938429371,0.0163270173479811,-0.343790807897869,-0.692999912865587,-0.68036958365596,0.707535521683309,1.3458637482768,-1.15531833228031,0.262930867595115,-0.454209016859871,1.44886314116009,-0.50045514669035,0.54746096290908,-0.106919256445487,-0.809131762855036,-0.0952053499875624,-0.887824240185519,0.429621744122459,0.746467697180656,-1.03403370062423,"Female",0
-1.17662874625621,-0.66631232188456,-0.646910183970048,1.22028084132662,0.280603725486209,-0.615521937192904,-0.792762399805834,-1.06657256260584,-0.403224513498984,-1.34512472929192,0.00711536285559826,0.97083100931132,-0.481403865926618,-0.690900182020652,-0.343790807897869,-0.692999912865587,0.0444400159234069,0.0492234213610529,0.609524531336485,-0.29507436793327,0.14557023804341,0.473609441067947,0.0762727300100976,-0.924925507674351,-0.570391265020455,-0.106919256445487,0.581648302467258,0.787775450862982,-0.323933561492953,-0.57815132213947,-0.31479371373862,0.150379817360376,"Male",1
-1.17608282148783,1.06107458945504,-1.63014214027015,-0.0786219811316008,-0.68109929901811,-0.685554251479024,1.21583120707287,0.103878183339867,0.0620523378469827,-0.953369930650904,-0.566422116175731,0.13490304502615,0.0598882841939456,-0.690900182020652,-0.343790807897869,-0.520216704565799,-0.68036958365596,0.869988591471558,1.40097953367953,0.924241836002266,-1.41657764727408,-1.37753693981073,-0.355689166478192,-0.162849082309727,-0.570391265020455,-0.106919256445487,-1.13441452559297,-0.769236657891785,-0.627446483679287,1.4727149075296,1.10687151816073,0.110782905254696,"Male",1
0.0615127802593053,-0.66631232188456,1.32188341611366,-0.0744033586614642,0.329797597464077,-0.685554251479024,0.814112485697127,-0.748122858558056,0.884344645696978,0.738581003643376,0.964887689048796,0.0503573869296249,0.988279800635827,1.25890548317096,-0.343790807897869,-0.692999912865587,-0.68036958365596,-0.959180321922837,-1.15314313671536,1.91288078133134,-0.331856584209222,-0.315166841458806,0.0180768642186587,0.864112160961916,0.54746096290908,0.28113794334397,0.483592378217342,0.623390048669602,-0.503964150946493,-0.31648127187174,-0.680783633273898,-0.247918533820289,"Female",0
-0.834187822194758,0.0246424426512784,-1.64034289961624,-0.31546290815932,-0.393593443312172,-0.685554251479024,0.412393764321387,0.926762146082711,0.621974060086192,-0.805803130110022,0.618601637849216,-0.755486892689727,-0.481403865926618,-0.690900182020652,-0.343790807897869,0.0999412080523052,0.0821311997399254,1.8140510179685,2.21100494175,-0.362116093159725,-1.46389910701428,-0.99673136397876,-0.78973232467465,-0.324877185359895,-0.570391265020455,-0.106919256445487,-1.67477564902669,-0.841053324779147,-0.522657383016013,1.75302150933516,2.76048949859502,1.20925586349675,"Male",1
-1.71209173145625,1.06107458945504,1.56066375430383,-0.170264152177844,0.713655778611628,-0.217338207394679,0.0106750429456468,-1.07512926766136,0.59722952854593,-0.150014561895675,1.12904172017218,0.296616692144898,-0.481403865926618,1.8547498672022,-0.343790807897869,-0.692999912865587,-0.68036958365596,0.29177897072976,0.233719515927679,-1.12933494967759,0.616220402237594,2.95043672125591,3.13341928581651,0.960910171202171,1.29269578152877,-0.106919256445487,3.04872187717252,2.86417224912441,-0.363783392096451,-1.66315636176282,0.55615403184393,-0.33445214132894,"Female",0
-0.287734974092646,-0.66631232188456,0.000434325925996035,-1.00763906364423,-0.194102545758276,1.65771389438235,-0.391043678430093,-0.371108939807547,0.113666161559424,-0.366571715957879,-1.54211832274768,0.951406897896411,-0.481403865926618,-0.00257216238199647,-0.343790807897869,-0.0305427738708983,-0.202600105452217,0.113547680872923,-0.40033085605062,-0.540364496129442,0.233721685042956,-0.388696092227957,-0.816123930077955,-0.109284572815335,0.174843553599235,-0.106919256445487,0.891414151761748,-0.822885219621666,1.60168945635839,-0.397406922320126,-0.741151073028226,1.43067997544403,"Female",0
-1.57882112197016,-0.66631232188456,-0.934842465182782,0.414850368747405,0.16594235663293,-0.642710953327515,-0.792762399805834,-0.5337178701418,-0.44732569716961,-1.19335050143072,-0.0344243553700821,-0.755486892689727,-0.481403865926618,-0.690900182020652,1.37496283473691,-0.692999912865587,-0.38651655683688,0.671367188023941,1.60335432840657,-0.700210302874196,-0.00181031183254816,0.241620713448734,1.11394485590638,-0.864431719997493,-0.570391265020455,-0.8830336560244,0.106616609970603,0.890719143057084,-0.882284506278659,-0.153718374478114,-0.291167596831225,0.572399538486702,"Female",1
0.813147905921254,1.40655197172296,-0.789687502615086,0.362173996030711,2.41758972002654,-0.662898636442685,0.814112485697127,-0.0438007395221739,0.283387854490788,-2.37947639633416,0.0910310743836,0.403635824699706,-0.481403865926618,0.711395582916576,1.07947510247876,-0.0182047469268711,-0.193701820041546,0.16870521841997,2.00703719854739,-0.876765230439992,0.457949524288205,-0.337678141069389,0.681372814621894,-2.34124653773159,0.174843553599235,-0.8830336560244,-0.0906536181527859,1.14695384031246,1.19989694378556,-0.770831416344279,-0.412293639437929,0.89324019658243,"Male",0
-0.614824418957844,0.715597207187117,0.194736084549148,-0.580052745673175,-0.417889800034562,-0.614303983900971,-0.391043678430093,-0.271867981546227,0.957533796804771,0.12250375421814,0.664968268227163,0.148499315955885,-0.481403865926618,-0.144083174240673,-0.343790807897869,1.93832425375585,0.837816333675305,0.589781837895846,-0.22281585579341,-0.238173400190653,-0.618827449940322,0.462620529525357,0.358730083864364,1.16537030568116,1.29269578152877,0.669195143133427,0.787326825732027,-0.694157597224294,1.93920044699165,0.695448727624887,0.56956461539364,0.460555628854869,"Female",0
0.26945108111851,-0.320834939616641,0.502506510453897,-1.04029945603995,0.443636263379959,0.730331065832034,0.0106750429456468,-0.384808869641009,-0.456283656647056,0.0722656731134987,-0.416823061521331,0.307211430521086,-0.481403865926618,-0.690900182020652,1.39603336976044,0.9567619989566,1.10436298553601,-0.458833528741479,-0.737949913525294,0.321355266338375,0.0504923108283487,0.538746410075141,-0.65736987288182,0.140033266498269,-0.570391265020455,-0.8830336560244,0.420636978685018,0.529375438122471,0.77589154780133,-0.486469931563134,-0.10991578631849,2.33076462266347,"Male",1
0.0907509834102514,0.0246424426512784,-0.86494535860455,-0.807635315127485,-0.317361384030861,-0.685554251479024,0.0106750429456468,-0.424339898764922,-0.359462119420491,0.0120039846010623,-0.472279192010382,-0.755486892689727,-0.481403865926618,-0.690900182020652,-0.343790807897869,-0.692999912865587,-0.68036958365596,1.15140051642174,1.0019750469239,-0.460533928179348,-0.614244891993504,-0.60821305741846,-0.41844220482271,0.0234669053634534,-0.570391265020455,-0.106919256445487,-0.868893967332819,-1.29326492849343,-0.250238058727633,1.22538662550242,-0.462043951949423,0.156631961377061,"Male",1
0.8612741184113,-1.01178970415248,-0.062806747204662,0.656686806684976,-0.850130367080905,-0.685554251479024,-0.792762399805834,0.0368806293239996,-2.14951786474717,0.494990501781685,-0.102356743477431,-0.755486892689727,-0.481403865926618,-0.690900182020652,-0.343790807897869,-0.692999912865587,0.689364686516898,-1.72620852992398,-1.02720503371717,-2.29034371501516,3.37047738297248,0.798689753052215,1.49697258220503,-1.81280813029379,-0.570391265020455,1.8333667425018,-1.3934949217578,-0.0377593462597587,-0.883295081833908,-1.28101994186454,-1.10881474298471,-0.293404442842908,"Female",1
0.508194780357908,1.06107458945504,-0.556306450825401,-0.0568559796990463,0.944837866606639,-0.685554251479024,-0.792762399805834,0.460535675684484,0.608825081228119,-0.890206126617216,0.581725248775733,0.55368407290547,-0.481403865926618,-0.162959273754112,0.727880826884098,0.323196475106868,0.0525195188313493,-0.180044256316604,-0.094577000958627,0.287976705228151,-0.075356839846339,0.601297915128782,0.0604360901618288,-0.166428829935957,0.54746096290908,-1.27109085581386,0.000898987183268664,-0.843840276832431,-0.69035008752804,0.586869565429387,1.22857383744636,-0.643024977053437,"Male",0
-0.707078023535666,0.0246424426512784,-1.45177825576846,-0.422876531495531,0.0203599390723564,-0.463639355584882,0.0106750429456468,-0.359516433736867,0.105230191585961,-1.18546716311702,-0.433452739839419,-0.755486892689727,-0.481403865926618,-0.209206065915258,-0.343790807897869,-0.692999912865587,-0.68036958365596,2.2553663889404,2.9676606736323,-0.581611113560969,-1.61603199663576,-0.588007753607372,0.30096051339283,-0.245892150855118,-0.19777385571061,-0.106919256445487,-1.04083855028043,0.0559968673714684,1.51052892251218,1.50143888399225,1.81355533173961,2.03659294540001,"Male",0
0.451373288162805,-1.70274446868832,-0.565015269124591,0.620454036436235,1.4057737833642,-0.685554251479024,-3.60479344943601,-0.461624187419418,4.20131394780907,-1.09700589726545,0.119946717006362,-0.755486892689727,-0.481403865926618,-0.690900182020652,-0.343790807897869,-0.692999912865587,-0.68036958365596,-1.50554159684047,0.738054635970534,-0.291204125797533,1.88242140700753,0.0337564978475624,1.51859059077848,-2.64955407438493,-1.31562608364015,-0.106919256445487,-0.898860011114223,1.07513908567453,-0.807068492218126,-1.15221179471728,-1.2819603597474,0.420731148288812,"Male",0
-0.302562778901957,0.715597207187117,-0.814411337833128,-1.65217374908538,-0.328560362474845,0.157234627872796,1.61754992844861,-0.206179823697796,0.283387854490788,-0.37165856751177,0.0910310743836,-0.755486892689727,0.978103949334213,-0.690900182020652,-0.343790807897869,-0.460058752714629,-0.68036958365596,1.0360096594217,1.32716482592359,-0.224821753102082,-0.746790466748191,-0.479124566374064,-0.147856372784987,-0.11237190079723,-0.570391265020455,1.05725234292288,-0.763294614007283,-0.0906189325800339,2.23729420856071,0.764664080534637,1.61760354723663,-0.261628559232904,"Female",1
-0.0769189653786456,0.0246424426512784,1.19860902381488,1.78945885377108,2.58036036090811,-0.685554251479024,0.0106750429456468,-1.04557007338112,0.283387854490788,-1.32812650955187,0.0910310743836,1.54300076849729,-0.481403865926618,0.699444198556311,-0.343790807897869,0.645088228683363,1.24971052431489,-2.34042711925486,-1.44927656811197,2.90193377295587,0.000116117870257892,1.85174786771729,1.97932439849996,0.472747920695888,0.920078372218926,-0.106919256445487,1.27814425610103,2.03766229184964,-0.774445697553172,-0.619804786508572,-1.24923348010743,-1.67602775351412,"Female",0
0.273362630413868,-0.66631232188456,-0.99154853431686,0.107813508437736,0.227424408500537,-0.155974165710376,0.412393764321387,0.450407483183621,0.283387854490788,-0.728109371397757,0.0910310743836,-0.755486892689727,-0.481403865926618,-0.0519951925127038,-0.343790807897869,-0.692999912865587,-0.236904702451177,0.882176149230715,1.46325383508339,-0.34448311185673,-0.473280928149298,-1.15746227691553,-0.48488516461144,-0.760746360148451,-0.19777385571061,-0.106919256445487,-0.955206585404729,-0.179250446726725,-0.0985969570100921,0.419987490619655,0.794450967398498,-0.181863023276347,"Female",0
0.865858409642564,0.715597207187117,1.76068848119508,0.798388412819543,-1.59657374431121,-0.20669693366549,1.61754992844861,0.75734212634695,0.746798467678966,2.57693730703675,2.1143601541992,2.3515317583772,-0.481403865926618,1.56440498831619,-0.343790807897869,0.0305131836401498,-0.68036958365596,0.0258058337968243,-1.59167760251265,-0.75279407973071,0.397786249378133,-0.136228669975695,-0.0883480465140787,1.32019299722911,0.174843553599235,2.60948114208071,-0.206778243135555,-0.207413447116261,-1.0355860429868,-0.304940426815252,-1.13786305852245,-0.411074511836202,"Female",0
0.480618989225628,0.715597207187117,-0.359140968213316,0.750040938026459,-0.309887085238431,-0.685554251479024,0.814112485697127,1.3224030308771,0.923898065075728,0.522498749479806,0.835229210299073,0.532837401478786,-0.481403865926618,0.867702435696207,0.710815991935333,0.307015003960802,0.401458757117506,-0.758999210658542,-0.537276400758367,1.05281894182686,-0.0727760010685525,-0.543543447906326,-0.846171697376301,-0.373226113248105,1.66531319083862,-1.27109085581386,-0.476039280179034,0.210266645639408,-0.954426876969712,-0.234346634068724,0.1006203114174,0.158240969028415,"Female",0
-1.54274347658858,0.0246424426512784,2.66081089812829,0.532252105234584,-0.453340503779578,-0.46335002716781,0.814112485697127,-1.15628607282628,-1.63639593123517,0.668915587180532,-0.174373216832464,-0.755486892689727,1.19537159001507,0.421375322440924,-0.343790807897869,1.44794111361274,-0.68036958365596,-0.0404521639584347,-1.17088896031965,-1.19813086627187,0.853781333507161,2.18372890047611,1.9206855502445,1.96184579527289,0.174843553599235,1.05725234292288,2.20573737865362,1.27141832771808,-0.865439161092414,-1.15221179471728,-0.152613220687485,1.51204079484525,"Male",0
-1.21819637531564,-0.66631232188456,-0.0410257084596834,-1.37510535042865,1.08118064222529,0.0338996699188708,0.412393764321387,-1.22358030018351,0.283387854490788,-1.25209266357313,0.0910310743836,-0.423357312748097,-0.481403865926618,0.112714303961425,-0.343790807897869,0.0804106385715629,-0.122579601713658,0.705960877066995,1.87171845752218,0.556650758017558,-1.0234654696661,-0.489563356747621,1.4723727793456,-0.235951925857128,-0.19777385571061,-0.106919256445487,1.87325736662914,2.30383672817528,1.96269352025012,-0.937150835736421,-0.486310092371322,0.410342153358536,"Female",0
-0.825529575817273,0.0246424426512784,-0.652521299459124,0.613981012099148,-1.52923867673131,-0.685554251479024,0.814112485697127,-0.551672841321309,1.35698326084491,0.229795229435353,0.473848479915524,-0.0356758101827709,-0.481403865926618,-0.690900182020652,-0.343790807897869,-0.692999912865587,-0.68036958365596,-0.359263230628076,-0.520987641060717,-0.00826019608845593,0.497416061684732,-0.702103849294509,-0.730374692593205,-0.481977326636516,-1.31562608364015,1.44530954271234,-0.223830372943193,-0.78180331920507,-0.923827725799012,-0.223815232360461,-0.629991125821982,-0.809845301202367,"Female",0
-0.727780177252748,-1.3572670864204,-0.512314374849043,-1.16454967755228,-0.706662368322873,-0.685554251479024,-0.391043678430093,-0.843639150194563,0.769968998338377,-0.128312311640467,0.770548676018503,-0.103012975965669,0.113580973278485,-0.690900182020652,-0.343790807897869,0.826377589796467,-0.68036958365596,0.46795054958673,0.316239680016089,-0.150289164508777,-0.3435050839359,-0.693440050100328,-0.334072743965537,0.0280329467067085,-0.570391265020455,1.05725234292288,-0.0298902853786516,-0.562794142594621,0.91048111238911,0.324788292571388,0.54222528708425,0.260032804729951,"Male",1
0.444664769762891,-0.320834939616641,0.718032006116033,-0.318807685922659,-0.542641246515018,-0.685554251479024,0.0106750429456468,-0.160920327432597,0.542619054650188,1.69829130457204,2.94749873284551,-0.320971502390156,-0.481403865926618,-0.690900182020652,-0.343790807897869,1.33066077811287,0.0493706934715704,1.11068953330602,-0.50347634958662,-0.295750124496654,-0.935355524819693,0.846771271950793,-0.834521515369839,1.85576543665294,-0.570391265020455,-0.106919256445487,-0.30105563567754,-1.0772347889037,-0.438020721962439,1.37429106485958,-0.247646118848017,-1.15631828212707,"Female",1
-1.76697162764692,-0.66631232188456,0.00477825056924124,-1.21379958419522,-1.52246696298024,1.00002350722462,-1.59619984255731,-1.38769515345421,0.589662280059825,0.74362856650331,1.80936787495829,-0.755486892689727,-0.481403865926618,-0.690900182020652,-0.343790807897869,1.21971897373436,-0.68036958365596,1.4416986269058,-0.0155097312282829,-0.126085145636722,-1.26728752494357,0.134546485071413,-1.57026070528882,1.53074623046985,-1.68824349294999,1.05725234292288,0.701677754268135,-0.702333847349318,0.432268750309324,0.682295196003884,0.346365093504119,-0.408224371756779,"Female",0
-0.57557069957829,-1.70274446868832,-0.313911008164626,1.92175162257309,-0.723383448527203,-0.451446229436851,-0.792762399805834,-1.04502475521897,0.283387854490788,0.315357795485221,0.0910310743836,1.02268378145934,-0.481403865926618,-0.690900182020652,-0.343790807897869,2.41254091675134,0.0662108537129714,-0.186298170851669,-0.167469890474813,0.229697386680035,-0.212382485735488,-0.131625994662326,-0.0176183569250709,0.162893098867919,-1.31562608364015,1.44530954271234,-0.19988874137287,0.215691516963114,-0.911311025707571,0.0108927462925092,-0.787865496465763,0.412615971116861,"Female",0
0.300162181050035,-0.66631232188456,0.862780387550763,0.495183040685032,2.12205266122163,-0.255716571663888,-1.59619984255731,-0.777042149118622,0.83090202724125,-2.02504591239038,-0.082370985662105,0.345784872379913,-0.481403865926618,-0.690900182020652,-0.343790807897869,-0.692999912865587,1.16914456699487,-1.10630589945268,-0.419090847080143,-1.97008847295511,2.40052327949111,1.378780334658,2.28848202859455,-1.43602779289603,-0.570391265020455,-0.106919256445487,1.61123123425383,0.314464541610726,-0.608332348587844,-1.67205747605354,-1.02253455153174,1.90373108539989,"Female",1
-0.00565140292005152,0.0246424426512784,-1.47526821510446,0.138409817450064,-0.845766960591569,-0.445002889380645,0.814112485697127,1.2799766472076,-0.712726373951923,-0.106556420078469,-0.245799713882555,1.6297361519383,0.388621134797839,0.463347982986637,-0.343790807897869,0.417865714080711,-0.279786919737486,0.131708039933224,0.41539514445922,1.29235270643007,-1.1868917086306,-1.52026073546192,-0.980277848355924,-0.116365663281624,0.54746096290908,0.669195143133427,-1.52213686858602,-0.931096853500681,-0.294520994204355,1.31393764896644,1.07076334924294,-0.324783127907786,"Female",0
-0.962114291400765,-1.3572670864204,1.78525431530597,-1.09048861491623,1.69266461937344,0.647671094388262,0.0106750429456468,-1.50008810663186,0.802631071677545,-0.44808678505022,0.58962381104877,-0.059215243173536,-0.481403865926618,0.993785607869515,-0.343790807897869,-0.692999912865587,-0.0956981568007741,-0.508740848742132,0.818552257500844,-1.69712268733607,1.77509838356444,-0.278606608133201,2.87505551427833,-1.20435775837771,0.174843553599235,-0.106919256445487,0.433115360340683,1.6717988761313,1.31860101194988,-1.67820426065841,-1.2602350457589,0.0981528557037461,"Female",0
-1.23689172968764,-0.66631232188456,-0.258703688379103,0.231803445811067,-1.49400370615734,0.0167698146474928,0.412393764321387,-0.370674768923186,0.283387854490788,0.800847610700438,0.0910310743836,-0.0556013764805383,-0.481403865926618,0.15581473487051,-0.343790807897869,-0.692999912865587,1.08274857725859,-0.247109395179125,-1.19400765439237,0.749617219960216,-0.312607637218632,1.08401779772717,-1.11798362440535,0.92733913477872,0.174843553599235,1.44530954271234,0.157054199432186,-0.517246141231909,-0.83312844736971,0.413691170602443,-0.674929527715674,-1.3873002694102,"Female",0
-1.48284048821445,0.0246424426512784,-1.88706847212748,-0.564361411057193,-0.227026834943276,-0.0879967587525953,1.21583120707287,0.464493091694685,0.283387854490788,-1.47783668292457,0.0910310743836,-0.0663321595229311,-0.481403865926618,-0.690900182020652,0.502409878169335,-0.291801424087709,-0.24634816244276,0.346741653745557,1.25539894677661,1.67328880522993,-1.44436813153535,-1.22016066652744,-0.557530033267445,-0.667581742557975,-0.570391265020455,-0.494976456234944,-0.786309164620168,-0.49360301526064,-0.344843008970305,1.18602545768824,2.78215873328345,0.517790103579894,"Female",1
-0.950940495809403,1.75202935399087,-0.390334044108964,-0.220954971346997,-0.173359520440822,-0.111989597475702,1.61754992844861,-0.694522000383685,0.283387854490788,-0.139594949590319,0.0910310743836,1.87895916759989,0.586296858551454,-0.336774840513358,-0.343790807897869,0.329446597608863,0.0570271580289876,-0.362168192912144,-0.207208558236836,1.78470874615169,-1.10127476155054,0.324763233199515,-0.0399395584301789,0.49255992266846,0.920078372218926,-0.106919256445487,1.01062463526976,1.18744848165626,-0.387814284699167,-0.272314828907811,1.39225200741355,1.57132887980242,"Female",0
-0.138828088035418,-0.66631232188456,1.69932841742667,-0.381111111588972,-0.976876980595633,-0.685554251479024,0.814112485697127,-0.961015435409624,0.283387854490788,1.60819807389732,0.0910310743836,-0.755486892689727,-0.481403865926618,-0.690900182020652,-0.343790807897869,1.90446530308239,2.44181882629689,-0.577186917267727,-1.14632534786739,-0.101149625036368,0.354900254803753,-0.0848081567091575,-1.26305897562561,0.465683889032808,-0.570391265020455,1.44530954271234,0.245319980989959,1.25276735901711,-0.414804376056882,-1.26573975970296,-0.415214236928176,-0.785097231136317,"Female",1
-1.25898378148668,-0.66631232188456,-1.31832805200449,1.2250466086311,-0.484217670647331,-0.643172626798975,0.412393764321387,-0.874305685232981,0.975315169136443,-0.890697036875645,0.321662239942748,0.172342988890347,-0.481403865926618,-0.690900182020652,-0.343790807897869,2.00772844622406,2.04653258723864,-0.930832000765926,0.591381217448238,1.2626359547858,-0.297832451608119,-1.11780724182262,-0.648664351297597,-1.51256901477893,-0.570391265020455,1.05725234292288,-0.338761186880542,1.04258748237161,-1.05049110860156,-0.592940212699875,-0.540176723148101,-0.484892381204666,"Male",1
-0.395568270165116,0.0246424426512784,-0.757954136302869,0.228105277743466,-0.150261803560544,-0.685554251479024,0.0106750429456468,0.569985331527105,0.787027769658579,-0.373094175198003,0.638480536147514,0.257536049803384,0.134440208041953,0.126130238618909,-0.343790807897869,-0.299838789472235,1.02093642136676,0.635333465644521,0.814539855187504,0.925097178900941,-1.3782523746784,-0.689375730278019,-0.367697950289207,0.391352350514636,0.920078372218926,-0.106919256445487,0.0846396302552893,-0.0944200296228697,-0.42933501410297,0.700102404125696,-0.210656724064169,-1.49084391888195,"Female",0
-0.217976757901384,0.0246424426512784,0.837378339255589,-0.00400089739446359,-0.343774073537387,-0.685554251479024,0.0106750429456468,-0.631355009277788,0.283387854490788,0.708665805832362,0.0910310743836,-0.755486892689727,-0.481403865926618,-0.690900182020652,-0.343790807897869,-0.692999912865587,0.0229308283582658,1.18919877097111,0.253902274592587,-0.799433603551268,-0.481314485781302,-0.607752744198466,0.625046236409524,1.04211179780491,-0.570391265020455,-0.106919256445487,0.807626005530878,0.13422410151926,-0.806363602420306,-0.0256694295220465,-0.679080165883412,-1.98785343634635,"Female",1
0.319467808025256,0.0246424426512784,0.590604340454601,-0.425725265499755,0.324163277401688,0.172841829342275,-1.99791856393305,-0.692853814820869,-0.397606071435864,0.347314044363099,-0.551205711396548,-0.755486892689727,-0.481403865926618,0.413842982681589,-0.343790807897869,-0.692999912865587,1.62004192200682,-0.909272958972531,-0.522365232911815,1.17598360333703,0.0449400348754347,0.0594499670065825,0.730436061501572,0.256425903672577,-0.19777385571061,0.669195143133427,-0.0125891601564367,0.928585735997975,0.602641852242457,-0.289303822044929,-0.747331750590731,0.635783343345522,"Male",0
-0.104417051023025,1.40655197172296,-1.15437681632616,0.222801015514595,0.399719476000947,-0.685554251479024,2.82270609257583,0.0588872762161303,0.283387854490788,-0.978203627782477,0.0910310743836,-0.32236716210203,-0.481403865926618,-0.690900182020652,0.188029109362759,-0.440854824094063,-0.498520494254007,0.410710122354495,1.27081476883953,0.827403588363536,-0.858635642203919,-0.573538263821986,0.046251445838627,-0.536818677285275,-0.570391265020455,-1.65914805560331,-0.752118451719022,0.062220513244205,-0.702728339410226,0.772205828101339,3.87156734181494,0.856674059534994,"Female",1
-0.337011860697731,0.370119824919198,-0.560163012874157,1.31178357357246,0.0454690544827983,-0.685554251479024,0.0106750429456468,-0.85419277748727,0.283387854490788,-0.684980573504335,0.0910310743836,1.79195535144702,1.37698706761077,-0.690900182020652,-0.343790807897869,1.08662361040355,0.175283058668642,-0.324613086708855,-0.18916943661878,-1.15548779535117,0.832652394865837,0.551419137389924,0.377464677264474,-0.645860176359805,-1.68824349294999,-0.106919256445487,-0.278970503419593,-0.800561789657387,-0.604742896830268,0.103034955114834,-0.516321838759127,1.46283429614072,"Female",0
0.68031639382279,0.0246424426512784,0.643893867473081,-0.429627799481153,1.11314588280904,1.17594545776893,-0.792762399805834,-0.492683853509305,0.645404225513397,-0.466676696069636,0.794645044870804,2.07624990589269,0.994158535302084,-0.690900182020652,1.64308840298796,1.19102819043536,-0.68036958365596,-1.06903112757297,-1.14416374997159,1.34549633184516,-0.120139329897722,-0.206534535387392,-0.490543890020112,0.10575734773562,-0.570391265020455,-1.27109085581386,0.329349005032958,-0.292776247336691,0.375071773943235,-0.0341570774789964,-0.571977098603093,0.770409514234684,"Female",1
-0.340101012770383,-1.01178970415248,0.0659646686722433,-0.53848795790959,-1.39244533085614,1.18730992485835,-1.19448112118157,1.91797905383635,-3.63453823882749,1.71926790208927,-0.0991695970905667,-0.755486892689727,-0.481403865926618,5.66495984347411,-0.343790807897869,-0.692999912865587,1.52543625402501,1.7262733286346,1.0562119020189,-0.291204125797533,-1.51103038185966,-2.4956227993625,0.178274059225045,1.19327915032992,0.174843553599235,2.60948114208071,-0.520250573337657,1.07513908567453,-0.0124921582240165,0.216834797819392,-0.545429616882239,-0.896463546433542,"Male",0
-0.94597221806738,0.0246424426512784,0.0276812747628927,-0.235856717478534,0.5345761336458,-0.685554251479024,-0.792762399805834,0.199028891940862,0.799080690705328,-0.507551743680602,0.567183543414708,-0.755486892689727,-0.481403865926618,0.145683103386349,1.3543965518336,-0.692999912865587,-0.0996959101467817,-0.182246892882414,0.287195877758407,-0.304640077508263,0.533379301625604,1.20008139600553,1.87257162347079,-0.110656567799818,1.29269578152877,-2.04720525539277,0.746958450878611,0.965191739046584,-0.459614833527544,-0.429594419473325,0.918851201462243,-1.12672628375628,"Male",0
0.783909895432625,0.715597207187117,1.14963294419517,-0.0560912260080519,0.257484217818089,-0.278578385346109,0.0106750429456468,0.0326734988361185,0.283387854490788,0.862974771964105,0.0910310743836,-0.521922326656876,0.370537474274711,0.156792465721422,0.22978864097215,-0.692999912865587,-0.68036958365596,1.17793459916986,-0.201354289301602,-0.987980790149642,-0.326897919448225,0.751533590560462,-0.521290689345563,1.25762220085921,0.54746096290908,-0.8830336560244,0.532948197567365,-0.64879868775472,-0.473073011051982,0.421647259571735,1.77140472537219,-0.193703694730362,"Male",0
0.562769895906061,-1.01178970415248,-0.632441413271248,-1.03525722469752,-0.540025974035027,-0.685554251479024,0.0106750429456468,0.748136184572599,-0.632777943469535,0.0500738769193765,-0.313552835809677,-0.316730028949042,-0.481403865926618,-0.160096253644195,-0.343790807897869,-0.692999912865587,-0.68036958365596,-0.810572863047059,-0.687786820983742,0.178981320999359,0.833009323167228,-0.065004515926369,-1.16058876676271,-0.798992304565628,0.174843553599235,-0.106919256445487,-0.70093186685359,-0.631209739699923,0.170331795436044,-0.276800705298191,-0.852039699884931,0.595845078549277,"Male",0
1.79613858339136,2.09750673625879,0.578541798104338,0.773939156864589,0.850144164711783,-0.289080988343088,-0.792762399805834,1.94734197851998,-0.327831295812695,0.765890468239442,-0.778178670517571,0.415378022994542,-0.481403865926618,1.78797720853047,1.81273510840365,-0.352184409374111,-0.68036958365596,0.0219703491221349,0.00551019272458959,-0.0343946725131921,0.0804174767941355,-0.661731297333208,0.408125736488549,0.00316871604775395,2.41054800945831,-2.04720525539277,-0.33943854082497,0.447167871566579,-0.985679881101642,-0.187561180712503,1.07614815008304,0.0992174705307593,"Male",0
0.618122674577782,1.40655197172296,-0.610221099508383,-0.603911128532319,0.402424534478835,-0.355048808595958,0.814112485697127,-0.35503315927186,-0.498927371922194,-0.0847788977807165,-0.344098233579279,3.1783915031182,-0.481403865926618,-0.690900182020652,-0.343790807897869,0.833765162742956,-0.129811886730725,0.690905283898397,0.651940756829405,-0.114326463284709,-0.880258093309087,-1.39183774948599,0.509551646035251,0.0099107342913129,-0.570391265020455,-0.106919256445487,-0.857746830674951,-0.438616544896991,0.222815343641637,0.775498507289605,-0.78664404306984,-0.791609881153698,"Female",1
-1.35678812729641,-0.66631232188456,-0.491199843330586,2.06584640032718,-0.434698018636866,-0.685554251479024,-0.792762399805834,-0.648594200570206,-1.858720849785,-0.134178088659252,-0.0627073024777385,-0.157064069658786,-0.481403865926618,-0.690900182020652,-0.343790807897869,0.00375604249718899,-0.68036958365596,0.931387093512826,0.515909325948599,-0.0398763012676617,-0.789419886815789,1.04962407061758,0.152498741310557,0.982946562586653,-0.570391265020455,-0.106919256445487,-0.113637478920813,0.0387989820308293,-0.500337416969021,0.904958479603931,-0.811582049903282,-0.549990565508841,"Female",1
-1.33831209107502,-1.01178970415248,-1.20982621084894,0.413144800173033,-0.583243453847563,-0.158811201884137,1.61754992844861,-0.756598821610251,0.283387854490788,-0.491114322902284,0.0910310743836,-0.755486892689727,-0.481403865926618,-0.690900182020652,-0.343790807897869,0.478659355356384,3.54468139896681,0.174144634741436,0.867850137542504,0.675883592486049,-0.937013661354765,-0.463310577972327,-1.57547344226029,-0.766374608542077,-1.31562608364015,-0.106919256445487,-0.188731861652703,0.851292112352757,-0.841739138359833,-0.124480853498484,-0.141926845931717,0.953547034548722,"Female",0
-0.325898764518151,0.0246424426512784,-1.12767481683118,-0.0400977543220048,-0.584944911573311,-0.346501254038637,0.0106750429456468,-0.236363828192527,0.283387854490788,-0.0447036176871271,0.0910310743836,0.331969635183704,0.311909253013543,-0.690900182020652,-0.343790807897869,0.573148006019458,-0.132475875586814,0.65525681247179,0.948448957067035,0.287733696705979,-0.914211609583759,-0.405485175807734,-0.888934964017225,-0.1537785176884,-0.570391265020455,0.669195143133427,-1.26810598967696,-0.275275087458862,-0.379890995238634,1.00489530950896,1.53196478607079,-1.00336031061516,"Male",1
0.0159761527783543,0.370119824919198,0.240725875933757,0.338613889999534,0.0163385388794626,0.171934433908003,-0.391043678430093,-0.496922001882039,0.513239518632126,0.274643718220935,1.92288167863937,2.32667560916868,-0.481403865926618,-0.690900182020652,-0.343790807897869,0.204156326801529,-0.0333332046028737,0.307147485803772,0.241729300935084,-0.98449923407125,0.211146400990438,-0.16016258160521,0.33017659946777,-0.149882557737077,-0.570391265020455,-0.106919256445487,-0.0204861154725882,0.781223502717003,0.915646646292978,-0.519408036389216,-0.511435890288462,0.538530439848539,"Male",1
-0.606745161860618,-0.66631232188456,-1.15239365733503,-1.19691633550094,-0.872194720810664,-0.685554251479024,0.0106750429456468,-0.432682351271031,0.283387854490788,0.180532926197973,0.0910310743836,0.320400948716964,-0.481403865926618,-0.0401006847292995,-0.343790807897869,1.18601747739466,0.674793045344853,-0.322834858155973,0.152932961841694,1.24446083369359,-0.706664981107565,-0.343800451769234,-0.734281877151756,-0.160910749336881,-0.19777385571061,0.28113794334397,-1.23467449914211,-0.00584233736402283,0.480026959702599,0.719708590527159,-0.350782511641799,-0.958333721598667,"Male",0
0.565338301775729,0.715597207187117,1.46474417363512,2.04149779684438,-0.182439980554555,-0.265872797330252,0.814112485697127,-0.181910391522493,-1.22501369143675,1.60552297921693,-0.38607702889197,-0.755486892689727,-0.481403865926618,-0.690900182020652,1.43020848753587,0.14808406182232,-0.68036958365596,0.0780477166423166,-1.298151866739,0.600607169002234,-0.36043813469688,0.00213925663243389,-0.357852553396326,1.59128687717539,-0.570391265020455,-0.8830336560244,0.104454998993676,-0.359209221566817,-1.17794587368901,0.342330735468587,-0.909866865950657,0.0870987709111107,"Male",1
0.265692454311956,-1.01178970415248,-0.161279006404648,0.748846706296466,-0.541187685139785,-0.527981544335254,0.412393764321387,-0.642194537133372,0.589662280059825,0.775158384056273,1.83246650081961,-0.755486892689727,-0.481403865926618,-0.690900182020652,-0.343790807897869,0.502449391259358,-0.68036958365596,-0.444675106921408,-0.599982394085661,2.37893551620814,-1.1180703872732,-0.779946106013794,-1.1773506560644,0.715363343195335,-0.570391265020455,1.05725234292288,-0.0974380032318473,0.0412433515208684,-1.00293760932042,0.390957756994248,-0.788024667965344,-1.71950942243495,"Male",1
0.990445025268473,-1.01178970415248,0.559588429533712,0.710365906107809,-0.387263444978674,0.381542779224831,-0.792762399805834,-0.192807824045518,0.283387854490788,0.480836744305298,0.0910310743836,0.710215384009246,2.19171642615436,-0.690900182020652,-0.343790807897869,-0.692999912865587,-0.68036958365596,-1.86775467061352,-1.44524196510049,-0.46207438124922,2.1221761529601,0.753163290713467,0.0374436990255937,-0.992680328946277,-0.570391265020455,1.44530954271234,-0.882398731210894,0.0138745105226558,-1.00524649608938,-1.04418718435609,-0.960234018770586,0.64795610910345,"Male",1
-0.716134859057667,1.06107458945504,-0.752730588335946,-0.508158469919635,0.210837699647362,-0.484890232585733,0.814112485697127,-0.47840291887679,0.488090354362208,-0.983107874140184,0.769309434191813,-0.755486892689727,0.144364752066891,-0.690900182020652,2.1840453382673,-0.692999912865587,-0.68036958365596,0.710951659087558,0.633081627918954,1.57495725875781,-1.63641396417733,-0.567480608211066,-0.169025941105381,0.510434739322491,-1.31562608364015,-0.8830336560244,1.10112266782764,-0.227498384193688,0.285168971878824,0.696536544219481,1.97834705447392,1.19075674994349,"Male",0
-0.0991836458616822,0.715597207187117,-0.263494363176563,-0.200342013960849,1.13435188437035,-0.438314444834874,0.814112485697127,0.263168855968186,0.679814016363988,-0.503865375312844,0.71252272060097,0.307676913798883,-0.481403865926618,1.55995957733655,2.91980842154664,-0.0740682100728976,-0.0108017143993246,1.32424291302579,2.17122560576527,0.467547549325546,-1.62864180226882,-0.37672752738955,0.202051027918832,-0.225690805182393,2.03793060014846,-2.43526245518223,0.869808256028606,2.34372240077255,-0.115281331491241,-0.381236074551715,1.32019100257808,0.74719592632671,"Male",0
-1.80434745200419,0.0246424426512784,2.4414584194541,0.940038713533021,-0.758081350378173,-0.576303841192677,0.0106750429456468,-1.6218487112932,0.13197992014424,1.62753545716,-4.69477928806492,-0.755486892689727,-0.481403865926618,-0.690900182020652,-0.343790807897869,-0.692999912865587,-0.68036958365596,-0.286075504927624,-1.40002606284382,1.62430404626245,-0.66186910062729,0.293200359261518,1.01660252971361,2.23474963532165,-0.570391265020455,1.05725234292288,2.55755437942818,2.45919095554249,-0.859709276078352,-1.46484225875953,-1.00283755881685,0.311096695906959,"Female",1
-0.116241931992419,0.0246424426512784,-0.200543261655275,-0.268979798693555,-0.138044848384193,0.518429861880719,1.21583120707287,-0.75946564328062,0.283387854490788,0.353354440586342,0.0910310743836,1.14373295880753,-0.481403865926618,-0.690900182020652,-0.343790807897869,-0.692999912865587,8.0910742873102,-1.14645104956546,-0.982683253643158,0.868356354589847,-0.281302400858788,-0.156243824947561,-1.10540937944584,-0.610867903526814,-0.570391265020455,0.669195143133427,0.516037230529659,1.62520297814761,-0.594649744730199,-1.19720393625604,-0.373842235027937,1.06588773345894,"Female",1
-0.343854103064731,0.715597207187117,1.52233519513848,1.27069668596662,-0.424383370473569,-0.604516859233657,0.814112485697127,-0.823654919417452,0.283387854490788,1.50568310768744,0.0910310743836,-0.755486892689727,-0.481403865926618,-0.0241410240327982,-0.343790807897869,-0.692999912865587,-0.68036958365596,0.465836154248595,-0.294005923240852,-0.537911263646819,0.114902282986701,0.0561556333133204,1.19081563517379,1.24039835880735,0.54746096290908,-0.106919256445487,-0.236551403341592,0.507406212020993,-0.737501329946215,0.0663764529538733,1.73187369313988,-0.638631026581989,"Male",0
-0.300056558208605,0.0246424426512784,1.05172018646791,0.457666517561886,-0.805069806625983,-0.685554251479024,0.814112485697127,-0.497957909755461,0.775525389866817,1.40705324705441,1.46288103088093,-0.755486892689727,-0.481403865926618,0.905841162067758,-0.343790807897869,0.0753639139292532,-0.126219340584392,1.22612404761764,-0.160882370221584,-0.787326094757394,-0.565098775949905,0.128659799374201,-0.653684244618475,1.45657278073453,0.174843553599235,0.669195143133427,-0.0718485312074988,-0.422878670767794,-0.375326709728138,0.55531215004343,-0.406998677715463,-0.642448243002793,"Female",0
-1.07369438734463,-0.66631232188456,-0.208121713037974,0.149730645832343,0.0298067583730693,-0.685554251479024,0.0106750429456468,-0.766383545482793,0.283387854490788,-0.796219263172333,0.0910310743836,-0.755486892689727,-0.481403865926618,-0.690900182020652,-0.343790807897869,-0.692999912865587,0.660528175565889,0.090521388284501,0.341195309373364,0.569978502766915,-0.421832821666517,0.0112916159315525,0.272625288748874,0.0379010031623653,-0.570391265020455,-0.106919256445487,1.4525038656034,0.729067790492476,-0.825961785303396,-0.588981222875436,0.369525909845784,1.25075716429717,"Male",1
0.380348372697537,-0.66631232188456,0.126705902576443,1.0157645644098,-0.962382579083237,-0.514056514401619,0.0106750429456468,1.06531137788791,-1.65771869254733,0.670452664843331,-0.171635464078963,-0.755486892689727,-0.481403865926618,0.621167437183348,-0.343790807897869,-0.0616232026441088,-0.68036958365596,-0.672027935095959,-0.639489558850133,-0.307413719014232,1.02950959680297,-0.908827208083263,-0.587107767104391,-0.589053685797877,-0.19777385571061,-0.106919256445487,-0.308107483537919,0.141709652487415,-1.02916750063474,-1.01233006065708,-0.390661430764231,-0.750691377629856,"Male",0
0.588906288435842,0.0246424426512784,1.8338318196206,0.467162989048318,2.38546705281194,-0.685554251479024,-0.391043678430093,-0.041659164071518,0.823066404017632,-1.06479070213174,0.314344843556626,-0.755486892689727,-0.481403865926618,1.06008808976145,10.319246102044,3.51994307304887,0.534993919037675,0.832080051699343,-0.374072909393518,-0.675715105211519,-0.557950004664406,1.22718009290866,0.290966146851182,1.19671638935024,0.174843553599235,-1.65914805560331,2.30340371304965,-0.770701481444832,-0.946876923275473,0.165947953692111,-0.614501672597553,-0.740550705017427,"Female",0
0.0555711042581134,0.0246424426512784,-1.56009510272955,-0.0696869530645448,-0.0619286767989361,0.234843040659379,0.814112485697127,0.552465655932357,-0.403364068858334,-1.12262548844339,-0.0655625057313799,1.54673814680817,0.718240362714602,0.104874162634792,-0.343790807897869,0.455797711098405,1.25284886595387,-0.472061485170934,0.505773965310833,1.53739613141902,-0.922349263608006,-1.38619179867565,-0.405798835825878,-0.815616592346214,0.54746096290908,-0.106919256445487,-1.03491315867296,-0.355158430455223,-0.561494225223857,0.760990625024573,0.682560816660396,0.371908487789451,"Female",0
-1.98448930923409,-1.3572670864204,1.23219635963289,0.550586931411429,-0.145503851482243,0.133823825668579,-0.792762399805834,-1.64979990794482,0.283387854490788,0.646453191213303,0.0910310743836,-0.105110962836181,1.89088295276902,-0.690900182020652,-0.343790807897869,3.09323019826975,-0.68036958365596,-1.07532571930134,-0.719739911035639,1.58486083574103,-0.277357896718837,0.472941327588213,-0.172966446632203,0.674311319339493,-0.943008674330301,-0.106919256445487,1.22062240422019,3.05589423664583,-0.597988327861975,-1.73084063322063,-0.0885442362813884,-1.30750649198512,"Male",0
-0.448553690848745,-1.70274446868832,-1.16477508666925,1.3837799094093,-1.08072849068882,-0.685554251479024,-0.792762399805834,-0.488610060413733,1.1076509943419,0.302748687717581,0.609506250064386,-0.755486892689727,1.53439176416722,-0.690900182020652,-0.343790807897869,1.88080897142531,0.247756369903791,-0.60251717139807,-0.118188279487497,2.24786035527544,-1.14479719699558,-0.733350338191555,-0.281315352550789,0.405813325593273,-0.570391265020455,1.44530954271234,-1.02092534897661,-0.436351336451526,-0.3204335546661,1.23634642243762,-0.677485447008439,-1.83512248965301,"Female",1
-0.0961421171696471,-0.66631232188456,-0.481313848804603,0.241650311030089,-0.515197784961673,-0.517954190244287,0.412393764321387,-0.769146396579068,1.29573788531463,0.0512710265547823,0.457440459151697,0.602009175662332,1.99437197506112,-0.690900182020652,-0.343790807897869,0.0972803318076118,2.16941312609966,-1.38769241723142,-0.685111926588092,0.264719648005529,0.82837314792357,-0.840492051188132,0.245739656450891,-1.04407509291849,-1.68824349294999,-0.106919256445487,-0.184838185508753,0.192541151653186,-0.217591670394896,-0.777025647993021,-0.641798125294503,-0.426344673461286,"Female",0
-1.1379440044705,-1.3572670864204,0.187048238825154,-0.222793498467121,-0.325563069978549,-0.685554251479024,-1.99791856393305,-1.22738037509693,-0.873742098549514,0.106617114652796,-0.24026521327719,0.352824965855246,1.53991449192091,-0.690900182020652,-0.343790807897869,0.597430294874784,-0.68036958365596,0.18680788102931,-0.243438738195106,0.425226586997265,-0.554588319449491,1.14079305327032,1.56081974177262,1.47754352585677,-1.31562608364015,-0.106919256445487,0.506662696248099,0.398399696879477,-0.737050302514905,0.647761487829413,-0.529242128028059,-1.08815966292877,"Male",0
1.51753922638205,0.715597207187117,1.82848917577039,-0.512936059611803,-0.441258869187373,-0.623843768681297,0.0106750429456468,0.523594204281854,0.145160908701328,2.2402654313751,-6.14575037552287,0.171280182611325,-0.481403865926618,1.55148800566821,-0.343790807897869,-0.692999912865587,-0.68036958365596,1.09595218929414,-0.956597468410791,-1.30721140206776,-0.0404860177407393,0.664652651304024,-0.413583928076036,1.86676538558922,0.54746096290908,-0.106919256445487,-0.276951725007012,-1.35893797179394,0.563890179187911,0.916430326524334,0.333835872124177,-1.15631828212707,"Female",0
0.309897990152959,-0.66631232188456,-0.720460764004569,0.42725716186269,-1.45741137242123,0.479783458242011,0.0106750429456468,1.78604637481093,0.283387854490788,0.803488537427651,0.0910310743836,-0.755486892689727,-0.481403865926618,-0.690900182020652,-0.343790807897869,-0.692999912865587,-0.68036958365596,0.611639664549753,0.283806978664486,-1.08804149315071,0.357329634843228,0.249411669141482,-0.639086600190486,-0.0728566520327749,-0.570391265020455,1.8333667425018,-1.48318787172892,-1.10322013238108,-0.846314867871493,0.835851368882857,-0.509245818267015,0.0416560925956263,"Male",1
0.157589471101816,-0.66631232188456,-0.196729019716643,-1.14975769568184,0.0597969447495437,-0.685554251479024,-1.59619984255731,-0.36215320982818,0.283387854490788,-0.427639967492808,0.0910310743836,0.566519082372092,-0.481403865926618,-0.690900182020652,-0.343790807897869,0.846238733622117,-0.125313866331016,-0.387432206501816,-0.355740932274171,-0.928423894431465,0.961975333556624,0.0544213613868614,0.697318206248187,-0.458134474016491,-0.570391265020455,-0.106919256445487,-0.111946277696261,-0.950810054171693,0.101181352329054,0.0309148901909562,-0.755689865981602,1.29696866355094,"Female",1
1.90767224836497,-1.3572670864204,0.938327887995197,0.293398157665878,1.50088891939161,-0.685554251479024,-3.20307472806027,-0.211389735713556,0.283387854490788,-0.483122947221234,0.0910310743836,3.92120476475438,-0.481403865926618,0.723554216716614,-0.343790807897869,0.668292069288267,1.28318012156293,-3.12829876365897,-2.68995197625,1.60303207203327,1.49011484182057,-0.313484879659601,0.255749003245476,-0.805882642874334,-0.19777385571061,-0.106919256445487,0.0334383732373211,-0.565612248437871,-0.918542758213045,-0.992181942538938,-1.28672583543812,1.03930824867665,"Male",0
-0.562660152377437,0.0246424426512784,-1.09233421714052,-1.19730126286015,0.289189618310005,-0.685554251479024,0.814112485697127,-0.804776790962612,1.00684183335292,-0.673095043137594,0.379099927187198,-0.270434340688645,-0.481403865926618,-0.690900182020652,-0.343790807897869,-0.692999912865587,0.134244562633888,1.47930170043683,3.00559275274689,-0.457220291719695,-1.05684086635331,0.258185835969316,1.6326942763184,-0.603729192162632,-0.570391265020455,-0.106919256445487,-1.25931072285834,1.55452244015832,0.322201656783397,0.939113575656483,-0.368612430936587,-2.3215267784853,"Female",1
0.761250896513735,0.370119824919198,-0.283986666184942,-0.772319578213873,0.567504683833048,1.73476253024928,0.0106750429456468,1.40943102165627,0.39798626253846,-0.12057320301809,2.99139351261795,0.0128584603376486,0.919889962400722,1.16817378555046,-0.343790807897869,0.201600326118712,-0.357773098373093,-0.106623037456291,0.231359730782398,1.25163357705435,-0.794191889660093,-0.723495946070263,-0.852102229751688,0.0017453916695249,2.41054800945831,-0.106919256445487,0.0215959819608104,0.285089685674546,0.262985157290281,0.0531617167447854,0.139804286303127,-0.362155494389551,"Female",0
-0.57537669062281,-0.320834939616641,-1.58803262859111,1.4505500389528,0.158761355976829,-0.667278160538929,1.21583120707287,-0.571445042052092,0.283387854490788,-1.78015298755745,0.0910310743836,-0.290505480771441,-0.481403865926618,-0.128370041833193,-0.343790807897869,1.47254963115847,1.27189535314215,-0.269279519601269,1.83953703291039,-0.429501766682126,0.387059821309874,-1.67284769463785,-0.171440713950387,-2.65838817375209,-0.19777385571061,-0.106919256445487,-1.06597038365009,0.730826073990703,-0.998087130250974,-0.633267952233391,-0.575893940168464,1.40225142316303,"Female",0
-0.156710305097619,2.78846150079463,-1.26693244303607,0.357275631444409,0.722396671652894,-0.26813523104534,2.82270609257583,1.29872037651347,-0.478981157891359,-1.49001172177534,0.0580962690796821,-0.0252814263198611,0.184463643653103,0.634193379251263,1.44942147629507,0.157193274544566,1.46571226925026,-0.028473836677493,1.64313740003592,0.520773605746279,-0.494985588577451,-1.28229690002392,-0.248740142614628,-1.40791662452219,0.54746096290908,-2.04720525539277,-0.527768089250188,0.675058653405804,-0.800259571502929,-0.302667037936599,1.63057906583252,-0.657397189595498,"Female",0
-1.99760842553573,1.75202935399087,-0.560864785472359,0.173638911809771,-1.4626734352883,-0.685554251479024,1.61754992844861,1.60127476291404,-0.0817320355975674,0.335354390404115,-1.09947075437462,-0.755486892689727,-0.481403865926618,0.0494950100566426,-0.343790807897869,-0.3367162322111,-0.423414894546379,1.30481728237749,0.604727007081884,0.799577657375085,-1.69873549688305,-0.844447055419772,-0.973465411156718,1.07991266336783,2.41054800945831,1.05725234292288,0.69576733346968,0.10436429376821,-0.666124356810125,0.487698445393045,1.9971905836279,-0.32950775946585,"Female",0
0.103888271982111,0.370119824919198,0.973101920121925,0.101301193672974,2.32592097586591,1.00286118021907,-1.59619984255731,0.386575020800349,-2.49068395411158,-1.02931807064775,0.0447176228622147,-0.755486892689727,-0.481403865926618,0.246650051625112,5.365632211889,-0.692999912865587,-0.029614604723269,-0.0658774256965289,-0.0189402384204028,-0.0549166991605399,0.236889828354257,2.28209365092317,2.12198979559659,0.515998198847612,0.920078372218926,-3.21137685476114,1.79347376863025,1.60387244030998,-0.750356903938956,-0.642243396049936,-1.07353728493035,1.96193854619524,"Male",0
0.650203037278872,0.0246424426512784,0.0463690184301058,-0.646259514753743,0.103423901793552,2.32369192509153,0.0106750429456468,-0.0860478595929151,0.283387854490788,0.075857132968806,0.0910310743836,-0.755486892689727,0.399003294711019,-0.106889177291426,-0.343790807897869,-0.411969467862478,-0.68036958365596,-0.638325069901134,-0.825395986448519,-0.0466152912543341,0.798683298420915,1.52029504662555,0.384599635084704,0.207349385039119,-0.19777385571061,-0.106919256445487,-0.336367469310136,-0.686221177055204,1.71018998493231,0.38655881850645,0.754710927117959,-1.21390381912286,"Female",0
-1.17527118139434,2.09750673625879,1.37032488851806,-0.0910666251956154,0.812355337974144,-0.685554251479024,0.412393764321387,-0.582079681681849,-0.043341722244416,0.0897288263312009,-1.07067440558222,-0.755486892689727,0.850331153232824,0.634193379251263,1.44942147629507,-0.692999912865587,-0.68036958365596,-0.717227655331687,-0.435222068969556,0.77287959497561,0.300928927335781,1.44226464439865,2.07987838016547,0.575928686431688,2.41054800945831,-2.04720525539277,2.78745642817603,2.73160289175716,-0.525820071571945,-1.867213264225,1.56197908832125,0.528257245817167,"Male",0
0.845631362711486,0.370119824919198,-1.0295905943115,0.152923855668458,0.493637332229685,-0.487317619911056,0.0106750429456468,1.69498280765131,-0.913077960975808,-0.986787920938924,-0.0243249698605629,0.390501289658479,-0.481403865926618,0.00230268194974216,1.06334744343771,-0.692999912865587,-0.199216468921015,0.420119609934574,0.76599479247903,-0.292916924174254,-0.150765712951142,-1.33483116721511,-0.370382424654476,-0.93497551094983,0.920078372218926,-0.8830336560244,-0.555644656755861,-1.00613088988426,-0.698830199140421,0.458583346265433,1.85679372907799,0.317288320286849,"Male",0
0.0561115883355328,-0.320834939616641,-0.130391744978565,2.13011135255873,-0.48327307136787,-0.685554251479024,0.412393764321387,0.227631416630275,-0.541519240938334,0.491705578647874,-0.478435807959168,0.824723374376354,0.239085587798334,-0.690900182020652,-0.343790807897869,1.6068390804217,-0.68036958365596,-0.682017923773447,-1.10129205837157,1.00069412170107,-0.153566818368721,-0.0848081567091575,-0.925131054153408,0.521533889369026,-0.570391265020455,-0.106919256445487,-0.186748900608688,-0.670613788270529,-1.00679924091767,0.318146622484107,-0.97028293880928,1.1135479496607,"Male",1
-1.49656312106771,0.715597207187117,-1.40677072924892,-0.729858586371698,-1.09584585134523,-0.0586475347352208,1.21583120707287,-0.170291848429297,-0.37542264782515,-0.248197578811165,-0.370013694695651,-0.203347909474647,-0.481403865926618,-0.690900182020652,-0.343790807897869,1.02131137312252,-0.525822677831184,2.00348208232716,2.15253725827473,0.120860253101637,-2.03923087925101,-1.62161753265138,-0.188819003557105,0.415271513843068,-0.570391265020455,-0.106919256445487,-1.05078609124112,-0.121192992239138,0.34188603249581,1.50643211888543,3.30719273041246,-0.0422998936993221,"Female",1
-0.198190276120979,-0.66631232188456,-0.714958917795982,-0.0825816144112944,-0.270823523913785,-0.374755670492002,-0.792762399805834,-0.235073683257415,0.890390488666858,-0.451864366289432,0.516141750135783,1.68636720209245,-0.481403865926618,-0.690900182020652,-0.343790807897869,-0.692999912865587,-0.68036958365596,-0.367578594912627,0.101740103873804,-1.22367809839791,1.21926445530989,-0.0909312139867358,-1.52071872725113,-1.78742951793481,-1.68824349294999,-0.106919256445487,-0.402934972899847,0.190500248295136,-0.00272454756093434,-1.22077124849063,-1.03215173937909,0.201290132924821,"Male",0
1.33346516073655,0.0246424426512784,0.396607063574221,-0.312721455429744,0.019396652188531,0.900338801064723,0.0106750429456468,-0.0950694403772523,-0.0131038498684324,0.927965972040792,-1.82350280459321,-0.755486892689727,-0.481403865926618,-0.690900182020652,-0.343790807897869,-0.692999912865587,-0.68036958365596,-1.4181952475033,-1.05050512992298,1.48996731044937,0.54682298334865,-0.25678031331846,0.957106638370957,0.0508152186579406,-0.570391265020455,0.669195143133427,-0.530483260845131,0.348783470627703,-0.508859848347183,-0.173734049901279,-0.858114528166768,-0.154468698730343,"Male",1
-1.39422893794683,0.715597207187117,0.463104831797034,0.272443560298868,1.15494880408675,0.154507155771334,0.814112485697127,-1.24386363312216,1.34377558449257,-1.39720377118206,0.134347592850871,-0.0445311310571947,0.815223903167126,-0.690900182020652,-0.343790807897869,-0.692999912865587,0.513634279271514,-1.60323442059824,-0.728600036867535,1.16721057988616,0.725800042678124,2.51979405841826,0.70709842009279,-0.566049593146736,-0.570391265020455,-0.106919256445487,2.69293918944448,2.50272097318881,-0.0611771877952099,-2.11222864958921,-1.24717913369585,1.74004012020976,"Female",1
1.37486362335924,-1.01178970415248,1.32008628416906,-0.596213263541101,-1.40880944971005,-0.685554251479024,0.0106750429456468,0.71623491070499,-1.87147149683426,1.95897570908211,-0.279747988614599,-0.755486892689727,1.40069103359978,0.557572322987244,-0.343790807897869,2.91164569293978,1.05276357452194,-0.751451447562952,-1.7731152139112,-0.539529304736935,0.814393053814953,-1.14059817585711,-0.515818430329408,0.663909267333489,0.174843553599235,1.8333667425018,-0.222771729370354,-1.30825171056861,-0.547852511088223,-0.20148499434459,-1.22146304970763,2.2566991419073,"Male",0
1.55189698976004,-0.66631232188456,2.97687641178438,-0.335612208111139,-0.519925117709078,-0.334392218415765,-1.59619984255731,-0.0702284556658134,0.283387854490788,3.14252356515705,0.0910310743836,-0.755486892689727,-0.481403865926618,-0.690900182020652,-0.343790807897869,-0.692999912865587,-0.68036958365596,-0.0859041729559844,-2.05562765905689,0.425226586997265,-0.0176791665533813,1.54098936673301,0.288437061818481,2.69356335449942,-0.570391265020455,0.669195143133427,-0.691402784935281,-0.302331675136914,-0.261453441199329,0.904483771239637,-0.79633569412202,-1.71067505160659,"Male",1
-0.70351820934095,-0.66631232188456,-0.00302001840467058,-1.21880195483081,-1.14073102895961,-0.685554251479024,0.0106750429456468,-0.0283155348867064,0.283387854490788,0.736334280212917,0.0910310743836,-0.755486892689727,-0.481403865926618,-0.690900182020652,-0.343790807897869,0.657880658334899,-0.355614230880755,0.746223907639678,-0.0722426458199478,-0.158257567283129,-0.552364030415825,-0.428109129080851,-0.154883013627623,1.0610210278732,-0.570391265020455,-0.106919256445487,0.108834706639086,-0.760919127881868,0.282394961628905,0.600761184509089,-0.497819355546417,-0.0764024974267011,"Female",1
1.34289398682604,0.0246424426512784,0.507695470896749,-0.378004692947072,0.227454257451839,-0.685554251479024,0.412393764321387,0.4031922395162,0.753294878144222,0.75804390286891,1.21788604373772,-0.44042939396006,-0.481403865926618,0.0714070172987941,-0.343790807897869,-0.326172011132558,-0.68036958365596,-0.526264758570867,-1.18476497815354,0.82903404428993,0.0816323005905633,0.133237537184873,-0.144278750938514,0.660549933819607,0.920078372218926,-0.106919256445487,0.128457186092596,-1.36553425955431,-0.510747115740698,0.602575166917643,-0.448680263544962,-0.00632285607912466,"Male",0
-0.0051468565787331,1.40655197172296,-1.61197668130389,-0.348371466939926,0.257212972074294,-0.454588618994465,2.01926864982435,1.42460866900292,0.283387854490788,-1.1152326209969,0.0910310743836,-0.0474346843427442,-0.481403865926618,-0.119836912518797,0.235812229116658,-0.143400116103359,0.112382105965662,0.931329820711447,1.80464253020268,0.466155544291307,-1.21925094347909,-1.30988402146968,-0.627949011971909,-0.815576491061271,0.920078372218926,-2.04720525539277,-1.55535198840241,-0.408626982443953,-0.474740470595959,1.27312888211678,2.78083825412173,0.361563348590669,"Male",0
1.15123759125653,-0.66631232188456,2.14107468690879,1.23421660227211,-0.488103224122319,-0.685554251479024,-0.792762399805834,-0.122433390813639,-0.15277644794609,1.89110195898053,-1.70587784419866,-0.755486892689727,1.29638215965012,0.488379870902467,-0.343790807897869,0.441956775869916,-0.68036958365596,-0.760017703991921,-1.15478943601359,0.362220200471931,0.532706621706587,-1.25074154284405,-0.0914040862802817,0.56361009182243,0.174843553599235,1.05725234292288,0.302654758889965,0.847389677853836,-0.253771631148666,-1.22662048502114,-0.872776613711201,1.02151188368534,"Male",0
1.87126820434537,0.0246424426512784,0.984556575123986,0.931630507192586,0.37200139632711,-0.016674188501389,-1.59619984255731,0.978401879966202,0.283387854490788,1.05933479823737,0.0910310743836,1.72251511875846,-0.481403865926618,0.808031585094489,1.17755621421991,1.83154004178727,0.360041133045014,0.106901439483847,-0.92191750097706,-0.951839377791857,0.283458624025793,-0.145391729558204,-0.409782121923587,0.540056351029236,1.66531319083862,-0.8830336560244,-0.399072361246841,-1.03447547953383,-0.904848550585584,0.303958062343591,-0.21412302682004,-0.571014411438738,"Male",0
0.313253692103509,-0.66631232188456,3.54279289734868,1.081853631006,-0.429803794628087,-0.275865212905223,0.0106750429456468,0.127679673644826,0.283387854490788,2.50321939967511,0.0910310743836,-0.755486892689727,-0.481403865926618,1.74393176804451,-0.343790807897869,-0.692999912865587,0.164640612868586,0.669368016356521,-1.69165383857792,-0.0189757012107082,-0.530770210262143,0.0211725212445247,0.991799516187822,3.01910289640091,1.29269578152877,-0.106919256445487,1.5517413746933,-0.421180279617306,-1.09327426918545,0.225159569802755,-0.979333281534512,-1.40829863189049,"Female",0
0.730337360010131,0.0246424426512784,1.89462016893994,-0.291087843141566,1.0848614320044,-0.685554251479024,0.0106750429456468,-0.0633995413490058,0.959801103785644,-0.124692120333215,0.581046215902514,-0.30197363218646,-0.481403865926618,0.955068053281238,-0.343790807897869,-0.692999912865587,-0.68036958365596,-0.576092879857802,-1.64027793130581,-0.865997755036876,1.3341240537895,1.45724125928192,1.17599847284778,0.753852032705578,1.29269578152877,-0.106919256445487,1.59011503722858,-1.07790675667972,-0.763923818848853,-0.409706953672849,-1.02746678497778,0.796181389382296,"Female",0
-0.64526071086834,0.715597207187117,0.805792897625405,-0.99240950224026,1.42261745144932,-0.0985371215822339,-1.19448112118157,-1.1139507166296,0.283387854490788,-0.701960850709219,0.0910310743836,0.753967690776364,-0.481403865926618,0.222161799253763,-0.343790807897869,1.06448898946737,-0.68036958365596,0.751905246625701,0.89832042297251,-0.0768806423521044,-0.733891935808455,0.505655620461377,0.670890396381809,0.469163188210146,-0.19777385571061,-0.106919256445487,0.862804051973007,1.14049038325505,0.89671066387509,-0.0953441515567135,0.484235435016218,0.166578554130881,"Male",0
-0.807733140856876,-1.01178970415248,-0.0890545793607562,-0.498779297421375,-0.359454398497532,0.752537883922891,-1.19448112118157,-0.600953886861655,0.283387854490788,0.287001007346144,0.0910310743836,-0.755486892689727,-0.481403865926618,-0.690900182020652,-0.343790807897869,-0.692999912865587,-0.00188603038791207,1.65168194997295,1.26676338168073,-0.572580864187041,-1.09334436357283,0.373084013418683,-0.732819934593895,0.584361502205999,-0.570391265020455,0.669195143133427,0.361490980152641,0.957729398740763,1.26741943288397,0.105431391117932,-0.0981965177428745,-0.166395479485065,"Female",1
0.941354167770648,-0.66631232188456,0.360200430756569,-0.230635557273341,-0.790627445319338,-0.685554251479024,0.0106750429456468,0.889078733445803,-0.351728585899749,1.05885209112493,-0.848971439170986,-0.451326119480024,0.628041548531023,0.0450415051418818,-0.343790807897869,-0.692999912865587,-0.424960486661327,0.533336731582051,-0.266652519971671,-1.66591413241127,0.741596496408098,-0.63852589430564,-0.668241644913959,-0.0375832208945343,0.54746096290908,-0.106919256445487,-0.520250573337657,-1.27703320764092,-0.600978513470353,0.040700148487189,0.313459497615987,0.829088687216724,"Male",0
0.468328569343418,-1.70274446868832,-1.17167171725579,0.600604004617307,-0.405658588563947,-0.685554251479024,-0.792762399805834,0.486967907754514,-1.08788627817061,-0.234541442860197,-0.132706273853515,-0.180864977392989,-0.481403865926618,-0.690900182020652,-0.343790807897869,-0.692999912865587,0.284670470329456,-0.031026037092466,0.0818552747457815,-0.602960192835588,0.510459453305363,-0.914760738606211,-0.366229531718532,-0.848226000299842,-1.31562608364015,-0.106919256445487,-0.95801773576681,-1.59539098636035,-0.98318061506746,0.54483554394797,-0.277324332734892,0.347521890397166,"Male",0
0.902314135834856,1.40655197172296,-0.632688757893944,0.366409986168792,0.75440138062696,-0.588777313233245,0.814112485697127,0.978999212301694,0.283387854490788,-0.441789224338082,0.0910310743836,-0.755486892689727,-0.481403865926618,0.00526087340336914,-0.343790807897869,-0.692999912865587,-0.68036958365596,0.426804833232583,0.783764285857994,0.499615350604701,-0.57457284695179,0.404348343669233,0.663495335584006,0.0972790627690007,2.03793060014846,-0.106919256445487,-0.538023135850638,-0.23754143448106,-0.418860150098934,1.02134170963405,0.218770438326698,-0.547877925381251,"Female",0
-0.794809176288463,0.715597207187117,0.101515059558505,-1.22306579505754,-0.259380928669188,1.28095313367522,0.814112485697127,-0.661321765403872,-0.0434597177578641,0.123625089830461,-1.09352424582339,-0.755486892689727,-0.0817390768614544,-0.160671339157075,-0.343790807897869,-0.18269977654357,0.423728246255861,0.225562735938379,-0.106802849494843,0.0949521136460375,-0.251813439620213,0.986726866866846,-0.378618020786589,0.518805713272712,0.174843553599235,-0.106919256445487,0.716075369737717,0.474801708976605,1.70910802659079,-0.169306548793515,0.160796641034985,1.47092468979275,"Female",0
-1.34450974417132,0.715597207187117,0.0821179734907243,-1.32053110077563,-0.686933986232973,-0.685554251479024,0.0106750429456468,-0.687506275115869,-0.201517349710943,0.109369753801029,-0.700815412770982,-0.291039328546316,-0.481403865926618,-0.690900182020652,-0.343790807897869,-0.152234096763141,-0.68036958365596,-0.105212144631177,-0.500968838697724,-0.865278687123426,0.83170782571003,1.23238026928666,0.478344924498201,0.171906140546355,-0.570391265020455,-0.106919256445487,0.536465320158133,0.112724220509993,0.825648825883972,-0.465156137740716,-0.103834920940224,0.024256319542283,"Male",1
0.391171384926416,0.370119824919198,-0.843211294149479,1.58342287276432,-0.846075327166635,-0.685554251479024,0.0106750429456468,1.74739012919603,-0.481570140274366,0.532103520873915,-0.534913857689082,-0.11438732316689,-0.481403865926618,0.860292280619912,-0.343790807897869,-0.692999912865587,-0.68036958365596,-0.0509687936155546,0.0961937806938807,-0.42678799666612,0.493916123745804,-0.041403346562404,-1.01441648351228,-0.62156126324381,0.174843553599235,-0.106919256445487,-1.49707492310034,-0.418430375298109,-1.11369872447076,0.206227639856439,-0.28498016934783,-0.350425181121596,"Male",0
-0.196647772737662,1.06107458945504,-0.354609863916547,-0.0786004429030542,1.18539616961366,-0.685554251479024,0.412393764321387,-0.390774408989113,0.283387854490788,-0.811784420958233,0.0910310743836,-0.00773489940153977,-0.481403865926618,-0.690900182020652,1.49251160512043,0.177623055388071,-0.68036958365596,-0.114049132316758,0.722764268286139,0.284356282513354,-0.0118899427852473,0.562074169908072,0.743139436663462,-0.646450618988277,-0.570391265020455,-0.8830336560244,0.21877265455893,1.23254203251452,0.347994321557016,-0.414124445074895,0.633357817737782,-0.562364600541866,"Female",1
-1.30058547159936,0.0246424426512784,0.201797742839171,1.64228131929733,-1.26675816225976,-0.685554251479024,-0.792762399805834,-0.66404159067471,-0.0808137260148527,0.533776152568961,-1.2247152136147,-0.755486892689727,-0.481403865926618,-0.690900182020652,-0.343790807897869,-0.692999912865587,-0.68036958365596,-0.467719339082276,-0.63763945806958,0.181419668534166,0.529222762327214,0.398913368219436,-0.586272694689233,0.041202388795692,-0.570391265020455,1.8333667425018,0.652905431040434,0.892257018331673,-1.08986637386459,-1.10293468731768,-0.150327092875623,-0.926612438420083,"Female",1
2.18530490104122,1.06107458945504,3.63293288846251,0.632121612390873,0.353309534564755,-0.370408837191485,0.0106750429456468,1.33405657185125,-0.288130999175938,3.11043038286797,-1.75901277777819,-0.208079817765618,-0.481403865926618,5.93157914089001,-0.343790807897869,1.85642918497061,0.23896491973476,1.09098918586418,-0.812262434449171,-1.18381312341368,-0.356728699279838,-0.0312749049223845,0.681572892115543,2.53489074975676,2.78316541876815,-0.106919256445487,-0.621691261672921,-0.0816560308557042,-0.901198623489167,0.656098882689825,0.136624000031359,-1.33027961146164,"Female",0
-0.501153812359575,-1.3572670864204,-0.543644693723743,0.673663016307615,-0.878927518930629,-0.685554251479024,0.412393764321387,-0.0354614391890967,-0.729447715916187,0.170841938486737,-0.30169144241484,3.12493352331906,1.28785560796868,1.06953586820631,-0.343790807897869,-0.692999912865587,3.39270114779333,-1.78299717077814,-1.5767874388274,1.44072871432493,0.157213303314856,-1.02621720044371,-0.0997532308933508,-0.451674640105571,0.174843553599235,1.05725234292288,0.348644467315039,0.327822436388619,-0.550466186371419,-0.774292191768172,-0.489571380695281,1.28488584035156,"Female",0
-1.01101790281976,0.715597207187117,-1.32915151152862,-0.0656941629640977,-0.118431174932146,-0.247980618656744,0.814112485697127,-0.543900052222028,0.283387854490788,-1.0421416995869,0.0910310743836,0.521220410548502,-0.481403865926618,-0.690900182020652,-0.343790807897869,-0.692999912865587,-0.374062911876997,0.533989096735564,1.06424472749172,1.08022612106943,-1.21995544821134,-0.713197262149096,0.215135785295722,-0.100948270257089,-0.570391265020455,-0.106919256445487,-0.478941518359329,-0.355465253226525,-0.586493305421606,1.14928432552847,2.81480449005692,0.0197573343982115,"Female",1
-1.18322561794664,1.40655197172296,1.38665687297074,1.67859805793989,0.892869559330699,-0.685554251479024,0.0106750429456468,-1.10166973397292,1.60654710530442,-0.205894291956438,0.327762183334298,0.131648695838599,-0.481403865926618,2.52884469931552,-0.343790807897869,1.37282037584159,1.55446001504714,-1.21921413414487,-0.819241455739884,-0.70621592370465,1.4619608235185,2.63801873477766,1.56267995036905,-0.323628701531204,0.174843553599235,0.669195143133427,1.70823129287353,1.43273284648262,-1.21213291868558,-1.44176648339219,-1.14444804865197,1.01701223458242,"Male",0
0.231707342518998,0.0246424426512784,-1.26141108618689,0.149128730879209,-0.122243468106511,-0.479277253036271,0.412393764321387,-0.000906413922731489,0.283387854490788,-0.68539894687425,0.0910310743836,1.10017287047044,2.90291356808416,0.805739640496459,-0.343790807897869,0.0271943162249739,1.39727016559706,-0.943515474224721,0.947240606002333,-0.000913609478529238,0.576150018861787,-1.1922576263353,-1.04317648023343,-2.38513894424399,-0.19777385571061,0.669195143133427,-1.56461055154702,1.13146951975901,-0.411387338524951,-0.924269956340461,-0.738480409883934,0.00303361558250778,"Female",0
0.350574575831285,-0.66631232188456,0.340573591686848,-0.107031052107018,0.0399460611022511,-0.41763771399207,0.412393764321387,-0.0771390939941833,-0.503115744875523,-0.0254740461512505,-0.358699656286097,-0.755486892689727,1.57943747657155,0.220461497612678,-0.343790807897869,0.184108142674892,0.268496614676074,0.120195718867166,-0.295808360778807,-1.08779092764185,0.597633386850992,-0.0451394113298446,-0.102518510234468,0.0160983952729526,0.174843553599235,-0.106919256445487,0.255299485422535,-0.728796764420634,-0.254139139996398,-0.194474048107205,-0.670684993363165,0.491991047242515,"Female",0
-0.234358331293052,1.06107458945504,0.167564134409983,-1.22332327987837,0.113395856255944,-0.685554251479024,0.0106750429456468,-0.673158374672909,0.72124026259747,-0.56123452996759,0.624323369337574,-0.755486892689727,-0.481403865926618,-0.690900182020652,-0.343790807897869,-0.692999912865587,-0.68036958365596,-0.801328030108987,-0.624618937481896,0.0549812628015263,0.94632861945808,-0.0892249338745539,-0.708785938435858,-0.856417816408405,-0.570391265020455,-0.106919256445487,1.11178140082258,0.153018899764884,0.675790470626832,-1.35930189370121,-0.293051949746624,0.351647023451941,"Female",1
-1.63287696918759,0.370119824919198,-0.555004468023198,-1.54372483079172,-0.795887697522175,0.971614893313881,1.21583120707287,-0.739645870489802,0.0629150341359757,-0.103610583164585,-1.43379594891656,-0.262753849609449,-0.481403865926618,-0.690900182020652,-0.343790807897869,-0.119300734028525,-0.68036958365596,-0.412261777146668,-0.175339610163443,0.704095500472113,0.0283712023257513,0.667641748031449,0.933324480471651,0.271186403352061,-0.570391265020455,0.669195143133427,0.392839179156375,0.151580242291487,3.83274714216279,0.114929854539494,0.874516671045313,-0.73072942366838,"Male",1
0.143184154433974,-0.66631232188456,-0.801025831338328,-1.25554508842734,-1.49164771022742,0.36217509307037,0.0106750429456468,0.862297185665478,0.0864257375035155,1.30569914383054,-3.22126821223309,0.565080555739807,0.321404839856118,0.374173206364739,-0.343790807897869,-0.692999912865587,-0.68036958365596,1.23042359578152,0.280725203489697,0.0775535369053076,-1.21170319400869,-1.11464775869313,-1.27069707689936,0.934023807639693,0.174843553599235,0.669195143133427,-1.29065280254568,-1.88901098124585,2.14711578589907,1.80817973079576,1.39504560951252,-0.44075390609267,"Male",0
-1.80781570969776,0.0246424426512784,-0.0401847417127731,2.08372234314389,0.0728206728196027,-0.643534862907352,0.814112485697127,-1.55450368721441,0.283387854490788,-1.31744205948295,0.0910310743836,0.236017588606632,-0.481403865926618,-0.690900182020652,-0.343790807897869,-0.692999912865587,-0.68036958365596,0.0734006625011115,0.204673337007098,-1.27074428176737,0.935290714710343,2.12297420167058,0.44436631181286,-0.389063942199722,-1.68824349294999,0.669195143133427,0.888399246625154,0.68287664870966,-1.14556117831236,-0.734637670632019,-0.0921799289652146,-1.43120593641443,"Male",0
0.881914394131484,-1.01178970415248,-0.962754349141377,0.971881424189921,0.260699895369339,0.233142380474349,0.0106750429456468,-0.539942103592089,0.283387854490788,-1.12380369073782,0.0910310743836,-0.230118284418427,0.476753537468607,-0.690900182020652,-0.343790807897869,-0.0813024767289381,0.643113918952614,-1.85026852222448,-0.407311521803581,1.09941687626312,0.991640312429891,-1.23093315075747,-0.625915859707012,-1.99078266443381,-0.570391265020455,0.669195143133427,-0.59597246089297,-0.0723395601185488,-0.99405704337452,-0.847979218598017,-0.304124621088357,0.733534341098574,"Female",1
-1.71817682962156,0.370119824919198,-0.64871668944458,-0.452365874956867,-1.13048679588346,-0.685554251479024,1.21583120707287,-1.08492877837354,0.673659923294805,-0.0693559002408416,0.972131345824648,-0.755486892689727,0.473034944699953,-0.690900182020652,-0.343790807897869,-0.0836764641912919,-0.68036958365596,1.00688442629298,0.500156964850283,-0.289248699448946,-0.676660484548447,0.588387533911088,-0.36357447390619,0.711060750850827,-0.570391265020455,1.44530954271234,0.104724384751474,-0.594474767433529,-0.505113131531176,0.827267819243677,1.80599326070071,-0.98545489427379,"Female",1
-1.11633804859073,1.75202935399087,-0.394640780425917,-0.069915971630664,-1.12233357232751,-0.685554251479024,2.01926864982435,0.0939782465341426,0.283387854490788,0.654857383929724,0.0910310743836,-0.32786128130611,-0.481403865926618,-0.173562738085049,-0.343790807897869,-0.692999912865587,-0.68036958365596,1.42563938207878,0.9526258153985,-1.05049162945047,-0.50483246771881,-0.0397719700945924,-0.0866722318959813,0.433649326839778,1.29269578152877,-0.106919256445487,-0.370567772356224,0.0990097603058769,-0.67624987756548,0.432627671578402,1.17888984801948,-1.24670253802047,"Female",0
-0.255567101143725,1.06107458945504,0.854883523773522,0.754423633860039,1.21737396203823,-0.685554251479024,0.814112485697127,-0.885351127346177,0.283387854490788,-0.629964475360509,0.0910310743836,0.131648695838599,-0.481403865926618,-0.690900182020652,-0.343790807897869,-0.692999912865587,0.0645736159117396,-0.200530950033137,-0.0671065153887053,0.110548509237152,0.172672397156132,0.502468231650742,0.657378433442611,-0.0455289286899956,-0.570391265020455,-0.106919256445487,1.70823129287353,1.12679151779125,-1.06995145070065,-1.0821582410056,-0.980403107705834,1.7382661154717,"Male",1
-0.46454352341211,3.13393888306255,-0.377696334903653,0.405096343896901,0.60530000627841,-0.420605651682793,2.01926864982435,3.81263795668901,0.582451358020407,-0.409652290526715,0.985538936971819,-0.755486892689727,-0.481403865926618,1.12843521561168,2.11826521550461,-0.692999912865587,-0.68036958365596,0.559829759084783,0.730563944452667,1.59719641064656,-1.4755505188255,-1.19723943645138,-0.936995520623935,0.140904748022634,3.155782828078,-3.98749125434005,1.09505586317377,0.895155641917121,-0.00834485847610492,-0.307749625563445,2.11394355201867,2.04189384948556,"Female",0
-0.837522956019186,0.0246424426512784,-1.1886729107245,-1.51268741206371,0.188854840324534,1.33713905896534,-0.792762399805834,-0.39384518837309,-0.346988910971464,-1.84272729951803,0.176745300729644,0.150185857389936,-0.481403865926618,-0.690900182020652,-0.343790807897869,-0.692999912865587,-0.68036958365596,-1.52612230880369,-0.399713736345708,1.86872537999882,0.314216168010507,-0.802448747424122,0.863435868265418,-1.06080063670431,-0.570391265020455,-0.106919256445487,1.01509546015328,-0.0741423545345627,3.63604214318046,-0.584840744178448,-0.193751545775536,1.46147757374845,"Male",1
-0.580262417136288,-0.66631232188456,-1.1112771701603,-0.0582662135695969,-1.81745332596569,-0.162253966914169,0.0106750429456468,0.281312814865582,-0.426448167122169,0.73546556131668,-0.64780299749527,-0.0755981055150825,-0.481403865926618,-0.690900182020652,-0.343790807897869,-0.297195689483049,-0.68036958365596,0.0989594602777444,-0.557032588179281,0.160480956713217,-0.0962604081187094,-0.0183189582714709,-1.22511619146031,0.250331838046951,-0.570391265020455,1.44530954271234,-1.0592122435843,-1.87349025181233,-0.47286682612308,1.14205974989973,0.587694602910321,2.04189384948556,"Female",1
-0.0613689456897668,0.0246424426512784,-0.062806747204662,0.175686407590148,0.277182613635691,0.448969239956118,0.814112485697127,0.0692453202023059,-0.556279010041435,-0.18587400136232,-0.287363063532697,3.26572412489394,-0.481403865926618,0.282064473969583,0.643723710435029,-0.692999912865587,1.3456389591047,0.117861791834221,-0.0861181625603206,-0.234709020691776,-0.274747995557649,-0.320758890727607,-0.60113465942183,-0.250648244244843,0.920078372218926,-2.04720525539277,0.183526413384191,0.339129448893996,-0.312860676011251,-0.328727396334826,0.04099137109288,1.95466988225976,"Female",0
-0.679578108889242,-0.66631232188456,1.29261625281579,-0.471338666837412,-0.308783275570015,1.70028191433311,-0.792762399805834,-1.17388826801331,0.283387854490788,1.04218307855077,0.0910310743836,-0.755486892689727,-0.481403865926618,-0.690900182020652,-0.343790807897869,-0.692999912865587,-0.68036958365596,-0.543178930143446,-0.478013136480993,-1.19813086627187,1.57135499302804,0.904987144664361,2.65041343964581,0.211221770680572,-0.570391265020455,-0.106919256445487,-0.0911598771908826,1.2361887201718,-0.0727568310498373,-0.868261390339302,-0.119374910240237,-0.860848937988237,"Female",1
0.920265117898254,-0.66631232188456,1.17649335210679,0.000456223262308577,0.932921252712381,2.6575083032832,-0.792762399805834,-0.359860077471485,-0.472703145974143,0.165822879808746,-0.433558135516449,-0.755486892689727,-0.481403865926618,-0.690900182020652,-0.343790807897869,-0.692999912865587,-0.68036958365596,0.225652831074833,-0.205253749330759,-1.71258638572223,1.17545228432686,1.63125921187497,1.53034775333596,0.364999307408927,-0.570391265020455,-0.106919256445487,0.210399218862733,0.0632811847212614,0.0634884234600384,-0.194146050622415,-0.790064382214937,0.475174741974056,"Male",1
0.135881614196882,-1.70274446868832,0.54545823276047,-0.337085442120235,0.205494822133347,-0.685554251479024,-0.391043678430093,-0.547472326734196,0.906694278427781,-0.0386121220394446,0.653783137716072,0.0803268022873578,-0.481403865926618,-0.690900182020652,-0.343790807897869,0.280155099170009,0.723325040322837,-2.49467283160708,-1.93012789066234,1.97611272538832,0.995496507644512,0.996645207580935,0.300121016638993,-0.378788987053426,-0.570391265020455,-0.106919256445487,1.27814425610103,1.18494565464994,-0.243494423615538,-1.49101625448645,-1.26859204030041,0.21891293446636,"Female",1
0.741063154177325,-1.3572670864204,0.854689590918286,2.45091819756791,-0.503187890683713,-0.613256185848354,-0.391043678430093,-0.624363732102515,-0.845896725348007,0.948095970370959,-0.415626061781707,1.40779561195689,0.504934637568485,-0.690900182020652,-0.343790807897869,2.45544277313198,1.13617640031661,-1.44217267673311,-1.76041565917398,0.855791457743544,0.404024212225314,-1.17513801920136,-0.452463132094212,0.28908309745584,-0.570391265020455,0.669195143133427,-0.163912278959711,-0.363649928400381,-1.04529334081018,-0.400578371363812,-1.21518696822391,1.40225142316303,"Male",1
-0.142947504787945,-0.66631232188456,-1.20915228636972,0.430305068058558,2.65033805359751,-0.26936221229294,0.0106750429456468,-0.903169818905877,0.283387854490788,-3.55960421694365,0.0910310743836,-0.180864977392989,-0.481403865926618,-0.690900182020652,-0.343790807897869,-0.692999912865587,1.24971052431489,-0.502332380390915,2.51774684292858,1.05029167782076,-0.278252974185253,-0.223133587025333,1.53953303658399,-2.76964261265726,-0.570391265020455,-0.106919256445487,0.615577739992042,1.64132920695401,-0.353990310624455,-0.586529348495528,-1.35509226414054,-0.226955462705517,"Male",1
-0.390735688462554,1.40655197172296,0.872679715195206,0.457891960388418,-0.484089284191419,-0.41583378718106,0.814112485697127,-0.578244924944181,0.283387854490788,1.30337297354153,0.0910310743836,0.566519082372092,-0.481403865926618,-0.157783382496596,-0.343790807897869,-0.179920364036368,-0.68036958365596,0.877599198604259,0.071241368130606,-0.243783119759659,-0.639101797220176,0.266580627056985,0.0789913531840521,1.31467584261394,0.54746096290908,-0.106919256445487,0.205623730024823,0.999482598880468,0.262615508290526,-0.0201219471972428,0.19098981712047,0.791569185433848,"Male",0
0.939552713552318,0.0246424426512784,0.223398109373362,-0.788546145358441,0.327443205092462,0.610552888736275,0.814112485697127,0.491030134352713,0.283387854490788,0.289448696322338,0.0910310743836,0.557934627988555,0.317060636902742,0.368409822228471,0.731360280243783,-0.183252049418376,-0.312735277375808,0.110365865897069,-0.110364740158438,-0.240819306882293,0.0443016880377995,-0.598588326454953,0.289967103521166,0.0495787858314547,0.54746096290908,-2.04720525539277,-0.0154379896355694,-0.233389194615822,-0.048262261902356,-0.0113396342700522,-0.0196933060814261,-0.201176550929244,"Male",0
-0.739412051339723,-0.66631232188456,-0.863625741617523,-0.376128906958175,-0.628750948985194,-0.315678254271329,0.412393764321387,0.072451878208124,0.283387854490788,-0.0875648161323081,0.0910310743836,0.0527725046507464,0.255640290531239,-0.690900182020652,-0.343790807897869,-0.222463423529709,-0.00166009513875124,-0.0802283476565903,0.297529190672798,1.26684950527377,-0.809499483199619,-1.52278460812786,-0.337232299064735,-0.179161287068238,-0.570391265020455,-0.106919256445487,-0.0251459239375315,0.238919829630991,0.393624193739114,0.017913498049107,1.32850128622753,0.0772778257806577,"Female",1
-1.67048778209986,-1.3572670864204,-0.242166933604637,0.656980570634813,-0.0928190772296946,-0.685554251479024,-2.39963728530879,-1.04596354799283,0.283387854490788,-1.05625880308313,0.0910310743836,-0.755486892689727,4.71423839192092,-0.690900182020652,-0.343790807897869,2.62395097322763,4.10405434596194,-1.76954901328773,0.0524481330775793,1.63335402769731,-0.127959802418193,-0.384837963310443,-1.10540937944584,-1.40469260722378,-0.570391265020455,1.05725234292288,2.29532383716976,3.04431111311039,-1.011379110312,-2.68194460703524,-1.16055419334106,-1.79596070844959,"Male",1
1.59788823852299,-0.66631232188456,-0.35798566910607,1.32302075121669,-0.552898271977762,-0.685554251479024,-0.792762399805834,0.851075456728505,0.744672730921226,0.891118410801665,1.30367807774947,-0.755486892689727,-0.481403865926618,1.17989959612574,-0.343790807897869,0.747388545315558,-0.68036958365596,0.375565765490078,0.198062945888446,-0.250064227784171,-0.0980650297864259,-1.26670801084798,-0.806469202871932,-0.0582857990038133,-0.19777385571061,1.05725234292288,-1.47545787048037,-1.32167471213324,-0.555454854138363,0.866701630905946,0.670296181549405,-0.81135828365182,"Female",0
0.336144158716595,0.715597207187117,2.27014773405459,2.31040787381843,1.55107376625174,-0.149657689173957,-1.99791856393305,-0.0306006194543506,-1.09684885420107,-0.357421525062704,-0.111277672607709,-0.0944839051588276,1.92964580928368,2.50780061512378,2.90274385041231,0.846238733622117,0.98479756831889,-1.30909794450767,-1.31645110818492,-0.852352697245708,1.6557754235599,2.12297420167058,0.697318206248187,-0.18185234674941,2.03793060014846,-0.8830336560244,2.07928677557922,1.70867992726307,-0.848617592412413,-2.22746516423682,-1.23916250252502,1.68307004935341,"Male",0
0.534883049535197,0.370119824919198,1.27074130535108,0.732190017071947,0.0318875308779344,-0.685554251479024,-0.792762399805834,0.879827039303185,-0.233778389827221,1.99708040914913,-1.47041362724554,-0.177581423591286,-0.481403865926618,2.80482283200146,-0.343790807897869,-0.692999912865587,-0.68036958365596,1.00234678532819,0.101740103873804,-0.0312184601948901,-0.815372765141888,0.210813048652265,0.674191175899814,1.68186794604367,2.41054800945831,-0.106919256445487,-0.103780191783434,1.06909972438088,-0.942063047841502,0.28376596456563,0.847283060535525,-0.809845301202367,"Female",0
-0.301389533347306,-1.70274446868832,-0.711198031373585,-0.614626221209244,0.655852464800492,-0.385324116340971,-1.19448112118157,-0.717804871499329,1.13080445332648,-1.3839577877311,0.148741035254483,-0.755486892689727,1.59101523692265,-0.690900182020652,-0.343790807897869,0.630053530463711,4.09061495290121,-1.13091735735188,-0.370133594085568,1.21524534761209,-0.185463276833416,1.2487111602715,0.0521487676322365,-0.242386071262986,-0.570391265020455,-0.106919256445487,0.392240712090135,-0.303226378114463,0.14141715583941,0.400143470790127,-0.794716945236602,1.20785029359442,"Female",1
-0.871924552158804,-0.66631232188456,-0.882383154504547,-0.755087655488525,-1.94722078845476,0.354425615669856,0.412393764321387,-0.799422039786966,-0.430045309123587,1.32452282576903,-0.829336923624199,0.61118144639444,-0.481403865926618,-0.690900182020652,-0.343790807897869,0.500430051218613,-0.68036958365596,1.00202651538062,-0.294344195243838,-0.0757068935451851,-0.930288685306273,-0.00256060354819277,-1.74503488259022,1.0180147971757,-1.68824349294999,1.44530954271234,-0.942348933020992,-1.98636821875739,0.407862652618735,1.59615951792766,0.567161479464416,1.23886449904804,"Female",0
0.813769863038547,-0.320834939616641,0.609341022031608,-1.3813825715802,-0.237292233014166,0.965163626570162,0.0106750429456468,0.0539265415770976,0.283387854490788,0.904847806886687,0.0910310743836,-0.27159475349247,-0.481403865926618,-0.105492021777725,-0.343790807897869,-0.692999912865587,-0.68036958365596,1.10258974652538,0.0598773057095451,-1.03106541407923,-0.204997949960119,0.133600417474274,-0.721148876422646,0.738206794771585,0.54746096290908,0.669195143133427,-0.221348385619316,-0.847920694671208,4.17591622441456,0.557094915847511,0.211625176384808,2.19952001882932,"Male",0
1.24748740057278,-0.320834939616641,0.989056021522462,0.294785499618864,-0.214893915241097,-0.173442953261772,1.21583120707287,0.0752089707145236,0.46846779877637,0.894639115546656,3.11764579013544,-0.755486892689727,-0.481403865926618,0.810330560197422,-0.343790807897869,0.029403500976781,-0.159366364326418,-1.20582215538792,-1.03084120670634,-0.477597044852075,1.6179585710845,0.157897813048057,0.225555163865735,-0.610259142250972,0.174843553599235,-0.106919256445487,-0.213646611457248,0.4304465304017,-0.954188991032032,-1.17670904969621,-1.11744526580426,0.146086176288676,"Female",0
0.100807246016547,-0.66631232188456,1.33221692479514,-0.949649685626839,-1.14034868688256,1.42141794690053,0.814112485697127,-0.130673602332375,-1.00820979951444,1.92726555601269,-0.522055940356696,0.481619616083711,-0.481403865926618,0.805739640496459,-0.343790807897869,0.747388545315558,1.39727016559706,-0.892781580389536,-1.74979897040766,0.355015845243817,0.426324452495517,1.04125390904515,-1.20098133180776,0.781966725666253,0.174843553599235,1.05725234292288,0.218443069786041,1.20257514966893,-0.00640851785055952,-1.06754768332017,-0.89854274584085,-0.516675855804543,"Female",0
0.374842353960271,1.40655197172296,-1.0490716757944,-0.0331788952408613,-0.395185486176766,-0.379879528398053,2.01926864982435,1.25826429690755,-0.091038061164981,0.319537712619533,-1.06040370606109,-0.03822833175194,1.15374950422927,-0.2570338504931,1.41762693224912,-0.0666607827788368,-0.228648707322356,0.662563085137519,0.533001149785108,1.18255182747327,-1.50294536263752,-1.48768308828455,-1.23749468842204,0.326256937838851,0.174843553599235,-1.27109085581386,-1.14421772300666,-0.995269613131847,1.90219252565743,1.39465719135912,1.77786397793271,-0.148826883670258,"Female",0
0.12135780802777,-0.66631232188456,1.47408373889682,0.509775989488028,0.617654789389868,-0.351247996002802,0.412393764321387,-0.607125383042557,-0.256290695036056,0.527872122117474,-0.794444470841179,1.77737249781332,-0.481403865926618,-0.690900182020652,-0.343790807897869,-0.692999912865587,-0.68036958365596,0.20884275480093,-0.85614662020383,-0.758998777264619,0.318489354937923,2.01110668189192,-0.262903475311325,1.04547787245627,-0.570391265020455,-0.106919256445487,0.634542076767968,0.685119510181355,-1.02460026476053,-0.37884061284703,-1.14136902136573,0.718711967583078,"Female",1
-1.25502621791107,-0.66631232188456,-1.27030264690285,-0.957345221694521,-1.30172200255502,1.83253447341361,0.0106750429456468,-0.51008719459859,-0.99646800265985,-0.0880281227356757,-0.174373216832464,0.470373193276675,-0.481403865926618,-0.690900182020652,-0.343790807897869,-0.692999912865587,1.37838253151295,-0.291815547050942,0.313844947906048,0.353721556317554,-0.0617436803643002,-0.619666487265035,0.513353192113403,-0.40790135996793,-0.570391265020455,1.8333667425018,-0.886239696521669,-0.172995581679344,0.0185423974522111,0.338527828267096,-0.991125143333978,0.0870987709111107,"Female",1
-0.703666854335553,0.0246424426512784,1.83693335444002,1.6830905697858,0.615362071914322,-0.542361966152258,0.814112485697127,-1.07052213079294,0.283387854490788,0.372842181282233,0.0910310743836,0.7182246860677,-0.481403865926618,0.200541023740905,-0.343790807897869,-0.692999912865587,0.557131687757041,-1.32776234228792,-1.79155641375827,1.06065085165511,0.521022943441046,1.5725774181903,0.705611710983772,0.829294946896093,0.54746096290908,-0.106919256445487,1.26245506719499,1.42716014468496,-1.17210034734773,-1.03583867816893,-1.29626300400897,0.335366918189965,"Female",0
-0.114061514586245,1.40655197172296,1.71516459946175,-0.356867907029576,0.238968780340948,-0.685554251479024,1.21583120707287,-0.404362161340526,0.86466012652452,0.113889787424838,0.753344908788989,0.0239617168842803,3.78322735149734,1.66652381587481,-0.343790807897869,-0.692999912865587,-0.0258530152496683,-0.187492478229889,-0.518635913931486,-1.26744639749631,0.95518849408127,0.0617794862077904,0.653453715883679,0.212209011072277,0.54746096290908,0.669195143133427,1.26920790617278,0.240799577476947,-0.396463460256431,-1.15016012994576,0.323570684052199,0.800235021918301,"Male",0
0.86817205757538,0.715597207187117,-1.01031787491938,0.179725006471235,0.379545421606902,-0.474857031641069,0.0106750429456468,1.5092250195343,0.283387854490788,-0.395561529812752,0.0910310743836,-0.755486892689727,-0.481403865926618,-0.690900182020652,1.48912359328832,-0.40332769526089,-0.68036958365596,0.486019630297307,0.880892768944277,0.0408522822564173,-0.331096307363483,-0.852148489705408,-0.181946312416311,-0.586335498015883,-0.570391265020455,-2.04720525539277,-1.06325008680319,-0.905667419800476,-0.760054567037764,0.900141912202871,0.256198217165139,-0.0326221277766861,"Male",1
-0.332567864329374,-1.3572670864204,-0.899820950404544,-0.477889136384426,-0.445283323784163,0.242043571706941,-1.59619984255731,-0.165806494244203,0.448465999051941,-0.384394180467802,1.74589554448628,0.351308807362028,0.527872742300947,-0.690900182020652,-0.343790807897869,0.595665000472954,-0.68036958365596,0.200113941118879,0.690613949241024,-0.0951789206060878,-0.157537512924519,-1.26293966033229,0.426718505224348,-0.475803679830084,-0.570391265020455,-0.106919256445487,-0.696865919824399,-0.369433174509209,0.512771416101239,0.397667977468938,0.798690147285487,0.112125173461668,"Female",1
-1.1636287880039,0.0246424426512784,-0.800284126240233,-0.403773511854398,-0.265336127938533,0.462771228903018,-0.792762399805834,-0.698879249909643,-0.0413487538897366,-0.62093316174016,-0.586774876459808,-0.537761473761367,-0.481403865926618,-0.690900182020652,-0.343790807897869,0.321008754142448,-0.131886108409142,1.35960670522764,0.979497986416279,0.220996336888729,-1.43797436918222,0.645681144831376,-1.05455745445892,0.676213323538366,-0.570391265020455,-0.106919256445487,0.241858843930567,-0.247474536707215,1.30890116516692,1.00034011360554,0.468468171433192,1.20483092121163,"Male",1
0.16948836126364,-0.66631232188456,0.855867378258623,1.24784059282448,0.735009300159024,-0.648865680860475,0.412393764321387,-0.922566989698281,2.22971242988116,-0.262504265435579,0.245440605989148,0.0601055032153411,-0.481403865926618,-0.690900182020652,-0.343790807897869,2.15583290462575,2.05909895668977,-2.66273984434928,-1.91624932957006,1.93344816098428,0.933999523475847,0.0133582777087697,0.0404592545693504,-0.790118643071291,-0.570391265020455,0.669195143133427,1.31020392623534,1.08731521731495,-1.16419303213826,-1.70608682745053,-1.19351514349663,1.5242884650272,"Male",1
2.62809144644715,2.78846150079463,0.138263703843355,0.203687847871544,1.71997346471905,-0.338523536451804,0.814112485697127,2.66546324008762,0.283387854490788,0.357621193464353,0.0910310743836,-0.755486892689727,-0.481403865926618,2.99276492952954,2.86085308062766,-0.692999912865587,-0.315107111609862,1.13690148846194,1.18552743596114,-0.237893736751729,-0.791290204059605,-0.0913525856703561,0.165303254080981,0.164391545003043,3.155782828078,-2.43526245518223,-1.04867535853549,0.0497464531293862,-0.644508068008051,1.00489530950896,3.93395206448522,-1.50018620304482,"Female",0
-0.900185789205752,-0.66631232188456,0.383317574297813,-0.991653989147551,-0.88866377790478,-0.685554251479024,-0.792762399805834,-0.487420642269754,0.283387854490788,0.87140692367324,0.0910310743836,0.590715531166895,-0.481403865926618,0.123411335388825,-0.343790807897869,0.0907056209534399,1.01527483732342,-0.493157198666137,-0.544632644620461,-0.226315856512347,0.487069038748287,1.81400182683234,-1.05945584928103,0.144652446747167,0.174843553599235,0.669195143133427,0.0687674371799621,1.44393202989562,0.0994200833712234,-0.999842401353056,-0.719874474195676,0.333330256180203,"Female",0
3.03067279026716,2.78846150079463,2.36089524988717,0.0707777674882773,2.27292863534229,-0.193927405190462,1.21583120707287,0.885683749413987,0.838384481113268,1.2019234386105,1.22457445889875,-0.755486892689727,0.488085228178966,1.88151097153045,3.57252826743557,-0.692999912865587,-0.68036958365596,0.168830148166942,-0.88701408036323,-0.63363551006774,0.431508955230048,0.966901356838002,0.405476204521227,0.857473093242488,3.90101764669769,-2.04720525539277,-0.16452685716125,-0.986656005113502,0.374248642511399,0.60382183288305,1.05287191419358,-0.324783127907786,"Male",0
-1.24266799903477,3.82489364759839,-1.83681185009775,-0.55419404830949,-0.24815643773739,-0.474426157980868,3.62614353532731,4.78942589815132,0.462745945564213,-1.20908446810226,0.582459510030888,-0.0339640121268636,-0.481403865926618,-0.254454383599344,0.54215414344836,-0.412971954586622,-0.175473479311633,1.12538376004944,1.80166837377669,1.07529686663735,-1.79234692990376,-1.73846318215366,-0.850470674565367,-0.483676608850041,3.90101764669769,-2.04720525539277,-1.11450082050183,-0.707765105978743,0.514575786179809,1.4623434298986,3.93850479572546,0.0381521051492497,"Female",0
0.79859832839011,1.06107458945504,0.129516904663272,1.53028244777189,-0.491816977031541,-0.220501829314168,0.0106750429456468,2.18640164220644,-0.163545936895149,1.21653807121501,-1.32392553020684,-0.327408767431618,1.08003782849528,0.86275449087806,-0.343790807897869,-0.194579779717192,-0.68036958365596,0.626658274979136,-0.131575224561663,-0.255374921235584,-0.3798797855706,0.118069141087896,-0.303247065073777,0.892358876648548,2.78316541876815,-0.106919256445487,-0.890446468052521,-0.586803670318173,-0.834972511333223,0.910935786298889,0.0948487526659735,-0.553756576171067,"Male",0
-0.95342564698908,0.0246424426512784,-0.412603727646404,-0.779655078120282,0.435361546189382,0.082612695846854,0.0106750429456468,-1.30833077151211,0.716214696937709,-1.17057036291238,0.314638480340084,0.115102407960737,2.69412497459425,-0.690900182020652,-0.343790807897869,-0.692999912865587,0.29436240774395,-0.154701690161743,0.960353902205188,-0.833798746712596,0.628743020159177,0.714184931458591,0.462874987015445,-1.05618420072267,-1.31562608364015,-0.106919256445487,0.334200855102141,1.01925116552528,0.579720983860986,-0.913889001946665,-0.481706352090522,0.272882764187323,"Male",0
0.37753981738115,0.715597207187117,-0.548134310404594,1.10587717692102,0.333205523769259,0.62545067195714,1.61754992844861,0.67949961173626,-0.334176749778417,-0.728170804245177,-0.226420582211272,1.72885596320944,1.02889541885197,1.31278957013123,-0.343790807897869,-0.692999912865587,-0.332678591841358,-0.0879976636467618,0.513683749269077,-0.232103816199921,0.144666700643539,-1.13449571081778,0.280478339266735,-0.903169272160369,1.29269578152877,-0.106919256445487,-0.298587729521692,0.148217667064003,0.540685464537465,-0.31409308578689,0.329811159785118,0.402810132034086,"Female",0
-0.249035682701286,1.06107458945504,-0.477835950453357,-0.511248510195209,0.697482256825325,-0.288644504016699,0.814112485697127,0.883281160386688,0.617105010669445,-1.18301618025279,0.372679018825197,0.586992626233665,1.15085542746795,0.391845884269377,-0.343790807897869,-0.432487177342799,-0.116717870708728,-0.620367508845305,0.748261008443324,0.693306318139212,0.0674502345326536,-0.596489836993774,0.336917719486351,-1.26375359733068,2.03793060014846,-0.106919256445487,0.990836651770584,1.54779927541522,0.087195918784704,-1.26764517260323,0.831303041732234,0.911635635433974,"Male",0
-0.723036564376922,-1.01178970415248,-0.0941947798246572,1.52264703009012,-0.767968439567516,-0.554889308943859,-0.391043678430093,-0.306483749437859,0.283387854490788,0.0616160916910387,0.0910310743836,-0.755486892689727,-0.481403865926618,-0.690900182020652,-0.343790807897869,0.216280059769992,0.30330058720176,-1.6802342955148,-1.36436297345717,0.901690505817363,1.05985327913178,-0.120057108063862,-0.437547049867068,-0.746683954424776,-0.570391265020455,-0.106919256445487,0.886743958940123,0.471202956309751,-0.755289629517994,-1.45644437083654,-1.09117924110886,0.0833556863191091,"Female",1
0.390609638580766,-0.66631232188456,-0.352861174056107,-0.226454282555865,-1.25816048433809,-0.685554251479024,0.814112485697127,0.516718059486694,-0.94082209582721,0.878972647897153,-0.363670761207236,-0.755486892689727,-0.481403865926618,0.0183769512591807,-0.343790807897869,-0.0103810348580157,0.796561281573908,-0.0404521639584347,-0.628638315576356,-0.25965884786799,0.228728415693626,-0.869855091662986,-1.38348607319373,-0.0431106697957253,0.174843553599235,1.05725234292288,-0.797897494373805,-1.30034302316026,-0.674685013548656,0.313836488755968,-0.409850561762954,-0.0260763249358106,"Female",0
-0.399382038112491,-2.39369923322416,-0.983522370724532,-0.11768098483704,-1.18514510014594,-0.100284196373593,-0.792762399805834,-0.546682619361086,-3.0954316083869,0.426209519967872,-0.0436495637447659,0.86264842078594,-0.481403865926618,-0.690900182020652,-0.343790807897869,1.19102819043536,2.03718320836701,0.0922677023144075,-0.0662469325997311,-0.6563932932952,0.0431705374415117,-0.011772329502217,-1.41938324638664,-0.02105614867997,-1.68824349294999,1.44530954271234,-1.41982659749478,-1.17633480459736,-0.624132001924644,0.551490631550578,-0.814546619082972,-0.516675855804543,"Female",0
-1.44702741224072,0.715597207187117,-0.890200097494202,-0.0431742370602,-1.09977291023628,0.801720241494776,2.01926864982435,1.66609575222649,0.894076739481691,0.126156456692401,0.725948487851879,-0.755486892689727,-0.481403865926618,0.299790550698166,0.661714865627345,0.737183363931686,1.38255004591612,1.08121877063492,1.11481981944886,-0.337101228048259,-0.929283522811707,-1.45238184428851,-1.72774287076743,-0.238059540656984,0.920078372218926,-0.8830336560244,-0.258902763050594,-0.214643538778589,-0.48366702281182,0.0677977868459905,0.0759869163750238,1.94432127597873,"Female",0
-0.184063769803969,0.370119824919198,0.0432936447502529,-0.43645852276431,0.321950227123502,1.15804642210308,0.412393764321387,-0.821974786682461,0.283387854490788,-0.358793174478143,0.0910310743836,-0.247278565593109,-0.481403865926618,-0.690900182020652,-0.343790807897869,-0.692999912865587,0.173133177657786,-0.465622589832492,-0.320337877215485,0.407600397851037,0.24537933800627,0.664512516058866,-0.146702185234517,-0.245369468972873,-0.570391265020455,-0.106919256445487,0.295947661869112,0.479548807343687,2.00298177334759,-0.38436852157206,-0.551986574392792,1.49095183775072,"Female",1
1.09053734828603,-1.70274446868832,0.975090864763192,3.70023950757922,-1.81775230495485,-0.685554251479024,-0.792762399805834,0.0671619964883236,0.283387854490788,1.44071388521217,0.0910310743836,-0.755486892689727,-0.481403865926618,-0.690900182020652,-0.343790807897869,-0.692999912865587,-0.68036958365596,-0.273294034612547,-1.24903285022627,-3.05441366841233,2.60799498028505,0.288913181338051,-0.926899221178656,-0.879828247213614,-1.31562608364015,2.60948114208071,-1.10477040709797,-1.42271955463681,-1.15870419085383,-0.825295210729475,-0.699210760996943,1.30049012806627,"Female",0
-0.704475722336886,1.06107458945504,-1.1599289498053,-0.499983201104851,0.406698504329458,-0.187372380573282,1.21583120707287,0.0925238922076193,0.283387854490788,-1.4152360056514,0.0910310743836,0.259230068101859,0.1354700476305,-0.281701835897681,0.486844313709878,-0.692999912865587,-0.396344417265614,0.592075626806785,1.27221834017214,0.705707542104025,-1.01839821894824,-0.522453163662676,-0.0200838221168932,-0.438961048796451,0.174843553599235,-0.8830336560244,0.238867680665861,-0.0509291153985924,0.0178009596262802,0.477060487928091,1.97025824826795,1.30818636046854,"Female",0
1.30491751381375,-0.66631232188456,-1.14331599133542,-1.2937537132038,0.004713218105662,-0.685554251479024,-0.792762399805834,0.798013940536212,0.283387854490788,-0.285222105984823,0.0910310743836,-0.755486892689727,0.872323107677695,0.207083711489619,-0.343790807897869,-0.692999912865587,1.81279811544768,0.872757925074888,1.63648405330711,-0.114811034989679,-0.882152160436568,-0.983796549699787,0.818920768343704,-0.0970666847578163,0.174843553599235,-0.106919256445487,-2.11735717416027,-0.80260361379082,0.658547898247685,1.81949851532103,-0.481729660742549,0.174137964623783,"Male",0
-1.01863649753791,-0.66631232188456,-1.00695876841413,-0.296818406198459,0.214500054232041,-0.327076342726948,0.0106750429456468,-1.1543923236018,-0.529219038938185,-1.41383220065294,0.0390978543174054,0.606579869495171,-0.481403865926618,-0.690900182020652,-0.343790807897869,0.0999412080523052,1.60713276653171,-0.140997517195438,0.808756250647949,1.23153706808531,-0.914034233818212,-0.832790113233662,-0.615987589102912,-0.941628196733882,-1.31562608364015,1.05725234292288,0.713735742378557,1.29881913358741,-0.521441322351533,-0.678961120753983,0.379834873419711,-1.48893234381478,"Female",0
1.18234375971806,-0.66631232188456,-0.182380204804645,-0.119085032043185,-0.756199586737484,-0.5406028471679,-0.792762399805834,0.702028760413602,0.701227617905613,1.04828587784881,1.51416095123175,-0.195190731513957,-0.481403865926618,-0.0130591543709497,-0.343790807897869,-0.692999912865587,-0.209879141823741,-0.35754602728344,-0.615656058351595,0.513557275491333,0.0972754131583323,0.0416389125549335,-0.831604324660084,0.174023523553061,0.920078372218926,0.669195143133427,-1.05093305398847,-0.499528176831279,0.170851749246302,0.450908476537189,-0.243429549492592,0.600132979459116,"Male",0
-0.044414893274838,1.06107458945504,-0.313048106924214,1.90825296292797,1.04866014979828,-0.24264718275059,-0.792762399805834,-0.818029901218964,0.283387854490788,-0.907664780276962,0.0910310743836,-0.755486892689727,-0.481403865926618,-0.690900182020652,-0.343790807897869,1.22947774356394,0.706136942886363,-0.311309033903013,0.351720812911806,1.14692256266892,-0.568741536915291,-0.047544979562763,-0.568473722640435,-0.500704475258665,-0.570391265020455,-0.106919256445487,-0.222771729370354,0.0915859607090341,-0.960009084421175,0.336354738437673,-0.554733862675257,-1.77996964779153,"Male",1
0.234284812999698,-0.320834939616641,1.89635836577968,0.400430908535683,-0.384533223874827,-0.685554251479024,-0.792762399805834,0.25347328577091,-0.308142163520008,2.05161644607447,-1.29480399278047,-0.755486892689727,0.724120971678512,4.90682621298209,-0.343790807897869,0.076619410378253,-0.68036958365596,-0.550079101444024,-1.23639192685903,1.65799680988424,-0.532363321835056,-0.263817537118326,-0.314489371493126,1.54491094866984,0.920078372218926,1.05725234292288,0.650221740834342,1.3287527870581,-0.676728538317949,-0.658082414549721,-0.849508521434166,-1.08463421710816,"Female",0
-0.206367120775701,0.370119824919198,-0.38074237477671,-0.863617941178157,-0.817647800680618,0.37551088439557,0.412393764321387,0.0327282364245265,0.283387854490788,0.248304561272847,0.0910310743836,-0.755486892689727,-0.481403865926618,-0.690900182020652,-0.343790807897869,0.441956775869916,0.956710411538588,-0.160379753964016,-0.564473544791326,-0.423054519392597,0.414651295919189,-0.0774752423309532,-0.340089322255254,0.105248056585356,-0.570391265020455,0.669195143133427,0.0919107103926479,-1.56180613458807,1.01778549497621,0.353922729709276,-0.323464349154649,1.94878134438797,"Female",1
-0.468224961652171,0.715597207187117,-0.130307892624008,2.65364631563498,1.44815955901206,-0.685554251479024,0.0106750429456468,-0.902452522355638,0.283387854490788,-0.841633818885717,0.0910310743836,1.40394635483116,-0.481403865926618,-0.255489842195851,-0.343790807897869,-0.692999912865587,-0.0759316850743497,0.172088547154659,1.48419569762844,-0.215357939316584,-0.0546991481810043,0.684104021774349,2.02419042118653,-0.745231915874099,1.29269578152877,-0.106919256445487,-0.171956837874161,1.78331330142433,-1.25415177533568,-0.140449010434542,-0.172743096037171,-0.764084718816086,"Male",0
-1.85699728411275,-1.3572670864204,-0.242166933604637,0.674459525650083,-0.420398162699942,-0.685554251479024,-2.39963728530879,-1.01735742033057,0.283387854490788,-0.647016248469415,0.0910310743836,-0.755486892689727,4.71423839192092,-0.690900182020652,-0.343790807897869,2.62395097322763,4.10405434596194,-1.53588727689188,0.0524481330775793,1.96121017331479,-0.587987597739978,-0.384837963310443,-1.83220073810509,-1.10700834333742,-0.570391265020455,1.05725234292288,2.29532383716976,3.37179760579411,-1.01793072302187,-2.68194460703524,-1.16055419334106,-1.79596070844959,"Male",1
0.330063744608173,1.06107458945504,-0.494814077888472,1.1149364901372,0.0243299649611424,-0.685554251479024,0.0106750429456468,0.834130652979514,0.90798476791834,0.427502436783146,0.820063912106627,-0.755486892689727,-0.481403865926618,0.828979389293317,0.684614580759394,-0.692999912865587,0.726231240372492,0.708329690272408,0.963992404613575,0.0680615395111424,-0.68418388620271,-0.103709768305158,-0.122811538442751,-0.00810349342151065,0.54746096290908,-2.04720525539277,-1.12383083645972,0.42306311991111,-1.02614543741964,0.70184325250227,0.0851786445675338,0.355563816453445,"Male",0
-1.46696848866089,-0.320834939616641,1.30595765567514,-1.2100362125509,-0.50383202792163,1.77257997996378,0.0106750429456468,-1.44346575660851,1.48053193856026,1.09290776839783,0.596110051760594,-0.755486892689727,-0.481403865926618,-0.690900182020652,-0.343790807897869,1.1760755864409,-0.68036958365596,-1.54145065156797,-1.16205125848498,1.59822658352401,0.462591752290528,1.31601128046099,0.829816817619072,0.568056284404095,-0.570391265020455,-0.106919256445487,1.56210133443345,3.14697552946759,0.518604446686143,-2.01420409372185,-0.831631095077267,1.39193460983525,"Female",1
2.50952031322173,1.06107458945504,0.26947527316112,2.47998425882503,0.875342476664651,-0.685554251479024,-1.19448112118157,2.1196184798137,0.436654734686642,1.06730282776907,3.99864104076972,-0.0704169039193372,-0.481403865926618,0.966682280174424,0.497394294085969,0.902282139040376,0.470160810934624,0.796773072055689,0.0454362354537303,0.0812425034404477,-0.921809630416328,-0.901642662234144,-0.52139159844023,0.814202037138322,2.41054800945831,-3.5994340545506,-0.982211792504492,-1.37384493086054,1.73796788385652,1.41830874787886,0.798189564736554,-1.34638346023433,"Male",0
1.96215948836044,0.715597207187117,1.8394982600678,-0.663078847006373,0.313408166348726,-0.685554251479024,-0.792762399805834,0.199745103422161,0.283387854490788,2.18357808760881,0.0910310743836,-0.755486892689727,-0.481403865926618,-0.690900182020652,4.88483869443323,0.546492260358712,-0.68036958365596,-0.0404521639584347,-1.20605371077763,0.5393498365316,-0.228439557712163,-0.0527748991622544,0.0689324474404221,1.34496993551604,-0.570391265020455,-0.8830336560244,-0.081860698017423,-0.0357855312359434,-0.320289155862599,0.243254995219223,-0.92687737404013,-0.527196290448006,"Male",1
-0.117033974939063,1.06107458945504,0.539013382368807,-0.428318721626633,0.271770324102119,-0.120847738850271,0.412393764321387,-0.15718524003801,0.283387854490788,0.0474559654205325,0.0910310743836,0.401977566162666,-0.481403865926618,0.00924462765471738,-0.343790807897869,-0.692999912865587,-0.68036958365596,0.918396655323191,-0.10353733101577,-0.75310100649691,-0.273075866607682,1.46942350237988,0.530131117222264,1.27574338261994,1.29269578152877,-0.106919256445487,0.153013419732834,-0.655021284930572,1.21737417324445,0.963706186404012,0.496538241094607,0.422545934744986,"Male",0
-0.597504341297024,1.06107458945504,0.807688024123215,-0.311032006531816,1.86088773748873,-0.685554251479024,0.814112485697127,-0.782327482780234,0.283387854490788,-1.45238460915154,0.0910310743836,-0.36651205771962,0.228001134664095,0.250256014062218,-0.343790807897869,-0.692999912865587,-0.68036958365596,0.278585976120514,-0.0530556428766501,-0.742342042853998,0.379840110110085,2.67744428252769,0.946378533076819,0.313861546981716,0.920078372218926,-0.106919256445487,1.59413751762994,0.368998380571097,-0.646565915996253,-0.21435637256502,-0.955409644854917,-1.63773337141192,"Female",0
-0.582051031537803,1.75202935399087,-0.152273823556193,-1.63637725311449,-0.35140775222387,2.17555280479047,2.01926864982435,-0.515629162905283,0.283387854490788,0.406574980021638,0.0910310743836,-0.755486892689727,-0.481403865926618,-0.690900182020652,-0.343790807897869,-0.28870203662077,-0.68036958365596,1.61142599995249,0.807694209225755,-0.373463289382759,-1.15621077153229,0.0484116997841876,-0.547682791770845,1.03989567827049,-0.570391265020455,-0.106919256445487,0.0195522388055853,-0.455437242179124,3.66891579387026,0.963706186404012,2.25289454330113,-0.164579107370126,"Male",1
-1.02915755626574,-0.66631232188456,-0.869198479555768,-1.01917590917421,-1.05477534461431,-0.685554251479024,0.814112485697127,-0.490724277873606,-0.659363111713923,0.32848727146919,-0.368406358400282,-0.755486892689727,-0.481403865926618,-0.690900182020652,-0.343790807897869,1.40971002385422,1.21524480810112,0.803859485321927,0.648572904894432,-0.32426916321066,-0.69580661226852,0.132560376644831,-1.14110002652286,0.138215564080087,-0.570391265020455,1.05725234292288,-0.975765053162588,-0.151606177097675,-0.000251629633141461,0.765879525034619,-0.682377758783548,0.420731148288812,"Female",1
-1.00177385722764,0.715597207187117,1.73471555802787,0.433996124051117,0.729817946955718,-0.685554251479024,0.0106750429456468,-0.986950277540098,0.283387854490788,0.469738597128353,0.0910310743836,-0.755486892689727,0.0433338301006462,0.701421928827414,1.06935230084024,-0.0230041435551654,1.25245601522239,0.190816450812877,-0.0874344867495479,-1.02353994325974,0.470796147396079,1.16622041505505,1.39752359255139,0.45805714645489,0.54746096290908,-0.8830336560244,2.11601286608808,2.17691445681298,-0.874875562521641,-1.66114139573612,0.587694602910321,-1.21487709580448,"Male",0
-1.32326926906883,-0.66631232188456,-0.497725892004601,-1.46921558739292,-1.07467895948104,-0.685554251479024,-0.391043678430093,-0.719643059155341,-0.37653782185251,-0.608703045765343,-0.246662323389368,-0.123402785863295,-0.481403865926618,-0.690900182020652,-0.343790807897869,-0.692999912865587,-0.149597553963974,-0.351514350535411,-0.335726136942696,-0.345052901013196,0.682120393406262,-1.2259929568176,0.344766503378951,-0.626062204496014,-0.570391265020455,1.44530954271234,0.91787371296677,-0.45263059157793,1.0577719891274,-0.821121186487489,-0.20663116925582,-0.447067709410621,"Female",1
0.058350133545351,0.715597207187117,-1.26020206567116,-0.0337320078764628,-0.186791331657466,-0.138352196479582,-1.19448112118157,1.52706802320143,0.283387854490788,-0.520300753712668,0.0910310743836,0.247075259401749,-0.481403865926618,0.218767516795514,0.887237203803371,1.34978148786343,-0.68036958365596,0.272023357625705,0.518064853498431,-0.306563066879501,-0.0792207980811271,-0.83522790134883,-0.809109060983766,-0.801946526442719,0.920078372218926,-0.494976456234944,-0.891822660969678,-1.32339287791173,-0.22901981563867,0.72275811523209,1.08626925961905,-2.8085542563087,"Male",0
-0.370347773178647,0.370119824919198,0.203221022804601,-1.437638444344,-0.484706860194948,-0.685554251479024,1.21583120707287,0.257809349623411,0.283387854490788,0.528900258617761,0.0910310743836,-0.235520532318389,-0.481403865926618,1.82530147331659,-0.343790807897869,-0.692999912865587,-0.68036958365596,-0.108688599060154,-0.186155417074845,0.053070549463935,0.223860940790627,0.126413708606541,-0.24035951039897,0.0424049326453988,0.174843553599235,-0.106919256445487,0.486130297256095,0.735910180105882,1.10891263418262,-0.755301685769913,0.0314336222848827,0.368859262043977,"Male",0
0.610243045586612,-1.01178970415248,1.56638161259511,1.00655967094022,0.837104219080679,-0.685554251479024,-1.19448112118157,-0.889173107570743,-0.84892429794811,0.306586507248749,-0.287151821533974,-0.755486892689727,1.49656181936652,-0.690900182020652,-0.343790807897869,1.8325069280204,-0.225015563544887,-1.87291144359688,-1.75602537991531,0.878318024787339,1.11707520931731,0.266011835460013,1.48804718456345,0.317566485180426,-0.570391265020455,-0.106919256445487,0.317156360082363,0.0170365105005831,-1.08435272953164,-0.509897709746989,-1.1225487847269,-0.207471114449463,"Female",1
-2.07840675292806,1.75202935399087,-0.88777758057433,1.26514064236612,-0.51600511741843,-0.685554251479024,1.21583120707287,-1.29845688009257,-0.99260136865033,-0.504651876385983,-0.101916539839875,0.466669688485237,-0.481403865926618,-0.690900182020652,-0.343790807897869,-0.692999912865587,1.88529581666783,0.540949062916557,1.70886683750784,-0.865682393429316,-0.0744520377055373,0.549566475375295,1.44165399229052,-0.56560070932053,-0.570391265020455,1.8333667425018,-0.369264332290809,1.64532047669113,-0.797468955334524,-0.212859248512191,-0.727654491412144,1.53394251093531,"Female",1
-0.905659518676345,0.0246424426512784,-0.241316885327859,0.91893184313033,-0.117895912328167,-0.105161446832806,0.0106750429456468,-0.880742123084642,0.0915402810818842,-0.918366005173717,-0.708414870762936,-0.112348850767775,-0.481403865926618,-0.690900182020652,-0.343790807897869,-0.692999912865587,-0.68036958365596,-1.11128415336174,-0.866388683433939,0.150964714285344,1.132179929441,0.742505466262942,0.628952829373776,-0.590675224259483,-0.570391265020455,0.669195143133427,0.969508343191757,-0.114970345720767,-0.990632336730721,-0.796709499887934,-0.571182440059342,-0.999424856802675,"Male",1
0.670703001666066,2.78846150079463,-0.634537760319336,0.932414375344577,2.61551483962823,-0.636391566850167,0.412393764321387,3.77365449166568,1.03012129306877,-1.8896634321631,0.00456973310911959,2.74913785803108,0.431691679388145,1.73187814452934,5.80373150301123,-0.692999912865587,-0.259956094791033,0.0170378771250988,0.846732117937549,1.09612440294787,-0.953504732141693,0.36714621957141,0.466906579633829,-0.866060931726426,3.90101764669769,-3.98749125434005,1.30438451416475,0.832966677364891,-0.939966531774341,-0.213910334705896,0.332741653456995,-0.0224067081916832,"Male",0
0.287180225020454,0.0246424426512784,-0.218614585895549,-0.485718457383263,-0.619317165890745,-0.339338162543417,0.814112485697127,-0.0995216167749271,0.61490467777156,0.464596104765927,1.48967674699965,-0.755486892689727,-0.481403865926618,-0.690900182020652,-0.343790807897869,-0.692999912865587,-0.68036958365596,-1.02491271048777,-0.53763363270416,0.19132740919843,1.07076647192992,-0.252014720827614,0.0107344927808694,-0.812595335098159,-0.570391265020455,-0.106919256445487,-0.72047671831565,0.215691516963114,-0.411283682769668,-0.619804786508572,-0.393874252484984,-0.0170263448515389,"Female",1
0.920061320808508,0.0246424426512784,0.087224100538713,-1.29174907224307,0.00648663429424274,1.53745409695621,0.0106750429456468,-0.10573075716383,-0.41241516504745,0.607568409391955,-0.621460877704804,-0.422262981347954,-0.481403865926618,0.115362127638481,-0.343790807897869,-0.305020484673468,0.159072176647668,-0.171641488116106,-0.169243926681393,0.890141414238236,-0.393972580273129,-0.160009790983193,-0.386999469733237,0.284800455525011,-0.19777385571061,0.669195143133427,-0.36244466269932,0.328924757793832,0.922500292644008,0.142405576149359,-0.00815049244127223,2.10329952241252,"Female",0
-0.143578519851657,1.75202935399087,0.213407939851299,-0.822033062152632,0.81256197506171,2.20441437197401,0.814112485697127,0.0340758058205316,0.819232098159534,-0.84322771831119,0.408718456192436,-0.755486892689727,-0.481403865926618,0.178373746865826,-0.343790807897869,1.39850553040809,-0.68036958365596,1.309141502848,0.866334741464279,-2.33702465937198,0.401930118125639,1.62865818614165,0.367537228423088,0.213800344385729,0.54746096290908,-0.106919256445487,0.0789341674419538,-0.496382103525114,0.567142172035795,0.430824318500079,-0.108176976774051,1.40597027447886,"Male",0
-0.691226399210789,0.0246424426512784,1.67187486232553,-0.861623491472483,-1.82254775751794,0.814324262621673,0.814112485697127,0.00813208229538102,0.283387854490788,1.8295736712352,0.0910310743836,0.00778448159123222,-0.481403865926618,0.232498349985175,-0.343790807897869,1.0843850902485,-0.68036958365596,0.835999783126377,-1.17929311451716,-1.04640601534975,-0.0776171380244886,0.73052890802241,-1.44275027421976,1.70807378986719,0.174843553599235,1.8333667425018,0.705586776142695,-0.218195832870796,0.0877649660530306,-0.244106256187713,0.74704019631865,0.340444995467639,"Male",0
2.53117183498783,-1.3572670864204,-0.675119150887798,0.270208808059473,-0.16190628576846,-0.685554251479024,-0.391043678430093,0.838312786177271,0.899061954869371,0.0444505508651597,0.691030658805908,-0.755486892689727,2.52994797331561,-0.690900182020652,-0.343790807897869,0.74885832945656,-0.68036958365596,-2.07187868854277,-0.648202023240199,0.339325893770341,1.7642565679309,-1.14059817585711,0.168700369713951,-1.75158590248727,-0.570391265020455,-0.106919256445487,-1.88865325558725,-0.6676480304924,-0.61546515425415,-0.38076490527201,-0.856144205572725,0.5872231702682,"Male",1
2.36487229077262,1.06107458945504,1.78204088433794,-1.30599656808284,-0.53458258089259,-0.580952794821883,0.412393764321387,0.697739049676135,0.607339864354419,2.94629928085713,3.24121355070373,-0.212488465348912,0.508906470468461,-0.0339857901238909,-0.343790807897869,-0.692999912865587,-0.68036958365596,0.249037477240719,-1.75382140079753,1.63951508278274,-1.28698285183966,-1.69012583525097,-0.585436501371505,2.51634857602034,-0.19777385571061,-0.106919256445487,0.0108190407247758,-1.69567123669971,2.55677553730269,1.2589845082306,0.274683061007228,-1.95587131503022,"Female",0
1.20877610963841,1.40655197172296,0.156604742954531,-0.722377887070242,-0.0712947106720723,0.149890062475395,0.0106750429456468,5.08749567720429,-2.32104646941287,1.56841302839806,-0.182096963634228,-0.755486892689727,-0.481403865926618,3.71018994354676,-0.343790807897869,-0.692999912865587,-0.0694089739385783,0.604050783769398,0.743776888957015,1.24535161076151,-1.33098213047193,-1.20136306904548,0.209612395394463,0.84078905237946,3.155782828078,-0.106919256445487,-0.804888603896297,1.74967925893987,0.267373650811331,0.180720858927538,1.41409381837972,1.13040339197596,"Male",0
-0.825640087870379,1.75202935399087,0.305992614358504,-0.182608548555824,0.588307091957537,-0.359162984233506,1.21583120707287,-0.226507805328885,-0.285054181659558,-0.87800838400574,-0.194709626472974,-0.211026827590253,-0.481403865926618,-0.690900182020652,0.993274609925681,-0.059073902333651,-0.22317698742061,-0.312858349780892,-0.364576535058456,0.630370152880969,-0.0700693598036748,-0.506672793447318,0.668039790472364,0.0476700530562487,-0.570391265020455,-2.04720525539277,2.49537614639548,0.748379564806911,0.28087134344186,-1.27402766469773,0.340467500410126,1.9779296068533,"Female",1
0.685189568055616,-0.66631232188456,-0.899820950404544,-0.737022423640127,-0.642492934111209,-0.685554251479024,0.0106750429456468,-0.0779100103654025,-0.484525659799593,0.561117377908418,-0.540982257228194,-0.755486892689727,-0.481403865926618,-0.690900182020652,-0.343790807897869,-0.692999912865587,-0.68036958365596,1.92018222416311,1.67980014347369,-0.0554031732742051,-1.65525208288652,-1.26887384021562,-0.0495797511390366,0.847424160105585,-0.570391265020455,1.05725234292288,-1.66365107542289,-1.03259800580854,0.441545001955689,2.08482281519165,-0.262148561934099,0.82266276175725,"Male",1
-0.758520589797673,-0.66631232188456,-1.11352670441302,1.57339911560209,-1.06210698850454,-0.125978979280661,0.412393764321387,-0.340135277842773,0.283387854490788,0.461001008239838,0.0910310743836,0.902438633412389,-0.481403865926618,-0.690900182020652,-0.343790807897869,-0.692999912865587,-0.68036958365596,1.48256269491025,1.01970205181663,-1.05936611909547,-0.653975191331218,0.463958304545173,0.282642969468961,0.405813325593273,-0.570391265020455,1.44530954271234,-1.57849498548363,-1.13516814187771,-1.12854911078802,1.87639856345355,-0.607946815215621,-0.803972877796863,"Male",1
0.357762314526988,0.370119824919198,-0.771049534527639,-1.22628623161653,-1.73080368162638,-0.685554251479024,0.412393764321387,2.75898478133464,-0.367386310162074,1.7020552267446,-1.04811997290676,-0.755486892689727,0.655393053355876,1.94839762517631,-0.343790807897869,0.0327428079745201,-0.156958028952007,0.966705526941028,-0.0762122652718916,1.34843743890184,-1.85253241569693,-0.87724875750352,-0.7190565000353,1.90973958205642,1.29269578152877,1.8333667425018,-1.27105233977593,-1.95477776673181,0.375924881004386,2.47537493917932,0.898365746615036,-1.19748338877159,"Male",0
1.37006999354078,0.0246424426512784,-0.0584698860481866,-0.572148939719228,0.739338954673229,-0.399169680825493,-0.792762399805834,0.210264902495564,-0.460190372374898,-0.504117586500422,-0.240230585838566,-0.399383170534009,-0.481403865926618,-0.690900182020652,-0.343790807897869,0.550856669419354,-0.68036958365596,0.245783463126481,0.268100505311065,-0.825567064433822,0.418323204526427,0.129498848006042,-1.10540937944584,-0.734903013479465,-0.570391265020455,-0.106919256445487,-0.168303772024229,-0.312425436897716,0.0785541194389532,-0.269241017019037,-0.604622673140059,1.96193854619524,"Female",1
-0.0479714163786863,1.06107458945504,0.77420745599522,0.184654523079315,1.40958536651255,-0.568500240457938,1.21583120707287,-0.808585042055243,0.0595063634440331,-1.07408423207454,-0.437964914152677,2.99714602353398,-0.481403865926618,0.217079821621443,-0.343790807897869,-0.692999912865587,-0.0501393443185482,-0.243594816416868,-0.625476504236743,0.57253562703517,-0.329381991093408,-0.0565784770527978,0.84843232500176,0.487452639668012,0.174843553599235,-0.106919256445487,1.69731899078223,-0.0033182881911444,-0.2130571565608,-0.239514066359498,0.0844108585349245,0.818577709143726,"Male",0
0.490931633184035,1.06107458945504,-1.16675030905599,0.630000234944575,1.0110662090975,-0.476116805750713,0.412393764321387,1.85747212705115,0.887957612377575,-1.26157684522705,0.217341830270479,0.257874400819571,0.627485714155036,0.78024577578423,0.153924425289949,-0.221048985185004,1.70225435724593,0.255441325477511,1.90420621834019,-0.106123217838341,-0.373645989699266,-0.590984981874162,0.0292007776594843,-1.69462156964616,2.03793060014846,-2.04720525539277,-0.975113014113311,1.31992081345815,-0.911467016486378,-0.1620841321568,0.089438575156194,1.43611484573305,"Male",0
-0.112914166651974,-0.66631232188456,1.06893076698109,-0.702568947308385,0.132490475359565,0.45489673991137,-2.39963728530879,-0.647681201275733,0.283387854490788,0.36085942810353,0.0910310743836,-0.755486892689727,1.15629025308412,-0.147724574958401,-0.343790807897869,0.352520677201511,-0.68036958365596,-0.416074426994784,-0.842138222593764,0.462387239021321,0.136262599445318,0.654872113283437,-0.572213943181949,0.596168549375339,0.54746096290908,-0.106919256445487,1.00973495712236,0.504382577179404,0.842672311345935,-0.7043044559579,-0.50496089474679,0.854836509473056,"Male",0
-0.131953456465201,-0.66631232188456,-1.0020516927801,0.801205827864638,-0.869267447235587,0.070794742811071,-0.391043678430093,-0.528551410623203,-0.207149233615728,0.0366006360996626,-0.65843901622253,-0.755486892689727,-0.481403865926618,-0.690900182020652,-0.343790807897869,-0.692999912865587,1.16079084454388,0.3372059921025,0.851004776491768,0.338810926980034,-0.550586963973979,-1.28062962746417,-0.713454148082179,-0.254292172801147,-1.68824349294999,1.05725234292288,-1.12971942439262,-0.329953507983089,-0.765819626243735,0.443566392488217,0.102069937284939,-0.205992391590745,"Female",0
-1.33102238714729,3.13393888306255,-1.79903366127321,-0.137321350003951,0.0216815894833639,-0.685554251479024,2.01926864982435,0.384827741503248,0.283387854490788,-1.48990197419843,0.0910310743836,-0.560812288084872,-0.481403865926618,-0.690900182020652,0.134284074413416,-0.692999912865587,0.463932001050527,0.349148983425752,1.86002597649143,1.594225864024,-1.391818649142,-1.159725889503,-0.242912993279473,-1.01847664214311,-0.570391265020455,-2.82331965497168,-0.953155301035982,0.506369593293938,-0.572875042783146,0.817540408896064,2.45020802636767,-0.364380040013466,"Female",1
1.82057739817378,2.44298411852671,1.46382293158758,-0.0296376181614331,0.493777162285525,-0.685554251479024,0.814112485697127,1.37406693150747,0.579443113750361,1.42465996614155,2.38482370781043,-0.358495893309051,0.966645595534297,4.11185960171925,-0.343790807897869,-0.692999912865587,-0.513689456569185,0.796373293159343,0.184167501554636,-1.49302297619385,0.34741730108901,0.216820014205992,0.547880482548414,0.657771478191052,2.78316541876815,-0.106919256445487,-0.651036169115234,0.0474401177466351,-0.6040054376698,0.190561523336081,1.94034314935721,0.713728025396645,"Male",0
-1.05537929554725,0.715597207187117,-1.0003500714155,-1.15589339665001,-1.11494912374316,0.680075877100314,0.814112485697127,0.335554402355752,0.283387854490788,0.00431345112706731,0.0910310743836,0.385116006846692,-0.481403865926618,-0.230936627544056,-0.343790807897869,-0.692999912865587,0.437045215695581,-0.0498074176900732,-0.151529825019959,0.898142783859604,-0.584528742136056,0.166881724016513,-0.76523823601322,0.292163652617184,0.54746096290908,-0.106919256445487,-0.355854370092569,-0.468473981813735,0.916523924190179,0.58011251206706,0.538501454963854,0.433381277409794,"Female",0
0.169078600202145,1.06107458945504,0.525096085995255,-0.477216353966923,-1.53389817405034,-0.685554251479024,1.21583120707287,0.734908601153142,0.283387854490788,2.21797948139184,0.0910310743836,-0.0482599200168154,-0.481403865926618,-0.690900182020652,-0.343790807897869,-0.281280484696685,-0.68036958365596,1.93758430453105,-0.100167391887657,-1.03534914362263,-1.0705342361894,-0.489144029941059,-1.20070544920012,1.85838490076134,-0.570391265020455,-0.106919256445487,-0.19988874137287,-1.67160888730182,0.445114455691926,1.32552851271554,1.66378740501796,-0.13039828666172,"Female",1
-1.60592995130668,-0.66631232188456,-0.786327499123204,1.0911386873059,-1.34095856001092,-0.685554251479024,0.0106750429456468,-0.96215754292344,-0.95156077960193,0.111891376124477,-0.220347279490499,-0.164063167004183,-0.481403865926618,-0.690900182020652,-0.343790807897869,0.684213612939184,-0.183740783944166,-0.612855095983123,-0.890873354820947,1.36972701002243,-0.352593258028538,0.431283214879844,-0.776015635024251,0.417970692712015,-0.570391265020455,1.44530954271234,0.344351680766139,-0.33492816373417,-1.09694475100484,0.202156910375042,-1.02820437249808,-0.0602037606561963,"Female",1
-0.720035679329316,0.0246424426512784,1.29429395118738,-0.599253813540278,1.17501999875783,-0.275865212905223,0.0106750429456468,-0.458668797528616,0.283387854490788,0.120313541431308,0.0910310743836,-0.755486892689727,-0.481403865926618,-0.690900182020652,3.14196219365621,-0.692999912865587,-0.68036958365596,0.163284472863911,-0.432429200702135,-0.236576374763114,0.201323251075296,2.76615176496527,1.0647641160595,0.974170238394426,-0.570391265020455,-2.04720525539277,1.70823129287353,1.43273284648262,0.569597235591978,-0.619804786508572,-0.066184726275856,-1.10467013590227,"Female",1
-1.16962924341474,0.0246424426512784,-0.319035584918912,-1.2497498535019,-0.732586339399733,-0.685554251479024,0.0106750429456468,-0.564599995763034,0.701807146010211,0.00173818439807645,0.950983288259844,-0.755486892689727,-0.481403865926618,-0.690900182020652,-0.343790807897869,-0.692999912865587,-0.68036958365596,0.318498930676853,0.0337841829702696,-0.476111519486477,0.216582513079398,0.451226867289997,-0.186083832847728,0.042028142648359,-0.570391265020455,-0.106919256445487,0.288429779194813,-0.109279342788432,0.583505332734735,-0.124319207440554,-0.182320597236353,-0.309019428301732,"Female",1
-0.255622521489712,0.0246424426512784,-0.635500675709844,-0.284077735804612,0.607691724560427,0.484985858731837,0.0106750429456468,-0.811185701120207,-0.487328263866347,-1.57753614619089,0.0839335984671039,-0.755486892689727,-0.481403865926618,-0.690900182020652,-0.343790807897869,1.02600383102214,-0.68036958365596,0.468145863729466,1.29599100946046,-1.55726061569328,0.70856884363684,-0.0181696282356735,1.18106562480334,-1.1173295130707,-0.570391265020455,-0.106919256445487,-0.0566612800017515,-0.177367138820123,-0.253490363539284,-0.106828691008215,0.550878292519949,1.04662932793148,"Female",1
0.893627125887374,-0.66631232188456,0.6812058778619,-0.760562681103602,-0.508258613491609,0.284230212432659,-0.391043678430093,-0.125025964168887,0.283387854490788,1.17412494054819,0.0910310743836,-0.194413621720374,2.58842082456303,-0.690900182020652,-0.343790807897869,1.92007651334931,-0.68036958365596,-1.29217905807124,-1.56317995826279,1.10587395985226,0.329834848266108,0.113567009652731,0.601189469666662,0.921455995738441,-0.570391265020455,-0.106919256445487,-0.560684590964281,-0.399520492337525,0.368839357305694,0.379289086038414,0.57642596426045,0.636582793884766,"Female",1
0.0982829541991823,0.0246424426512784,-0.823030656532995,-1.00762181243754,-0.72129942109396,0.709603015015542,0.814112485697127,0.69298825364915,-0.944380845682788,-0.154307936909074,-0.17352011557496,1.00846875426775,0.590952530315154,-0.690900182020652,-0.343790807897869,-0.692999912865587,0.307113262282603,-0.696335224027719,-0.335726136942696,-0.50914776110532,0.953907890649609,-1.00483311183535,-0.932162602091022,-1.3648859905413,-0.570391265020455,-0.106919256445487,-0.532357270475862,-0.214369888216252,0.822720858243223,-0.892199069778142,-0.248833046908886,-0.324783127907786,"Female",1
-0.0521425650452108,0.715597207187117,-0.0401847417127731,0.797589053202098,1.68306974576401,-0.685554251479024,0.814112485697127,-0.058164492993221,0.913200608531513,-1.80349992788683,0.0192151328877952,0.0890513711284623,0.288722648284597,-0.690900182020652,1.73019584229609,-0.692999912865587,-0.68036958365596,0.873901820802279,0.949273864787612,-1.71502230708501,0.436750727120866,1.34465088309265,0.753295034661849,-0.539605978142745,-0.570391265020455,-2.04720525539277,0.670906885387366,-0.326270116390085,-0.970782510127583,0.10155669225437,-0.0684080921863498,-0.281018119790982,"Male",1
0.770531531339237,-0.66631232188456,-0.840876288207369,-0.931160049169528,0.0176537482753831,0.337029588801185,-0.792762399805834,0.0034824682656661,-0.353404354871759,-0.0268831111538931,-0.463935951855718,-0.755486892689727,-0.481403865926618,-0.690900182020652,-0.343790807897869,-0.692999912865587,0.664066164376512,0.546106611785659,0.609616478436497,0.437846921514292,-0.777946304779185,-0.815487606558721,-0.334511948889063,-0.0183793466448134,-0.570391265020455,0.669195143133427,-1.06968379438544,-1.00995438470492,0.914467445756246,1.24994119746448,-0.577804594590597,-0.172253010861645,"Female",1
-0.101735057503033,-0.66631232188456,-0.0433413006186181,-0.820314812507655,-0.600532809397744,0.151257401778103,0.0106750429456468,0.99955642296356,0.283387854490788,0.197993841149652,0.0910310743836,-0.755486892689727,-0.481403865926618,1.1352237805282,-0.343790807897869,-0.692999912865587,0.58714571113086,0.999516937433245,0.441266141522432,-1.46659922974562,0.119219311486049,-0.947793677189179,-0.291836963036229,-0.0828856145940394,0.174843553599235,0.669195143133427,0.10134701107163,-0.768218204700053,0.471689943380667,-0.00793404573140352,-1.07620885667981,-0.975549770340267,"Male",0
1.73571587981544,0.0246424426512784,-0.737818201398115,0.816422745652156,-0.544721281119633,0.465061771749524,0.0106750429456468,0.609448607418077,0.283387854490788,0.0865023113239365,0.0910310743836,-0.755486892689727,-0.481403865926618,-0.690900182020652,-0.343790807897869,0.392269731893006,0.885041010827309,-1.09548335898449,-0.914310519958072,-0.466738333631276,1.37614029334589,-1.33292425145142,-0.881008360873629,-1.37451263576986,-1.31562608364015,1.05725234292288,-1.05763171082698,-1.56464625396829,-0.382668233190269,-0.268955928564586,-0.0712607125998136,0.813107083129127,"Female",0
-0.322690639926724,0.715597207187117,-0.712474811060166,1.49248953839177,0.539144972963947,-0.222379564531524,0.814112485697127,0.0436402354234201,-0.311474727001758,-1.17206676073263,-0.0711030646083145,-0.18572093724055,-0.481403865926618,-0.00160268629797942,2.45463061588499,-0.692999912865587,-0.68036958365596,1.89894024812712,2.01919776784698,-1.77634988672453,-0.472980648909531,-0.521994446328171,-0.233259749054739,-0.69025037389651,0.174843553599235,-0.8830336560244,-0.250424692330695,-0.263302462995157,-0.518904276381294,0.419513683036871,-0.119058689527736,1.13040339197596,"Female",0
1.13376712161172,-0.66631232188456,-0.619677421170298,-1.10347218015318,-0.822662768383559,0.346255179003142,0.0106750429456468,1.50574538906131,-0.665541034166113,0.630111238905165,-0.436734616110925,-0.755486892689727,-0.481403865926618,1.23335101835849,-0.343790807897869,-0.692999912865587,-0.235161065958889,0.0204285086437868,0.0696324898689223,-0.224640695304003,0.290767987687939,-0.766826857691403,-0.614849025960242,-0.362992758499552,0.174843553599235,-0.106919256445487,-1.43724957859466,-0.717276857898916,1.35526292550326,0.40104901822188,-0.708923254309451,0.240933411438119,"Female",0
-0.883137510105429,0.0246424426512784,0.520993075195257,-1.07056560008671,-0.689437030467062,0.448969239956118,0.814112485697127,-0.390477064192488,-0.258784716574307,0.25656469471575,-0.678091972933153,0.80240975057952,0.465683683000632,-0.0626572783453212,-0.343790807897869,-0.0883695844635044,-0.0262731157428699,-0.351381247331913,-0.819241455739884,-0.823252290620092,0.847015666229132,0.997290909204537,-0.0436782290553033,0.24613668672883,0.174843553599235,-0.106919256445487,0.741456872705944,0.104499760944488,1.40935506384117,-0.732573921751752,0.124143785722456,0.294033731046098,"Male",0
1.58303109300044,1.40655197172296,0.310509446710779,-0.813748644221495,0.588319396390947,-0.685554251479024,0.814112485697127,1.34827488336268,-0.351728585899749,0.387786438718946,-0.611895720106316,0.461156200149108,0.628041548531023,0.0450415051418818,-0.343790807897869,0.015281328976856,1.61831228929579,-0.215083566949018,-0.229813257587122,0.329324696632278,-0.24071849510609,-1.29749576384194,-0.513047099155145,0.153113766196578,2.78316541876815,-0.106919256445487,-0.783284498529797,-0.892421251571773,-0.0369359132630087,0.392969447151595,0.302830972236214,-0.418666129190608,"Male",0
-0.553076619854512,0.370119824919198,-1.66509107904444,0.254516426949873,-0.49947055753115,-0.158811201884137,0.814112485697127,0.968325730358139,0.283387854490788,-0.981718194921349,0.0910310743836,1.5605464758346,0.222585829316052,-0.223914283200923,-0.343790807897869,-0.0188486354439753,0.454104983624605,0.146343449354965,0.833076796536506,1.16034019928735,-1.13602643596445,-1.5483123278406,-0.748948732164491,-0.594298327769781,1.29269578152877,-0.106919256445487,-1.04083855028043,-0.8092799439274,-0.0670253137686418,0.96725579902959,1.62702432986838,0.108373967636099,"Female",0
1.07518178372828,0.0246424426512784,-0.141927492780771,-1.39683103171034,0.152070372151398,2.44547706007941,0.0106750429456468,0.457251023797418,-0.420532866942059,0.397063818988835,-0.546145764839402,-0.755486892689727,-0.481403865926618,-0.690900182020652,-0.343790807897869,-0.692999912865587,-0.114212751984514,0.844346944527184,0.235896417724198,-0.446893216245628,-0.375991455395855,-0.0442326971497479,-0.714153364700946,0.47915264273708,-0.570391265020455,-0.106919256445487,-0.409191804923198,-1.30034302316026,2.2984330057509,0.902879256968323,-0.620794319088582,-0.0260763249358106,"Female",1
-1.56198272876751,1.40655197172296,0.728253735035227,0.783922125937454,0.238176710019933,-0.235209048771945,0.814112485697127,-1.31975695618593,0.0236917490226328,0.131168481289654,-1.40634056344936,0.405298841510886,0.577105747580315,0.0112536514988397,-0.343790807897869,2.01005331999085,-0.193003587956014,-0.916365198183797,-0.375267561865854,0.368497247833013,0.46473024090887,1.20318616574705,2.01760370403259,0.399350908781949,0.174843553599235,-0.106919256445487,0.794290085800493,1.95331593949261,0.137946105460014,-0.863474565014422,-0.117957162401254,0.600446128195359,"Male",0
-0.756854163777331,-1.70274446868832,-1.20748022509423,-0.80509133953847,-0.90654199812665,0.0928549218111983,-0.391043678430093,0.0913649146336026,0.283387854490788,-0.0832420000562444,0.0910310743836,-0.755486892689727,-0.481403865926618,-0.690900182020652,-0.343790807897869,-0.692999912865587,0.735022495522665,0.685359604721175,0.838141609248249,0.164148675148959,-0.729829501297529,-0.287685454506216,0.102881254325168,0.100473452051638,-0.570391265020455,-0.106919256445487,-1.22304434221041,-0.622173077894397,-0.100213572685901,1.30795225571378,0.155506703465278,-2.54221020582587,"Female",1
1.55240936130814,0.0246424426512784,0.875663723049751,0.899436174361482,-0.222978649321451,-0.47782459811766,0.412393764321387,-0.0741824097621006,0.94064343005834,1.28537668662436,1.0767018580317,1.00718774072602,-0.481403865926618,-0.690900182020652,-0.343790807897869,1.35931828245134,-0.68036958365596,0.769167935309451,-0.515859294925962,-1.86663532638912,0.463862448426064,0.478739892727108,-1.2700854171377,0.393735418390341,-0.570391265020455,0.669195143133427,-0.747086293138432,-1.28008024234933,-0.622319433015976,0.362654333214244,-0.522480265595301,-1.42089764937866,"Female",1
2.32978171761711,0.370119824919198,2.94688262174811,1.71891626615439,2.10578580536969,-0.405240698770634,-0.792762399805834,-0.322352028125635,1.11675887434025,-0.207520359390348,0.466455824739541,-0.755486892689727,-0.481403865926618,-0.0149316433975928,-0.343790807897869,-0.0424377224992416,0.258011905302241,-1.72694770223213,-1.50310842597237,-2.08083948936706,3.22058506131911,1.17616952296868,0.733653837493041,-1.46061119823006,-0.19777385571061,-0.106919256445487,1.51608250774238,0.810708487596306,-0.833842886362023,-2.85238445076496,-1.14112920671604,-0.054947216935966,"Male",0
-0.853893798404293,0.0246424426512784,0.445659824832649,-1.17429768258624,-0.333581856928984,1.2624011772115,0.814112485697127,-0.864802185753087,0.283387854490788,-0.266410259382101,0.0910310743836,-0.755486892689727,-0.481403865926618,0.0574197292378913,-0.343790807897869,-0.692999912865587,-0.68036958365596,-0.588378217378429,-0.700950246248217,0.355015845243817,0.526208163406363,0.74345237099442,0.0614574807869049,0.135618629766203,0.174843553599235,1.05725234292288,1.37742792365253,0.562624480479649,3.04391385005601,-0.995908819830318,-0.555391148484811,1.69370139967289,"Female",0
-1.72437076162604,-0.320834939616641,-0.463592049714052,1.16740426244686,-0.406653415893588,1.47994495241107,1.21583120707287,-1.44643353035597,0.0436419134162145,-0.450405412788539,-0.986654129592556,1.38773868807274,-0.481403865926618,-0.690900182020652,-0.343790807897869,0.55470081779729,-0.68036958365596,0.838487347782246,0.560645087617738,1.24036089950681,-1.75907822371146,0.870461768679631,-1.14872806969706,0.974415801107752,-1.31562608364015,-0.106919256445487,0.991178361044556,1.33791129560344,-0.33796691820396,0.16364446663033,0.442007203222707,-1.0561333237874,"Male",0
0.0882622885509131,0.715597207187117,-1.10998036073179,0.458543022520275,0.117724488936911,-0.269840374102667,0.814112485697127,0.868772456097834,-0.389147866623399,-1.17946911268988,-0.049908095270882,-0.111324745605481,0.693406963077097,0.478051781266986,-0.343790807897869,-0.317994319055706,-0.409912498462607,-0.996753748169606,0.151895469062958,0.941619325558509,0.360636598027078,-1.11211676657324,0.057688256625096,-1.31557693586926,1.29269578152877,-0.106919256445487,-0.460565327573515,-0.147639239942213,-0.812759263232427,-0.228129567093887,0.872131907062331,0.565795942587422,"Male",0
0.0756952442613181,-1.01178970415248,-0.140308062315761,-1.08482548849979,-1.26421142583059,0.815596424211241,0.0106750429456468,-0.0603486996756261,0.283387854490788,1.71567743350045,0.0910310743836,0.479730903856577,1.77136315885001,-0.690900182020652,-0.343790807897869,0.0260947830508019,-0.161752638613412,1.47924096130313,0.267376176732572,0.129720651460787,-1.65026552205173,-0.749192589952958,-1.35950895369465,1.66849974758473,-0.570391265020455,0.669195143133427,-0.946258444545791,-1.28851017787754,1.8342690539964,1.71384486321233,-0.0783049385187755,1.03193212371315,"Male",1
1.17398178275521,0.370119824919198,0.372994036279574,-1.18004315605272,0.116840142229885,1.20092085637243,0.0106750429456468,0.31562501313564,-0.37782926153224,0.780898227171051,-0.717546020902896,-0.755486892689727,-0.481403865926618,0.649925083631666,1.01708536394171,-0.692999912865587,-0.68036958365596,0.6413279710048,0.226388019065355,0.361451829904548,-0.688815607673519,-1.2603848275058,-0.559818058150951,0.435240815591651,0.54746096290908,-0.8830336560244,-0.132305560383038,-0.111223119132443,0.615896741889402,0.198497491861519,-0.609304572901433,-0.0621930792069596,"Male",0
0.411790124193519,0.715597207187117,0.394286115535699,1.16954100849248,-0.296274318627971,-0.376678745957415,0.814112485697127,1.39391025343979,-0.078339134940273,1.09853937906478,-1.58403305652132,-0.755486892689727,-0.481403865926618,1.36294187657747,-0.343790807897869,-0.692999912865587,-0.0694089739385783,1.26048897126997,0.244414945003408,-0.42930927692492,-0.802281121100306,0.60847757317287,-0.780357608726536,1.22092543252212,2.03793060014846,-0.106919256445487,-0.31551093732179,-0.146129837795132,-1.01048726774416,0.77058186082783,0.11667983188638,0.332232302586461,"Female",0
-0.170086680582264,-0.66631232188456,-0.824300871920344,-0.64938924430856,0.104978471685439,1.28095313367522,0.0106750429456468,-0.693391604463486,-0.163545936895149,-1.20493860526074,-0.108264431693281,-0.755486892689727,-0.481403865926618,-0.690900182020652,-0.343790807897869,1.6329607084936,-0.68036958365596,-1.5151173447678,-1.46233672748989,1.70702047029284,0.328660379604913,-0.242601610551316,-0.812898289417553,-0.419761956340508,-2.06086090225984,1.05725234292288,1.14563095287924,-1.70222150924374,0.808331319856245,-0.055847733368981,-0.491236719413899,-1.4614687974369,"Female",0
-0.755263426456586,0.0246424426512784,-0.743578299140566,-1.64183389276592,-0.918359998425635,0.331604740842138,0.0106750429456468,0.488565506384501,-0.727024664312342,0.605181817041015,-0.399084150445916,-0.755486892689727,0.401109531937418,-0.105492021777725,-0.343790807897869,-0.692999912865587,-0.68036958365596,0.943833925624849,0.177093140569471,0.472523655654543,-1.10359291378844,0.250084990372108,-0.597698669569044,1.09215196020585,0.920078372218926,0.28113794334397,-0.570067604624048,-1.29292626367684,3.33747974354829,1.62190893226492,1.47706535681727,-0.116899339352965,"Female",0
0.764931125693319,0.715597207187117,-0.941228013460369,-0.097423995766592,-0.545992486630957,1.89817807938057,1.61754992844861,0.815722983329511,0.283387854490788,-0.0745638655276056,0.0910310743836,-0.755486892689727,-0.481403865926618,-0.690900182020652,-0.343790807897869,-0.692999912865587,-0.68036958365596,0.611297179345704,0.801686089180207,-0.895821952780426,0.222811391514669,-1.33105441460536,-0.480714902122058,-0.799046884626406,-0.570391265020455,-0.106919256445487,-1.3531913364461,-1.13426058758495,0.258139318198355,0.551490631550578,0.582849891281754,0.182594254327708,"Male",1
-0.439881308624401,0.370119824919198,-0.887420739986768,-0.328475258109327,-1.12081839046879,-0.0443018432765522,1.21583120707287,0.103046602763845,-0.973613433782158,0.453580973637573,-0.275876302007445,-0.153502029045521,-0.481403865926618,-0.690900182020652,-0.343790807897869,-0.692999912865587,-0.68036958365596,1.6185461644521,1.19540570591506,0.489760567388703,-1.78939947391518,0.0601041988601649,0.625046236409524,1.49064124509952,-0.570391265020455,1.8333667425018,-0.780544561809046,-0.359209221566817,-0.613439851368619,1.95983393183598,0.22386985342017,-1.71816635930226,"Male",1
0.313370785228538,1.75202935399087,-0.254124279364635,0.552193584736816,-0.69538314233528,-0.156923233964442,-0.792762399805834,2.10091646941283,-0.715081253924598,0.769532003657081,-0.441879466899108,2.59171972501997,-0.481403865926618,1.62305358612638,-0.343790807897869,-0.692999912865587,1.72880842345659,-0.715033044541444,-1.13929887716592,1.03809747962585,-0.33024152802068,-0.135167769637506,-0.856272861702126,0.407451552368138,1.66531319083862,-0.106919256445487,-0.205190237410111,-0.266941201802753,-0.703287258247774,0.0309148901909562,-0.215793480215312,0.506752026311497,"Male",0
-0.251929402195395,0.715597207187117,0.9366131969146,1.39901938518495,-0.607886272152396,-0.0599546631646477,2.01926864982435,-0.341693624715037,0.421298852975586,0.900502515799609,4.16236180549518,0.631486233146548,0.36177464906118,0.427731182466412,-0.343790807897869,-0.154706169065336,-0.68036958365596,0.0543477405221667,-0.822188596730648,-0.842615584005931,0.54709812808829,1.54632531757918,-0.416826480784675,0.703592402266258,0.54746096290908,-0.106919256445487,0.179419667673437,0.391483387233602,-0.560779754783293,-0.385545702896742,0.359116096503891,0.251712490193123,"Male",0
-0.674499968430954,0.0246424426512784,-0.837819898315664,-0.954751154387242,0.152299502612043,-0.685554251479024,-0.792762399805834,-0.557897601040146,-0.246539915722146,-0.672399294467687,-0.302533253476083,0.513439796045885,-0.481403865926618,-0.690900182020652,-0.343790807897869,-0.397512443715522,-0.467261616903861,-0.723201789703299,1.12048206492202,0.134759374642736,0.670018148688917,-0.195537924013704,0.498638299201119,-1.95524041772377,-0.570391265020455,-0.106919256445487,-0.368711789585178,2.31332181513757,0.183765444144799,-1.46484225875953,0.649973185982889,-0.732065652423352,"Male",1
1.68764288899556,-0.320834939616641,0.753916202584314,-1.07179905786757,1.22212219050211,1.22632792853205,-2.39963728530879,1.45683205936976,0.283387854490788,0.518704967702996,0.0910310743836,-0.755486892689727,-0.481403865926618,4.87047734028727,-0.343790807897869,3.05364688347153,-0.68036958365596,1.88247771669923,1.69650339994123,-1.30393898599388,-1.00201261352958,-0.748770222226801,0.68926973687979,0.712924997240566,1.66531319083862,-0.106919256445487,0.0855245271048494,0.769396420183609,1.92210772500691,0.298597302651443,0.859315178599094,-0.567412365541174,"Male",0
0.960484969008566,1.06107458945504,-0.46751691138922,1.11491405874051,1.33356924787648,-0.523032979978673,0.412393764321387,0.932144378425452,0.921189776658874,-0.842689071197386,0.358123110514905,0.527389941461164,-0.481403865926618,0.343774705850577,2.80665191549402,-0.692999912865587,0.396884430095211,0.478642450427949,0.849039728778104,-0.75521315580766,0.0475899165153849,0.166107740143437,-0.0866722318959813,-0.906873891084007,0.54746096290908,-2.04720525539277,-0.432201866877991,-0.0976206073942825,-0.953213242926997,0.184996504969702,1.00510594341065,0.72587277640982,"Male",0
-0.7141555728346,1.06107458945504,-0.463630450145451,-1.37608733735911,0.575428525043568,0.573282655972656,0.412393764321387,-0.707290127617132,0.448918888337431,-1.36791706679086,0.40821343115328,2.57400963709559,0.530641676754245,-0.690900182020652,-0.343790807897869,-0.692999912865587,0.717548519236511,-0.73682183267397,-0.507952215288838,1.07478429812678,-0.280671361359033,-0.0555871467383903,0.857625168153706,-0.158828836143822,-0.570391265020455,-0.106919256445487,1.55353198501876,0.275275803230507,1.4391890494899,-0.418965380119829,0.175750921034996,0.229573641571736,"Male",1
-0.453775442927037,-1.01178970415248,-0.752112561604565,-0.838125543983864,-0.0512267099831862,0.0948058219948832,0.412393764321387,-0.715010499085549,0.283387854490788,-0.531507094526495,0.0910310743836,0.933589634946652,0.288722648284597,0.330814268841756,-0.343790807897869,-0.692999912865587,0.0288039006924071,1.01244030334178,1.05156242213928,1.00638903941836,-1.74526002647223,-0.0784550054211502,0.537837053597939,0.828250107063689,0.174843553599235,-0.106919256445487,0.244872465843378,0.11060643648026,1.9136983985617,1.22639154049489,-0.432117194902983,-0.542116179578734,"Female",0
-0.288725885382893,1.06107458945504,-1.06027095740772,1.06568247506291,-0.0310365190220873,-0.00643007942875895,0.0106750429456468,2.05005643706795,-0.260180270167784,-0.885668577361978,-0.204623249062616,-0.755486892689727,-0.481403865926618,2.45839983061188,-0.343790807897869,-0.692999912865587,-0.68036958365596,0.796519965690123,1.5836077304234,0.242602604331507,-0.758203802572684,-1.43601795863936,0.824282477586382,-0.433866449324114,2.03793060014846,-0.106919256445487,-0.595290281725803,-0.0375180175245435,-0.931623554688386,0.669072410969643,1.40606209498273,0.24416197761067,"Male",0
1.46598549765383,1.06107458945504,-0.208952084271308,-0.820549918277492,0.522977612706152,0.513535617517468,2.01926864982435,0.347807751764892,0.0726681973181431,0.334580168079762,-1.97096060774145,-0.755486892689727,1.23636377229072,-0.121166512680624,-0.343790807897869,-0.144679743103976,-0.68036958365596,0.662545963563607,0.537678523127501,1.15206578599341,-1.37844280832782,-0.974020061489044,-0.750897645711001,0.687760926356955,0.54746096290908,-0.106919256445487,-0.442677510417196,-0.522584842126935,0.196102892620769,1.05055247440232,-0.105304919928063,0.56521934184254,"Male",0
1.34422711958352,0.0246424426512784,-0.331628827064477,1.0773078221925,0.196102479962155,1.16144163512994,0.412393764321387,0.565712717602474,0.283387854490788,0.109696399684254,0.0910310743836,1.79195535144702,1.37698706761077,1.15822282287768,-0.343790807897869,-0.0997920717758747,-0.68036958365596,-1.01412120808855,-0.466855816179886,0.691490213901993,0.380156540777279,-0.736366228979303,0.247484358713319,-0.619241054526136,0.174843553599235,-0.106919256445487,-0.793001956723294,-0.0684603733934091,0.228255220283222,-0.0444833595021886,-0.209162388903313,0.0973320457989491,"Male",0
-0.0628074812825117,0.0246424426512784,1.18585378543778,-1.6014713471821,-1.03582972934912,-0.685554251479024,-0.792762399805834,-0.0574561922938619,-0.350774957610879,1.62172052391085,-1.04953554168662,-0.148078741985649,0.626375714575409,-0.690900182020652,-0.343790807897869,0.367826721875938,-0.425343983803955,1.24489789228757,-0.749545553931279,-1.08056628880298,-0.467454789506267,-0.0573923056555042,-1.13487389398608,1.6923858679543,-0.570391265020455,-0.106919256445487,0.78669101442259,-1.34922013633258,1.87060869419281,0.45300332913119,1.72081882270288,-0.156370944774767,"Male",1
0.566418627724905,-0.66631232188456,-1.96956593205513,0.169929857888634,0.834925371911755,0.218587075028676,0.0106750429456468,0.310952135325663,-0.609534836544538,-2.53763267390265,0.326160044719386,-0.755486892689727,-0.481403865926618,-0.690900182020652,-0.343790807897869,-0.692999912865587,-0.68036958365596,0.654012252585511,2.61000320132487,-0.558360840045788,-0.0559892805285276,-1.48092994176079,-0.0866722318959813,-2.38144943080017,-1.31562608364015,-0.106919256445487,-2.21959060800922,-0.441723750869564,-0.472170088405166,0.804074421491452,0.570554908829426,-1.60823956159407,"Female",0
-0.889057766531279,-1.70274446868832,-0.517562495399874,1.2042642147493,-1.23949765878817,-0.685554251479024,-1.99791856393305,-0.288317593258161,0.283387854490788,1.2431826005223,0.0910310743836,-0.755486892689727,-0.481403865926618,0.810330560197422,-0.343790807897869,-0.692999912865587,-0.159366364326418,0.753424336753355,0.960569533697611,1.45031777462252,-1.61317223976843,-0.439532266354322,-0.882467244887788,0.686402375290847,0.174843553599235,1.05725234292288,-0.481925078102604,1.64295020116626,-0.646824506640384,0.206569281447271,-0.153521991991579,-0.971905243892953,"Female",0
-0.73149694616198,-0.66631232188456,-0.861774850259095,1.25068722445928,-0.498597663650561,-0.566612272538243,-2.39963728530879,-0.753505852676419,0.283387854490788,-0.648303174741785,0.0910310743836,3.07532587595531,-0.481403865926618,-0.690900182020652,-0.343790807897869,-0.692999912865587,-0.68036958365596,0.361729248989573,0.128253209377835,-2.07986519728859,0.989872889623189,0.0074087968349544,-0.659423772995845,-1.20849161511686,-1.31562608364015,0.669195143133427,-0.378272034171444,-1.08896537788259,-0.520473861294604,-0.220499530352044,-1.03473325724721,-1.07636297883675,"Male",0
0.116135748442553,1.06107458945504,-0.799127512425611,-1.13065163397299,0.044940456672353,0.228088560207683,0.412393764321387,-0.0952651248018361,0.283387854490788,-0.531360743904668,0.0910310743836,-0.167501677037241,-0.481403865926618,-0.690900182020652,-0.343790807897869,-0.00839667765449715,0.800854685251902,-0.262294963687751,0.590074512227109,0.302868041412403,0.00443191774708894,-0.297121607892125,0.567900957932438,-0.689038868171392,-0.570391265020455,0.669195143133427,-0.70185103041072,0.258771934062258,2.71899286081966,0.231427348708834,-0.582027417769949,1.44222907480819,"Male",1
0.833660773120988,-0.66631232188456,0.972047176751556,1.02803233377797,0.962028651742106,-0.436978879760089,0.412393764321387,-0.543726088108763,-1.73341644089979,-0.166795612276683,-0.0686302983336048,-0.755486892689727,-0.481403865926618,0.672334419547861,-0.343790807897869,1.2749960167663,1.21207665034331,-1.31589377577266,-1.00959474744834,0.104576345904361,1.099635261421,-0.27977380500995,-0.251075247539981,-0.738841732848436,-0.19777385571061,-0.106919256445487,0.349812897875901,0.517465473183099,-1.10823623866054,-1.28865035949499,-1.06021320282773,1.20236316493724,"Female",0
1.10906249085788,0.715597207187117,0.350311850941202,-1.37842915299468,1.46709721041979,2.23463528662597,2.01926864982435,-0.137567808827924,0.283387854490788,-0.872952242162405,0.0910310743836,0.437828235242168,-0.481403865926618,0.0309305288393673,-0.343790807897869,-0.692999912865587,-0.68036958365596,0.0525300432386157,-0.00149676711534135,-0.989011573605962,0.741886264842172,0.534595982582742,-0.15779350768363,-0.671458505910764,0.174843553599235,-0.106919256445487,0.474855648075086,-0.175489713187045,0.868182518672034,-0.516150324733426,0.0323772371799215,1.58774772679656,"Male",0
-0.464559824170011,0.0246424426512784,-1.15092521136451,-1.29450918358933,-0.778868447696367,2.16070643756002,-0.792762399805834,0.267471757399341,0.160378554109338,-0.1220776507924,-2.60827179086136,0.275435197954795,-0.481403865926618,-0.690900182020652,-0.343790807897869,-0.212870426805205,0.0121769994283808,0.967461193567232,1.12204872669557,-1.02124471301592,-0.222919668424983,-0.547020960558722,-0.622363542701876,-0.575364275723853,-0.570391265020455,-0.106919256445487,-1.35658762905817,-0.527661844805794,1.97535580639525,0.663724851018019,-0.0852424337419951,0.315425353659272,"Female",1
-0.129902809977755,0.0246424426512784,0.882910599267932,-0.0219834974826256,1.5353010140004,0.527550953648595,-0.792762399805834,-0.840756311914307,0.851256671781152,-0.753452727908332,0.42627445593518,0.196357409354767,-0.481403865926618,0.460632104951325,1.99371414608542,-0.692999912865587,0.118910649291959,-0.157557928316827,0.175852031729776,-0.75498156484794,0.727150687709361,0.767276494038481,0.838971267131972,-0.637717856740094,0.174843553599235,-1.27109085581386,0.665465101204953,0.81509129350099,0.187735910661117,-0.798944085741149,-1.0645144549995,1.37444088288814,"Male",0
-0.653630647703472,0.0246424426512784,-0.128252302187369,0.635280691498208,-0.334019879274999,0.0906986637134419,0.0106750429456468,0.0540530728630878,-0.346049452304607,0.271729748767068,-0.576867192805524,-0.152604883198049,-0.481403865926618,0.767821791043722,-0.343790807897869,-0.692999912865587,-0.174119063532457,-0.198687473970767,-0.185123004858328,0.501737286639048,-0.0576873001521972,0.71793286512569,0.782515118531919,0.437311958582738,0.54746096290908,-0.106919256445487,0.398342816677619,0.614761544437444,-0.47854334505216,-0.0873977782998678,-0.8352986033408,0.506752026311497,"Female",0
-2.41622544735171,0.715597207187117,1.42633900386983,-1.13584581825879,-1.02666015995915,3.80931977173068,0.814112485697127,-1.7282841625797,0.0206764096267772,1.13420105873399,-2.24581996178528,-0.755486892689727,-0.481403865926618,0.729712944142186,1.09806638432695,2.72504817004614,-0.68036958365596,0.0173358765086957,-0.766843085439656,1.06852783778736,-0.807652539192616,3.51486523308623,0.264840221277482,2.36453455989468,-0.19777385571061,-0.494976456234944,2.55038736323049,3.76392584449377,1.04980504544884,-1.41030169419726,1.32810590817203,0.122966570517982,"Male",0
1.0618891234784,0.715597207187117,0.154743199882532,-0.501325352101261,1.3018384212462,0.900338801064723,0.814112485697127,0.133666892100686,0.772334870998899,-0.329365022304089,0.674998541396177,-0.427663693039077,3.10586291177686,0.102294667190201,2.87643481752486,0.0703826249386843,-0.68036958365596,-0.814830638159788,0.135773133953532,0.677948274341983,0.284350360973942,-0.129197840992147,0.676819673473852,-0.675197296046828,0.174843553599235,-1.27109085581386,0.0872426898694754,0.842667723074634,0.73983956341317,-0.515394335952246,0.885139710605867,0.567596061986078,"Male",0
1.67400667740769,1.06107458945504,1.44560922326785,-1.54035886671769,-0.670855012923782,8.03685753751159,0.0106750429456468,0.640667128577286,-0.154464553615895,2.08182382214421,-1.79668456185225,-0.755486892689727,8.08499614120663,1.44001950722359,-0.343790807897869,1.35782893688144,-0.68036958365596,-1.04211153205536,-1.54907589920733,1.642870896946,-0.452115817844501,-0.654572411044872,-1.0832575383256,1.50561392621386,0.174843553599235,-0.106919256445487,0.0116709589812348,-0.420676596126622,6.54310586445312,0.153692187681433,0.231569848118373,0.0755856500496459,"Male",0
0.0225851903861057,1.75202935399087,0.786207659625327,0.528174117522283,2.60422195066974,-0.362339369836025,0.0106750429456468,-0.45782132090872,0.283387854490788,-0.9116894223772,0.0910310743836,1.59645396992024,-0.481403865926618,0.731777788802285,1.82213856443404,0.676206557556593,-0.186628160686678,-0.985695397587695,0.127174187642207,0.370536024955545,0.574117501488601,1.4013860015716,1.24292955994299,-0.904081134379999,1.29269578152877,-3.21137685476114,0.526978729117001,2.08374753427937,0.279835179812595,-1.13054406763902,0.177639728593745,1.17107630712799,"Male",0
-1.09963036220745,0.715597207187117,-0.112042876804655,0.726428204400842,0.787915903202671,-0.511746780568927,-1.19448112118157,-0.94139478490707,-0.184333555099145,-1.59766370606192,0.0889913817504591,0.588479314515967,-0.481403865926618,-0.148927621707155,-0.343790807897869,0.350205016979877,0.0719982989638929,-0.393195994583932,0.671463580285993,-0.68959571722037,0.81374715179257,0.269047595262453,1.71080652747412,-1.20689575414314,0.54746096290908,-0.106919256445487,1.67509717439003,1.37242547493548,-0.948046854116523,-1.49535783987505,-0.39789532249314,0.567596061986078,"Male",0
-0.975505675227096,-0.66631232188456,-0.773213760004562,0.807081745157638,-1.14058744088602,-0.685554251479024,-1.59619984255731,-0.0941561746866333,-0.937283916780048,0.142721870204731,-0.229656181055478,-0.755486892689727,-0.481403865926618,-0.690900182020652,-0.343790807897869,-0.692999912865587,-0.189482157351237,-0.011683406818369,-0.424230867743723,1.26664787638527,-0.728256188510059,-0.454209016859871,-0.639086600190486,0.599083839571991,-0.570391265020455,-0.106919256445487,0.0334383732373211,-0.565612248437871,-0.908009220889498,0.565031619042592,0.156640131669646,-0.686320151481386,"Male",1
0.436952910407421,-0.66631232188456,2.80536192242693,0.140118219876516,-0.421888608975192,-0.685554251479024,0.412393764321387,-0.741479286000638,-0.947960346266384,0.812418121370475,-0.348907284647802,-0.755486892689727,0.594078933802745,0.735925537988365,-0.343790807897869,-0.692999912865587,0.309992221017123,-2.80706162124948,-2.61233616568164,-1.03155248536842,3.54019185998729,0.704816311393087,1.02622941592212,-1.09225431276579,0.174843553599235,1.05725234292288,0.669664802531552,0.742357953167406,-0.729873403332188,-2.75408944040644,-1.08045115571213,0.171342888475148,"Female",0
0.132149609067786,-0.66631232188456,2.29251228970663,-0.214351282099202,0.262280163636513,-0.685554251479024,0.412393764321387,-0.413267041722092,-2.53229503124061,1.40465309199403,-0.148555678776426,-0.755486892689727,-0.481403865926618,0.940437224522992,-0.343790807897869,-0.692999912865587,-0.68036958365596,0.291347501723672,-1.11149960399063,-0.25291166342195,0.0867198353986394,0.442672817563189,1.26393044978333,1.92341746302574,0.174843553599235,-0.106919256445487,0.756925263428625,0.249759708876,-0.824862885977696,-0.0732002580809689,-1.00781740334598,2.26764999995233,"Male",0
0.571815003536331,0.715597207187117,1.07043470486431,1.03325480223627,1.28591395640277,0.0434096930178086,0.0106750429456468,-0.0590889466270036,0.707096153908632,-0.387790978622803,0.733972924560588,-0.471404148048649,-0.481403865926618,1.37118361838565,3.8420502262717,-0.0314731912009381,-0.441820356828113,0.593322478355702,-0.060466479799731,-0.32135009891255,-0.254273614195454,0.0861558582883586,0.197098729612034,0.44036449464492,0.54746096290908,-0.8830336560244,1.70248460911466,-0.139943084711768,0.935470979180456,-0.356592333012133,0.687331387754149,0.976939443356954,"Male",0
2.74511816897543,0.715597207187117,-0.545059963617839,0.725462220027974,1.17577810802679,-0.148970377948736,-1.19448112118157,2.09382695758349,0.794092126388863,-0.351580683524492,0.640359748971763,-0.0217495981874722,-0.481403865926618,1.38032627126935,-0.343790807897869,-0.692999912865587,-0.68036958365596,0.164164316691956,0.630719838839344,-0.312771508984953,0.194671541338319,-0.596294451638863,0.164498133568209,-0.776927968508162,2.03793060014846,-0.106919256445487,-1.23031494817617,-0.910474379552592,-0.877926238144222,0.690289846749849,0.529419643035275,-0.259564684439606,"Male",0
-1.79843402723881,-1.3572670864204,-0.476271594568459,-1.26845579803806,-0.97916601486954,3.97196323967577,0.412393764321387,-1.04975622317558,-1.60211407791863,0.228592300672854,-0.126800100041206,-0.755486892689727,4.45909524533018,-0.690900182020652,-0.343790807897869,2.46106499221412,2.35261344315538,-0.899576298313892,-0.445092697146824,2.42957609562548,-1.35196232925651,-0.302176690063151,-1.60183383424435,0.51563668436458,-0.570391265020455,1.44530954271234,0.78121936901929,1.19781361195175,2.05003433923866,-0.358354916406083,-0.913376694994654,2.38792991618463,"Female",1
0.406244806494913,0.370119824919198,0.991831148827189,-0.43723708814722,0.775674660276412,-0.685554251479024,0.0106750429456468,-0.367186498594975,1.08786867898547,0.15407605218694,0.580789771306628,-0.755486892689727,-0.481403865926618,0.12476852125117,-0.343790807897869,0.0920117968431341,-0.68036958365596,0.0701477246022675,-0.0499148596092501,-0.718467390198778,0.576649437416341,0.280370979325545,1.43593773799935,0.303022786604315,0.920078372218926,-0.106919256445487,0.562572418703323,0.48227511868144,-0.0402449524360405,-0.463632064100685,-0.496788186959436,-0.830717167523132,"Male",0
0.460419992866339,-1.01178970415248,0.731826990010415,0.54979344943823,-1.26490530220344,0.154833519954414,0.0106750429456468,0.31485963693156,-1.20376859924058,1.41216547879468,-0.36371994681397,-0.0432794483782702,2.11641726299713,-0.690900182020652,-0.343790807897869,-0.692999912865587,-0.68036958365596,-0.484409463110551,-0.896422304749763,0.403893481631744,0.217061044073146,-1.24206598217125,-1.65050289844028,0.00930764623643942,-0.570391265020455,1.44530954271234,0.139649679125019,0.50629079481158,-0.853762427618618,-1.15596113984551,-0.540828097207954,0.0665275329012876,"Male",1
0.441098030891142,-0.66631232188456,-0.613108902899612,-0.102901062946512,-0.913037994957168,-0.196643575611946,0.0106750429456468,0.832907026875698,0.283387854490788,0.85826544971715,0.0910310743836,2.60939707710718,-0.481403865926618,0.666034814180174,-0.343790807897869,-0.692999912865587,0.261480968108008,-0.298041553212567,-0.816858139319441,0.757656928959298,-0.404316611068063,-0.787941120423545,-0.592222135438754,0.252104654443199,0.174843553599235,-0.106919256445487,-0.805082442422799,-0.701504814295977,0.143512881271445,0.581801418709225,-0.333049763115405,0.31379911759763,"Male",0
0.619809276725678,0.715597207187117,1.41133767037125,-0.487965679254341,-0.191686033014831,-0.115552110854604,0.814112485697127,0.0675444060578207,0.878418050122952,0.538073429815037,0.897983536393067,-0.755486892689727,-0.481403865926618,0.274388224218199,-0.343790807897869,0.236008027618114,-0.68036958365596,-1.47366965477464,-1.4652001196425,-1.53204209221903,2.65715916748362,1.28971554730049,0.508726853000545,-0.872148963545415,0.920078372218926,-0.106919256445487,0.145116308435361,0.405687202631127,0.401573495254464,-1.71717228863499,-0.800308986840772,0.0270202065696024,"Female",0
-0.451085626832012,0.0246424426512784,0.205037797819301,-1.56915310581688,-1.56719583860015,-0.0140639248409888,0.814112485697127,-0.244558657083813,0.00629916637551503,1.22942205439367,-2.20167446454936,-0.523263110618032,-0.481403865926618,-0.129015885851775,-0.343790807897869,2.2812120756979,-0.290364877567709,-0.124259197770219,-1.42914061025788,1.2727499088666,-0.837015273393505,-1.17140126144311,-1.47673217462767,1.2881366868757,0.174843553599235,1.05725234292288,0.770759794281632,-1.32881792983372,2.77292133489905,0.355154086158344,2.17262504027622,0.806104681830437,"Female",0
-0.657748576515849,-1.3572670864204,-0.456695784004607,-0.9037556587287,0.457248591985653,3.88771873725178,-1.59619984255731,-0.0950493099595865,-1.01217175550832,-0.581760654811976,-0.0856476013146928,-0.755486892689727,-0.481403865926618,-0.690900182020652,-0.343790807897869,-0.692999912865587,-0.68036958365596,-0.315255568050978,0.133946207492198,2.30716880550011,-1.1122217264579,1.35275797185281,0.383844079401954,0.751235451167937,-0.570391265020455,-0.106919256445487,1.48545034396336,1.57162645582717,0.517939974337662,-0.152723791577009,-0.724096506310111,-0.532666916462606,"Female",1
0.816618303595202,1.06107458945504,0.838593163933672,-1.06492490287088,-0.512267621140871,-0.685554251479024,0.0106750429456468,0.0307360783445339,0.283387854490788,1.31393765905465,0.0910310743836,-0.223205539572736,0.00397850289860885,-0.0469512057534225,-0.343790807897869,-0.383126869559512,-0.68036958365596,1.05099410473271,0.115554827268009,-1.29837013758746,-0.0135581533184341,0.203491161212973,-0.474248462715437,0.788770389833622,0.54746096290908,-0.106919256445487,-0.388733610741587,-0.0357855312359434,0.133837421200091,0.11996074068668,-0.323892269420754,-0.116899339352965,"Female",0
-0.934431290535784,0.715597207187117,2.17768581691623,3.48764084443857,1.78021353932663,-0.685554251479024,0.0106750429456468,-1.27180775982486,0.727852398410501,-0.329139231735926,0.733556595283866,0.734508791910324,-0.481403865926618,2.01297397247158,-0.343790807897869,-0.692999912865587,-0.0547819243504927,-0.596506852302298,-0.600783951360061,0.855676835146076,0.00250848575778238,1.53484761852149,0.638622186544963,0.602346232717234,0.920078372218926,0.28113794334397,1.32817229875383,1.73134961297696,-0.720477579307549,-0.867869193648171,-1.05831742163045,-0.324783127907786,"Female",0
-1.39314715226673,-1.3572670864204,-0.739038561089313,-0.649842217002829,0.876934314246827,-0.385324116340971,-0.792762399805834,-1.51570731375842,0.283387854490788,-1.67993168174194,0.0910310743836,-0.755486892689727,-0.481403865926618,-0.690900182020652,-0.343790807897869,-0.692999912865587,-0.68036958365596,-0.0493475973547393,1.92197497182879,0.628690289250167,-0.196408978397708,1.31031320749848,1.90307817489702,-1.04236377128703,-0.570391265020455,-0.106919256445487,0.473472320987434,2.32348963725695,0.600969562511528,-0.447093665883228,-0.707540819129933,0.506752026311497,"Male",1
-0.288482963461253,-0.66631232188456,-0.85633969309546,-0.507190662361414,0.268143359654082,-0.685554251479024,0.0106750429456468,-0.323662160798332,1.76221289951778,-1.17427566603487,0.155914955390773,1.22752206990299,1.3268833904811,-0.690900182020652,-0.343790807897869,-0.692999912865587,0.152213992331465,0.56134134732774,0.805117196951318,-0.243783119759659,-0.505678702988777,-0.979855058754998,-0.567441265928453,-0.596275537650033,-1.31562608364015,0.28113794334397,0.173866729252714,-0.912817340151196,-0.190408710684255,0.241441844417273,1.05326085843379,1.04480418492397,"Male",0
0.114063616510286,0.715597207187117,1.41713140917774,-0.441910121394099,0.699829065396672,-0.685554251479024,0.814112485697127,-0.306317455350289,0.283387854490788,0.296779565465325,0.0910310743836,-0.755486892689727,-0.481403865926618,1.58538457129607,-0.343790807897869,-0.692999912865587,-0.68036958365596,-0.271940302806417,-1.11909591700946,0.248733654577887,0.289274709617844,1.06168447967886,1.76795180595121,1.41223127592414,0.174843553599235,-0.106919256445487,1.41682096877501,-0.200851550436866,-0.508255902885465,0.00670206501143864,-0.439199221276686,-2.49695659199081,"Female",0
0.238928491681296,0.0246424426512784,-1.19953782665952,-0.493711896455815,0.750935337186058,-0.685554251479024,0.0106750429456468,0.797214138399004,0.796449604806276,-1.17337399050977,0.27844364623011,-0.0675041913820632,-0.481403865926618,-0.690900182020652,-0.343790807897869,-0.692999912865587,-0.68036958365596,0.405333101158682,1.10166294002581,-1.45005496084808,0.758845479890044,0.34992890999882,1.23935798003818,-1.1692790311912,-0.570391265020455,-0.106919256445487,-0.867309224632842,-1.15007796240165,-0.385475286278731,0.734754540498609,1.02475680197317,-1.8685894301635,"Female",1
0.932559248404494,0.370119824919198,0.457156621449811,0.839423335554088,1.53645081544955,-0.223805279826784,0.412393764321387,0.188740438596907,-1.57787883457146,-1.27040947787369,0.0510680549866999,-0.235520532318389,-0.481403865926618,0.567200645647957,0.933123852054416,-0.692999912865587,-0.24374477773969,-0.279279686814451,-0.249132562282362,-0.00676951824517066,0.391788824944081,0.0012451958268656,-0.24035951039897,-0.446593125512404,1.29269578152877,-2.04720525539277,0.486130297256095,-0.459541798328254,-0.173310855195466,-0.2735349328407,-0.883509302131822,0.570174199090933,"Female",0
1.46999565855789,0.370119824919198,0.274935826016342,0.299892460774112,-0.472658839528937,-0.354739925004478,0.814112485697127,1.28281057882545,-0.227069521457616,0.748822013853558,-0.942253825969401,-0.0709964893582329,-0.481403865926618,0.137189872062417,-0.343790807897869,-0.692999912865587,-0.105591074344846,-1.39909038891732,-1.24248780360973,0.56712811927632,1.0649210712377,-0.573979306219829,-1.30832067247254,-0.893944986951746,1.29269578152877,0.669195143133427,-0.294750535947891,0.139600123858195,-0.521268062951841,-1.12518605825998,-0.772054460840751,0.144939020277152,"Female",0
0.349464508513446,0.370119824919198,-0.272060298004632,1.06647364452034,-0.241857916487455,-0.685554251479024,1.21583120707287,0.0184168893101352,-0.845896725348007,0.76666510449221,-0.379577893978664,-0.755486892689727,0.504934637568485,-0.0366204735138485,-0.343790807897869,1.82575423593247,1.13617640031661,-1.17602321228223,-0.777871161083439,2.5362733592107,-0.818616505822424,-0.00344025652317252,-1.00435817449856,0.345595350760471,0.174843553599235,-0.106919256445487,-0.163912278959711,1.0662576720074,-1.10139693188188,-0.0873977782998678,-0.35688517703151,-0.349605072809854,"Male",0
0.0110439247084916,1.06107458945504,-0.749907958786655,-1.25541761475164,0.30484053416233,2.52185084195437,1.61754992844861,0.526303245856454,-0.21702971998754,-0.550674375960446,-0.380320787270955,-0.27618140884032,-0.481403865926618,1.04867762116569,-0.343790807897869,1.2602282747983,0.124592736256041,-0.602624583301343,0.520546647214719,0.5344144116406,0.162827909435092,0.391136214900048,0.185420296656316,-0.969452818555803,1.29269578152877,-0.106919256445487,-0.436364359043558,1.00644492877996,0.643179628039743,-0.314490814976566,-0.585174952079009,0.941080655970675,"Male",0
0.3874343877528,1.06107458945504,-1.07620962940889,-1.73828968533628,-0.0887838611385112,0.231038173804735,1.21583120707287,0.815724954375712,0.283387854490788,-0.0547688181515102,0.0910310743836,-0.755486892689727,0.42794025972786,-0.288762776956497,0.472511250806217,0.274557658673513,-0.40124542671031,0.86197749373078,1.25202109862549,1.11799757201428,-1.57098043400481,-0.727447419657111,0.711867616774458,0.623327303936306,1.29269578152877,-2.04720525539277,-1.16360662701222,-0.462243107235973,4.25392438383527,1.81999298241497,2.16735752435234,0.243295343786575,"Male",0
0.0968145947038589,0.715597207187117,0.30858366083767,0.988223539026544,-0.465634411845065,0.767951207113245,0.814112485697127,0.00864812697583073,0.887957612377575,0.764080674467198,0.96912919526744,-0.350142375286016,-0.481403865926618,-0.200518196085699,0.651639658477767,-0.692999912865587,1.0215046598454,0.10583225778518,-1.04145824888114,-0.31604313472168,0.11726543516817,0.872658849928254,-0.798088784902551,0.846731063932791,-0.19777385571061,-0.8830336560244,-0.127983881292596,-1.21957614734274,-0.475044154190638,0.612520052130815,-0.233367930792403,0.701366636873455,"Female",0
-0.602587372853474,0.0246424426512784,-0.0246271519709834,-0.908546199271253,-1.13989083696656,-0.50839142398765,0.814112485697127,-0.00624524292042174,-0.215257284658808,1.11655205849527,-1.13219855550773,-0.27787906698853,0.389648318978159,0.464710731705664,-0.343790807897869,-0.136911334559525,0.12174163004621,0.609828172561397,-0.0718002230616664,0.588239986177584,-1.00972500395883,-0.483616540218133,-0.67465464267259,1.09346530033733,0.174843553599235,-0.106919256445487,0.0648731032261256,0.059428322651949,-0.0948173457309418,0.424266099718888,1.83029605501515,0.142955396340561,"Male",0
-0.295682867713912,1.06107458945504,0.145003675658757,0.530754171173186,0.309471373473089,-0.685554251479024,-0.792762399805834,-0.056827729789528,0.682964422948408,-0.00815198427685635,0.985982162170732,0.851932292882114,0.495789777271177,1.90195397407523,-0.343790807897869,-0.0691495475341601,0.219482334232438,-0.326107505274156,0.203718989150233,0.777888323238444,-0.331468787368492,-0.161390977731892,0.970037202367868,0.0226147242578494,0.920078372218926,-0.106919256445487,1.10701780492057,1.43030152466521,-1.0046886922481,-0.751672482581457,0.325168793572244,-0.847740783491006,"Male",0
-0.453064121900306,-1.01178970415248,0.487860491742629,-0.613857258854305,-1.98368558786458,-0.48141853675713,0.0106750429456468,-0.721361133553384,-0.417030773800603,1.41484404643849,-0.875372292989024,-0.755486892689727,-0.481403865926618,-0.690900182020652,-0.343790807897869,-0.302446823458271,0.727980743884956,0.174144634741436,-0.960366988257802,-2.14215687639525,1.36503256150342,0.505655620461377,-0.890867320007457,0.144944050055307,-1.68824349294999,1.8333667425018,-0.237078340440094,-1.38517451595827,0.213647171419446,-0.279876597187923,0.521257352238445,0.162668514220759,"Male",0
1.05384472170824,-0.320834939616641,1.50108821140564,0.682431099276295,0.932222227750946,0.798602265618521,0.0106750429456468,0.180664094992522,-1.40602187694805,0.474171936987303,-0.184700232054879,-0.755486892689727,-0.481403865926618,1.26670470583174,1.64308840298796,0.249014138784888,-0.00098138565021765,-0.637691562186229,-1.34014862585738,-0.00461527580764095,0.696410006798446,1.74108752346435,-0.800157008808954,0.401655506038664,1.29269578152877,-0.8830336560244,0.445960711868141,0.590782309923979,-0.190356964730425,-0.713508419953304,-0.167231013652774,2.77457517418227,"Male",0
1.75107518984065,0.715597207187117,2.20271169612302,0.0257346735023071,0.184884283937127,-0.292252774448174,0.0106750429456468,0.745183829745874,0.283387854490788,2.30324499531951,0.0910310743836,-0.755486892689727,-0.481403865926618,1.94028918337235,-0.343790807897869,-0.692999912865587,-0.68036958365596,0.904998496318536,-1.15891529976945,-0.99713336285731,0.0047722317158713,0.711430700236277,0.387248142101656,2.16431765334927,1.29269578152877,-0.106919256445487,0.121621340885697,-1.60036290678018,-0.148047478638565,1.03848084120958,1.278947788039,-1.02219970886589,"Male",0
-1.25420700784195,2.09750673625879,-1.40592256164168,1.21067202400464,-1.05682774244886,-0.685554251479024,0.412393764321387,-0.867387309421942,0.839993590995414,-0.383551319426729,0.582170593180722,0.364071672906905,-0.481403865926618,-0.690900182020652,-0.343790807897869,-0.692999912865587,-0.0536277035768625,1.64915498969953,1.66435014487149,-0.331363243456914,-1.34550569243498,-1.33126830738111,-0.594509918838507,-0.079393476674351,-1.68824349294999,1.05725234292288,-0.973603940712179,-0.877067738397593,-0.684743621280407,1.34676132130292,-0.281362407400146,-1.07398806883803,"Female",0
0.945314816590343,-0.66631232188456,-0.944821714017441,-0.837551004258825,1.60077047344265,-0.685554251479024,-0.792762399805834,0.133968119723799,-0.68309368523395,-1.59355123914789,0.0890892424614365,-0.755486892689727,-0.481403865926618,0.429011081052799,-0.343790807897869,-0.692999912865587,-0.68036958365596,0.536590732880011,1.9276861524992,-0.568608872502499,0.0667888065853087,-0.119626914912315,1.8283662651192,-1.00074119192718,-0.19777385571061,-0.106919256445487,-1.21595624504151,-0.190086375271589,-0.301839453832355,0.948176493959626,-1.13441502928101,0.375457001961084,"Male",0
-0.33992654960439,0.0246424426512784,-0.11804118700973,-0.682580559505068,-0.161602497838191,-0.480709732192123,0.0106750429456468,0.522082273344521,-0.402249211839907,-0.462547066654897,-0.281828527857276,1.54300076849729,-0.481403865926618,0.89806482435302,-0.343790807897869,0.836243677476071,0.422533335184515,-1.20929189533859,-1.52881588462406,0.388990929558222,0.715922354584432,0.508015116074447,-0.575653989773757,-0.316405330808054,0.54746096290908,-0.106919256445487,0.757556279158252,-0.510193253908012,0.525556066151281,-0.543746642478758,-0.558107929830966,-0.781445876536408,"Female",0
-1.64670466768596,-1.01178970415248,-1.0525839988973,-1.26039319637176,-0.667578426717141,0.0427818170966226,-1.19448112118157,0.142597598063212,0.0344082320543327,-0.286941132913432,-1.09399776033013,0.357398467334794,-0.481403865926618,-0.690900182020652,1.02270108404561,-0.692999912865587,-0.213114977049539,1.12792079910373,0.376134334702312,0.233990038906314,-1.21316980101085,-0.44898267338751,-1.40632299561701,0.479685635424139,-1.31562608364015,-0.8830336560244,0.327584591311932,-1.50716553348697,0.738690103273482,1.06383168099048,0.565403634652107,-0.286986075443273,"Female",0
-0.573129977754519,0.0246424426512784,1.55415250897693,-1.22583609535791,-1.55463599017411,-0.685554251479024,0.814112485697127,1.20812696121796,-1.07903934828247,2.36113655082024,-0.561636287673024,-0.755486892689727,-0.481403865926618,1.67717024683305,-0.343790807897869,-0.692999912865587,-0.68036958365596,0.762288962691824,-1.26428351261127,1.01360015243329,-1.26541562536706,-0.143708017359919,-0.66699007599655,2.68702561348521,1.29269578152877,-0.106919256445487,1.23967265193987,-0.000256860807267406,0.387337367660299,0.249220846244991,-0.721583425723353,-0.782594617309412,"Female",0
-1.44455965815254,3.13393888306255,-0.89307083586261,0.0327492215570397,-0.482738626065723,-0.535928689565114,1.61754992844861,1.7922890149476,0.283387854490788,-0.451773446372453,0.0910310743836,-0.417247905759212,-0.481403865926618,0.53669485634831,0.486844313709878,-0.29918132939969,0.171705915515112,0.592075626806785,1.02641791054949,1.75671127312195,-1.75575046278759,-0.92956479803804,-0.624122794112962,0.19722706031186,3.155782828078,-0.8830336560244,0.775125529824307,0.998889624525631,-0.683556350000625,0.0853228899149962,1.35660032348384,0.155163336943612,"Female",0
-0.106048585399428,0.715597207187117,1.3265518540459,0.23980364788684,0.304432388866276,-0.685554251479024,0.0106750429456468,-0.296089308649248,-0.458883556510456,0.922653654453348,-0.67210145444163,-0.755486892689727,-0.481403865926618,1.88942260513099,-0.343790807897869,-0.279109731999831,0.513634279271514,1.95384459638042,0.519985508099071,-1.28738903405142,-0.967571165233085,1.32178400464302,0.253652141843164,1.99696483353039,1.29269578152877,-0.106919256445487,0.284876702074725,0.336935960941308,-0.69614915012935,0.810863606375626,1.91582159541137,-0.764084718816086,"Male",0
0.14891916942854,-1.3572670864204,-0.491521339087528,1.73993199626177,0.570933455849021,0.133823825668579,-0.792762399805834,-0.429496456059323,0.283387854490788,-0.290367114528945,0.0910310743836,-0.755486892689727,-0.481403865926618,-0.690900182020652,-0.343790807897869,-0.692999912865587,-0.68036958365596,1.69908006388951,1.12107891742682,-0.0886865041382147,-1.4142511136092,0.181098981180185,0.672759769895243,1.1559700898958,-1.31562608364015,-0.106919256445487,-0.156344414698044,-1.49598705730076,-0.632204524727885,2.05256825469434,0.165703514159989,-0.667179956115725,"Male",0
-0.230953186536903,0.715597207187117,0.610887611468414,0.910621370766716,-0.394487024121155,0.121948781072237,0.814112485697127,-0.531281643102499,0.41258713037323,1.33836339294062,5.19730223642236,-0.755486892689727,1.09842739877218,1.40503652874207,-0.343790807897869,-0.692999912865587,0.774423131559754,-1.06356034079406,-0.77506589485049,2.27291922824876,-0.56139070165071,-0.20861978384441,1.04072613145589,1.02458946915935,0.174843553599235,-0.106919256445487,0.433974926154888,1.73015760713761,-0.817323190372715,-0.431695243993719,-0.667458379013745,-1.42831576247917,"Male",0
-0.266527446891837,3.47941626533047,-1.06409476598583,1.50920214366906,-0.244317754353723,-0.65141349826454,4.02786225670305,-0.135063717292137,0.283387854490788,-0.220372339976904,0.0910310743836,-0.385711912462209,-0.481403865926618,-0.690900182020652,0.564289270203491,1.8902196071997,-0.369863094622266,-0.186031541954241,0.856709265356032,1.26234314262012,-0.745254869632435,-1.0806501029342,-0.511486642113691,-0.636808701659508,-0.570391265020455,-0.8830336560244,-0.900936479694351,0.507637859909455,-1.05072290955412,0.268837989532648,0.297307514719415,-0.165369652746576,"Female",1
-0.897299307089,-1.3572670864204,-1.57913682546532,-0.307282841586911,-1.32623151516424,-0.109288351067523,0.0106750429456468,-0.282043070368855,-1.04755468603351,-0.564424016022265,-0.0838733005053008,-0.259734652041558,-0.481403865926618,-0.690900182020652,-0.343790807897869,-0.115785420432713,-0.68036958365596,0.602003071063292,0.925205968940161,-0.985477292320781,0.214806005860784,-1.69589258039167,-1.19982100201677,-1.26971322286354,-1.31562608364015,1.05725234292288,-1.61246456417839,-1.14077362427418,-0.671109224926782,0.384982949571582,-0.413301479076169,-1.36420207068189,"Female",0
-0.218604047066786,-0.320834939616641,-0.743186713548426,-1.21624234360459,-0.0212335900704959,1.16769878165063,0.0106750429456468,0.103013952573613,0.283387854490788,-0.758051050108795,0.0910310743836,0.500829344480822,-0.481403865926618,-0.690900182020652,-0.343790807897869,-0.205415000003023,-0.68036958365596,0.0900694436597854,0.101740103873804,-0.124715158947171,0.0596705820091196,-0.406135553841143,-0.336485188400544,-0.489452168566952,-0.570391265020455,-0.106919256445487,0.204045742408817,-0.828572626453573,1.55670714813102,0.119833106882817,0.0116730190655067,0.435477584521272,"Female",1
-0.851715446956009,0.0246424426512784,-0.651816742049023,-1.03252778328801,-0.5173359009187,1.16750078453171,0.412393764321387,-0.597027630512103,0.283387854490788,-0.147019974190838,0.0910310743836,0.590715531166895,-0.481403865926618,-0.690900182020652,-0.343790807897869,0.0907056209534399,-0.115154776662833,0.252149870669713,-0.259296926816685,1.05183214545398,-1.00744721809994,-0.616474952100781,-0.544292590064987,0.601828113248186,-1.31562608364015,-0.106919256445487,0.650855824044433,-0.799977083035411,0.572775644425756,0.578775383385567,1.00607893021834,-0.800581317755182,"Male",0
-0.267667990652375,1.75202935399087,-1.30564601862267,-0.210803104205438,-0.654069116328895,-0.0162031462035173,0.0106750429456468,0.881189729205913,0.425857894247815,-0.507108649060886,1.81523805304395,-0.755486892689727,-0.481403865926618,1.62032164543198,-0.343790807897869,-0.692999912865587,0.12174163004621,0.78610898667822,1.28759900459953,0.972996785166699,-1.33750159720168,-1.74830618882316,-0.613731163965616,-0.129254362071942,-0.19777385571061,-0.106919256445487,-1.31188848868866,-0.544507806712829,1.08583471145411,1.198676293477,-0.240423247945595,0.793742035289832,"Female",0
-1.0423466007986,0.715597207187117,-0.0426723849283762,-0.987302839658833,0.632763550824871,-0.685554251479024,0.0106750429456468,-1.2783864173961,-0.323440353640979,-0.913705474092967,-0.163435464150659,-0.755486892689727,-0.481403865926618,-0.690900182020652,-0.343790807897869,-0.0162656803580632,-0.68036958365596,2.02376127340295,1.88177515271336,-0.824153891392368,-1.26481010120191,0.369916821111831,0.836877872143539,0.688079092770427,-0.570391265020455,-0.106919256445487,1.09536728613993,0.79095936963004,0.0553197861016563,0.373103685696742,0.641056848144738,-0.99001125128321,"Male",1
-0.449131887776895,0.370119824919198,2.1609026284607,-0.21679830133628,1.77242493689877,-0.685554251479024,-0.391043678430093,-1.31903792851259,1.01032835855225,-0.480825777287955,0.437063614478813,3.14363434460103,1.29638215965012,0.488379870902467,-0.343790807897869,-0.125521568497847,0.54744041273996,-2.55893155407564,-2.15832645109145,1.70840543452541,0.965576149593713,-0.312128502433572,2.14676303749448,0.0543189415590158,-0.19777385571061,-0.106919256445487,1.63736706603964,1.07150091622053,-0.557925615629659,-1.50886034479443,-1.21679812244298,1.14367256996882,"Male",0
0.0447266122273877,-2.04822185095624,-1.07603446686768,1.1278594069498,-0.900914492325761,-0.233483588225175,-1.59619984255731,-0.439066371463077,-2.2306147220551,-0.039170689410803,-0.0484443782673688,-0.755486892689727,-0.481403865926618,-0.690900182020652,-0.343790807897869,2.11061333609416,0.330624758614481,-0.553951646561697,0.685028424962473,-0.341588944712775,0.689411012483906,-1.9686687791104,0.317890364595194,-1.4029206770816,-1.31562608364015,1.8333667425018,-1.73495585287081,0.194398897017562,-1.03854571129002,-0.271204959705253,-1.16252294198548,-1.69279257517177,"Male",0
0.907854176282073,-1.3572670864204,-0.0564173258061893,0.514447265334647,-0.569652885193485,-0.480709732192123,-0.792762399805834,0.0943030375064257,-1.28039776547728,0.292408164207846,-0.180770770287859,0.99195945015655,-0.481403865926618,-0.690900182020652,-0.343790807897869,-0.692999912865587,0.0533109757454747,-0.97923739515403,-1.3344341640335,-0.809634530359538,1.51641601023311,0.0269277200473198,-0.940586285149468,-0.931483928562088,-0.570391265020455,0.669195143133427,-0.214419191634773,-0.942111938218837,-0.894853998543476,-0.809539465459838,-0.748406651036384,-1.12318939152072,"Male",1
0.0416533993707432,0.370119824919198,-0.800619267062335,-1.50316990876577,-0.896802180069046,2.2973502091482,0.814112485697127,-0.071672463642889,0.440308691518359,0.560695196217574,3.18327083375973,0.296616692144898,-0.481403865926618,-0.690900182020652,-0.343790807897869,-0.692999912865587,-0.68036958365596,0.766394877427183,0.361147913772796,0.202553995587717,-0.785398745277284,-0.468665722762108,-1.29537695173519,0.246313095605003,-0.570391265020455,1.05725234292288,-1.12139767805181,-0.915337012992608,3.13444828636627,1.09372882248563,-0.412120885141938,-0.866247879492434,"Female",1
-0.415201932122136,1.06107458945504,-0.421527120004612,0.636617414294956,-1.93364427021653,-0.685554251479024,0.814112485697127,4.53111354188926,0.103637918531202,1.54490145601667,-3.83702938702043,-0.353765116752376,0.251248766262402,1.25309672746532,-0.343790807897869,-0.692999912865587,-0.343036814040401,1.65973281610082,0.251182394679043,0.798248751124472,-2.09506971965315,-1.38729249658798,-1.01230502466228,1.88018081909722,2.03793060014846,1.44530954271234,-0.255562346729212,-1.23415194324213,-0.389896476192438,1.66579153572204,1.03695090150649,0.237448027501843,"Male",0
-0.953895427494154,-0.66631232188456,1.72282355295509,0.942260039703715,-0.786620840507056,-0.685554251479024,0.814112485697127,-0.811097083233217,1.25655014218597,0.843638755567114,0.654886105527455,1.20193485748245,0.708565812483624,-0.690900182020652,-0.343790807897869,-0.692999912865587,0.415417832482333,-1.1642897412688,-1.65941431076811,-0.788551047993137,1.57933690247766,2.21228640867042,0.165303254080981,0.23257084415121,-0.570391265020455,1.44530954271234,1.3337143510005,1.57484752819732,-1.06858287878511,-1.86666765089412,-0.608266505434372,-0.562364600541866,"Female",1
0.94144626026162,-0.320834939616641,0.2062335323953,-0.746937394805348,-0.789950542639437,0.868997041133028,0.0106750429456468,0.548448929262352,1.04233202854238,1.23017077946326,0.92831369318555,0.262208273018239,-0.481403865926618,-0.690900182020652,-0.343790807897869,0.491923422543814,-0.25308140880959,0.0847552570536813,-0.871140793942013,-0.548642030745596,0.29214105217755,-0.310652695766263,-1.31293345292465,0.378791856789731,-0.570391265020455,-0.106919256445487,-0.577875406005538,-1.53432079403366,1.48172204360931,0.359958047465434,-0.381321971257109,0.10222141074536,"Female",1
-0.700333928781766,0.0246424426512784,-0.753404471710687,-1.11193179487443,-1.05303845514168,-0.0460396546808952,0.0106750429456468,1.00843968471581,-0.185371782423427,0.828889010028387,-1.07249267564631,-0.755486892689727,-0.481403865926618,0.39545103210385,-0.343790807897869,-0.692999912865587,-0.68036958365596,0.209962678065796,0.245458202965574,1.96084629301999,-1.38627112491602,-0.479979807801095,-0.114036926846264,0.877663546968214,1.29269578152877,-0.106919256445487,-0.446293568844119,0.504382577179404,1.37400714895291,0.803689644983957,0.357276874534094,-1.83892176693394,"Female",0
0.000728995116153255,-0.66631232188456,0.6431965372335,2.03706275335285,0.289468607501692,-0.685554251479024,-1.19448112118157,-0.590976362911166,0.283387854490788,0.327147644256117,0.0910310743836,-0.755486892689727,0.650162392684318,-0.690900182020652,-0.343790807897869,-0.692999912865587,-0.68036958365596,-0.00991845239259678,-0.692677118713217,1.59312627976878,-0.961936572464742,0.605970372599836,0.542132994938172,1.65889851344721,-0.570391265020455,-0.106919256445487,1.217171877318,-0.0688196869719422,-1.00366239121815,0.529933047169121,-0.374931486614386,-1.69627617447725,"Female",1
-1.17364888897572,-0.66631232188456,-0.541100577604594,1.50580647730794,0.315451940677493,-0.620004005307216,-1.59619984255731,-1.08077342513778,0.283387854490788,-0.770106257143928,0.0910310743836,0.759621078729427,-0.481403865926618,0.225581507048814,-0.343790807897869,-0.692999912865587,1.2280242309669,-0.0280252101875709,0.914411472581614,0.387009504095263,-0.353666323718394,0.154541464287367,0.680265269544683,-0.677763243725997,0.174843553599235,0.28113794334397,0.556021199218201,1.59085982535681,-1.16907642823873,-0.597870415383869,-1.1753698611059,1.93658686466416,"Male",0
-0.41917303289598,0.0246424426512784,0.387380174835116,-1.40579411312302,-1.55028413104637,2.02797054946434,0.0106750429456468,0.282888730236611,-0.215846699716902,1.83162426798032,-1.45213572419702,-0.755486892689727,-0.481403865926618,-0.401655961002276,-0.343790807897869,-0.136254019455148,-0.68036958365596,1.63815607377137,-0.270571590438111,-1.30068719980857,-0.542582963095333,0.555478350522684,-0.795277369426941,1.73154834315346,0.174843553599235,-0.106919256445487,-0.136270788925962,-1.61366166048674,1.55968217744801,1.23543854706029,3.33675249266792,-0.819209435821953,"Male",0
0.514398640136805,1.06107458945504,-0.0504977148046637,1.91156045880533,0.360670394617506,-0.685554251479024,-0.792762399805834,2.09400585432284,1.03570782752197,-0.0758011238216649,0.546186710035597,0.757731916670303,0.438522818131171,1.13977770562185,2.13361469195976,0.481581198918041,1.01386532408903,-0.677573716515101,-0.587732874171157,0.464191214148674,0.130160531615227,-0.33524272630902,-0.674046927174264,-0.478976205562201,2.41054800945831,-1.27109085581386,0.331384620862997,0.0487488807815224,-0.852256816620867,-0.488362657299939,-0.263486897626767,0.184867450484677,"Male",0
0.554024633790232,-0.320834939616641,-0.67031705597877,0.838561943307734,-0.952069839268992,-0.685554251479024,-0.792762399805834,1.36484196024034,1.71996075537416,0.501542468794683,0.419566040235637,-0.755486892689727,0.494497193087057,-0.0435440683128612,-0.343790807897869,-0.692999912865587,-0.68036958365596,-0.180896466892661,0.231359730782398,-0.280007499371925,0.527397255202921,-0.680558951827502,-0.46706353004142,-0.717971236565293,0.920078372218926,-0.106919256445487,-1.36861616539256,-0.512989254506922,-0.987785011375795,0.185848146547987,0.620241787946916,-0.673730915839091,"Female",0
2.05552972776991,0.715597207187117,0.77420745599522,-0.94671355201623,0.116756096578877,1.20531823424621,0.0106750429456468,0.699671677359987,0.771543694596782,1.14169766149908,1.35210287873548,-0.755486892689727,-0.481403865926618,0.892922542779015,-0.343790807897869,0.0691473781137481,-0.68036958365596,0.57160547176584,-0.0285087445246366,-1.18100981130067,0.409111482896803,-0.685561320088793,-0.162227066104871,0.23257084415121,0.174843553599235,-0.106919256445487,-0.722420661470776,-1.00687697194951,1.77668085359486,0.327845228102391,0.634352659019426,-0.803156633616947,"Male",0
1.13633069346612,1.06107458945504,-0.150742091509708,1.44343589852859,0.473605317342703,-0.102268162662087,0.412393764321387,0.0176495293157404,-0.328384635619237,-0.50151647032904,-0.312554553692388,-0.755486892689727,-0.481403865926618,-0.690900182020652,-0.343790807897869,0.500934246387227,1.04178047466024,-0.116147905178689,0.203760114406422,-0.849460256288075,0.657993896052993,-0.906345503301803,-0.393356502077527,-0.90591111564232,-0.570391265020455,-0.106919256445487,-0.287998396045062,-0.492875060084339,-0.257778331950462,-0.41939302296233,0.105105091445097,0.716222714015591,"Female",1
1.0756484596843,-0.66631232188456,0.839429341958848,0.466654171579648,-0.876778997310004,-0.685554251479024,-0.792762399805834,0.903997902678096,0.72622133586401,1.69350727175975,1.76076055668127,-0.0132229874256601,0.872323107677695,-0.690900182020652,-0.343790807897869,-0.692999912865587,-0.68036958365596,-0.0100118276573239,-1.24035816153022,-0.200234104123042,0.226557030673824,0.26696991011326,-0.506639984880695,1.02757900210827,-0.570391265020455,-0.106919256445487,-0.0846760458405783,-1.18657401530439,-0.723061353843782,0.444032336315794,-0.994614285176688,-0.911749119121396,"Female",1
-0.796549002250687,-0.66631232188456,-1.50021088518927,-1.47058075704357,-0.125981613210414,-0.51602775275883,-0.792762399805834,-0.893530417854423,-0.582088442352877,-0.92002146831774,-0.0857505657911275,-0.755486892689727,-0.481403865926618,-0.690900182020652,-0.343790807897869,-0.692999912865587,-0.68036958365596,2.09448830784857,2.97754276891343,0.753248390896275,-2.39416230232305,0.463958304545173,-0.880521069696772,0.0593283627091472,-0.570391265020455,-0.106919256445487,-1.1005781541919,1.19951527625068,1.94017889490735,1.49236727884399,1.84200857883043,-2.773192193109,"Male",1
-0.115028297412209,0.370119824919198,0.471036957198413,1.33718568749412,-0.345412438052816,-0.509072819478002,0.412393764321387,-0.256326450767753,0.283387854490788,0.415805660242585,0.0910310743836,0.78461651480614,0.454866693228632,-0.0698326414583562,-0.343790807897869,1.10017404332185,-0.68036958365596,0.313242911134167,-0.599982394085661,0.370192532653298,-0.662129133280418,-0.285625786508275,-0.653470590431839,1.03722500922475,0.54746096290908,0.28113794334397,0.86446059375887,-0.430869155698298,-1.03710678945347,0.123402966067031,0.846083575941185,0.537549624615914,"Male",0
-1.07314300513256,-0.66631232188456,-1.3633980475614,0.430432443242863,-0.783586603622232,-0.351733553381852,-0.391043678430093,0.223611971157834,1.50054183967727,-0.358145864795345,0.320313020956098,-0.172585122705709,-0.481403865926618,-0.690900182020652,-0.343790807897869,-0.692999912865587,1.27752147687932,0.447207287044085,0.696795048154463,-0.771239316961184,0.0616193754809857,0.520315771878605,-0.939943911624284,-0.772435251361391,-0.570391265020455,-0.106919256445487,-1.15635807254151,-0.974240719302489,-0.944225080035761,0.848533849963273,0.518554820007724,1.16322714806356,"Female",1
2.60686952585155,1.06107458945504,0.0363655517526697,1.15073488371587,0.528526570145022,-0.685554251479024,0.0106750429456468,0.942706202512944,-0.712530635255039,0.430371004946123,-0.366832999153322,1.47028382735931,-0.481403865926618,-0.690900182020652,-0.343790807897869,0.278816509057178,0.254139629556883,-1.10841807550745,-1.17395237278504,-0.886673677544096,1.5723079912952,-0.181084178359757,-0.19966939190075,-0.944858455443331,-0.570391265020455,-0.106919256445487,-0.795224140251036,-1.15535404684875,-0.62444857144634,-0.386190157046981,-0.325569693638906,-1.25300841633861,"Female",1
0.340471435561115,-0.66631232188456,0.267593596163713,-0.450610989439097,1.50466185356668,-0.685554251479024,-0.792762399805834,-0.70331093101349,-1.69948741715104,-1.53915220868367,0.083928986721869,1.14373295880753,-0.481403865926618,0.457928977517119,-0.343790807897869,1.51830067786322,0.117034404613678,-2.23687248607943,-1.67277084479031,1.8519247914423,0.71542448900508,1.67250928195549,-0.620881807006342,-0.610867903526814,-0.19777385571061,-0.106919256445487,0.92664183206199,0.315257007412744,-0.648310572639666,-0.812271169757728,-0.86215831446281,1.4802565971048,"Male",0
0.754352948100892,1.06107458945504,1.50154393601719,0.976605407606505,-0.219211779960626,-0.685554251479024,-0.391043678430093,0.517954397039966,0.283387854490788,1.36629099522743,0.0910310743836,0.00348839505682325,0.902801013274772,0.227300984889464,-0.343790807897869,5.05098820695437,0.594279943559317,0.575836145657487,-0.916004996712429,-1.78176289625818,0.235833285251849,0.252051896856311,-0.767240041833283,1.12478587521774,1.29269578152877,-0.106919256445487,-0.0358009737811496,-1.45448081827831,-1.00187927188268,0.489959164935839,0.953994350696324,0.0935351705338165,"Female",0
0.460553645973834,0.0246424426512784,-0.999550302275168,-1.16806254082072,-0.68524380044691,0.205074093246631,0.0106750429456468,0.494753161926964,0.283387854490788,-0.44035714942019,0.0910310743836,-0.186522295827695,1.59393003172273,-0.00257216238199647,-0.343790807897869,-0.0305427738708983,0.514054111853432,-0.983117880804929,-0.159139904714376,-0.147490465094144,0.968730933264544,-0.799586821943518,-0.525816270641627,-1.41725312468734,0.174843553599235,1.05725234292288,-0.953707791832908,-0.593967094637407,1.83824286561875,-0.298563427125261,-0.0826042313331651,0.901306971935951,"Female",0
0.501533240729263,-1.01178970415248,-0.992181138343842,-1.44095566026164,-1.00541916412571,-0.685554251479024,0.0106750429456468,0.0127342959509775,0.283387854490788,0.479203213099908,0.0910310743836,-0.0416036661563613,0.386574017149056,-0.690900182020652,-0.343790807897869,-0.692999912865587,-0.68036958365596,1.18915836180467,0.982848579494806,-1.65870738741472,0.0931241439217463,-0.60751554750393,-0.253780916828647,-0.31446776783761,-0.570391265020455,0.669195143133427,-1.87255440050196,-1.61948182093243,1.40444668996173,1.32316761286014,1.76820401734875,-1.40678067797625,"Male",1
-0.0708666792955273,0.370119824919198,-0.020956037044668,0.795241997304066,0.690520699528632,-0.595759393709423,-1.59619984255731,2.41447017920896,-0.696548184626869,-0.0829278375210708,-0.256770824956353,-0.28619010803903,-0.481403865926618,2.14785400570032,3.11365561475726,0.946235675853322,-0.68036958365596,-0.209816262450463,0.126100172967994,0.824743626789222,-0.327554228694698,0.261165889418072,-0.156027627879346,-0.135217718539018,2.03793060014846,-1.65914805560331,0.726261705560133,1.24959395366969,-0.814224929210332,-0.63339290040717,0.273906357429305,0.384638472195378,"Male",0
-0.783235918956373,-0.66631232188456,-1.16849217612302,0.0130856192850503,-1.10561684397892,0.243074235954926,0.0106750429456468,-0.190225380511864,-1.40602187694805,-0.108998703337245,-0.107247617886767,0.0535807640481064,-0.481403865926618,-0.690900182020652,-0.343790807897869,0.249014138784888,-0.00098138565021765,-0.305891896504121,-0.164239370542628,-0.470171002584469,0.631086059862752,-0.206534535387392,-1.21297450052741,-0.866479458117236,-1.68824349294999,-0.106919256445487,-0.836768063318864,-0.804310148908657,-0.631713153774645,-0.104434802562545,0.604011591675334,1.37444088288814,"Male",0
0.243498963353456,0.0246424426512784,2.65238566805349,0.966271855344483,-0.0515980387452818,0.352050147722965,-0.792762399805834,-0.769745364245117,-0.786874883196155,1.59871560255358,-0.579966024525551,0.141483901919832,-0.481403865926618,0.394246651600394,-0.343790807897869,1.39572303979622,2.33243838976196,0.0184036525705421,-1.00793036063635,-1.09490343239674,0.439169807778952,-0.752818771406786,1.14264814900129,1.19327915032992,0.174843553599235,-0.106919256445487,0.292374561402289,0.242885639110872,-0.77452612945949,-0.450992808296056,-1.20959747640421,-1.31936439079751,"Male",0
-0.283796038273369,-0.320834939616641,0.521956600236354,-0.337581121019411,0.377634301689575,0.652205874476246,0.412393764321387,-0.895085814042945,0.283387854490788,-0.352264170444057,0.0910310743836,0.207688889141015,-0.481403865926618,-0.690900182020652,-0.343790807897869,-0.692999912865587,-0.68036958365596,-0.593451606761949,-1.06483653830353,1.65364988433077,-0.457646389065472,1.50922775455343,-1.34075134320217,0.735799004530536,-0.570391265020455,-0.106919256445487,1.28445441339731,0.80336782746038,-0.704288977834258,-0.564028814220041,-0.801798971610305,0.229573641571736,"Female",1
-0.85189529974695,0.715597207187117,-0.981634368762427,-1.1610855462159,0.540709190068399,-0.685554251479024,0.814112485697127,-0.381403934200904,0.283387854490788,-1.79492710201357,0.0910310743836,0.39375693790377,0.566580794036915,-0.690900182020652,-0.343790807897869,-0.0239558420911236,0.767190497322172,0.0868005487321447,0.569033588382339,-1.09893575403249,0.556854301981282,0.191842703923188,0.440054631794077,-1.05838094227644,-2.06086090225984,-0.106919256445487,0.36711529645117,-0.835752573643712,0.116178635568198,0.0457039737523082,1.11721226715954,-0.967333019804504,"Male",0
1.47468561035206,0.0246424426512784,0.8988691458335,-1.21274525642393,1.20931482974262,0.939658463524486,0.0106750429456468,-0.381208950469358,-0.57331079228347,0.689260637879727,-0.50904432863148,-0.755486892689727,-0.481403865926618,6.25800154970688,-0.343790807897869,-0.692999912865587,-0.68036958365596,0.390281681957486,0.378595006784044,0.385771615570737,-0.458750580190145,0.921348015935473,3.08727748470612,1.58301882829289,0.174843553599235,-0.106919256445487,-0.486459873008712,0.215173238181478,2.62740863373133,1.36403228058958,0.413773211035184,-1.13334769775637,"Female",0
0.463235163899103,1.75202935399087,-1.27871626872548,-0.464599782744394,-0.861628588454819,-0.297427793882791,0.412393764321387,3.15166500161936,-0.827091811222735,0.519136970878349,-0.337533462828598,-0.445261564185966,0.0843792633788496,0.43502287464291,-0.343790807897869,0.751806914819173,0.10113524533837,0.498976740371371,0.547257870594904,1.41461564833595,-1.51298213710633,-1.18631986560729,-0.803322787119682,0.621569299413756,1.66531319083862,-0.106919256445487,-1.8233174113294,-1.10301399438877,-0.301287739077839,1.87728207101017,2.64611657269017,-0.494869863998093,"Female",0
0.466011610683146,0.715597207187117,-0.800514180533372,0.616438329928467,-0.538010469559619,1.30945324070644,0.814112485697127,0.690147997079819,0.283387854490788,0.161927603971188,0.0910310743836,-0.143484126624808,-0.481403865926618,0.789890202133937,-0.343790807897869,-0.692999912865587,2.40308668565905,0.70245782879424,0.75297577855374,-0.503414921349774,-0.488117720843341,-0.623461193976688,-1.05153225906112,-0.231069019193736,0.54746096290908,-0.106919256445487,-1.50944648716539,-0.38810404772591,0.927238806170229,0.718059117628581,0.0994868273613992,0.0531873967373429,"Female",0
0.694627795299368,1.75202935399087,0.0284317678360836,2.04933572825122,2.42488853249407,-0.685554251479024,0.814112485697127,-0.214851332011684,1.40766229866038,-1.57758049731084,0.0958877068654592,-0.755486892689727,-0.481403865926618,0.828979389293317,3.76983074673118,0.282169912859542,-0.68036958365596,0.364851775487618,1.369758193197,-0.172909333561749,-0.109387251675388,1.20680196901745,1.80025131117738,-0.620729079970256,0.920078372218926,-1.65914805560331,0.445477847657641,0.808181811100243,-0.460112748070703,0.216834797819392,0.876490864237983,0.198430002836931,"Male",0
-1.72613750009352,-1.01178970415248,0.728963445011443,-0.262750124799377,1.22715295242435,1.70614391965452,-3.60479344943601,-1.21908582516758,-2.059760178018,-1.99756295324564,0.128917533844146,-0.755486892689727,-0.481403865926618,-0.690900182020652,-0.343790807897869,10.7392094518246,-0.68036958365596,-0.233733522608206,-0.3059954215474,-1.44467405785713,0.64694138678889,2.07199418394887,3.17772027789558,1.1559700898958,-1.31562608364015,-0.106919256445487,0.975808078847416,-0.367271475720959,0.0226690065123871,0.574234231901241,-0.62505456205685,2.08869695385062,"Male",0
0.0573369528304826,-0.320834939616641,0.196618707588284,-0.73906494273049,-0.13173803044447,0.572095820421948,-0.391043678430093,-0.84467835645182,-0.747019273657051,0.0851174535717749,-0.276327468062551,0.779745852543338,2.31852478915628,0.237754888118045,-0.343790807897869,1.98825450359686,0.608792082389079,-0.915597392228131,-0.283429413657232,-0.656039930314725,0.999850276435215,-0.356209475394029,0.126136509136153,-0.870329583245603,-0.19777385571061,1.05725234292288,-0.425418607898364,0.679199934449613,0.450103370083777,-1.00875487789444,-0.839037173340803,0.996763813619288,"Female",0
-1.10060694811813,-0.66631232188456,0.606804615355244,-1.05202826491787,2.54994549367075,-0.685554251479024,-0.792762399805834,-1.36633234253749,-0.659363111713923,-2.02579420243362,0.191914538645236,0.147490402776602,-0.481403865926618,0.40151325986126,-0.343790807897869,-0.692999912865587,2.73173632150681,-1.71426297744407,-0.0623097364323851,-0.32426916321066,1.71009768335412,2.30624571018472,3.81178840648317,-1.2299359969512,0.174843553599235,-0.106919256445487,2.40805679696547,1.35351589530361,0.187748004837372,-1.43029938382629,-1.10668020699824,-0.609255680667014,"Female",0
-0.198886588703514,-1.3572670864204,-0.353942122230708,1.63472227048514,-1.0815078004358,-0.620866508546319,-1.19448112118157,0.0579307056739775,-1.11977637427901,0.346676117405346,-0.220561970808568,0.588479314515967,-0.481403865926618,0.122058658449605,-0.343790807897869,0.0894037845185224,1.57673406420363,-1.33017179468291,-1.44465218924499,0.496205137249954,0.777576638539142,-0.539765552101233,0.0535934516386795,-0.29406327717599,-0.19777385571061,1.05725234292288,-0.132836264915125,-0.610264066041128,-0.569080834661487,-0.366867237758257,-0.704374643187982,-0.22442543688132,"Male",0
0.145652692638271,-1.3572670864204,0.49206783693908,0.213707461465087,-0.808477109974038,-0.158138477682866,-0.391043678430093,-0.23136702108736,-1.03235181173884,0.709456363913989,-0.30313140701606,-0.125371895230373,-0.481403865926618,-0.690900182020652,-0.343790807897869,4.44259071139712,2.49434162197835,-1.50822638597897,-1.71899166475812,0.285160531700178,0.768449499680799,-0.701024248148817,-0.706919413327372,-0.0637223717730666,-0.570391265020455,-0.106919256445487,0.310095358733068,-0.17036159233009,-0.471230253568199,-0.966449847927947,-0.648440909590653,1.27636434989743,"Male",1
0.430648922621631,-1.01178970415248,0.76171470669373,1.1317683944483,-0.129857605602683,-0.587228882221311,-1.19448112118157,-0.00241255172012149,-1.01976682881594,0.179286511004991,-0.215653998813989,0.99195945015655,0.315336091540249,1.42314397332748,-0.343790807897869,-0.184353016726044,0.420151255446201,-1.44504686101444,-1.65190426536038,0.246161394296335,1.12842280489152,0.237254076294809,0.0624799744256165,-0.0641489998737501,0.174843553599235,-0.106919256445487,0.541164221984121,-0.138602962649285,-1.14237205483327,-0.860135379846843,-1.29576291694905,1.50810774019528,"Male",0
0.300779958722987,1.06107458945504,-0.13889894749556,0.717951546876069,0.301631135768387,-0.603616443764264,0.814112485697127,0.165904539803906,0.283387854490788,0.125997465800943,0.0910310743836,-0.755486892689727,-0.481403865926618,-0.0682523169276551,-0.343790807897869,1.10473682692539,-0.68036958365596,0.204387284000371,0.653860346736362,0.390337088842216,-0.403625313355292,-0.526182430542454,-0.650471277078981,-0.278340188905662,0.54746096290908,-0.106919256445487,-0.159945408634258,1.11355741451453,-0.923969677407726,-0.455883035889606,0.0024113102522513,-0.345064473132646,"Female",0
-0.989595290139564,2.09750673625879,2.23070674743908,-0.36190329383939,2.42104738899,-0.685554251479024,1.21583120707287,-1.06058529705729,-0.768221066417297,-1.29492382443844,0.0255300912472828,1.00718774072602,-0.481403865926618,2.50780061512378,1.82056563097557,-0.692999912865587,-0.68036958365596,0.190867864403819,-0.302368144723575,-1.30877988036024,0.784077874581424,3.02465108076861,3.78895247156887,0.992346694135681,2.03793060014846,-1.65914805560331,3.88943581958941,1.30342431104444,-0.695263797060448,-1.1684507884317,-0.982924636502681,-1.75027196371227,"Female",0
-0.478411669076459,-2.04822185095624,-1.5910864117537,-1.25423151057233,0.593099502690212,-0.607518244131633,0.0106750429456468,-0.468150564428983,-0.0984859546047893,-2.01944655398411,0.336357473898821,-0.755486892689727,-0.481403865926618,-0.690900182020652,-0.343790807897869,-0.692999912865587,0.752938850955304,0.603547187154516,1.77038770597557,0.114425555596053,-0.616132758213252,-1.07351397508722,0.0185105908014817,-1.23889377670479,-2.06086090225984,-0.106919256445487,-0.748694242544613,-0.839236514263399,2.10149487616285,0.936980262810552,0.596300609642923,0.111265794426716,"Male",0
-0.344406671543688,2.78846150079463,-1.16886123000451,1.74121716514399,-0.605472632099163,-0.685554251479024,4.02786225670305,0.41811774123794,-0.621007076686318,-0.474369053980555,-0.188707113961176,-0.32236716210203,-0.481403865926618,-0.166916004329978,-0.343790807897869,0.819870619763651,0.410724952755829,-0.637265267112547,0.221645197716443,0.528331387007974,0.207949144487008,-0.938456743799558,-0.837726052487831,-1.23832088800678,0.54746096290908,-0.106919256445487,-0.814544418975545,0.136904263717044,-1.04720824231913,-0.306288882317151,1.35384762867869,-0.84168335890896,"Female",0
-0.0409785898766974,0.0246424426512784,0.709821748056768,-0.766410352441171,-1.05384266799719,-0.685554251479024,0.412393764321387,0.138127207305185,-0.437350085542843,1.54779596027356,-0.889516823747417,0.280009255012263,0.148102277942273,0.144255486858343,-0.343790807897869,0.914532598483346,-0.68036958365596,0.486124097277674,-1.05687355781085,0.993866699300066,-1.2026663754481,0.527978220595946,-0.511325657947922,2.39662368400769,0.920078372218926,-0.106919256445487,0.240198758169201,-0.826847478732804,-0.165348940474581,1.21908904389146,0.39565212150392,0.0374698105639809,"Male",0
-0.915160561224538,0.715597207187117,-0.969282710006194,-0.137252979792498,-1.22735273627781,-0.437675169316724,-0.792762399805834,0.0784961024422857,-0.864049137656942,0.298045881441799,-0.280496760853381,-0.11438732316689,0.68782149162384,-0.690900182020652,-0.343790807897869,-0.319777229961285,-0.41119834831296,1.31619306180993,0.872679025883234,1.23327600531147,-2.12007699848282,-1.50752137818614,-0.769081207134429,1.08670295154623,-0.570391265020455,-0.106919256445487,-0.295844979473258,-0.418430375298109,-0.573412058992091,1.3014166995314,2.0171743878794,-0.136511017518515,"Male",1
-2.10864932626585,-1.70274446868832,1.02996179586185,2.95992207223858,0.0531949901514246,-0.685554251479024,0.0106750429456468,-1.72453465216145,1.79936930768429,-0.537225800231649,0.248612346664415,0.26092976150353,-0.481403865926618,-0.690900182020652,-0.343790807897869,0.490434825388777,0.173133177657786,-1.09087321611787,-0.93586826630403,1.22641700273491,0.163314078036807,1.76555513726902,-0.0170484503983163,0.285675323387218,-1.31562608364015,-0.106919256445487,2.78639868724361,2.75796613960804,-1.28886387789007,-2.17957004171297,-1.19984068314446,-2.06016084106107,"Female",0
1.65057334155782,0.715597207187117,1.02939471306835,-1.43425154726359,0.618709745883045,3.4743652171165,-0.391043678430093,0.13588342793281,-0.448592098472315,0.335823466469104,-0.502948506996527,0.296160841371564,-0.481403865926618,-0.690900182020652,-0.343790807897869,0.531455093612479,-0.68036958365596,0.109058950560365,-0.425948810525303,-1.77759994481874,1.16601786102593,-0.00569655878136578,-0.0435634256334516,-0.152045479466265,-0.570391265020455,-0.106919256445487,-0.238754128266345,-0.634094361903776,2.53765469313861,-0.406657440067999,0.659512335150695,-0.152741371862417,"Male",1
-0.354763614833046,0.0246424426512784,-0.55321594996054,-0.588087061577359,-1.08149045560965,0.801932103958162,0.0106750429456468,0.226783582746417,0.96227462621626,0.152751652667194,0.670957409533516,1.52037149475846,-0.481403865926618,-0.346736172201324,-0.343790807897869,-0.0305427738708983,-0.68036958365596,0.32354746927932,0.0131393462400826,-0.605843501301991,0.0729384119944843,-1.41592291651685,-1.0338546746552,-0.495729826777519,0.54746096290908,1.05725234292288,-0.338667143968022,-0.790182630338201,0.13554175046703,-0.0679286050039089,0.166412147390468,-0.0117895586230002,"Male",0
-0.568580020487054,1.06107458945504,-1.38404404316481,-0.349235599464378,-0.99500391363802,0.148721608889444,2.01926864982435,0.986145472996308,0.283387854490788,0.162837426777174,0.0910310743836,1.92059135451368,-0.481403865926618,0.118473393442009,-0.343790807897869,-0.173697789574257,-0.68036958365596,0.82288544465212,0.707536794574495,1.33333131450821,-1.80145672707556,-1.03432759347709,-0.808122065154131,0.477249585857145,0.174843553599235,-0.106919256445487,-1.11717614778142,-0.594507931284874,-0.360992575253802,1.47871236271537,2.44427505533967,-0.484554074570006,"Male",0
0.345189253847057,-0.320834939616641,-0.846677191471218,1.41359721452786,-0.341353670944893,-0.685554251479024,1.21583120707287,-0.636976014753728,0.283387854490788,-0.110702946304404,0.0910310743836,-0.755486892689727,-0.481403865926618,-0.0186457562471769,-0.343790807897869,0.60097543280812,-0.213756810300376,-2.25548839364943,-0.638587380584891,1.40637669611597,1.29509321278051,-0.051366843885471,-0.556322501337889,-1.85776151434752,-0.19777385571061,1.44530954271234,-1.00079332128484,0.918347975166367,-1.17385910551694,-1.10248146977471,-1.26262261108627,1.50459421137463,"Female",0
1.29629155222997,-1.70274446868832,-0.937299198309016,-1.23403819782297,-0.690600477074863,2.19548479397545,-1.59619984255731,1.99270991772189,0.283387854490788,0.429846575323464,0.0910310743836,-0.755486892689727,-0.481403865926618,-0.690900182020652,-0.343790807897869,-0.692999912865587,0.0881691018708887,-0.408284372520048,-0.34958253371064,-0.910869002773213,1.16313630639781,-0.318897346474997,-0.956598026598188,-1.05851678903919,-0.570391265020455,-0.106919256445487,-1.55200412040072,-1.56161599496275,0.630381064962175,0.307691585257724,-0.0269328529694818,-0.409235917008181,"Female",1
2.48233379306163,-0.66631232188456,1.58797126466177,-0.571874437725003,2.03306706697489,-0.685554251479024,0.0106750429456468,-0.284072967270885,0.283387854490788,-1.10484467714686,0.0910310743836,-0.755486892689727,-0.481403865926618,-0.690900182020652,-0.343790807897869,-0.692999912865587,-0.68036958365596,-2.17952693172587,-1.69299319178364,-1.32215503590939,3.26916853226576,1.33087408616041,0.057989242290765,-1.81905165585681,-0.570391265020455,-0.106919256445487,-0.306676018694467,-0.636013280859006,-0.41822417389995,-1.54225355897274,-1.21050415894824,-2.92333048484304,"Male",1
-2.50313411322816,-1.70274446868832,-0.039556352671332,1.18204145693511,-0.342724568822331,-0.685554251479024,-1.19448112118157,-1.18943631101482,1.68005595257184,-1.2431749826409,0.148662941404139,-0.755486892689727,-0.481403865926618,-0.690900182020652,-0.343790807897869,-0.692999912865587,-0.68036958365596,-0.224785311559606,-0.562560484032735,-0.865031230110002,1.02423944419794,1.15499755205063,0.795688387417483,-0.158828836143822,-1.31562608364015,-0.106919256445487,2.19837552847463,-0.374587224860829,-1.11110921489567,-0.945164624858336,-1.09912923563493,-0.609255680667014,"Male",0
1.78882679644517,-0.320834939616641,0.0408235827153231,0.876544978155399,0.574950749805223,-0.522584026189998,-0.391043678430093,0.520053965764813,0.283387854490788,-0.893850009627661,0.0910310743836,0.882301886131791,-0.481403865926618,-0.0304396935414562,-0.343790807897869,-0.692999912865587,0.236483585042738,-1.3031715394288,-0.488632690750354,-2.14340718551571,2.76226880908055,-1.02527174366313,-0.16087486070244,-2.69104215238454,0.174843553599235,-0.106919256445487,-0.0425180168989384,-0.340157930036585,-0.499353920253647,-2.08194818961885,-1.0505837045446,1.57586865316486,"Female",0
-0.613072826157578,0.370119824919198,0.0926860099115234,1.07401511023669,-0.651655522899216,-0.0654843552592167,0.412393764321387,-0.280345874071115,-0.291241305862558,0.343841070397165,-0.668728662848763,-0.755486892689727,-0.481403865926618,0.640803823321087,-0.343790807897869,-0.692999912865587,0.243968100705577,0.230404705986142,0.0684093426687389,0.244314520958745,-0.291003667290745,-0.279404748473682,0.133596841506601,0.419484160863532,0.174843553599235,1.44530954271234,0.590337110806937,0.43956820667636,-1.0326718516191,-0.26124496465373,-0.465014349671154,-0.0851882529632466,"Female",0
-0.0826660172748653,-0.66631232188456,-0.269342719422815,-1.23049805506629,0.520179037982305,-0.685554251479024,-0.792762399805834,-0.895625048884369,0.983342168146255,-1.17364133076917,0.22831751674906,-0.755486892689727,2.08628012693073,-0.690900182020652,-0.343790807897869,-0.692999912865587,0.107783778299645,-0.74870203037964,-0.555981761669337,0.824743626789222,0.165027737757747,1.16493482624023,-0.754660881531403,-0.184256193564379,-1.31562608364015,0.28113794334397,0.861542107921134,-0.58463433713888,0.74288489076503,-0.0355158888688568,-0.0763688933402021,-0.166395479485065,"Female",0
-0.52189932029473,-0.66631232188456,0.6812058778619,1.07094368985361,-0.325507042003119,-0.666461946768789,-0.391043678430093,-0.762030624616754,-1.28039776547728,0.397200732100847,-0.19580664465257,0.118236278733401,0.315336091540249,-0.162389143183636,-0.343790807897869,0.324293879413523,2.25435265394983,-2.09001381374424,-1.8635509995783,0.799197354830362,1.23423913362104,1.07855950128476,0.173931781045065,-0.246745826966031,0.174843553599235,-0.106919256445487,0.981921213261806,1.61907292140911,-0.969102125966176,-1.77086183881292,-0.756334818485247,0.677190908853336,"Female",0
0.303354606875226,0.715597207187117,0.0472389448495057,-0.816266918990335,-0.454167848030604,-0.523032979978673,-1.19448112118157,0.32394844932266,-0.302399153636407,1.30077246565219,-1.02079292427947,-0.194413621720374,-0.481403865926618,-0.0121190142493869,-0.343790807897869,-0.692999912865587,-0.68036958365596,2.25131251717457,0.815277273360913,-0.895821952780426,-1.43690158064654,0.181098981180185,-0.543935333990635,1.74225532528919,0.174843553599235,-0.106919256445487,-0.520250573337657,-0.980002791435709,0.650605304782933,1.67892339179059,0.644987400540282,-0.697040144622231,"Female",0
0.226674891646461,0.0246424426512784,-0.475248528491561,-1.60952347117483,0.632622130235754,2.36975383280017,0.0106750429456468,-0.346531143338518,0.283387854490788,-0.761309214172345,0.0910310743836,0.340810745166415,-0.481403865926618,-0.690900182020652,-0.343790807897869,-0.692999912865587,-0.68036958365596,-0.157346355120154,0.0543182891511484,0.46497779060519,-0.0637553811198953,0.434755654722326,0.125605794435007,-0.19701417080675,-0.570391265020455,-0.106919256445487,-0.0236463243299117,-0.298447354892921,4.28315142114821,0.300725487846857,0.0972136906286844,-0.101979450222236,"Male",1
-0.111667878680087,-1.70274446868832,-0.481313848804603,-0.54280128494166,-1.36829227403497,-0.685554251479024,0.814112485697127,0.0191426691804375,-2.24566862969909,1.12480706105777,-0.150881169611696,0.455692234163316,-0.481403865926618,-0.690900182020652,-0.343790807897869,-0.692999912865587,0.336678616951437,-1.80872583136607,-1.19756082693449,3.46502938015906,-0.649967390522852,-1.96172686986157,-0.90521535250976,-0.0838300950094447,-0.570391265020455,1.05725234292288,-0.320743803730843,1.32647777424251,-0.501991222119087,-0.725010961783347,-0.56286229718674,2.66424864266423,"Male",1
-1.18237790848462,-0.320834939616641,-0.899820950404544,-0.636462100495183,-1.58088566452604,1.42141794690053,-0.391043678430093,-0.577270721187256,0.929384233903004,0.80365016742144,0.92656206193486,-0.755486892689727,-0.481403865926618,-0.690900182020652,-0.343790807897869,-0.692999912865587,-0.68036958365596,1.42316092234808,0.79868846183414,0.22925918565241,-1.36570054079469,-1.0427191666503,-0.395737303324604,0.934073054872711,-1.31562608364015,1.05725234292288,-0.689692484462501,-1.20740324479406,-0.139156670614965,1.54972527049606,-0.309739779165386,-0.930357642393566,"Male",0
0.0986884253422968,0.715597207187117,0.90690482967325,-0.971486481605363,-0.584338881609044,-0.685554251479024,0.814112485697127,-0.646974366432322,0.283387854490788,0.98995396998546,0.0910310743836,-0.0104890503897016,0.87730921071122,-0.690900182020652,-0.343790807897869,-0.692999912865587,-0.68036958365596,0.93111591787315,-0.0593892665926788,-1.50210999475498,0.213036859859925,0.100135236310256,-0.12163102103967,0.719117408053872,-0.570391265020455,0.669195143133427,0.0933337825433339,-0.409676260001304,0.0964215211315589,0.0381051628616692,-0.409454710507132,0.0582836285303103,"Male",1
0.781845379370899,0.0246424426512784,-0.742880787304566,0.636694115073049,-0.231338318222243,-0.685554251479024,-0.792762399805834,0.0927195650270061,-0.439818366159401,-0.249650640141245,-0.32851053890856,-0.755486892689727,-0.481403865926618,-0.690900182020652,-0.343790807897869,-0.28974047294674,-0.68036958365596,-0.483609251684538,0.461301397695586,-1.64745301851601,1.79998202814699,0.457124351104895,-0.330082296492566,-1.83031993658185,-0.570391265020455,-0.106919256445487,-1.68979068592143,0.175439714874261,-0.273398057689398,-0.639861214899996,1.16930601885072,0.317288320286849,"Male",1
0.128528655678942,-0.66631232188456,-0.709410136406466,-0.815770924187955,0.492690097950164,-0.685554251479024,-0.792762399805834,-0.290902320791214,0.851524029981385,-1.27256119666581,0.221103840421708,-0.755486892689727,0.90801459097422,-0.690900182020652,-0.343790807897869,-0.692999912865587,-0.68036958365596,0.134508111730812,1.12331851933984,-0.00654413192611405,0.00675643519487275,-1.29404854753343,2.63804517033393,-0.503791266234356,-0.570391265020455,-0.106919256445487,-0.292799705822169,-0.398305840110911,-0.0336704683393633,0.626488831576964,1.65100548214694,-0.663397958749658,"Male",1
0.456499471322327,0.0246424426512784,0.93583778488899,-0.78455348546943,0.0707885922966407,2.34321828369158,0.0106750429456468,-0.251471661828987,0.283387854490788,1.25067457183996,0.0910310743836,-0.755486892689727,-0.481403865926618,1.62853688889448,-0.343790807897869,0.42313048008519,1.73451737608008,1.42198238146507,0.839834804019182,-0.817021051159432,-0.940094180415182,-1.39726081781334,0.491120453438346,0.933751314063635,0.174843553599235,-0.106919256445487,0.427170199866263,0.896248052094915,0.353813188108551,-0.147955921413653,-0.923812168848683,-1.10652575792232,"Female",0
-0.650002956864205,-1.3572670864204,-1.05965280830201,-0.640878491264166,-0.883943751941757,0.0126140509426023,-0.792762399805834,-0.409809458662904,0.283387854490788,-0.124889466636919,0.0910310743836,0.658967052656117,-0.481403865926618,-0.690900182020652,-0.343790807897869,-0.692999912865587,-0.0864987812034045,-1.22379362897854,-0.271482842836777,0.226209206908981,1.07076647192992,0.0215960204571271,-0.388782934893713,-1.50409417086415,-1.31562608364015,-0.106919256445487,-0.913421912567169,0.564116206981256,-0.366655837680155,-0.783622327495866,-0.956402218941493,-0.144494532523958,"Female",0
-0.271074299982858,0.0246424426512784,0.216197987195299,1.86204128318261,-0.526937189472635,-0.685554251479024,0.814112485697127,-0.153113813478747,0.759976020660625,0.100509307344393,0.892524780312981,1.16173504270796,-0.481403865926618,0.0822455082843932,-0.343790807897869,0.0510870157682722,-0.68036958365596,0.163974170348075,-0.263160646759866,-1.36862736250639,0.788462077361855,-0.281916431820042,-0.690920152785508,-0.552083491226979,0.174843553599235,-0.106919256445487,0.565335729291834,-0.0587915458421183,-1.13409789919254,-0.962126512165669,0.748189574369464,-0.493031485959936,"Male",0
0.397179051592311,-1.01178970415248,0.187686554482894,2.74126169127114,1.67055797901512,-0.474857031641069,0.412393764321387,-0.633498688186404,0.283387854490788,-1.45093285251643,0.0910310743836,0.820618932124216,2.39306834425913,-0.690900182020652,3.52675310941215,1.14209239554441,1.9665974215612,-2.7551767013575,-1.23452041352933,0.857569745469963,1.67033067020333,1.5513840761736,-0.0897892470856403,-1.82608981194603,-0.570391265020455,-0.494976456234944,0.767021515102668,1.31671353742044,-1.08190254141045,-1.91279323501543,-1.14841357670042,0.934820419311956,"Female",1
-0.235905380259404,0.0246424426512784,-0.892211730375455,0.000556088939664658,0.604184641664069,-0.435362472197313,1.21583120707287,-0.282279191133334,-0.485924409370246,-1.24263219204907,-0.0137565168120063,-0.38705899800037,0.862459887469276,-0.690900182020652,-0.343790807897869,-0.692999912865587,-0.0616189479494597,0.908410267955788,1.5998030050305,-0.423361027870297,-0.609355008998093,-0.644660809099946,-0.14032577204585,-0.710638221477798,-0.570391265020455,-0.106919256445487,-0.383702907254306,0.156584134819176,-0.638774892054298,0.329605889331723,0.663236217563159,0.552665010286794,"Female",1
0.13597180120952,-0.66631232188456,-0.0987182476719834,-0.75842827308331,0.49177811048785,0.421713420342061,0.0106750429456468,-0.817449067291321,0.140241800310241,-0.652731727721671,-1.3967751240329,-0.755486892689727,1.2689667167883,-0.690900182020652,-0.343790807897869,0.983181673701087,-0.68036958365596,-0.123106884946861,0.00210366468428175,1.01342200383696,-0.587441894542681,-0.47106920411637,-0.730374692593205,0.0445318518386492,-0.570391265020455,-0.106919256445487,0.294904977747122,-0.478402428592991,-0.01947379956736,0.290276469516035,0.922402064756738,-0.210759912780728,"Female",1
0.239792688324122,-0.66631232188456,-1.20633319382985,1.50461385066105,0.180700587046079,-0.685554251479024,0.0106750429456468,-0.0542774852763108,-1.91636439998687,-1.17852776707994,0.0478453743625921,-0.755486892689727,-0.481403865926618,-0.690900182020652,-0.343790807897869,-0.692999912865587,0.204250465830678,0.0632352315672235,0.940217065438766,0.818836415928873,-0.525692167123487,-2.36717775692605,-0.75715518675495,-1.08840307684452,-1.68824349294999,-0.106919256445487,-0.737162230397148,-0.30730846044953,-0.89431370320961,0.112254849778397,-0.79533783522005,-0.445136900228997,"Male",0
-0.155977332896351,0.370119824919198,0.218572495573171,-0.979371599544761,0.0926937360180258,-0.419810010241964,0.412393764321387,-0.431250401192128,-0.469636318203147,0.104739647773686,-0.417493902784488,-0.12438887651357,-0.481403865926618,-0.690900182020652,-0.343790807897869,0.776600791737338,-0.68036958365596,0.0527209090880214,-0.340503459385313,0.91473018277911,-0.650425067619846,1.88541209100797,-0.0611428563176463,1.27121492555815,-0.570391265020455,-0.106919256445487,0.363368332924034,0.63184431365249,0.425327582249131,0.467435110129797,0.932225615685086,-0.596631159094858,"Female",1
-0.535442849239122,0.0246424426512784,-1.40900459068447,-0.904039560543075,-0.011958150666383,1.54450566982992,-0.792762399805834,-0.0740103488909608,0.283387854490788,-1.04534566829343,0.0910310743836,0.608876778031731,-0.481403865926618,-0.690900182020652,-0.343790807897869,-0.692999912865587,-0.68036958365596,-0.102000162651575,0.485352996326722,1.52111996773045,-0.880838344340271,-0.664701950581015,-0.00480459011024303,-0.319876933938067,-0.570391265020455,-0.106919256445487,-0.358719059412747,-0.654684718248024,0.679663049626193,0.910977589538378,-0.19933406714125,-0.542639201522432,"Male",1
0.32813666679375,0.0246424426512784,0.484291921925988,0.230102298580843,1.16979841418456,-0.565645264579375,0.0106750429456468,-0.512180854652002,-0.0793540002412798,-0.543401624128338,-0.563717142610608,-0.755486892689727,0.997115574182291,0.289863789849277,-0.343790807897869,-0.692999912865587,0.000380113744578652,0.70426852855451,0.627751615877614,-0.689234098069839,-0.144553991427797,0.189625061753791,1.06331273086203,0.507884046122263,0.174843553599235,-0.106919256445487,-0.0695611824773763,-0.520632029691119,-0.491524621326479,0.7064114684081,-0.0228049767330175,-1.22337756875766,"Male",0
-0.0775037300753087,0.715597207187117,0.169492348837597,1.07443910789272,0.762899913352085,-0.517188893161024,0.814112485697127,-0.265079151825459,-0.474364884436701,-0.756148183081465,-0.15940611805806,-0.755486892689727,-0.481403865926618,0.0773905902919014,1.21576901226369,-0.692999912865587,-0.147097842678142,-0.634253763452316,0.294032956979959,-1.80939284519963,2.03857612531392,1.6111441364923,2.05619007870924,-1.3102935156931,0.920078372218926,-0.8830336560244,0.120473090591917,0.945724200810648,-0.235298447223966,-1.10707839056772,-0.722872047896563,0.106773091370575,"Male",0
-0.561870757241188,0.0246424426512784,1.82386851081886,1.4138953182526,-0.975743970889727,-0.685554251479024,0.0106750429456468,-0.956520130592087,0.736361291706264,1.51428347912994,1.63460655866159,-0.755486892689727,-0.481403865926618,-0.690900182020652,-0.343790807897869,3.55030662610051,-0.425343983803955,0.970889159366906,-0.455273968517176,-1.88445380500921,0.243654242451356,0.161934502773746,0.492222075624949,1.47024010346252,-0.570391265020455,1.05725234292288,0.261413055705553,-0.266941201802753,0.0439003742329713,0.0309148901909562,0.581587945438385,-1.46659259340292,"Female",1
0.93829256880038,0.370119824919198,-0.536919687478721,-1.06690105125411,-0.519501837043988,1.31428376732191,0.412393764321387,1.0266840465128,0.95828787504002,0.0661725440103716,0.645599271002652,1.05450786511302,1.16911336139853,0.403957137807291,-0.343790807897869,-0.692999912865587,0.0795724722788631,-1.07222293643747,-0.219264207060899,-0.985094383610116,1.65040268151032,-0.731564642974946,0.245739656450891,-1.72968124430777,0.54746096290908,-0.106919256445487,-1.22834339208756,0.0624989761467871,0.6076700291469,-0.816330863364134,-0.888272329537423,0.89324019658243,"Female",0
0.689454444974275,-0.66631232188456,-1.17799777758077,0.441406792113147,0.0467555490022607,1.95760083609389,-0.792762399805834,0.212940865814566,-0.469956844950885,-0.82769100017496,-0.139563252162123,-0.755486892689727,-0.481403865926618,-0.690900182020652,-0.343790807897869,-0.692999912865587,-0.68036958365596,-0.10447707107076,0.745277275381394,1.38401961502567,-0.672056241379941,-1.580481311297,-0.66075496137849,-0.787023101679772,-0.570391265020455,-0.106919256445487,-0.747158386216234,-0.264008733524213,1.27269171658197,0.410562919502599,-0.346538582499069,-0.57424367417357,"Female",1
0.0440139391262977,0.0246424426512784,-0.574105016127667,0.0293931741978268,-0.645130929903043,0.805445200379728,0.0106750429456468,0.180112152318564,0.283387854490788,0.615287684012373,0.0910310743836,-0.755486892689727,-0.481403865926618,-0.690900182020652,-0.343790807897869,-0.692999912865587,-0.140315372204666,-0.979408292597786,-0.671650134262842,1.59426148251239,-0.0102102395456858,0.278048695471584,-0.191431693119184,0.0141586219198003,-0.570391265020455,-0.106919256445487,-0.559977477778442,0.217722609485743,0.645966241340027,0.171611036504367,0.211510423889852,0.667223722739779,"Male",1
0.430108630007705,1.06107458945504,-0.51078617990319,-0.202110068365718,0.801263973613882,0.0565240070697483,0.814112485697127,0.401051399314372,0.681908738487493,-0.461716100855324,0.732986922792724,-0.755486892689727,0.49320802392058,-0.690900182020652,3.59322215951129,-0.0707977651440237,0.217104918333122,1.38843411097376,1.0679799382796,-1.02760787279651,-0.622322565290415,0.216693771985278,-0.946033731443946,-0.200192078447126,-1.31562608364015,-2.04720525539277,-0.602774427014187,-0.853946199403453,0.565637614494384,0.981636108724215,1.33980580379763,0.865093142494391,"Female",0
-0.252944126630106,0.0246424426512784,-0.0885170810913476,0.64897869608818,-0.64983151498131,-0.0843801187892072,0.0106750429456468,0.0672628699478263,-0.303110923998655,1.02449585445775,-0.913749113453436,0.47335219713078,-0.481403865926618,-0.0962449913000112,0.863304702968345,0.451610113441185,-0.267618552060743,1.18515048935093,0.441932563317985,0.23150010737176,-1.35125364210437,-0.761476665157426,-0.13929790147109,1.1699326544325,0.920078372218926,-1.27109085581386,-0.398801130357081,-0.109984667574701,-0.877284689304413,0.952833654506447,0.806784605509598,-0.142251020884041,"Female",0
0.429495293876044,0.370119824919198,0.659743975215748,-0.076007865489422,-1.0293872882307,0.398916732981039,0.412393764321387,-0.0699451563669895,0.441542669266936,1.62542742658902,4.66968820713251,0.835078618590411,1.45249181065094,-0.0494831152276113,-0.343790807897869,-0.0756905736451029,0.655255969435271,0.868409305603301,-0.379874106199409,0.446540562172418,-1.35731324234102,-1.46878762595383,-1.42641683405681,1.43754836579345,0.920078372218926,1.05725234292288,0.129290388719389,-0.595381492339052,1.33080309993068,0.508507313456664,-0.0892110445465445,0.150379817360376,"Male",0
1.57414495776624,0.0246424426512784,-0.51596730307721,-0.509951799874951,0.898490366394671,-0.685554251479024,0.0106750429456468,0.203634336678231,0.571732236030102,-0.568180364108063,0.895433224931713,-0.755486892689727,-0.481403865926618,-0.106191434155541,-0.343790807897869,-0.692999912865587,-0.68036958365596,1.19239964042789,1.2265039631774,-0.70511812204747,-0.48301112353871,-0.335677933554983,-0.969081729135802,-0.461847943469007,0.174843553599235,-0.106919256445487,-0.923286426454646,-1.04477052970626,-0.299335405245784,0.968510983499953,0.739151800605366,-1.36248402284259,"Female",0
-0.414237904943291,-0.66631232188456,0.572622883496819,0.0780563939169235,0.104333072473117,-0.384558223139089,-1.19448112118157,-0.631188749054798,-0.0303178396362511,-0.282031671776534,-0.853005327097324,-0.0543884033155331,0.797246395103432,-0.690900182020652,-0.343790807897869,-0.692999912865587,-0.68036958365596,-0.350975247959022,-0.765610640483351,-0.0832030189412002,0.486739383358403,1.93517464371388,-0.40129088812778,0.434036537474649,-0.570391265020455,-0.106919256445487,0.923320939848558,0.534527281832402,-0.737180747765475,-0.58935516558849,-0.389177750784528,-0.417175922821039,"Male",1
0.980038164918357,0.0246424426512784,0.487231157755261,0.275730201412851,-0.156629069300827,0.862159894244226,0.0106750429456468,0.384423203005639,-2.16929758604179,0.359706320591434,-0.0884211561964491,-0.755486892689727,-0.481403865926618,-0.690900182020652,-0.343790807897869,-0.692999912865587,0.700500737493922,0.472083904981405,-0.211243873295725,-1.8691091864602,0.909907784588273,0.0388975126792887,-1.4126707668465,-0.368848176789934,-0.570391265020455,0.28113794334397,-0.418672431495163,-0.771039651245442,-0.928937983712715,-0.381736612106305,-0.772054460840751,-0.116899339352965,"Male",1
0.221023998698906,-0.66631232188456,-0.411913173664914,-1.18146655145611,-1.23776213998503,1.20531823424621,0.0106750429456468,0.259209128196027,-0.4361222525956,1.65663076547024,-0.925129682924157,-0.0663321595229311,-0.481403865926618,-0.690900182020652,-0.343790807897869,-0.692999912865587,-0.101674355371693,1.63267732568217,0.483312020906256,0.106896027744014,-1.59738419122287,-1.05426440938505,-0.777300844446352,1.51078751727825,-0.570391265020455,-0.106919256445487,-1.15879119241568,-1.34523526582571,1.62274717671476,1.8445049942462,0.853732463209444,-0.627159547623888,"Female",1
-0.720203239277233,1.06107458945504,-1.17772289929304,-0.490585779166719,0.399687387323644,-0.286937889623433,1.21583120707287,0.105750939281563,0.283387854490788,-1.40752532912657,0.0910310743836,0.255847678232565,0.133413801251983,-0.283065830384753,0.484075529971195,-0.692999912865587,-0.397291167820245,0.62314716740578,1.29748116210558,0.755792411261178,-1.0836675471992,-0.531138211862684,-0.0261242118368489,-0.40149663792674,0.174843553599235,-0.8830336560244,0.222454940434041,-0.0602608375312514,-0.165729067389618,0.531969041249593,2.00537019628308,1.31581325744377,"Female",0
1.10818785583166,2.44298411852671,1.60430418644138,-0.181683575284209,1.82730940457354,-0.685554251479024,0.814112485697127,0.36013216766194,0.463764720969416,0.274733821157208,2.42544421148713,-0.755486892689727,-0.481403865926618,3.69834844545108,2.62613327414372,0.0110464635547936,-0.68036958365596,0.639018003432427,0.19067195551961,-0.587638576097068,-0.0695108299184144,1.67558453942225,0.790331907340997,0.753852032705578,2.03793060014846,-1.65914805560331,0.89288510099431,1.04218890821292,-0.548924593168021,-0.225871349941593,1.18840566189624,1.50459421137463,"Male",0
1.86911358124927,-1.3572670864204,0.535060540795254,-0.539128311782698,-0.188116442690938,5.36523770284174,-1.99791856393305,0.720509565849382,-3.77769323069874,0.836862776249467,-0.043711886137433,-0.755486892689727,-0.481403865926618,-0.690900182020652,-0.343790807897869,-0.692999912865587,0.952775123088611,-0.774239886140019,-1.27796111716286,-0.160397384382965,0.913737753334502,0.149281033056677,-0.343676128543356,0.435797601227475,-0.570391265020455,1.05725234292288,-0.760521947311246,-1.28543818919837,0.476070960998214,0.168567129492779,-1.11199172677852,0.878289010111601,"Male",1
-0.356724846010499,-0.66631232188456,-0.978598757764533,-0.510258120215435,-0.451193886295107,-0.685554251479024,0.0106750429456468,0.0323667111201989,-0.667856363661709,0.197556571940125,-0.333420854645544,-0.755486892689727,-0.481403865926618,-0.690900182020652,-0.343790807897869,-0.162586595494836,0.467245615678055,0.908614447339485,0.62985250269733,0.265071510063981,-1.03143781485197,1.14890514070538,-0.669989331240073,0.851405473806867,-0.570391265020455,-0.106919256445487,-1.20498791237951,-0.860449004609432,0.305434787065679,1.75444268253025,-0.890886399076876,-1.1917027567747,"Female",1
-2.16427194395343,-0.66631232188456,-1.50050173152446,-0.923298348127849,-1.7118891021658,0.290193687719648,0.0106750429456468,-0.614792022841576,0.283387854490788,0.00905307711298336,0.0910310743836,-0.307993719715277,-0.481403865926618,-0.690900182020652,-0.343790807897869,-0.692999912865587,-0.68036958365596,1.76536017581587,1.53415168884819,-1.16067666460037,-0.763551302813004,-0.434906148482842,-0.690559444635914,-0.0479899886266453,-0.570391265020455,1.8333667425018,-1.0730873630114,-1.30720188480644,1.1669159285854,1.40145721810678,-0.179905675013672,-1.26078249748125,"Female",1
-0.0495095457227051,-0.66631232188456,1.03269713639518,-0.912619985915016,0.125144784588494,0.592120038310458,-1.19448112118157,0.00537209790859838,0.283387854490788,1.24159178673823,0.0910310743836,-0.755486892689727,-0.481403865926618,2.48702983072672,-0.343790807897869,-0.0813024767289381,-0.68036958365596,-0.471360820688445,-0.280048615384234,0.313413701185359,0.397786249378133,1.17197718159209,2.45681216286588,0.918791062850289,0.920078372218926,-0.106919256445487,0.236968302215476,1.67907521503931,0.664235589044883,-0.361207096807202,0.103400415820898,0.5395757823991,"Female",0
0.129442267776259,0.715597207187117,1.28277304781287,-0.367652178599692,-1.97370016318011,-0.462087503166041,1.61754992844861,1.01940647536696,0.283387854490788,2.80813109073198,0.0910310743836,-0.755486892689727,-0.481403865926618,0.98226638879335,-0.343790807897869,0.112140302220284,-0.68036958365596,1.09390566743339,-1.38788853152187,-0.225057901990857,-0.778682880416103,0.700691124505087,-1.12652981209064,2.52677512403439,0.54746096290908,1.05725234292288,0.298451886127909,-1.41958169485536,-0.273354828573278,1.09208851680865,0.290787370635563,-0.324783127907786,"Male",0
-0.236039622194385,-0.66631232188456,-1.51403281174546,-1.00362358158518,0.456885633885854,-0.685554251479024,0.0106750429456468,-0.142489402461176,-0.34231945344952,-1.7831600962001,0.156024459650288,-0.755486892689727,-0.481403865926618,-0.690900182020652,-0.343790807897869,0.00478827354215718,-0.17711906661468,0.0332810950820322,1.50163207448661,0.143672844573125,-0.0342504367044967,-0.891808963501896,0.614125138745015,-1.41130781308792,-0.570391265020455,-0.106919256445487,-1.05703462067421,-0.163601019667003,-0.145310506838885,0.482080532702629,-0.393158092514609,0.551298552430387,"Female",1
-0.734417207997058,0.715597207187117,0.948585414995196,0.556886032544295,1.49641695245328,-0.685554251479024,0.0106750429456468,-1.24343643052762,0.283387854490788,-1.02097927251298,0.0910310743836,1.72631573534043,0.0843792633788496,-0.690900182020652,-0.343790807897869,-0.331798205944403,3.48765617098048,-0.824150760814947,-0.54238196849405,0.450658238598654,0.0399644541563227,1.20340045200221,0.225555163865735,0.167737768274118,-0.570391265020455,-0.106919256445487,1.3960241884149,1.17934585646216,-0.763312033936275,-0.961133205881637,-0.988029641079407,0.431806797819629,"Female",1
0.697193113818823,0.0246424426512784,0.200910056543246,-1.07542048605334,-0.254749792518973,1.03945222672646,-0.792762399805834,1.15160544051704,0.283387854490788,0.672863550896462,0.0910310743836,-0.755486892689727,-0.481403865926618,0.354828924738087,-0.343790807897869,0.31342535599174,-0.68036958365596,-0.295682676021595,-0.780670433157772,0.0136886245613626,0.40775632674927,0.617459412588346,-0.729589916207512,0.23257084415121,1.29269578152877,-0.106919256445487,-0.19988874137287,-0.266941201802753,0.0431719196869657,-0.0691958293012785,-0.843422505623266,-0.801394740692009,"Male",0
1.32590698187342,3.82489364759839,-0.504664030438934,0.129239667155613,3.61566016602666,-0.379244689928519,3.22442481395157,2.85069929177991,0.283387854490788,-2.5390712255081,0.0910310743836,0.018000350845471,0.223931889918827,1.64849380441861,3.45521341941727,-0.692999912865587,1.59291788577051,-0.268841991196597,1.91852150932972,-0.358544447827656,0.400016649095959,-0.474658413470235,0.683775848611115,-2.63669564581274,2.41054800945831,-4.76360565391897,0.666252043327338,1.75095862623043,-0.258563426548025,-1.39245663972159,2.06960862160778,0.596427386080243,"Female",0
0.331831271757856,1.06107458945504,-1.05877913736239,0.615981547119732,0.139886392215483,-0.479096783221361,1.21583120707287,0.0954909343883348,-0.185371782423427,-0.562308634019081,-0.406584962866247,0.142479429993754,0.337443193578749,-0.690900182020652,-0.343790807897869,-0.692999912865587,0.0736683719552813,-0.784331547618654,-0.18958036725816,1.28912326881369,-0.11749302128157,0.0604258689058253,-0.457669689098029,-0.529811440996159,-0.570391265020455,-0.106919256445487,-0.705143084571495,-0.424646807170853,0.0229394376163477,0.517690763770847,0.8474579853722,0.546826009647365,"Female",1
-0.189569240524916,0.715597207187117,-0.556430508066131,-0.0944630309402185,0.215349146201488,-0.593661383013873,2.01926864982435,0.0302404228057817,0.283387854490788,-0.341006049974472,0.0910310743836,0.590715531166895,0.132390810125252,-0.690900182020652,1.30918690498551,0.482558387862953,-0.397762180159396,0.3901696983245,0.596710226594638,0.277196992747116,-0.627024898174938,0.112668081579158,0.142591755556401,0.00398301090070158,-0.570391265020455,-0.8830336560244,-0.125262025108194,0.0898489445062037,-0.565119378230141,0.520308058024877,1.8238301154113,0.129869186629376,"Female",1
1.08250617395441,1.06107458945504,1.29261625281579,1.83936766456941,1.94431071919289,-0.511334328098803,0.814112485697127,-0.214354266448415,0.283387854490788,-0.11101715039127,0.0910310743836,-0.755486892689727,2.13484152632282,0.466076702052852,2.00476617896479,-0.692999912865587,-0.68036958365596,0.108583146868043,-0.09682613309255,1.09312770737725,-0.793531931819924,0.210155290442591,0.729609937452696,0.957076635335628,1.29269578152877,-2.04720525539277,1.7245543201461,0.66751789197797,-1.15195038201818,-0.218296900885459,0.443666513014137,0.730453059647662,"Male",0
1.70105025051685,-1.3572670864204,-1.02949920723833,-0.724862514079262,0.837658688030712,-0.685554251479024,-0.792762399805834,0.567394918212515,0.283387854490788,-0.639716492757241,0.0910310743836,-0.213216345278328,-0.481403865926618,-0.690900182020652,-0.343790807897869,-0.692999912865587,-0.68036958365596,0.0840839035898089,0.871117728473337,0.254248685944407,-0.108843365883373,-0.647751865073649,-0.448764103659868,-0.985700010600884,-0.570391265020455,-0.106919256445487,-1.55863517077848,-0.731002341420401,-0.0954203881042885,0.808987211392,-0.923137690146425,-1.31030627364916,"Female",1
0.0522163724166512,-0.66631232188456,0.256055806395294,-0.633517839982528,-0.416791176099963,-0.241145802856595,-0.792762399805834,-0.161211894336865,-1.13867420900992,0.101788718821765,-0.177782428133922,-0.755486892689727,0.76065202736351,-0.690900182020652,-0.343790807897869,0.892882328970221,0.463381591437877,-0.811299872108787,-1.00591852607235,-0.492743401458498,1.06547930968765,-0.340966360998373,-0.0947533823876903,-0.158828836143822,-0.943008674330301,-0.106919256445487,0.222945730445973,-0.814957319189311,-0.455907844583514,-0.56064845226316,-0.452513430859249,1.69820538161077,"Female",0
0.15778944949049,0.370119824919198,-1.29161483275342,-0.671717947258938,0.246711013797072,0.362584202537199,2.01926864982435,0.0540293666822455,-0.893081317820382,-0.865656824348717,-0.0493877457478939,0.934765872082888,-0.481403865926618,-0.690900182020652,-0.343790807897869,1.93099465997695,-0.20725802515615,-0.253025765927474,0.559922016261005,0.752982650607464,-0.44703200585865,-0.822286913325202,0.180140795341415,-0.621094753818174,-0.570391265020455,-0.106919256445487,-1.11189373376287,-0.454047381157178,0.233735911370376,0.7994528927553,-0.589321385079737,0.943950921828851,"Female",1
-0.408881773157668,0.715597207187117,1.20881098457977,1.5571091378057,-0.808236511658778,-0.506971850049419,1.21583120707287,0.270329094758819,0.283387854490788,1.05124818143098,0.0910310743836,-0.755486892689727,-0.481403865926618,0.635390392405087,-0.343790807897869,0.583441891538849,-0.220079476606,-1.57356444034866,-1.9373979292004,1.22197897235613,0.755006826407428,0.566708368736672,-0.224002514947154,0.604877857114777,1.29269578152877,-0.106919256445487,0.766405890000591,0.772761850172787,-1.20628958843083,-1.12768355856674,-0.828510473204974,1.3046589206175,"Female",0
-1.16283246172579,0.0246424426512784,0.430817013656805,-0.815345820291102,0.193915467903239,2.3276425483541,0.0106750429456468,-1.14088494340624,-6.01254903285893,-0.32306604114265,0.045455254156505,-0.755486892689727,2.72634048457054,-0.690900182020652,-0.343790807897869,-0.692999912865587,-0.68036958365596,-0.761755785006495,-0.202584237563763,0.145172218894467,0.702090350010245,0.682597274088406,0.411372586451731,-0.226898345760347,-0.570391265020455,1.05725234292288,0.892127242367968,2.00204975378656,-0.227034830649747,-1.58739665360091,-1.07730425066242,0.703694562837116,"Male",1
-0.6269016286939,0.715597207187117,0.81013081235573,-1.30228263128754,-0.769599252482504,-0.685554251479024,0.814112485697127,-0.604647624237584,0.703555416030489,1.32758738968744,1.65542758119715,-0.473778098560962,-0.481403865926618,-0.00928288123640775,-0.343790807897869,-0.692999912865587,-0.68036958365596,1.29506459623835,0.0481230715731753,-0.965294056855758,-0.424286898986891,0.669624134541735,0.252010135821651,1.46891412396894,0.174843553599235,-0.106919256445487,0.0655921639461391,0.128860331446988,0.828246486967724,0.440560146274781,1.02072238167412,-0.00721191323107551,"Female",0
0.602194107236713,0.715597207187117,-0.811013077385989,0.105939344969627,1.9483908082035,-0.685554251479024,-0.792762399805834,0.724325063893987,0.646420717529905,-2.01114402661091,-0.161896008335319,-0.268683248443143,-0.481403865926618,0.192495525493942,2.04715890435942,-0.409602183728877,-0.68036958365596,1.58860034624975,2.5275456847191,-1.04788588279177,-0.691507691272075,0.153224773919154,1.14843097105343,-0.873804425419221,2.03793060014846,-2.04720525539277,-0.159409809536163,0.115454779024482,-0.694584929296102,0.824933845874856,0.91615346766058,-0.223376401783483,"Male",0
1.14296888321199,-0.66631232188456,-0.504141508891873,-1.19910460421824,0.585366711659753,-0.685554251479024,0.0106750429456468,0.581699690357132,-0.353644472597759,-0.937201097443536,-0.143094613099488,1.99021782474635,2.30057652854679,-0.690900182020652,-0.343790807897869,0.727835760815361,-0.424190021813689,-1.52179003789364,-1.21791673116843,1.40637669611597,0.239437961718888,-1.21853423263389,-0.431236399694046,-0.644093598138566,-0.570391265020455,-0.106919256445487,0.415708504363387,-0.991725284655306,0.466098091072079,-0.204639743908421,-0.363815711908558,-0.596631159094858,"Female",1
0.769112374995397,0.0246424426512784,-1.01700293885253,-0.677150815448763,1.22273019114533,-0.685554251479024,0.0106750429456468,-0.130933262053767,0.283387854490788,-1.98400932820252,0.0910310743836,0.0424102046848607,3.88416536847782,-0.690900182020652,-0.343790807897869,-0.692999912865587,-0.0103614988376748,-0.917398025919036,0.370950098222421,0.717684792599956,0.273543746753187,0.137276459222532,-0.203729370379432,-1.3307119025893,-0.570391265020455,-0.106919256445487,-0.19988874137287,-0.649116431594732,-0.278488890546583,0.177230557141146,-0.98882605071411,-0.225495348299514,"Male",1
0.266132572563393,-1.3572670864204,-0.604404172804586,0.296943975875828,1.42421121861906,0.054529173041391,-0.792762399805834,-0.458769631366858,-3.29587005109997,-1.09122938861156,0.0590173271941137,4.38689228149141,-0.481403865926618,3.45656780071745,-0.343790807897869,1.30279256944473,2.19839396721582,-1.19331540912508,-0.0762122652718916,1.92231198654662,-0.808255143805069,-0.239545078757764,0.354332586674863,-0.663004695506911,-0.19777385571061,0.669195143133427,-0.484956473205942,1.28754035151045,-0.78962815431722,0.0750314784417708,-0.33940703146541,-0.683855126320657,"Male",0
-2.26031610997386,0.0246424426512784,-0.710308300623437,-1.14941116700998,-1.73004971540834,-0.685554251479024,-0.792762399805834,-0.781470720907873,-2.49524657221783,0.525642574347901,-0.080769828037821,0.575216490102752,-0.481403865926618,-0.690900182020652,-0.343790807897869,-0.692999912865587,-0.68036958365596,-0.891780253537528,-0.98041322867228,2.25455514570938,-0.615226085620872,0.395690706494394,-1.15322460041027,0.510670616992417,-0.570391265020455,1.8333667425018,0.685321583792987,0.97382085344557,0.24816843316179,-0.542745877425733,-0.912524405443134,2.04189384948556,"Male",1
-0.682559789947798,-0.66631232188456,0.586903578356085,1.43719798679202,0.555006876944087,-0.685554251479024,0.412393764321387,-1.08221286135193,1.05298047996402,-0.413161143587702,0.437613598507888,-0.755486892689727,-0.481403865926618,-0.690900182020652,-0.343790807897869,1.71009715767132,0.186196995432992,-2.14805718321468,-0.898182732278199,1.7169907995385,0.856053734258635,0.846771271950793,0.668925646668712,-0.791857910906704,-0.570391265020455,-0.106919256445487,1.33899220145798,2.48791824543856,-1.17008772845702,-2.02416408877337,-1.20134666525359,0.805401976066309,"Female",1
0.145032513847141,-0.66631232188456,1.3225960718848,2.17147022842257,0.15456910465162,-0.0222481890262029,-0.792762399805834,-0.809330634945225,0.283387854490788,-0.30982629001914,0.0910310743836,0.205401060680616,-0.481403865926618,0.471573029293113,-0.343790807897869,1.54456315518778,4.16087648289326,-1.86889687745603,-1.88504244349235,-1.13278618425828,2.13229552922815,0.804285939337323,-1.09677765309597,-1.29862933030465,0.174843553599235,0.669195143133427,1.27027529510211,0.90514756232601,-1.17649534967877,-2.58123773123945,-0.974824058066788,1.29272361043657,"Male",0
-0.351570090463078,-0.66631232188456,-0.363552110259165,-0.644626612377316,-0.0658596476054234,1.49945395424792,0.814112485697127,-1.06178315768986,-0.202409744841751,-0.100012326256891,-0.602653446725433,0.547359575487122,-0.481403865926618,-0.690900182020652,-0.343790807897869,-0.692999912865587,-0.133358152089355,-0.425147428517401,-0.0842358825602653,1.67453402666376,-0.717995452939613,-0.540547014079362,-0.835057038302062,-0.124794081335557,-1.31562608364015,0.669195143133427,0.338174689769277,0.669111172615279,0.682506757812716,-0.327452467991393,-0.485282738864814,-1.08463421710816,"Female",0
0.933222495313753,0.370119824919198,1.82326525733907,1.81921517096053,0.15617385524173,-0.662364305899375,0.814112485697127,-0.232094210017274,0.0601965036753703,1.01710182834805,-2.54188150226443,-0.755486892689727,0.428314013992404,-0.690900182020652,-0.343790807897869,0.468546390032642,0.995063703657829,-0.703233247071893,-1.76679634272097,0.0595636764163391,0.564634449231499,1.67504608497061,-0.559643735273853,1.28804692405902,-0.570391265020455,-0.106919256445487,0.599238245143486,-0.270126780783511,-0.926718058336963,-0.294846131683284,-0.306601896710576,-0.886339335951976,"Female",1
1.61150405165975,1.75202935399087,1.86190103984887,-0.646063692805313,3.11485467493915,-0.181321588618961,0.814112485697127,-0.261886683690361,-1.01184066437364,-0.81636504199452,-0.0450516928742641,-0.031812781117426,-0.481403865926618,4.56206463332565,-0.343790807897869,-0.692999912865587,-0.68036958365596,-1.21569963810973,-0.593197323398205,0.157121615319477,1.22414335986033,1.31428304724013,2.04488661703246,-0.240049521142431,2.41054800945831,-0.106919256445487,0.634542076767968,0.768309281131423,0.271199871688049,-0.714095115332654,0.488200768977316,-1.41789391010995,"Male",0
0.652178581528891,-0.66631232188456,1.51517084899184,-1.13510551693533,-0.253228110188214,-0.685554251479024,-0.391043678430093,-0.601811711964117,-0.672160636142036,1.13039079877748,-0.55055079110659,-0.755486892689727,1.18778437075741,-0.690900182020652,-0.343790807897869,-0.692999912865587,-0.68036958365596,0.792800390130115,-0.571284881997738,-0.963533677747967,0.0177503589959468,0.0666613190216729,-0.898224512497728,1.18893205392187,-0.570391265020455,-0.106919256445487,0.129895497414409,-0.851444494425778,0.841624208932965,0.201691999913004,-0.157407743831502,-1.09936381950931,"Female",1
0.478417892652922,0.0246424426512784,0.290982761364361,1.24266341029475,-0.0683601868163112,-0.685554251479024,0.0106750429456468,1.48387510919568,0.283387854490788,0.507745688580148,0.0910310743836,-0.127328774104453,-0.481403865926618,0.0690396036363326,1.19881727508802,0.0383774564282596,-0.68036958365596,-0.287756262603485,-0.887314005798287,-0.317491857405485,0.600655649799541,0.0475031244628346,-0.389903600889992,0.0356554770462564,0.174843553599235,-2.04720525539277,0.385119821345435,-0.539733608061723,-1.00268858874684,-0.401550981901276,-0.164287833861105,0.0531873967373429,"Male",0
0.871008547545368,0.0246424426512784,-0.0750557355441724,-0.890214086403771,-1.20422468108631,0.46764452376575,-0.792762399805834,0.261371030567819,0.0974523788756862,1.59779144247956,-3.77017847054569,-0.755486892689727,-0.481403865926618,0.0631849057499029,-0.343790807897869,0.0327428079745201,-0.68036958365596,0.864456015174584,0.037030151457188,-0.0145146117545134,-0.695020258901133,-1.02729668191428,-0.401015289158216,0.997880850768149,-0.19777385571061,1.44530954271234,-1.18121281216793,-1.20241665642145,0.183016284546905,1.26617936121379,0.575181574716293,-0.609255680667014,"Male",0
-0.635438359522321,-1.01178970415248,1.69288158145851,1.57513579517235,0.0570505805248498,-0.547067815904781,0.0106750429456468,-0.698701299709793,-2.42834526178344,0.905702972503971,-0.116455472854846,0.759621078729427,-0.481403865926618,0.225581507048814,-0.343790807897869,-0.692999912865587,-0.68036958365596,-1.27072058727411,-1.19591256551447,0.299826783725069,1.11428754000505,1.06634954427414,0.680265269544683,0.192991101200026,0.920078372218926,-0.106919256445487,1.10195615631175,2.54878847998596,-1.16545735428829,-2.08940765186369,-0.536854622786511,-2.32985579816234,"Male",0
1.00249975511201,0.715597207187117,-1.330858204747,-0.00490698289508867,0.390158085069269,1.46098549992174,0.814112485697127,1.08860430982356,0.778525524900765,-0.798114300566044,0.455279870158219,-0.755486892689727,-0.481403865926618,-0.690900182020652,-0.343790807897869,-0.692999912865587,-0.68036958365596,1.10314809056137,1.65671975470104,-0.942603636931504,-0.228540322731807,-0.616379974500981,0.285122270415709,-0.746157781955824,-0.570391265020455,-0.106919256445487,-1.60903011714295,-1.40574273999274,2.03598567417584,1.46051474263517,-0.154697127298598,0.644702558808705,"Female",1
0.861752899879374,0.0246424426512784,1.89022639359506,0.0917313890252893,-1.06103290728531,0.308159586763813,0.0106750429456468,0.19395240577347,-0.169132609287473,2.34906554563073,-1.86800371330851,0.255847678232565,2.2852756363772,1.14435440034097,-0.343790807897869,1.6620352162606,1.44271853511199,-0.123402080378962,-1.07066942151442,-0.15592088701011,-0.144635809998607,-0.815166428778562,-1.31617887345702,1.13083311042831,0.54746096290908,-0.106919256445487,-0.166250749016566,0.521027686982347,0.210774058150056,-0.590522401057094,-0.13954823651392,0.0605624313645651,"Male",0
-1.04841646488419,1.06107458945504,-0.682942776296074,0.312293191528221,0.577550715288068,-0.246601710149951,-0.792762399805834,0.125452211022018,-0.0218536050560982,-0.904615918315644,-0.421536738003041,-0.0733050573290083,-0.481403865926618,-0.690900182020652,3.00676435379827,-0.692999912865587,-0.68036958365596,1.21288890033823,1.31159614930224,-0.363085334570372,-0.798219524438467,1.79856372250298,-0.26586118268094,0.143466363814231,-0.570391265020455,-0.8830336560244,0.0837368265554833,0.756875948361726,-0.496170816184866,0.515936976364971,0.224816785283501,-0.400377232836811,"Male",1
0.999733312202153,0.0246424426512784,-0.0908407157328877,-0.793849134211399,-1.14337913885197,0.685825898694333,-0.792762399805834,0.815477418348773,-0.295177122029363,1.3592066128698,-1.05733301834894,0.906980895127723,0.0239257235352549,-0.690900182020652,-0.343790807897869,-0.3703923609305,-0.68036958365596,-0.154082186452308,-0.780383603635635,-0.722719040671625,0.67582848927076,-0.459992200580427,-0.559818058150951,0.0299008727107693,-0.570391265020455,-0.106919256445487,-1.13069346136919,-1.28972588116001,1.44248372988204,0.407084347132326,0.144947041908448,0.445409269033025,"Female",1
0.218577973560879,-0.66631232188456,0.248084242555294,-1.37922022235226,-1.28132398450318,4.72234105769516,1.61754992844861,0.905792071523937,1.03490463893867,1.55333969890635,1.03307517232592,-0.755486892689727,-0.481403865926618,0.179920497628973,-0.343790807897869,0.145090880417738,-0.68036958365596,-0.123106884946861,-1.21844271538738,2.43549317400343,-1.44951652047339,-0.875379833178118,-1.46492538960113,1.69927498418917,1.29269578152877,1.05725234292288,0.191157907609058,-0.657684773045584,2.27570537793405,0.776579430750557,-0.516661178141391,-0.69667573456867,"Female",0
-0.0230623980417153,0.0246424426512784,0.201034686412692,-0.57336011035531,-1.59869383861726,-0.595622511304287,-0.792762399805834,1.31282190780697,0.283387854490788,1.42773615252809,0.0910310743836,-0.755486892689727,-0.481403865926618,-0.690900182020652,-0.343790807897869,0.0305131836401498,-0.68036958365596,1.17257887186862,-0.274574941989854,-1.32490557192958,-0.0788477720420569,-1.18333730376696,-0.563944235129809,0.768265337458233,-0.570391265020455,-0.106919256445487,0.106694087066548,-1.88609612927535,-0.146544983215732,0.576679780326044,1.2241728880704,-1.01887445498339,"Female",1
0.691838795805403,-0.320834939616641,0.590861487675246,0.782382543844057,1.00875339176957,-0.685554251479024,-0.792762399805834,-0.111809785764161,0.749663448286006,-0.792730597234057,0.480417252207265,0.182381333822428,1.79921808342222,0.0655159261139534,-0.343790807897869,-0.692999912865587,-0.68036958365596,-1.93278719698313,-1.12614041130822,0.87224130634111,1.31007144339063,-0.117732602255824,-0.0775668861332996,-1.25378002831385,0.920078372218926,-0.106919256445487,1.75842817581528,1.03080065268407,-1.01354851849408,-2.18575615686586,0.477444678822397,-0.00721191323107551,"Male",0
0.896070742515909,0.0246424426512784,0.794376472939796,0.0155917976168464,0.368559942630987,-0.685554251479024,1.21583120707287,-0.224709700881748,1.28232927563485,-0.284347591574857,0.386974312598709,-0.755486892689727,-0.481403865926618,-0.690900182020652,-0.343790807897869,0.866626000462992,-0.68036958365596,-0.853471212318565,-0.558804948484887,-2.61357723606295,2.76168499137461,0.0965722088709922,0.730821768425053,-1.65703423488904,-0.570391265020455,-0.106919256445487,0.238221975850497,-0.232722598446545,-0.74669395683298,-1.74455866477729,-0.958741320003295,1.25781603657407,"Female",1
-0.838092424616803,-1.3572670864204,-0.331847026804624,0.4169498046693,-1.4843122410876,-0.685554251479024,-1.59619984255731,-0.542172878489461,1.92295475223811,0.500742406584856,0.378780793672814,2.54234322988295,-0.481403865926618,-0.690900182020652,-0.343790807897869,-0.692999912865587,-0.68036958365596,-1.08634241447812,-1.53400323135312,0.0439644522038527,0.968356438063342,0.576748249150809,-1.27130740696589,-0.571500238194017,-1.31562608364015,1.05725234292288,0.226680002275895,-0.323104344267836,-0.895489103857189,-0.938091584894211,-0.654482173373553,-0.349605072809854,"Male",0
-1.61538376263728,-1.01178970415248,-2.14021549249593,-1.20500170623818,-1.58074128725051,-0.685554251479024,-0.391043678430093,-0.932919872978456,-0.705727913330547,-0.663922140615432,-0.121747590280688,3.03405716697224,1.24642095986811,-0.690900182020652,-0.343790807897869,-0.692999912865587,3.29731307445729,-0.693172817759303,-0.0130051396190486,1.44831109773522,-0.902573350044337,-1.53155610001604,-1.59050431438235,-0.980126525943229,-1.31562608364015,2.22142394229125,-1.5443580689628,-0.890128482832165,0.161812601805012,0.765450918690189,-0.619977262921223,0.0605624313645651,"Female",0
-0.0622097042076222,-0.320834939616641,-0.341811481604623,0.77936365392434,1.22975142649926,-0.528985192151457,-0.792762399805834,0.017485663409857,0.765305281304695,-1.91155228391034,-0.0531324123818348,-0.109266719576449,-0.481403865926618,0.481786452076227,-0.343790807897869,-0.692999912865587,-0.137727252980453,-0.0510527922549876,0.515446197425513,-0.258365457878335,0.323249568712119,0.372151891044596,1.05290553388891,-0.645264860536047,0.54746096290908,-0.106919256445487,1.55544845293898,-0.139004075356736,-1.08836055965305,-0.470118471101651,-0.624189372069614,-0.44740582346086,"Female",0
0.691327194621825,0.0246424426512784,0.528026807995254,-1.3516835152166,-0.936066979785878,-0.217338207394679,0.814112485697127,0.349149530999635,0.283387854490788,2.16281112371081,0.0910310743836,-0.152604883198049,-0.481403865926618,-0.690900182020652,-0.343790807897869,0.710895842202183,-0.68036958365596,1.58145976366796,-0.696260907690127,0.224207792286244,-1.66401386414466,-0.080272896698795,-1.06316666262362,2.64221626784536,-0.570391265020455,-0.106919256445487,0.181107893363196,-2.29601258725509,2.43874693994269,2.04223025453495,2.41632265416176,-0.158476097063929,"Female",1
-0.345351297070676,0.0246424426512784,-0.839047641921385,-1.02142716687232,-0.673265136530124,1.86712360425005,0.412393764321387,-0.455485175729691,0.0576918625814348,0.294733464707095,-1.79452104829444,-0.251080622903051,-0.481403865926618,-0.690900182020652,-0.343790807897869,-0.105709356973773,-0.68036958365596,1.53580310567851,0.909034413609992,0.202969172939733,-1.53959122920985,-0.456665547933193,-0.674046927174264,0.91776429943079,-0.570391265020455,0.669195143133427,-0.613722728798703,-1.22689675904882,2.3603954613879,1.70233949617727,0.542481271972785,1.76180197957414,"Female",1
-0.556622518051921,-1.3572670864204,-0.355160990427587,-0.556244995158943,0.572324231171728,-0.0710206936183215,-0.391043678430093,-0.586637878459254,0.848332253714584,-1.11126209683083,0.28590088648896,2.65350604300338,5.04504707500485,-0.690900182020652,-0.343790807897869,0.189035716020619,-0.68036958365596,1.37000708903479,1.14379452020075,-0.397634979236471,-1.45463172151098,-1.21317065569279,-0.286067810320615,0.351310073004759,-0.570391265020455,-0.106919256445487,0.938175669183685,-0.716877388067962,0.456847534866221,0.69625748097362,0.908441861899989,-0.562364600541866,"Male",1
0.700615117568985,1.75202935399087,-0.350330710135919,-0.0675865975492145,1.2199017216159,-0.685554251479024,0.814112485697127,1.25241143425543,0.737725669529202,-1.1487375243674,0.314833800066841,-0.450868046026395,-0.481403865926618,1.5202499172102,2.64849716030365,-0.692999912865587,-0.68036958365596,0.669119410241253,1.10316884791158,-0.114553736588676,-0.406817012684787,-0.781435022638813,1.43179298406643,-0.308551003003666,2.03793060014846,-0.8830336560244,0.408026783138624,-0.224142180586894,-0.627808047777836,0.403314705169601,1.60750640072362,0.471862439421177,"Male",0
0.498972557349955,1.75202935399087,0.0235220719594508,-1.1029552901923,0.893459830057249,2.75106059636335,1.21583120707287,-0.436278400558401,0.283387854490788,-0.0736641885138376,0.0910310743836,0.296160841371564,1.43657152561846,0.157282178400648,-0.343790807897869,-0.692999912865587,-0.68036958365596,0.137811087967826,1.14498715303066,-0.244574154739061,0.0621903348162018,-0.512010785519256,0.582459633731624,-0.848017874583598,0.174843553599235,-0.106919256445487,-0.238754128266345,1.66285162750871,1.83368534433742,-0.792352638389036,-0.305329782201869,1.42430805855346,"Male",0
0.289688700792883,-1.3572670864204,-0.0101944258606684,-0.806172296199003,-0.152109185290718,1.94816099649541,-2.39963728530879,-0.27901774639131,0.283387854490788,0.478059741256134,0.0910310743836,-0.755486892689727,-0.481403865926618,0.287902261905544,-0.343790807897869,-0.692999912865587,-0.68036958365596,0.755867033678623,0.864681227857784,-0.935726729361297,0.108494484377205,-0.693440050100328,1.16072607685371,0.0212150167918934,0.174843553599235,-0.106919256445487,-0.661850503066091,0.0792484083520123,0.697421876124762,0.270379731216382,-0.752004541670158,0.0100884952845944,"Male",0
1.48760922714979,1.40655197172296,0.623974137472164,-0.919378622366798,0.223650977086217,-0.685554251479024,0.412393764321387,0.200518107401253,-0.535124612291596,0.715435940218034,-0.544215061993472,3.94839483253022,1.66330892655693,0.257551798527973,-0.343790807897869,2.50181518478621,2.94040085145216,-1.14645104956546,-1.49891156795092,0.528427986556214,-0.0905156795431633,-1.61818308191948,-0.63214989008633,0.150649980833644,0.920078372218926,-0.106919256445487,-0.0521249506604299,-0.552328332700904,0.526032857565229,-0.279311932421609,-0.408261948170508,0.780133446876739,"Male",0
-1.1855673485096,1.40655197172296,2.12847762746469,1.1861220722779,0.899735900507446,-0.511527049252985,-1.19448112118157,-1.39123533211253,-1.92672430071439,0.0305369699298849,-0.0746991293611061,-0.0145824451276213,2.22109137441898,-0.690900182020652,-0.343790807897869,0.169650317583551,-0.68036958365596,-1.26798938864315,-0.975099873520661,-2.08955458554152,2.6709638899975,3.47111810687662,4.02738820112207,0.193860985660493,-0.570391265020455,-0.106919256445487,2.04264408238064,1.83393063282515,-0.566352410056962,-1.88549031151754,-0.778655184451193,-2.75999322240711,"Male",1
-1.86316092279087,-0.66631232188456,0.883383221629987,-0.595773385541603,0.5743573260164,2.38711353782449,0.0106750429456468,-1.4785669454091,0.283387854490788,-1.37761914244326,0.0910310743836,-0.755486892689727,-0.481403865926618,-0.690900182020652,-0.343790807897869,-0.692999912865587,-0.68036958365596,-0.325592501653996,-0.909900578014355,0.273263298612278,0.324880058601689,2.9583513102467,0.989793834189038,1.05817954477354,-1.31562608364015,-0.106919256445487,2.60327728831901,0.782607523013466,0.282564399888642,-0.711312241044443,-0.886488787988118,-1.98785343634635,"Female",0
-0.39635864066133,-1.3572670864204,1.15000975130945,1.40837701180262,-1.57401860247745,-0.685554251479024,0.814112485697127,-0.51069937088786,1.84649826477839,1.05762069535081,0.472792178017276,2.38855840551429,5.2526469160502,-0.690900182020652,-0.343790807897869,0.527225542640193,-0.68036958365596,-1.08914540782416,-2.00172451518171,-0.792441702570917,1.23186329204335,0.908554778100262,-1.29746305453197,0.287326239840152,-0.570391265020455,2.22142394229125,0.299742924022989,-0.561433948821734,-1.17207561094592,-0.892904754449825,-0.685261967409831,1.41748100474214,"Male",1
-0.230298474577837,1.75202935399087,-0.07226453481144,0.44043255527623,0.134383803551117,-0.464100717114807,0.412393764321387,0.891350413274813,0.596984849486112,0.0239145094704554,1.25429611126252,0.295796445067313,-0.481403865926618,0.326565975906773,-0.343790807897869,1.51025540544372,-0.32725721463012,1.01496049403247,0.931197924299272,-1.18273259521046,-0.244879548734385,0.0607067450371677,0.849825585429569,0.298482224824594,2.78316541876815,-0.106919256445487,-0.23019323899116,0.17080437221303,-0.00400377505424004,0.39077234133872,0.292951308744626,0.937475271662492,"Male",0
0.993337288930101,0.715597207187117,1.59175621260906,-0.414853920837293,2.55125019571133,-0.133164536548056,0.814112485697127,-0.439510967058887,0.932162712954244,-1.01799959686179,0.292975441762406,-0.755486892689727,-0.481403865926618,1.41405131029375,-0.343790807897869,-0.692999912865587,-0.68036958365596,0.958514571428554,0.500634052489281,-2.14016444831296,0.754007465386906,2.73584072556605,2.49572457829807,0.800731670385932,1.29269578152877,-0.106919256445487,1.20832541891966,-0.100263488680575,0.297968051119448,0.274409995020456,-0.977095986327023,-2.3556478314818,"Male",0
0.452130138199223,-1.01178970415248,1.70422323732842,-1.37736108920216,-1.31386309666992,4.23071421140659,-0.391043678430093,-0.00430920524216147,-1.47824898746838,2.30404050525132,-0.406461254434593,-0.755486892689727,-0.481403865926618,1.09523566456,-0.343790807897869,-0.692999912865587,-0.68036958365596,0.710335400723705,-0.715715061447541,-0.920094931235943,0.142348500672344,-0.284723742129615,-0.70222585201443,1.23535396665892,0.174843553599235,1.05725234292288,-0.429052679566658,0.0347819577176871,0.943003358892597,-0.149576698966577,-0.861010007067456,1.44222907480819,"Male",0
0.496741178749387,0.0246424426512784,-0.397612428484615,0.415056797563245,-0.344708220132123,-0.685554251479024,1.21583120707287,-0.692566015090132,0.283387854490788,-0.1178612248963,0.0910310743836,-0.755486892689727,-0.481403865926618,-0.1635281755949,-0.343790807897869,-0.692999912865587,4.07827619978943,-0.955761586529766,-0.335726136942696,-0.422812747619242,0.976007762432685,-0.819363890112298,-0.720084650501497,-1.36170802601605,-0.19777385571061,1.05725234292288,-0.78952021658392,-0.194558531125774,-0.754823912604781,-0.645048222242605,-0.726465206516735,-0.116899339352965,"Female",0
-0.731879036198798,-2.39369923322416,-0.980822324907758,1.01821230761706,-1.55405934233874,-0.173442953261772,-1.19448112118157,-0.595104907335818,0.283387854490788,0.196193931765935,0.0910310743836,1.28761325058763,-0.481403865926618,-0.690900182020652,-0.343790807897869,-0.692999912865587,-0.68036958365596,-0.811299872108787,-0.55224983189228,0.68290237323046,0.350654974532755,-1.65249636695914,-1.57158363474749,-1.04837356408707,-2.06086090225984,1.05725234292288,-0.70955529222594,-0.384373226957017,-1.08119473325162,-0.619804786508572,-1.224038088177,-0.400377232836811,"Female",0
0.721751718271752,-1.01178970415248,0.0703546033044103,-1.19532564230793,-1.02518729364751,-0.685554251479024,-0.391043678430093,0.180714335203637,0.283387854490788,0.610905859453914,0.0910310743836,-0.755486892689727,-0.481403865926618,-0.690900182020652,-0.343790807897869,2.28805721261058,1.46959306826094,-1.11145108483106,-1.07221993477301,-0.401221610137773,1.15822550507167,-0.662623245371664,-0.934061416723961,-0.670373355010427,-0.570391265020455,1.05725234292288,-0.348917821432439,-0.532649739730911,0.200350454490711,-0.842202650697018,-0.801798971610305,0.466731617819659,"Female",1
-0.97600032694339,2.44298411852671,2.18323522663286,-0.906655769667943,0.522751073290929,0.42060615267024,1.21583120707287,-1.02835931057442,-0.323767484750485,0.590268206641475,-0.719094898893911,0.262208273018239,-0.481403865926618,0.540297860653808,-0.343790807897869,1.0843850902485,-0.68036958365596,-0.0404521639584347,-0.994401722172071,0.212644063354878,-0.11870138138027,1.52672660503727,1.67285343686292,2.00051581514424,1.29269578152877,-0.106919256445487,1.29231234512475,1.41964856324299,-0.0625417996041098,-0.376705737477428,0.468302002190715,-0.116899339352965,"Female",0
-0.206351410940847,-0.320834939616641,1.13038371267602,-1.22761689325826,-0.301997821495814,2.02195591648697,0.412393764321387,-0.11022399911127,0.283387854490788,0.740135221787528,0.0910310743836,-0.755486892689727,-0.481403865926618,0.101011180379169,-0.343790807897869,-0.692999912865587,-0.68036958365596,-0.341112055191412,-1.01953259103451,0.287976705228151,0.329834848266108,0.968971982333804,-0.496221800504916,0.745570425120425,1.29269578152877,-0.106919256445487,0.881462037718626,0.610948694981538,0.406404122741638,-0.752475788554106,-0.777890293732386,-0.217488269298846,"Male",0
-1.41425459111009,-0.320834939616641,-0.534479246076257,-1.0177954209631,-0.402837881125045,-0.685554251479024,-0.391043678430093,-0.359940479292457,0.137824375993562,-0.34617630838529,-1.84459943565182,-0.51149785266024,-0.481403865926618,-0.690900182020652,-0.343790807897869,-0.692999912865587,0.139157796326838,0.187685121251217,0.473243401262004,0.00672878412105689,-0.0918900717837945,-0.0150614379248887,0.346419920843331,-0.188101188590494,-0.570391265020455,-0.106919256445487,0.519669438504611,0.599421000662225,0.0652801643655834,-0.344288976470533,-0.00824480157317308,-0.928500431656032,"Female",1
-0.459529062757757,0.0246424426512784,-1.76354837285549,0.176852439085413,-0.450133342776727,-0.49542232197516,0.0106750429456468,1.29266482956918,0.613453838282368,-0.858299932516676,0.596533390660866,-0.31288970629048,0.325796572382291,-0.1554502674002,-0.343790807897869,-0.177674939315005,-0.68036958365596,1.29182876936031,2.01625319278629,-0.390099492464865,-0.909101091629801,-1.10363397387381,-0.533677446321115,-0.831145573630909,0.920078372218926,-0.106919256445487,-1.91000403476039,-0.942496550009658,-0.694123599268398,1.50749323753759,1.66384959397298,0.430163262107089,"Male",0
-2.04269383670378,-0.66631232188456,-0.70158074438352,-1.53184400932355,-1.67586541359397,0.796060901719381,0.412393764321387,-1.17549915491093,-0.741739409731809,0.810719215962008,-0.437036154916759,1.69920866780126,-0.481403865926618,-0.690900182020652,-0.343790807897869,-0.12138944463108,1.79313113723873,-0.072665723733398,-0.484379713919179,1.04130312396088,-0.938591305825028,0.535641831699315,-1.08071258570499,0.59167055082966,-0.570391265020455,1.44530954271234,0.126693708688322,1.15649455941177,1.33255008476569,-0.16493277949531,-0.239179827749115,0.425406196007436,"Female",1
0.459413683556536,1.06107458945504,0.556447663292812,1.46706093738358,1.50324320239239,-0.544417357807667,0.814112485697127,0.127045889697291,0.711303186668808,-0.996283822538162,0.408591361948621,-0.755486892689727,-0.481403865926618,0.00328594842345565,2.47447757633734,0.643190231319477,1.24697282203408,-0.793472681818537,-0.687560688067458,0.311698473307395,0.480516678627998,0.463392201167994,0.144053211610917,-0.471948580379845,0.54746096290908,-2.04720525539277,1.84860932741757,0.546587891606348,0.350378380163083,-1.19299190598433,-0.0953868843042505,0.978704411138656,"Male",0
-0.45555355894696,-0.66631232188456,-0.41835260343116,-1.12627865414035,-0.0846227365485106,3.10770872496064,-0.792762399805834,-0.576186525913759,0.769968998338377,-0.300755242919232,0.691030658805908,-0.429249934327708,-0.481403865926618,-0.690900182020652,-0.343790807897869,-0.692999912865587,-0.68036958365596,1.0031113006869,0.750883557988614,-1.05136476472199,-0.0801020720984259,0.955756048120905,-0.167614077950031,0.130301895428959,-0.570391265020455,-0.106919256445487,-0.359036232090861,-0.675301598952091,1.3292344156674,0.75930110894817,-0.417265566779488,1.1734138309873,"Male",1
-1.12306525310078,0.715597207187117,-0.0125858950126693,1.51152178068978,0.300592565311253,-0.685554251479024,0.0106750429456468,-0.736521351995088,-0.488737251285645,-0.992936894203294,-0.0859349167671587,-0.755486892689727,-0.481403865926618,0.203800406577333,0.564289270203491,-0.692999912865587,-0.68036958365596,-0.792612283603432,-0.218162083194936,0.53890188528867,0.59824495308521,0.610612196799946,0.714890732735466,-0.598169610734586,0.174843553599235,-0.8830336560244,1.7638648648025,1.27277083550322,-1.11564538152865,-1.44420832572753,-0.104541284090224,0.774031183024837,"Male",0
-1.49154045626719,0.370119824919198,1.15158958229343,-0.259521084628492,2.39984290088738,-0.224654083083497,-0.391043678430093,-1.68279656893487,0.283387854490788,-1.35255200345944,0.0910310743836,3.03405716697224,4.70207061145756,-0.117830835459662,-0.343790807897869,-0.692999912865587,0.115166947966686,-2.32497445226147,-0.930967087561873,1.55734054194525,0.780244955090624,1.6612669472819,1.91409382959752,-0.683139414899693,-0.19777385571061,-0.106919256445487,1.5962382509543,1.94144091058302,-0.308309171383358,-1.48387517688008,-1.01155571638781,1.49362891263768,"Male",0
-0.410730774291675,0.0246424426512784,0.132286788879519,0.781830249315315,-1.01072852819345,-0.354651566477108,-0.792762399805834,2.00969152591247,-0.685310386013133,0.605929266978672,-0.420362719430388,0.172342988890347,1.21075485107875,0.431579684867175,-0.343790807897869,-0.152854241047672,-0.68036958365596,0.40093271240767,-0.251443650179886,-0.499214846089813,-0.0356377104671462,-0.559429357977504,-1.1220789060206,0.281046951343715,1.66531319083862,-0.106919256445487,0.263019410319367,-0.237313856006954,-0.987535019824609,-0.324294474612915,-0.178112025930896,0.506752026311497,"Male",0
0.134398368098062,-0.66631232188456,-0.941881965640719,-0.667700232913778,0.383275925635389,0.638056488528642,-1.99791856393305,-0.591300628525078,-0.0921478000969752,-0.743828585721357,-0.421659749736042,0.92307671050078,-0.481403865926618,-0.690900182020652,-0.343790807897869,-0.692999912865587,2.84342812384269,0.964584167775749,1.37964978659089,-0.350787832813481,-0.981683584400218,-0.602524082622811,-0.119265087821048,-0.381325749838506,-0.570391265020455,-0.106919256445487,-0.874509611589175,-0.34198075314614,0.278154660564687,0.93544224161976,-0.676872026378176,1.34747541427906,"Female",1
-0.891512084800753,-0.320834939616641,1.72254867144336,1.39855215971869,-0.012914484602621,0.151257401778103,-0.391043678430093,-1.21943782071724,-0.460354047969631,0.749837586946029,-0.618456675075279,-0.755486892689727,-0.481403865926618,0.817269993520482,-0.343790807897869,-0.692999912865587,0.366453525751963,0.455457968108813,-0.302697098730048,-0.624256318627093,0.0850422815482117,0.698254448809528,0.235067132595953,1.06301361728874,-0.19777385571061,-0.106919256445487,0.79525679520804,1.1263201135868,-0.772680858948698,-0.701019414879391,-1.00886469104459,1.54422812994023,"Female",0
0.265884717153104,-0.66631232188456,0.435639913127852,0.742433239598356,0.195589706952822,-0.382496606506623,0.0106750429456468,-0.490181012805278,0.283387854490788,-0.317551632329501,0.0910310743836,-0.755486892689727,0.845540739494849,-0.690900182020652,-0.343790807897869,1.0012699642036,0.541551635778821,-1.48461617645969,-0.930554334887438,0.659220300071258,0.901311020208245,-0.150487857434826,-0.532865107696285,-0.831811020248227,-0.570391265020455,0.669195143133427,0.977844324339402,0.746015619491926,-1.09738024564404,-1.54672921806617,-1.140085715699,0.783930411051256,"Female",1
-0.0404262257056653,1.75202935399087,-0.549135157759534,0.874994739063299,0.14787068876946,-0.685554251479024,1.61754992844861,0.680339512675794,0.930175653663386,-0.329177297071448,0.532553428454894,-0.755486892689727,1.21334621205426,0.433298643315704,-0.343790807897869,0.749594346936046,-0.68036958365596,0.564205726028866,1.51663857340589,-0.737954664111846,-0.0166513925241011,-0.592778113674227,0.775566724894338,-0.722252571943712,2.41054800945831,-0.106919256445487,-0.800873801337438,0.710280275514644,-0.984881907429152,0.0349009219012133,0.00953358367758206,0.15363435808139,"Male",0
-0.796716171167387,0.0246424426512784,0.70724631973923,-0.508192766532994,-0.0452365870825543,-0.290496964282858,0.814112485697127,-0.869103112205804,-0.0761834317851401,-0.250262066315594,-0.752412012093239,0.208836893648564,0.397953941718589,-0.107585257154045,-0.343790807897869,-0.692999912865587,-0.68036958365596,0.718851004229462,-0.127682000964408,-1.10985233968617,0.150304924787773,0.644244349677166,0.381957441552889,0.698611703048393,0.174843553599235,-0.106919256445487,1.39581101521931,-0.134532744358257,0.573490283803684,-0.361533448795886,0.568361677833291,1.09107402657369,"Female",0
0.314330038958368,-1.01178970415248,1.2032298114042,-0.712313049593707,0.513933068895105,-0.374755670492002,0.0106750429456468,-0.755834360808079,0.477706894223799,0.582148763872412,2.61291728188105,-0.104063658601313,-0.481403865926618,-0.690900182020652,-0.343790807897869,0.0654655071428255,-0.133358152089355,0.34958609038607,-0.952123819252582,0.887362507958975,-0.92837853485811,0.400333207588151,-1.16743827156974,1.50887414946109,-0.570391265020455,0.669195143133427,0.525955216073918,-0.678804246546688,1.44150883090003,0.653342407033983,-0.0158104610011133,0.266044481669072,"Female",1
-0.385039919010869,1.06107458945504,-0.614581473336428,-0.855463125098275,0.3674551746676,-0.685554251479024,1.21583120707287,-0.173582607593883,0.283387854490788,-1.03846564853471,0.0910310743836,-0.755486892689727,-0.481403865926618,-0.174109028944523,-0.343790807897869,-0.692999912865587,1.11315786620079,0.138236145965402,0.611732426853126,0.368320916729741,-0.370846705967182,-0.968513387345762,-0.41545644234482,-0.7159637559302,-0.19777385571061,-0.106919256445487,0.825472095675989,0.341423650791556,-0.239340382625471,-0.539409641657628,0.536704013019656,-0.831324758240826,"Male",0
0.277909761614556,-0.66631232188456,-0.739297678557991,-0.443684499550067,-0.366119049641062,0.543512864242381,-0.391043678430093,-0.632072527705946,1.71996075537416,0.0180029027778783,0.344042947332766,1.17086467097178,-0.481403865926618,-0.690900182020652,-0.343790807897869,-0.692999912865587,-0.68036958365596,-0.198452004759439,-0.5982058814326,0.656030469809,-0.224346578580852,-0.113790627823023,-0.849301948299249,-0.069366052076385,-1.31562608364015,1.05725234292288,-0.242603652301507,-1.52178627059401,-0.45725599158446,0.718818548416171,-1.07379652835854,-1.64545660813841,"Female",0
-0.536119473688154,0.0246424426512784,0.519924660086395,-0.825567747136583,-0.733271765107768,0.494350179613524,-0.792762399805834,-0.55628924030504,0.932162712954244,1.17084462955743,1.0499761125701,-0.755486892689727,-0.481403865926618,-0.690900182020652,-0.343790807897869,-0.692999912865587,0.0501553604362353,1.02986933824191,0.289897626805633,-0.538252270156134,-0.510326991432967,0.641623457983526,0.276275698091319,1.25526033137371,-0.570391265020455,-0.106919256445487,0.0798250301920825,0.299763022812654,1.03868602273551,0.375166590122319,-0.425537763949349,-1.47613949528833,"Male",1
-1.31087794399635,0.0246424426512784,-0.175346472004646,-1.02326910498896,-1.04067869188343,2.03832422120084,0.0106750429456468,-0.481842515462084,0.283387854490788,0.46433008282425,0.0910310743836,-0.188912903377533,0.0352496359041466,-0.690900182020652,-0.343790807897869,0.296510645590792,-0.68036958365596,0.549723711974724,-0.309992828659374,-0.0481714698534292,-0.448497376889604,0.62270510871755,-0.531305281009121,0.972612256473747,-0.570391265020455,-0.106919256445487,0.296358017945132,-0.538317730520587,0.537413280772156,0.495714659262047,1.40217516626457,0.142955396340561,"Female",1
0.946070874334912,0.715597207187117,-0.441832046766873,-1.65585972692148,-1.68689314114119,0.00776565995356322,0.814112485697127,3.16830064601415,-0.332286245887795,1.90965891056244,-1.18872269420416,-0.460637163557877,0.594078933802745,1.44933839799287,-0.343790807897869,-0.692999912865587,-0.68036958365596,1.40089332253235,0.208874693461519,-0.454697721869437,-0.935355524819693,-0.785710774462842,-1.68175704578787,1.03362791577544,0.920078372218926,1.05725234292288,-1.92265083775494,-1.7658257677659,4.26153518816969,1.78766830308822,0.433437356182259,0.122966570517982,"Female",0
-0.593545596758931,-0.66631232188456,-0.341811481604623,-1.26735394103113,-1.2808615550821,0.794612597561807,-0.391043678430093,-0.155680329617323,-0.34231945344952,1.00513575649152,-0.84384440790996,-0.156177517328382,-0.481403865926618,0.759177512684817,-0.343790807897869,-0.692999912865587,-0.68036958365596,1.21301323972953,0.594294686126457,0.00573040700962118,-1.05040072237084,-0.96394311382974,0.231886720487186,1.09365014080028,0.174843553599235,1.05725234292288,-0.754707973323737,-0.508068293452839,2.23411402775534,1.15882899647014,0.381440531442462,0.483865737663259,"Female",0
1.17434710920949,1.06107458945504,2.50000993681972,0.708321194599527,2.76663001931008,-0.0710206936183215,-0.792762399805834,-0.386496178512558,0.687649575342389,-0.559604467099776,0.669540118568531,1.27734641569679,-0.481403865926618,3.40793752286291,6.31242095386371,-0.692999912865587,-0.68036958365596,-0.0348943806136775,-0.361373236488054,-1.77591054850594,1.3122277176093,1.11308543581115,1.97097548375673,-0.174563496658194,0.920078372218926,-1.65914805560331,0.979600884520934,0.537969764581236,-0.72308406426599,-0.904290273306858,-0.315263759736875,0.277363018251005,"Male",0
-1.02543634391176,-1.01178970415248,-0.288518442449574,-0.411457309485527,-1.73909754262734,-0.625416410954429,0.814112485697127,0.0434260635744717,0.283387854490788,1.05153186337226,0.0910310743836,-0.755486892689727,-0.481403865926618,-0.690900182020652,-0.343790807897869,-0.692999912865587,-0.68036958365596,1.4316572713036,0.0835439344117656,-1.09177261767783,-0.44726852343444,-0.512010785519256,-0.848450216245689,0.873598050180332,-0.570391265020455,0.669195143133427,0.114920892464277,-1.72212140952021,-0.335195577441034,0.851926891295387,-0.103901903652724,-0.159615186316285,"Female",1
0.653266276791599,0.715597207187117,1.01335437119519,-0.108295938977211,0.381585324703463,0.212850137677739,1.21583120707287,-0.0957222455187268,0.0344082320543327,0.513293021905846,-1.81515289538152,-0.199044212677467,-0.481403865926618,-0.0177210596505089,1.02270108404561,-0.0451222982504106,1.18864884276973,-0.332545404723977,-0.702186853114981,-0.0861995943652313,0.314350278640854,-0.0471349308458826,0.0132694793432986,0.188962351573633,1.29269578152877,-0.494976456234944,0.728587709727276,0.539737661499014,-0.341594669352952,-0.772862647190305,-0.62505456205685,-0.116899339352965,"Male",0
-0.454788667009751,1.06107458945504,-0.374829793367932,-0.774203046644613,-0.574965945322448,-0.685554251479024,0.814112485697127,-0.26931607212043,0.596009936548305,0.289228950585002,1.44834555377159,-0.755486892689727,-0.481403865926618,-0.183748656670298,-0.343790807897869,0.283180451539037,-0.68036958365596,0.922282617295347,0.740032815863064,-0.937174052864229,-0.122000893152366,0.202163357791338,-0.655777834244214,-0.0412061342935014,0.174843553599235,-0.106919256445487,-0.546145104833256,0.0168427180518994,-0.203397937823629,0.223770670021075,2.78321299565489,1.23049558646532,"Female",0
-1.60544885033848,-2.39369923322416,-1.2050849539245,-1.28727234327455,-0.221741314200242,1.72620008880449,-2.80135600668453,-0.819779179156796,-0.805149343601246,-0.869933361633806,-0.0598492659685034,0.287126067023969,-0.481403865926618,-0.690900182020652,-0.343790807897869,-0.0860320960805029,-0.68036958365596,1.06269620905682,2.09514297439848,0.0726573757501622,-1.02726671672637,-0.492654270837266,0.561715128818937,-0.53005327518653,-0.570391265020455,-0.106919256445487,-0.47731548245578,1.0447866255647,2.39763601167155,0.436776131843754,0.114872769378698,-1.73985172368446,"Male",1
0.0605544569069568,0.0246424426512784,0.741383369595225,0.0126793980719291,-0.41161633636296,0.289895840363361,0.814112485697127,-0.433393503880988,0.283387854490788,0.835215491624054,0.0910310743836,-0.755486892689727,-0.481403865926618,-0.690900182020652,-0.343790807897869,3.5376021155048,-0.171845483352261,-0.914654875935245,-0.830822660980535,0.328800681812171,0.523516686166251,-0.795486116058132,0.948755418680908,0.29585103198334,-0.570391265020455,-0.106919256445487,0.377529889893003,0.421477676197383,-0.760623933380408,-0.689942236691754,-0.441222657383459,0.506752026311497,"Female",1
1.04758650681082,-1.01178970415248,1.49164820159512,0.232241963763747,-0.772167624026818,-0.685554251479024,-0.792762399805834,0.103380970159205,1.27575729260101,1.23468884468786,0.732389508295022,-0.755486892689727,-0.481403865926618,-0.690900182020652,-0.343790807897869,-0.692999912865587,-0.68036958365596,-0.946352566972085,-1.62510032040186,-0.655168146645789,1.58730830941484,0.876189569697951,-0.474248462715437,0.163045900940909,-0.570391265020455,0.669195143133427,-0.081860698017423,-0.479400457838425,-0.788845616443416,-0.73539315013283,-0.500758373601956,-0.33301614923669,"Male",1
0.840222590988208,-0.66631232188456,0.443411423592871,1.22008258540676,-0.211684647493493,-0.685554251479024,-0.792762399805834,0.277510728804942,-0.528828362547113,1.20926600566307,-0.685560470342003,-0.755486892689727,-0.481403865926618,0.250256014062218,-0.343790807897869,0.665674200091812,-0.68036958365596,0.948566070286308,-0.335726136942696,-0.160397384382965,-0.719360920057833,0.336552384869342,-0.343676128543356,1.53322208943931,0.174843553599235,-0.106919256445487,-0.19988874137287,-1.33015269108404,-0.170268451316943,1.29481272378042,0.00398653442507501,-0.0389429186449077,"Female",0
-0.648032260999092,0.370119824919198,0.297068924702534,-1.09673115162519,0.158432845104408,-0.685554251479024,0.412393764321387,-0.845886807564177,-0.422887116846515,-0.737182488850131,-0.183684742224675,0.259230068101859,-0.481403865926618,-0.690900182020652,-0.343790807897869,0.882274420998073,-0.112319250875251,-0.0460006533511123,-0.939985526431711,1.3674506320042,-0.963779534219395,-0.359608509912534,0.238790023024281,1.25754057549238,-0.570391265020455,-0.106919256445487,2.28639765017993,-0.634161748689829,0.286074192411791,0.0853228899149962,-0.0693270035240202,-0.740550705017427,"Female",1
1.76169753849883,0.0246424426512784,4.48370222017652,0.757282881722441,-0.420674843719277,-0.399169680825493,0.0106750429456468,0.785192208417441,1.02827750680068,2.82449545630684,1.42435359852116,-0.755486892689727,-0.481403865926618,1.7258959758218,-0.343790807897869,1.05147055315381,-0.68036958365596,0.164362444487311,-2.24869579740202,-0.936876249674326,0.570600923811184,1.32030497988527,-1.19513670767538,2.13738262158703,2.03793060014846,1.05725234292288,0.281840531877883,-0.55399726329095,-1.05763794859605,-0.171531231448897,-0.951407864955156,1.50885849421678,"Male",0
0.225041385375876,0.0246424426512784,0.191118909945864,2.46605241471528,-1.17830289012023,-0.685554251479024,0.0106750429456468,-0.19789869269386,0.283387854490788,1.4509806511772,0.0910310743836,-0.0519497998742233,-0.481403865926618,-0.690900182020652,-0.343790807897869,-0.692999912865587,-0.68036958365596,-0.21356503300997,-1.26771943259524,1.19773299247686,-0.490781724467636,0.597918054138325,-0.755285542317818,1.42719073792126,-0.570391265020455,1.44530954271234,-0.426092052290615,-0.990322476753008,-1.01563765857342,0.979268088580876,-0.554494610640579,-0.0674031992208652,"Female",1
0.0692986351803371,0.0246424426512784,0.0244892126382712,-0.540073300022625,-0.867229823002565,-0.360511708478322,0.0106750429456468,0.420080474883176,0.283387854490788,0.764574012372108,0.0910310743836,0.357908965206373,1.54918659447985,-0.690900182020652,-0.343790807897869,-0.692999912865587,-0.68036958365596,0.0204285086437868,-1.15045684231655,0.226881241543773,-0.162989441878476,-0.00105147413239281,-1.26410327243749,0.756112801830252,-0.570391265020455,0.669195143133427,0.610714866479316,-1.65587117270986,0.0967774485600123,0.444032336315794,-0.85884695427167,-0.443573864224826,"Female",1
0.141141026084325,-0.66631232188456,0.679775084352157,-0.718587484721343,1.49160726729994,-0.685554251479024,-1.19448112118157,-0.745851597503468,0.283387854490788,-0.636667586168838,0.0910310743836,-0.755486892689727,-0.481403865926618,0.210391202810093,-0.343790807897869,-0.25929178595469,0.883599564607709,0.136752077381917,1.20386499786455,-2.40235587526266,1.56643355051656,-0.0792038114661466,1.96906529981807,-1.46061119823006,0.920078372218926,-0.106919256445487,0.0396451514037481,1.00340081616435,-0.432853396068898,-1.19143146383026,-0.981246624494762,-1.27510901844411,"Male",0
-2.23979426922208,0.0246424426512784,-0.967950013455696,-0.931810643864564,-1.32793624454923,0.230026110030039,0.412393764321387,-0.119067165158357,0.0279971165559687,-0.0632718882578735,-1.26075611939127,-0.113369704802573,-0.481403865926618,-0.173015291054414,-0.343790807897869,-0.692999912865587,-0.141172601111733,0.205325366176459,0.231359730782398,0.87772367303606,-0.725509134436702,-0.448699182916578,-0.958512924944342,0.0424624280079094,0.174843553599235,-0.106919256445487,0.43608882134241,0.200550098335167,0.388667248591965,-0.130215696420355,0.27697069576408,0.319656616612158,"Male",0
0.0903158120031605,-1.01178970415248,-0.780720115166615,0.80871490401487,-0.311898443315224,-0.341102320958376,-1.99791856393305,0.224363316889091,-0.292809188974025,-0.258811364652278,-0.431983866236722,-0.479542944279841,-0.481403865926618,-0.690900182020652,-0.343790807897869,-0.692999912865587,-0.68036958365596,-0.452372622035814,-0.222927883853584,-0.115510268843433,0.700152988751105,0.459057996321148,0.490953632070388,-0.416202159339188,-0.570391265020455,-0.106919256445487,-0.508887125000569,-1.01062395864598,-0.902015167576906,0.458809684419022,-0.538724739842046,-0.488801529886818,"Male",1
0.547032473167267,0.715597207187117,-0.490897980902312,-0.369613701777599,-0.79281019449374,-0.685554251479024,2.01926864982435,0.23935322599919,-0.717447294465867,0.24751444178842,-0.323589420806517,-0.755486892689727,1.26689281799361,-0.690900182020652,-0.343790807897869,0.42313048008519,0.124592736256041,-1.13334679736632,-0.61147499963746,0.727476620612032,0.569167626748351,-1.16649991036645,-0.487120048264157,-0.618862583599592,-0.570391265020455,-0.106919256445487,-0.609071270825524,-0.26081915309803,-0.546978962726906,-0.453269892945659,-0.108176976774051,-0.562364600541866,"Female",1
0.339056285154548,-0.66631232188456,0.104596093435315,0.0149470774110751,-0.837661961207857,-0.685554251479024,0.0106750429456468,0.236916032353368,-0.497300561146383,0.829486938440233,-0.607771572306371,-0.00773489940153977,-0.481403865926618,-0.690900182020652,-0.343790807897869,0.612934539514923,-0.366419399734643,0.00861248161378033,-0.816858139319441,-0.748299673368703,0.531470059452498,-0.0679329655800142,-1.06913698261812,0.173969413275244,-0.570391265020455,0.669195143133427,-0.212324228380744,-1.30320827774813,-0.759142020981745,0.127139611329519,0.0290715799043077,0.544549078776009,"Female",1
-2.58066609762356,-1.01178970415248,0.365000512208612,-1.24810067635096,-0.494989005876771,4.29066870485642,-1.19448112118157,-1.93149926515271,-0.444805995267329,-1.49466576963484,0.0579846256718722,-0.755486892689727,-0.481403865926618,-0.690900182020652,-0.343790807897869,-0.692999912865587,-0.68036958365596,-0.955761586529766,-1.28608383250958,-0.563282147939835,1.53210601759645,0.985544483392554,1.54863216820984,-0.0953950948546254,-1.68824349294999,1.44530954271234,3.10591395571204,-0.284758474584779,1.56959675765752,-1.58915271869546,-0.954033725261397,-0.0882914785426682,"Female",0
1.31034450475831,0.370119824919198,1.74972041224256,0.723871186943251,1.21470260637542,0.0167698146474928,-2.39963728530879,0.519535839009222,-0.692021921166742,1.00616921874787,-0.508911964422216,0.17877137144172,-0.481403865926618,3.83012727260381,-0.343790807897869,-0.692999912865587,-0.68036958365596,-0.00980092463445293,-0.229643099331306,0.409761576616815,-0.157176348310454,-1.44122796530611,1.26631392259925,0.696284553138163,2.41054800945831,-0.106919256445487,0.095317658058885,0.58627161837117,1.06080468542316,-0.308721707809259,-0.439150379715488,1.63569756415665,"Male",0
0.653229599074182,-0.66631232188456,1.43528873750341,-0.815770924187955,-0.771732471870807,-0.113895127887673,-0.792762399805834,-0.369272420636682,-0.815629665310695,2.36465357985551,-0.718783953600401,-0.0186311033110135,-0.481403865926618,-0.690900182020652,-0.343790807897869,-0.692999912865587,-0.68036958365596,0.999065914317019,-1.07758600980274,0.721448136335018,-1.35302471455016,-0.467281750916724,-0.516297986725685,2.67721474894476,-0.570391265020455,0.669195143133427,-0.277499166967253,-1.32575454335758,0.867295834245134,1.54570495726199,0.0584251888553152,-1.0584906169248,"Male",1
0.941182507297614,2.44298411852671,-0.998500519623898,-0.557028519215212,1.23802421563226,-0.685554251479024,0.814112485697127,1.9430411606266,0.116560033743045,-0.952332481054031,-0.782627283157521,-0.3826446545617,1.55854415420519,1.56440498831619,3.31865935041702,-0.692999912865587,-0.68036958365596,1.36625609607631,2.42736708731121,-0.359467428843988,-1.01706421420601,-0.794411239787347,0.545780204973566,-0.829078242584527,2.03793060014846,-1.27109085581386,-1.32632227957163,0.278333031125517,-0.22128850515282,1.05887205688496,2.36831837687006,0.393360868917958,"Male",0
0.422640273875304,0.715597207187117,1.74654730881425,-0.197830737999911,1.16744521601829,-0.112785110171962,-1.19448112118157,-0.898992023976982,-0.343806135499867,0.114735263132792,-0.523092111584709,-0.755486892689727,-0.481403865926618,0.326565975906773,-0.343790807897869,1.26544925896492,-0.68036958365596,1.32537598167685,-0.138366107301989,-0.287433120639636,-1.04275519997596,1.22482595900781,1.3862308501365,2.49552824727071,0.174843553599235,-0.106919256445487,0.830464177649013,-0.240085645114669,-0.233756748356467,1.17001253630531,-0.320266868691201,-2.29445299041603,"Female",0
-1.29239468424157,-1.3572670864204,-0.961822002493425,1.1675365834711,-0.67344952970421,-0.457949230049134,-0.792762399805834,-0.520711808917403,-0.888186161763608,-0.253985743432159,-0.167119421802744,2.19014777989947,-0.481403865926618,0.496966861579092,-0.343790807897869,-0.692999912865587,-0.68036958365596,0.249469874016222,0.526464609520893,0.476308309911334,-0.621484767302243,-0.764348620204156,0.923255820695275,-0.0752289044303187,-0.19777385571061,1.05725234292288,-0.439382538084409,0.0842147569109634,-1.12548636500902,0.517375231024583,-1.18443737361772,0.289829812167336,"Female",0
-0.273282752650901,0.0246424426512784,-0.759418567932305,-0.34689407907554,1.162005645378,0.433596292917702,0.0106750429456468,-0.92258381821163,-0.923333382251242,-1.81296777430459,0.130273732228777,0.400324045507175,-0.481403865926618,-0.690900182020652,-0.343790807897869,0.652734446635088,1.2607395535033,0.338747453963974,1.22165368036405,1.032908915295,-1.2353124240142,-0.484766258080502,0.821625994370693,-0.250528189812943,-1.31562608364015,-0.106919256445487,0.645866495014166,0.271904033619374,-0.105219164591679,0.584956214923697,-0.639329950633973,-1.08815966292877,"Male",0
-0.472572092406243,0.0246424426512784,-1.04449007194526,-1.31171525968805,-0.779910008587835,0.0223884071765051,0.814112485697127,-0.0606213255733769,0.163076664386897,0.222387503102503,-3.3112201663185,-0.755486892689727,-0.481403865926618,-0.690900182020652,-0.343790807897869,-0.223401681733749,-0.68036958365596,1.9410832273036,1.65795101836361,0.297740656816911,-1.95614603587047,-0.797811621050762,-0.70034819351312,0.748843802307069,-0.570391265020455,-0.106919256445487,-0.790146633168409,-0.34679029567634,1.84940878590648,1.56980529211646,0.637040335062578,-0.0224067081916832,"Female",1
-1.2785354547441,0.0246424426512784,-0.603435593205897,-0.964274954932515,0.246902281023098,5.81094336019126,-0.792762399805834,-1.06653223379254,0.058532965656873,-1.98049396970866,0.468802364049449,-0.755486892689727,-0.481403865926618,-0.690900182020652,-0.343790807897869,-0.107898017430519,-0.68036958365596,0.124417235138263,0.253902274592587,1.09941687626312,-0.738282392981754,-1.4343832246635,0.988291441337773,0.114421623888237,-0.570391265020455,0.669195143133427,2.30450505807359,-0.886340430131942,1.64646977438404,-0.045069767709362,0.767350567291939,-0.189416940011624,"Female",1
-1.64789934699664,1.75202935399087,-0.410945398093109,-1.35966893231666,-0.477733045022643,0.281580528105032,0.0106750429456468,-0.380631143034444,-0.419361617821539,-0.253749972625316,-0.339414378404659,0.590715531166895,-0.481403865926618,-0.283744423315913,-0.343790807897869,0.0907056209534399,1.01527483732342,0.5833974570412,0.311374508790864,-0.342511129418378,-0.463986761064223,0.76079522262799,-0.544292590064987,0.144652446747167,1.66531319083862,-0.106919256445487,0.844885286332592,0.786234531277901,1.09944847149757,-0.376190930839032,0.656600805465275,-0.24918902297876,"Female",0
0.977348621634479,-1.01178970415248,-0.948110231358383,1.30472207867152,0.659443044749829,-0.607518244131633,-2.80135600668453,0.0536334069921435,0.283387854490788,-0.585250019484131,0.0910310743836,-0.755486892689727,-0.481403865926618,-0.690900182020652,-0.343790807897869,-0.692999912865587,-0.0207693914173867,0.41053767289103,1.26378635132424,0.31810976197746,-0.49464215189313,-0.480714339788853,0.572561349575231,-0.485628569205692,-0.570391265020455,-0.106919256445487,-1.5149274069526,-0.502717345510535,-0.843299046147899,1.25654224242113,-0.886488787988118,-1.22179349112071,"Male",1
1.4284459761451,0.0246424426512784,2.7340455903169,0.671026159486369,0.00508033264492717,-0.34141545907703,0.0106750429456468,-0.187182724326903,-0.737095220978157,2.28773214062657,-0.76419292556323,-0.755486892689727,-0.481403865926618,0.343774705850577,-0.343790807897869,2.29435965896465,0.0377997588448147,0.759234133880047,-1.11909591700946,-0.607573918986257,-0.401253270674899,-0.245651680332618,-0.304863295172118,2.1763295101407,-0.19777385571061,-0.106919256445487,-0.0623972997473906,-0.589196526644683,-0.166501578861915,0.506917021561012,-0.760531163690318,-0.740550705017427,"Male",0
-1.06436114881123,0.0246424426512784,0.285949170795289,-0.571874437725003,-0.981654256078351,0.208312741772907,1.21583120707287,-0.83159375764122,-1.19855050642048,0.855565148557724,-0.281048127350466,3.50276393224623,-0.481403865926618,0.167698453002312,-0.343790807897869,2.61231254906589,-0.68036958365596,0.192389706695675,-0.303491782356218,-0.522443926292744,-0.199788703792998,-0.223618939412409,0.159462599133067,0.492130632136337,-0.19777385571061,1.05725234292288,0.0204302728906328,1.06560325205298,-0.113422919105176,-0.558157659242301,-0.803385084429485,1.5981419162243,"Female",0
-0.17866758590995,-0.320834939616641,1.47171929199512,-0.759269966722264,3.31130537799533,-0.685554251479024,0.412393764321387,-1.33153401547662,3.27032160880274,-2.27293126529006,0.0406250405770078,-0.755486892689727,-0.481403865926618,-0.690900182020652,-0.343790807897869,-0.692999912865587,1.0012843718038,-2.24149945115657,-0.487323349106831,1.21136096898173,1.39104286827305,-0.717544283501959,1.23327568554681,-1.7554295121988,-0.570391265020455,-0.106919256445487,1.37654522383999,0.372540123294715,-0.0515678483150667,-1.60554845517221,-0.240902482812988,-2.75542434793338,"Male",1
0.219524505544914,0.715597207187117,0.0283532155200778,-1.09753022983896,0.193983514465212,-0.653733743628632,0.814112485697127,1.13229432544002,-0.432463726627365,0.414471078215096,-0.540982257228194,-0.755486892689727,2.01954935649489,0.138593414526953,1.34000513353076,0.105317080058526,-0.68036958365596,-2.20558557561287,-0.616001118347167,0.817603482330417,1.6275530470174,0.915823939205139,0.179409920692466,-1.55858023516503,2.03793060014846,-1.65914805560331,-0.237897772283947,2.50923148777632,0.230749703971943,-2.04918224583499,-0.551509795622589,0.284460450431095,"Male",0
-0.466029694979788,0.715597207187117,-1.27526267743351,0.0600489532536244,-0.484696749480332,-0.423558753456907,1.21583120707287,-0.0576507885625212,0.0874915498248767,-0.240160582980242,-1.46869431876527,-0.0987761323505861,0.317060636902742,-0.690900182020652,-0.343790807897869,-0.692999912865587,0.238716182044447,0.164229447988319,0.950159480002779,1.64861140243925,-1.29893964505546,-0.914760738606211,-0.715270295143906,-0.293531323518085,-0.570391265020455,-0.106919256445487,-1.05661394352113,0.496366961699951,0.239217701173649,0.71121273401319,1.43443129143416,0.298868237756676,"Female",1
-0.403855142157936,0.715597207187117,-1.32149057418282,-1.183886503179,0.11729245527191,0.622443779930911,0.814112485697127,-0.21634866365215,0.599946416070541,-1.26558584532107,0.329420272750862,-0.755486892689727,-0.481403865926618,-0.690900182020652,-0.343790807897869,-0.692999912865587,-0.68036958365596,0.809066392457452,1.43479567924749,0.684876175160683,-1.08084004162617,-0.624466026505108,-0.207787732917047,-0.377322676560355,-0.570391265020455,-0.106919256445487,-0.524620671779988,-0.532611134890466,0.55624449687255,1.08244511276942,0.243190041652852,0.636582793884766,"Female",1
2.37915893247169,-2.04822185095624,-0.642278118650734,-0.185187261919116,-1.87842348107315,-0.0300517897609421,-2.80135600668453,4.58878657345113,-4.85159613164551,1.12569836344162,-0.0281532730935529,-0.755486892689727,-0.481403865926618,-0.690900182020652,-0.343790807897869,-0.692999912865587,-0.68036958365596,0.0301435095909481,-0.270571590438111,-1.10808140267867,0.943807082427242,-1.05602926318443,-0.734281877151756,-0.441969030399801,-0.570391265020455,2.60948114208071,-3.44440431616518,-0.871591203660869,-0.410268644180814,0.75086006441171,-0.772054460840751,-4.79428458183643,"Male",1
0.845364967719066,0.715597207187117,0.639747343031383,1.7220986723245,0.111285743183641,-0.613256185848354,1.21583120707287,0.0756204911207339,-0.0149363078681804,0.564125785096315,-1.53809137939342,0.744638552436031,-0.481403865926618,-0.0859542957869227,-0.343790807897869,1.05362688253083,-0.68036958365596,-0.0117426749624562,-0.945150677610433,-0.410782435213185,0.253596008040296,0.964686888137173,-0.301357134699205,0.846521640559608,0.54746096290908,-0.106919256445487,-0.324627897205883,-0.953533882865374,-1.08315780838344,0.589134242019723,0.879069402285551,-0.384178496066306,"Female",0
1.8758987355787,1.75202935399087,-1.19142589861612,-1.04329320496906,1.13907583508809,1.83784018079855,0.814112485697127,1.67232350137646,0.442796208089466,-0.825588297280816,1.18375177998858,0.313294688205682,-0.481403865926618,-0.0443992283045571,2.28088450370822,-0.692999912865587,-0.68036958365596,0.533732198054194,1.13270413771349,0.878895103436204,-1.03221523100315,-1.19835528002062,-0.0598667247827936,-0.591074718213365,0.920078372218926,-1.65914805560331,-1.4500193247599,-1.1918153549992,2.31844906004604,1.64696904104315,-0.00949248589927145,-0.771348303321845,"Female",0
0.451531250455633,1.06107458945504,-0.739297678557991,0.697245344115773,-0.551094176225833,-0.685554251479024,0.814112485697127,0.0268711319667129,-0.696548184626869,0.300218090421628,-0.344499567605204,-0.755486892689727,-0.481403865926618,-0.123149344476476,-0.343790807897869,-0.692999912865587,-0.68036958365596,0.829463432841521,0.637661623945992,-0.525475998433596,-0.251772387702014,-0.529631930301314,-1.23356748445304,-0.184256193564379,-0.19777385571061,-0.106919256445487,-1.37058453103537,-0.908321682575685,-0.923444183471621,0.806947172844221,-0.0763688933402021,0.850835538402233,"Male",0
3.03409903272129,0.715597207187117,-0.151431780484649,0.194568573221905,3.51341254386026,0.719093880774009,0.0106750429456468,0.00417563086301275,0.949348801920159,-2.54427169011848,-0.226467461059386,2.81655574191438,-0.481403865926618,-0.690900182020652,-0.343790807897869,-0.692999912865587,0.819383612824693,-1.84227816302683,0.387590009572888,-0.969230298219849,2.25697458458669,-0.978274401974344,1.0156020469284,-3.4766539406315,-0.570391265020455,-0.106919256445487,-0.180087127035089,0.383212261965215,0.394520219959944,-1.77041507577198,-0.253828419061496,0.540692236687794,"Male",1
-0.196118097439103,0.0246424426512784,-0.593413965304587,1.11162134678469,0.252353405383229,-0.685554251479024,0.814112485697127,-0.283472000923926,-0.424070156999514,-0.589242613664367,-0.230145566892725,0.26092976150353,1.37231774365718,-0.690900182020652,1.32026213254253,-0.298521666780799,-0.111367742780129,-0.257205714404033,0.213121793327923,1.65532093862645,-0.958244474879203,-1.49679337002033,-0.449227566518978,-0.209966482815534,-0.570391265020455,-0.8830336560244,0.393612407962229,0.265338630806012,-0.988244939397092,-0.0998830347737739,0.171194889689272,-0.761167279088979,"Male",1
-1.13756626539792,0.370119824919198,-0.886535010671213,0.438125302474265,1.95296678782539,-0.412428225763157,0.412393764321387,-1.42915393459791,3.04687160275498,-2.98603604452826,-0.021349800158991,-0.755486892689727,-0.481403865926618,-0.690900182020652,-0.343790807897869,-0.692999912865587,-0.0320984023527828,-0.154429148353052,2.21226425804196,-0.794283081073375,0.843014895341146,1.14639376503634,1.51603273480223,-2.75222519107578,-0.570391265020455,0.28113794334397,0.544769104682684,0.965646848480533,-0.707821054754378,-0.664510718495562,-0.961264825843848,-0.752660440273047,"Male",1
-1.62059333097003,2.44298411852671,-0.874456883640911,-0.108265414434559,-0.710763237964528,-0.494366033477917,1.61754992844861,1.80067129924233,0.283387854490788,-0.22395959918519,0.0910310743836,-0.345209176291236,-0.481403865926618,-0.194550058325831,0.66375443088804,-0.215305160507339,0.353182441707735,0.827745744215841,1.07428168589183,1.23567050826677,-1.65127699483769,-1.05392790582086,-0.785503243889942,0.211135161863246,3.155782828078,-0.8830336560244,0.400546010626042,0.733970298599294,-0.64983928227197,0.223622948605015,1.37595492972254,-0.194211492121287,"Female",0
0.125891596654932,-0.66631232188456,-0.795194175004559,-0.894793921353524,-1.19002856666134,1.2566752647227,-0.792762399805834,1.01342084378178,0.860214449491753,0.699325652255155,0.986173796244802,-0.755486892689727,-0.481403865926618,-0.690900182020652,-0.343790807897869,-0.692999912865587,-0.0308588781055502,0.175249339544273,-0.11908415535288,-0.336290349989374,0.197050274773776,-0.893601972974672,-1.53620349260907,-0.35340611506678,-0.570391265020455,-0.106919256445487,-1.11748343407507,-1.47224734143579,1.65655544021501,0.466386949167695,-0.0439307686385636,0.26337588361317,"Female",1
-0.324305521169441,0.370119824919198,-1.2055795634456,-0.135607739295288,1.2768340711211,-0.685554251479024,-0.792762399805834,-0.568481116732694,0.283387854490788,-2.02450296309313,0.0910310743836,-0.755486892689727,-0.481403865926618,-0.690900182020652,-0.343790807897869,-0.692999912865587,0.796561281573908,0.644786276037221,2.88630782802754,-0.917509331356985,0.0630517386828089,0.153352149400427,1.53315924873014,-2.06477510540658,-0.570391265020455,-0.106919256445487,-0.755646875955262,1.49658147160082,-0.639308929760158,-0.0850829652206996,1.16323195415149,-1.35913173437567,"Male",1
0.523781853347745,-0.66631232188456,-0.778318888649722,0.889105546474548,1.82173067426977,-0.286937889623433,0.412393764321387,-0.125890554417825,-1.05741351966702,-2.35864582449413,0.217665588320438,-0.113369704802573,-0.481403865926618,-0.690900182020652,2.80998571731771,-0.692999912865587,-0.141172601111733,-0.514451686361446,0.879457865325364,-0.895821952780426,1.22729668665678,0.427215499635795,0.952679166344804,-2.08227869359369,-0.570391265020455,-0.8830336560244,-0.150054678622792,0.0283164614422492,-0.808677525186826,-0.489660851168667,-0.652252781215106,2.22179328188877,"Female",1
-0.104105408074969,0.370119824919198,0.547987401076333,0.472169752940023,-1.5546723604552,-0.685554251479024,0.412393764321387,-0.248015356337884,0.283387854490788,1.83705278628345,0.0910310743836,-0.755486892689727,3.36621647626035,-0.0528281846763325,-0.343790807897869,-0.692999912865587,-0.68036958365596,0.785802544585014,-0.555314797587226,-0.627015330875386,-0.307892447263741,0.427013970066986,-0.957587408193115,1.45882042922156,-0.19777385571061,-0.106919256445487,-0.579979050483633,-1.18312534590068,-0.844152407467253,0.960756827169682,1.12918759289969,0.365305324820587,"Male",0
0.164624239274819,0.0246424426512784,0.897448811067595,-0.525799162373027,1.39619642635497,-0.685554251479024,-1.59619984255731,-0.866458480616671,-0.600194641031616,-0.804580161336349,-0.111442967820873,-0.755486892689727,1.06207144916615,-0.178974217624111,-0.343790807897869,-0.692999912865587,-0.68036958365596,-0.0821006575587008,-0.0666569428003307,-0.777554658171847,0.754080939030376,0.539103198440785,1.62233894154725,0.0999207432980816,0.54746096290908,-0.106919256445487,0.316175297566222,-0.466919587734907,-0.472909603111936,0.0908137725649712,-1.10284915972396,-0.346665631966187,"Female",0
-0.768210237399276,-2.04822185095624,-0.461384939204606,-0.743950792360743,-0.264791633271966,0.322911074241102,-0.792762399805834,-0.456609861327664,-1.3859893504883,-0.32321483365472,-0.0808348774755459,-0.755486892689727,-0.481403865926618,-0.690900182020652,-0.343790807897869,-0.692999912865587,2.00495926221652,-0.315859001085876,-0.00892329301258229,-1.19813086627187,1.08938647808748,0.913540601224973,0.00345016380503291,-0.64459760931631,-1.68824349294999,-0.106919256445487,-0.30625393459438,-0.00144271014963816,-0.106910076830707,-0.504064132550157,-1.30562687826206,1.14367256996882,"Female",0
1.89469114065931,0.0246424426512784,0.503867464899605,0.312205155425984,0.514697207896797,1.42141794690053,-0.792762399805834,0.81407817934229,0.519999861695103,0.753636455605578,2.32476446699195,-0.3588851001712,5.30511535457809,1.70812541583766,1.6041299870882,-0.692999912865587,0.318730707528943,-0.756098501704157,-0.467823786130425,0.805999401403776,-0.0093447924479673,-0.645704215324552,-0.921573918137912,-0.0160830703891638,0.54746096290908,-1.27109085581386,-0.111946277696261,-0.206152859369959,1.12357243967183,-0.275306134138234,-0.294473884768672,0.311096695906959,"Male",0
-0.122232556974137,0.0246424426512784,1.6112216591951,0.62035269674931,0.441538215250284,0.347574628402736,-0.792762399805834,-0.578704558109879,0.726383903221339,0.523913980438892,1.16775410445026,-0.755486892689727,0.601975283286811,1.46505233764056,-0.343790807897869,-0.692999912865587,-0.68036958365596,-0.0501966475320662,-0.592038956451924,-0.436809593675939,0.503987337851308,1.01895159121756,0.365249199456435,0.744666461101095,0.54746096290908,-0.106919256445487,0.880215173738952,0.529734211138056,-0.946361475484634,-0.628404606024425,-0.344441067489169,-0.599104003526517,"Female",0
2.51227400230508,0.370119824919198,0.671715920909521,0.314358268345436,0.708117444916007,-0.685554251479024,0.0106750429456468,1.16406315877404,0.754027962424491,0.489792271528802,1.08824309417576,1.45335616392682,0.669580846420263,1.98133737940032,-0.343790807897869,0.0418004394358753,-0.68036958365596,-0.697839957119554,-0.26406630030349,-0.42891739060175,0.903693794734796,-1.76068224693602,0.180365036653369,-0.937964549180419,1.29269578152877,-0.106919256445487,-0.591719749579412,0.0877364903948298,-0.713211329335597,-0.848216529499827,0.405585353300802,0.340444995467639,"Male",0
-0.522356944763542,-0.66631232188456,-0.763474745358409,-1.5318713529863,-0.104700124743272,2.61352063808896,1.21583120707287,-0.0544936990239212,0.283387854490788,-0.156890947073634,0.0910310743836,0.320400948716964,0.826718830198102,0.176832481034476,-0.343790807897869,0.142118927250072,-0.0780750818778268,0.559611061211333,1.0325193396536,0.542825429863267,-0.996221483482093,-0.710706203104337,-0.368308923500642,-0.0672246556492393,0.174843553599235,-0.106919256445487,-0.446408307104638,0.61254970999087,3.55454650357867,0.314739430027984,0.454979368948316,1.33828718053078,"Female",0
-0.106455462679401,0.370119824919198,-0.228006918888849,-0.274608251493224,-1.41929698433445,-0.2097863357159,1.21583120707287,0.253864305463121,-0.548014572398405,0.749404709412085,-0.543533637459614,1.63349240870151,0.244758733103227,-0.690900182020652,-0.343790807897869,0.234179271829751,1.994387101406,-1.15733686536868,-1.66190332366989,1.57204234692239,-0.314053723557222,-1.21101677833849,-0.816409665963226,0.607020144590944,-0.570391265020455,1.05725234292288,0.4225465502595,-0.836532756881696,-0.0616665615042973,-0.181721854557314,0.563792763899072,0.846925498492112,"Female",1
-1.47093355853508,0.0246424426512784,-0.956809151473472,-0.525799162373027,-0.987440559672977,0.0791986205254049,0.0106750429456468,-0.418318782373239,-0.371422118935116,-0.272554984966629,-0.364484178881466,-0.755486892689727,-0.481403865926618,-0.690900182020652,-0.343790807897869,-0.692999912865587,-0.68036958365596,0.885500391433493,0.552092947132962,0.537450384361966,-1.05265133208439,-0.636823129784872,-1.03216683942592,0.3472600527958,-0.570391265020455,1.05725234292288,0.0608708892961431,-0.615413909004704,-0.288190260686779,0.678607963743044,0.316530772277882,-0.632516610177914,"Male",1
-1.06649050285722,-1.3572670864204,-1.17882568480451,0.659455466920161,-0.119341293313155,0.23624608531203,-1.19448112118157,-1.25306625956985,-3.0954316083869,-1.57543228180616,0.0892724143655254,-0.755486892689727,-0.481403865926618,-0.690900182020652,-0.343790807897869,-0.692999912865587,3.3959596043785,-2.82756935568814,-1.43814106380028,0.0884958695477246,2.52548052099786,1.15680090580883,1.0575217039241,-2.05007209132941,-1.68824349294999,1.44530954271234,-0.253709529142953,-0.246273165375603,-0.654100704047736,-1.04147113700987,-0.842144618766064,-0.349605072809854,"Female",0
-0.488698859587188,-2.04822185095624,-0.291083348077356,1.34914718923951,-0.381680571649479,-0.685554251479024,-0.792762399805834,-0.986872301709717,-2.37291675468978,0.285975370481008,-0.0684372537020632,3.06086997871513,-0.481403865926618,-0.690900182020652,-0.343790807897869,0.788154256396159,2.52429172769187,-1.87682767213614,-1.08684741834462,1.67665578277886,0.148346200432312,-1.29058832286148,-0.858574578391759,-1.03024699227238,-0.570391265020455,1.44530954271234,-0.101160881207621,1.68287355547556,-0.91105754069201,-1.61430089618144,-1.14378442071514,1.4138812854598,"Male",1
2.21525249872076,0.0246424426512784,0.790864455063875,-1.34488367099828,-1.34485000529676,2.03133095169461,0.814112485697127,2.5251832445542,-0.103878267698564,2.46613911036556,-2.26593153407732,-0.755486892689727,0.465683683000632,1.19382852900539,-0.343790807897869,0.213945579737549,-0.244305271713906,0.244921104343249,-1.03937851145242,-0.584199285856637,0.218094482637732,-0.565307019912714,-1.10354341960333,0.95156050076506,1.29269578152877,-0.106919256445487,-1.16714295033459,-1.5669845714181,0.935053302534122,0.740942778759119,-0.489842391005623,0.152188813344899,"Female",0
-0.658779680141794,-1.3572670864204,-1.23695167113783,-0.955009045372407,-1.21079272493952,-0.234060208969121,0.814112485697127,-0.33115418513482,-0.807962101219057,0.0325793019595605,-0.245011993303986,-0.232833367665302,-0.481403865926618,-0.690900182020652,-0.343790807897869,-0.692999912865587,-0.68036958365596,0.225330513978137,0.463469295246622,0.814137250405042,-0.639101797220176,-0.737475432567907,-0.0987939576335446,-0.013191745801484,-0.570391265020455,1.44530954271234,-0.99375695029853,-0.507267206769616,-0.0703201683673156,0.938895834422856,-0.375907095810911,-0.67773689840374,"Female",1
-2.13329098027138,-0.66631232188456,1.22260792199516,-1.19900594116521,-1.01651093551183,-0.685554251479024,-1.19448112118157,-1.50350494601527,0.283387854490788,0.0535365977080482,0.0910310743836,-0.755486892689727,1.4299463947323,-0.690900182020652,-0.343790807897869,1.747450998146,-0.68036958365596,0.0283146061311198,-1.11319204678757,-1.2748828702153,0.808780734169689,1.66540272843125,-0.227987687385706,0.834880196729573,-0.570391265020455,1.44530954271234,2.11236012871494,0.28188619036898,1.15790665516181,-1.19634916327344,-0.79980444173363,-0.158476097063929,"Male",1
-1.8342646371592,0.0246424426512784,-1.11971451226214,-1.25259526478346,-0.498700123039392,0.85839782777431,1.61754992844861,-1.14593327126074,-0.120197843416243,-0.9411621860651,-0.276318068769737,-0.417247905759212,0.1354700476305,-0.690900182020652,-0.343790807897869,0.0946372540662314,0.171705915515112,0.148196475392596,0.821584219197278,0.0439644522038527,-0.171808605651205,0.210347778212977,-0.106375103830613,-0.686367535671907,-0.570391265020455,0.669195143133427,-0.102387314253152,0.376774815681646,1.65926980761805,0.0265622502130322,1.41501180434923,-0.198958729571973,"Female",1
-1.44512481031398,-1.01178970415248,-0.463117887865475,-0.813313050747966,-0.771932186206031,2.39628568047912,-1.19448112118157,-1.07117390404452,0.283387854490788,0.0325967626458602,0.0910310743836,1.19407372595564,-0.481403865926618,-0.101260155559104,-0.343790807897869,2.71187015334095,0.54744041273996,1.51860650611412,1.20647412887548,-0.142599262298123,-1.71034456825397,-1.25074154284405,-0.58877455823023,0.61453920684877,0.174843553599235,1.44530954271234,0.372902775055736,0.343139391528787,1.12895376180432,0.495042659595921,-0.394897786223665,-1.19748338877159,"Female",0
-0.506600294747918,1.40655197172296,-0.250197986727024,-0.857659894635189,-0.416895030214011,-0.134932183635835,0.814112485697127,-0.49008841412743,0.283387854490788,0.289448696322338,0.0910310743836,0.628323238560834,-0.481403865926618,-0.690900182020652,-0.343790807897869,-0.155933748868757,-0.68036958365596,2.3657574982288,1.29492054632885,-0.990616651993821,-1.58672525143744,0.147679510663751,-0.184696495215022,1.35321462661509,-0.570391265020455,-0.106919256445487,0.0686015054847344,-0.437800111833357,-0.190370315186513,1.35016185161828,3.53115139973617,0.152579645810691,"Female",1
0.205926318666468,0.0246424426512784,-0.912899297329542,-1.2964189453492,-0.170743031330487,3.63644000160723,0.412393764321387,-0.201678484578187,0.620932256376665,-0.622085810758314,0.742352139691333,-0.189705314551402,-0.481403865926618,-0.690900182020652,-0.343790807897869,-0.692999912865587,-0.68036958365596,0.168372800456878,0.71358100012066,-0.709785698324151,0.482622544099812,-0.540218034980875,-0.100099374251436,-1.08286052892426,-0.570391265020455,0.669195143133427,-0.8522619264648,-0.47651220053959,2.88591250632779,0.0764197626874268,0.351527660258819,-0.463372320277666,"Female",1
0.658085526384807,-0.66631232188456,0.32248550506195,-1.32973444374805,-0.346233514055201,1.71696608332481,-0.391043678430093,0.432551758072799,-0.258784716574307,0.903495325049117,-0.945821081816087,-0.755486892689727,-0.481403865926618,-0.690900182020652,-0.343790807897869,-0.692999912865587,-0.68036958365596,1.99123513424908,0.690269783431821,-1.57029293050589,-0.662395174390227,-0.627810937077405,-0.308644526692312,1.00582387107554,-0.570391265020455,-0.106919256445487,-0.0444371720754511,-1.02972175030156,1.90178502853419,0.816122202254571,-0.0554696410669678,1.5571122211148,"Female",1
-0.180298729176062,1.06107458945504,-0.878495747775248,-1.12722348744666,-1.44737642237139,1.04959932365708,0.412393764321387,2.52225547843399,0.540959089654504,1.09217209070161,2.43790510060977,-0.323753884825362,0.305982687557202,0.353712885136425,-0.343790807897869,-0.190324325005149,-0.68036958365596,0.210964871937292,-0.312849033634258,1.54587906888795,-1.20070338062321,-0.945466917374372,-1.39162710766918,0.875435420430881,1.29269578152877,-0.106919256445487,-1.01361463259613,-1.28710842139261,0.498863966560306,1.39902349541835,-0.192988911277794,-0.697540266006085,"Female",0
-0.582975859762066,-1.01178970415248,0.439401774715267,1.55235873060238,-0.426113525608481,-0.685554251479024,-1.19448112118157,-0.77061853583956,0.853671992837681,0.557270564914139,0.940552243598491,0.00922733863147005,0.913267590811274,-0.690900182020652,-0.343790807897869,-0.247813688078044,-0.359297656432086,1.19517229992389,0.214207795274644,-0.066043989851163,-1.11932404942544,0.369652330794646,0.801559251592045,1.7308399416889,-0.570391265020455,-0.106919256445487,0.8259958396259,0.0505026469129264,-0.957377097640565,0.741909168323899,-0.40297971496546,-0.234323236653805,"Male",1
0.668635154372439,2.09750673625879,-0.74900758045862,-0.735494982776215,-0.800361352255676,0.212610179240464,0.412393764321387,0.925054193216882,-0.215257284658808,0.795908407457716,-0.987918441802399,-0.27787906698853,-0.481403865926618,1.62032164543198,-0.343790807897869,0.419177243746536,-0.68036958365596,2.37263631372962,1.75037320976079,-0.126308354802198,-2.16658356834537,-1.11596136452065,-0.00449637689587531,1.39290685031511,0.54746096290908,1.05725234292288,-1.55282176727375,-0.764120944663656,0.239474947065992,2.31880532373428,1.31289410357756,-0.586773655949478,"Female",0
1.02550711882364,-0.66631232188456,0.168528836594301,-1.18912867330116,0.531194189335236,1.95244346031326,-0.792762399805834,-0.57481544500451,0.0915402810818842,-0.579626623335034,-1.1045878040439,1.17392723307617,-0.481403865926618,-0.690900182020652,-0.343790807897869,-0.692999912865587,0.939793050697956,-1.48053656350081,-1.02217952277082,0.0769494954019085,1.2879604070301,-0.960502693305359,-0.0273547886205908,-1.39712035249853,-0.570391265020455,0.669195143133427,0.135243349935285,-0.188902113544437,0.0938060458998186,-1.09465428031634,-1.02993790396595,0.555665858912631,"Female",1
-1.24950140531133,1.40655197172296,0.477447874860717,0.336021981465524,1.14607020570182,-0.591687550517007,-1.19448112118157,-1.27434026396577,0.283387854490788,-0.629964475360509,0.0910310743836,0.022462777250488,0.228001134664095,0.250256014062218,-0.343790807897869,-0.692999912865587,-0.68036958365596,0.629527930207359,1.4545203254756,-0.563282147939835,-0.12265178939525,0.898366440307345,2.23643319469699,-0.0925919671708154,-0.19777385571061,-0.106919256445487,1.59413751762994,2.51529447108284,-0.237148874267367,-1.07030302422363,-0.261631939949391,-0.866859842367191,"Male",0
1.04593709853886,0.0246424426512784,0.286626366752571,-0.844630816354466,0.234592185931776,0.367931847710751,-0.792762399805834,-0.165229329115153,0.468184368540102,0.354651135398306,2.46664738836989,-0.755486892689727,-0.481403865926618,-0.690900182020652,-0.343790807897869,-0.692999912865587,-0.68036958365596,-0.655272371424516,-1.14701498476626,1.08006540216826,0.0833852796591971,0.00373706514713438,-0.409782121923587,0.442955664646701,-0.570391265020455,-0.106919256445487,0.225952101116311,-0.998868219226716,0.630033859680315,0.286020919647432,-0.896389491961958,-0.341087738774831,"Male",1
0.928162336704788,0.715597207187117,1.9710973311023,-0.689593847544659,-0.0735624624244136,-0.0407977317563206,0.0106750429456468,0.177041902390712,0.283387854490788,1.72476233694652,0.0910310743836,-0.755486892689727,-0.481403865926618,-0.0167938156803008,-0.343790807897869,0.60454010318189,-0.68036958365596,1.00156331504322,-0.934681293101929,-1.16606779968945,-0.0617436803643002,1.03017864523334,0.726585367587813,2.18309982942314,1.29269578152877,-0.106919256445487,0.575422193561193,-1.15301920978491,-0.234878749832804,0.832214326787895,1.32275375587965,0.324742185688392,"Female",0
0.380867343021315,1.75202935399087,-0.344795489459168,-0.445538130328386,0.337108426370842,-0.685554251479024,0.0106750429456468,0.0256942872589844,0.283387854490788,0.0976710230407951,0.0910310743836,-0.755486892689727,1.13653736349082,0.382348111758071,-0.343790807897869,-0.176544840688804,-0.68036958365596,2.60084780627413,2.35047007859723,-1.42088480252873,-1.47475170319579,0.182135656181703,-0.0215977042522177,0.696070465553219,0.920078372218926,-0.106919256445487,-0.721179266192764,0.157977310268591,-0.462327404632266,1.33235424359001,2.22690129632802,-1.11817446771334,"Male",0
0.672488658929069,0.715597207187117,0.448701932528599,1.97161994276745,0.230447364353059,-0.685554251479024,-1.19448112118157,-0.170743392827837,0.283387854490788,0.00975604523793491,0.0910310743836,1.01361148210144,0.594078933802745,0.0225126779838566,-0.343790807897869,-0.0064007498550444,-0.185188681319419,-1.64624646434414,-1.46956721007935,0.32575284051154,1.3024181675838,0.704816311393087,-0.177320122615659,-0.722535664323837,-0.19777385571061,-0.106919256445487,0.584670847112321,0.471202956309751,-0.434740886560204,-1.35399870744944,-0.863722937048688,0.207399370792555,"Male",0
-0.170948153615293,0.715597207187117,-0.634229905158427,-0.496876210179915,-0.452837490167803,-0.685554251479024,0.0106750429456468,-0.637075720424977,0.811724648160674,0.0315024818159568,0.784715442721427,-0.755486892689727,-0.481403865926618,-0.690900182020652,-0.343790807897869,-0.692999912865587,-0.68036958365596,1.42969346507087,1.19272421407117,-1.51314628400814,-0.149712430217997,0.368201571296528,-0.295883452813117,-0.082056919868788,-0.570391265020455,1.05725234292288,-1.1620963452601,-0.895850366289152,-0.438941584511097,1.07252221856813,-1.14413871168611,-0.955948365447722,"Female",1
0.973828468106096,-0.320834939616641,2.29227048291675,-1.32020680606298,-1.2501454856261,3.81299205442938,0.412393764321387,0.157527000703274,-0.319112049731337,2.10429157675048,-1.28918831626224,-0.755486892689727,0.0448309419295511,0.00724706757007147,-0.343790807897869,-0.692999912865587,-0.68036958365596,-1.25689316367743,-2.24472646598361,-0.0419394296519464,1.43948155154198,-0.34961946553128,-0.139119013867493,0.458700473993561,0.174843553599235,-0.106919256445487,0.679849527574655,0.0684352808774635,0.633162851184612,-1.43018749372496,-0.911704364685455,0.899923539447788,"Female",0
1.7412494299517,0.0246424426512784,1.44816694428603,1.33481066007175,0.474390813409812,-0.685554251479024,0.0106750429456468,-0.0351032805951764,0.283387854490788,0.777688794388402,0.0910310743836,-0.0580147748122978,-0.481403865926618,-0.690900182020652,-0.343790807897869,0.119081166143427,-0.68036958365596,-1.35620945890472,-1.11713135329769,-1.84757380801384,2.71469471212194,0.733696803368623,-0.0528149979393383,-1.44369951076751,-0.570391265020455,-0.106919256445487,-0.663861049735664,0.51701880060639,-1.14828384663363,-1.75071070739327,-1.10789609706842,-0.577859044409306,"Male",1
0.703092281794873,1.06107458945504,1.17278564799516,0.988451976535909,0.797100773878957,-0.522883603810015,0.412393764321387,0.714938308091769,0.385135007673081,0.0154275962017677,3.65763862306779,-0.755486892689727,0.140671345383948,0.547045573366604,0.493847982526153,0.895556666646157,-0.68036958365596,-1.08117286913334,-0.919260363731656,0.147220268136099,1.01939451340123,0.238495462883113,1.38749723693345,-0.0347425968597299,2.78316541876815,-1.27109085581386,1.11613389381469,0.5216158372601,-1.0234345594344,-1.04447344566998,0.0613401266195832,1.19708309773883,"Male",0
0.207608248303411,1.75202935399087,-0.948444182125699,-0.512161034296121,-0.14358589955398,0.592675548871237,1.21583120707287,2.90636970095623,0.762245488118575,-0.599108885925348,0.560910267003479,-0.755486892689727,-0.481403865926618,0.86275449087806,-0.343790807897869,-0.692999912865587,-0.68036958365596,0.249214210843405,1.15165908183341,-0.415486679121795,0.242253042388387,-0.654796755281846,0.543138003925703,-1.07582237283504,2.03793060014846,-0.106919256445487,-0.751623007534446,0.212852500970375,0.201378184181552,0.0123228994281126,-0.337134723538018,0.808297741577829,"Male",0
0.604865747512308,-0.66631232188456,0.542263761132602,-0.569100616240092,0.949630224624436,-0.685554251479024,0.0106750429456468,-0.341122826542995,-0.580318552175282,-0.407395434244226,-0.219283908223378,-0.755486892689727,1.02735114555465,1.31074080760347,-0.343790807897869,-0.692999912865587,-0.68036958365596,-0.162587010221788,-0.191693284649328,-0.263384287132675,0.474121565692119,0.157897813048057,1.54462946000089,0.297403920028301,0.174843553599235,-0.106919256445487,0.0844405737042631,-0.615635067904981,-0.388068575214253,0.350286510656981,-1.05988455462747,-0.346665631966187,"Female",0
1.04973690494438,-0.320834939616641,-0.347229049262875,0.690459492164062,2.03903176675964,-0.685554251479024,-0.391043678430093,-0.433392088837148,0.283387854490788,-1.34148846235936,0.0910310743836,1.58737311716885,-0.481403865926618,-0.690900182020652,-0.343790807897869,0.216280059769992,3.25431109977497,-2.83320610676536,-0.560370963307928,1.26119299753692,1.46970429755071,0.255931706386285,-0.0390745675133476,-2.82760040139874,-0.570391265020455,-0.106919256445487,-0.295131448173213,2.17691445681298,-1.06338924891458,-1.95390574530181,-1.14508296505565,0.922519603421138,"Male",1
-1.89952791033175,-2.04822185095624,-0.124807799293542,1.54972836022289,-1.73382133780611,0.0728063092852462,0.0106750429456468,-1.51266727204264,-0.867436213246842,0.358415451155158,-0.29117350933954,-0.20435088673754,-0.481403865926618,-0.690900182020652,-0.343790807897869,-0.692999912865587,-0.68036958365596,-0.754680327143353,-1.66242893266141,0.31835608124244,0.671134801172102,1.78088906417658,-1.12917367455187,0.606906778166348,-1.68824349294999,1.8333667425018,0.557806272647387,-0.63299634288307,-1.08501505529056,-0.220862205425755,-0.938554346198025,1.39931728359274,"Female",0
-0.144994510049838,-0.66631232188456,-0.325868353924625,-0.806312784771606,-0.458437242897739,1.73228269748112,-1.99791856393305,-0.096529420153587,0.283387854490788,0.726820009320125,0.0910310743836,-0.755486892689727,-0.481403865926618,-0.690900182020652,-0.343790807897869,-0.692999912865587,-0.68036958365596,0.202328079223594,0.336478086750953,0.449206932652047,-0.318235526702711,-0.15903155834223,0.0556841325585747,0.23257084415121,-0.570391265020455,-0.106919256445487,-0.833449844018679,0.552218778541612,0.204750573522977,0.28485427622004,-0.77389195957555,-0.726213892013646,"Female",1
0.053706168193383,0.370119824919198,-1.19320737214471,-0.0289767408735539,-0.107204567850366,-0.685554251479024,0.412393764321387,-0.331850124547623,0.691063947984714,-0.590561053716959,0.647657194871765,-0.755486892689727,0.515597756525206,-0.690900182020652,-0.343790807897869,-0.0565039320206724,-0.221323503922351,0.00438562870130908,0.740204347227618,1.198280061486,-0.7813236036117,-0.693440050100328,-0.437547049867068,-0.395784318268379,-0.570391265020455,-0.106919256445487,-1.0999323206361,-0.493870655817072,-0.623658287596367,1.01051180889808,0.802086855859708,-0.554549420521008,"Male",1
0.561816436292705,0.0246424426512784,1.82957319046464,1.51816761190865,0.48441035903695,-0.633253523150453,0.0106750429456468,-0.267533157302627,0.283387854490788,0.436633512249308,0.0910310743836,-0.755486892689727,-0.481403865926618,0.778773157207869,1.14786025132573,-0.692999912865587,-0.68036958365596,-1.5948289761629,-1.19095293205244,0.142740801076075,1.6658723063666,-0.496045922514005,-0.282585528951732,-1.0050984151601,0.920078372218926,-0.494976456234944,0.918010504101852,1.40884553553375,-0.9947554779825,-2.43126767029374,-1.29402264982907,-1.21487709580448,"Male",0
0.243448659794549,0.0246424426512784,-0.448098999471274,-0.0731686849676094,-1.38527408057594,-0.685554251479024,0.412393764321387,1.26465398317836,0.782032993640384,0.867173067797526,1.20204756979631,-0.0868359367080552,0.738069192940062,0.118027457587764,-0.343790807897869,1.25331011120563,1.28480288991435,-0.177559463827076,-0.280048615384234,-0.082336149203444,-0.00325805294253518,-0.874520613423326,-1.32044351696651,-0.13424505457157,1.29269578152877,0.669195143133427,-0.974581898669537,-0.506075507571433,0.157082817570311,0.0674842604517558,0.52147305759777,0.289829812167336,"Female",0
1.42592172829691,0.0246424426512784,0.754965750174533,-0.807340696857894,-0.616503371306814,-0.685554251479024,-1.19448112118157,-0.00400847367045428,-0.389147866623399,1.27355024740545,-0.868299463515784,-0.433405819147614,2.45562320658272,-0.690900182020652,-0.343790807897869,-0.692999912865587,0.401458757117506,-0.0985699397944726,-0.745328285987448,-0.689308379710632,0.516665133701506,-0.33678951384563,-1.1748480442859,0.23257084415121,-0.570391265020455,1.05725234292288,-0.50698718539007,-0.962183669196937,-0.221125925108357,-0.0789199596978174,-0.985843131996925,0.457108136507361,"Male",1
-1.74347622746804,-0.66631232188456,-1.89429327103807,-0.574172233780533,-2.13304274492807,-0.685554251479024,-0.792762399805834,0.387250599573788,-1.20902356904175,0.123966715468105,-0.168445419107879,-0.755486892689727,0.822096488515684,-0.690900182020652,-0.343790807897869,0.971335867435587,-0.0802033310007173,0.475420107773463,0.757166556545879,0.431987161954089,-0.805809946054887,-1.23540201877374,-1.28518109360184,-0.17819136449764,-0.570391265020455,1.8333667425018,-2.10960750647745,-1.6180319223055,0.0155861819611693,1.63587013519545,-0.983963405840918,-1.66646254851926,"Male",1
-0.374551007078956,0.370119824919198,0.181166002606962,-0.435771392580579,-0.941010208805268,0.507071521188646,0.412393764321387,0.204411850069713,0.283387854490788,1.17407584792642,0.0910310743836,0.720913940773473,-0.481403865926618,0.0235541566115885,-0.343790807897869,0.338402333467045,-0.184465789491198,0.928305984018521,-0.393842090102263,-0.036558515455104,-0.930490043891963,0.568249422330999,-1.22954746552341,1.45133802381442,0.174843553599235,-0.106919256445487,-0.131139559914732,-0.644095151203303,0.221421165235384,0.927673101584174,0.993004419989968,0.371502332552939,"Female",0
0.900061631231537,-0.320834939616641,-1.32056605789539,-0.727267403379392,-0.765041817317108,0.24555719982507,0.412393764321387,1.77416728833763,-0.528828362547113,0.256006305132555,-0.422221582170422,3.13426145701139,0.228001134664095,0.250256014062218,-0.343790807897869,-0.692999912865587,-0.35374064230705,-0.168067419990015,0.0411678551453646,0.645372142730775,-0.468114970305166,-1.53616113325734,-0.740616024426487,-0.580336184153854,0.54746096290908,-0.106919256445487,-1.71359839740649,-0.7935786684561,-0.188705014355894,0.709165014750849,1.64199279002166,0.10065346262301,"Male",0
0.414238415316613,-2.04822185095624,-0.650185135415105,1.91936398341054,0.676004387674727,-0.685554251479024,-1.99791856393305,-0.332154300356233,-0.315976998195646,-1.13293625251817,-0.0845338742130034,-0.755486892689727,-0.481403865926618,0.929633665539253,-0.343790807897869,0.866626000462992,6.06851980050704,-1.78734444354304,-0.883283219818982,1.70283347577519,0.00380312571205298,-0.70956274926301,0.0473491000170126,-0.887195128613381,-0.19777385571061,-0.106919256445487,0.141689105953822,-0.309714455998015,-1.14417526023911,-0.038035539128199,0.187054253769381,-0.295085443828525,"Female",0
1.40175833776393,-1.01178970415248,0.225198139917878,1.23258308113768,0.593552056197706,-0.685554251479024,-1.19448112118157,-0.0693228808854079,-0.452417777668986,-0.124714832576674,-0.359424349604903,1.71118279248659,9.15859439994031,0.161715187253016,-0.343790807897869,1.35842441564154,-0.0885680174488826,-1.58962133473901,-1.00793036063635,1.33462795773573,-0.000530500229753546,-0.837645516130292,-0.483711544773904,-0.0251801648235664,0.174843553599235,-0.106919256445487,-0.31709428965267,-0.541494821588503,-0.591263393728863,-0.0280353244229383,0.56652203963392,0.617976473691146,"Female",0
-0.22203586462553,-0.66631232188456,-0.634943037999518,-0.160743208162912,-0.346925727117573,1.41700081440916,-0.391043678430093,-0.176782466392199,0.626596397363943,-0.366528634827259,0.898675734159277,-0.755486892689727,-0.481403865926618,-0.134129736101322,-0.343790807897869,-0.692999912865587,0.0925407667487412,0.269076534402574,0.225166301510313,0.292090433112014,-0.34802998209147,-0.469097918747952,-0.364561760152678,-0.116082113381225,0.174843553599235,0.669195143133427,0.0909516931071072,-0.707812285999643,1.73223491921743,0.399582010778401,-0.480027816276762,0.446641051307693,"Female",0
-1.77762304284018,1.75202935399087,-0.330746138030686,-0.907516901824064,-1.29464276644146,-0.620004005307216,1.21583120707287,-0.964656095404474,0.0918448010396765,0.355820656647989,-2.20228114726154,-0.755486892689727,-0.481403865926618,-0.690900182020652,-0.343790807897869,-0.692999912865587,0.0385597264030211,0.731991502179803,-0.0278795230347893,1.34574265762652,-1.53773810427204,0.169593534179214,0.133596841506601,1.60806114918803,-0.570391265020455,1.05725234292288,1.33072890023667,0.249759708876,0.845806544556738,0.539095971042015,1.72326882101595,-0.255147179032279,"Female",1
-0.236939139366382,0.370119824919198,-1.49566156963158,-0.0821461737775802,-0.229682511868335,0.812737089590879,0.0106750429456468,1.75064410265698,-1.22501369143675,-0.885101630502499,-0.0155953577878342,-0.755486892689727,1.82416238599323,-0.690900182020652,-0.343790807897869,-0.692999912865587,-0.68036958365596,0.996421791298151,1.65474525877239,-1.14522680641087,-0.0833946097463949,-1.3020719434915,-1.18717340729501,-1.35259786104366,-0.570391265020455,-0.106919256445487,-1.58745592607035,-0.670613788270529,-0.453883665935135,0.478284667921881,0.00184527225161484,1.72207263632429,"Male",1
-0.16955198366287,1.06107458945504,0.89209678038957,3.14183821848923,3.08860387930211,-0.685554251479024,0.412393764321387,-0.454529151293635,0.283387854490788,-1.34079436033322,0.0910310743836,0.455692234163316,-0.481403865926618,2.23964605727933,4.11776430636672,-0.692999912865587,-0.68036958365596,-0.517290006854877,0.63613000283528,0.537882595035297,0.230145666993975,0.953875014647031,2.4937310613398,-0.653351785498621,2.03793060014846,-3.21137685476114,0.988519371813867,1.46570855855714,-1.02280188961461,-0.549667336325389,0.39593511956081,0.429599280043727,"Male",0
0.390588663156587,-0.66631232188456,1.04605822284646,2.02450332697059,1.61140429179608,-0.566227347040053,0.0106750429456468,-0.548749803920295,0.283387854490788,-0.363577886570283,0.0910310743836,-0.755486892689727,-0.481403865926618,-0.690900182020652,2.61287468449174,0.00790339937433161,0.330624758614481,-1.14645104956546,-0.700281337623115,0.766877071422529,0.640806885299611,0.63975362113747,0.164312428688029,-0.585174916465194,-0.570391265020455,-1.27109085581386,1.38857200878586,1.44001716383242,-1.16469002811763,-1.5261643361972,-0.515997818965549,-0.6115193879834,"Female",1
0.0836903860061375,-1.70274446868832,0.307674949293646,-0.458427512280574,-1.97416571524959,-0.685554251479024,0.814112485697127,0.521759330522988,-0.718040557743257,1.45179075798116,-0.59316846420447,-0.755486892689727,-0.481403865926618,-0.690900182020652,-0.343790807897869,-0.692999912865587,0.72914949934349,-0.481016035403558,-1.97486313054146,-0.302493670284765,0.746283891595822,0.508671075435758,-1.61808378181959,0.627218654573171,-0.570391265020455,1.8333667425018,0.153705645774986,-1.88565152363868,-0.249098971517848,0.133517992741089,-0.893716219176373,-0.0741834923896457,"Female",1
-0.114059574428853,0.370119824919198,-0.108462067379201,-1.16910618540742,-0.86677011731304,2.81208948082268,0.0106750429456468,-0.170253527071303,-0.167361807045719,1.02159694616997,-1.21490869456292,-0.539620388757555,-0.481403865926618,-0.168593648442113,-0.343790807897869,-0.44166211893538,-0.317835860066989,1.73363142736212,0.366927750387971,0.3782633187006,-1.84557692294462,-0.373859589536342,-0.675694958210812,1.89048475139879,0.174843553599235,-0.106919256445487,0.0131159772120412,-0.840440611734347,0.683459537311282,1.52402834259649,1.10740638448826,0.437731321811081,"Female",0
-1.37061677602765,0.715597207187117,-0.120932733537987,-0.0487900388838891,-0.886005168426034,-0.00183479637572598,1.61754992844861,-0.90627637392493,-0.27787783701713,0.156637783681906,-0.611980486882297,0.18528945235425,-0.481403865926618,-0.690900182020652,-0.343790807897869,-0.145317324696715,-0.285376445280535,-0.00187080748377209,-0.606344788238486,0.681808749254005,-0.432327029788072,0.0425799140006203,-0.752154974888205,0.576638470084981,-0.570391265020455,0.669195143133427,0.806643433009519,-0.0927048482017776,-0.416595693827518,-0.102255648296389,-0.283239560185712,0.549394854732998,"Female",1
1.29815297080676,3.47941626533047,-0.426193401276806,0.199926932926981,2.27636889049683,-0.626852538489345,1.21583120707287,0.861528081262502,1.07295463970913,-1.51074181832217,0.116940408130503,0.126811533414764,-0.481403865926618,1.44389249829819,2.90628423717164,-0.692999912865587,-0.68036958365596,1.28385184519807,2.10540227555244,-1.40351631131568,-0.154297271616006,1.22604025054009,1.82553330792812,-0.723946804203384,2.03793060014846,-1.27109085581386,-0.806375262955063,-0.137343372515826,0.143006245695284,1.23868467180775,0.650868785075747,-0.356765249223912,"Female",0
-0.221677603145844,1.75202935399087,-0.315857552823231,0.395385423664701,0.807031307646113,-0.244945285465691,0.814112485697127,0.979652541967833,0.118083575485034,-1.392698828256,-0.192948891306078,0.352824965855246,-0.481403865926618,0.202983328414211,-0.343790807897869,-0.262856510285471,-0.370146662192158,0.0504518540366628,0.271133424518732,1.27555668156681,-0.897613611577562,-0.459992200580427,-0.22994106705173,-0.0473067354570169,2.78316541876815,-0.106919256445487,1.59823346799296,0.398399696879477,0.697206493890075,-0.336340598576449,1.94744366666139,1.48372678925354,"Male",0
-0.680157998109333,-1.01178970415248,-0.774268819924562,-0.693613683670113,-0.497298875454948,-0.685554251479024,-0.792762399805834,-0.896494087090863,-0.973613433782158,-0.179987129431074,-0.162784010860643,0.448482834598705,-0.481403865926618,-0.690900182020652,-0.343790807897869,-0.692999912865587,-0.68036958365596,-1.73895045256922,-1.93976901993654,3.26092560772696,-0.477088039939191,0.784665976706797,0.471468300502359,0.987413084720198,-0.943008674330301,1.44530954271234,0.347396054900308,-1.25882241426643,-0.441716385188222,1.15805433018835,-0.71996729912448,2.73020472128914,"Female",0
-1.12711685779598,0.370119824919198,0.595644425979246,1.85926228301113,3.21732208988137,-0.357803020619983,0.412393764321387,-0.742404297789489,-1.66818287878473,-3.4242477131195,0.300547784566036,-0.755486892689727,-0.481403865926618,-0.690900182020652,5.01167876322295,-0.692999912865587,0.235247933871991,-1.3104131485099,-0.162390456619177,0.547275313508933,1.01404989971486,1.85920476423029,0.393230484096825,-1.73286744261333,-0.570391265020455,-2.04720525539277,2.78008075218637,1.34861959708499,-1.16885180151725,-1.96158525194021,-1.20619121011067,-0.18324522931727,"Male",1
-1.19786872731716,0.0246424426512784,-0.387927966629409,-1.14913990891029,-0.182852871272047,1.26649352054909,0.0106750429456468,-0.633280472608698,0.283387854490788,-0.0345003828025045,0.0910310743836,-0.755486892689727,-0.481403865926618,-0.690900182020652,-0.343790807897869,-0.692999912865587,-0.68036958365596,0.328214131243906,0.801686089180207,0.360439532172919,-0.3798797855706,-0.345650396733947,0.788862701377161,-0.069366052076385,-1.31562608364015,-0.106919256445487,0.127592242413355,1.20934711442226,0.373612547106782,-0.266556962014542,-0.465632136615157,-0.99001125128321,"Female",0
-0.162953502828805,0.370119824919198,-0.694617468329734,-1.29782738983517,-0.443814773681517,-0.685554251479024,0.814112485697127,-0.0249831653662012,-0.69882710564807,-0.0106282139305624,-0.272479861445406,1.12606579739825,-0.481403865926618,-0.690900182020652,-0.343790807897869,-0.692999912865587,0.899602969845758,-0.580591154603726,-0.606344788238486,1.81863087277882,-0.812117418949079,-0.410355448523044,-0.392139720482575,0.478333434103904,-0.570391265020455,-0.106919256445487,-0.210319126599631,-0.52529165714213,0.969963459298731,0.578730059877535,-0.417854092835664,0.0797474876583509,"Female",1
-2.62502589244278,-0.66631232188456,-1.79339016733415,-0.925412706090904,-0.808512244470533,0.892507230434878,1.61754992844861,-1.40918173547161,-0.955182329848536,-1.73305005755984,0.114786992184613,2.21030363787417,-0.481403865926618,-0.690900182020652,-0.343790807897869,-0.692999912865587,1.31197117295911,1.39961676627476,2.56489313134502,-1.60771068455061,-0.484784881194181,-1.12894205006351,-0.318940137964128,-1.7818175397719,-1.31562608364015,1.05725234292288,-1.09427133383761,0.899802790052497,0.0832861799632275,-0.15609545677841,0.199194870410014,1.96193854619524,"Female",0
-0.64860964351077,0.715597207187117,-0.71518546440457,-1.19122696988165,-1.59943390245026,-0.418365748061328,0.814112485697127,2.38404603037072,1.03383638480299,0.837137708746556,0.820279989324358,-0.252335364867697,-0.481403865926618,0.526515793011917,-0.343790807897869,1.65031862357838,-0.68036958365596,0.297950480145205,0.197503858082391,0.328453945637672,-0.530770210262143,-0.705552127580751,-1.31874614641547,0.0748426147785854,1.66531319083862,1.05725234292288,-0.986448761644623,-0.189821662895476,0.603237356764453,0.429116483395145,1.31527962825081,-0.5761774768578,"Male",0
1.83066369259775,-0.66631232188456,0.747635576528557,-1.15779787291411,-0.403707333578348,2.33984172568136,0.0106750429456468,1.42796125468051,-1.59373406933015,1.42107303881389,-0.270311758802026,-0.755486892689727,-0.481403865926618,2.57177463106666,-0.343790807897869,-0.692999912865587,-0.68036958365596,-0.261651941079841,-1.00261911738741,0.00573040700962118,0.449630651708047,-0.0983333098956291,-0.22679938142221,0.749218422140652,0.174843553599235,-0.106919256445487,-0.927466057524007,-0.783642112481509,0.461347831337008,0.395317909142691,-0.986362737192822,-0.463372320277666,"Female",0
-0.712931585759472,1.75202935399087,0.894496922323347,-1.07657137605494,0.789048528345928,0.133823825668579,1.21583120707287,-1.00615747573918,-0.557951653197877,-0.801251802441095,-0.122496663250014,-0.352564752880061,0.253437967354586,-0.690900182020652,-0.343790807897869,-0.692999912865587,-0.68036958365596,-0.893084770990146,-1.10434212180356,-1.28665558795164,1.91284079555315,3.37057211453553,1.35438846589693,-0.104251191481168,-0.570391265020455,-0.106919256445487,1.12240152920689,0.577072237951386,0.901145833246163,-0.969793457243377,-0.995370912916657,-0.918736809492987,"Male",1
-0.873754371747214,-0.66631232188456,-1.45469553454829,-1.2913155764972,-0.470590095218924,0.609750014191438,-0.792762399805834,0.130534447205459,-0.0488591820571268,-0.608697017240849,-0.579716508170113,0.581078619542376,-0.481403865926618,-0.421406117063019,-0.343790807897869,0.863190701094448,-0.68036958365596,0.778084456226498,1.08073944455567,0.426280134746593,-1.08474668729175,-1.14388127516516,-0.809249905102312,-0.32607891979412,-0.19777385571061,-0.106919256445487,-0.928464934112169,-0.699422140256336,2.1885651497331,0.992661372713826,0.731722692806505,0.202921873808297,"Female",0
-0.237332488355436,0.0246424426512784,1.09091553288166,1.02830178571531,1.05098823699417,-0.658241648907438,0.0106750429456468,-1.27747163720672,-0.977365676433721,-0.261299331619486,-0.14755752860623,-0.151705059303299,-0.481403865926618,-0.690900182020652,-0.343790807897869,-0.692999912865587,-0.68036958365596,-0.58519788373503,0.8434739091985,-2.47414520560592,2.45918158977954,-0.0757240985988418,2.17274507707395,-1.94407872119101,-0.570391265020455,-0.106919256445487,-0.246747636197571,1.86927002592881,-1.13312991317054,-2.14074062786896,-1.30205249846896,0.641595564833543,"Male",1
-0.539830991137091,-1.3572670864204,-0.365183605952264,1.59882867547355,-0.69084865964325,0.678497113945887,-1.19448112118157,0.188576170231703,-0.495860176615688,0.268437826409731,-0.447515630975554,-0.755486892689727,-0.481403865926618,1.11500838610886,-0.343790807897869,-0.692999912865587,-0.68036958365596,1.37367556247269,0.53436354497647,0.441699771486158,-1.46602957977021,-1.06176340993853,-0.594509918838507,1.12946826652469,-0.19777385571061,1.05725234292288,0.209725187689116,-0.919967260501918,-1.02494625050456,1.06582330590128,-0.0942654336642196,-0.328306581951087,"Male",0
0.626118912666293,-1.3572670864204,-0.188358877684645,2.08026690759253,-0.0936243414360619,-0.597763743213209,-0.391043678430093,-0.845201711209196,0.283387854490788,-0.153517873788166,0.0910310743836,-0.755486892689727,0.97092133213311,-0.690900182020652,-0.343790807897869,1.16135845652509,-0.0116804123904737,-1.64719857651352,-0.215164574512954,-0.489966285455294,1.90413148242843,-0.827626609273188,-0.00377680824972976,-2.09733591414047,-1.68824349294999,0.669195143133427,-0.438268214763991,0.902755741662929,-1.23565485254117,-1.81876860026991,-1.19979009347768,1.01560189680389,"Female",0
0.391873161389263,0.0246424426512784,-0.161279006404648,0.695645273735476,-0.210750971676671,-0.348337281100588,0.0106750429456468,-0.0577122048270376,0.673912526575587,0.392314155197627,1.23681341331054,0.55368407290547,-0.481403865926618,-0.690900182020652,-0.343790807897869,-0.692999912865587,-0.68036958365596,-0.931693984399048,-0.3059954215474,-0.277018108821396,1.20187782920376,0.102311681064826,-0.162227066104871,-1.16962801049798,-0.570391265020455,-0.106919256445487,-0.533728579213197,0.761444105858845,-0.188312648551176,-1.05572379322961,-0.295281687854616,0.292283683368061,"Male",1
-1.00702188315325,1.75202935399087,1.97950790860305,4.73298931547066,3.3257022777167,-0.685554251479024,0.412393764321387,-1.28254093326822,0.7612972551807,-1.92430723257842,-0.0603298203330791,2.44874145082644,0.979549006577025,1.24732247921934,1.62341633159302,-0.692999912865587,-0.68036958365596,-2.43860816344297,-0.0992344859666481,-1.36993811017691,3.23434236101291,2.46421452551327,4.29875210919871,-2.42507173749564,1.29269578152877,-2.82331965497168,2.35793087542321,3.08905679230876,-1.21761451897219,-3.22912626238292,-1.20825714722107,0.564099278326619,"Male",0
1.87055152671975,0.0246424426512784,-1.22174949009681,-1.0300382275676,0.442717849051063,-0.685554251479024,0.814112485697127,2.42370488620992,-0.192949475802115,-0.486729581245708,-0.434269766596573,5.63188934471421,0.489360871723836,-0.690900182020652,2.27052394326768,-0.0732538262534375,1.55446001504714,-1.74310834311662,-0.561366619048051,-0.318252818057293,1.31870655392268,-0.821573080287947,-0.338453235176472,-2.15908720228316,-0.570391265020455,-1.65914805560331,-1.69294348981928,-0.15816206271249,0.248733227360918,-0.958863986473062,-0.47955030177802,-0.503460103194573,"Male",1
-0.644784973158343,-0.66631232188456,-1.31832805200449,-0.117891891254264,-0.354821364632483,0.0237581138129304,-0.391043678430093,-0.205299318618799,0.763770512429491,-1.15431296334147,0.300095760330711,2.46532384273157,0.106001548575221,-0.690900182020652,-0.343790807897869,0.807022462374009,-0.68036958365596,-1.23450828568067,-0.589289372065637,1.23815163560744,0.152598550461175,-0.259256788572869,-0.599664437194101,-0.97902307064742,-0.570391265020455,1.05725234292288,0.0500751084085728,-0.591936201353881,-0.268197830573164,-0.153524763395852,-0.971074706910406,0.249093246130874,"Female",1
1.79674817928913,-1.3572670864204,-0.507470542654599,-0.55045179710321,0.370753953849508,0.208312741772907,-0.391043678430093,-0.537155727296458,0.283387854490788,-0.464021610227508,0.0910310743836,0.236017588606632,-0.481403865926618,-0.690900182020652,-0.343790807897869,-0.692999912865587,6.8128826002309,-2.77291999898756,-1.11630315487018,-0.471996711316929,2.4563139889483,-0.50249671099722,-0.314489371493126,-2.77199728987829,-1.31562608364015,1.05725234292288,-1.25519830549217,0.796854790771152,-0.130216980891359,-1.99779939598993,-1.04638979826421,-1.55609479857865,"Female",0
-0.308078440532044,-1.3572670864204,-0.683817285062639,-0.922572949160125,0.0721564194242541,-0.685554251479024,-1.59619984255731,-0.990884106708091,-0.870580541300766,-0.428246962694812,-0.1371748864905,0.902438633412389,-0.481403865926618,-0.690900182020652,-0.343790807897869,-0.692999912865587,0.247756369903791,-0.421205878675608,0.216485347366656,3.13826748299068,-1.81409993199244,-0.999418925466382,1.55154919401339,0.983288263733483,-0.570391265020455,0.28113794334397,0.0942139240374243,0.453051870454526,0.417631488742868,1.10833599423444,-0.134862635002244,-0.339631969947416,"Female",1
1.78615411211086,0.0246424426512784,0.0015789607337903,-0.620917142590162,-0.229207282967085,-0.685554251479024,-0.792762399805834,1.26620855064062,0.889171607875336,1.10042069770423,1.0919460437705,0.462988493963623,-0.481403865926618,1.76593326156918,-0.343790807897869,1.19859456836026,0.342805413340628,-0.113741246739625,-0.741568312158006,0.399614234751195,-0.300239288015608,-0.87920721434824,-0.692393406553133,0.487216419282918,0.54746096290908,-0.106919256445487,-0.645693459347966,-1.30968099142554,-0.336929695935926,0.791394512357875,-0.291011159985419,-0.94419196727521,"Female",0
-1.2090032404786,-0.66631232188456,-0.595452149240951,0.410726947995435,-1.57941925317669,-0.648309793426861,0.412393764321387,-0.795210353395714,-0.262639854442257,0.568146538001517,-0.800697938364114,0.159748013122291,2.85697260744148,-0.690900182020652,-0.343790807897869,-0.692999912865587,-0.296100240892536,-0.108013181857508,-0.405008120782415,-0.278892903076163,0.239437961718888,0.837778650015011,-1.83220073810509,-0.149973639757055,-0.570391265020455,1.05725234292288,-0.331802436887781,-0.114970345720767,-0.347283821992681,-0.222306341465874,-0.902574786444364,0.88329624709004,"Male",1
2.08305678886878,-1.70274446868832,0.392214396816751,-0.858768258671681,0.653375404974412,-0.685554251479024,-0.792762399805834,0.408501097641282,-0.506055945246988,-0.308030431484564,-0.276716585639217,-0.755486892689727,-0.481403865926618,-0.690900182020652,-0.343790807897869,-0.692999912865587,-0.68036958365596,-1.52889926234546,-1.20002859777082,-0.672056850457785,2.17260910670972,0.0573955566999921,-0.385410463390884,-1.44642404608635,-0.570391265020455,-0.106919256445487,-0.325638245508581,-0.329717947959985,-0.208737346175594,-1.30944601396396,-1.11494770300406,0.707467408364426,"Male",1
-1.24012450350668,-0.66631232188456,-0.969330780428064,0.498776165297736,-0.476143374902264,-0.685554251479024,-0.792762399805834,-0.884685328919494,0.0344082320543327,-0.660383738495762,-0.757458697306155,-0.755486892689727,-0.481403865926618,-0.690900182020652,1.02270108404561,-0.0451222982504106,-0.68036958365596,1.53867691893027,0.713109705895215,0.55417967217786,-1.75229453500557,0.354712811695744,-0.128689768152735,1.29371083020555,-1.68824349294999,-0.8830336560244,0.969189580776483,-1.50716553348697,-0.968657135766343,1.70828583122935,-0.731615826974548,-1.79596070844959,"Female",0
0.969811141383724,0.715597207187117,0.477202416150101,1.19103385690879,1.70635736489181,-0.685554251479024,0.814112485697127,-0.253008215691292,0.3687288188997,-0.96009212668247,1.77849086052922,1.53324763839325,0.0403650171103998,-0.690900182020652,2.46650510566056,0.306307779832926,-0.68036958365596,-0.27041232829257,-0.210117018292414,-0.204402556577217,0.32848927596686,-0.166590377178977,0.357425278789119,-0.499850339767214,-0.570391265020455,-0.8830336560244,0.551851398980144,-0.186549263790501,-1.07239100367272,-0.329880178078089,0.718515941405322,0.644702558808705,"Male",1
1.71056152247159,0.0246424426512784,-0.802493717474325,0.592174876956934,1.9578778682802,0.458160981206172,0.0106750429456468,1.3208802872205,0.283387854490788,-1.19346917969487,0.0910310743836,-0.125371895230373,-0.481403865926618,0.0714070172987941,2.75103662338844,-0.692999912865587,-0.68036958365596,1.12756535074805,1.52452750391252,-1.05639413268788,-0.223619787893985,0.133237537184873,0.0968529615138561,-0.8538376142378,0.920078372218926,-2.04720525539277,-0.961371849750228,-1.00336072403182,-0.719802973041033,1.13166499750511,0.00572200362486218,-0.445961617718635,"Female",0
1.15121614087752,0.370119824919198,-0.427990550145151,-0.524568134372838,-0.0318909862191975,-0.0217542902455231,0.814112485697127,0.233483127618681,0.673155695815731,0.166473147486107,1.10902959198456,0.289820157359143,0.471801819621611,-0.374749521837793,-0.343790807897869,0.524072505287469,-0.0220476863635846,0.0538578185351866,0.115304948550286,-0.0881025301702059,-0.196013009865667,-0.926198500286102,-0.765488873199523,-0.313568244632555,-0.19777385571061,-0.106919256445487,-0.918426390327482,-0.687511710494764,1.27126446882971,0.424373299358113,1.38717669131952,1.53394251093531,"Male",0
1.61395004110084,0.0246424426512784,0.480121384600667,0.546630101305073,-0.757873634008189,-0.685554251479024,-1.19448112118157,0.159732373993325,-1.0447644500995,0.474560106124207,-0.259764723952807,-0.119427414122251,2.99869613697125,-0.690900182020652,-0.343790807897869,-0.692999912865587,-0.68036958365596,-1.19862080832051,-1.1638854984884,-2.4957776175795,2.9215326269476,-0.218783730726086,-0.858574578391759,-1.76135205546498,-0.570391265020455,0.669195143133427,-0.834567842435182,-1.09561247364604,-0.567117372270837,-1.46696813919286,-0.586910057071074,-0.213340272187675,"Male",1
-0.21877546560952,0.715597207187117,-0.749401006641087,-0.208422877056717,0.0350670881362782,-0.685554251479024,0.0106750429456468,-0.553662717079949,0.641678007917754,-0.194433775545022,0.972451936124202,-0.755486892689727,-0.481403865926618,-0.690900182020652,-0.343790807897869,1.54456315518778,0.933379105193775,1.93379525298617,2.04280171395747,-0.883973741206532,-1.39768022561039,-0.236604709692707,-0.545210339339126,0.207469201947016,-0.570391265020455,-0.106919256445487,-1.18798812096022,-0.00613611030813324,-0.451679072169257,1.32771728627386,1.47781935129072,0.292928700940823,"Male",1
0.229162553999852,-0.66631232188456,0.869126592440567,2.01101695248441,-0.295529061643989,-0.566803805515603,0.0106750429456468,-0.341150549759136,-0.176490665609065,0.437937803109473,-0.904216758885467,-0.138819471395663,-0.481403865926618,0.0551382660938079,-0.343790807897869,1.46099563206689,0.355283157206443,-1.13802118001053,-1.00793036063635,0.259956637214313,0.835223394036794,-0.455925164874506,-0.966920172384246,-0.540682182773118,0.54746096290908,1.05725234292288,0.958981117243652,1.11932953416463,-1.20690676933828,-1.88751781520064,-1.11981329218948,0.855996791083594,"Female",0
-1.29019239709316,-1.3572670864204,0.216197987195299,1.05957916781987,-0.295723687514453,-0.471803448744866,0.0106750429456468,-0.880638423663959,0.283387854490788,-0.179548127142362,0.0910310743836,3.21053103249573,-0.481403865926618,-0.690900182020652,-0.343790807897869,-0.692999912865587,-0.68036958365596,-0.98380415462325,-1.47656947083671,1.81013920425576,-0.425624846449936,0.690899158397236,-0.314489371493126,0.646994035051832,-0.570391265020455,0.669195143133427,2.17455777789555,0.796854790771152,-0.948640297296765,-1.07913632300236,-0.209033364131322,0.850835538402233,"Male",1
-0.299470318592004,-1.3572670864204,0.82136318575296,1.26397114498429,-0.387735178118611,-0.578678850111945,0.412393764321387,-0.659928469293089,-0.825730929279456,-0.175460643878928,-0.197541733369063,-0.0118585317174728,2.23102701868493,-0.690900182020652,-0.343790807897869,4.5019305190304,1.81738114430632,-2.46795707097091,-1.41652508484229,-1.81275156171588,3.11675830539373,0.63122936492751,-0.314489371493126,-2.02085525637092,-0.570391265020455,-0.106919256445487,0.138140103384093,1.16728375247099,-1.18935865449851,-2.77292136382319,-1.23723177212401,1.68209498467914,"Female",1
-2.0960446740166,-2.39369923322416,0.251073578995294,0.403299520818594,1.25632040385697,1.10217973502484,-0.792762399805834,-1.69941489813948,3.63539128988531,-0.133189485454413,0.18934425930099,-0.755486892689727,-0.481403865926618,-0.690900182020652,-0.343790807897869,-0.692999912865587,-0.68036958365596,-2.98978252557717,-0.675977657577753,4.09227511982844,0.268175243553345,0.929578332276125,5.33476960422921,0.23257084415121,-1.31562608364015,1.44530954271234,0.98367024894148,1.67068721324257,-0.741422886607306,0.0309148901909562,-1.33537907296619,-2.93817932688267,"Female",0
-0.665335342024808,1.06107458945504,-1.54711193421245,2.12920798163529,-1.55078058865183,-0.685554251479024,0.412393764321387,1.67958517286321,-0.646289523584733,0.293068388256908,-0.366318931437645,-0.755486892689727,-0.481403865926618,-0.690900182020652,-0.343790807897869,0.758485528814651,-0.68036958365596,1.19676692841552,0.980716957532846,-0.4090533632603,-0.795673489926854,-1.92758422837888,-0.7190565000353,-0.0442434135612995,-0.570391265020455,1.05725234292288,-1.76516974161993,-2.13391136442475,-0.885373524486697,1.7534671314387,0.362387345253894,-0.89338226498263,"Female",1
0.470603454189843,-1.3572670864204,-1.00283808310607,-0.927148145163551,-0.271322790061686,6.37725396280736,-0.792762399805834,-0.614816375928471,-0.110965490849745,0.0541043851084007,-0.851195719372736,-0.755486892689727,-0.481403865926618,-0.690900182020652,-0.343790807897869,1.35931828245134,-0.68036958365596,1.49204302394149,1.72579778219912,1.32835495541264,-2.3469174033821,-1.64285276397414,0.41626054576449,0.900252651713322,-1.31562608364015,-0.106919256445487,-1.19168430394795,-0.317598153830083,1.26980477284347,2.04686996702479,-0.0166383143123779,-0.956430023901278,"Male",0
0.883365800111512,-1.70274446868832,-0.481313848804603,0.288208892273426,3.89611007744844,0.543512864242381,-1.59619984255731,-0.65034166555865,-7.83877431588826,-4.49996744259363,0.171090030488798,-0.755486892689727,-0.481403865926618,-0.690900182020652,-0.343790807897869,-0.692999912865587,-0.68036958365596,-1.25279709625844,0.842067588332499,-0.384222253025669,1.69888134631159,-1.25525410553833,0.152498741310557,-3.42551078322158,-1.68824349294999,-0.106919256445487,1.48201087644226,-0.167575642056841,-0.646126701736373,-1.97129949965375,-1.23946820150518,1.08243021000177,"Male",0
-1.54053476231383,-0.66631232188456,0.460327129795264,0.818510223879379,-1.5985665055429,-0.685554251479024,0.0106750429456468,-0.348121075579332,1.49495536125989,1.10740606801882,0.592782210401852,-0.755486892689727,-0.481403865926618,0.291833195415285,-0.343790807897869,1.19859456836026,-0.68036958365596,0.918968556086212,0.34067748841615,-1.47008747921197,0.191657902765215,0.391831277874288,0.0329385317072063,0.529657348471534,0.174843553599235,2.60948114208071,0.232406742724192,0.791361868262165,-0.576593076277777,-0.502204844936368,-0.674392925875204,-0.4159102680962,"Female",0
0.0105378140277511,-0.66631232188456,0.729206692382324,-1.19566748971856,-0.458512343498495,0.532237019144019,-1.59619984255731,-0.394997873225516,0.283387854490788,0.682267247167232,0.0910310743836,-0.42977527564552,-0.481403865926618,-0.690900182020652,-0.343790807897869,0.0654655071428255,-0.68036958365596,-0.665581968866754,-1.03102272258825,0.0627066312206333,0.728388235250058,0.165113152171271,0.0789913531840521,0.215553466747078,-0.570391265020455,-0.106919256445487,0.479010084497757,0.219806032894624,1.44383312913439,-0.742404145886744,-0.478141955374367,0.338576377143552,"Female",1
-1.35312868181615,-0.66631232188456,1.07857625715881,-0.222793498467121,0.882534964038803,-0.685554251479024,-1.59619984255731,-1.24640945204077,-5.66523796043471,-1.82286809552855,0.0993651568437945,-0.755486892689727,-0.481403865926618,-0.690900182020652,-0.343790807897869,-0.692999912865587,-0.68036958365596,-0.834902067704327,-0.63763945806958,-1.64520742847753,2.17217917419073,0.986726866866846,2.52854741385042,-0.511639815564693,-1.68824349294999,-0.106919256445487,3.11653304023443,1.07939215700808,-0.575066902344634,-2.51697342139311,-1.04400427359096,2.11042696659154,"Male",0
-0.807124150627178,0.715597207187117,-1.56713124299002,-0.286103849148979,-0.0214474544218354,-0.447670293597462,1.61754992844861,0.890357834119429,-0.153197252868842,-1.18011264303792,-0.125747354523174,-0.46277066376867,-0.481403865926618,-0.690900182020652,0.375051164202621,-0.692999912865587,-0.68036958365596,1.46248988175068,1.88452582621717,0.268789230597622,-1.45578243305394,-0.873122982447364,-0.637359951655154,-0.302700788090186,-0.570391265020455,-2.04720525539277,-1.09884907737826,-0.730551280848813,1.18716939918153,1.52446251283271,2.00035219054276,0.194926343479266,"Male",1
-1.34668818766013,-1.70274446868832,-1.01310106813084,-0.195731066558744,-0.581217735985289,0.0932605545226581,-1.19448112118157,-0.680693123788637,-1.00820979951444,-0.260548253062929,-0.141990367197766,1.71872612485715,-0.481403865926618,-0.690900182020652,-0.343790807897869,-0.692999912865587,-0.160959646342713,0.426299659325263,0.947240606002333,-0.428028955145344,-0.172977812969561,0.59455160196906,1.4817011449559,-0.122920608593818,-0.570391265020455,0.669195143133427,-1.11884714621376,0.278201960839969,-0.47215219393549,0.938340494395802,0.105202999643812,-0.252475723193066,"Male",1
-0.238355856967213,0.0246424426512784,-0.412830868542794,-1.39079896301694,-0.503029074663241,-0.685554251479024,-0.792762399805834,-0.554829362900545,-0.459209829658153,-0.0590771423633579,-0.375136723493511,-0.133127156737563,-0.481403865926618,-0.690900182020652,-0.343790807897869,-0.692999912865587,0.364843028660558,0.316870552929987,0.672465291892871,-0.957213916750998,0.404964705085351,-1.3301626462634,-0.403217112925828,-1.03556412000469,-0.570391265020455,-0.106919256445487,-0.19988874137287,0.440541583588156,1.01925413500854,-0.854063870120402,-0.469201260278012,0.719706151172531,"Female",1
-0.493805535687013,-0.320834939616641,0.362138925189124,-1.30867357879078,-2.0996641262243,-0.685554251479024,0.412393764321387,0.436688853393397,-1.34731651948493,1.31305783783773,-0.310052408694804,-0.755486892689727,0.942884166147396,0.253889821769098,-0.343790807897869,-0.692999912865587,-0.0245894697508137,-0.206992536694629,-1.31706932580134,-0.536319461060868,0.650002260712856,-0.120057108063862,-1.43372825575137,0.599791393617203,-0.19777385571061,1.8333667425018,-0.0700123230087664,-1.50383141269398,0.415936515768275,-0.054507770070758,-0.892032319407022,-0.0326221277766861,"Male",0
0.634513045558235,-0.66631232188456,0.14504241734833,-0.218267583784101,-0.722040029453281,-0.350700052768549,-1.59619984255731,0.744214035107777,-0.324838575318702,0.664105891069945,-0.744907076414132,0.0601055032153411,-0.481403865926618,1.28249184202408,-0.343790807897869,1.20622196546197,0.00449755143046893,-0.388306652173548,-0.632074235560327,0.619379577340009,-0.119612523874047,-1.45913823856019,-1.10394407428726,0.104734658248398,0.174843553599235,1.05725234292288,0.0759066260645574,-0.272149880337822,0.116343842291736,-0.43088617069258,-0.501307965846068,0.639600837932329,"Male",0
1.53032626946461,0.715597207187117,-1.61070972572499,-0.214988430504328,0.202178792095293,-0.178320203720985,2.01926864982435,1.42494885076893,-0.819360011983648,-0.781575318299881,-0.0758830934783639,1.35696129722628,-0.481403865926618,-0.0519951925127038,-0.343790807897869,-0.692999912865587,-0.68036958365596,0.470675258371704,1.01550770871245,-0.86109194705295,0.166313852552661,-0.331121325052846,-0.619616721960808,-1.28499710686216,0.174843553599235,-0.106919256445487,-2.47755262763949,-1.2113031795446,-0.437099058135547,1.16924957266794,0.0847737163174588,1.92840890287995,"Female",0
1.17864073466122,-0.320834939616641,0.899535785886112,0.26752934930416,-0.258544600510471,-0.194803745379925,1.21583120707287,0.136556851188925,0.46932333010589,0.854722262736246,3.05555044650166,-0.755486892689727,-0.481403865926618,0.817269993520482,-0.343790807897869,0.0327428079745201,-0.156958028952007,-1.18053422015427,-1.01989907134755,-0.4090533632603,1.54451413142118,0.173086713371846,0.235067132595953,-0.53273916246573,0.174843553599235,-0.106919256445487,-0.237897772283947,0.338132283737851,-0.946765143786916,-1.0619733187497,-1.12413234341915,0.12691498055701,"Female",0
-1.53921835244516,-0.320834939616641,1.02137943546364,0.665827942926493,2.18245675110833,0.881951635238129,0.412393764321387,-1.6862131458484,-0.0902100516212906,0.271324168012169,-1.03399954611667,0.496939820526716,-0.481403865926618,0.824273879784585,-0.343790807897869,-0.692999912865587,1.42299945041753,-0.975243791731556,1.68366137097496,-2.06949185221781,2.30463299761155,1.99735358383958,5.83623564056591,-2.09038019958122,0.920078372218926,-0.106919256445487,1.27199038753036,2.62050506375499,-0.751522210547433,-1.65330074361959,-1.25899162556242,-1.03403370062423,"Female",0
-0.0567455856165857,0.715597207187117,-0.555168043204592,-0.559243961449945,0.794506119998383,-0.490205835735225,0.814112485697127,-0.19672823500106,0.283387854490788,-1.45677084986509,0.0910310743836,1.41011176024878,0.30851176642278,-0.690900182020652,-0.343790807897869,0.315580442220556,-0.316671404852036,-0.637265267112547,-0.145564152176639,0.0298777180820329,0.487709088537086,-0.20861978384441,0.046251445838627,-1.01202985229016,-0.570391265020455,-0.106919256445487,0.746104762437496,-0.11204157119242,1.12082988335335,-0.657426695011543,0.420512340973713,0.813107083129127,"Male",1
0.935535396710419,0.0246424426512784,-0.659529791591181,-1.01196939237306,0.464550321590266,-0.685554251479024,-0.792762399805834,0.439877298099243,0.283387854490788,-0.0161006434399315,0.0910310743836,-0.0432794483782702,-0.481403865926618,-0.690900182020652,-0.343790807897869,-0.692999912865587,-0.0823165924537357,0.362614331324407,0.268100505311065,0.690767609047042,-0.760498020985647,-0.984897576513004,0.43902225770507,0.344202443108597,-0.570391265020455,-0.106919256445487,-0.424931647981938,-1.41769234970526,1.79736938532253,1.3186066447865,0.326032365313485,-1.0734960556112,"Male",1
0.244367738381403,0.370119824919198,1.21173760766789,0.286905314746026,-0.907078438973336,1.28095313367522,1.21583120707287,-0.192778631844699,0.283387854490788,0.790579392096726,0.0910310743836,-0.755486892689727,-0.481403865926618,-0.690900182020652,-0.343790807897869,-0.00237377529194727,-0.68036958365596,0.134691354583439,-0.66799521721095,-2.42687032110807,1.71822212690105,0.298933359651842,-0.470266197978225,-0.356250375764775,-0.570391265020455,1.05725234292288,0.273607925226111,-0.463923953674421,-0.325472056821553,-1.11786295547801,-1.07788037483321,0.338576377143552,"Female",1
